Date,Open,High,Low,Close,Volume,Dividends,Stock Splits
2006-08-14 00:00:00-04:00,18.442257561990576,18.836442999074542,18.442257561990576,18.489185333251953,2613620,0.0,0.0
2006-08-15 00:00:00-04:00,19.08984889783687,19.230629770919958,18.967839869702964,19.19308853149414,1040629,0.0,0.0
2006-08-16 00:00:00-04:00,19.493423000744908,19.840681953376066,19.39018335594791,19.812524795532227,1622818,0.0,0.0
2006-08-17 00:00:00-04:00,19.89699414906104,20.216097174384764,19.868838215985964,20.03777503967285,1363892,0.0,0.0
2006-08-18 00:00:00-04:00,19.868834782787474,20.112854052509707,19.709283297695016,20.065927505493164,804154,0.0,0.0
2006-08-21 00:00:00-04:00,20.00961515815102,20.00961515815102,19.746824050833357,19.878219604492188,1122147,0.0,0.0
2006-08-22 00:00:00-04:00,19.559119019740162,20.019002900831403,19.559119019740162,19.76559829711914,1496880,0.0,0.0
2006-08-23 00:00:00-04:00,19.71867104664842,19.915763793737987,19.559119541816607,19.709285736083984,1377855,0.0,0.0
2006-08-24 00:00:00-04:00,19.73743753705879,19.74682284565904,19.362022742576627,19.634199142456055,902235,0.0,0.0
2006-08-25 00:00:00-04:00,19.521584984338364,19.718677798918453,19.502814356781858,19.587282180786133,527022,0.0,0.0
2006-08-28 00:00:00-04:00,19.56850365803685,20.037772833326475,19.56850365803685,19.962690353393555,1639381,0.0,0.0
2006-08-29 00:00:00-04:00,20.216097618276095,20.507043491676704,20.019004857186502,20.4788875579834,2055250,0.0,0.0
2006-08-30 00:00:00-04:00,20.3944206021108,20.67598117594904,20.2817956374336,20.647825241088867,1241308,0.0,0.0
2006-08-31 00:00:00-04:00,20.65720933943128,20.713521205844213,20.460116581749578,20.70413589477539,1758064,0.0,0.0
2006-09-01 00:00:00-04:00,20.53519942537001,20.600897829224174,20.32872257828577,20.4788875579834,845494,0.0,0.0
2006-09-05 00:00:00-04:00,20.31933588895996,20.62905236381723,20.244252178967006,20.619667053222656,839950,0.0,0.0
2006-09-06 00:00:00-04:00,20.929387886500226,20.96692913449854,20.66659670003892,20.760452270507812,4321856,0.0,0.0
2006-09-07 00:00:00-04:00,20.741677725156542,21.314186617478047,20.69475116848641,21.201562881469727,4117344,0.0,0.0
2006-09-08 00:00:00-04:00,21.126473083923955,21.239099244515526,21.013849373804756,21.117090225219727,1245484,0.0,0.0
2006-09-11 00:00:00-04:00,20.976311719036843,21.276644114445507,20.788605503451922,21.10770606994629,1379635,0.0,0.0
2006-09-12 00:00:00-04:00,21.32357184437337,21.774069237095677,21.32357184437337,21.755298614501953,1856898,0.0,0.0
2006-09-13 00:00:00-04:00,21.623898261356064,21.727136656999832,21.539430483102077,21.68021011352539,1590238,0.0,0.0
2006-09-14 00:00:00-04:00,21.379887045397233,21.586366376592395,21.295419230556472,21.51128387451172,1196683,0.0,0.0
2006-09-15 00:00:00-04:00,21.501890564646235,21.54881711099347,21.11709043412652,21.286026000976562,1382304,0.0,0.0
2006-09-18 00:00:00-04:00,21.070161437306894,21.40803502147937,21.051390818768,21.286026000976562,1382988,0.0,0.0
2006-09-19 00:00:00-04:00,21.20157034326151,21.20157034326151,20.694758451908157,20.929393768310547,1186416,0.0,0.0
2006-09-20 00:00:00-04:00,21.051396598033108,21.22971997358032,20.976314103265047,21.19217872619629,1089772,0.0,0.0
2006-09-21 00:00:00-04:00,21.361112729932643,21.426809907904623,20.882459411378186,21.070165634155273,2136630,0.0,0.0
2006-09-22 00:00:00-04:00,20.863690294748707,20.920002165645634,20.685366919768715,20.77922248840332,1074099,0.0,0.0
2006-09-25 00:00:00-04:00,21.079550811749744,21.445580394319055,20.976312389876387,21.361112594604492,1681817,0.0,0.0
2006-09-26 00:00:00-04:00,21.492508130828593,21.867925495581087,21.426810949662457,21.81161117553711,2019932,0.0,0.0
2006-09-27 00:00:00-04:00,21.53005511669986,21.80222919453797,21.51128449064206,21.61452293395996,1374638,0.0,0.0
2006-09-28 00:00:00-04:00,21.94300917337162,22.018091670187736,21.708373920348116,21.952394485473633,941590,0.0,0.0
2006-09-29 00:00:00-04:00,22.008708195553552,22.027478821324706,21.783458235826348,21.84915542602539,1343085,0.0,0.0
2006-10-02 00:00:00-04:00,21.745913826530238,21.971163753548595,21.595748842166657,21.642675399780273,1289767,0.0,0.0
2006-10-03 00:00:00-04:00,21.70837511610122,21.896083818954125,21.642677927768347,21.74591636657715,1843414,0.0,0.0
2006-10-04 00:00:00-04:00,21.63328971269965,22.13071366524163,21.57697784454089,22.121328353881836,1657998,0.0,0.0
2006-10-05 00:00:00-04:00,22.083789482027477,22.16825729334429,21.896083234656786,22.055633544921875,1368410,0.0,0.0
2006-10-06 00:00:00-04:00,21.924239769660556,22.0087075832809,21.839771956040213,21.89608383178711,1245757,0.0,0.0
2006-10-09 00:00:00-04:00,21.81161297286677,22.093174794396013,21.81161297286677,22.055633544921875,1968668,0.0,0.0
2006-10-10 00:00:00-04:00,21.99932520844407,22.008710522321866,21.85854304980353,21.980554580688477,1092921,0.0,0.0
2006-10-11 00:00:00-04:00,21.886696312865702,22.402890905650313,21.886696312865702,22.130714416503906,1165677,0.0,0.0
2006-10-12 00:00:00-04:00,22.468582427136834,22.80645601291522,22.32780278742601,22.78768539428711,1710153,0.0,0.0
2006-10-13 00:00:00-04:00,22.590599228306846,22.872158574154486,22.52489959713608,22.75953483581543,1622133,0.0,0.0
2006-10-16 00:00:00-04:00,22.684455333122227,22.90031752672007,22.61875814376636,22.79707908630371,1807344,0.0,0.0
2006-10-17 00:00:00-04:00,22.806458132850352,22.853384683782604,22.318419552682297,22.40288734436035,1668744,0.0,0.0
2006-10-18 00:00:00-04:00,21.501898468949065,21.605136908864413,20.66659828548681,21.145254135131836,7051215,0.0,0.0
2006-10-19 00:00:00-04:00,20.92938822363253,21.361115033040537,20.901232287180257,21.248491287231445,3175685,0.0,0.0
2006-10-20 00:00:00-04:00,21.27663874158563,21.398647750905635,21.117088498628693,21.332950592041016,2907794,0.0,0.0
2006-10-23 00:00:00-04:00,21.060782191282843,21.408041184698096,20.995085007482977,21.267261505126953,1382920,0.0,0.0
2006-10-24 00:00:00-04:00,21.135870690327707,21.25788223108437,20.89185250976197,20.929393768310547,1453212,0.0,0.0
2006-10-25 00:00:00-04:00,20.957545430266997,21.220336636888455,20.920004179388688,21.145254135131836,1192713,0.0,0.0
2006-10-26 00:00:00-04:00,21.417422947103262,21.623902226727015,21.304799222111775,21.5394344329834,1023587,0.0,0.0
2006-10-27 00:00:00-04:00,21.80222925608142,21.877311760524567,21.28603458756141,21.417428970336914,2003711,0.0,0.0
2006-10-30 00:00:00-05:00,21.361113916861964,21.6145197821644,21.30480204689987,21.52066421508789,1746360,0.0,0.0
2006-10-31 00:00:00-05:00,21.62390020003682,21.689597366791084,21.32356784440201,21.43619155883789,928244,0.0,0.0
2006-11-01 00:00:00-05:00,21.717759345242484,21.745915281694757,21.201564726477656,21.248491287231445,4883922,0.0,0.0
2006-11-02 00:00:00-05:00,21.30480475156828,21.67083440326277,21.30480475156828,21.63329315185547,2533403,0.0,0.0
2006-11-03 00:00:00-05:00,21.68021723396902,21.68021723396902,21.37049949484474,21.483125686645508,2328754,0.0,0.0
2006-11-06 00:00:00-05:00,21.68021690103142,22.008705258665806,21.5863637846996,21.914852142333984,1025503,0.0,0.0
2006-11-07 00:00:00-05:00,22.102560106764546,22.290268804608445,22.018092295447737,22.055633544921875,1534524,0.0,0.0
2006-11-08 00:00:00-05:00,21.83038710817014,22.02748115007746,21.736533969392177,21.980554580688477,958701,0.0,0.0
2006-11-09 00:00:00-05:00,21.93362267674722,22.036861104294005,21.77406992915646,21.81161117553711,1112907,0.0,0.0
2006-11-10 00:00:00-05:00,22.046251777833053,22.111948974977626,21.886701441910514,21.980554580688477,974101,0.0,0.0
2006-11-13 00:00:00-05:00,22.008703121419867,22.19640933585552,21.999317810698084,22.102556228637695,958359,0.0,0.0
2006-11-14 00:00:00-05:00,22.675066204442807,22.994169235229492,22.337192551284723,22.994169235229492,1549514,0.0,0.0
2006-11-15 00:00:00-05:00,23.012936191202876,23.360195100221716,22.97539495244111,23.21002769470215,1591607,0.0,0.0
2006-11-16 00:00:00-05:00,23.05047843595911,23.0692490561592,22.70321951178481,22.98478126525879,2460646,0.0,0.0
2006-11-17 00:00:00-05:00,23.012943626517057,23.32265894636839,22.947246437457682,23.30388832092285,1684897,0.0,0.0
2006-11-20 00:00:00-05:00,23.17248617168896,23.74499495672807,23.12555962381239,23.68868064880371,1617000,0.0,0.0
2006-11-21 00:00:00-05:00,23.8857833329347,24.167345173604836,23.829471454895348,23.923324584960938,2422796,0.0,0.0
2006-11-22 00:00:00-05:00,24.27057612686406,24.326887987525776,24.064099304437775,24.242420196533203,1030157,0.0,0.0
2006-11-24 00:00:00-05:00,23.698067673407714,23.9702416426452,23.622982748662906,23.876388549804688,1014620,0.0,0.0
2006-11-27 00:00:00-05:00,23.54790763902684,23.61360482456207,23.05986895314909,23.097410202026367,2180092,0.0,0.0
2006-11-28 00:00:00-05:00,23.1912544608479,23.360192466703072,22.900307442771712,23.15371322631836,2403016,0.0,0.0
2006-11-29 00:00:00-05:00,23.47282619841915,23.519752761629178,23.116181867549656,23.332046508789062,1508652,0.0,0.0
2006-11-30 00:00:00-05:00,23.529131492819673,23.529131492819673,23.219413811792897,23.36958122253418,1971337,0.0,0.0
2006-12-01 00:00:00-05:00,23.57605523885728,23.61359647445944,22.994163636551466,23.2569522857666,1177381,0.0,0.0
2006-12-04 00:00:00-05:00,23.219412964408782,23.6323690405496,23.078633319294582,23.45404815673828,1056029,0.0,0.0
2006-12-05 00:00:00-05:00,23.482208539249875,23.679302530261868,23.435281981978676,23.55729103088379,734683,0.0,0.0
2006-12-06 00:00:00-05:00,23.519746727637575,23.754381933965323,23.388352384358715,23.566673278808594,660215,0.0,0.0
2006-12-07 00:00:00-05:00,24.23303709206958,24.261193024963138,23.810695648193363,23.81069564819336,1127348,0.0,0.0
2006-12-08 00:00:00-05:00,23.622982425562345,23.923314769016624,23.547899952316868,23.604211807250977,1423850,0.0,0.0
2006-12-11 00:00:00-05:00,23.679299555880807,23.848235140836948,23.58544400265474,23.66991424560547,1146924,0.0,0.0
2006-12-12 00:00:00-05:00,23.51036112010898,23.57605829091765,23.228799366170627,23.49159049987793,1591128,0.0,0.0
2006-12-13 00:00:00-05:00,23.60421538210665,23.688683177300447,23.37896792825651,23.482206344604492,1902208,0.0,0.0
2006-12-14 00:00:00-05:00,23.294495840844437,23.49158979785309,23.256954601504223,23.435277938842773,1829999,0.0,0.0
2006-12-15 00:00:00-05:00,23.613598271206868,23.698068508211332,23.472818626986903,23.59482765197754,1174233,0.0,0.0
2006-12-18 00:00:00-05:00,23.59483181430567,23.641758370657232,23.256958158101497,23.31327247619629,878142,0.0,0.0
2006-12-19 00:00:00-05:00,23.322652428860433,23.332040189433087,22.91908164408586,22.98478126525879,4061083,0.0,0.0
2006-12-20 00:00:00-05:00,23.116175552867606,23.116175552867606,22.72199007911036,22.834613800048828,3065627,0.0,0.0
2006-12-21 00:00:00-05:00,22.853385341168927,22.881541272538193,22.34657612604941,22.506126403808594,2704651,0.0,0.0
2006-12-22 00:00:00-05:00,22.693835063409743,22.703220373866166,22.41227329924437,22.506126403808594,2361744,0.0,0.0
2006-12-26 00:00:00-05:00,22.55305279018932,22.956626037792187,22.459199686315486,22.8439998626709,1328780,0.0,0.0
2006-12-27 00:00:00-05:00,22.937852109292887,23.16310200064456,22.909696179183,23.125560760498047,1415500,0.0,0.0
2006-12-28 00:00:00-05:00,23.04108877210332,23.228794938635993,22.984776922143514,23.14432716369629,895938,0.0,0.0
2006-12-29 00:00:00-05:00,23.210029710279304,23.31327057631218,23.069250052697264,23.11617660522461,769932,0.0,0.0
2007-01-03 00:00:00-05:00,22.928472368890404,23.219417019605636,22.571825638035556,22.87215805053711,2934829,0.0,0.0
2007-01-04 00:00:00-05:00,22.731375288487065,23.2100285508277,22.721989978450438,23.125560760498047,2469065,0.0,0.0
2007-01-05 00:00:00-05:00,23.12555760891558,23.23818131400661,22.994163286309384,23.228796005249023,2578439,0.0,0.0
2007-01-08 00:00:00-05:00,23.454049259415832,23.688682012303946,23.378966778491634,23.49159049987793,1631373,0.0,0.0
2007-01-09 00:00:00-05:00,23.500977029917017,23.52913296172515,23.003553117500584,23.23818588256836,1988106,0.0,0.0
2007-01-10 00:00:00-05:00,22.9566319440391,23.191264764089663,22.83462042713949,23.163108825683594,2843114,0.0,0.0
2007-01-11 00:00:00-05:00,22.890924613752464,23.266339450186177,22.82522744620925,22.94723892211914,2810671,0.0,0.0
2007-01-12 00:00:00-05:00,23.059866931950165,23.22880253709069,22.994169752173296,23.191261291503906,2160996,0.0,0.0
2007-01-16 00:00:00-05:00,23.350811745193305,23.397738297573664,22.656293869018555,22.656293869018555,2960017,0.0,0.0
2007-01-17 00:00:00-05:00,24.12041277561794,24.93693971067748,24.064100911196284,24.674148559570312,10000007,0.0,0.0
2007-01-18 00:00:00-05:00,24.289346599798634,24.308117219905384,23.538516894583438,23.632369995117188,5993475,0.0,0.0
2007-01-19 00:00:00-05:00,23.71683928810904,23.791921765534997,23.378965689219736,23.651142120361328,4760037,0.0,0.0
2007-01-22 00:00:00-05:00,23.529133539054754,23.651145030356513,23.28511545739684,23.585445404052734,3119561,0.0,0.0
2007-01-23 00:00:00-05:00,23.435280776115274,23.75438379961292,23.378968910287366,23.613601684570312,4334518,0.0,0.0
2007-01-24 00:00:00-05:00,23.76376927016035,23.979631423950195,23.594831221069352,23.979631423950195,2884660,0.0,0.0
2007-01-25 00:00:00-05:00,23.773151136136303,23.979627948970464,23.369580369669762,23.45404815673828,2204732,0.0,0.0
2007-01-26 00:00:00-05:00,23.56667551285136,23.885778541536858,23.37896929037335,23.79192543029785,1998304,0.0,0.0
2007-01-29 00:00:00-05:00,23.59483554278753,23.6229914810477,23.29450308420574,23.407129287719727,1630347,0.0,0.0
2007-01-30 00:00:00-05:00,23.77315446076707,23.79192508274067,23.491592680690285,23.763769149780273,1665459,0.0,0.0
2007-01-31 00:00:00-05:00,23.510365750073678,23.97963379873684,23.46343919025467,23.913936614990234,2010008,0.0,0.0
2007-02-01 00:00:00-05:00,23.820081363669555,23.895163852660758,23.594831446223065,23.79192543029785,1959291,0.0,0.0
2007-02-02 00:00:00-05:00,23.613604706348713,23.820084024613223,23.576063457659373,23.801313400268555,2391038,0.0,0.0
2007-02-05 00:00:00-05:00,23.557287514690188,23.726225546123537,23.500975654369938,23.632369995117188,1328986,0.0,0.0
2007-02-06 00:00:00-05:00,23.74499898931774,23.801310856333014,23.44466658143006,23.69807243347168,1781335,0.0,0.0
2007-02-07 00:00:00-05:00,23.8670115661379,24.18611464358194,23.848240941021974,24.082876205444336,1624392,0.0,0.0
2007-02-08 00:00:00-05:00,23.960855906047147,24.23303232090308,23.885773433113744,24.139179229736328,1171564,0.0,0.0
2007-02-09 00:00:00-05:00,24.261193814494508,24.308120370844236,23.491593389413143,23.622987747192383,3553156,0.0,0.0
2007-02-12 00:00:00-05:00,23.500977029917017,23.51974765112244,23.172488708349384,23.23818588256836,2176260,0.0,0.0
2007-02-13 00:00:00-05:00,23.425895399547606,23.529133819943016,23.125562998833576,23.350812911987305,2470776,0.0,0.0
2007-02-14 00:00:00-05:00,23.951473923255747,24.420744345205406,23.895162060735235,24.401973724365234,2678231,0.0,0.0
2007-02-15 00:00:00-05:00,24.15795240554063,24.31750267741549,24.064099304437775,24.242420196533203,1066159,0.0,0.0
2007-02-16 00:00:00-05:00,24.14857275018104,24.486446443742135,24.14857275018104,24.43951988220215,1313723,0.0,0.0
2007-02-20 00:00:00-05:00,23.989011389880016,24.28934372653333,23.791919902073733,24.204875946044922,2047858,0.0,0.0
2007-02-21 00:00:00-05:00,23.698075523519286,23.989020207701824,23.65114896155436,23.951478958129883,1291068,0.0,0.0
2007-02-22 00:00:00-05:00,23.75438476113491,24.04532941302253,23.75438476113491,23.94209098815918,2819706,0.0,0.0
2007-02-23 00:00:00-05:00,24.045334273667997,24.308125495096856,24.045334273667997,24.17673110961914,2321978,0.0,0.0
2007-02-26 00:00:00-05:00,24.035944747387333,24.092256611266397,23.69807111364021,23.848236083984375,1558412,0.0,0.0
2007-02-27 00:00:00-05:00,23.153715877277453,23.41650699954446,22.768915728820136,22.966007232666016,2948587,0.0,0.0
2007-02-28 00:00:00-05:00,23.28511854980871,23.369586358523545,22.87215991736772,23.06925392150879,2475704,0.0,0.0
2007-03-01 00:00:00-05:00,21.961772706618564,22.571820246752175,21.783449383783697,22.39349937438965,3777517,0.0,0.0
2007-03-02 00:00:00-05:00,22.196405337802936,22.299646187619413,21.774063980922747,21.886690139770508,2820596,0.0,0.0
2007-03-05 00:00:00-05:00,21.370499091664588,21.849152433750074,21.304801910462874,21.501895904541016,2903140,0.0,0.0
2007-03-06 00:00:00-05:00,21.66144400407338,21.820994285090297,21.548820276296738,21.736526489257812,1948408,0.0,0.0
2007-03-07 00:00:00-05:00,21.73652508770225,21.867921878775388,21.595745437058813,21.6239013671875,2432310,0.0,0.0
2007-03-08 00:00:00-05:00,21.943008077233532,22.121328998263994,21.867925584168074,21.914852142333984,1758680,0.0,0.0
2007-03-09 00:00:00-05:00,21.90546463088946,21.99931773779627,21.727141277293743,21.839767456054688,1753478,0.0,0.0
2007-03-12 00:00:00-04:00,21.839773186673686,22.29027066850687,21.83038542304695,22.252729415893555,2035948,0.0,0.0
2007-03-13 00:00:00-04:00,21.914852478874817,22.01809090842523,21.426811365508602,21.483125686645508,2060999,0.0,0.0
2007-03-14 00:00:00-04:00,21.717761377277863,21.755302629393466,21.257878588388373,21.61452293395996,3736724,0.0,0.0
2007-03-15 00:00:00-04:00,21.736526587984425,21.989932427105593,21.670829413149654,21.839767456054688,2884317,0.0,0.0
2007-03-16 00:00:00-04:00,22.055631265034982,22.36534899165436,22.0087047080431,22.22456932067871,3446862,0.0,0.0
2007-03-19 00:00:00-04:00,22.19641084476018,22.31842234291043,22.065016485723074,22.121328353881836,2092894,0.0,0.0
2007-03-20 00:00:00-04:00,21.961776287141234,22.562441066604432,21.961776287141234,22.534282684326172,1953268,0.0,0.0
2007-03-21 00:00:00-04:00,22.384122631160594,23.247576297124844,22.337196067844417,23.134952545166016,3234479,0.0,0.0
2007-03-22 00:00:00-04:00,22.98477959745558,23.01293552571269,22.787685649183388,22.90969467163086,2193097,0.0,0.0
2007-03-23 00:00:00-04:00,22.928475666574826,23.16310848315572,22.881546652785367,23.134952545166016,1782772,0.0,0.0
2007-03-26 00:00:00-04:00,23.13494945522709,23.350814068123587,23.01294040690074,23.341428756713867,2616220,0.0,0.0
2007-03-27 00:00:00-04:00,22.825226886859532,23.0410914539698,22.787685649183388,22.90969467163086,1666691,0.0,0.0
2007-03-28 00:00:00-04:00,22.8721597366103,22.994171243151712,22.72199474452623,22.750150680541992,1397088,0.0,0.0
2007-03-29 00:00:00-04:00,23.247576297124844,23.266346922451316,22.909702590775076,23.134952545166016,2319172,0.0,0.0
2007-03-30 00:00:00-04:00,23.078631065127656,23.360192778327484,23.0504751388549,23.228796005249023,2049432,0.0,0.0
2007-04-02 00:00:00-04:00,23.388355313762464,23.4540524936305,23.14433476663681,23.341428756713867,1542464,0.0,0.0
2007-04-03 00:00:00-04:00,23.425897881681465,23.59483349659202,23.303886375995194,23.500980377197266,1489214,0.0,0.0
2007-04-04 00:00:00-04:00,23.604214623205422,23.735611417532855,23.519746830727353,23.66991424560547,896075,0.0,0.0
2007-04-05 00:00:00-04:00,24.08286817508839,24.18610657880148,24.017168558616714,24.101638793945312,1707415,0.0,0.0
2007-04-09 00:00:00-04:00,24.035947454275444,24.195497753234406,23.754385652698364,24.00779151916504,694848,0.0,0.0
2007-04-10 00:00:00-04:00,23.838844694902303,24.129791701231124,23.82945938664886,24.06409454345703,1639860,0.0,0.0
2007-04-11 00:00:00-04:00,23.885776328597434,23.942088190123723,23.651143572237878,23.716840744018555,1459304,0.0,0.0
2007-04-12 00:00:00-04:00,23.707456486758215,24.355045373546638,23.62298624024428,24.30811882019043,2642640,0.0,0.0
2007-04-13 00:00:00-04:00,24.401974895089502,24.401974895089502,23.904548518014753,24.19549560546875,2115070,0.0,0.0
2007-04-16 00:00:00-04:00,24.477050425341204,24.477050425341204,24.270571194404663,24.448894500732422,1305578,0.0,0.0
2007-04-17 00:00:00-04:00,24.42074994266702,24.57091494380759,24.111032177341333,24.495832443237305,2423686,0.0,0.0
2007-04-18 00:00:00-04:00,25.443755159942004,25.856711383775558,25.256048899323737,25.725317001342773,4120698,0.0,0.0
2007-04-19 00:00:00-04:00,25.321742394639287,25.88486599524866,25.30297177131718,25.678386688232422,3273561,0.0,0.0
2007-04-20 00:00:00-04:00,26.213348145430587,26.34474494032129,25.94117414627894,26.091339111328125,3307304,0.0,0.0
2007-04-23 00:00:00-04:00,25.69715753640124,25.85670783603523,25.65023097768536,25.800395965576172,1895911,0.0,0.0
2007-04-24 00:00:00-04:00,26.138273920487453,26.316597323291806,25.98810890799826,26.1945858001709,1534867,0.0,0.0
2007-04-25 00:00:00-04:00,26.02564736671622,26.072573928080534,25.69715898669286,26.01626205444336,2117329,0.0,0.0
2007-04-26 00:00:00-04:00,25.67838746254231,25.913022711616946,25.546993095325448,25.837940216064453,1584420,0.0,0.0
2007-04-27 00:00:00-04:00,25.546992384672464,25.875480744049995,25.462522129052566,25.631460189819336,2203500,0.0,0.0
2007-04-30 00:00:00-04:00,25.546991694495883,25.931791913575584,25.4249801954403,25.57514762878418,2104735,0.0,0.0
2007-05-01 00:00:00-04:00,25.706546375280947,25.856711383775558,25.359287342663784,25.725317001342773,1756421,0.0,0.0
2007-05-02 00:00:00-04:00,25.528215007820496,25.650224027421842,25.443744774547184,25.546985626220703,1380251,0.0,0.0
2007-05-03 00:00:00-04:00,25.725311798166988,25.725311798166988,25.424979391449323,25.612688064575195,1112838,0.0,0.0
2007-05-04 00:00:00-04:00,25.866093743128022,25.88486436526814,25.575146649483337,25.753467559814453,589444,0.0,0.0
2007-05-07 00:00:00-04:00,25.687772873831907,25.772240681655138,25.509451946205093,25.59391975402832,940084,0.0,0.0
2007-05-08 00:00:00-04:00,25.293582320401068,25.293582320401068,24.983864635798028,25.143417358398438,1917471,0.0,0.0
2007-05-09 00:00:00-04:00,24.711688485421675,25.021406173706055,24.68353255471152,25.021406173706055,2527996,0.0,0.0
2007-05-10 00:00:00-04:00,24.70230676047663,24.777391703740857,24.045330047607422,24.045330047607422,2239776,0.0,0.0
2007-05-11 00:00:00-04:00,24.336272898148287,24.50521092783287,24.18610793884872,24.458284378051758,1199557,0.0,0.0
2007-05-14 00:00:00-04:00,24.47705413385382,24.617833778227237,24.12979522726024,24.345657348632812,1935677,0.0,0.0
2007-05-15 00:00:00-04:00,24.176726949304467,24.5333712418463,24.148571014404297,24.148571014404297,2247852,0.0,0.0
2007-05-16 00:00:00-04:00,23.857621394630883,23.951474501095987,23.576059624762824,23.848236083984375,3540084,0.0,0.0
2007-05-17 00:00:00-04:00,24.02655612127472,24.082870433599133,23.83884991510223,23.932703018188477,1428025,0.0,0.0
2007-05-18 00:00:00-04:00,24.064102486197893,24.101643731602746,23.838852563295834,23.94209098815918,1160818,0.0,0.0
2007-05-21 00:00:00-04:00,23.867007570635053,24.09225748479105,23.716842594846284,23.763769149780273,1906931,0.0,0.0
2007-05-22 00:00:00-04:00,23.885781209819566,23.913937146336572,23.669919029855873,23.801313400268555,1626924,0.0,0.0
2007-05-23 00:00:00-04:00,23.75438361898471,23.782539551684568,23.435280597913525,23.444665908813477,3991817,0.0,0.0
2007-05-24 00:00:00-04:00,23.59483013594413,23.641756688957685,23.181874018952094,23.23818588256836,1631442,0.0,0.0
2007-05-25 00:00:00-04:00,23.416509641225954,23.435280262757413,23.163103800078474,23.21941566467285,1878732,0.0,0.0
2007-05-29 00:00:00-04:00,23.56667746000772,23.59483339570576,23.144335974064077,23.285118103027344,1864221,0.0,0.0
2007-05-30 00:00:00-04:00,23.012936988644906,23.228799119005092,22.84399895789043,23.172487258911133,2443330,0.0,0.0
2007-05-31 00:00:00-04:00,24.92755594532519,25.07772092642575,24.120414270963817,24.186111450195312,6107640,0.0,0.0
2007-06-01 00:00:00-04:00,24.6929226540348,24.721078590205682,24.439519228496874,24.64599609375,1514265,0.0,0.0
2007-06-04 00:00:00-04:00,24.420743539101245,24.58967912108639,24.195493645981774,24.242420196533203,1937252,0.0,0.0
2007-06-05 00:00:00-04:00,24.064101551830653,24.101642795777845,23.632372345492257,23.763769149780273,3937404,0.0,0.0
2007-06-06 00:00:00-04:00,23.84823437882667,23.876390308753045,23.425892979458524,23.46343421936035,2827851,0.0,0.0
2007-06-07 00:00:00-04:00,23.82008068176924,24.017172209728987,23.53851890563965,23.53851890563965,4210976,0.0,0.0
2007-06-08 00:00:00-04:00,24.017176908574452,24.195500300184673,23.754388153214762,24.111032485961914,1580724,0.0,0.0
2007-06-11 00:00:00-04:00,24.157958281248767,24.20488484321369,23.857625834200032,23.951478958129883,2301718,0.0,0.0
2007-06-12 00:00:00-04:00,23.53852162495517,23.876395305249375,23.38835663392356,23.500980377197266,2969804,0.0,0.0
2007-06-13 00:00:00-04:00,23.791928647449136,24.05471984492593,23.510366825186374,23.951478958129883,1389901,0.0,0.0
2007-06-14 00:00:00-04:00,23.88577422661824,24.204877197658405,23.59482718386346,24.101638793945312,2084339,0.0,0.0
2007-06-15 00:00:00-04:00,24.880633361037813,25.143424570392536,24.880633361037813,25.012027740478516,3152688,0.0,0.0
2007-06-18 00:00:00-04:00,25.556366363943923,25.62206351659286,25.415584300652835,25.537595748901367,2333819,0.0,0.0
2007-06-19 00:00:00-04:00,25.396818066434957,25.593912008851426,25.321735593313388,25.490671157836914,1384152,0.0,0.0
2007-06-20 00:00:00-04:00,25.697161252404257,25.697161252404257,25.171581268310547,25.171581268310547,2374132,0.0,0.0
2007-06-21 00:00:00-04:00,25.15280520085783,25.78162349302463,25.09649333443748,25.753467559814453,2033621,0.0,0.0
2007-06-22 00:00:00-04:00,26.354138576414105,26.372909202975254,25.98810890799826,26.1945858001709,2140532,0.0,0.0
2007-06-25 00:00:00-04:00,26.279047113454048,26.279047113454048,25.715923607602683,25.791006088256836,1825550,0.0,0.0
2007-06-26 00:00:00-04:00,25.959941778567572,25.969327087802768,25.36866239580537,25.45313262939453,2323278,0.0,0.0
2007-06-27 00:00:00-04:00,25.48129886868591,25.875484466552734,25.46252579214618,25.875484466552734,1142269,0.0,0.0
2007-06-28 00:00:00-04:00,25.73468599927121,26.147641961301737,25.575135778896257,25.88485336303711,2720188,0.0,0.0
2007-06-29 00:00:00-04:00,26.006881869508078,26.110120324863345,25.612696225859754,25.762861251831055,1286687,0.0,0.0
2007-07-02 00:00:00-04:00,26.39167433007969,26.560612384400418,26.335362462130426,26.46675682067871,1619327,0.0,0.0
2007-07-03 00:00:00-04:00,26.523058375041042,26.56060205621449,26.410434682936643,26.457361221313477,814352,0.0,0.0
2007-07-05 00:00:00-04:00,26.354138919093216,26.48553330672976,26.157044887164925,26.372909545898438,1118519,0.0,0.0
2007-07-06 00:00:00-04:00,26.391664861649215,26.49490324918445,26.232114626367483,26.41982078552246,1157327,0.0,0.0
2007-07-09 00:00:00-04:00,26.560617855520153,26.729553494166353,26.40106507965864,26.541847229003906,2090293,0.0,0.0
2007-07-10 00:00:00-04:00,26.41045203738067,26.654472647759384,26.110119543946926,26.166431427001953,2726005,0.0,0.0
2007-07-11 00:00:00-04:00,26.09133695063431,26.31658683002721,25.88486014079058,25.969327926635742,3392312,0.0,0.0
2007-07-12 00:00:00-04:00,26.335373180836857,26.814026703694335,26.297831920257753,26.776485443115234,4255807,0.0,0.0
2007-07-13 00:00:00-04:00,26.973559052461745,27.04864151667067,26.80462105751959,26.879703521728516,1202021,0.0,0.0
2007-07-16 00:00:00-04:00,26.917255461997044,27.039266965346968,26.785861097360403,26.870328903198242,1363482,0.0,0.0
2007-07-17 00:00:00-04:00,26.907866951675615,28.33444397147286,26.879711019743254,28.0716552734375,7989041,0.0,0.0
2007-07-18 00:00:00-04:00,28.24058450399361,28.268740429584,26.964175192479292,27.433443069458008,5449752,0.0,0.0
2007-07-19 00:00:00-04:00,28.512758652688966,28.615997038376722,28.24996758410267,28.493988037109375,2728059,0.0,0.0
2007-07-20 00:00:00-04:00,28.287521042518346,28.64416534316179,28.287521042518346,28.40953254699707,3396966,0.0,0.0
2007-07-23 00:00:00-04:00,28.475229952820488,28.597239007781205,28.29690657586636,28.53154182434082,2968436,0.0,0.0
2007-07-24 00:00:00-04:00,28.503380380451258,28.74739844321747,28.1748920762549,28.343830108642578,3528653,0.0,0.0
2007-07-25 00:00:00-04:00,28.897578870194522,28.95389075619445,28.20306070858129,28.719255447387695,2569473,0.0,0.0
2007-07-26 00:00:00-04:00,28.39076586572827,28.709868963296945,27.705633104841613,28.165515899658203,3286360,0.0,0.0
2007-07-27 00:00:00-04:00,27.98720680548924,28.043518708242726,27.461624145507812,27.461624145507812,2356542,0.0,0.0
2007-07-30 00:00:00-04:00,27.97780698027556,28.26875413625333,27.696247587851964,28.043506622314453,1244183,0.0,0.0
2007-07-31 00:00:00-04:00,28.024727205926517,28.23120649746747,27.686856011451415,27.743167877197266,1318788,0.0,0.0
2007-08-01 00:00:00-04:00,27.658698205744468,27.977801235441436,27.395909493442282,27.893333435058594,1983862,0.0,0.0
2007-08-02 00:00:00-04:00,27.705624028964273,27.78070650956745,27.34897979562656,27.686853408813477,1694342,0.0,0.0
2007-08-03 00:00:00-04:00,27.546068811215733,27.61176597579059,27.05803028104442,27.095571517944336,1483396,0.0,0.0
2007-08-06 00:00:00-04:00,27.198827402637985,27.564857148165963,26.917265494430165,27.536701202392578,1740063,0.0,0.0
2007-08-07 00:00:00-04:00,27.33959453575838,27.686853459658412,26.98295030176571,27.442832946777344,1558480,0.0,0.0
2007-08-08 00:00:00-04:00,27.405288975432768,28.04349489907895,27.386518357118018,27.72439193725586,3713043,0.0,0.0
2007-08-09 00:00:00-04:00,27.255128814061557,27.508534679056545,26.757704846193562,26.992340087890625,2972748,0.0,0.0
2007-08-10 00:00:00-04:00,26.128888946957098,26.66385671185283,25.94118267890489,26.372909545898438,2959332,0.0,0.0
2007-08-13 00:00:00-04:00,26.579385140375884,26.82340572737867,26.42922013328085,26.476146697998047,1482507,0.0,0.0
2007-08-14 00:00:00-04:00,27.03925438688784,27.170648690400835,26.38227796837907,26.494901657104492,1920962,0.0,0.0
2007-08-15 00:00:00-04:00,25.884870312177714,25.9505675047617,24.993258204260464,25.049570083618164,4240955,0.0,0.0
2007-08-16 00:00:00-04:00,25.030791886974054,25.227885855591296,24.29873277577747,25.002635955810547,2123078,0.0,0.0
2007-08-17 00:00:00-04:00,25.396824494365216,26.053801201404287,24.73984778732614,25.040180206298828,2579260,0.0,0.0
2007-08-20 00:00:00-04:00,25.518832494198293,25.86609142311658,25.340509149388698,25.772235870361328,2090636,0.0,0.0
2007-08-21 00:00:00-04:00,26.081950247458487,26.457365059405458,25.97871184805296,26.21334457397461,1543148,0.0,0.0
2007-08-22 00:00:00-04:00,26.494908590865325,26.720158477736337,26.39167018251603,26.635690689086914,949188,0.0,0.0
2007-08-23 00:00:00-04:00,26.795237877354456,26.795237877354456,26.532446781282403,26.64507293701172,1231042,0.0,0.0
2007-08-24 00:00:00-04:00,26.757697935372693,27.17065399174417,26.720156698472778,27.095571517944336,1325564,0.0,0.0
2007-08-27 00:00:00-04:00,27.03926612234223,27.330213228296962,26.973568942072156,27.104963302612305,1109211,0.0,0.0
2007-08-28 00:00:00-04:00,26.97355759955398,27.08618128980099,26.401048939854476,26.52305793762207,1317966,0.0,0.0
2007-08-29 00:00:00-04:00,27.039266660844692,27.48976407071295,26.795246107365923,27.45222282409668,839950,0.0,0.0
2007-08-30 00:00:00-04:00,27.20819321426268,27.799472552605287,27.18942259720242,27.433443069458008,1158901,0.0,0.0
2007-08-31 00:00:00-04:00,28.062271544096948,28.08104216644291,27.68685664670484,27.846406936645508,974444,0.0,0.0
2007-09-04 00:00:00-04:00,28.259372594581222,28.906964184527844,28.259372594581222,28.719255447387695,1664569,0.0,0.0
2007-09-05 00:00:00-04:00,28.709863859771012,28.803716974586095,28.390760818926765,28.681705474853516,1321936,0.0,0.0
2007-09-06 00:00:00-04:00,29.563927501065457,29.77040432150066,29.24482450992028,29.526386260986328,1360402,0.0,0.0
2007-09-07 00:00:00-04:00,28.888184927720122,29.010193977612406,28.531540639100452,28.738019943237305,1731165,0.0,0.0
2007-09-10 00:00:00-04:00,29.244826708414926,29.366835747844185,28.381370770266482,28.70047378540039,1531718,0.0,0.0
2007-09-11 00:00:00-04:00,28.878791762605907,29.000800779317856,28.662927205643218,28.925718307495117,992376,0.0,0.0
2007-09-12 00:00:00-04:00,28.813107559624566,29.216678477666484,28.747407916756273,28.89757537841797,2429983,0.0,0.0
2007-09-13 00:00:00-04:00,28.615997751360467,28.625383059384102,28.25935359599022,28.3062801361084,3314764,0.0,0.0
2007-09-14 00:00:00-04:00,28.081045368937353,28.40014843568359,28.034118807720724,28.203054428100586,960139,0.0,0.0
2007-09-17 00:00:00-04:00,28.03411496735699,28.12796807693341,27.611771073317446,27.743167877197266,1362524,0.0,0.0
2007-09-18 00:00:00-04:00,28.099812876621748,29.20728694991379,27.9590307581141,29.113433837890625,1644241,0.0,0.0
2007-09-19 00:00:00-04:00,29.122820651448293,29.385609378669603,28.99142383736461,29.132205963134766,1079711,0.0,0.0
2007-09-20 00:00:00-04:00,29.085275855235402,29.526390388778182,29.038349298576158,29.40437889099121,2069349,0.0,0.0
2007-09-21 00:00:00-04:00,30.080122448822962,30.258445792316586,29.94872810659696,30.01442527770996,1211672,0.0,0.0
2007-09-24 00:00:00-04:00,30.239678237850324,30.493081637834646,30.051969565166843,30.202136993408203,1586337,0.0,0.0
2007-09-25 00:00:00-04:00,30.14582809453897,31.037440161712066,30.14582809453897,30.99989891052246,1957511,0.0,0.0
2007-09-26 00:00:00-04:00,31.215752774635515,31.215752774635515,30.577549224249715,30.69955825805664,1382372,0.0,0.0
2007-09-27 00:00:00-04:00,30.60570410275599,30.737098442337782,30.27721580332894,30.41799545288086,1964698,0.0,0.0
2007-09-28 00:00:00-04:00,30.952962012387328,31.093741657346783,30.699556200987807,30.840335845947266,2221364,0.0,0.0
2007-10-01 00:00:00-04:00,30.70704987327697,31.050448922988924,30.354615263812214,30.887784957885742,1130052,3.688312,0.8888888888888888
2007-10-02 00:00:00-04:00,30.62571865502169,30.896822627646483,30.607647534281977,30.68897819519043,1242472,0.0,0.0
2007-10-03 00:00:00-04:00,30.35461572638442,30.444981942868516,29.73107449891226,29.848552703857422,1480479,0.0,0.0
2007-10-04 00:00:00-04:00,29.31538543807909,29.459972989107282,29.143685896336535,29.369604110717773,1168013,0.0,0.0
2007-10-05 00:00:00-04:00,28.917752847946023,29.586476957584306,28.89064352304462,29.396703720092773,1032570,0.0,0.0
2007-10-08 00:00:00-04:00,29.053315656815762,29.423824059262106,29.00813254693532,29.234050750732422,1335103,0.0,0.0
2007-10-09 00:00:00-04:00,29.080429516381702,29.09850329237516,28.529183330173936,28.845470428466797,2881109,0.0,0.0
2007-10-10 00:00:00-04:00,28.4297728822721,28.619546162907252,28.050226321001798,28.43880844116211,1729189,0.0,0.0
2007-10-11 00:00:00-04:00,28.52918162234619,28.592438507339033,27.60742706504372,27.742979049682617,1406790,0.0,0.0
2007-10-12 00:00:00-04:00,27.78816205806919,28.22192730413393,27.76105007119349,28.15867042541504,1948177,0.0,0.0
2007-10-15 00:00:00-04:00,28.420741614400654,28.782214491832576,28.230970941784168,28.48400115966797,1891890,0.0,0.0
2007-10-16 00:00:00-04:00,28.520142061514715,29.39671073138304,28.44784697200963,29.143680572509766,2056978,0.0,0.0
2007-10-17 00:00:00-04:00,31.267329283975148,31.76435139414167,30.951039590893288,31.45709991455078,2953104,0.0,0.0
2007-10-18 00:00:00-04:00,31.701096775986105,32.04449582521893,31.701096775986105,32.035457611083984,1039962,0.0,0.0
2007-10-19 00:00:00-04:00,31.845689246473793,31.845689246473793,30.851639575372385,30.905860900878906,897127,0.0,0.0
2007-10-22 00:00:00-04:00,31.240226512939426,31.565551861080085,31.113712721904104,31.439035415649414,729806,0.0,0.0
2007-10-23 00:00:00-04:00,32.14389999153102,32.18004753898576,31.818574718833144,32.01738357543945,2090858,0.0,0.0
2007-10-24 00:00:00-04:00,32.47826056231263,32.50537254988268,31.294440337480953,32.342708587646484,1958341,0.0,0.0
2007-10-25 00:00:00-04:00,32.49633471208985,32.49633471208985,31.402883342508783,31.773391723632812,1930313,0.0,0.0
2007-10-26 00:00:00-04:00,31.384806967399776,31.44806384322799,30.815487121762256,31.131776809692383,853468,0.0,0.0
2007-10-29 00:00:00-04:00,31.565537684857677,32.16196677952406,31.565537684857677,31.85471534729004,786247,0.0,0.0
2007-10-30 00:00:00-04:00,31.67399267455005,31.92702289620488,31.466145567849416,31.710140228271484,980518,0.0,0.0
2007-10-31 00:00:00-04:00,31.457103836471504,31.61976781003808,31.113707423287405,31.55651092529297,1293138,0.0,0.0
2007-11-01 00:00:00-04:00,31.023344080393894,31.339631214906788,30.652835611691412,30.85164451599121,1014937,0.0,0.0
2007-11-02 00:00:00-04:00,31.366739951622893,31.457106178158572,30.89682442517797,31.32155418395996,990605,0.0,0.0
2007-11-05 00:00:00-05:00,31.07756298481213,31.502292754497088,31.023341654861785,31.204076766967773,902979,0.0,0.0
2007-11-06 00:00:00-05:00,31.457096671831142,31.466134884390417,30.78837511821621,31.077552795410156,1684221,0.0,0.0
2007-11-07 00:00:00-05:00,31.339622397552546,31.601690778538686,30.779340744018555,30.779340744018555,1354353,0.0,0.0
2007-11-08 00:00:00-05:00,30.969104886449347,31.149842562850644,30.065424467624375,30.770296096801758,1617693,0.0,0.0
2007-11-09 00:00:00-05:00,30.643789133598496,30.98718816982015,30.31846652496183,30.381723403930664,1025871,0.0,0.0
2007-11-12 00:00:00-05:00,30.49017043087038,30.833566862115077,29.98410736310891,30.07447624206543,1201816,0.0,0.0
2007-11-13 00:00:00-05:00,30.173873717253052,30.300390118590776,29.62263031883901,30.20098304748535,3494799,0.0,0.0
2007-11-14 00:00:00-05:00,30.860673009317583,30.9510392167676,30.336538919408266,30.417869567871094,725032,0.0,0.0
2007-11-15 00:00:00-05:00,29.803369783449572,30.101583077637194,29.586487146368135,29.821443557739258,1728265,0.0,0.0
2007-11-16 00:00:00-05:00,29.803369595615372,29.90277402638476,29.243087904955836,29.848552703857422,1127665,0.0,0.0
2007-11-19 00:00:00-05:00,29.568417457082223,29.676857463406986,29.00813568548621,29.107540130615234,842072,0.0,0.0
2007-11-20 00:00:00-05:00,30.065440582807337,30.17388324677377,29.351533014349815,29.812410354614258,1073072,0.0,0.0
2007-11-21 00:00:00-05:00,30.363643383059966,30.463047787955826,29.55033172002753,30.047353744506836,1664047,0.0,0.0
2007-11-23 00:00:00-05:00,30.164844930250602,30.291358705594583,30.011219164193612,30.101585388183594,449372,0.0,0.0
2007-11-26 00:00:00-05:00,30.83356464559676,30.869712194580842,29.884700775146484,29.884700775146484,1130822,0.0,0.0
2007-11-27 00:00:00-05:00,30.047349300152483,30.255196291133977,29.532253582390418,29.966018676757812,2237466,0.0,0.0
2007-11-28 00:00:00-05:00,30.490178349630376,31.4661518782557,30.490178349630376,31.402894973754883,1236620,0.0,0.0
2007-11-29 00:00:00-05:00,30.643790003444824,30.92393216864968,30.553423789322707,30.824527740478516,2569182,0.0,0.0
2007-11-30 00:00:00-05:00,31.80051283564086,31.890881738067545,31.176974044886027,31.402894973754883,1191267,0.0,0.0
2007-12-03 00:00:00-05:00,31.158884156027025,31.258288570108892,30.499198145342895,30.616676330566406,743743,0.0,0.0
2007-12-04 00:00:00-05:00,30.43594087441835,30.490162187132245,30.21002006530762,30.210020065307617,1310540,0.0,0.0
2007-12-05 00:00:00-05:00,31.33059985181353,31.52940878275652,31.15890026440069,31.402894973754883,1015861,0.0,0.0
2007-12-06 00:00:00-05:00,30.996238194827743,31.664960094504668,30.996238194827743,31.61073875427246,1376375,0.0,0.0
2007-12-07 00:00:00-05:00,31.628797694259543,31.65590967885266,31.321546231500363,31.429988861083984,1441132,0.0,0.0
2007-12-10 00:00:00-05:00,31.800502516075305,31.936054498529565,31.601693649647686,31.782428741455078,1432970,0.0,0.0
2007-12-11 00:00:00-05:00,31.764358365618317,31.809544134201186,30.309433952185117,30.336545944213867,1629705,0.0,0.0
2007-12-12 00:00:00-05:00,31.13178194021103,31.186003266025686,30.625718887002524,31.050451278686523,2029874,0.0,0.0
2007-12-13 00:00:00-05:00,31.429989978218053,31.56554194281837,30.91489145097903,31.375768661499023,1362977,0.0,0.0
2007-12-14 00:00:00-05:00,31.18600719850694,31.29444720941532,30.923938751220703,30.923938751220703,793562,0.0,0.0
2007-12-17 00:00:00-05:00,30.743195504319377,30.842602590353824,29.80336985653034,29.866626739501953,2463461,0.0,0.0
2007-12-18 00:00:00-05:00,30.155801328472595,30.264243963163445,29.41478462126875,29.703962326049805,3109722,0.0,0.0
2007-12-19 00:00:00-05:00,29.81241337957367,30.092555629381025,28.93584438061943,29.324426651000977,2897664,0.0,0.0
2007-12-20 00:00:00-05:00,29.234053156372536,29.234053156372536,28.682809614648267,28.88161849975586,2459611,0.0,0.0
2007-12-21 00:00:00-05:00,28.99909142397132,29.080424729751957,28.809318134474207,28.872577667236328,1663970,0.0,0.0
2007-12-24 00:00:00-05:00,28.87257834235755,29.053313422374178,28.66473127498188,28.99909210205078,604450,0.0,0.0
2007-12-26 00:00:00-05:00,28.791245480645156,29.098499633903693,28.737026813876614,28.99005699157715,919765,0.0,0.0
2007-12-27 00:00:00-05:00,28.944875940627632,28.96294971563263,28.303260909542637,28.402667999267578,1042811,0.0,0.0
2007-12-28 00:00:00-05:00,28.782207128867377,28.854502216738513,28.465920101022874,28.547250747680664,523600,0.0,0.0
2007-12-31 00:00:00-05:00,28.574359181575335,28.68280180997836,28.20385084945658,28.276145935058594,869330,0.0,0.0
2008-01-02 00:00:00-05:00,28.384598679235364,28.393634240958537,27.49899152817894,27.535139083862305,3233230,0.0,0.0
2008-01-03 00:00:00-05:00,27.38150190314698,27.45379433003006,27.05617669179331,27.06521224975586,2813580,0.0,0.0
2008-01-04 00:00:00-05:00,27.128471137833124,27.137506695584097,25.43858825171437,25.510883331298828,4516435,0.0,0.0
2008-01-07 00:00:00-05:00,25.131349211632553,25.50185769563134,24.995797197760048,25.456674575805664,3543848,0.0,0.0
2008-01-08 00:00:00-05:00,25.836221701155278,26.10732573335725,25.104240283330853,25.176532745361328,1725878,0.0,0.0
2008-01-09 00:00:00-05:00,25.239785873582093,25.628368043848603,24.896386812380808,25.56511116027832,2934162,0.0,0.0
2008-01-10 00:00:00-05:00,24.806018031509108,25.230747752355033,24.661430489329252,25.095195770263672,1520981,0.0,0.0
2008-01-11 00:00:00-05:00,24.290916442871094,24.616239000714355,24.191512033041846,24.290916442871094,1332177,0.0,0.0
2008-01-14 00:00:00-05:00,25.30304275715238,25.655477378408772,25.122307666496628,25.56511116027832,2335564,0.0,0.0
2008-01-15 00:00:00-05:00,25.113270458939873,25.248822445965224,24.552988735608743,24.905426025390625,2262645,0.0,0.0
2008-01-16 00:00:00-05:00,22.492601949405262,23.94752640854553,22.23957039689609,23.134214401245117,11054967,0.0,0.0
2008-01-17 00:00:00-05:00,23.640268815151583,24.209588667518997,23.134208493754695,23.161317825317383,3155768,0.0,0.0
2008-01-18 00:00:00-05:00,23.143247319926196,23.62219837737357,22.953476663408495,23.46857261657715,4578189,0.0,0.0
2008-01-22 00:00:00-05:00,22.203416259874754,23.278793670746477,22.19437937453319,23.052875518798828,2986060,0.0,0.0
2008-01-23 00:00:00-05:00,22.474520509585695,23.875223159790036,22.25763658526702,23.87522315979004,2657886,0.0,0.0
2008-01-24 00:00:00-05:00,24.652390428416595,26.007910147803706,24.652390428416595,25.953691482543945,5623695,0.0,0.0
2008-01-25 00:00:00-05:00,26.0711675680066,26.179610198525367,24.787943045506733,24.87830924987793,1572186,0.0,0.0
2008-01-28 00:00:00-05:00,24.679505559027287,25.031940200080857,24.498767803824183,25.013866424560547,1567643,0.0,0.0
2008-01-29 00:00:00-05:00,24.905432493482383,24.968689396017098,24.471664429712085,24.688547134399414,1094247,0.0,0.0
2008-01-30 00:00:00-05:00,23.938483594517663,24.56202480385673,23.631234751254077,24.028852462768555,3070067,0.0,0.0
2008-01-31 00:00:00-05:00,23.00769354191501,24.218625758898064,23.00769354191501,24.028852462768555,3470467,0.0,0.0
2008-02-01 00:00:00-05:00,24.146326848230455,25.29400200325755,24.0740344194495,25.257854461669922,2113881,0.0,0.0
2008-02-04 00:00:00-05:00,24.25477661066527,24.489733045733292,24.101150840906165,24.16440773010254,2520210,0.0,0.0
2008-02-05 00:00:00-05:00,23.35109100452815,23.59508560507433,22.745626264262235,22.772735595703125,3378067,0.0,0.0
2008-02-06 00:00:00-05:00,22.962508878972987,23.36012921793814,22.691404946985912,22.772735595703125,1394239,0.0,0.0
2008-02-07 00:00:00-05:00,22.15823498539722,22.826957959819694,22.076904332950196,22.67333221435547,2315929,0.0,0.0
2008-02-08 00:00:00-05:00,22.329936631417564,22.655261945928988,22.185349077409747,22.438379287719727,3108105,0.0,0.0
2008-02-11 00:00:00-05:00,22.384156719092914,22.682372680199926,22.31186161889789,22.564891815185547,2678445,0.0,0.0
2008-02-12 00:00:00-05:00,22.230529977481503,22.420303279922468,21.98653667948412,22.031721115112305,2470622,0.0,0.0
2008-02-13 00:00:00-05:00,22.70044688766996,23.830045904957803,22.70044688766996,23.631237030029297,3406711,0.0,0.0
2008-02-14 00:00:00-05:00,23.658344731186375,23.694492279474755,22.953475502747374,22.96251106262207,789327,0.0,0.0
2008-02-15 00:00:00-05:00,22.528742282334587,22.58296360270884,22.176309008691327,22.348007202148438,1584429,0.0,0.0
2008-02-19 00:00:00-05:00,22.845036879340185,22.89021999545694,22.320902645683876,22.375123977661133,1086085,0.0,0.0
2008-02-20 00:00:00-05:00,22.16726998788792,22.619108972051464,22.004607369622267,22.501630783081055,1351427,0.0,0.0
2008-02-21 00:00:00-05:00,22.7637029408767,22.94443803379472,22.230530567895975,22.284751892089844,2353043,0.0,0.0
2008-02-22 00:00:00-05:00,22.357046274479366,22.447412490844727,21.905204575073373,22.447412490844727,1622852,0.0,0.0
2008-02-25 00:00:00-05:00,22.293790652497616,22.45645464842939,21.986540419552707,22.375123977661133,1639561,0.0,0.0
2008-02-26 00:00:00-05:00,22.447411822309284,23.107097923224483,22.393190501468027,22.835996627807617,1708938,0.0,0.0
2008-02-27 00:00:00-05:00,22.890213737942865,23.20650342748157,22.781773758027924,23.070951461791992,1830752,0.0,0.0
2008-02-28 00:00:00-05:00,22.96251467924463,22.980588456235463,22.438380455300983,22.601041793823242,1521751,0.0,0.0
2008-02-29 00:00:00-05:00,22.076906031578954,22.149199802961213,21.670248756463053,21.760616302490234,1536535,0.0,0.0
2008-03-03 00:00:00-05:00,21.570842822353484,21.968461855285724,21.444327735838556,21.7877254486084,3274194,0.0,0.0
2008-03-04 00:00:00-05:00,21.20937266690779,21.362999759953443,20.7756073600395,21.245521545410156,1959111,0.0,0.0
2008-03-05 00:00:00-05:00,21.39010268576568,21.796758534480823,21.29973516178357,21.579875946044922,2147915,0.0,0.0
2008-03-06 00:00:00-05:00,21.742546460009443,21.796766463242857,21.344927351774835,21.381074905395508,1456378,0.0,0.0
2008-03-07 00:00:00-05:00,21.353961488560405,21.977500072181357,21.272629503394135,21.534696578979492,971355,0.0,0.0
2008-03-10 00:00:00-04:00,21.715431597647793,21.751579144281887,21.36299699955738,21.39914321899414,1345036,0.0,0.0
2008-03-11 00:00:00-04:00,21.923275391434117,22.004606032024473,21.408176910371395,21.95038604736328,911141,0.0,0.0
2008-03-12 00:00:00-04:00,21.8690566820491,21.923278000359904,21.49854832185049,21.525657653808594,908908,0.0,0.0
2008-03-13 00:00:00-04:00,20.920194882599237,21.67024856039252,20.73945846498273,21.534696578979492,2437435,0.0,0.0
2008-03-14 00:00:00-04:00,21.462403728566017,21.49855127907882,20.278582066851495,20.52257537841797,3567718,0.0,0.0
2008-03-17 00:00:00-04:00,20.070734286254588,20.513536426691207,19.736372132050054,20.088808059692383,1783782,0.0,0.0
2008-03-18 00:00:00-04:00,20.405101075451466,21.1913024865326,20.39606418609207,21.05575180053711,2866325,0.0,0.0
2008-03-19 00:00:00-04:00,20.45931743955,20.875010267466685,20.197250366210938,20.197250366210938,3026639,0.0,0.0
2008-03-20 00:00:00-04:00,20.28761835006662,20.81175383529469,20.161103254238444,20.784643173217773,1345575,0.0,0.0
2008-03-24 00:00:00-04:00,20.974418782712956,21.878099711795834,20.811757436499892,21.507591247558594,1126587,0.0,0.0
2008-03-25 00:00:00-04:00,21.570843731739338,21.832910802511172,21.34492420926635,21.679285049438477,1003926,0.0,0.0
2008-03-26 00:00:00-04:00,21.66121253047087,21.787727629650483,21.45336677010346,21.63410186767578,1496957,0.0,0.0
2008-03-27 00:00:00-04:00,21.787727850944773,21.796764738634923,21.263593673706055,21.263593673706055,2404017,0.0,0.0
2008-03-28 00:00:00-04:00,21.58891065567361,21.82386699066908,21.44432183555402,21.561800003051758,2931467,0.0,0.0
2008-03-31 00:00:00-04:00,22.02267867107478,22.51066647113455,21.968457362002447,22.420297622680664,1851080,0.0,0.0
2008-04-01 00:00:00-04:00,22.881172700312764,23.549894155253234,22.790803860025985,23.45952796936035,2747976,0.0,0.0
2008-04-02 00:00:00-04:00,23.486647120501356,24.14633329460703,23.360133345563423,24.037893295288086,2959341,0.0,0.0
2008-04-03 00:00:00-04:00,23.305913230668278,23.91137810940256,23.287839454109406,23.685457229614258,2241162,0.0,0.0
2008-04-04 00:00:00-04:00,23.504720930358186,23.875229349494695,23.31494761327985,23.694494247436523,2021173,0.0,0.0
2008-04-07 00:00:00-04:00,23.823739334292817,24.373729336377682,23.823739334292817,24.089569091796875,1604141,0.481818,0.0
2008-04-08 00:00:00-04:00,22.71459432186816,22.778761804876495,22.457933813558807,22.705429077148438,5870480,0.0,0.0
2008-04-09 00:00:00-04:00,22.68709174729901,22.76958970466356,22.30209903585439,22.641260147094727,4057284,0.0,0.0
2008-04-10 00:00:00-04:00,22.39376626821302,23.163753083404195,22.201267881607574,22.778759002685547,2182719,0.0,0.0
2008-04-11 00:00:00-04:00,22.46709500206328,22.531259777149916,21.871272117530143,21.98126983642578,1238776,0.0,0.0
2008-04-14 00:00:00-04:00,22.08210339603766,22.320433383819612,21.93544065220492,22.0179386138916,1348424,0.0,0.0
2008-04-15 00:00:00-04:00,22.34793188644315,22.494595968209037,21.92627281964698,22.457929611206055,1969814,0.0,0.0
2008-04-16 00:00:00-04:00,23.374577847995464,25.061214023933264,23.374577847995464,24.951217651367188,6750590,0.0,0.0
2008-04-17 00:00:00-04:00,24.72205169393749,25.611201286469896,24.685385342751797,25.46453857421875,5242006,0.0,0.0
2008-04-18 00:00:00-04:00,25.76703847646762,25.913703918457035,25.50121140160029,25.91370391845703,3475472,0.0,0.0
2008-04-21 00:00:00-04:00,25.336213429899082,25.492044119767808,25.21704910146916,25.427879333496094,2244935,0.0,0.0
2008-04-22 00:00:00-04:00,25.116209298597152,25.400372155577866,24.896213898268144,25.308706283569336,3527832,0.0,0.0
2008-04-23 00:00:00-04:00,26.023701106127337,27.187848663923013,26.023701106127337,27.022850036621094,4170551,0.0,0.0
2008-04-24 00:00:00-04:00,26.472854324519542,27.077843776668015,26.234525717535078,26.80284881591797,4750438,0.0,0.0
2008-04-25 00:00:00-04:00,27.206187034478596,27.206187034478596,26.45453186281635,26.940357208251953,2880416,0.0,0.0
2008-04-28 00:00:00-04:00,26.656195676834432,26.738693656220914,26.17037035351333,26.188703536987305,2855622,0.0,0.0
2008-04-29 00:00:00-04:00,25.95953590360742,26.0237006891728,25.57454180523043,25.8037052154541,3166625,0.0,0.0
2008-04-30 00:00:00-04:00,25.996198654174805,26.362859521110714,25.81286956695285,25.996198654174805,1331407,0.0,0.0
2008-05-01 00:00:00-04:00,26.21620088279796,26.74785779659155,25.849542613453018,26.50952911376953,1195271,0.0,0.0
2008-05-02 00:00:00-04:00,26.857847376241306,27.233673450022884,26.857847376241306,27.123674392700195,1290597,0.0,0.0
2008-05-05 00:00:00-04:00,26.647004472320592,26.720337142186896,26.36284441532434,26.436174392700195,1859242,0.0,0.0
2008-05-06 00:00:00-04:00,26.702018418505563,27.334506307004723,26.647018886355223,27.2061767578125,3037573,0.0,0.0
2008-05-07 00:00:00-04:00,27.60950172730148,27.756167148770338,27.01368018381412,27.142009735107422,5066908,0.0,0.0
2008-05-08 00:00:00-04:00,26.940345409487218,27.114509237894808,26.72034998662722,27.050344467163086,3444672,0.0,0.0
2008-05-09 00:00:00-04:00,26.80284630013749,27.013676468254648,26.647015657506316,26.720348358154297,1334179,0.0,0.0
2008-05-12 00:00:00-04:00,26.729521888998626,26.967850547524808,26.656191858100705,26.84868621826172,2912063,0.0,0.0
2008-05-13 00:00:00-04:00,26.527862976903478,26.812025970051675,26.463698181996243,26.738693237304688,3516205,0.0,0.0
2008-05-14 00:00:00-04:00,26.99534937249734,27.297842792055,26.848683938172037,26.958683013916016,2464000,0.0,0.0
2008-05-15 00:00:00-04:00,27.279506898290823,27.664500932593356,27.178675768471567,27.646167755126953,3213056,0.0,0.0
2008-05-16 00:00:00-04:00,27.627834474007507,27.856997845231813,27.114510891857943,27.774499893188477,2211517,0.0,0.0
2008-05-19 00:00:00-04:00,27.6736594511953,27.820324835291146,27.23366868389029,27.325334548950195,1611841,0.0,0.0
2008-05-20 00:00:00-04:00,27.13284247917648,27.508668555065128,27.123674544768992,27.444503784179688,2184182,0.0,0.0
2008-05-21 00:00:00-04:00,27.288673066302398,27.56366801800033,27.032011290883776,27.050344467163086,1611302,0.0,0.0
2008-05-22 00:00:00-04:00,27.380345204485895,27.728670248406413,26.931186321741365,27.261180877685547,2014012,0.0,0.0
2008-05-23 00:00:00-04:00,26.546192752101565,26.775356166269624,26.298696157100366,26.628690719604492,4148144,0.0,0.0
2008-05-27 00:00:00-04:00,26.592015965060195,27.123672656436856,26.592015965060195,27.096174240112305,1657579,0.0,0.0
2008-05-28 00:00:00-04:00,27.224513318767535,27.288678101338302,26.84868448194331,27.21534538269043,1159312,0.0,0.0
2008-05-29 00:00:00-04:00,26.747849254175982,27.233674402267464,26.7295160773145,27.15117645263672,1078847,0.0,0.0
2008-05-30 00:00:00-04:00,27.307012254846203,27.517842482231526,27.224514289671355,27.46284294128418,805035,0.0,0.0
2008-06-02 00:00:00-04:00,26.775354838651445,26.931185521760295,26.537026192130213,26.7111873626709,1213135,0.0,0.0
2008-06-03 00:00:00-04:00,27.09618184062976,27.206180921765995,26.692857261448207,26.87618637084961,1013166,0.0,0.0
2008-06-04 00:00:00-04:00,26.72952332995638,27.31617976372022,26.711190148120473,26.91285514831543,1412180,0.0,0.0
2008-06-05 00:00:00-04:00,26.82119103172755,26.876190580911153,26.45453006299626,26.766191482543945,1519287,0.0,0.0
2008-06-06 00:00:00-04:00,26.252858996662606,26.262024238893783,25.638704299926758,25.638704299926758,1235773,0.0,0.0
2008-06-09 00:00:00-04:00,26.005367611452336,26.051201909173667,25.116217776557843,25.45537757873535,1170400,0.0,0.0
2008-06-10 00:00:00-04:00,24.712889406392325,24.905386447853886,24.529560301067736,24.722057342529297,2511740,0.0,0.0
2008-06-11 00:00:00-04:00,24.923717474275954,24.951218587818566,24.48372658251437,24.529558181762695,1228150,0.0,0.0
2008-06-12 00:00:00-04:00,24.767891509280606,25.226218358768524,24.740393083008044,24.85038948059082,1413720,0.0,0.0
2008-06-13 00:00:00-04:00,24.868716658691223,25.19871115676035,24.74038711040938,25.006214141845703,1058827,0.0,0.0
2008-06-16 00:00:00-04:00,25.253711475725606,25.712035536363388,25.244546233059154,25.62953758239746,1007930,0.0,0.0
2008-06-17 00:00:00-04:00,26.069538591646445,26.08787177469917,25.528713730330093,25.565380096435547,1084622,0.0,0.0
2008-06-18 00:00:00-04:00,24.97872032292129,25.18955055392113,24.657893700633295,24.66705894470215,2090704,0.0,0.0
2008-06-19 00:00:00-04:00,24.062069681046424,24.126234467837943,23.191253013543573,23.89707374572754,5727183,0.0,0.0
2008-06-20 00:00:00-04:00,23.328748484062874,23.38374802185777,22.677927351387073,22.74209213256836,3318469,0.0,0.0
2008-06-23 00:00:00-04:00,22.77875486497229,22.916252341325357,22.32042949504677,22.366262435913086,2362437,0.0,0.0
2008-06-24 00:00:00-04:00,23.4570767756452,23.62207538009113,22.806255678227437,22.870420455932617,7311843,0.0,0.0
2008-06-25 00:00:00-04:00,22.705421956378174,23.209580262657912,22.64125718598547,22.91625213623047,5355658,0.0,0.0
2008-06-26 00:00:00-04:00,22.742094072609,22.787925678435037,22.16460426148353,22.21043586730957,2171400,0.0,0.0
2008-06-27 00:00:00-04:00,22.228762921581875,22.668755101468843,21.99043432898529,22.53125762939453,3105718,0.0,0.0
2008-06-30 00:00:00-04:00,22.512926500439416,22.668755806893135,22.34792925956656,22.366262435913086,1441209,0.0,0.0
2008-07-01 00:00:00-04:00,22.054605094345597,22.567928739323484,21.871274644176584,22.4212646484375,3435894,0.0,0.0
2008-07-02 00:00:00-04:00,22.503762368155506,22.549593967777657,21.504612225705465,21.522945404052734,2773155,0.0,0.0
2008-07-03 00:00:00-04:00,22.054599499703524,22.192096965889448,21.62377392615486,21.862102508544922,1719718,0.0,0.0
2008-07-07 00:00:00-04:00,22.045436499654294,22.256266700112114,21.559612668320785,21.843772888183594,1271578,0.0,0.0
2008-07-08 00:00:00-04:00,21.202119607386077,21.4312816527268,20.84462665510502,21.00962257385254,4000381,0.0,0.0
2008-07-09 00:00:00-04:00,21.504610471164813,21.532111582687953,20.752958297729492,20.752958297729492,2507967,0.0,0.0
2008-07-10 00:00:00-04:00,20.624627008520484,20.98212125774266,20.53296112602973,20.899621963500977,2059596,0.0,0.0
2008-07-11 00:00:00-04:00,20.7071291106493,21.06462343158972,20.487133641029164,20.789627075195312,2747976,0.0,0.0
2008-07-14 00:00:00-04:00,20.982120513916016,21.15628299198253,20.807955343357822,20.982120513916016,1979285,0.0,0.0
2008-07-15 00:00:00-04:00,21.57794076794833,22.366260553263825,21.009617734027344,21.6329402923584,4115034,0.0,0.0
2008-07-16 00:00:00-04:00,20.04713883814669,21.38544736047933,19.735477506782875,20.835458755493164,11241076,0.0,0.0
2008-07-17 00:00:00-04:00,20.899634107287046,21.449624336821266,20.578806024643196,21.357959747314453,5050507,0.0,0.0
2008-07-18 00:00:00-04:00,21.46794785403503,21.75210943438088,20.94545764057527,21.56877899169922,1886962,0.0,0.0
2008-07-21 00:00:00-04:00,21.99960282215828,22.07293418536742,21.651276490984465,21.752107620239258,2516206,0.0,0.0
2008-07-22 00:00:00-04:00,21.073791140400683,21.550449811543082,20.954626809176638,21.266286849975586,2666048,0.0,0.0
2008-07-23 00:00:00-04:00,21.266281788471947,21.62377604330451,21.046286359533376,21.137950897216797,2535995,0.0,0.0
2008-07-24 00:00:00-04:00,20.890456600422205,20.91795636678222,20.322133480632413,20.459630966186523,2926847,0.0,0.0
2008-07-25 00:00:00-04:00,20.862954870902513,21.17461616783076,20.73462398621074,20.982120513916016,1666126,0.0,0.0
2008-07-28 00:00:00-04:00,21.156290567733453,21.174623750146523,20.560467524293994,20.615467071533203,1628627,0.0,0.0
2008-07-29 00:00:00-04:00,20.82629169200785,21.229617557304838,20.75295898218333,21.192951202392578,1951796,0.0,0.0
2008-07-30 00:00:00-04:00,21.348783537478074,21.75210943438088,21.330450358585303,21.56877899169922,2384459,0.0,0.0
2008-07-31 00:00:00-04:00,21.055458254427897,21.486283978736864,20.83546277004497,20.890460968017578,3346035,0.0,0.0
2008-08-01 00:00:00-04:00,21.01879058165778,21.055456942185184,20.496300329126882,20.578798294067383,2003463,0.0,0.0
2008-08-04 00:00:00-04:00,20.899626412256936,21.0187907386147,20.78046208589917,20.807960510253906,1917377,0.0,0.0
2008-08-05 00:00:00-04:00,21.568776649232493,22.100433394398316,21.45877893406817,22.06376838684082,1957340,0.0,0.0
2008-08-06 00:00:00-04:00,22.237935252925052,22.274600265481197,21.90794071619703,22.18293571472168,2695385,0.0,0.0
2008-08-07 00:00:00-04:00,22.192105867877764,22.540432293692668,22.05460834653703,22.16460609436035,1074150,0.0,0.0
2008-08-08 00:00:00-04:00,21.092120150252935,22.063769135281976,21.055453795205736,21.98126983642578,2463538,0.0,0.0
2008-08-11 00:00:00-04:00,22.210434807864342,22.64126184430044,22.182936384178884,22.44876480102539,1888810,0.0,0.0
2008-08-12 00:00:00-04:00,22.696262687696102,22.907090230541897,22.46709927135053,22.760427474975586,1992606,0.0,0.0
2008-08-13 00:00:00-04:00,22.888756258762047,23.200417632627012,22.806258293325403,23.099586486816406,1700776,0.0,0.0
2008-08-14 00:00:00-04:00,22.476263891284315,22.73292436414618,22.430430942784287,22.57709503173828,2348423,0.0,0.0
2008-08-15 00:00:00-04:00,22.549594957813863,22.69626039103134,22.35709926920809,22.595426559448242,932932,0.0,0.0
2008-08-18 00:00:00-04:00,22.19210260199737,22.375433052220792,21.73377714956187,22.0271053314209,1010317,0.0,0.0
2008-08-19 00:00:00-04:00,21.623775492602668,21.788772733227496,21.348780540309914,21.44961166381836,1901977,0.0,0.0
2008-08-20 00:00:00-04:00,21.412946769456223,21.504611311047768,21.037120668060318,21.202117919921875,1812349,0.0,0.0
2008-08-21 00:00:00-04:00,21.3854461747804,21.788773373151418,21.293781636739308,21.66960906982422,2339183,0.0,0.0
2008-08-22 00:00:00-04:00,21.55961248478852,21.779607926114693,21.467946595697626,21.61461067199707,980749,0.0,0.0
2008-08-25 00:00:00-04:00,21.69710399770093,21.742936932469703,21.38544273376465,21.38544273376465,1083852,0.0,0.0
2008-08-26 00:00:00-04:00,21.816273741012463,21.95376987874885,21.596276958893146,21.752107620239258,1201354,0.0,0.0
2008-08-27 00:00:00-04:00,21.779608060191936,22.21959894555291,21.669610338851694,22.192100524902344,2194654,0.0,0.0
2008-08-28 00:00:00-04:00,22.51292545277151,22.567923633005798,22.357094807323694,22.467092514038086,1074458,0.0,0.0
2008-08-29 00:00:00-04:00,22.082106124136722,22.137105669553414,21.642115145788285,21.678781509399414,1287440,0.0,0.0
2008-09-02 00:00:00-04:00,22.558763588815395,22.613761785002854,21.862109449219997,21.990440368652344,1944943,0.0,0.0
2008-09-03 00:00:00-04:00,21.63294692661784,21.77044443356414,21.082956898832645,21.165454864501953,2047892,0.0,0.0
2008-09-04 00:00:00-04:00,20.532965156366437,20.70712902103894,20.03797467874013,20.129640579223633,1962345,0.0,0.0
2008-09-05 00:00:00-04:00,19.524650152702396,20.175471285960704,19.497150383780333,20.065473556518555,3091011,0.0,0.0
2008-09-08 00:00:00-04:00,20.12963740141285,20.257968295584355,19.469648407106895,19.863807678222656,2583350,0.0,0.0
2008-09-09 00:00:00-04:00,19.588809996689005,19.74464063505833,19.12131808158102,19.20381736755371,2509122,0.0,0.0
2008-09-10 00:00:00-04:00,19.28632062636227,19.552150386009853,19.084658341969636,19.350486755371094,4072453,0.0,0.0
2008-09-11 00:00:00-04:00,18.8738287395054,19.304654438219597,18.80049736448302,19.258821487426758,3307150,0.0,0.0
2008-09-12 00:00:00-04:00,18.681334888390772,18.681334888390772,18.168011136677123,18.378841400146484,4132359,0.0,0.0
2008-09-15 00:00:00-04:00,18.15884310367295,18.608000644350017,18.039677429517774,18.094676971435547,4127508,0.0,0.0
2008-09-16 00:00:00-04:00,18.14050791372281,18.974659462938156,18.14050791372281,18.87382698059082,4056899,0.0,0.0
2008-09-17 00:00:00-04:00,17.819678680786843,18.00300910725464,17.159689684001147,17.563016891479492,4416258,0.0,0.0
2008-09-18 00:00:00-04:00,17.83801245216315,18.589666070821785,17.416354714039,18.351337432861328,3129742,0.0,0.0
2008-09-19 00:00:00-04:00,19.304645538330078,19.88213506709913,19.112149926237425,19.304645538330078,3518438,0.0,0.0
2008-09-22 00:00:00-04:00,18.965490018898922,19.066321139822854,18.195503364468053,18.204669952392578,3211439,0.0,0.0
2008-09-23 00:00:00-04:00,18.342171553163364,18.342171553163364,17.398022208164885,17.434688568115234,2673055,0.0,0.0
2008-09-24 00:00:00-04:00,17.57218338825019,17.581349976837956,17.113857997599727,17.205522537231445,3763914,0.0,0.0
2008-09-25 00:00:00-04:00,17.590515745365405,17.618015511951302,17.17802328531487,17.242189407348633,3050971,0.0,0.0
2008-09-26 00:00:00-04:00,16.811366048181615,17.25135833445447,16.78386627786841,17.09552764892578,5506963,0.0,0.0
2008-09-29 00:00:00-04:00,16.206378858933846,16.27054499905876,14.78557064720281,14.932234764099121,5112184,0.0,0.0
2008-09-30 00:00:00-04:00,16.151378504287447,16.270542830965542,15.82138394868181,16.1422119140625,3232999,0.0,0.0
2008-10-01 00:00:00-04:00,16.233868926058516,16.463030882696394,15.949707453629685,16.362199783325195,1906289,0.0,0.0
2008-10-02 00:00:00-04:00,16.453865106313803,16.463031692729988,15.583048820495604,15.583048820495605,3099943,0.0,0.0
2008-10-03 00:00:00-04:00,15.665552997509469,16.18804324655496,15.363058217668556,15.372224807739258,2720949,0.0,0.0
2008-10-06 00:00:00-04:00,15.399721309779359,15.463887426656772,14.05224631781238,14.739733695983887,3930927,0.0,0.0
2008-10-07 00:00:00-04:00,15.390559076607115,15.436392030202851,13.942251205444338,13.942251205444336,2493876,0.0,0.0
2008-10-08 00:00:00-04:00,14.519738455826328,15.124727950807511,13.859750772548862,14.253910064697266,5473545,0.0,0.0
2008-10-09 00:00:00-04:00,14.721403682465438,14.758070042844182,13.291429090155987,13.438093185424805,2692921,0.0,0.0
2008-10-10 00:00:00-04:00,13.465589178590932,14.18974151546837,12.750602082991158,13.548087120056152,3991218,0.0,0.0
2008-10-13 00:00:00-04:00,14.382240462820159,14.82223268503549,13.823083932842627,14.785566329956055,2072994,0.0,0.0
2008-10-14 00:00:00-04:00,14.226410438839977,14.354741341134956,13.117263917846637,13.410592079162598,3803107,0.0,0.0
2008-10-15 00:00:00-04:00,13.025596792783249,14.400572923612929,13.025596792783249,13.603086471557617,8365049,0.0,0.0
2008-10-16 00:00:00-04:00,13.786423213672784,14.45557632460456,13.03476808564974,14.373078346252441,4248244,0.0,0.0
2008-10-17 00:00:00-04:00,13.740587987602167,15.078898158431478,13.438094523104633,14.043084144592285,3512509,0.0,0.0
2008-10-20 00:00:00-04:00,14.51057480470365,15.812218602868692,14.455575259025554,15.628888130187988,6019706,0.0,0.0
2008-10-21 00:00:00-04:00,14.868071084587136,15.335563244654006,14.48307825372137,14.501411437988281,2646644,0.0,0.0
2008-10-22 00:00:00-04:00,14.061413508014333,14.308908729199363,13.10809763460995,13.36475944519043,2466772,0.0,0.0
2008-10-23 00:00:00-04:00,13.896413596016721,14.171408506324042,13.254757907802523,13.988078117370605,4435200,0.0,0.0
2008-10-24 00:00:00-04:00,13.016436134556104,14.758072372523753,12.961436585305869,14.363911628723145,3636325,0.0,0.0
2008-10-27 00:00:00-04:00,14.93223491932342,15.115565403911166,14.24474728492734,14.363911628723145,3375757,0.0,0.0
2008-10-28 00:00:00-04:00,14.57473788834873,15.509720545300972,14.024747931759645,15.491387367248535,2732422,0.0,0.0
2008-10-29 00:00:00-04:00,15.115562330553168,15.665552326243814,14.932231883240918,15.21639347076416,3624775,0.0,0.0
2008-10-30 00:00:00-04:00,15.445558627797725,15.729718901479039,15.005566311821537,15.601387977600098,1769152,0.0,0.0
2008-10-31 00:00:00-04:00,15.161390522440737,16.417202255876532,15.088059167757939,16.087207794189453,2531683,0.0,0.0
2008-11-03 00:00:00-05:00,15.940548849757223,16.298041842673317,15.784718156564189,16.22471046447754,3595900,0.0,0.0
2008-11-04 00:00:00-05:00,16.664701365592908,17.48051977866323,16.527203865117617,17.269689559936523,3115420,0.0,0.0
2008-11-05 00:00:00-05:00,16.563871373931743,16.930532327947066,15.858050585635501,15.903884887695312,2670052,0.0,0.0
2008-11-06 00:00:00-05:00,15.528055717520871,15.683886404732903,14.363909531655432,14.418909072875977,3243240,0.0,0.0
2008-11-07 00:00:00-05:00,15.033063199178734,15.500555239478903,14.785567967474103,15.188895225524902,3196347,0.0,0.0
2008-11-10 00:00:00-05:00,15.995547918035127,16.004714508318138,14.886399917514103,15.042230606079102,2271038,0.0,0.0
2008-11-11 00:00:00-05:00,14.87723052089662,14.913895525548423,14.235574765171624,14.345572471618652,2352119,0.0,0.0
2008-11-12 00:00:00-05:00,13.63059185396107,14.00641943721433,13.419762928352469,13.483927726745605,2550702,0.0,0.0
2008-11-13 00:00:00-05:00,13.364759776518367,14.648070207481586,12.842269553008814,14.638903617858887,2997148,0.0,0.0
2008-11-14 00:00:00-05:00,13.667254975014439,14.41890861668312,13.603088845620594,13.813919067382812,1798489,0.0,0.0
2008-11-17 00:00:00-05:00,13.676424110371329,13.804755046797725,13.254764934614203,13.282264709472656,1175559,0.0,0.0
2008-11-18 00:00:00-05:00,13.245591516303055,13.603084366474304,12.897263906781204,13.337257385253906,1999074,0.0,0.0
2008-11-19 00:00:00-05:00,13.00726604842056,13.199763072832846,12.154781341552734,12.154781341552734,2267419,0.0,0.0
2008-11-20 00:00:00-05:00,12.081450884705122,12.713940264264817,11.586460367002978,11.604793548583984,2694461,0.0,0.0
2008-11-21 00:00:00-05:00,12.649772949959498,12.668106129832124,11.852287702977096,12.631441116333008,3247860,0.0,0.0
2008-11-24 00:00:00-05:00,13.153927733201552,13.978912522671347,12.943097569005975,13.749749183654785,1719949,0.0,0.0
2008-11-25 00:00:00-05:00,13.960585285930565,13.960585285930565,13.309764034190108,13.648923873901367,1955415,0.0,0.0
2008-11-26 00:00:00-05:00,13.511426811257493,14.391411529496553,13.428928832905374,14.373078346252441,1696772,0.0,0.0
2008-11-28 00:00:00-05:00,13.74975470240788,14.052250862121582,13.722256275385094,14.052250862121582,471394,0.0,0.0
2008-12-01 00:00:00-05:00,13.144765363173937,13.236429920442875,12.603941917419434,12.603941917419434,1895663,0.0,0.0
2008-12-02 00:00:00-05:00,12.750604116965564,13.190596349541055,12.567273683497609,12.998099327087402,2228534,0.0,0.0
2008-12-03 00:00:00-05:00,12.51227927841539,13.300598092025984,12.51227927841539,13.227265357971191,2242317,0.0,0.0
2008-12-04 00:00:00-05:00,12.89726682047876,13.2639276866253,12.70477114468552,12.888101577758789,2399474,0.0,0.0
2008-12-05 00:00:00-05:00,12.73227174782027,13.062266279776512,12.429776984568063,12.988933563232422,3379068,0.0,0.0
2008-12-08 00:00:00-05:00,12.86977175857696,13.383095489654034,12.82393880178567,13.254764556884766,2620772,0.0,0.0
2008-12-09 00:00:00-05:00,13.007263841156044,13.896414753455485,12.915597965921599,13.548087120056152,2692998,0.0,0.0
2008-12-10 00:00:00-05:00,14.253913853825944,14.987234444765635,14.043084941194367,14.721405982971191,3235386,0.0,0.0
2008-12-11 00:00:00-05:00,14.849731285203873,15.198058938612602,14.32723980509078,14.556403160095215,1655038,0.0,0.0
2008-12-12 00:00:00-05:00,14.428075240765297,15.152227768162575,14.428075240765297,15.069729804992676,2239468,0.0,0.0
2008-12-15 00:00:00-05:00,15.491387598362227,15.518887365851146,14.996397168545764,15.399723052978516,2463538,0.0,0.0
2008-12-16 00:00:00-05:00,15.353896398861433,16.004719111141643,15.161399293803829,15.95888614654541,2881417,0.0,0.0
2008-12-17 00:00:00-05:00,15.445557392053571,16.197209693743726,15.445557392053571,15.894716262817383,2859703,0.0,0.0
2008-12-18 00:00:00-05:00,16.197206392550388,16.49053451994909,15.399721303448464,15.693049430847168,4435816,0.0,0.0
2008-12-19 00:00:00-05:00,16.013877221323852,16.13304151990477,15.766380689852559,15.96804428100586,1892121,0.0,0.0
2008-12-22 00:00:00-05:00,16.14221162475037,16.14221162475037,15.473055935307235,15.76638412475586,1735503,0.0,0.0
2008-12-23 00:00:00-05:00,16.16971333892095,16.243044721976226,15.812218976068323,15.903884887695312,1618771,0.0,0.0
2008-12-24 00:00:00-05:00,15.830548314767759,16.07804352357665,15.830548314767759,15.940546035766602,466928,0.0,0.0
2008-12-26 00:00:00-05:00,15.894715458409905,16.09637773548831,15.894715458409905,16.013879776000977,375760,0.0,0.0
2008-12-29 00:00:00-05:00,15.995544365095348,16.050542548331,15.610550351216357,15.748047828674316,1222606,0.0,0.0
2008-12-30 00:00:00-05:00,16.12388313304844,16.48137621062548,15.940552624773616,16.408044815063477,874797,0.0,0.0
2008-12-31 00:00:00-05:00,16.334709296957463,16.6280375218436,16.288877687363346,16.563871383666992,1101331,0.0,0.0
2009-01-02 00:00:00-05:00,16.22471129180453,16.756368186134296,16.05054740862007,16.68303680419922,2020865,0.0,0.0
2009-01-05 00:00:00-05:00,16.316373539133526,16.747200563536282,16.288875116216122,16.609703063964844,1298528,0.0,0.0
2009-01-06 00:00:00-05:00,16.756367131439973,17.16885966275783,16.655535982783487,17.003862380981445,2097403,0.0,0.0
2009-01-07 00:00:00-05:00,16.37136726549574,16.55469630234366,16.0413741914221,16.2522029876709,1948485,0.0,0.0
2009-01-08 00:00:00-05:00,16.307208124723648,16.38054084777832,15.903883532907749,16.38054084777832,1676675,0.0,0.0
2009-01-09 00:00:00-05:00,15.931386210610992,15.968052581926232,15.418062397183855,15.473060607910156,1437128,0.0,0.0
2009-01-12 00:00:00-05:00,15.033061564866614,15.143059284082977,14.75806793994869,14.895564079284668,1547931,0.0,0.0
2009-01-13 00:00:00-05:00,14.75806903345858,15.253059479731874,14.730569265055383,15.014729499816895,2116422,0.0,0.0
2009-01-14 00:00:00-05:00,14.574737278803799,14.638902053057823,14.1530782399704,14.272242546081543,2965347,0.0,0.0
2009-01-15 00:00:00-05:00,14.813064018897588,15.344720708006585,14.593068611764823,15.16139030456543,3920994,0.0,0.0
2009-01-16 00:00:00-05:00,15.573888235987074,15.573888235987074,14.84056777131136,15.31722640991211,2281356,0.0,0.0
2009-01-20 00:00:00-05:00,15.133894747596873,15.243892471945067,14.574738190393683,14.62057113647461,1737813,0.0,0.0
2009-01-21 00:00:00-05:00,15.10639294313073,15.24389041658849,14.593069401220651,15.179725646972656,2150610,0.0,0.0
2009-01-22 00:00:00-05:00,14.418908208261247,14.849733883249636,14.3180757220699,14.602238655090332,1610840,0.0,0.0
2009-01-23 00:00:00-05:00,13.88725380890781,14.996400579971377,13.878087217659592,14.868069648742676,2391235,0.0,0.0
2009-01-26 00:00:00-05:00,14.84056792012352,15.308059973463164,14.767235199797545,14.904732704162598,1600445,0.0,0.0
2009-01-27 00:00:00-05:00,15.198063370763073,15.64722093121624,15.152229070900683,15.601387977600098,1541463,0.0,0.0
2009-01-28 00:00:00-05:00,16.738031763553153,16.747198352063872,16.2338734342014,16.453868865966797,2903747,0.0,0.0
2009-01-29 00:00:00-05:00,15.803045819310459,15.803045819310459,15.143056914782965,15.280555725097656,2091012,0.0,0.0
2009-01-30 00:00:00-05:00,15.46388634530309,15.58305063635382,15.0422260135147,15.16139030456543,1245090,0.0,0.0
2009-02-02 00:00:00-05:00,15.02389662722125,15.473055488484261,14.996398204079526,15.298892974853516,1916222,0.0,0.0
2009-02-03 00:00:00-05:00,15.353887093906994,15.858044013943786,15.060558990750614,15.775546073913574,2512818,0.0,0.0
2009-02-04 00:00:00-05:00,15.463888156001099,16.041377850151267,15.408888624655013,15.610550880432129,2183258,0.0,0.0
2009-02-05 00:00:00-05:00,15.647220441139565,16.105545924207288,15.363058830112045,15.922215461730957,2656577,0.0,0.0
2009-02-06 00:00:00-05:00,16.37137050449228,16.921360416340146,16.298037798248085,16.774696350097656,2264493,0.0,0.0
2009-02-09 00:00:00-05:00,17.031360626220703,17.095526753590985,16.728867207356217,17.031360626220703,2663584,0.0,0.0
2009-02-10 00:00:00-05:00,16.42636999688252,16.68303314294378,15.757215730311456,15.949712753295898,2845304,0.0,0.0
2009-02-11 00:00:00-05:00,15.958879499139881,16.188041534174268,15.583053384734605,15.78471565246582,1859781,0.0,0.0
2009-02-12 00:00:00-05:00,15.528053850128265,15.830548597971104,15.234725691386483,15.78471565246582,1956262,0.0,0.0
2009-02-13 00:00:00-05:00,16.28887137539688,16.618865837081923,16.123874144554357,16.261371612548828,2395085,0.0,0.0
2009-02-17 00:00:00-05:00,15.445556298310276,15.473054720086417,14.877233144169228,14.959731101989746,2455838,0.0,0.0
2009-02-18 00:00:00-05:00,15.03306321377904,15.03306321377904,14.593072288652865,14.767234802246094,1493646,0.0,0.0
2009-02-19 00:00:00-05:00,14.776404338883747,14.840570480238139,14.253914001412099,14.373078346252441,2429119,0.0,0.0
2009-02-20 00:00:00-05:00,13.933085938337829,14.400578070686322,13.896420918224393,14.18974781036377,2743741,0.0,0.0
2009-02-23 00:00:00-05:00,14.024752751777534,14.070584366414002,13.438096237461847,13.493094444274902,1737967,0.0,0.0
2009-02-24 00:00:00-05:00,13.658086510991081,14.180576679376644,13.538922204714193,14.098078727722168,1599983,0.0,0.0
2009-02-25 00:00:00-05:00,13.988079928956221,14.593069348482317,13.722251570981625,14.26307487487793,2762760,0.0,0.0
2009-02-26 00:00:00-05:00,14.510569749624848,14.776398101969205,14.052245746959851,14.134743690490723,2696463,0.0,0.0
2009-02-27 00:00:00-05:00,13.832255864339674,14.217248702639846,13.749756533545467,13.868922233581543,2631398,0.0,0.0
2009-03-02 00:00:00-05:00,13.465593630018395,13.63975615804656,13.025599975932444,13.089767456054688,2884035,0.0,0.0
2009-03-03 00:00:00-05:00,13.318924502779392,13.355589504915992,12.860599186737575,13.117260932922363,2057209,0.0,0.0
2009-03-04 00:00:00-05:00,13.538923947488744,14.501407802745408,13.538923947488744,14.30890941619873,4253865,0.0,0.0
2009-03-05 00:00:00-05:00,13.71308443561979,13.978912782982743,13.328091795947145,13.447256088256836,3644718,0.0,0.0
2009-03-06 00:00:00-05:00,13.731418661777035,13.988081812613018,13.098930739483636,13.410592079162598,2336180,0.0,0.0
2009-03-09 00:00:00-04:00,13.291427900418755,13.648920843373267,13.108097461181396,13.135597229003906,1533994,0.0,0.0
2009-03-10 00:00:00-04:00,14.015583142663848,14.666404315876072,13.859752455451817,14.418909072875977,2951872,0.0,0.0
2009-03-11 00:00:00-04:00,15.308061145422155,15.473057086295107,14.63890540620281,14.98723316192627,5079844,0.0,0.0
2009-03-12 00:00:00-04:00,14.68473394164648,15.042226834305549,14.565569644093458,15.005561828613281,5065368,0.0,0.0
2009-03-13 00:00:00-04:00,14.978065024487634,15.353891167383077,14.913898895916013,15.298892974853516,2176944,0.0,0.0
2009-03-16 00:00:00-04:00,15.821380074360256,15.85804508003537,15.042226827269046,15.179725646972656,3445904,0.0,0.0
2009-03-17 00:00:00-04:00,15.00556522719849,15.775550714816513,14.840567952352869,15.76638412475586,2190342,0.0,0.0
2009-03-18 00:00:00-04:00,15.537220313426937,16.444703203361694,15.436389180377743,16.3438720703125,2578114,0.0,0.0
2009-03-19 00:00:00-04:00,16.82969868797891,16.84803186759903,16.22470914549954,16.307207107543945,3959494,0.0,0.0
2009-03-20 00:00:00-04:00,16.151376392152237,16.37137183628947,15.326391457268612,15.491387367248535,3687915,0.0,0.0
2009-03-23 00:00:00-04:00,15.839714166978272,16.453868865966797,15.738881693360366,16.453868865966797,1797180,0.0,0.0
2009-03-24 00:00:00-04:00,15.894717724598987,16.224710955843182,15.638054527525147,15.683887481689453,2195732,0.0,0.0
2009-03-25 00:00:00-04:00,16.43554103628632,16.472207402258682,15.51889131070184,15.986383438110352,4282509,0.0,0.0
2009-03-26 00:00:00-04:00,16.087213894632296,16.75636831312721,16.078047303540153,16.692203521728516,3251171,0.0,0.0
2009-03-27 00:00:00-04:00,15.913052052411993,16.07804800679489,15.766386588522549,15.986383438110352,2005696,0.0,0.0
2009-03-30 00:00:00-04:00,15.930515338819895,16.02362131869789,15.697749705416959,15.893272399902344,3616844,0.350649,0.0
2009-03-31 00:00:00-04:00,16.26569879773797,16.591570405879946,16.209834390242616,16.302940368652344,2732345,0.0,0.0
2009-04-01 00:00:00-04:00,15.986380984588894,16.67536999716341,15.939828670772638,16.545021057128906,3294753,0.0,0.0
2009-04-02 00:00:00-04:00,16.796402420148183,17.35504093300596,16.563635461513687,17.1315860748291,2061136,0.0,0.0
2009-04-03 00:00:00-04:00,16.982620374083528,17.70885091357994,16.889513018112186,17.671607971191406,2844842,0.0,0.0
2009-04-06 00:00:00-04:00,17.77402752850138,17.77402752850138,17.23401024745357,17.699542999267578,3974432,0.0,0.0
2009-04-07 00:00:00-04:00,17.001238662258903,17.224693539922264,16.721918014056076,16.796403884887695,1765995,0.0,0.0
2009-04-08 00:00:00-04:00,17.178141631304616,17.30849055120415,16.898822321889057,17.150209426879883,1892352,0.0,0.0
2009-04-09 00:00:00-04:00,17.280558121197682,18.090585201861366,17.271247386510982,17.848508834838867,2680909,0.0,0.0
2009-04-13 00:00:00-04:00,17.783332315227852,18.193000507478168,17.531943865565534,18.09058380126953,2040423,0.0,0.0
2009-04-14 00:00:00-04:00,17.885748309745377,18.351280887266835,17.867126842554633,18.239553451538086,3641484,0.0,0.0
2009-04-15 00:00:00-04:00,18.071961614237104,18.611978693105822,17.68091490547862,18.239553451538086,3435355,0.0,0.0
2009-04-16 00:00:00-04:00,17.857819081239576,18.779572218108452,17.857819081239576,18.667844772338867,4558862,0.0,0.0
2009-04-17 00:00:00-04:00,18.835434254517455,19.468558692531655,18.73301754863249,19.26372528076172,4234076,0.0,0.0
2009-04-20 00:00:00-04:00,18.37921759064061,18.41646053414597,17.820578907724414,17.876441955566406,2770614,0.0,0.0
2009-04-21 00:00:00-04:00,17.736778970164917,18.20231157473442,17.690226666899022,18.155757904052734,2566795,0.0,0.0
2009-04-22 00:00:00-04:00,17.811264532432688,18.919230935995493,17.792643064484974,18.639911651611328,4663197,0.0,0.0
2009-04-23 00:00:00-04:00,18.89129956522384,19.012339112209286,18.453699151447015,18.965784072875977,2785013,0.0,0.0
2009-04-24 00:00:00-04:00,18.69577923407086,18.909923417046365,18.59336114294553,18.714399337768555,1775620,0.0,0.0
2009-04-27 00:00:00-04:00,18.276796104161356,18.47232015386275,18.01609828283669,18.137136459350586,2174788,0.0,0.0
2009-04-28 00:00:00-04:00,17.820579705534715,18.155762109840598,17.77402602406885,17.97886085510254,1380456,0.0,0.0
2009-04-29 00:00:00-04:00,18.31404435723986,18.71440054228856,18.25817857288707,18.351285934448242,1009778,0.0,0.0
2009-04-30 00:00:00-04:00,19.003030388768725,19.97133729520989,18.909923035080936,19.6920166015625,4476241,0.0,0.0
2009-05-01 00:00:00-04:00,19.654776477249868,20.017891081167836,19.300971241971368,19.719951629638672,1849540,0.0,0.0
2009-05-04 00:00:00-04:00,19.85029436457269,20.641698477515117,19.85029436457269,20.59514617919922,2875796,0.0,0.0
2009-05-05 00:00:00-04:00,20.390319170753408,20.436872854186852,19.636156336212427,20.008583068847656,1951026,0.0,0.0
2009-05-06 00:00:00-04:00,19.71063578486044,19.943402774651084,19.310278312712775,19.66408348083496,1934548,0.0,0.0
2009-05-07 00:00:00-04:00,19.394077055463338,19.44062936461151,18.165070933497898,18.472322463989258,3311770,0.0,0.0
2009-05-08 00:00:00-04:00,18.53749828649538,18.667847218207573,17.79264627141428,18.37921714782715,2530451,0.0,0.0
2009-05-11 00:00:00-04:00,17.708849181954214,18.06265299780126,17.550566692280285,17.848508834838867,1610455,0.0,0.0
2009-05-12 00:00:00-04:00,18.090581377457674,18.183687337225937,17.429524824114704,17.811262130737305,1395548,0.0,0.0
2009-05-13 00:00:00-04:00,17.60643029007342,17.64367322710614,17.05710243850405,17.196762084960938,2161544,0.0,0.0
2009-05-14 00:00:00-04:00,17.74609366681449,17.941617759920234,17.55988030992408,17.801958084106445,1489026,0.0,0.0
2009-05-15 00:00:00-04:00,17.904374759399317,18.248867896047138,17.801958028765217,17.839200973510742,1509585,0.0,0.0
2009-05-18 00:00:00-04:00,17.913686793616932,18.770266380335457,17.913686793616932,18.60267448425293,2603986,0.0,0.0
2009-05-19 00:00:00-04:00,18.76094934366544,19.245103395615054,18.686464841204742,18.92854118347168,2234925,0.0,0.0
2009-05-20 00:00:00-04:00,19.25441611976916,19.589598466615282,18.798194221861404,18.891300201416016,1469006,0.0,0.0
2009-05-21 00:00:00-04:00,18.677156271404886,18.86336823283901,18.332661818144736,18.500253677368164,2001769,0.0,0.0
2009-05-22 00:00:00-04:00,18.630603623063365,18.705088138254652,18.19300316499366,18.45370101928711,1519826,0.0,0.0
2009-05-26 00:00:00-04:00,18.40714766381795,19.114756671286774,18.379215459427886,19.04958152770996,1854468,0.0,0.0
2009-05-27 00:00:00-04:00,18.937851717790103,19.133375756741135,18.649221709889677,18.751638412475586,1790404,0.0,0.0
2009-05-28 00:00:00-04:00,18.8447490777592,18.993719485652857,18.248867446184573,18.816818237304688,2244242,0.0,0.0
2009-05-29 00:00:00-04:00,19.124068466543974,19.328901908597675,18.937855127700278,19.273038864135742,1236158,0.0,0.0
2009-06-01 00:00:00-04:00,19.589603365170856,20.483425915100593,19.561671154095013,20.334455490112305,2735964,0.0,0.0
2009-06-02 00:00:00-04:00,20.604460917955056,20.678946802549216,20.194792654935185,20.259967803955078,2690072,0.0,0.0
2009-06-03 00:00:00-04:00,19.794431177140346,19.840984845721042,19.31958785986446,19.533733367919922,1576421,0.0,0.0
2009-06-04 00:00:00-04:00,19.710638906058133,19.868921414022704,19.412699463902328,19.775814056396484,2183104,0.0,0.0
2009-06-05 00:00:00-04:00,19.63615031315929,19.74787911912866,19.021648717406496,19.105443954467773,2490565,0.0,0.0
2009-06-08 00:00:00-04:00,18.76095241035923,19.170620659397407,18.68646789572318,19.05889320373535,1144220,0.0,0.0
2009-06-09 00:00:00-04:00,19.12406902500117,19.570978863411067,19.12406902500117,19.459251403808594,1841147,0.0,0.0
2009-06-10 00:00:00-04:00,19.868919748407112,20.0458209782352,19.570977596395796,19.8968505859375,3117422,0.0,0.0
2009-06-11 00:00:00-04:00,19.710636066494697,20.017887567565737,19.710636066494697,19.76650047302246,1451065,0.0,0.0
2009-06-12 00:00:00-04:00,19.803742397158743,19.859606800827386,19.42200504025454,19.813053131103516,1510278,0.0,0.0
2009-06-15 00:00:00-04:00,19.35683247992116,19.496492130406182,19.01233940467989,19.37545394897461,2119964,0.0,0.0
2009-06-16 00:00:00-04:00,19.459250861763074,19.60822125955541,19.152000698268854,19.254417419433594,1927695,0.0,0.0
2009-06-17 00:00:00-04:00,18.95647762906501,19.319592223767437,18.630604610223525,19.20786476135254,1910755,0.0,0.0
2009-06-18 00:00:00-04:00,18.937851917206235,19.14268669195069,18.816813746072764,18.92854118347168,1552628,0.0,0.0
2009-06-19 00:00:00-04:00,19.012341035802034,19.40338781722593,18.98440746240951,19.254417419433594,1225224,0.0,0.0
2009-06-22 00:00:00-04:00,18.96578646297145,19.235796426704045,18.667847027400317,18.714399337768555,1231153,0.0,0.0
2009-06-23 00:00:00-04:00,18.94716407047075,18.94716407047075,18.304730231733753,18.667844772338867,3724875,0.0,0.0
2009-06-24 00:00:00-04:00,19.030960692921436,19.459249007418236,18.993716387752542,19.198551177978516,943635,0.0,0.0
2009-06-25 00:00:00-04:00,18.863365381861342,19.757187584351563,18.835433181643083,19.62683868408203,1308923,0.0,0.0
2009-06-26 00:00:00-04:00,19.952715939074174,20.0365111904585,19.766502598045026,19.90616226196289,1371986,0.0,0.0
2009-06-29 00:00:00-04:00,19.943407912040833,20.055135384864933,19.766505282409906,20.008583068847656,765457,0.0,0.0
2009-06-30 00:00:00-04:00,20.278585175813898,20.37169251901344,19.896849170943234,20.157546997070312,997843,0.0,0.0
2009-07-01 00:00:00-04:00,20.827915315438446,21.08861315304332,20.68825566190613,20.73480796813965,1678908,0.0,0.0
2009-07-02 00:00:00-04:00,20.50204556218612,20.57653145175083,20.250658419737395,20.548599243164062,2280124,0.0,0.0
2009-07-06 00:00:00-04:00,20.259970961326268,20.502047389151155,19.924787163248563,20.334455490112305,1843149,0.0,0.0
2009-07-07 00:00:00-04:00,20.44618205066809,20.52997730711985,19.962027881679962,20.01789093017578,1911525,0.0,0.0
2009-07-08 00:00:00-04:00,19.813058538350656,19.87823369375124,19.44994255023682,19.74788475036621,1850464,0.0,0.0
2009-07-09 00:00:00-04:00,20.110996570213374,20.297208539163385,19.859609454939694,20.176170349121094,1271963,0.0,0.0
2009-07-10 00:00:00-04:00,19.543048397163002,19.96202740423289,19.487183982587272,19.775814056396484,1948870,0.0,0.0
2009-07-13 00:00:00-04:00,20.15754928896716,20.49273302776399,19.878231329857773,20.474111557006836,1478477,0.0,0.0
2009-07-14 00:00:00-04:00,20.37169956466437,20.63239748095509,20.28790292680331,20.483427047729492,2696925,0.0,0.0
2009-07-15 00:00:00-04:00,21.36792926280021,21.91725706000305,21.191026696818508,21.777597427368164,5605369,0.0,0.0
2009-07-16 00:00:00-04:00,21.563457952594874,21.889330954928162,21.293449362347058,21.824155807495117,3267495,0.0,0.0
2009-07-17 00:00:00-04:00,21.842772901329358,22.196578060958952,21.675182422995114,22.16864585876465,2216445,0.0,0.0
2009-07-20 00:00:00-04:00,22.24313662700474,22.392107037413673,21.973128014529067,22.373485565185547,2354968,0.0,0.0
2009-07-21 00:00:00-04:00,22.336234747939308,22.364166946436313,21.758974781996905,22.23381805419922,2019479,0.0,0.0
2009-07-22 00:00:00-04:00,22.39210553586327,22.932122724602614,22.298998180966148,22.671424865722656,2264339,0.0,0.0
2009-07-23 00:00:00-04:00,22.447966942132854,22.96005325442418,22.401414635499748,22.792461395263672,1985368,0.0,0.0
2009-07-24 00:00:00-04:00,22.66211156316661,22.811081946711294,22.373481530512283,22.764528274536133,1018479,0.0,0.0
2009-07-27 00:00:00-04:00,22.69935600832107,22.717977478427745,22.112785169624498,22.447967529296875,1913989,0.0,0.0
2009-07-28 00:00:00-04:00,22.22451458608129,22.736600957002935,22.22451458608129,22.680736541748047,1527218,0.0,0.0
2009-07-29 00:00:00-04:00,22.727286910749232,22.969361906012452,22.513141384213245,22.922809600830078,1112650,0.0,0.0
2009-07-30 00:00:00-04:00,23.211437227796875,23.863183145281706,23.13695408981154,23.537311553955078,4213363,0.0,0.0
2009-07-31 00:00:00-04:00,23.956291684149058,24.40320147373346,23.788698461931123,24.216989517211914,3501344,0.0,0.0
2009-08-03 00:00:00-04:00,24.393898148067873,24.60804372874438,24.179752567391365,24.57080078125,2388925,0.0,0.0
2009-08-04 00:00:00-04:00,24.63596505372672,24.7383817523509,24.403198089233644,24.53354835510254,2349732,0.0,0.0
2009-08-05 00:00:00-04:00,24.002854664906792,24.086652680701015,23.416284963344822,23.658361434936523,2389926,0.0,0.0
2009-08-06 00:00:00-04:00,23.928355089780037,23.99353159093475,23.27661195688385,23.444202423095703,1701315,0.0,0.0
2009-08-07 00:00:00-04:00,23.91904640197754,24.16112274218326,23.723522362632472,23.91904640197754,2886037,0.0,0.0
2009-08-10 00:00:00-04:00,23.714219962760943,23.77939375007782,23.537317338758925,23.770084381103516,2518593,0.0,0.0
2009-08-11 00:00:00-04:00,23.35110152383615,23.60248726298427,23.11833451958925,23.518692016601562,1596364,0.0,0.0
2009-08-12 00:00:00-04:00,23.937673751401743,24.25423603863732,23.9097429109883,24.09595489501953,1857856,0.0,0.0
2009-08-13 00:00:00-04:00,24.198371432908417,24.291478791608768,23.937673563379537,24.22630500793457,1494955,0.0,0.0
2009-08-14 00:00:00-04:00,24.198371630716515,24.198371630716515,23.63973294361206,23.807323455810547,1143758,0.0,0.0
2009-08-17 00:00:00-04:00,23.425582243085806,23.472137280015218,23.174196529959357,23.276613235473633,1212211,0.0,0.0
2009-08-18 00:00:00-04:00,23.695596641693868,23.835256309240542,23.52800613457067,23.732839584350586,1233848,0.0,0.0
2009-08-19 00:00:00-04:00,23.78869433952162,24.235606786491022,23.639725347085978,24.189054489135742,1772309,0.0,0.0
2009-08-20 00:00:00-04:00,24.328718562252263,24.570794928470615,24.198368277071445,24.35664939880371,2004233,0.0,0.0
2009-08-21 00:00:00-04:00,24.905981278227046,25.07357178494326,24.626661943812,25.04564094543457,2187031,0.0,0.0
2009-08-24 00:00:00-04:00,25.49255048618525,25.557724267492276,24.8966688818102,24.96184539794922,1521597,0.0,0.0
2009-08-25 00:00:00-04:00,25.35288369754704,25.41805746054302,24.89666188691271,25.14805030822754,1604295,0.0,0.0
2009-08-26 00:00:00-04:00,25.269089601956413,25.715999332301646,25.1852943693706,25.594961166381836,2415105,0.0,0.0
2009-08-27 00:00:00-04:00,25.7904931894755,25.967395810204923,25.44600005165094,25.948774337768555,1866634,0.0,0.0
2009-08-28 00:00:00-04:00,26.581900736294447,26.833286529010437,25.864980835883873,26.04188346862793,1714097,0.0,0.0
2009-08-31 00:00:00-04:00,25.622892844982374,25.69737597132842,25.32495213510475,25.576337814331055,1055824,0.0,0.0
2009-09-01 00:00:00-04:00,25.35288521225389,25.86497145097844,24.74769437363862,24.794246673583984,2194115,0.0,0.0
2009-09-02 00:00:00-04:00,24.030777988621,24.63596890921682,24.002844417004724,24.514930725097656,2429196,0.0,0.0
2009-09-03 00:00:00-04:00,25.092183948730312,25.222531464530178,24.822176817527158,25.20391273498535,1677291,0.0,0.0
2009-09-04 00:00:00-04:00,25.148060744937368,25.948775903519934,25.13874864074119,25.902223587036133,1523599,0.0,0.0
2009-09-08 00:00:00-04:00,26.861216805107468,26.870526173397476,26.321199603821672,26.479480743408203,2831059,0.0,0.0
2009-09-09 00:00:00-04:00,26.814663353960878,27.457100053637916,26.71224662251932,27.36399269104004,2556477,0.0,0.0
2009-09-10 00:00:00-04:00,27.997116093996024,28.108842189520264,27.429165308599455,27.708484649658203,6689914,0.0,0.0
2009-09-11 00:00:00-04:00,27.810901011857275,27.838831848917234,27.08466916514866,27.354679107666016,3327016,0.0,0.0
2009-09-14 00:00:00-04:00,26.963629796476404,27.540889860646114,26.963629796476404,27.447782516479492,1748516,0.0,0.0
2009-09-15 00:00:00-04:00,27.7829740083571,27.978498118497576,27.699178742534738,27.93194580078125,2114112,0.0,0.0
2009-09-16 00:00:00-04:00,27.931942803344572,28.285745302719743,27.63400198530138,28.220571517944336,4198733,0.0,0.0
2009-09-17 00:00:00-04:00,27.466406718549703,27.69917373471353,26.935701641067617,27.038118362426758,4280430,0.0,0.0
2009-09-18 00:00:00-04:00,27.03812299531279,27.363994685913546,27.000880047558574,27.308130264282227,1464155,0.0,0.0
2009-09-21 00:00:00-04:00,27.140531938527786,27.522267941112172,27.121910469999403,27.47571563720703,891429,0.0,0.0
2009-09-22 00:00:00-04:00,27.85744514769494,28.034347690072128,27.782959290940124,27.8853759765625,1802955,0.0,0.0
2009-09-23 00:00:00-04:00,27.903992650415546,28.136759545399276,27.568809087391514,27.578121185302734,2241239,0.0,0.0
2009-09-24 00:00:00-04:00,27.74573085751154,27.85745970101324,27.187092109667862,27.27088737487793,1880802,0.0,0.0
2009-09-25 00:00:00-04:00,27.038116856346214,27.28019322695309,26.898457201393644,27.047426223754883,1738275,0.0,0.0
2009-09-28 00:00:00-04:00,27.317431108704437,27.83882669268532,27.28949754198647,27.503643035888672,1231923,0.0,0.0
2009-09-29 00:00:00-04:00,27.475719201746585,27.540892982635377,27.000875794916876,27.066049575805664,1054746,0.0,0.0
2009-09-30 00:00:00-04:00,27.28950737301398,27.568826731830594,26.851906861879137,27.531583786010742,2033801,0.0,0.0
2009-10-01 00:00:00-04:00,27.485030998811656,27.578138361761198,26.330510637566217,26.358444213867188,2118116,0.0,0.0
2009-10-02 00:00:00-04:00,26.02325528489309,26.57258178035144,26.01394318302746,26.293262481689453,1144066,0.0,0.0
2009-10-05 00:00:00-04:00,26.358434285332976,26.935694248516935,26.209462560727466,26.851896286010742,1187956,0.0,0.0
2009-10-06 00:00:00-04:00,27.326752111473652,27.959876762279666,27.28019979356113,27.857460021972656,2041501,0.0,0.0
2009-10-07 00:00:00-04:00,27.457098541507396,27.531581692651514,27.103293317952605,27.373300552368164,1198967,0.0,0.0
2009-10-08 00:00:00-04:00,27.699176900780895,27.88538889409717,27.3639931249458,27.624691009521484,1727110,0.0,0.0
2009-10-09 00:00:00-04:00,27.80158861896838,28.378848702437562,27.680550434920953,28.313674926757812,2004387,0.0,0.0
2009-10-12 00:00:00-04:00,29.049226874036105,29.384410713343478,29.00267181576692,29.22612953186035,1162161,0.0,0.0
2009-10-13 00:00:00-04:00,29.99890582667812,30.13856550667384,29.42164563370699,29.46820068359375,2958648,0.0,0.0
2009-10-14 00:00:00-04:00,29.617157659213575,29.626469759327755,28.416085447834718,28.862995147705078,4846842,0.0,0.0
2009-10-15 00:00:00-04:00,28.583681925192852,28.620924863835675,27.885383662719267,28.155393600463867,2900051,0.0,0.0
2009-10-16 00:00:00-04:00,27.941254698472186,27.941254698472186,27.2708871135507,27.438480377197266,3109029,0.0,0.0
2009-10-19 00:00:00-04:00,27.755038947213176,28.006424706481276,27.46640751066622,27.65262222290039,3317160,0.0,0.0
2009-10-20 00:00:00-04:00,27.866763043317302,27.904005983096013,27.289502946410938,27.40123176574707,2607759,0.0,0.0
2009-10-21 00:00:00-04:00,27.885387312428346,28.378852211784064,27.838835000447805,27.95987319946289,2955568,0.0,0.0
2009-10-22 00:00:00-04:00,28.48126425221143,28.741962079100244,28.062285308836735,28.695409774780273,1400938,0.0,0.0
2009-10-23 00:00:00-04:00,28.68609693530918,28.70471840352462,27.848139070109188,27.96917724609375,1370677,0.0,0.0
2009-10-26 00:00:00-04:00,27.997109184017773,28.378845157937363,27.159151367658254,27.261568069458008,1821512,0.0,0.0
2009-10-27 00:00:00-04:00,27.066044664070056,27.29881164121611,26.25602039690521,26.274639129638672,2044350,0.0,0.0
2009-10-28 00:00:00-04:00,25.734623112984703,25.96739009983653,24.8035606352406,24.831491470336914,2495108,0.0,0.0
2009-10-29 00:00:00-04:00,25.883595197130408,26.144293022476962,25.743935550165048,25.99532127380371,2675134,0.0,0.0
2009-10-30 00:00:00-04:00,25.920837894170994,25.958078096162687,24.93390827284841,25.0828800201416,2177560,0.0,0.0
2009-11-02 00:00:00-05:00,25.43667918314696,25.697376972593744,24.915283604253393,25.287710189819336,1564871,0.0,0.0
2009-11-03 00:00:00-05:00,25.15736080195443,25.697377865634646,25.036322636034622,25.594961166381836,1802031,0.0,0.0
2009-11-04 00:00:00-05:00,26.34912794336536,26.52603053757841,25.88359667190014,26.004634857177734,1634864,0.0,0.0
2009-11-05 00:00:00-05:00,26.479472444159352,26.97293717966831,26.29325778840247,26.851896286010742,2500113,0.0,0.0
2009-11-06 00:00:00-05:00,26.84259243698296,27.140533212591745,26.55396102865957,26.693620681762695,1408022,0.0,0.0
2009-11-09 00:00:00-05:00,27.0939687494639,27.48501396179199,27.056725827369696,27.485013961791992,1274350,0.0,0.0
2009-11-10 00:00:00-05:00,26.917080457100436,27.177778314654805,26.628449025802972,26.833282470703125,2108568,0.0,0.0
2009-11-11 00:00:00-05:00,27.55019328237271,28.06227946253449,27.41053366367687,27.633991241455078,1846306,0.0,0.0
2009-11-12 00:00:00-05:00,27.7829696497585,27.959872258093434,27.31743834113057,27.45709800720215,1188418,0.0,0.0
2009-11-13 00:00:00-05:00,27.643318543411958,28.406793626556002,27.568832635820762,28.388172149658203,2271423,0.0,0.0
2009-11-16 00:00:00-05:00,28.900245582408846,29.430953381779723,28.853693274244197,29.263362884521484,2344573,0.0,0.0
2009-11-17 00:00:00-05:00,29.70096570894047,29.82200665369506,29.3844061301816,29.812694549560547,2577036,0.0,0.0
2009-11-18 00:00:00-05:00,30.05476926981903,30.073390742202672,29.421644678439563,29.663721084594727,3440668,0.0,0.0
2009-11-19 00:00:00-05:00,28.2205692356239,28.313676588367443,27.615378279870665,28.192638397216797,2144989,0.0,0.0
2009-11-20 00:00:00-05:00,27.699167662925504,28.15538949248802,27.652615363829998,28.0529727935791,1179409,0.0,0.0
2009-11-23 00:00:00-05:00,28.41609012831031,28.928176408833266,28.41609012831031,28.64885711669922,1455762,0.0,0.0
2009-11-24 00:00:00-05:00,28.760587453571524,28.94679943097123,28.48126812005596,28.928180694580078,1652882,0.0,0.0
2009-11-25 00:00:00-05:00,29.300609470283597,29.38440747199138,29.160949780547252,29.37509536743164,978439,0.0,0.0
2009-11-27 00:00:00-05:00,28.267124987552236,29.09577369082046,28.16470825447581,28.825763702392578,475860,0.0,0.0
2009-11-30 00:00:00-05:00,28.788521133666773,28.92818080093803,28.416094442666076,28.853694915771484,934626,0.0,0.0
2009-12-01 00:00:00-05:00,29.589237792264388,29.896487982917098,29.43095664515573,29.75682830810547,1389465,0.0,0.0
2009-12-02 00:00:00-05:00,29.849931074606342,30.52029850444122,29.849931074606342,30.455121994018555,1555092,0.0,0.0
2009-12-03 00:00:00-05:00,30.725129866981366,30.957894116960972,30.464432047318734,30.566848754882812,1299144,0.0,0.0
2009-12-04 00:00:00-05:00,30.659960167908615,31.088248523226657,30.259599916319747,30.687891006469727,1540539,0.0,0.0
2009-12-07 00:00:00-05:00,30.34339979400339,30.594785561226647,30.2409803316175,30.399261474609375,941017,0.0,0.0
2009-12-08 00:00:00-05:00,30.026830316102373,30.119934918033678,29.728889573293003,29.98027801513672,1111033,0.0,0.0
2009-12-09 00:00:00-05:00,29.831306276316308,29.98027801513672,29.449570297836182,29.98027801513672,1053822,0.0,0.0
2009-12-10 00:00:00-05:00,30.147870548836984,30.278218094390223,29.86855125427246,29.86855125427246,760144,0.0,0.0
2009-12-11 00:00:00-05:00,30.5854697664684,30.65064353670322,30.175800207496227,30.26890754699707,779009,0.0,0.0
2009-12-14 00:00:00-05:00,31.050996615817805,31.293072929553354,30.902027628454064,31.199968338012695,855701,0.0,0.0
2009-12-15 00:00:00-05:00,30.920660391598393,31.153424690329203,30.818243662583694,30.948591232299805,628474,0.0,0.0
2009-12-16 00:00:00-05:00,31.358255787918846,31.62826298693396,31.26514844265586,31.367565155029297,443905,0.0,0.0
2009-12-17 00:00:00-05:00,30.883409277204365,31.02306891342861,30.604090004755875,30.725128173828125,596057,0.0,0.0
2009-12-18 00:00:00-05:00,31.069630013621403,31.153425272122664,30.650650986282894,31.116182327270508,411257,0.0,0.0
2009-12-21 00:00:00-05:00,31.004451184563163,31.591020633496612,30.995139082448674,31.55377769470215,709632,0.0,0.0
2009-12-22 00:00:00-05:00,32.196214976721016,32.35449610257406,31.879652725014928,32.28001022338867,580349,0.0,0.0
2009-12-23 00:00:00-05:00,32.28930367508135,32.35448015465819,31.944810755901386,32.07516098022461,697697,0.0,0.0
2009-12-24 00:00:00-05:00,32.03793544950098,32.19621658325195,32.02862334672224,32.19621658325195,146300,0.0,0.0
2009-12-28 00:00:00-05:00,32.21483181467755,32.23345328179651,31.833093106154635,31.93551254272461,363440,0.0,0.0
2009-12-29 00:00:00-05:00,32.21483181467755,32.24276264794028,31.851714573273593,31.93551254272461,438977,0.0,0.0
2009-12-30 00:00:00-05:00,31.842394089919804,32.09378244084221,31.49790117073984,32.07516098022461,661199,0.0,0.0
2009-12-31 00:00:00-05:00,32.02862081288745,32.14034962840155,31.730680039681594,31.739992141723633,383229,0.0,0.0
2010-01-04 00:00:00-05:00,32.39174439323273,32.6803758797108,32.19622301381112,32.27070617675781,1390235,0.0,0.0
2010-01-05 00:00:00-05:00,32.57795150741804,32.70830179800154,32.35449660124961,32.52208709716797,1094016,0.0,0.0
2010-01-06 00:00:00-05:00,32.51277625748857,32.95037668238682,32.48484268621233,32.82002639770508,1051204,0.0,0.0
2010-01-07 00:00:00-05:00,32.26138842438273,32.48484332482685,31.80516652127544,31.907583236694336,2057440,0.0,0.0
2010-01-08 00:00:00-05:00,31.32101614786077,31.4048114000051,31.004453875464872,31.144113540649414,3027178,0.0,0.0
2010-01-11 00:00:00-05:00,30.836859488516,30.939278942693406,30.25959937825154,30.483057022094727,3055206,0.0,0.0
2010-01-12 00:00:00-05:00,30.706506527626598,30.967204331402968,30.380632221782584,30.529603958129883,2536765,0.0,0.0
2010-01-13 00:00:00-05:00,31.56308494688498,31.581706413420868,31.050998719395036,31.376873016357422,2992913,0.0,0.0
2010-01-14 00:00:00-05:00,31.395498162215826,31.423428997877284,30.920654812149497,31.162731170654297,1229459,0.0,0.0
2010-01-15 00:00:00-05:00,30.874102861311147,30.94858874363481,30.32477631625393,30.473745346069336,1860243,0.0,0.0
2010-01-19 00:00:00-05:00,30.119934462143,30.557537570888737,30.008208394550213,30.492361068725586,2002924,0.0,0.0
2010-01-20 00:00:00-05:00,30.71582425314287,30.98583423134073,30.38995259344324,30.911348342895508,2977744,0.0,0.0
2010-01-21 00:00:00-05:00,31.38619333919106,31.497922177411148,30.69720704133071,30.883419036865234,2970814,0.0,0.0
2010-01-22 00:00:00-05:00,31.106870633053894,31.14411357512193,29.337847293814253,29.542680740356445,4554011,0.0,0.0
2010-01-25 00:00:00-05:00,30.157182394286068,30.33408499336038,29.831310768788676,30.073387145996094,2263261,0.0,0.0
2010-01-26 00:00:00-05:00,30.324768275820208,30.566844594355082,30.12924425397859,30.138553619384766,2387539,0.0,0.0
2010-01-27 00:00:00-05:00,29.86855607758438,30.389951813657987,29.8033822942832,30.315465927124023,1984136,0.0,0.0
2010-01-28 00:00:00-05:00,30.79962260943795,30.827553450519275,29.375092282814677,29.719585418701172,2451218,0.0,0.0
2010-01-29 00:00:00-05:00,30.092007002926245,30.166492879560543,28.853691610623763,29.095767974853516,2704240,0.0,0.0
2010-02-01 00:00:00-05:00,29.4030230692941,29.80338335626413,29.375092228264645,29.75682830810547,1041579,0.0,0.0
2010-02-02 00:00:00-05:00,30.194421675396395,30.501674528333407,29.859237988024898,30.26890754699707,2741662,0.0,0.0
2010-02-03 00:00:00-05:00,30.278222876527717,30.650649573045307,30.06408005574977,30.389951705932617,1726956,0.0,0.0
2010-02-04 00:00:00-05:00,30.0920103945314,30.110631865788758,28.87231633391842,28.89093780517578,2286361,0.0,0.0
2010-02-05 00:00:00-05:00,28.658171125875626,29.049219292142144,28.034358668346137,28.937490463256836,3222527,0.0,0.0
2010-02-08 00:00:00-05:00,28.518502828206493,28.881617309966387,28.26711440669437,28.47195053100586,1990373,0.0,0.0
2010-02-09 00:00:00-05:00,29.30991596935596,29.82200231206414,28.779208155922102,29.30060386657715,1836835,0.0,0.0
2010-02-10 00:00:00-05:00,29.226114988690234,29.4495698587578,28.79782398079861,29.3192195892334,1039731,0.0,0.0
2010-02-11 00:00:00-05:00,28.797836943764697,29.691659561208816,28.574381973111826,29.41234016418457,2490411,0.0,0.0
2010-02-12 00:00:00-05:00,28.77920630689952,29.496126046697132,28.7233418983117,29.281980514526367,1403941,0.0,0.0
2010-02-16 00:00:00-05:00,29.179572002921315,29.998908688058016,29.030602939638523,29.933734893798828,1232539,0.0,0.0
2010-02-17 00:00:00-05:00,29.943039041520798,29.9709698788288,29.430952723830202,29.56130027770996,952490,0.0,0.0
2010-02-18 00:00:00-05:00,29.58923424652911,30.008213220756925,29.365779340573976,29.87786293029785,1406328,0.0,0.0
2010-02-19 00:00:00-05:00,29.412338359646686,29.822008059736312,29.3099216183324,29.60786247253418,1575959,0.0,0.0
2010-02-22 00:00:00-05:00,29.961666337053988,30.008218653229513,29.775451602687188,29.812694549560547,893662,0.0,0.0
2010-02-23 00:00:00-05:00,29.62648723122785,29.62648723122785,28.639557187638683,28.704730987548828,3065216,0.0,0.0
2010-02-24 00:00:00-05:00,28.69540237680894,29.06782891984825,28.611607156703602,28.872304916381836,1191883,0.0,0.0
2010-02-25 00:00:00-05:00,28.239197034456136,28.67679758816733,27.75504416135696,28.593002319335938,1800568,0.0,0.0
2010-02-26 00:00:00-05:00,28.444033053075476,28.76990752229175,28.11816131869198,28.704730987548828,1543465,0.0,0.0
2010-03-01 00:00:00-05:00,28.797836613425098,29.39371835155249,28.797836613425098,29.365787506103516,1697388,0.0,0.0
2010-03-02 00:00:00-05:00,30.036143185084082,31.078937273939992,30.026833817737902,30.650646209716797,4362974,0.0,0.0
2010-03-03 00:00:00-05:00,31.05100212451362,31.27445974744912,30.846168704987708,31.0230712890625,3193883,0.0,0.0
2010-03-04 00:00:00-05:00,30.883409277204365,31.02306891342861,30.389944499923654,30.725128173828125,1848924,0.0,0.0
2010-03-05 00:00:00-05:00,31.199978304430342,31.488607006134814,31.01376359220292,31.479297637939453,1596056,0.0,0.0
2010-03-08 00:00:00-05:00,31.74930537645632,32.08448912899709,31.646888650508433,31.991384506225586,2529681,0.0,0.0
2010-03-09 00:00:00-05:00,31.525854248386107,31.91690246256667,31.479301931395998,31.702756881713867,1588664,0.0,0.0
2010-03-10 00:00:00-05:00,31.739996244756334,32.27070134997328,31.684131829777687,32.112422943115234,1593592,0.0,0.0
2010-03-11 00:00:00-05:00,31.879652550888736,32.10310745239258,31.646885547121673,32.10310745239258,705936,0.0,0.0
2010-03-12 00:00:00-05:00,32.07518048107109,32.16828510593375,31.833101345864648,32.06586837768555,1500037,0.0,0.0
2010-03-15 00:00:00-04:00,31.57239412593653,31.57239412593653,30.92065100553051,31.18134880065918,1512819,0.0,0.0
2010-03-16 00:00:00-04:00,31.386191416741106,31.888965688271274,31.27446532019669,31.833101272583008,1113420,0.0,0.0
2010-03-17 00:00:00-04:00,32.14035184832205,32.36380675995245,31.991382818845757,32.13104248046875,1325709,0.0,0.0
2010-03-18 00:00:00-04:00,31.95413814973501,32.01931192567939,31.4792947789293,31.693437576293945,1328019,0.0,0.0
2010-03-19 00:00:00-04:00,31.66550945166193,31.674818819809175,31.051006374151726,31.30239486694336,798875,0.0,0.0
2010-03-22 00:00:00-04:00,30.846168699140097,32.16827929376635,30.81823786369427,32.121726989746094,1912449,0.0,0.0
2010-03-23 00:00:00-04:00,32.577950259458945,33.04348152404612,32.45691207596964,32.959686279296875,2327556,0.0,0.0
2010-03-24 00:00:00-04:00,32.52208531161352,32.77347377652098,32.2334566434158,32.428977966308594,1220835,0.0,0.0
2010-03-25 00:00:00-04:00,32.86657993642199,33.22038513042845,32.67105860431174,32.70830154418945,1341109,0.0,0.0
2010-03-26 00:00:00-04:00,33.28367332917468,33.50894292671149,32.98331294677842,33.142879486083984,1522290,0.367532,0.0
2010-03-29 00:00:00-04:00,33.24613444618771,33.48079181629759,33.18981634651628,33.377540588378906,583506,0.0,0.0
2010-03-30 00:00:00-04:00,32.98332919273199,33.161668516093535,32.64542325147027,33.00210189819336,1621774,0.0,0.0
2010-03-31 00:00:00-04:00,33.21797480086206,33.67790178528391,33.0208628422467,33.227359771728516,1756909,0.0,0.0
2010-04-01 00:00:00-04:00,33.81871099971187,33.884414096729174,33.217989880299605,33.462032318115234,1327249,0.0,0.0
2010-04-05 00:00:00-04:00,33.60281510995184,33.87501513999702,33.40570312717019,33.771766662597656,546623,0.0,0.0
2010-04-06 00:00:00-04:00,33.565266358571144,33.77176329276509,33.44324519227091,33.649742126464844,941787,0.0,0.0
2010-04-07 00:00:00-04:00,33.51833588544607,33.88440217036764,33.349384336284004,33.68729019165039,714098,0.0,0.0
2010-04-08 00:00:00-04:00,32.8706712154362,33.330598059425654,32.60785626987667,33.293052673339844,955647,0.0,0.0
2010-04-09 00:00:00-04:00,33.546497579031914,33.790539940146964,33.49017947484174,33.752994537353516,1135750,0.0,0.0
2010-04-12 00:00:00-04:00,34.06274671752194,34.10967709798384,33.60281961505019,33.65913772583008,1082466,0.0,0.0
2010-04-13 00:00:00-04:00,33.37753916594741,33.86562658525712,33.161657261970255,33.781150817871094,1674827,0.0,0.0
2010-04-14 00:00:00-04:00,33.208587009460445,33.27429007652595,32.54216309683095,32.88945388793945,3483557,0.0,0.0
2010-04-15 00:00:00-04:00,32.89884531153232,33.12411496466407,32.72989100390181,32.78620910644531,1201970,0.0,0.0
2010-04-16 00:00:00-04:00,32.485848289669796,32.72989064094306,32.10101206212025,32.476463317871094,1826363,0.0,0.0
2010-04-19 00:00:00-04:00,32.288739640039566,32.61726055657879,32.22303655954873,32.598487854003906,2144835,0.0,0.0
2010-04-20 00:00:00-04:00,33.217983661488816,33.86563504937333,33.19921095770646,33.630977630615234,2453913,0.0,0.0
2010-04-21 00:00:00-04:00,33.79054719819276,33.84686531447979,33.086577637212265,33.34000778198242,1943018,0.0,0.0
2010-04-22 00:00:00-04:00,32.560945799695624,33.51834270137022,32.42015189441617,33.49957275390625,1942633,0.0,0.0
2010-04-23 00:00:00-04:00,33.0771806314279,33.499562214377875,33.0771806314279,33.45262908935547,1286054,0.0,0.0
2010-04-26 00:00:00-04:00,33.51833445903641,33.73421912925582,33.330610217173785,33.377540588378906,958265,0.0,0.0
2010-04-27 00:00:00-04:00,32.77682380558029,33.002093456451135,31.500291188908452,31.565994262695312,3087623,0.0,0.0
2010-04-28 00:00:00-04:00,31.556608490063546,31.65985696254908,30.693072552771042,30.993432998657227,2878183,0.0,0.0
2010-04-29 00:00:00-04:00,31.17177402841026,31.350110554635005,30.98404701600158,31.275022506713867,2059904,0.0,0.0
2010-04-30 00:00:00-04:00,31.38764633838039,31.38764633838039,30.589816429786445,30.655519485473633,1822205,0.0,0.0
2010-05-03 00:00:00-04:00,30.7024622613743,31.41581946430752,30.674304585276456,31.23748016357422,976283,0.0,0.0
2010-05-04 00:00:00-04:00,30.32700113064028,30.373931490345292,29.88584692688052,30.261295318603516,2002770,0.0,0.0
2010-05-05 00:00:00-04:00,29.022317182933914,29.876465344648217,28.994156755686703,29.322677612304688,2868019,0.0,0.0
2010-05-06 00:00:00-04:00,28.994153991654414,29.6230352176915,26.450479691110477,28.562387466430664,4525290,0.0,0.0
2010-05-07 00:00:00-04:00,28.637477090734368,28.75011051327713,27.191993237942654,27.79271125793457,3390079,0.0,0.0
2010-05-10 00:00:00-04:00,29.782597586414678,29.801370282878732,29.153719147472906,29.641803741455078,2148300,0.0,0.0
2010-05-11 00:00:00-04:00,28.75011526807774,29.594878483545955,28.70318489734354,28.93783950805664,1530683,0.0,0.0
2010-05-12 00:00:00-04:00,29.51979392796105,30.11112995807737,29.44470587031417,29.82954216003418,1328866,0.0,0.0
2010-05-13 00:00:00-04:00,29.06924429073608,29.43530774754151,28.656247712798507,28.731338500976562,1328019,0.0,0.0
2010-05-14 00:00:00-04:00,28.430991098529763,28.440378829863157,27.529909499715725,28.08370018005371,2045659,0.0,0.0
2010-05-17 00:00:00-04:00,28.20571396847797,28.543619823776318,27.548674958566856,28.290189743041992,2200044,0.0,0.0
2010-05-18 00:00:00-04:00,28.15877799771111,28.38404760411546,26.732066814427974,26.769609451293945,3942708,0.0,0.0
2010-05-19 00:00:00-04:00,27.023045101282364,27.220157081767628,26.469257318584344,27.05120277404785,3149762,0.0,0.0
2010-05-20 00:00:00-04:00,25.953004107902814,27.220148614966817,25.68080140865492,26.347225189208984,3533607,0.0,0.0
2010-05-21 00:00:00-04:00,26.065641583465545,27.229537827848873,25.906075029459355,27.12628936767578,4113956,0.0,0.0
2010-05-24 00:00:00-04:00,26.628826422148013,26.919801964637134,26.29092049672699,26.300308227539062,2865401,0.0,0.0
2010-05-25 00:00:00-04:00,25.127017039144825,26.11257400509149,25.033153551945503,26.03748321533203,3042039,0.0,0.0
2010-05-26 00:00:00-04:00,26.197048903851393,26.854087778563677,25.74650969418917,25.84975814819336,3631474,0.0,0.0
2010-05-27 00:00:00-04:00,26.74145474851827,27.182609040270275,26.55373051521346,27.154451370239258,2855083,0.0,0.0
2010-05-28 00:00:00-04:00,27.088753160445673,27.107525864757847,26.347238232721754,26.525577545166016,2103948,0.0,0.0
2010-06-01 00:00:00-04:00,26.516190621983963,27.360953982793994,26.356624025583674,26.375396728515625,1736581,0.0,0.0
2010-06-02 00:00:00-04:00,26.89162780505348,27.501736257012364,26.647585527086495,27.48296356201172,1560020,0.0,0.0
2010-06-03 00:00:00-04:00,28.008596522130148,28.064914613192833,27.586214974722566,27.914735794067383,1957340,0.0,0.0
2010-06-04 00:00:00-04:00,27.426651324070576,27.604990586075978,26.075030781080464,26.243982315063477,3922996,0.0,0.0
2010-06-07 00:00:00-04:00,26.39416390106501,26.506797338013993,25.40860685329091,25.47430992126465,1730421,0.0,0.0
2010-06-08 00:00:00-04:00,25.71835913298649,26.11258316040039,25.333522836104834,26.11258316040039,3105795,0.0,0.0
2010-06-09 00:00:00-04:00,26.47864110340372,26.910407689690558,25.934238317020064,26.028099060058594,1560097,0.0,0.0
2010-06-10 00:00:00-04:00,27.492353305051637,27.604989494614845,26.938565598970612,27.38910484313965,2038575,0.0,0.0
2010-06-11 00:00:00-04:00,27.520510957491805,27.877189431454596,27.31401405447824,27.63314437866211,1426502,0.0,0.0
2010-06-14 00:00:00-04:00,28.675027202647712,28.76889071010553,28.168169776460235,28.20571517944336,2203509,0.0,0.0
2010-06-15 00:00:00-04:00,28.80643808737632,29.078638142096032,28.646871492283104,29.031707763671875,2416799,0.0,0.0
2010-06-16 00:00:00-04:00,28.56238812298117,28.947224292168887,28.4403669658495,28.69379425048828,1913450,0.0,0.0
2010-06-17 00:00:00-04:00,29.041086625532508,29.11617742084414,28.42159583533751,29.106792449951172,2475319,0.0,0.0
2010-06-18 00:00:00-04:00,28.97538261260261,29.25697032879019,28.872134150939413,29.012928009033203,1065372,0.0,0.0
2010-06-21 00:00:00-04:00,29.444691723122677,29.482237112428155,28.656244061790364,28.834583282470703,834526,0.0,0.0
2010-06-22 00:00:00-04:00,28.881533276458267,29.08803028127722,27.97106394631084,28.08370018005371,2302685,0.0,0.0
2010-06-23 00:00:00-04:00,28.468528258787906,28.693797903941118,27.8959677958134,28.252643585205078,2198196,0.0,0.0
2010-06-24 00:00:00-04:00,28.00859714831391,28.083687938076284,27.49235210426024,27.661306381225586,1179486,0.0,0.0
2010-06-25 00:00:00-04:00,27.68946817353626,27.91474057638035,27.295246982643473,27.820877075195312,1423884,0.0,0.0
2010-06-28 00:00:00-04:00,27.501742500813513,27.811487903084462,27.238927468178215,27.511127471923828,1877029,0.0,0.0
2010-06-29 00:00:00-04:00,26.591276716715235,26.60066168799513,25.802828847520352,26.046871185302734,2135287,0.0,0.0
2010-06-30 00:00:00-04:00,26.24397688259378,26.525564552305184,25.737119628521548,25.78404998779297,1579886,0.0,0.0
2010-07-01 00:00:00-04:00,26.159503315252998,26.33784255521905,25.558782535485765,26.22520637512207,2885113,0.0,0.0
2010-07-02 00:00:00-04:00,26.74145314545524,26.863474303344894,26.02809613898478,26.356616973876953,2062830,0.0,0.0
2010-07-06 00:00:00-04:00,27.42664755732414,27.59559906810353,26.619429882193042,26.919790267944336,3046967,0.0,0.0
2010-07-07 00:00:00-04:00,26.985494922342433,27.783327674951426,26.94794952727356,27.764554977416992,2204972,0.0,0.0
2010-07-08 00:00:00-04:00,28.06492129677782,28.224487880934923,27.64253964878119,28.20571517944336,2388232,0.0,0.0
2010-07-09 00:00:00-04:00,27.92412463951445,28.44975471496582,27.802103470464743,28.44975471496582,2027872,0.0,0.0
2010-07-12 00:00:00-04:00,27.87719857255733,28.5154621872572,27.839653167508658,28.430986404418945,2601137,0.0,0.0
2010-07-13 00:00:00-04:00,28.843982177065453,29.472860798838404,28.843982177065453,29.350839614868164,1649571,0.0,0.0
2010-07-14 00:00:00-04:00,30.25191042173421,30.458407313379208,29.74505316176854,29.979707717895508,7097783,0.0,0.0
2010-07-15 00:00:00-04:00,29.876465157479355,29.95155595361213,29.256971603467992,29.651195526123047,3716867,0.0,0.0
2010-07-16 00:00:00-04:00,29.31328866820787,29.36022179265896,28.928452487143637,29.022315979003906,3285359,0.0,0.0
2010-07-19 00:00:00-04:00,29.16311792683586,29.47286340032161,28.89091510346498,29.435317993164062,2584659,0.0,0.0
2010-07-20 00:00:00-04:00,28.599941113858947,29.059865439317857,28.515462572835876,29.031707763671875,2075073,0.0,0.0
2010-07-21 00:00:00-04:00,29.163111834858444,29.275745275760045,28.628094030189025,28.787660598754883,3409868,0.0,0.0
2010-07-22 00:00:00-04:00,29.256973665050808,29.932785363782596,29.256973665050808,29.707515716552734,2076767,0.0,0.0
2010-07-23 00:00:00-04:00,29.491627225968156,30.139278411865234,29.332060672104607,30.139278411865234,2091705,0.0,0.0
2010-07-26 00:00:00-04:00,29.75443805984845,30.261295318603516,29.651189614272553,30.261295318603516,1884575,0.0,0.0
2010-07-27 00:00:00-04:00,30.21436503106394,30.223752757252242,29.82014118606761,29.979707717895508,1285130,0.0,0.0
2010-07-28 00:00:00-04:00,29.904616565403565,30.27068274137462,29.810755846934285,30.054798126220703,2447214,0.0,0.0
2010-07-29 00:00:00-04:00,30.777551188501562,30.833869294290253,29.78260625736195,30.02665138244629,3189879,0.0,0.0
2010-07-30 00:00:00-04:00,29.735672918933236,30.270690735066246,29.566721375439737,30.214372634887695,2378068,0.0,0.0
2010-08-02 00:00:00-04:00,30.805708753869176,31.077908770959738,30.561663651489884,30.993432998657227,1694154,0.0,0.0
2010-08-03 00:00:00-04:00,31.10606811526471,31.153001246766916,30.73061960550101,30.984046936035156,2723413,0.0,0.0
2010-08-04 00:00:00-04:00,31.16237897744481,31.199924371104988,30.571045919901238,30.862018585205078,2400706,0.0,0.0
2010-08-05 00:00:00-04:00,30.683685757679765,30.796321962204747,30.34578265818934,30.561664581298828,813120,0.0,0.0
2010-08-06 00:00:00-04:00,30.16744080270607,30.60859509718305,29.782601848638986,30.092350006103516,1858703,0.0,0.0
2010-08-09 00:00:00-04:00,30.13927550882172,30.42086319357086,30.00786939302763,30.28006935119629,852313,0.0,0.0
2010-08-10 00:00:00-04:00,29.623035537771774,29.65119320559692,28.900293574161214,29.15372085571289,3200736,0.0,0.0
2010-08-11 00:00:00-04:00,27.464194981628527,27.473579952014177,27.0042680207697,27.069971084594727,4515049,0.0,0.0
2010-08-12 00:00:00-04:00,26.197051243828625,26.901020544956957,26.16889081755833,26.73206901550293,4305917,0.0,0.0
2010-08-13 00:00:00-04:00,26.290913628267926,26.67575259312511,26.272143685633043,26.337846755981445,3391157,0.0,0.0
2010-08-16 00:00:00-04:00,26.215831589253252,26.694531405061387,26.168898450793428,26.647598266601562,2696155,0.0,0.0
2010-08-17 00:00:00-04:00,27.135681765541385,27.201384841134022,26.86347897701967,26.929182052612305,2359126,0.0,0.0
2010-08-18 00:00:00-04:00,27.088752883921273,27.18261640452398,26.82593778327646,26.994892120361328,780087,0.0,0.0
2010-08-19 00:00:00-04:00,27.3421784054912,27.417269209325013,27.013657517239405,27.29524803161621,2304841,0.0,0.0
2010-08-20 00:00:00-04:00,26.394168724875946,26.638211099415713,26.281532510299517,26.48802947998047,2008622,0.0,0.0
2010-08-23 00:00:00-04:00,26.262756550036826,26.497413922774445,25.849762661905842,25.93423843383789,1407021,0.0,0.0
2010-08-24 00:00:00-04:00,24.732798494009305,25.06131663462777,24.620162285032613,24.873592376708984,3260642,0.0,0.0
2010-08-25 00:00:00-04:00,24.67647761228637,25.22088038031871,24.47936564728247,25.117631912231445,1968274,0.0,0.0
2010-08-26 00:00:00-04:00,25.07070188456869,25.21149575334478,24.620159850259952,24.704635620117188,1165549,0.0,0.0
2010-08-27 00:00:00-04:00,24.62016349404056,24.75157241096639,23.615833564327644,24.45121192932129,4711168,0.0,0.0
2010-08-30 00:00:00-04:00,24.11330062723932,24.31041257983748,23.888031005859375,23.888031005859375,1608684,0.0,0.0
2010-08-31 00:00:00-04:00,23.3154696150517,23.794169319950928,23.127745375834042,23.212221145629883,2987369,0.0,0.0
2010-09-01 00:00:00-04:00,24.047597148988917,24.657702937463554,23.869257897655903,24.394887924194336,2439899,0.0,0.0
2010-09-02 00:00:00-04:00,24.84543517828301,25.023777244219225,24.62016548806488,24.89236831665039,1674365,0.0,0.0
2010-09-03 00:00:00-04:00,25.27719745753624,25.47430941457889,24.92990666853468,25.258424758911133,1859935,0.0,0.0
2010-09-07 00:00:00-04:00,24.91112991610666,25.014378363222093,24.366727258653416,24.385499954223633,1366134,0.0,0.0
2010-09-08 00:00:00-04:00,24.263485947904773,24.62954948362818,24.17900741447126,24.50752830505371,1446984,0.0,0.0
2010-09-09 00:00:00-04:00,25.183330043212457,25.202102738914544,24.84542427761647,24.920515060424805,1082235,0.0,0.0
2010-09-10 00:00:00-04:00,25.0331595412915,25.136408023392736,24.69525366356954,24.854820251464844,1094786,0.0,0.0
2010-09-13 00:00:00-04:00,25.690191036082876,25.924845605619698,25.680803309358094,25.8685302734375,1291829,0.0,0.0
2010-09-14 00:00:00-04:00,25.962401929886358,26.67575917966341,25.86854116536827,26.525577545166016,2243318,0.0,0.0
2010-09-15 00:00:00-04:00,26.225214466927056,26.54434765196223,26.112581009118625,26.441099166870117,1276352,0.0,0.0
2010-09-16 00:00:00-04:00,26.366001594413387,26.66636199993464,26.272140863154235,26.628816604614258,1135134,0.0,0.0
2010-09-17 00:00:00-04:00,26.722679087430205,26.854087966107066,26.581885238797273,26.769609451293945,1425655,0.0,0.0
2010-09-20 00:00:00-04:00,26.947950436963424,27.351559312015826,26.910405040627126,27.285856246948242,1398936,0.0,0.0
2010-09-21 00:00:00-04:00,27.792715318420484,27.792715318420484,27.135679112644077,27.417266845703125,1471778,0.0,0.0
2010-09-22 00:00:00-04:00,27.229546786303953,27.304637602786116,26.760234697375946,26.994892120361328,2368058,0.0,0.0
2010-09-23 00:00:00-04:00,26.506793223802692,26.947947446231296,26.459862862111674,26.65697479248047,2115652,0.0,0.0
2010-09-24 00:00:00-04:00,27.154447000548277,27.61437116028201,27.06996848996548,27.6049861907959,1411718,0.0,0.0
2010-09-27 00:00:00-04:00,27.661304362314127,27.661304362314127,27.26708050187659,27.32339859008789,777546,0.0,0.0
2010-09-28 00:00:00-04:00,27.64253947339081,28.20571500047966,27.210770098866767,28.149396896362305,1346961,0.0,0.0
2010-09-29 00:00:00-04:00,28.487300664287684,28.95661264992232,28.35589176436638,28.618709564208984,2388540,0.0,0.0
2010-09-30 00:00:00-04:00,28.618708702811006,28.75950256996784,27.8771939681794,27.905351638793945,1759835,0.0,0.0
2010-10-01 00:00:00-04:00,28.290197184872664,28.39344568728214,27.858430469610944,28.08370018005371,877492,0.0,0.0
2010-10-04 00:00:00-04:00,28.740731429769774,28.750116401469747,27.71762890531973,27.980443954467773,2319240,0.0,0.0
2010-10-05 00:00:00-04:00,28.186939677240133,28.571775884015526,28.149394277987593,28.44975471496582,2235926,0.0,0.0
2010-10-06 00:00:00-04:00,28.262030811485086,28.280803511334366,27.689467601645205,27.839649200439453,1831984,0.0,0.0
2010-10-07 00:00:00-04:00,27.877194045429388,27.91473944438086,27.501742812956735,27.67069435119629,927773,0.0,0.0
2010-10-08 00:00:00-04:00,27.558067933065136,27.811495304996708,27.360955916867617,27.68947410583496,2433662,0.0,0.0
2010-10-11 00:00:00-04:00,28.074305973590768,28.280805687825076,27.952284793700755,28.0461483001709,677908,0.0,0.0
2010-10-12 00:00:00-04:00,28.80643043724451,28.80643043724451,28.35588844726141,28.69379425048828,2434663,0.0,0.0
2010-10-13 00:00:00-04:00,30.092346903406597,30.82447382366887,30.054801508976468,30.176822662353516,4633860,0.0,0.0
2010-10-14 00:00:00-04:00,30.158060691375894,30.505351577811993,30.120515283592088,30.43026351928711,2272347,0.0,0.0
2010-10-15 00:00:00-04:00,30.824477632328726,30.880795730932558,30.477186826501544,30.79631996154785,1618001,0.0,0.0
2010-10-18 00:00:00-04:00,30.796319314517998,31.106064714768216,30.674298148627727,31.04974937438965,1399090,0.0,0.0
2010-10-19 00:00:00-04:00,30.39270933266476,30.890181706542748,29.89523695878678,30.082963943481445,3196809,0.0,0.0
2010-10-20 00:00:00-04:00,30.355162085144432,30.82447400418598,30.33638938781943,30.664907455444336,1183259,0.0,0.0
2010-10-21 00:00:00-04:00,30.411483585688185,30.495959354597996,29.82953541747092,29.97032928466797,2397318,0.0,0.0
2010-10-22 00:00:00-04:00,30.16744256845853,30.392712214409592,30.007875994859408,30.373939514160156,1590435,0.0,0.0
2010-10-25 00:00:00-04:00,31.08729541407229,31.30318009926393,30.87141348592298,30.984046936035156,1664817,0.0,0.0
2010-10-26 00:00:00-04:00,30.336393196513406,30.99343217129535,30.261302397785848,30.805707931518555,1443134,0.0,0.0
2010-10-27 00:00:00-04:00,31.106062157442334,31.556604142724588,31.049746821693624,31.547216415405273,1710632,0.0,0.0
2010-10-28 00:00:00-04:00,31.88511404633622,31.903886739123607,30.974648095791768,31.190532684326172,1941324,0.0,0.0
2010-10-29 00:00:00-04:00,30.86201905806263,31.284400607648678,30.758770602436044,31.124834060668945,1110186,0.0,0.0
2010-11-01 00:00:00-04:00,31.462741915048234,31.59415080348995,31.021587639413912,31.228084564208984,1210594,0.0,0.0
2010-11-02 00:00:00-04:00,31.51906001734063,31.903896198016973,31.378266158213094,31.800647735595703,992915,0.0,0.0
2010-11-03 00:00:00-04:00,31.90389881378389,31.950829184993538,31.284405231422728,31.8851261138916,1573649,0.0,0.0
2010-11-04 00:00:00-04:00,32.38260176852357,32.71111991397578,32.27935328729695,32.626644134521484,3430350,0.0,0.0
2010-11-05 00:00:00-04:00,32.17611163601696,32.23242975328847,31.85697839518807,32.10102081298828,1803571,0.0,0.0
2010-11-08 00:00:00-05:00,31.35010749162488,31.56599215628104,31.23747405222667,31.312564849853516,2779777,0.0,0.0
2010-11-09 00:00:00-05:00,32.260583339260606,32.279356042635364,31.565998828479984,31.603544235229492,1894123,0.0,0.0
2010-11-10 00:00:00-05:00,31.425197843109544,31.425197843109544,30.73061624604832,31.04974937438965,3246628,0.0,0.0
2010-11-11 00:00:00-05:00,29.9984865828988,30.430255907365662,29.838920018253486,30.242528915405273,2762760,0.0,0.0
2010-11-12 00:00:00-05:00,30.392709599832973,30.702454991739117,30.03603108281963,30.289461135864258,1069376,0.0,0.0
2010-11-15 00:00:00-05:00,30.38331957467748,30.552273849613055,30.16743769226685,30.176822662353516,826056,0.0,0.0
2010-11-16 00:00:00-05:00,30.467804549154454,30.561665298084396,29.623041266531008,29.923398971557617,2682988,0.0,0.0
2010-11-17 00:00:00-05:00,29.820149980206153,30.22376167041826,29.76383187759221,29.895240783691406,1725878,0.0,0.0
2010-11-18 00:00:00-05:00,30.918348380588593,31.021596873720465,30.67430598645094,30.871417999267578,2732884,0.0,0.0
2010-11-19 00:00:00-05:00,31.50029182963484,32.57032476081784,31.50029182963484,32.56093978881836,2984366,0.0,0.0
2010-11-22 00:00:00-05:00,32.10100775267099,32.74865894518853,32.082235054551504,32.69234085083008,2878106,0.0,0.0
2010-11-23 00:00:00-05:00,31.650473156067463,32.08223976208643,31.415815773662775,31.678630828857422,3736579,0.0,0.0
2010-11-24 00:00:00-05:00,31.82881188751859,32.2605812805418,31.82881188751859,32.17610549926758,1345729,0.0,0.0
2010-11-26 00:00:00-05:00,32.48584804840062,32.645414624131476,32.34505417317,32.46707534790039,950180,0.0,0.0
2010-11-29 00:00:00-05:00,31.36887905480666,31.547218314189696,30.655524774316472,31.162382125854492,1992606,0.0,0.0
2010-11-30 00:00:00-05:00,30.036031980254936,30.94650099862634,30.02664700917826,30.627365112304688,3348191,0.0,0.0
2010-12-01 00:00:00-05:00,31.622305639419608,32.43891105182789,31.603532942752654,32.32627487182617,2000152,0.0,0.0
2010-12-02 00:00:00-05:00,32.03530753650993,32.87068302746612,32.00714710830561,32.73927688598633,1479863,0.0,0.0
2010-12-03 00:00:00-05:00,32.89883930981692,33.48078741585081,32.86129391497064,33.39630889892578,1225532,0.0,0.0
2010-12-06 00:00:00-05:00,33.17104141130718,33.30245030168518,32.73927485700623,33.0208625793457,1541540,0.0,0.0
2010-12-07 00:00:00-05:00,33.11473245311337,33.18043553244125,32.57971457476283,32.61725997924805,1091090,0.0,0.0
2010-12-08 00:00:00-05:00,32.43891044956994,33.07717661031301,32.43891044956994,33.011470794677734,1801107,0.0,0.0
2010-12-09 00:00:00-05:00,34.79486192537871,35.65839772269147,34.79486192537871,35.42374038696289,7579572,0.0,0.0
2010-12-10 00:00:00-05:00,35.489450459751005,35.51760813031546,35.057681130815666,35.1046142578125,2639560,0.0,0.0
2010-12-13 00:00:00-05:00,35.07644767490693,35.28294733196342,34.84179035222717,35.038902282714844,2027949,0.0,0.0
2010-12-14 00:00:00-05:00,34.87933869828133,35.057677947776156,34.62591141508484,34.85118103027344,1815737,0.0,0.0
2010-12-15 00:00:00-05:00,34.654075385231735,34.93566314468706,34.25985141917736,34.44757843017578,1117039,0.0,0.0
2010-12-16 00:00:00-05:00,34.76670768857688,34.907501552497635,34.53205032969496,34.87934112548828,1029567,0.0,0.0
2010-12-17 00:00:00-05:00,35.27355828373486,35.91182441300211,35.16092211137894,35.8742790222168,1931853,0.0,0.0
2010-12-20 00:00:00-05:00,35.78041844127875,35.9306000165755,35.442512653902774,35.54576110839844,1286131,0.0,0.0
2010-12-21 00:00:00-05:00,35.81796120736206,35.83673390289692,35.43312508445973,35.649009704589844,1037421,0.0,0.0
2010-12-22 00:00:00-05:00,35.92121391234103,35.96814703526231,35.64901393038158,35.95875930786133,685685,0.0,0.0
2010-12-23 00:00:00-05:00,35.54576573898005,35.74287770371415,35.42374457167648,35.536380767822266,453376,0.0,0.0
2010-12-27 00:00:00-05:00,35.82736434982602,36.12772485058452,35.57393422957762,36.090179443359375,503734,0.0,0.0
2010-12-28 00:00:00-05:00,36.118326679218086,36.4843901582781,35.836738963473174,35.94937515258789,685146,0.0,0.0
2010-12-29 00:00:00-05:00,35.66779130765091,35.90244592487605,35.50822473427588,35.7147216796875,558327,0.0,0.0
2010-12-30 00:00:00-05:00,36.24973129254336,36.399910103281144,36.005689001943495,36.07139205932617,896049,0.0,0.0
2010-12-31 00:00:00-05:00,36.02445822253357,36.18402475659652,35.84612174991403,35.986915588378906,480326,0.0,0.0
2011-01-03 00:00:00-05:00,36.428067246235386,36.822291098960285,36.24034304624528,36.28727340698242,1992452,0.0,0.0
2011-01-04 00:00:00-05:00,36.01508028050495,36.09955604865845,34.89811432412226,35.0952262878418,2291289,0.0,0.0
2011-01-05 00:00:00-05:00,34.10967130710371,34.67284680520561,33.98765013298445,34.381874084472656,3584504,0.0,0.0
2011-01-06 00:00:00-05:00,34.194137421599265,34.475725091110206,33.64973477768089,34.09088897705078,3064292,0.0,0.0
2011-01-07 00:00:00-05:00,34.165988221544396,34.20353362105266,33.55587961509839,34.081512451171875,887194,0.0,0.0
2011-01-10 00:00:00-05:00,33.03024767869034,33.70605931775209,32.99270228129336,33.69667434692383,2609299,0.0,0.0
2011-01-11 00:00:00-05:00,34.47573794853016,34.70100761674294,34.28801368452658,34.494510650634766,1540154,0.0,0.0
2011-01-12 00:00:00-05:00,35.10460710417678,35.24540094239212,34.935652844093475,35.17969512939453,1259566,0.0,0.0
2011-01-13 00:00:00-05:00,35.038911063221796,35.348659247906475,34.879344484939935,35.001365661621094,749441,0.0,0.0
2011-01-14 00:00:00-05:00,36.29666464678592,38.568138990409814,36.26850422198456,38.3240966796875,9672201,0.0,0.0
2011-01-18 00:00:00-05:00,37.85478648302769,38.10821655105257,37.42301990299661,37.6389045715332,2992913,0.0,0.0
2011-01-19 00:00:00-05:00,36.9349333932997,37.01940915944081,34.6822315919795,34.907501220703125,8495949,0.0,0.0
2011-01-20 00:00:00-05:00,34.62592166468765,36.30606068413812,34.50390047213099,36.20281219482422,5944169,0.0,0.0
2011-01-21 00:00:00-05:00,36.64395834152918,36.94431876879753,36.43746140935781,36.55948257446289,2000768,0.0,0.0
2011-01-24 00:00:00-05:00,36.08078165289208,37.37608681282851,36.08078165289208,37.263450622558594,3191881,0.0,0.0
2011-01-25 00:00:00-05:00,37.742160852874534,38.71833317047622,37.6576850650635,38.52122116088867,5847149,0.0,0.0
2011-01-26 00:00:00-05:00,38.85912311453925,39.703886420764675,38.53998994235955,39.290889739990234,3924921,0.0,0.0
2011-01-27 00:00:00-05:00,39.57247548764617,40.426626479628204,39.53493008612584,40.248287200927734,3183642,0.0,0.0
2011-01-28 00:00:00-05:00,39.929148604590374,39.99485166977761,38.66200388262112,39.497379302978516,3899588,0.0,0.0
2011-01-31 00:00:00-05:00,39.27211600477925,39.778973423767475,38.868507064006934,39.43168258666992,3023405,0.0,0.0
2011-02-01 00:00:00-05:00,40.39846215793475,41.91903698780328,40.35153178907679,41.25261306762695,6181021,0.0,0.0
2011-02-02 00:00:00-05:00,40.77391090175935,41.42156208362102,40.5767989532688,40.88654708862305,3228071,0.0,0.0
2011-02-03 00:00:00-05:00,40.52048746784152,40.698826747604684,39.83529077861804,40.45478439331055,2477244,0.0,0.0
2011-02-04 00:00:00-05:00,40.20135365988439,41.00857145784017,40.1731932324419,40.7645263671875,2167396,0.0,0.0
2011-02-07 00:00:00-05:00,41.17752977586782,41.59052647102378,40.90532972702803,41.14937210083008,1712865,0.0,0.0
2011-02-08 00:00:00-05:00,40.999191534755816,40.999191534755816,40.52049174752323,40.67067337036133,1868097,0.0,0.0
2011-02-09 00:00:00-05:00,40.389083045262076,40.792691995700125,40.389083045262076,40.398468017578125,2965809,0.0,0.0
2011-02-10 00:00:00-05:00,39.53493008612584,40.38908107810787,39.4973846846055,40.248287200927734,1527526,0.0,0.0
2011-02-11 00:00:00-05:00,40.47355106087464,40.94286299863154,40.31398450576976,40.867774963378906,1567027,0.0,0.0
2011-02-14 00:00:00-05:00,40.69882208136034,41.628063775379836,40.64250398520129,41.609291076660156,1548932,0.0,0.0
2011-02-15 00:00:00-05:00,40.98041452889332,41.15875380876638,40.5486479226551,40.79269027709961,2015860,0.0,0.0
2011-02-16 00:00:00-05:00,41.26199585423909,41.87210440230451,41.25261088378112,41.86271667480469,1560944,0.0,0.0
2011-02-17 00:00:00-05:00,41.42156267606265,42.163077357583084,41.38401727990442,42.0692138671875,1376452,0.0,0.0
2011-02-18 00:00:00-05:00,41.60928959796645,42.57607389802618,41.60928959796645,42.303871154785156,1796333,0.0,0.0
2011-02-22 00:00:00-05:00,40.755141970237126,41.815789844907734,40.70821159989455,40.74575424194336,3250093,0.0,0.0
2011-02-23 00:00:00-05:00,40.7645251347756,40.90532175364731,39.807128528558515,40.26705551147461,1723260,0.0,0.0
2011-02-24 00:00:00-05:00,40.14502623526687,40.689428873851604,39.91036892729294,40.48292922973633,1652420,0.0,0.0
2011-02-25 00:00:00-05:00,40.59557576913844,41.017957377161395,40.50171227056375,40.85839080810547,1084160,0.0,0.0
2011-02-28 00:00:00-05:00,41.32770899509832,41.59052683058767,40.52987878701162,40.924102783203125,1405558,0.0,0.0
2011-03-01 00:00:00-05:00,41.468493091640504,41.53419891351582,40.47355112044153,40.63311767578125,1482250,0.0,0.0
2011-03-02 00:00:00-05:00,40.755139572454915,41.721923892518625,40.755139572454915,41.487266540527344,1540000,0.0,0.0
2011-03-03 00:00:00-05:00,42.86705295447317,43.10171033649096,42.62301060055496,43.00784683227539,1309385,0.0,0.0
2011-03-04 00:00:00-05:00,42.782583063889106,42.82951344393096,42.44467715927681,42.72626495361328,920920,0.0,0.0
2011-03-07 00:00:00-05:00,42.3414196260024,42.500986192516905,40.81145978733421,41.111820220947266,1676829,0.0,0.0
2011-03-08 00:00:00-05:00,40.99918619669519,41.63745249657022,40.558031872610066,40.9334831237793,1204742,0.0,0.0
2011-03-09 00:00:00-05:00,41.13998331883638,41.14937104830384,40.30460773426927,40.61435317993164,1682835,0.0,0.0
2011-03-10 00:00:00-05:00,38.71832057057234,38.73709326809266,38.22084822184666,38.3240966796875,2793252,0.0,0.0
2011-03-11 00:00:00-05:00,37.70460214374204,38.93420139098434,37.68582944673548,38.699546813964844,2408329,0.0,0.0
2011-03-14 00:00:00-04:00,38.99991226196289,39.290884967701295,38.69016409974362,38.99991226196289,1616538,0.0,0.0
2011-03-15 00:00:00-04:00,37.16958047930844,38.417955048428034,37.06633203522457,38.25838851928711,1685299,0.0,0.0
2011-03-16 00:00:00-04:00,37.789076539214236,38.25839119041487,36.606407698610234,36.82229232788086,1780548,0.0,0.0
2011-03-17 00:00:00-04:00,38.1833120431145,38.75587532012108,37.88295156733321,38.502445220947266,1758449,0.0,0.0
2011-03-18 00:00:00-04:00,39.243948831601486,39.25333380142094,38.17391614897523,38.38041305541992,1166242,0.0,0.0
2011-03-21 00:00:00-04:00,39.5161580280389,39.54431845815827,39.17825216590257,39.459842681884766,1419726,0.0,0.0
2011-03-22 00:00:00-04:00,39.44106682033955,39.51615486154223,38.849730919725154,39.2064094543457,1444366,0.0,0.0
2011-03-23 00:00:00-04:00,39.58185796763312,40.351530325607705,39.39413098492573,40.17319107055664,1273734,0.0,0.0
2011-03-24 00:00:00-04:00,40.52986894374403,40.905320146216795,40.24828123114992,40.42662048339844,2814581,0.0,0.0
2011-03-25 00:00:00-04:00,40.351537882189994,40.98980422883865,40.22012896968604,40.40785598754883,1181411,0.0,0.0
2011-03-28 00:00:00-04:00,40.64250359475123,41.03672750703537,40.6143459254632,40.72698211669922,805035,0.0,0.0
2011-03-29 00:00:00-04:00,40.24827424773982,40.971016101799115,40.135638079428745,40.83960723876953,1013397,0.0,0.0
2011-03-30 00:00:00-04:00,41.815795093272804,41.93781627711225,41.45911651418407,41.62807083129883,1562407,0.0,0.0
2011-03-31 00:00:00-04:00,41.80640250567945,41.97535680316084,41.35586322647995,41.76885986328125,1714097,0.0,0.0
2011-04-01 00:00:00-04:00,41.43094454569353,41.82516563553224,41.252605317678274,41.58112335205078,1131823,0.0,0.0
2011-04-04 00:00:00-04:00,41.75946986661942,41.81578796272081,41.15874902228848,41.4684944152832,1226610,0.0,0.0
2011-04-05 00:00:00-04:00,41.59051826790271,42.04105752189921,41.51542747322264,41.70315170288086,902363,0.0,0.0
2011-04-06 00:00:00-04:00,41.346476929328475,41.44972815988447,40.95225573564326,41.16814041137695,1387771,0.0,0.0
2011-04-07 00:00:00-04:00,40.37030570311238,40.5955753402697,39.88221827272245,40.21073913574219,2048354,0.0,0.0
2011-04-08 00:00:00-04:00,40.53925681492345,40.53925681492345,39.4410663114525,39.760196685791016,1471778,0.0,0.0
2011-04-11 00:00:00-04:00,40.22951011404775,40.50171010982954,39.919761963797136,40.26705551147461,2411948,0.0,0.0
2011-04-12 00:00:00-04:00,40.14503857633446,40.248287051611214,39.52554496763165,39.807132720947266,1806574,0.0,0.0
2011-04-13 00:00:00-04:00,39.52555089958717,39.61941441712673,36.77537602758322,37.197757720947266,9794400,0.0,0.0
2011-04-14 00:00:00-04:00,37.44178049926767,37.704595453685705,36.944308252424484,37.319759368896484,7584885,0.0,0.0
2011-04-15 00:00:00-04:00,37.92986747158704,37.939255197552065,37.366692139010134,37.582576751708984,2466002,0.0,0.0
2011-04-18 00:00:00-04:00,36.362370353001594,36.728436602738576,35.94937649161504,36.35298538208008,3117037,0.0,0.0
2011-04-19 00:00:00-04:00,36.25912798972223,36.371764201987986,35.677179740434084,35.93999481201172,3357431,0.0,0.0
2011-04-20 00:00:00-04:00,38.483659218923464,39.1782406836533,38.249001902898826,39.121925354003906,4228378,0.0,0.0
2011-04-21 00:00:00-04:00,38.58690572605644,38.62445111529612,37.826618486556384,38.26777267456055,2355969,0.0,0.0
2011-04-25 00:00:00-04:00,38.23023896347126,38.71832641564126,38.183308591106574,38.474281311035156,1834910,0.0,0.0
2011-04-26 00:00:00-04:00,38.901343032145185,39.6907840457893,38.76818592263181,39.60518264770508,3003000,0.7,0.0
2011-04-27 00:00:00-04:00,39.69077323067822,40.0236687075322,39.167649372383195,39.919044494628906,1619079,0.0,0.0
2011-04-28 00:00:00-04:00,40.10928365988144,40.28048645542953,38.872810023189714,39.38642120361328,3311000,0.0,0.0
2011-04-29 00:00:00-04:00,39.605184119465406,39.7858997409028,39.29130858978699,39.71931838989258,1362669,0.0,0.0
2011-05-02 00:00:00-04:00,39.928564251561625,39.93807427539757,38.863293511646425,39.024986267089844,1951488,0.0,0.0
2011-05-03 00:00:00-04:00,39.51006146726744,39.70979989011216,39.110584621578,39.5481071472168,2002000,0.0,0.0
2011-05-04 00:00:00-04:00,40.47070338354854,40.49923903918424,39.224719990295654,39.59566116333008,3047968,0.0,0.0
2011-05-05 00:00:00-04:00,39.25325695441016,39.47201542142291,38.74915589042229,39.1105842590332,2464000,0.0,0.0
2011-05-06 00:00:00-04:00,39.0059629077171,39.25325984329563,38.12141057022039,38.35919189453125,2380917,0.0,0.0
2011-05-09 00:00:00-04:00,38.80622206404865,39.31983311999941,38.70159505459289,39.19618606567383,1730344,0.0,0.0
2011-05-10 00:00:00-04:00,39.48153112626523,39.814426656419165,39.348371237936256,39.671756744384766,1889965,0.0,0.0
2011-05-11 00:00:00-04:00,38.08336005873148,38.23553997524237,37.23685071719257,37.59828186035156,3003000,0.0,0.0
2011-05-12 00:00:00-04:00,38.03580829031568,38.815736379832686,37.70290997403583,38.54941940307617,1771000,0.0,0.0
2011-05-13 00:00:00-04:00,38.03580585724086,38.092871582069144,37.370012061049614,37.70290756225586,1352582,0.0,0.0
2011-05-16 00:00:00-04:00,38.226027801320825,38.66355027500017,37.807530959135526,37.92166519165039,2099251,0.0,0.0
2011-05-17 00:00:00-04:00,37.35099676435611,37.71242799474443,37.246372522670924,37.69340515136719,2191266,0.0,0.0
2011-05-18 00:00:00-04:00,37.84557428566067,38.56843653979209,37.807531403560844,38.37820816040039,1450295,0.0,0.0
2011-05-19 00:00:00-04:00,37.978756054877444,38.349697417958005,37.75999468929911,38.21653747558594,1765071,0.0,0.0
2011-05-20 00:00:00-04:00,38.035817013073874,38.04532703874161,37.38904586672156,37.626827239990234,2083466,0.0,0.0
2011-05-23 00:00:00-04:00,36.342792165604784,36.59008630119771,35.810155419198175,35.905269622802734,3465000,0.0,0.0
2011-05-24 00:00:00-04:00,36.342792995664425,36.3903487016634,35.72455484878278,36.06696319580078,2919224,0.0,0.0
2011-05-25 00:00:00-04:00,35.781629641831806,36.34279936357427,35.7721168226978,36.190616607666016,1098482,0.0,0.0
2011-05-26 00:00:00-04:00,36.076465150490606,36.15255649809328,35.54383130482861,35.981353759765625,1905288,0.0,0.0
2011-05-27 00:00:00-04:00,36.20964050292969,36.43791184963685,36.10501625209639,36.20964050292969,1133440,0.0,0.0
2011-05-31 00:00:00-04:00,37.141740594652575,37.179786273533665,36.67568521902734,37.103694915771484,1033725,0.0,0.0
2011-06-01 00:00:00-04:00,36.85640749638229,37.141747346079256,36.295237821547936,36.342796325683594,1247477,0.0,0.0
2011-06-02 00:00:00-04:00,36.52350614804745,36.77080029167235,36.18109779772874,36.51399612426758,1106798,0.0,0.0
2011-06-03 00:00:00-04:00,36.52350638444929,36.67568911614441,36.152565166610984,36.3713264465332,1029182,0.0,0.0
2011-06-06 00:00:00-04:00,36.36181304304082,36.48546290744034,36.06696319580078,36.06696319580078,692923,0.0,0.0
2011-06-07 00:00:00-04:00,36.761297419052326,37.12272868101887,36.571071762439196,36.79934310913086,1315622,0.0,0.0
2011-06-08 00:00:00-04:00,36.23816087842921,36.37132074779868,35.581879935269065,35.82917404174805,1545621,0.0,0.0
2011-06-09 00:00:00-04:00,35.67700084857883,36.380837623643195,35.562863796189355,36.038429260253906,736505,0.0,0.0
2011-06-10 00:00:00-04:00,35.59140381316935,35.657982371657326,34.621247130432536,34.78293991088867,2358972,0.0,0.0
2011-06-13 00:00:00-04:00,34.94462568014573,35.12534126873719,34.61172736693876,34.72586441040039,847847,0.0,0.0
2011-06-14 00:00:00-04:00,35.886245710442864,36.12402981546406,35.78162148649161,35.87673568725586,1735580,0.0,0.0
2011-06-15 00:00:00-04:00,34.66880085427953,35.0492549265318,34.20274538405981,34.383460998535156,1355046,0.0,0.0
2011-06-16 00:00:00-04:00,34.0125199300483,34.07909848507674,33.35623881701813,33.641578674316406,1752212,0.0,0.0
2011-06-17 00:00:00-04:00,34.079094637527206,34.079094637527206,33.479882122363996,33.651084899902344,1406328,0.0,0.0
2011-06-20 00:00:00-04:00,33.11844759458786,33.4608559089358,33.080401915907125,33.356231689453125,924231,0.0,0.0
2011-06-21 00:00:00-04:00,33.58451304125814,34.02203288976099,33.432330280888756,33.850830078125,1307768,0.0,0.0
2011-06-22 00:00:00-04:00,33.43232322270865,33.96495718399351,33.384767517022894,33.57499313354492,943173,0.0,0.0
2011-06-23 00:00:00-04:00,32.8331119184681,33.8318013309369,32.576304952035926,33.822288513183594,1358126,0.0,0.0
2011-06-24 00:00:00-04:00,33.58450920805735,33.71766631440298,33.07089803799132,33.270633697509766,1282820,0.0,0.0
2011-06-27 00:00:00-04:00,34.022025747695054,34.64977391487974,33.81277728989315,34.51661682128906,1446676,0.0,0.0
2011-06-28 00:00:00-04:00,33.97447004195252,34.640263891242824,33.92691433620999,34.51661682128906,1222298,0.0,0.0
2011-06-29 00:00:00-04:00,34.811466217041016,35.096806035366455,34.36443364874589,34.811466217041016,2056978,0.0,0.0
2011-06-30 00:00:00-04:00,34.95413122532773,35.36311805466539,34.92559836500732,35.15386962890625,2131129,0.0,0.0
2011-07-01 00:00:00-04:00,35.382147535313194,36.13354279845258,35.15387622855948,36.08598709106445,1136443,0.0,0.0
2011-07-05 00:00:00-04:00,36.03842671407019,36.20011946330848,35.78162255500627,35.905269622802734,1250711,0.0,0.0
2011-07-06 00:00:00-04:00,35.21094855278854,35.38215135288103,34.89707302757981,35.134857177734375,1633170,0.0,0.0
2011-07-07 00:00:00-04:00,36.200124592116104,36.894451392353794,36.12403601223121,36.75178146362305,2287208,0.0,0.0
2011-07-08 00:00:00-04:00,36.13353749822642,36.22865169282998,35.42969804571742,35.610416412353516,1238699,0.0,0.0
2011-07-11 00:00:00-04:00,35.23947757911083,35.69602298587575,34.99218343092858,35.125343322753906,1836989,0.0,0.0
2011-07-12 00:00:00-04:00,34.392972603822734,34.54515255108773,33.09943048006384,33.17552185058594,4492180,0.0,0.0
2011-07-13 00:00:00-04:00,32.53825419245725,33.71765902045528,32.33851857614646,32.985286712646484,8479009,0.0,0.0
2011-07-14 00:00:00-04:00,33.00431561806364,33.289655458132685,32.13878607361782,32.281455993652344,3640252,0.0,0.0
2011-07-15 00:00:00-04:00,32.68093661903323,32.70946948878659,32.167322613237054,32.64289093017578,2480940,0.0,0.0
2011-07-18 00:00:00-04:00,32.262430598650404,32.55728043962833,32.07220498491558,32.53825759887695,3022327,0.0,0.0
2011-07-19 00:00:00-04:00,33.29915771588029,33.926905723708245,33.29915771588029,33.76521301269531,2557709,0.0,0.0
2011-07-20 00:00:00-04:00,34.117143286123785,34.117143286123785,33.62255495798863,33.86033630371094,1250711,0.0,0.0
2011-07-21 00:00:00-04:00,34.95413648326629,35.27752198650909,34.61172813902221,35.25849914550781,2157848,0.0,0.0
2011-07-22 00:00:00-04:00,35.25849966084824,36.0669634307718,34.99218267671677,35.924293518066406,1994993,0.0,0.0
2011-07-25 00:00:00-04:00,35.306045125762736,35.82916891853048,35.248979412257114,35.58187484741211,1245475,0.0,0.0
2011-07-26 00:00:00-04:00,35.72455508152306,36.23816620850666,35.61042082762615,35.924293518066406,1428504,0.0,0.0
2011-07-27 00:00:00-04:00,35.581881659316316,35.591394475907215,34.7734179691329,35.4296989440918,4158000,0.0,0.0
2011-07-28 00:00:00-04:00,33.974472061979284,34.55466176413892,33.717665089386855,33.98398208618164,2386307,0.0,0.0
2011-07-29 00:00:00-04:00,34.33591162655536,34.45004591365795,33.88887891710228,33.907901763916016,1840762,0.0,0.0
2011-08-01 00:00:00-04:00,34.36443927751777,34.52613205397215,33.06138704081103,33.44184112548828,1988140,0.0,0.0
2011-08-02 00:00:00-04:00,33.30866482630014,33.67009588918853,32.68091966710832,32.6904296875,1656578,0.0,0.0
2011-08-03 00:00:00-04:00,33.327701171337786,33.50841677604098,32.61435157055106,33.251609802246094,2553936,0.0,0.0
2011-08-04 00:00:00-04:00,31.225702150761673,31.92954181965489,31.073519392609832,31.587133407592773,5532758,0.0,0.0
2011-08-05 00:00:00-04:00,32.89968976613251,32.97578113142021,30.607461133962005,31.786863327026367,2847999,0.0,0.0
2011-08-08 00:00:00-04:00,29.41853693561053,30.569408807224836,29.1522200087651,29.561206817626953,3856699,0.0,0.0
2011-08-09 00:00:00-04:00,31.5681083508223,31.948562425763672,30.00824915796407,31.9105167388916,3505733,0.0,0.0
2011-08-10 00:00:00-04:00,30.550391078566918,32.03415865840383,30.16042424790518,30.911819458007812,5119422,0.0,0.0
2011-08-11 00:00:00-04:00,31.89148950412521,33.53694986898263,31.606149685654163,33.11845016479492,2959341,0.0,0.0
2011-08-12 00:00:00-04:00,34.05055832643238,34.20273824731182,33.08040190182275,33.7271728515625,3047737,0.0,0.0
2011-08-15 00:00:00-04:00,33.926916749476746,34.19323374938055,33.62255406476108,34.06007385253906,1350734,0.0,0.0
2011-08-16 00:00:00-04:00,33.42280152263556,34.12664080730103,32.975769105270004,33.33720016479492,2349501,0.0,0.0
2011-08-17 00:00:00-04:00,33.1755222769141,33.82229055332576,32.8806696092415,33.270633697509766,1997842,0.0,0.0
2011-08-18 00:00:00-04:00,31.59664073738085,31.720287820940353,30.750133995610337,31.434947967529297,2550240,0.0,0.0
2011-08-19 00:00:00-04:00,31.42543626123418,32.43363571890631,31.15911926522008,31.282766342163086,1885884,0.0,0.0
2011-08-22 00:00:00-04:00,32.08170691655403,32.08170691655403,31.26373335189606,31.349334716796875,793562,0.0,0.0
2011-08-23 00:00:00-04:00,32.03415758747006,32.96626555924241,31.748817785262883,32.9377326965332,1431045,0.0,0.0
2011-08-24 00:00:00-04:00,33.23258102344159,33.45134227361201,32.4716758497871,32.833106994628906,2390234,0.0,0.0
2011-08-25 00:00:00-04:00,32.33852886102455,32.60484589458315,31.29228077782049,31.406417846679688,2370522,0.0,0.0
2011-08-26 00:00:00-04:00,31.36836499075416,32.899688282320284,31.15911653942932,32.8045768737793,1754214,0.0,0.0
2011-08-29 00:00:00-04:00,33.641573122510685,34.12665135862207,33.56548176144721,34.050559997558594,945406,0.0,0.0
2011-08-30 00:00:00-04:00,33.04236131508313,33.76522373354719,32.956759921785846,33.24209976196289,2286977,0.0,0.0
2011-08-31 00:00:00-04:00,33.69863912760189,33.964956099742786,33.25160656833346,33.54645919799805,1755138,0.0,0.0
2011-09-01 00:00:00-04:00,33.4418453637928,33.60353816073957,32.86165274128389,32.9282341003418,1091167,0.0,0.0
2011-09-02 00:00:00-04:00,32.06268228486292,32.633361743943894,32.0151265945322,32.262420654296875,1454145,0.0,0.0
2011-09-06 00:00:00-04:00,30.502832457573287,31.977090008161795,30.502832457573287,31.815397262573242,1483020,0.0,0.0
2011-09-07 00:00:00-04:00,32.38608820156452,33.1279708508595,32.32901966074648,32.94725799560547,1116038,0.0,0.0
2011-09-08 00:00:00-04:00,32.40511360576307,33.14699631360394,32.22439794246797,32.49071502685547,1454376,0.0,0.0
2011-09-09 00:00:00-04:00,32.414620494465844,32.709473219854324,31.958077763658913,32.43364334106445,2149532,0.0,0.0
2011-09-12 00:00:00-04:00,32.33851813868361,33.28964888869655,32.32900532254303,33.26111602783203,1960882,0.0,0.0
2011-09-13 00:00:00-04:00,33.270630391777495,34.1076298075549,33.07089475210456,33.92691421508789,2822512,0.0,0.0
2011-09-14 00:00:00-04:00,33.6130454140951,35.14437184562351,33.41330973473791,34.735382080078125,3139367,0.0,0.0
2011-09-15 00:00:00-04:00,34.89705693553998,35.13484097604547,34.35491312272566,34.60220718383789,3869558,0.0,0.0
2011-09-16 00:00:00-04:00,34.50710355790861,35.01120464862461,34.47857069358764,34.811466217041016,3069374,0.0,0.0
2011-09-19 00:00:00-04:00,34.250301361083984,34.74488966285934,34.060072942109535,34.250301361083984,3897971,0.0,0.0
2011-09-20 00:00:00-04:00,33.77472940296171,34.46905607161586,33.67961799768556,33.89837646484375,2093707,0.0,0.0
2011-09-21 00:00:00-04:00,34.57367897561478,35.715040939424995,33.99348936794548,34.01251220703125,2987138,0.0,0.0
2011-09-22 00:00:00-04:00,33.16600228397603,33.603524781674636,32.48118846995625,32.985286712646484,2514204,0.0,0.0
2011-09-23 00:00:00-04:00,32.49070092335374,33.594014478860565,32.443145219785315,33.46085739135742,2547160,0.0,0.0
2011-09-26 00:00:00-04:00,33.95545121491859,34.45003955320103,33.33721579206555,34.383460998535156,2216214,0.0,0.0
2011-09-27 00:00:00-04:00,35.33459263642742,35.93380517958907,35.03022995586524,35.30605697631836,1784706,0.0,0.0
2011-09-28 00:00:00-04:00,34.98267553611394,35.10632261773056,34.17421169955968,34.212257385253906,1864170,0.0,0.0
2011-09-29 00:00:00-04:00,34.74488793215332,34.81146647858842,33.47988158099146,34.28834533691406,1266419,0.0,0.0
2011-09-30 00:00:00-04:00,33.19455077024034,33.60353777100228,32.82360946170459,32.852142333984375,2201353,0.0,0.0
2011-10-03 00:00:00-04:00,32.08170677223054,32.947238819767215,31.834412699728123,31.862945556640625,1793022,0.0,0.0
2011-10-04 00:00:00-04:00,31.511044851077067,33.403799915564726,31.434953465185362,33.3847770690918,2621619,0.0,0.0
2011-10-05 00:00:00-04:00,32.92822223078271,33.49890182752335,32.62385959293578,33.22307205200195,3615843,0.0,0.0
2011-10-06 00:00:00-04:00,32.909200600269145,33.869844250902574,32.86164210294114,33.84130859375,1409485,0.0,0.0
2011-10-07 00:00:00-04:00,34.564170837402344,35.07778193316291,34.1742068055512,34.564170837402344,2888116,0.0,0.0
2011-10-10 00:00:00-04:00,35.153874498092534,35.77210983882152,34.811466157927654,35.17289733886719,2021250,0.0,0.0
2011-10-11 00:00:00-04:00,34.221761684480086,34.64026136332228,33.87935336429625,34.4024772644043,2645335,0.0,0.0
2011-10-12 00:00:00-04:00,36.18110045487997,37.98825375210623,35.94331911135122,36.86591720581055,7489097,0.0,0.0
2011-10-13 00:00:00-04:00,36.92298153425632,38.3116349271233,36.84689017196802,38.102386474609375,2717330,0.0,0.0
2011-10-14 00:00:00-04:00,37.99776348289919,38.35919187795361,37.64584231777133,38.34968185424805,3329788,0.0,0.0
2011-10-17 00:00:00-04:00,37.50316914402061,37.9977601781695,37.1607636199359,37.70290756225586,3777389,0.0,0.0
2011-10-18 00:00:00-04:00,37.81705708982418,38.42578256846044,37.41758012141299,38.3021354675293,2684297,0.0,0.0
2011-10-19 00:00:00-04:00,37.74095729733978,38.302126933282956,37.41757178425783,37.56024169921875,1519287,0.0,0.0
2011-10-20 00:00:00-04:00,38.04532729165856,38.054840111169106,37.25588619858517,37.474647521972656,4182563,0.0,0.0
2011-10-21 00:00:00-04:00,37.89313732771197,38.615996874867875,37.86460167048731,38.5208854675293,2068143,0.0,0.0
2011-10-24 00:00:00-04:00,38.321144270972404,39.31983353226166,38.28309859327661,39.27227783203125,1451450,0.0,0.0
2011-10-25 00:00:00-04:00,39.20571402157308,39.548122480090825,38.796726994220755,38.95841979980469,2246321,0.0,0.0
2011-10-26 00:00:00-04:00,39.614701431486274,39.728838516687716,38.31164894744617,39.03451156616211,1346268,0.0,0.0
2011-10-27 00:00:00-04:00,40.099773812759445,41.73572448532655,40.08075096809125,41.35527038574219,3892658,0.0,0.0
2011-10-28 00:00:00-04:00,40.55631212771987,41.45989016765924,40.51826923626171,41.421844482421875,3912755,0.0,0.0
2011-10-31 00:00:00-04:00,40.18537467973391,40.47071455216328,39.852479093159474,39.881011962890625,3743278,0.0,0.0
2011-11-01 00:00:00-04:00,38.14043499594196,39.20570297218944,38.00727510202147,38.66355895996094,4198117,0.0,0.0
2011-11-02 00:00:00-04:00,38.549423859838136,38.92036510672923,38.32115253819586,38.482845306396484,1700930,0.0,0.0
2011-11-03 00:00:00-04:00,39.10107372058447,40.432658520021214,38.57794982369419,40.1187858581543,1994762,0.0,0.0
2011-11-04 00:00:00-04:00,39.728822677374126,40.480217870929934,39.62419845454162,40.28998947143555,1154230,0.0,0.0
2011-11-07 00:00:00-05:00,39.61468167621417,39.90953426905584,39.31031906123818,39.70028305053711,1018171,0.0,0.0
2011-11-08 00:00:00-05:00,41.06041634950618,41.117484881647265,40.32804383814406,40.879703521728516,2200737,0.0,0.0
2011-11-09 00:00:00-05:00,38.92037017579646,39.07255293923139,38.08337335824314,38.14044189453125,1934471,0.0,0.0
2011-11-10 00:00:00-05:00,38.69209036972251,38.88231598866991,37.997763647718635,38.568443298339844,1989757,0.0,0.0
2011-11-11 00:00:00-05:00,38.65404474806751,39.86198259877749,38.549420517792676,39.52908706665039,1950718,0.0,0.0
2011-11-14 00:00:00-05:00,38.98693639618724,39.05351773100282,37.99775992211276,38.207008361816406,2001153,0.0,0.0
2011-11-15 00:00:00-05:00,38.00727702638089,38.815740867383994,37.87411991949759,38.482845306396484,1126510,0.0,0.0
2011-11-16 00:00:00-05:00,37.90265496415613,38.245063363177024,37.531713695958246,37.57926940917969,1290289,0.0,0.0
2011-11-17 00:00:00-05:00,37.32245489952448,37.379520622121085,36.133537253265395,36.48545837402344,1586046,0.0,0.0
2011-11-18 00:00:00-05:00,37.18930724429005,37.19882006370011,36.12403909713695,36.20964050292969,806575,0.0,0.0
2011-11-21 00:00:00-05:00,35.70552971253287,36.456924905424756,35.32507570765907,36.181095123291016,1727495,0.0,0.0
2011-11-22 00:00:00-05:00,36.01940440422213,36.28572417824006,35.191920598892814,35.25849914550781,1363593,0.0,0.0
2011-11-23 00:00:00-05:00,35.31556984784841,35.32507987204643,34.7068444858007,34.92560577392578,1388618,0.0,0.0
2011-11-25 00:00:00-05:00,34.43100842398322,35.08729216928225,34.421498401510696,34.440521240234375,586509,0.0,0.0
2011-11-28 00:00:00-05:00,35.72455280364641,35.905268387387615,35.42019015636314,35.667484283447266,978285,0.0,0.0
2011-11-29 00:00:00-05:00,35.496281952756576,35.715043219318375,35.210942142033836,35.37263488769531,1165549,0.0,0.0
2011-11-30 00:00:00-05:00,36.485458363363264,37.64583756042772,36.37132133064612,37.59828186035156,3132437,0.0,0.0
2011-12-01 00:00:00-05:00,37.227350178281995,37.61731428207353,37.1512588037531,37.40806579589844,2859934,0.0,0.0
2011-12-02 00:00:00-05:00,37.9311940267506,38.86330229335313,37.921681206986065,38.67307662963867,3345265,0.0,0.0
2011-12-05 00:00:00-05:00,39.14862632391889,39.776374391744724,39.03449208944599,39.329341888427734,4074301,0.0,0.0
2011-12-06 00:00:00-05:00,38.977422101581624,39.84295142153776,38.90133075229102,39.58614730834961,3796870,0.0,0.0
2011-12-07 00:00:00-05:00,39.40544306140605,40.090259814030865,39.17717174179086,39.95709991455078,1840300,0.0,0.0
2011-12-08 00:00:00-05:00,39.424453720928334,39.80490766523555,38.948885592099714,39.06302261352539,4201967,0.0,0.0
2011-12-09 00:00:00-05:00,38.74915728308968,39.90953937737819,38.6255102168459,39.56713104248047,1886500,0.0,0.0
2011-12-12 00:00:00-05:00,38.64454486139767,38.66356770769028,37.85510372470378,38.111907958984375,1113959,0.0,0.0
2011-12-13 00:00:00-05:00,37.874110535721044,38.28309736718421,37.027601218547446,37.19880676269531,1641794,0.0,0.0
2011-12-14 00:00:00-05:00,37.32246214363523,37.36050503482402,36.903962402766595,37.1512565612793,1748208,0.0,0.0
2011-12-15 00:00:00-05:00,38.30212781346613,38.330660679602374,37.02760857342991,37.34148406982422,1282358,0.0,0.0
2011-12-16 00:00:00-05:00,37.389039155822914,37.8360717451199,37.274902105618935,37.417572021484375,1463924,0.0,0.0
2011-12-19 00:00:00-05:00,37.69340336523687,37.84558331126434,37.09418801791692,37.141746520996094,1053437,0.0,0.0
2011-12-20 00:00:00-05:00,38.5018727437044,39.33886955212282,38.48284989848265,39.23424530029297,2301376,0.0,0.0
2011-12-21 00:00:00-05:00,38.5589268539343,38.95840368930568,38.216518537012945,38.787200927734375,1816969,0.0,0.0
2011-12-22 00:00:00-05:00,38.78720366146108,39.348370481323826,38.749157979812935,39.14863204956055,1134210,0.0,0.0
2011-12-23 00:00:00-05:00,39.24375337042913,39.5671389293045,39.18668483760769,39.424468994140625,521444,0.0,0.0
2011-12-27 00:00:00-05:00,39.738332753184764,39.93807117602948,39.538597124118866,39.5481071472168,438977,0.0,0.0
2011-12-28 00:00:00-05:00,39.75736457826317,39.78590024156362,39.357890436072005,39.424468994140625,1516669,0.0,0.0
2011-12-29 00:00:00-05:00,39.87149489748831,40.24243610739373,39.58615507544122,40.185367584228516,720874,0.0,0.0
2011-12-30 00:00:00-05:00,39.91905895165766,40.26146736847911,39.74785614013672,39.74785614013672,434896,0.0,0.0
2012-01-03 00:00:00-05:00,40.87018706723851,40.90823275194824,39.99514470025211,40.156837463378906,1121890,0.0,0.0
2012-01-04 00:00:00-05:00,39.66224249729424,39.78588955497238,39.30081134695257,39.59566116333008,1075074,0.0,0.0
2012-01-05 00:00:00-05:00,38.87280988076246,39.529090986331305,38.67307142416865,39.167659759521484,2828210,0.0,0.0
2012-01-06 00:00:00-05:00,38.86329202620328,39.1866775247296,38.58746502637603,38.910850524902344,2052358,0.0,0.0
2012-01-09 00:00:00-05:00,39.18667432288165,39.65272969186703,39.11058296620354,39.2247200012207,2074380,0.0,0.0
2012-01-10 00:00:00-05:00,39.53860159302178,39.65273585199121,39.262771779102316,39.49104309082031,2127433,0.0,0.0
2012-01-11 00:00:00-05:00,39.54810839317251,39.9285624108734,39.30081425948955,39.79540252685547,1528065,0.0,0.0
2012-01-12 00:00:00-05:00,39.74784154254427,39.90953426905584,39.32934189928534,39.70028305053711,1152844,0.0,0.0
2012-01-13 00:00:00-05:00,39.32935015669963,39.37690865869196,38.71111477481141,39.26277160644531,1525370,0.0,0.0
2012-01-17 00:00:00-05:00,40.59436376706905,41.069932108510095,40.1853767814487,40.50876235961914,1808576,0.0,0.0
2012-01-18 00:00:00-05:00,41.38379822326159,41.40282106561646,39.19619370268519,40.156837463378906,5088314,0.0,0.0
2012-01-19 00:00:00-05:00,40.461202015767675,40.49924770223435,39.99514654721983,40.337554931640625,1537382,0.0,0.0
2012-01-20 00:00:00-05:00,40.35658236225221,41.1555334875322,40.24244528987809,41.08895492553711,2592590,0.0,0.0
2012-01-23 00:00:00-05:00,41.45037481642242,41.773757511823455,41.307702118227674,41.68815612792969,1369907,0.0,0.0
2012-01-24 00:00:00-05:00,41.326739581550385,41.69768369931052,41.13651390627891,41.374298095703125,1420958,0.0,0.0
2012-01-25 00:00:00-05:00,40.99382379810177,41.174539357967674,40.594347003263614,41.13649368286133,1609223,0.0,0.0
2012-01-26 00:00:00-05:00,41.30770177011166,41.77375715977982,40.69897927100877,40.870182037353516,1605681,0.0,0.0
2012-01-27 00:00:00-05:00,41.079430240630515,41.421838565072576,40.63239769362149,41.00334167480469,1815198,0.0,0.0
2012-01-30 00:00:00-05:00,40.95578236257334,40.97480520209568,40.537285480639355,40.851158142089844,1515283,0.0,0.0
2012-01-31 00:00:00-05:00,41.21258758255053,41.32672182115163,40.632395191954835,40.88920211791992,1270346,0.0,0.0
2012-02-01 00:00:00-05:00,42.01155155140664,42.28738140226518,41.89741448337286,41.94497299194336,1381996,0.0,0.0
2012-02-02 00:00:00-05:00,42.26835147119551,42.544178482031434,42.040077373398695,42.25883865356445,1002155,0.0,0.0
2012-02-03 00:00:00-05:00,42.81050552100967,43.324119567871094,42.64881272732731,43.324119567871094,1105181,0.0,0.0
2012-02-06 00:00:00-05:00,43.09583392340891,43.09583392340891,42.487108602917495,42.74391555786133,1452990,0.0,0.0
2012-02-07 00:00:00-05:00,42.84854546722494,42.99121539582661,42.563205610021605,42.92463684082031,1414567,0.0,0.0
2012-02-08 00:00:00-05:00,43.01974422301091,43.36214976223144,42.724891594063486,43.076812744140625,920920,0.0,0.0
2012-02-09 00:00:00-05:00,43.28605992617125,43.333615628829804,42.915118740365436,43.20996856689453,1341109,0.0,0.0
2012-02-10 00:00:00-05:00,43.44776336383479,43.44776336383479,42.8580607718232,43.03877639770508,2417877,0.0,0.0
2012-02-13 00:00:00-05:00,42.981701806886186,43.1433945654788,42.43955500564404,42.791473388671875,2103332,0.0,0.0
2012-02-14 00:00:00-05:00,43.010230970178405,43.41921784346276,42.80098252193498,43.37166213989258,2482788,0.0,0.0
2012-02-15 00:00:00-05:00,43.56189354329093,43.73309912772217,43.124373748413966,43.19095230102539,1856162,0.0,0.0
2012-02-16 00:00:00-05:00,43.30508204696181,44.53204262292212,43.27654639081744,44.3703498840332,1870869,0.0,0.0
2012-02-17 00:00:00-05:00,44.86493917325081,44.893474830062814,44.03745541372131,44.37986373901367,1969044,0.0,0.0
2012-02-21 00:00:00-05:00,44.57960673942507,44.57960673942507,43.74261002462735,43.94234848022461,2234386,0.0,0.0
2012-02-22 00:00:00-05:00,43.84723027692058,43.89478877721982,43.476289060993196,43.714073181152344,1867712,0.0,0.0
2012-02-23 00:00:00-05:00,44.199157595153295,44.2276904642797,43.628477862389914,43.989906311035156,2487331,0.0,0.0
2012-02-24 00:00:00-05:00,44.189636459072496,44.48448908885335,43.96136516768728,44.046966552734375,1348655,0.0,0.0
2012-02-27 00:00:00-05:00,43.34313062677026,44.00892450930372,43.248019210536285,43.81869888305664,1681911,0.0,0.0
2012-02-28 00:00:00-05:00,44.32280216063073,45.435625899888436,44.30377931770313,45.3975830078125,2692767,0.0,0.0
2012-02-29 00:00:00-05:00,44.665217635314285,44.77935191723262,43.23851536420773,43.324119567871094,2369829,0.0,0.0
2012-03-01 00:00:00-05:00,43.24802359618566,43.523850642525744,43.05779795064838,43.171932220458984,1496033,0.0,0.0
2012-03-02 00:00:00-05:00,43.17192270342604,43.23850124562027,42.82000435893791,42.991207122802734,1596364,0.0,0.0
2012-03-05 00:00:00-05:00,42.943651626959124,42.98169730661853,42.411017699285054,42.839027404785156,1443519,0.0,0.0
2012-03-06 00:00:00-05:00,41.9449665160406,42.67733893840391,41.92594367430525,42.55369186401367,3244549,0.0,0.0
2012-03-07 00:00:00-05:00,42.78196552092866,43.57140651185937,42.72489699258802,43.40971374511719,1431738,0.0,0.0
2012-03-08 00:00:00-05:00,43.71407963577981,44.27524655442653,43.45727263633778,44.056488037109375,1171863,0.0,0.0
2012-03-09 00:00:00-05:00,44.12305784535878,44.57960042741426,43.96136509884353,44.398887634277344,1144374,0.0,0.0
2012-03-12 00:00:00-04:00,44.246706862235506,44.427422457120386,44.0279455848718,44.227684020996094,720104,0.0,0.0
2012-03-13 00:00:00-04:00,44.47498340216633,45.340515796065496,44.47498340216633,45.283447265625,1170092,0.0,0.0
2012-03-14 00:00:00-04:00,44.85544559822269,45.39759254488386,44.769844183955094,45.007625579833984,956494,0.0,0.0
2012-03-15 00:00:00-04:00,45.1883299654916,45.84461383011682,45.14077425692509,45.80656814575195,1243011,0.0,0.0
2012-03-16 00:00:00-04:00,45.76851614979949,46.01581027028952,45.59731059376725,45.701934814453125,665126,0.0,0.0
2012-03-19 00:00:00-04:00,45.92070045761197,46.310664515145106,45.67340631350701,45.987281799316406,733579,0.0,0.0
2012-03-20 00:00:00-04:00,45.49268402061953,46.348703375179035,45.38805980534384,46.158477783203125,1258180,0.0,0.0
2012-03-21 00:00:00-04:00,46.48186281145024,46.69111124004895,45.98727460066108,46.0728759765625,1998920,0.0,0.0
2012-03-22 00:00:00-04:00,45.2739276889063,45.65437889068354,45.121744973172405,45.46415328979492,1412873,0.0,0.0
2012-03-23 00:00:00-04:00,45.20735565684584,45.625855417455966,45.12175425851947,45.43562698364258,691614,0.0,0.0
2012-03-26 00:00:00-04:00,46.139463538971526,46.60551898021378,46.03483930420761,46.5389404296875,1093015,0.0,0.0
2012-03-27 00:00:00-04:00,46.662590686006624,46.83379348296202,46.44382938362414,46.60552215576172,1127511,0.0,0.0
2012-03-28 00:00:00-04:00,47.17618985546735,47.19521548894275,46.11092480135025,46.50088882446289,1320550,0.0,0.0
2012-03-29 00:00:00-04:00,46.42479911588925,47.261798504735104,46.29163923327958,47.214237213134766,1371293,0.0,0.0
2012-03-30 00:00:00-04:00,47.64225218534688,47.861010670264704,47.07157253224486,47.6898078918457,1519826,0.0,0.0
2012-04-02 00:00:00-04:00,47.803940245379785,48.479241268949515,47.59469180479941,48.26999282836914,1467697,0.0,0.0
2012-04-03 00:00:00-04:00,48.1083001068451,48.28901847892752,47.30935202321188,47.51860046386719,1379763,0.0,0.0
2012-04-04 00:00:00-04:00,46.472360308743774,46.61503023150103,45.36904661192487,45.825592041015625,2407559,0.0,0.0
2012-04-05 00:00:00-04:00,45.587798427365286,45.88264823600012,45.51170707270651,45.644866943359375,1031954,0.0,0.0
2012-04-09 00:00:00-04:00,45.19783382315744,45.958738978270496,45.01711825514013,45.72095489501953,617848,0.0,0.0
2012-04-10 00:00:00-04:00,45.540253294951675,45.88266169759738,44.7508150369773,44.87446212768555,1046122,0.0,0.0
2012-04-11 00:00:00-04:00,44.95054650853015,45.388069091501734,44.76032087763509,44.80787658691406,1766842,0.0,0.0
2012-04-12 00:00:00-04:00,45.5973119579528,47.15717087957635,45.56877909464982,46.51991271972656,3326246,0.0,0.0
2012-04-13 00:00:00-04:00,46.53893156315603,46.57697724014525,45.98727483436953,46.3106575012207,1659504,0.0,0.0
2012-04-16 00:00:00-04:00,46.500894709468966,47.195221461820616,46.30115626426553,46.92890167236328,1885961,0.0,0.0
2012-04-17 00:00:00-04:00,47.25229144450049,47.71834972108126,46.93842150599945,47.01450729370117,2459765,0.0,0.0
2012-04-18 00:00:00-04:00,45.47366755847448,47.13814800766313,45.407089011013895,46.881343841552734,3852002,0.0,0.0
2012-04-19 00:00:00-04:00,48.26048712176181,48.840676793564434,47.14766348423839,47.60420608520508,2637327,0.0,0.0
2012-04-20 00:00:00-04:00,47.63274140594446,48.098794027309474,47.08108180916991,47.166683197021484,2472547,0.0,0.0
2012-04-23 00:00:00-04:00,46.38675891384526,46.424804599084425,45.616340772200225,45.825592041015625,2218447,0.0,0.0
2012-04-24 00:00:00-04:00,46.519905912173655,46.60550728333484,45.55925961072082,45.94922637939453,2165856,0.0,0.0
2012-04-25 00:00:00-04:00,47.02401945563647,47.119130873953374,46.472359819258344,47.07157516479492,1408253,0.0,0.0
2012-04-26 00:00:00-04:00,47.69931148970598,49.23063744050862,47.661265812120725,49.02138900756836,2589433,0.0,0.0
2012-04-27 00:00:00-04:00,48.850178228017676,48.954799633523905,48.30802880837129,48.60287857055664,1331561,0.0,0.0
2012-04-30 00:00:00-04:00,48.59616723175597,49.423744891605764,48.56729653452625,49.067691802978516,1286978,0.77013,0.0
2012-05-01 00:00:00-04:00,49.125435871079915,49.664323609459814,48.95222296466544,49.31789779663086,780934,0.0,0.0
2012-05-02 00:00:00-04:00,48.509554398291776,48.8271151034774,48.30747082709744,48.61540985107422,1519749,0.0,0.0
2012-05-03 00:00:00-04:00,48.413327911490235,48.62503317102824,47.826326193703686,47.86481857299805,935088,0.0,0.0
2012-05-04 00:00:00-04:00,47.27780765032098,47.62423619065211,46.556082702373025,46.76778793334961,768845,0.0,0.0
2012-05-07 00:00:00-04:00,47.229684361994316,47.58573451294826,46.92174825596982,47.33553695678711,1083621,0.0,0.0
2012-05-08 00:00:00-04:00,46.5079617623186,46.98911071418739,45.95944975245566,46.82551956176758,1405943,0.0,0.0
2012-05-09 00:00:00-04:00,45.70926085064533,46.41173964072355,45.51679897214398,46.142295837402344,1848385,0.0,0.0
2012-05-10 00:00:00-04:00,46.07494387859456,46.35401225643448,45.613040911954904,46.00758361816406,2193961,0.0,0.0
2012-05-11 00:00:00-04:00,45.85360936647063,47.451028947764335,45.85360936647063,46.60420227050781,2015552,0.0,0.0
2012-05-14 00:00:00-04:00,45.24736436518655,45.738138015241944,44.929806440987846,45.38208770751953,1831445,0.0,0.0
2012-05-15 00:00:00-04:00,45.31472506264087,46.03645014923959,45.247361981732176,45.680397033691406,1528527,0.0,0.0
2012-05-16 00:00:00-04:00,45.48792972977677,45.52642210431445,44.53525335300139,44.57374572753906,1751596,0.0,0.0
2012-05-17 00:00:00-04:00,44.29468744010268,44.55450961368538,43.45748517107504,43.46710968017578,1166781,0.0,0.0
2012-05-18 00:00:00-04:00,43.89051286725793,43.91938356312746,43.15916618832842,43.18803405761719,1974896,0.0,0.0
2012-05-21 00:00:00-04:00,43.83277287594664,44.63147972344516,43.54408290474511,44.53525161743164,1216831,0.0,0.0
2012-05-22 00:00:00-04:00,45.0260335789878,45.276231224079424,44.679604983252844,44.98754119873047,1152151,0.0,0.0
2012-05-23 00:00:00-04:00,44.4678861925152,44.6795942329919,43.66917938738429,44.63147735595703,991221,0.0,0.0
2012-05-24 00:00:00-04:00,44.66997139520523,44.93941517565793,44.111837648083174,44.47751235961914,555016,0.0,0.0
2012-05-25 00:00:00-04:00,43.73654221281168,44.458267145262006,43.67880365289955,44.26580810546875,1096557,0.0,0.0
2012-05-29 00:00:00-04:00,45.6419000871938,45.83435913692487,45.07414179194521,45.21848678588867,1059289,0.0,0.0
2012-05-30 00:00:00-04:00,44.39091422066458,44.53525923094179,44.063731820492094,44.1310920715332,1504118,0.0,0.0
2012-05-31 00:00:00-04:00,44.236932500252465,44.371655791754726,43.79427590990544,44.08296585083008,695387,0.0,0.0
2012-06-01 00:00:00-04:00,42.8512329783268,43.13992299759769,42.09101555070268,42.14875411987305,2147376,0.0,0.0
2012-06-04 00:00:00-04:00,42.543291202595654,42.70688238054885,42.17761647227903,42.312339782714844,1189265,0.0,0.0
2012-06-05 00:00:00-04:00,42.957084360714596,43.649941517471255,42.9185919823858,43.428611755371094,838838,0.0,0.0
2012-06-06 00:00:00-04:00,43.909760424740504,45.57454022585142,43.90013874353783,45.555294036865234,1174712,0.0,0.0
2012-06-07 00:00:00-04:00,46.479101922701744,46.48872643033912,45.43019453191431,45.497554779052734,1640947,0.0,0.0
2012-06-08 00:00:00-04:00,45.24736572336406,46.18079898537945,45.228119531024504,46.08456802368164,1555015,0.0,0.0
2012-06-11 00:00:00-04:00,46.72929108221429,46.969866984008064,45.77661480751299,45.853599548339844,1216908,0.0,0.0
2012-06-12 00:00:00-04:00,45.88248435418251,47.16234342338372,45.72851764225952,47.08536148071289,1138830,0.0,0.0
2012-06-13 00:00:00-04:00,47.68197354774909,48.36520897142549,47.27780925909364,47.87443542480469,1935010,0.0,0.0
2012-06-14 00:00:00-04:00,47.52800329245006,47.66272376164788,46.71004466509626,47.18157196044922,1326094,0.0,0.0
2012-06-15 00:00:00-04:00,47.499136316727665,48.14387932851083,47.45102226347658,48.047645568847656,948640,0.0,0.0
2012-06-18 00:00:00-04:00,47.970669818737065,48.78862583688692,47.71085049055842,48.567298889160156,1648955,0.0,0.0
2012-06-19 00:00:00-04:00,48.605778191030424,49.404484977461586,48.54803680930832,48.932960510253906,1091244,0.0,0.0
2012-06-20 00:00:00-04:00,48.990705221187596,49.02919759833968,48.13425689600582,48.64427947998047,1288210,0.0,0.0
2012-06-21 00:00:00-04:00,50.29943084654973,50.44377300983161,48.451813845678146,48.62502670288086,1985060,0.0,0.0
2012-06-22 00:00:00-04:00,48.24011016462968,48.64427727986578,47.83594304939357,47.87443542480469,4729648,0.0,0.0
2012-06-25 00:00:00-04:00,47.58573639017413,47.595358068907586,46.604189483515924,46.6907958984375,2054052,0.0,0.0
2012-06-26 00:00:00-04:00,46.864014573875686,46.97948885901669,45.71887644233712,46.450225830078125,1809962,0.0,0.0
2012-06-27 00:00:00-04:00,47.18157748475323,47.460645788249884,46.844773445743336,47.22969436645508,1786477,0.0,0.0
2012-06-28 00:00:00-04:00,46.325126171644804,46.90250606628028,46.24814143193868,46.85438919067383,763224,0.0,0.0
2012-06-29 00:00:00-04:00,48.63463614264681,49.770146630101955,48.46141769601347,49.4814567565918,3151841,0.0,0.0
2012-07-02 00:00:00-04:00,49.98186671828352,50.29942736998026,49.50072055410505,50.222442626953125,821436,0.0,0.0
2012-07-03 00:00:00-04:00,50.02998740625254,50.876814038728405,49.9048885955283,50.63623809814453,408408,0.0,0.0
2012-07-05 00:00:00-04:00,49.558455176754066,50.09734271273467,49.356371644116265,49.82789611816406,667898,0.0,0.0
2012-07-06 00:00:00-04:00,48.46143563695427,48.673140868816056,47.528008280707375,47.5568733215332,1251327,0.0,0.0
2012-07-09 00:00:00-04:00,47.114217114364834,47.19120186361431,46.51759096084258,46.6330680847168,2043734,0.0,0.0
2012-07-10 00:00:00-04:00,50.15510063217848,51.29061758908445,50.03962912229238,50.588138580322266,7052507,0.0,0.0
2012-07-11 00:00:00-04:00,50.11659533703643,50.23206680415781,49.01957117409515,49.26014709472656,2272039,0.0,0.0
2012-07-12 00:00:00-04:00,49.60657978176791,49.60657978176791,48.34596426768893,48.58654022216797,3336102,0.0,0.0
2012-07-13 00:00:00-04:00,48.74050288003627,49.36599688178133,48.64427477304811,49.26014709472656,1472933,0.0,0.0
2012-07-16 00:00:00-04:00,49.308267755848675,49.34676013443437,48.78862347152267,49.067691802978516,1034649,0.0,0.0
2012-07-17 00:00:00-04:00,49.60657047213234,49.77016163822409,48.4999246811094,49.55845642089844,1230845,0.0,0.0
2012-07-18 00:00:00-04:00,49.95298443117015,52.75327695625902,49.80864231136982,52.5127067565918,2684836,0.0,0.0
2012-07-19 00:00:00-04:00,53.97541768616736,54.00428838107856,53.06123366120572,53.64823532104492,2339337,0.0,0.0
2012-07-20 00:00:00-04:00,53.70598183481462,54.05240759415521,52.99387564680716,53.37879943847656,1498266,0.0,0.0
2012-07-23 00:00:00-04:00,52.30103235319107,53.7829750512697,52.07007804186865,53.40767288208008,1536997,0.0,0.0
2012-07-24 00:00:00-04:00,52.406869369133084,52.859150545103766,52.185542448060296,52.52234649658203,2759757,0.0,0.0
2012-07-25 00:00:00-04:00,53.667466327632184,53.677088004986985,52.27213090376515,52.5127067565918,2183027,0.0,0.0
2012-07-26 00:00:00-04:00,54.22562336917996,55.13018584815898,53.89844095537213,54.985843658447266,1889580,0.0,0.0
2012-07-27 00:00:00-04:00,55.4766132968606,56.87194929638944,55.22641566345725,56.640995025634766,1511818,0.0,0.0
2012-07-30 00:00:00-04:00,55.84226669610331,56.96816138270573,55.84226669610331,56.57361602783203,2209438,0.0,0.0
2012-07-31 00:00:00-04:00,56.56400871711336,56.91044011374243,55.31302058441239,55.3322639465332,2476243,0.0,0.0
2012-08-01 00:00:00-04:00,55.717189423721294,55.75568180620666,54.341102296066026,54.39883804321289,1874950,0.0,0.0
2012-08-02 00:00:00-04:00,53.763714851179465,54.45657198789487,53.38841841320062,53.754093170166016,2058133,0.0,0.0
2012-08-03 00:00:00-04:00,55.39000262420218,56.352300705791365,55.236033122136284,55.928890228271484,2156924,0.0,0.0
2012-08-06 00:00:00-04:00,55.803798278787255,55.95776214661223,54.00429504844722,54.06203079223633,3008467,0.0,0.0
2012-08-07 00:00:00-04:00,55.96740005817996,56.03475749646936,55.40926326570724,55.66908264160156,1412026,0.0,0.0
2012-08-08 00:00:00-04:00,54.562430465494245,55.48623626359048,54.2063773697895,55.341888427734375,1517901,0.0,0.0
2012-08-09 00:00:00-04:00,55.226416590886195,55.71718453144836,55.16867519564698,55.41887283325195,876106,0.0,0.0
2012-08-10 00:00:00-04:00,55.0243301812325,55.51510374969161,54.86073899174613,55.428497314453125,486101,0.0,0.0
2012-08-13 00:00:00-04:00,55.149418831638506,55.255268609354054,54.48543251505005,54.937713623046875,530607,0.0,0.0
2012-08-14 00:00:00-04:00,55.56321394868009,55.697934432676135,54.956963290956104,55.226409912109375,1136135,0.0,0.0
2012-08-15 00:00:00-04:00,55.26490064053086,55.69793277374957,54.937718294027384,55.370750427246094,945098,0.0,0.0
2012-08-16 00:00:00-04:00,54.95695992631339,55.7652940871232,54.77412539873827,55.5535888671875,767151,0.0,0.0
2012-08-17 00:00:00-04:00,55.70754456745046,55.880757389998124,55.332248234210525,55.87113571166992,562023,0.0,0.0
2012-08-20 00:00:00-04:00,55.6305735939708,56.05398972989799,55.438117367165304,55.77492141723633,654423,0.0,0.0
2012-08-21 00:00:00-04:00,56.63136349180984,56.891182761335195,55.880765069024186,56.294559478759766,1233848,0.0,0.0
2012-08-22 00:00:00-04:00,56.00587926080207,56.71797978255299,55.91926716939774,56.640995025634766,781473,0.0,0.0
2012-08-23 00:00:00-04:00,56.16945485920163,56.41002509131893,55.31300674275142,55.44772720336914,643104,0.0,0.0
2012-08-24 00:00:00-04:00,55.27452413884483,55.87114746494145,55.07244058564147,55.592079162597656,847770,0.0,0.0
2012-08-27 00:00:00-04:00,55.96737535439443,55.97699703373692,55.33225406721984,55.83264923095703,863940,0.0,0.0
2012-08-28 00:00:00-04:00,54.822238038143986,54.822238038143986,53.821447695809816,54.16787338256836,2645258,0.0,0.0
2012-08-29 00:00:00-04:00,54.87997644280229,55.18791542662684,54.45656599320449,54.84148406982422,937937,0.0,0.0
2012-08-30 00:00:00-04:00,54.629773277758254,54.639394956732,53.677097036669046,53.734832763671875,1444058,0.0,0.0
2012-08-31 00:00:00-04:00,54.56242621162996,54.80299649736466,53.956175523991014,54.629783630371094,826133,0.0,0.0
2012-09-04 00:00:00-04:00,54.64903745471285,54.716394879382015,53.69635529608108,54.013916015625,832524,0.0,0.0
2012-09-05 00:00:00-04:00,54.466193689658716,54.78375438851626,53.86957032233528,53.9561767578125,822052,0.0,0.0
2012-09-06 00:00:00-04:00,54.196763422792294,55.851919011603705,54.15827103794812,55.68832778930664,1092784,0.0,0.0
2012-09-07 00:00:00-04:00,54.59128435503601,54.88959599417701,53.79257753974605,54.67789077758789,2894045,0.0,0.0
2012-09-10 00:00:00-04:00,54.25449432392263,54.312230069446805,53.28256875993645,53.3306884765625,1666973,0.0,0.0
2012-09-11 00:00:00-04:00,53.41729807358951,53.994678175551385,53.2248361552147,53.46541213989258,964810,0.0,0.0
2012-09-12 00:00:00-04:00,54.292985729380455,54.38921385457841,53.282567802153565,53.52314376831055,973973,0.0,0.0
2012-09-13 00:00:00-04:00,53.64821366538459,54.28333477808964,53.27291739567662,54.04275894165039,1322475,0.0,0.0
2012-09-14 00:00:00-04:00,54.99545674733881,55.977003835394065,54.716388440373066,54.9762077331543,1253175,0.0,0.0
2012-09-17 00:00:00-04:00,55.38037870613306,55.534348217695296,54.90885414342582,55.17829513549805,870485,0.0,0.0
2012-09-18 00:00:00-04:00,54.94734113749445,54.94734113749445,54.06202218591815,54.27372741699219,1299298,0.0,0.0
2012-09-19 00:00:00-04:00,52.92652905042422,53.32106895114485,52.45499872245775,52.50311279296875,3381917,0.0,0.0
2012-09-20 00:00:00-04:00,52.580095783020674,52.81105009743288,52.137436173645355,52.48386764526367,2815505,0.0,0.0
2012-09-21 00:00:00-04:00,51.97384577861088,52.272157500510616,51.78138386779058,51.9064826965332,1918378,0.0,0.0
2012-09-24 00:00:00-04:00,50.96342249968629,51.21362013108531,50.376420799339485,50.414913177490234,2045274,0.0,0.0
2012-09-25 00:00:00-04:00,51.97381637505034,52.34911264895885,51.261710534461685,51.39643096923828,2774772,0.0,0.0
2012-09-26 00:00:00-04:00,50.64586151150906,50.88643746032259,49.87602525909979,50.67473220825195,2172016,0.0,0.0
2012-09-27 00:00:00-04:00,52.00269145574416,52.37798780218412,51.329083498517605,52.18553161621094,1871408,0.0,0.0
2012-09-28 00:00:00-04:00,51.66590601439418,51.98346674961217,51.367594296576016,51.65628433227539,2119964,0.0,0.0
2012-10-01 00:00:00-04:00,51.80062304079576,52.445366150002044,51.098144189596276,51.37721252441406,1310001,0.0,0.0
2012-10-02 00:00:00-04:00,52.42612215126889,52.839910981160536,51.44457497715518,51.916099548339844,1757140,0.0,0.0
2012-10-03 00:00:00-04:00,52.77254147753107,53.02273908126244,52.41648843230053,52.87839126586914,1886808,0.0,0.0
2012-10-04 00:00:00-04:00,53.73484030663004,53.75408932043997,53.12859530193812,53.552005767822266,1498420,0.0,0.0
2012-10-05 00:00:00-04:00,54.620149515978106,54.774118986328254,53.773323082212485,53.99465560913086,2326632,0.0,0.0
2012-10-08 00:00:00-04:00,53.46540025640037,53.503892631519825,52.72442910180257,52.936134338378906,1343111,0.0,0.0
2012-10-09 00:00:00-04:00,52.62820039958313,52.65707109699002,51.77175769040941,52.26253128051758,1849001,0.0,0.0
2012-10-10 00:00:00-04:00,51.61778638835367,51.93534708935161,51.29060400627376,51.41570281982422,1011395,0.0,0.0
2012-10-11 00:00:00-04:00,51.29061056191161,51.90648302729882,50.8479509907853,51.04041290283203,1791944,0.0,0.0
2012-10-12 00:00:00-04:00,51.32909838783535,51.80062296403967,50.876817174546304,50.99229431152344,3357508,0.0,0.0
2012-10-15 00:00:00-04:00,50.48225926222165,50.915297005876795,49.93375006320822,50.819068908691406,1904441,0.0,0.0
2012-10-16 00:00:00-04:00,51.91610889137704,52.07007843341645,51.44458423533486,51.56968307495117,2953489,0.0,0.0
2012-10-17 00:00:00-04:00,50.54000988466629,50.655481361139366,46.89288971271997,48.19199752807617,18503870,0.0,0.0
2012-10-18 00:00:00-04:00,48.47105839440869,50.2032039683812,48.47105839440869,49.40449142456055,13391840,0.0,0.0
2012-10-19 00:00:00-04:00,49.924128202087964,50.56886549593593,49.78940208272712,50.21281814575195,8227373,0.0,0.0
2012-10-22 00:00:00-04:00,51.7525170326222,51.94497895781507,51.0404163891527,51.300235748291016,5877487,0.0,0.0
2012-10-23 00:00:00-04:00,50.520760939669806,51.09814093547948,50.22244926090582,50.85757064819336,4052048,0.0,0.0
2012-10-24 00:00:00-04:00,52.339509336595555,52.35875269696168,51.463812070392684,51.84873580932617,5489638,0.0,0.0
2012-10-25 00:00:00-04:00,52.397238276138914,52.560829430681366,51.84872908573907,52.281761169433594,5069603,0.0,0.0
2012-10-26 00:00:00-04:00,52.435765016997486,52.94578217281484,52.070090099308715,52.30104446411133,4113186,0.0,0.0
2012-10-31 00:00:00-04:00,53.571247264634664,53.571247264634664,52.503093803601665,52.90726089477539,3339798,0.0,0.0
2012-11-01 00:00:00-04:00,53.369160922069554,54.31221553433085,53.147834028102785,54.16787338256836,3074841,0.0,0.0
2012-11-02 00:00:00-04:00,54.95697296118627,55.014708706440565,54.05241048217521,54.17750930786133,3710091,0.0,0.0
2012-11-05 00:00:00-05:00,53.65785716947861,54.57204685046132,53.600121432636946,54.437320709228516,1177638,0.0,0.0
2012-11-06 00:00:00-05:00,54.63940680643667,55.37075632393643,54.572049385852225,55.3322639465332,1232385,0.0,0.0
2012-11-07 00:00:00-05:00,53.667464937283675,54.01389053835726,53.25367629015276,53.72520065307617,2290057,0.0,0.0
2012-11-08 00:00:00-05:00,53.754090945353575,53.927303809072974,52.78216552734375,52.78216552734375,1744974,0.0,0.0
2012-11-09 00:00:00-05:00,52.6666946022285,53.69635587833848,52.60895885857716,53.29219436645508,2095786,0.0,0.0
2012-11-12 00:00:00-05:00,53.40766835928842,53.48465312320983,52.99387949308258,53.157470703125,604450,0.0,0.0
2012-11-13 00:00:00-05:00,52.58008885746548,53.37880151640029,52.46461736863147,52.73405838012695,1736427,0.0,0.0
2012-11-14 00:00:00-05:00,53.898445449265765,53.96580853531174,52.907276443186525,53.0516242980957,3376527,0.0,0.0
2012-11-15 00:00:00-05:00,52.57047306945285,52.75330765824002,51.33872805638996,51.521568298339844,2303840,0.0,0.0
2012-11-16 00:00:00-05:00,52.75331174585237,52.94577368566979,51.89686883328196,52.83992385864258,2164855,0.0,0.0
2012-11-19 00:00:00-05:00,53.11898140787009,53.59051170099841,52.92652514004536,53.31144332885742,913528,0.0,0.0
2012-11-20 00:00:00-05:00,53.782950602376914,53.917671062825114,53.118958672456046,53.51350402832031,1719641,0.0,0.0
2012-11-21 00:00:00-05:00,53.34030709269155,53.45578423026464,52.76292705798798,52.95538330078125,1287902,0.0,0.0
2012-11-23 00:00:00-05:00,54.66828021565759,55.861532668048895,54.40846089516363,55.36113739013672,1444520,0.0,0.0
2012-11-26 00:00:00-05:00,56.07324598458569,56.10211668650949,55.149440054650896,55.68832778930664,1537536,0.0,0.0
2012-11-27 00:00:00-05:00,56.28494953277108,56.92007103646321,55.99625948195534,56.43891906738281,1878800,0.0,0.0
2012-11-28 00:00:00-05:00,56.03473413510465,57.0259028075078,55.74604417563616,57.01628112792969,1248324,0.0,0.0
2012-11-29 00:00:00-05:00,54.86273257271989,55.54610967987821,54.2494467964039,54.72255325317383,3158400,11.87,0.0
2012-11-30 00:00:00-05:00,54.95035116444035,55.26575549437045,54.41591642118532,54.818931579589844,2942400,0.0,0.0
2012-12-03 00:00:00-05:00,55.213188982155856,55.3796508991129,54.67875421963719,54.76636505126953,3635300,0.0,0.0
2012-12-04 00:00:00-05:00,54.07422142409338,54.26696588633906,53.355802043201656,53.81138229370117,4463300,0.0,0.0
2012-12-05 00:00:00-05:00,53.79388161522628,54.55610667034224,53.77635877759678,54.48601531982422,2156300,0.0,0.0
2012-12-06 00:00:00-05:00,54.599891686740115,54.950341624071115,54.35457873589139,54.80139923095703,2015600,0.0,0.0
2012-12-07 00:00:00-05:00,54.88025154045317,55.65123941472848,54.80140046987799,55.63371658325195,1720300,0.0,0.0
2012-12-10 00:00:00-05:00,55.309563326696754,55.92284917924666,55.309563326696754,55.738861083984375,1577300,0.0,0.0
2012-12-11 00:00:00-05:00,56.194442074876136,56.39595299538166,55.93160624840392,55.966651916503906,1059900,0.0,0.0
2012-12-12 00:00:00-05:00,55.56363734594012,55.88780478557516,55.27451891902188,55.49354934692383,1953900,0.0,0.0
2012-12-13 00:00:00-05:00,55.5461050921175,55.60743333046991,54.87149112810267,54.93281936645508,2274500,0.0,0.0
2012-12-14 00:00:00-05:00,54.68750875072251,55.88779775088293,54.68750875072251,55.756378173828125,3746900,0.0,0.0
2012-12-17 00:00:00-05:00,56.071786366391606,56.071786366391606,55.48478645709512,55.721336364746094,2016600,0.0,0.0
2012-12-18 00:00:00-05:00,55.89655685766092,56.15062957911777,55.791423202501576,56.09806442260742,2380000,0.0,0.0
2012-12-19 00:00:00-05:00,56.58868640709107,56.70258648391383,55.852747530437,56.20319747924805,2832900,0.0,0.0
2012-12-20 00:00:00-05:00,56.536129547683785,56.921625216352886,56.2732970607276,56.66754913330078,1146900,0.0,0.0
2012-12-21 00:00:00-05:00,55.7213370182005,55.826474025210466,55.151859936521824,55.58115768432617,2110400,0.0,0.0
2012-12-24 00:00:00-05:00,55.70381172286319,55.80018228937444,55.32707917567119,55.432212829589844,350500,0.0,0.0
2012-12-26 00:00:00-05:00,55.905312292554825,55.94911769769668,54.84520277214811,55.2219352722168,841400,0.0,0.0
2012-12-27 00:00:00-05:00,55.90532759651871,55.95789276022327,54.81017545748587,55.6950569152832,1147500,0.0,0.0
2012-12-28 00:00:00-05:00,55.5373451889146,55.69504733718579,55.151852905439746,55.30955505371094,769000,0.0,0.0
2012-12-31 00:00:00-05:00,55.34459802140115,56.52736080508708,55.274510033651495,56.41346740722656,1710600,0.0,0.0
2013-01-02 00:00:00-05:00,57.806507229674736,58.507400512695305,57.63127889571149,58.50740051269531,1824000,0.0,0.0
2013-01-03 00:00:00-05:00,57.81526126784119,58.07810041589411,57.000467930009755,57.280826568603516,1725400,0.0,0.0
2013-01-04 00:00:00-05:00,56.63251557971579,56.99172874496016,56.37843944231155,56.693843841552734,3170800,0.0,0.0
2013-01-07 00:00:00-05:00,55.50230398429963,55.95788763345416,55.27451383079176,55.773902893066406,2066100,0.0,0.0
2013-01-08 00:00:00-05:00,55.546114731844334,55.69505381022252,55.02043972913207,55.318321228027344,1182400,0.0,0.0
2013-01-09 00:00:00-05:00,55.56362525734585,55.89655237112311,55.44973186595598,55.63371658325195,879100,0.0,0.0
2013-01-10 00:00:00-05:00,56.56242047169241,56.676320582025284,56.01922589914865,56.65879440307617,1648300,0.0,0.0
2013-01-11 00:00:00-05:00,57.14941363739543,57.61375700557851,56.895337576935844,57.31587219238281,1518000,0.0,0.0
2013-01-14 00:00:00-05:00,57.123126865941536,57.184455111879885,56.29081400188152,56.42223358154297,1477000,0.0,0.0
2013-01-15 00:00:00-05:00,55.020449760949276,55.44098783451198,54.95036175309192,55.26576614379883,1561300,0.0,0.0
2013-01-16 00:00:00-05:00,55.34460495894143,56.063027811796964,55.31832237800806,55.914085388183594,1615100,0.0,0.0
2013-01-17 00:00:00-05:00,57.36843958936754,60.995582116994115,57.272065688233965,59.882904052734375,8003800,0.0,0.0
2013-01-18 00:00:00-05:00,60.408585783479005,60.732753204020035,59.96176854955762,60.60133361816406,2758200,0.0,0.0
2013-01-22 00:00:00-05:00,61.11825067235781,61.36356367489473,60.750274484274435,61.258426666259766,1369100,0.0,0.0
2013-01-23 00:00:00-05:00,60.671417963897014,60.85540268918331,60.02308988180095,60.662654876708984,1824800,0.0,0.0
2013-01-24 00:00:00-05:00,61.757819778263105,62.46748293523917,61.6351632690136,62.37110900878906,2386500,0.0,0.0
2013-01-25 00:00:00-05:00,63.68530916799756,65.04329423288672,63.53636335063632,64.86807250976562,3443000,0.0,0.0
2013-01-28 00:00:00-05:00,66.76923887874395,66.97074982568662,65.44629314258624,66.12091064453125,3454400,0.0,0.0
2013-01-29 00:00:00-05:00,65.45503754302067,65.98070911483994,65.34990055494615,65.94566345214844,1665900,0.0,0.0
2013-01-30 00:00:00-05:00,66.20849663441729,66.56770963153903,65.72662717102862,65.90185546875,1658400,0.0,0.0
2013-01-31 00:00:00-05:00,66.31364214369927,66.49762686676762,65.43752059521559,65.7879638671875,1844600,0.0,0.0
2013-02-01 00:00:00-05:00,68.0220725008351,68.60031589738007,67.2248054142893,68.5214614868164,3894800,0.0,0.0
2013-02-04 00:00:00-05:00,67.42634152960628,68.0396308784304,66.77801318647653,66.96199798583984,1302300,0.0,0.0
2013-02-05 00:00:00-05:00,66.57647629816152,67.54897177655987,66.51514805557231,67.02330017089844,4528800,0.0,0.0
2013-02-06 00:00:00-05:00,66.48010314215486,67.11091174979045,66.02452286123871,66.57647705078125,1089800,0.0,0.0
2013-02-07 00:00:00-05:00,65.98071529162875,66.05080662357338,65.21849378063223,65.96319580078125,1396400,0.0,0.0
2013-02-08 00:00:00-05:00,65.59521946251552,66.09460845281802,65.34114342404207,65.51636505126953,1612900,0.0,0.0
2013-02-11 00:00:00-05:00,65.603975022631,65.78795973414073,65.26228817493057,65.63026428222656,645600,0.0,0.0
2013-02-12 00:00:00-05:00,65.58647668367306,66.10338532304013,65.43753758598545,65.67408752441406,771400,0.0,0.0
2013-02-13 00:00:00-05:00,64.99069968433783,65.691599628655,64.79795186543674,65.060791015625,1644300,0.0,0.0
2013-02-14 00:00:00-05:00,64.49130138272103,65.6477814457308,64.33359925211624,65.57769012451172,939600,0.0,0.0
2013-02-15 00:00:00-05:00,64.71032187992697,64.745367535192,63.52755942290171,63.64145278930664,1554000,0.0,0.0
2013-02-19 00:00:00-05:00,64.68406496244978,64.87681280071129,64.21972154351683,64.79795837402344,1050900,0.0,0.0
2013-02-20 00:00:00-05:00,64.84174839964125,65.1571526467208,63.20339893199339,63.212162017822266,1005900,0.0,0.0
2013-02-21 00:00:00-05:00,62.134544208600424,62.17835296367977,61.64391823624404,61.87171173095703,1237700,0.0,0.0
2013-02-22 00:00:00-05:00,62.06446098924233,62.931826326424755,61.76658280544277,62.77412414550781,1217700,0.0,0.0
2013-02-25 00:00:00-05:00,63.73784116592636,63.92182588470448,61.0393852552937,61.091957092285156,1522300,0.0,0.0
2013-02-26 00:00:00-05:00,61.88921541944617,63.02817591790799,61.705230726791726,62.68648910522461,1599900,0.0,0.0
2013-02-27 00:00:00-05:00,61.915504368413025,62.93180850976886,61.89798487961706,62.89676284790039,1356600,0.0,0.0
2013-02-28 00:00:00-05:00,62.432435355974896,62.9318244667415,62.17835925621249,62.1871223449707,1357900,0.0,0.0
2013-03-01 00:00:00-05:00,61.60888205664285,62.97562986684125,61.240912520709216,62.75659942626953,2732100,0.0,0.0
2013-03-04 00:00:00-05:00,62.43242145777913,62.45870403392473,61.46868912153877,62.204627990722656,1286500,0.0,0.0
2013-03-05 00:00:00-05:00,62.71279020286267,63.79917919271094,62.60765319702788,63.326072692871094,1644300,0.0,0.0
2013-03-06 00:00:00-05:00,64.08830217836594,64.1671499210504,63.028195748514456,63.115806579589844,1582000,0.0,0.0
2013-03-07 00:00:00-05:00,63.05446709476769,63.124558420850754,61.98559776696959,62.06444549560547,1399900,0.0,0.0
2013-03-08 00:00:00-05:00,61.573819922148765,61.65267433549756,60.82035487328021,61.091957092285156,2322000,0.0,0.0
2013-03-11 00:00:00-04:00,60.76777270476607,61.80159608575627,60.680161913348236,61.310970306396484,1121500,0.0,0.0
2013-03-12 00:00:00-04:00,61.6789641873274,61.6789641873274,60.65390348281748,60.85540771484375,1690700,0.0,0.0
2013-03-13 00:00:00-04:00,61.17081250451296,61.68772774681415,60.723988597486105,61.05691909790039,1676700,0.0,0.0
2013-03-14 00:00:00-04:00,62.099484596594436,62.95808653969163,62.099484596594436,62.905521392822266,1576200,0.0,0.0
2013-03-15 00:00:00-04:00,62.975603501927644,62.993129673032,61.25840636886818,62.04691696166992,3375000,0.0,0.0
2013-03-18 00:00:00-04:00,61.27595229606756,61.854189127702064,60.83789145708344,61.12700653076172,960900,0.0,0.0
2013-03-19 00:00:00-04:00,61.12699928395713,61.53877749326903,60.20707564171719,60.99558639526367,1220500,0.0,0.0
2013-03-20 00:00:00-04:00,61.188330746397185,61.48621557308988,61.056917850789006,61.30223083496094,1173600,0.0,0.0
2013-03-21 00:00:00-04:00,60.83790856789714,61.35481729482686,60.59259549855559,60.64516067504883,1206100,0.0,0.0
2013-03-22 00:00:00-04:00,60.03187684815682,60.21586835139395,59.51496807360425,59.85665512084961,2700200,0.0,0.0
2013-03-25 00:00:00-04:00,60.0668982128964,60.77656129503447,59.71645490015601,60.172035217285156,1240100,0.0,0.0
2013-03-26 00:00:00-04:00,59.21705428580355,59.41856518995222,57.999245826359946,58.66510009765625,2013900,0.0,0.0
2013-03-27 00:00:00-04:00,57.06180466509279,58.10439164077308,56.88658299649965,58.05182647705078,3850400,0.0,0.0
2013-03-28 00:00:00-04:00,58.42855082924099,59.7339701234629,58.38474207614017,59.5675048828125,2376400,0.0,0.0
2013-04-01 00:00:00-04:00,59.47990488942953,59.97053092894821,58.6037831421299,58.77024841308594,1395800,0.0,0.0
2013-04-02 00:00:00-04:00,58.244561812753155,59.18201157535634,58.23579872592226,58.559959411621094,1308100,0.0,0.0
2013-04-03 00:00:00-04:00,58.945453664443484,59.11191888901613,57.771454058635506,58.03428649902344,2014400,0.0,0.0
2013-04-04 00:00:00-04:00,57.31587199836932,57.920398025839866,57.000467695713134,57.89411544799805,2196200,0.0,0.0
2013-04-05 00:00:00-04:00,57.44729727661799,58.51616677684313,57.05304520128543,58.446075439453125,1459700,0.0,0.0
2013-04-08 00:00:00-04:00,58.384755819615684,58.75272536888262,57.65757312634139,58.74396896362305,2124700,0.0,0.0
2013-04-09 00:00:00-04:00,58.612533149692425,59.146967831009036,58.36722018468355,58.77899169921875,1689000,0.0,0.0
2013-04-10 00:00:00-04:00,59.10316809440468,60.662663624917265,59.041839843798385,60.154518127441406,1842800,0.0,0.0
2013-04-11 00:00:00-04:00,60.636376026803475,61.50373455197833,60.417345623578086,60.732749938964844,1677700,0.0,0.0
2013-04-12 00:00:00-04:00,60.575042036859465,60.759026756007984,59.73396617034761,60.54875946044922,1383500,0.0,0.0
2013-04-15 00:00:00-04:00,59.77777361241334,59.979277816666844,58.17446964370597,58.23579788208008,1339400,0.0,0.0
2013-04-16 00:00:00-04:00,59.35723945470877,59.81281975372187,58.80528524324103,59.383522033691406,1621500,0.0,0.0
2013-04-17 00:00:00-04:00,63.15960368778126,63.15960368778126,59.935482578288045,60.87293243408203,5779200,0.0,0.0
2013-04-18 00:00:00-04:00,63.08076281548042,63.16837364920185,62.30977812074246,62.5638542175293,3104500,0.0,0.0
2013-04-19 00:00:00-04:00,63.35234194302587,63.64146363502787,62.51126612615529,63.071983337402344,2394200,0.0,0.0
2013-04-22 00:00:00-04:00,62.65145065339494,62.78287021591478,61.85417687591076,62.414894104003906,1054700,0.0,0.0
2013-04-23 00:00:00-04:00,63.36111052526382,63.99191911370136,62.861721506796925,63.50129318237305,1660500,0.0,0.0
2013-04-24 00:00:00-04:00,64.15839707908486,64.72787085483169,63.860512215756096,64.42999267578125,1173200,0.0,0.0
2013-04-25 00:00:00-04:00,65.82300167868667,66.41876452795333,65.37618455494378,65.5251235961914,1375300,0.0,0.0
2013-04-26 00:00:00-04:00,65.24739789016006,65.5215883845226,64.56635844823995,65.20317840576172,1687000,0.706,0.0
2013-04-29 00:00:00-04:00,65.73386538560723,66.43259808271456,65.55697393610147,65.94613647460938,761200,0.0,0.0
2013-04-30 00:00:00-04:00,65.80463210568715,66.02574981656112,65.16781201869381,65.7780990600586,888600,0.0,0.0
2013-05-01 00:00:00-04:00,65.45084229983068,65.89307772077548,65.22972458935828,65.4685287475586,1569600,0.0,0.0
2013-05-02 00:00:00-04:00,66.25570822974827,67.40551617519463,66.02574394146842,67.13133239746094,1372900,0.0,0.0
2013-05-03 00:00:00-04:00,68.08655648315926,68.86488825877707,68.04233024960023,68.54647827148438,1810900,0.0,0.0
2013-05-06 00:00:00-04:00,67.89196736637336,68.26344341101137,67.37012618635536,67.41435241699219,888300,0.0,0.0
2013-05-07 00:00:00-04:00,68.26345504760585,68.26345504760585,67.56472232188115,68.13078308105469,674700,0.0,0.0
2013-05-08 00:00:00-04:00,68.27228300769035,68.51993367872738,67.43203194755793,67.76813507080078,1458900,0.0,0.0
2013-05-09 00:00:00-04:00,67.94505251786494,68.49342689101108,67.45859083620486,67.59126281738281,1237000,0.0,0.0
2013-05-10 00:00:00-04:00,68.54648971848692,69.35136141743617,68.13963394410862,69.26290893554688,1472800,0.0,0.0
2013-05-13 00:00:00-04:00,68.84721175366018,69.02410998279787,68.39613645230838,68.5907211303711,1759200,0.0,0.0
2013-05-14 00:00:00-04:00,68.5818617491722,68.87373871186429,68.3342110225157,68.66146087646484,675300,0.0,0.0
2013-05-15 00:00:00-04:00,68.6172444750084,69.51940169812102,68.6172444750084,69.45748901367188,1928200,0.0,0.0
2013-05-16 00:00:00-04:00,69.42208652161398,69.74049643625095,68.62606173502151,68.7322006225586,951500,0.0,0.0
2013-05-17 00:00:00-04:00,68.9356605286544,69.85551102668562,68.88258768878339,69.84666442871094,738200,0.0,0.0
2013-05-20 00:00:00-04:00,70.40388196368116,70.80189791562056,70.29774977487926,70.74882507324219,1122100,0.0,0.0
2013-05-21 00:00:00-04:00,71.31488585736109,71.53600358118173,70.96994274803909,71.35026550292969,1072500,0.0,0.0
2013-05-22 00:00:00-04:00,71.12029186602898,71.7747982912827,70.44809224799829,70.82841491699219,2192300,0.0,0.0
2013-05-23 00:00:00-04:00,70.5365613919462,71.208761233203,70.40388939396446,70.81074523925781,1495500,0.0,0.0
2013-05-24 00:00:00-04:00,70.80190486295501,72.25243673471667,70.79305826369432,71.9074935913086,2015300,0.0,0.0
2013-05-28 00:00:00-04:00,73.5702850111122,74.80854554125185,73.50837232200406,74.3663101196289,1875900,0.0,0.0
2013-05-29 00:00:00-04:00,73.8356350987313,74.18941806704603,73.41108608958501,73.55260467529297,1252300,0.0,0.0
2013-05-30 00:00:00-04:00,74.24246897682433,74.42820700470926,73.70294133716907,73.95059204101562,889200,0.0,0.0
2013-05-31 00:00:00-04:00,74.14519327203466,74.78201336626205,71.82787720647993,71.88094329833984,9219500,0.0,0.0
2013-06-03 00:00:00-04:00,73.00421225250462,73.84445671675756,72.13742799900108,72.2612533569336,9078500,0.0,0.0
2013-06-04 00:00:00-04:00,71.80134743355316,71.95170586599494,70.53655378541286,70.58078002929688,4085700,0.0,0.0
2013-06-05 00:00:00-04:00,70.64266189934527,70.64266189934527,68.57299740179239,68.88256072998047,3580400,0.0,0.0
2013-06-06 00:00:00-04:00,70.08549214552214,70.76653871094935,69.24524725090762,70.36852264404297,4877600,0.0,0.0
2013-06-07 00:00:00-04:00,70.54541229010077,71.42988333323852,70.32429452931633,71.2795181274414,1357200,0.0,0.0
2013-06-10 00:00:00-04:00,71.40333834527128,71.73058825782029,71.10261473192695,71.35026550292969,781900,0.0,0.0
2013-06-11 00:00:00-04:00,70.54538799384795,70.9610903206289,69.73166978594695,70.23582458496094,1445800,0.0,0.0
2013-06-12 00:00:00-04:00,70.79305279737069,70.88149853921398,69.50172607212156,69.59017181396484,599100,0.0,0.0
2013-06-13 00:00:00-04:00,69.46632357577317,71.11143947523419,69.33365163266012,70.91685485839844,1435600,0.0,0.0
2013-06-14 00:00:00-04:00,70.84610670738809,71.19989636188716,70.53654329019255,70.55422973632812,676900,0.0,0.0
2013-06-17 00:00:00-04:00,71.15568310082756,71.22644239422661,69.58132593657567,70.11200714111328,1387900,0.0,0.0
2013-06-18 00:00:00-04:00,70.59846176185472,71.15567595849153,70.35965760557521,71.06723022460938,567500,0.0,0.0
2013-06-19 00:00:00-04:00,72.022449006353,72.37623863415736,70.79303527941417,70.82841491699219,784300,0.0,0.0
2013-06-20 00:00:00-04:00,69.369025817947,69.42209189183339,67.81235575352325,68.16614532470703,880500,0.0,0.0
2013-06-21 00:00:00-04:00,67.64433565864036,68.06887790083708,67.29938580838677,67.59126281738281,803000,0.0,0.0
2013-06-24 00:00:00-04:00,65.4066083025579,66.36183831804094,65.3535422176898,65.90191650390625,1024300,0.0,0.0
2013-06-25 00:00:00-04:00,66.16725258809505,67.29053418448952,65.55697237821941,66.9986572265625,1064900,0.0,0.0
2013-06-26 00:00:00-04:00,67.96271252745372,68.25458942290385,67.46741118824718,67.95387268066406,654400,0.0,0.0
2013-06-27 00:00:00-04:00,68.92680480786905,69.36019357958797,68.81182604132458,69.03294372558594,572400,0.0,0.0
2013-06-28 00:00:00-04:00,69.95278105115064,70.61613404416661,69.25405517005899,69.97047424316406,1582500,0.0,0.0
2013-07-01 00:00:00-04:00,70.50116090274996,70.63383286151438,69.14792176890042,69.3425064086914,1265500,0.0,0.0
2013-07-02 00:00:00-04:00,69.32480318622727,69.98815613610765,69.12137872713005,69.50170135498047,503500,0.0,0.0
2013-07-03 00:00:00-04:00,69.3690437843736,70.72228300276079,69.20099217624198,70.4746322631836,426600,0.0,0.0
2013-07-05 00:00:00-04:00,71.83674958592766,72.84504618099605,71.3768207981543,72.61508178710938,1093200,0.0,0.0
2013-07-08 00:00:00-04:00,73.61453639227888,73.63222284607394,71.95172632041152,72.11093139648438,1402600,0.0,0.0
2013-07-09 00:00:00-04:00,71.96940845399521,72.73005406181015,71.6775314014196,72.6416015625,1221600,0.0,0.0
2013-07-10 00:00:00-04:00,73.06613797157738,74.32208496788505,73.03960492556733,74.16287994384766,824100,0.0,0.0
2013-07-11 00:00:00-04:00,76.51557390012414,77.30275240420593,76.24138335238162,77.24967956542969,1250600,0.0,0.0
2013-07-12 00:00:00-04:00,77.62116226998407,77.64769531532389,76.57748641609678,77.08163452148438,908700,0.0,0.0
2013-07-15 00:00:00-04:00,77.77151407190836,77.83342675508993,76.12639792111038,76.8781967163086,1235800,0.0,0.0
2013-07-16 00:00:00-04:00,77.24084031207587,77.87766039849267,76.84282438407689,77.60346984863281,1583600,0.0,0.0
2013-07-17 00:00:00-04:00,80.2745716437253,80.3364843297648,77.70960497584606,78.69136810302734,1890800,0.0,0.0
2013-07-18 00:00:00-04:00,78.15183053760954,79.09821390392428,77.56807664445564,78.78865051269531,2103200,0.0,0.0
2013-07-19 00:00:00-04:00,78.20493251752217,78.8594459856735,77.85998933067597,78.76215362548828,1182700,0.0,0.0
2013-07-22 00:00:00-04:00,78.3110633627877,78.68253956428346,78.00149986154123,78.40835571289062,867000,0.0,0.0
2013-07-23 00:00:00-04:00,77.67423229025574,78.7179081969433,77.63000604713396,78.33758544921875,1306700,0.0,0.0
2013-07-24 00:00:00-04:00,78.62946429063938,78.95671420464681,78.08993650227433,78.19607543945312,1081200,0.0,0.0
2013-07-25 00:00:00-04:00,78.81519957200177,79.31934769674471,78.59408185504475,79.31050109863281,1040400,0.0,0.0
2013-07-26 00:00:00-04:00,78.62946257558048,78.96555908068294,78.32873896745528,78.87711334228516,820700,0.0,0.0
2013-07-29 00:00:00-04:00,79.46084618279578,79.81463582011061,78.38179757355087,79.10706329345703,697500,0.0,0.0
2013-07-30 00:00:00-04:00,79.69082291636855,79.98269991887715,79.25743408559879,79.68197631835938,793800,0.0,0.0
2013-07-31 00:00:00-04:00,79.16014205687127,80.1595917004963,79.05400312428301,79.55815124511719,490800,0.0,0.0
2013-08-01 00:00:00-04:00,80.12423442225072,80.7964343536605,79.45204123881999,80.65492248535156,1398800,0.0,0.0
2013-08-02 00:00:00-04:00,80.37186555927867,81.36246855548062,80.00922928532846,81.30940246582031,923600,0.0,0.0
2013-08-05 00:00:00-04:00,80.61951466269029,81.3978465363866,80.40724356040525,81.38899993896484,534800,0.0,0.0
2013-08-06 00:00:00-04:00,81.38901305278448,81.65435703437689,80.95562418096279,81.42439270019531,1258500,0.0,0.0
2013-08-07 00:00:00-04:00,80.69028821841387,81.0086915541715,80.22151294381922,80.92909240722656,349300,0.0,0.0
2013-08-08 00:00:00-04:00,81.25633501624509,81.52167220808269,80.84947925704608,81.26517486572266,512800,0.0,0.0
2013-08-09 00:00:00-04:00,80.67257370881667,81.13250226292347,80.60181443157315,80.91138458251953,1005000,0.0,0.0
2013-08-12 00:00:00-04:00,80.35416037236416,81.01751338602921,80.3187807352116,80.84062194824219,330500,0.0,0.0
2013-08-13 00:00:00-04:00,80.72565984678121,81.6101307881189,80.52223530914108,81.42439270019531,645500,0.0,0.0
2013-08-14 00:00:00-04:00,82.13194659667823,82.69800728316345,81.99927464716359,82.2469253540039,652100,0.0,0.0
2013-08-15 00:00:00-04:00,80.82295506295107,81.37132949534394,80.35418652705654,80.53992462158203,832900,0.0,0.0
2013-08-16 00:00:00-04:00,80.59297123615003,81.15018533835739,80.40723320208092,80.84062194824219,740900,0.0,0.0
2013-08-19 00:00:00-04:00,81.0087015069277,81.13253366401922,80.10654399082294,80.29228210449219,287100,0.0,0.0
2013-08-20 00:00:00-04:00,80.13305876749676,80.63720688904283,79.77042922293487,79.86772155761719,481200,0.0,0.0
2013-08-21 00:00:00-04:00,80.30996129987449,80.44262653794735,79.44317683925921,79.79696655273438,451200,0.0,0.0
2013-08-22 00:00:00-04:00,80.84947183239171,81.52166472169881,79.34586755815243,80.30994415283203,773800,0.0,0.0
2013-08-23 00:00:00-04:00,80.76988330265002,80.87602224121572,80.24804870431814,80.33649444580078,849400,0.0,0.0
2013-08-26 00:00:00-04:00,80.60182310449323,80.76987471903527,80.02692247196339,80.10652160644531,621900,0.0,0.0
2013-08-27 00:00:00-04:00,78.76212876383057,78.99208631715484,77.37350985439552,77.7626724243164,834600,0.0,0.0
2013-08-28 00:00:00-04:00,77.17893545251314,78.42603595827873,76.91359147359569,78.08109283447266,1181200,0.0,0.0
2013-08-29 00:00:00-04:00,77.09931931315998,78.3110467588107,77.06393967080776,77.7626724243164,1204000,0.0,0.0
2013-08-30 00:00:00-04:00,77.55925036864448,77.82458757271252,76.79860490395752,77.00202941894531,1467700,0.0,0.0
2013-09-03 00:00:00-04:00,77.82457037678965,78.31987852796654,77.50616040388148,78.17835998535156,1217700,0.0,0.0
2013-09-04 00:00:00-04:00,77.7007944618323,79.56702925508121,77.55043597562245,79.24861907958984,1536300,0.0,0.0
2013-09-05 00:00:00-04:00,79.0274527360845,79.57582697882101,78.70904275616985,79.36355590820312,1308100,0.0,0.0
2013-09-06 00:00:00-04:00,79.52277592027777,79.74389362876751,78.49678651385646,78.51447296142578,923000,0.0,0.0
2013-09-09 00:00:00-04:00,78.77980669804501,79.62889777881495,78.355257783672,79.10706329345703,597000,0.0,0.0
2013-09-10 00:00:00-04:00,79.35472668530647,80.00923323265583,79.24858775277261,79.92963409423828,599800,0.0,0.0
2013-09-11 00:00:00-04:00,79.00092850115637,79.2220461925219,78.6206058020886,79.09822082519531,525000,0.0,0.0
2013-09-12 00:00:00-04:00,81.2651801748192,83.14910742502995,81.00868281570206,81.96391296386719,1236200,0.0,0.0
2013-09-13 00:00:00-04:00,81.74279962088997,82.23810791752837,81.23865147372369,82.20272827148438,565400,0.0,0.0
2013-09-16 00:00:00-04:00,82.78645279240138,82.82183242871487,82.05234052184174,82.0788803100586,354800,0.0,0.0
2013-09-17 00:00:00-04:00,81.56590616676036,82.23810592939053,81.38900794081697,82.17619323730469,684600,0.0,0.0
2013-09-18 00:00:00-04:00,82.45037245525091,83.96281677585446,81.9904438414203,83.8036117553711,714900,0.0,0.0
2013-09-19 00:00:00-04:00,85.2364410958471,85.25412754017901,84.14853920010202,84.59077453613281,615700,0.0,0.0
2013-09-20 00:00:00-04:00,85.74942968310003,86.55430124051813,85.59022469086216,86.20935821533203,952000,0.0,0.0
2013-09-23 00:00:00-04:00,85.99708027115841,86.16512509822373,84.73228703053148,84.80303955078125,456200,0.0,0.0
2013-09-24 00:00:00-04:00,85.74945047273913,86.66930101224173,85.36912771840612,86.18284606933594,736700,0.0,0.0
2013-09-25 00:00:00-04:00,86.28012851205152,87.00539429202017,85.944025292179,86.51008605957031,552000,0.0,0.0
2013-09-26 00:00:00-04:00,86.05901871115547,86.44818130696326,85.75829510514596,86.38626861572266,441500,0.0,0.0
2013-09-27 00:00:00-04:00,86.50124077675969,87.10268114783158,86.09437829952547,87.07614135742188,737200,0.0,0.0
2013-09-30 00:00:00-04:00,87.29726133324411,88.00484064060029,87.0849902402278,87.35033416748047,673700,0.0,0.0
2013-10-01 00:00:00-04:00,87.89869959687672,89.28731838694009,87.83678691507681,89.25194549560547,537700,0.0,0.0
2013-10-02 00:00:00-04:00,88.1994257054145,89.15465575047834,87.58913871862764,89.03083038330078,417400,0.0,0.0
2013-10-03 00:00:00-04:00,89.97723158081843,90.08336377477761,88.33211509467354,88.93355560302734,1604200,0.0,0.0
2013-10-04 00:00:00-04:00,88.52668861738557,89.35809341781167,88.42055642872005,89.29618072509766,729100,0.0,0.0
2013-10-07 00:00:00-04:00,87.50071388449172,88.30557896332502,87.46533423571097,87.969482421875,1070600,0.0,0.0
2013-10-08 00:00:00-04:00,88.41170616292045,88.54437814122639,86.04132399337377,86.17399597167969,963900,0.0,0.0
2013-10-09 00:00:00-04:00,84.86495943411201,85.39564724291455,83.22869001823965,84.98878479003906,1256500,0.0,0.0
2013-10-10 00:00:00-04:00,85.53716771506647,86.51893081371499,85.39565590022175,86.42163848876953,1060400,0.0,0.0
2013-10-11 00:00:00-04:00,86.28011315627026,86.72234847383602,86.17397425078333,86.57198333740234,817700,0.0,0.0
2013-10-14 00:00:00-04:00,85.88211623613942,86.13861358657495,85.43103422344404,85.85558319091797,1105700,0.0,0.0
2013-10-15 00:00:00-04:00,86.06787115517422,86.23592280512186,83.94514614604611,84.15741729736328,1899600,0.0,0.0
2013-10-16 00:00:00-04:00,84.00704956054688,85.22761698067677,83.10488545820859,84.00704956054688,2244400,0.0,0.0
2013-10-17 00:00:00-04:00,82.0700583521751,83.0960411213731,81.89316011750118,82.99874877929688,1599200,0.0,0.0
2013-10-18 00:00:00-04:00,81.70742486877498,82.193886596045,80.68144206395715,82.1142807006836,2663800,0.0,0.0
2013-10-21 00:00:00-04:00,81.41551561993083,82.75106127209324,81.41551561993083,82.37958526611328,1394400,0.0,0.0
2013-10-22 00:00:00-04:00,83.23753356933594,83.62670281542682,82.94565663476779,83.23753356933594,1774700,0.0,0.0
2013-10-23 00:00:00-04:00,83.61788159090202,83.61788159090202,82.30002180946727,82.53882598876953,1399800,0.0,0.0
2013-10-24 00:00:00-04:00,83.42330281612203,83.65326716105176,82.97222072552319,83.2198715209961,622500,0.0,0.0
2013-10-25 00:00:00-04:00,83.53826170856259,83.55595490286778,82.64495108746742,83.41443634033203,599900,0.0,0.0
2013-10-28 00:00:00-04:00,83.104879893302,83.68863389078159,82.9899011125759,83.43213653564453,536500,0.0,0.0
2013-10-29 00:00:00-04:00,83.67979022933477,83.95397404190619,83.09603621137039,83.31715393066406,1004000,0.0,0.0
2013-10-30 00:00:00-04:00,83.7770733688348,83.94512497640247,82.62725865554046,83.70631408691406,698600,0.0,0.0
2013-10-31 00:00:00-04:00,83.76820023212676,84.06892371102636,83.1932930576219,83.75935363769531,472800,0.0,0.0
2013-11-01 00:00:00-04:00,83.10488271578218,83.45867241584821,81.71626371010424,81.94622802734375,762300,0.0,0.0
2013-11-04 00:00:00-05:00,81.5305134412873,81.73394468149051,80.99098574767902,81.16787719726562,1016300,0.0,0.0
2013-11-05 00:00:00-05:00,79.65544583791848,80.53107687364735,79.39894847120796,80.06230163574219,792500,0.0,0.0
2013-11-06 00:00:00-05:00,80.12419842961295,80.5929735745038,79.77925539233688,80.0799789428711,884800,0.0,0.0
2013-11-07 00:00:00-05:00,78.6029286891225,78.90364554605776,77.17893004780622,77.21430969238281,1502200,0.0,0.0
2013-11-08 00:00:00-05:00,76.64824872197269,77.66538482261453,76.36521156592539,77.2762222290039,1012900,0.0,0.0
2013-11-11 00:00:00-05:00,77.53272221719668,77.88650517828619,77.14355286242531,77.28506469726562,1508700,0.0,0.0
2013-11-12 00:00:00-05:00,76.66591739086256,77.08161968243118,76.16176938252896,76.89588165283203,1965600,0.0,0.0
2013-11-13 00:00:00-05:00,76.6570899270415,77.67423279363868,76.586330636779,77.55040740966797,2201500,0.0,0.0
2013-11-14 00:00:00-05:00,78.36411923053716,78.78866822536348,77.72729911228635,78.62946319580078,3110800,0.0,0.0
2013-11-15 00:00:00-05:00,78.75331798276702,79.54049682617188,78.18725694364397,79.54049682617188,1255900,0.0,0.0
2013-11-18 00:00:00-05:00,79.10706508288209,79.45200813137333,78.46139847407916,78.59407043457031,969900,0.0,0.0
2013-11-19 00:00:00-05:00,79.54046249119087,79.64660142070223,78.30220197213278,78.82404327392578,1573500,0.0,0.0
2013-11-20 00:00:00-05:00,79.09819850547578,79.32816272903862,78.08990265720533,78.12528228759766,911600,0.0,0.0
2013-11-21 00:00:00-05:00,79.0717019291139,79.76158816992992,78.9832561863386,79.53162384033203,1385700,0.0,0.0
2013-11-22 00:00:00-05:00,80.27456612723755,81.22978939649299,80.124200973209,81.1236572265625,1235300,0.0,0.0
2013-11-25 00:00:00-05:00,81.49512845973192,81.80469185020458,81.04404652048557,81.44206237792969,760800,0.0,0.0
2013-11-26 00:00:00-05:00,81.84007919099454,82.24693493505244,81.3093980790919,82.04351043701172,1075600,0.0,0.0
2013-11-27 00:00:00-05:00,82.8306836102047,82.99872845702698,82.43266774062599,82.7776107788086,601600,0.0,0.0
2013-11-29 00:00:00-05:00,83.14907867792674,83.21983119379179,82.50341220434382,82.59185791015625,424000,0.0,0.0
2013-12-02 00:00:00-05:00,82.77762922240935,83.21102482682457,82.62727078723387,82.9103012084961,381100,0.0,0.0
2013-12-03 00:00:00-05:00,82.7952974329546,83.34367166089827,82.60071281181409,82.9456558227539,566100,0.0,0.0
2013-12-04 00:00:00-05:00,81.49513174983836,82.28231015223831,80.44260943176326,80.91138458251953,872000,0.0,0.0
2013-12-05 00:00:00-05:00,81.31824367347167,81.55704780909137,80.38070008109567,80.61066436767578,757300,0.0,0.0
2013-12-06 00:00:00-05:00,80.44261416152995,81.43322385725565,80.3276353902309,80.88484954833984,541300,0.0,0.0
2013-12-09 00:00:00-05:00,81.7339398934476,82.12310240933591,81.07058687439323,81.19441223144531,871000,0.0,0.0
2013-12-10 00:00:00-05:00,81.20325629602206,81.40668753487058,80.39839143339371,80.522216796875,672800,0.0,0.0
2013-12-11 00:00:00-05:00,81.26514991114853,81.35360236257614,80.49566486833548,80.57526397705078,820500,0.0,0.0
2013-12-12 00:00:00-05:00,80.07996442223292,80.1772567225897,78.95668304464996,79.04513549804688,1969600,0.0,0.0
2013-12-13 00:00:00-05:00,79.01860141310135,79.07167423856276,77.67420904897521,77.92185974121094,1036800,0.0,0.0
2013-12-16 00:00:00-05:00,78.47025053717806,79.00977826557657,77.80689743648908,78.02801513671875,1298100,0.0,0.0
2013-12-17 00:00:00-05:00,78.16069337675387,78.22260606786594,77.62116560507272,77.75383758544922,607400,0.0,0.0
2013-12-18 00:00:00-05:00,78.70020338985623,79.58467406215054,78.31103413469451,79.40777587890625,874100,0.0,0.0
2013-12-19 00:00:00-05:00,79.98271493273583,80.55762244766194,79.549326020613,80.34534454345703,721000,0.0,0.0
2013-12-20 00:00:00-05:00,80.88484479257114,81.1767217502186,80.69910675078896,80.91138458251953,732300,0.0,0.0
2013-12-23 00:00:00-05:00,81.87545698384129,81.95506286021727,81.08827855688835,81.58358001708984,495500,0.0,0.0
2013-12-24 00:00:00-05:00,81.34478756162467,82.12311950338814,81.34478756162467,81.94622802734375,135800,0.0,0.0
2013-12-26 00:00:00-05:00,82.16733023714183,82.84836971414015,81.87545328358141,82.67147827148438,273500,0.0,0.0
2013-12-27 00:00:00-05:00,83.830144809887,83.874371050906,83.05181290298214,83.2021713256836,925000,0.0,0.0
2013-12-30 00:00:00-05:00,83.37020123512104,83.39673427363269,82.63608901241454,82.64493560791016,664100,0.0,0.0
2013-12-31 00:00:00-05:00,82.62727292454149,83.11373463678363,82.54767377961697,82.87492370605469,240300,0.0,0.0
2014-01-02 00:00:00-05:00,81.91968444146235,82.096575894749,81.38899658564964,81.6897201538086,647100,0.0,0.0
2014-01-03 00:00:00-05:00,81.68975351208181,81.87549163827245,81.29174420567028,81.40672302246094,1084100,0.0,0.0
2014-01-06 00:00:00-05:00,80.53990362376241,80.56643666635168,79.59352019954646,79.73503875732422,745100,0.0,0.0
2014-01-07 00:00:00-05:00,78.6913596171812,79.24857373144846,78.54984106550803,79.06283569335938,840200,0.0,0.0
2014-01-08 00:00:00-05:00,78.96556013368254,79.36357608374598,78.6825297182491,79.2751235961914,785000,0.0,0.0
2014-01-09 00:00:00-05:00,80.27457828875549,80.27457828875549,79.30166167846494,79.72620391845703,824000,0.0,0.0
2014-01-10 00:00:00-05:00,79.8500342474279,80.54876708984375,79.67314276113578,80.54876708984375,759800,0.0,0.0
2014-01-13 00:00:00-05:00,79.67313324615775,80.28341352456705,79.6466002011804,79.92078399658203,1158100,0.0,0.0
2014-01-14 00:00:00-05:00,79.77929123002261,80.849507208758,79.71737852239139,80.65492248535156,1124600,0.0,0.0
2014-01-15 00:00:00-05:00,79.85886205526599,80.26571777638641,78.8063397399478,79.10706329345703,1521800,0.0,0.0
2014-01-16 00:00:00-05:00,76.5686530121529,76.65709876118505,75.03851523678188,75.37461853027344,2774700,0.0,0.0
2014-01-17 00:00:00-05:00,74.02136430274956,74.7200970529212,73.65872803135373,74.64933776855469,3130400,0.0,0.0
2014-01-21 00:00:00-05:00,75.44536482841775,77.19661330061595,75.0738819497293,77.08163452148438,3920300,0.0,0.0
2014-01-22 00:00:00-05:00,80.86716490981107,81.6278103319669,79.7350433739447,80.74333953857422,3541200,0.0,0.0
2014-01-23 00:00:00-05:00,79.75271665807776,79.75271665807776,77.19659702688064,78.17835998535156,2320300,0.0,0.0
2014-01-24 00:00:00-05:00,79.6377600445566,79.6819795404363,77.37351671700259,77.4708023071289,2351400,0.0,0.0
2014-01-27 00:00:00-05:00,78.22260315935881,78.28451584816882,76.99318923300511,77.4973373413086,1931700,0.0,0.0
2014-01-28 00:00:00-05:00,77.72730794974038,77.92189264666064,76.37406841858518,76.45367431640625,1367900,0.0,0.0
2014-01-29 00:00:00-05:00,75.71070997273752,76.70131983987177,75.48959224107183,75.75493621826172,1255500,0.0,0.0
2014-01-30 00:00:00-05:00,77.13469406325947,77.25851942965026,75.2065475392047,75.3834457397461,1619700,0.0,0.0
2014-01-31 00:00:00-05:00,74.11863958065626,75.30382695524588,74.08325994661215,74.85274505615234,828300,0.0,0.0
2014-02-03 00:00:00-05:00,75.58688054882356,75.83453131539576,74.23364118292739,74.79085540771484,1136900,0.0,0.0
2014-02-04 00:00:00-05:00,74.58743045628631,75.02081929530067,74.22479415875995,74.37515258789062,1074500,0.0,0.0
2014-02-05 00:00:00-05:00,74.97657580393789,75.61339576666926,74.46358794327158,75.32152557373047,854400,0.0,0.0
2014-02-06 00:00:00-05:00,76.2679358784049,77.00204166626668,76.23255622930657,76.80745697021484,568400,0.0,0.0
2014-02-07 00:00:00-05:00,76.66593533606724,77.48849351567158,76.40943797382747,77.44426727294922,761400,0.0,0.0
2014-02-10 00:00:00-05:00,77.32042816273426,77.53270599253918,76.99317831740973,77.42656707763672,299000,0.0,0.0
2014-02-11 00:00:00-05:00,77.77152726329743,79.25743865966797,77.7626806647777,79.25743865966797,375000,0.0,0.0
2014-02-12 00:00:00-05:00,78.42602906500262,78.62946033068904,77.7096098320641,77.77152252197266,1205000,0.0,0.0
2014-02-13 00:00:00-05:00,77.52387960353616,78.37297090015399,77.41774066096725,78.2491455078125,1823900,0.0,0.0
2014-02-14 00:00:00-05:00,78.73559476246689,78.90364638900677,78.36411861240985,78.87711334228516,1176200,0.0,0.0
2014-02-18 00:00:00-05:00,79.55814771966455,79.58468751261842,78.7532827807953,79.31934356689453,3076900,0.0,0.0
2014-02-19 00:00:00-05:00,79.12475767837701,79.16013732045622,77.98378952623557,78.01032257080078,1898900,0.0,0.0
2014-02-20 00:00:00-05:00,78.6559816064005,78.77096037103153,77.92186928735538,78.61175537109375,1397400,0.0,0.0
2014-02-21 00:00:00-05:00,79.27511900089088,79.32819183994266,78.31989562165981,78.6383056640625,605000,0.0,0.0
2014-02-24 00:00:00-05:00,79.0628495942185,79.79696202714915,79.00978350199894,79.01862335205078,490800,0.0,0.0
2014-02-25 00:00:00-05:00,78.12530853246122,78.22260086173017,76.56863801213463,76.6217041015625,1349600,0.0,0.0
2014-02-26 00:00:00-05:00,76.67478262245486,77.02856557550042,75.58688047270562,75.99373626708984,1408100,0.0,0.0
2014-02-27 00:00:00-05:00,76.29443876035948,76.4005709177103,75.1976903159147,76.08216094970703,1547100,0.0,0.0
2014-02-28 00:00:00-05:00,76.98436456483672,77.18778913688384,75.75495028827383,76.18833923339844,1534500,0.0,0.0
2014-03-03 00:00:00-05:00,75.18884441624584,76.21482675991746,75.02079284999947,76.06446838378906,4305500,0.0,0.0
2014-03-04 00:00:00-05:00,78.42602737099061,79.09822709546175,78.08993088274352,79.05400085449219,3451000,0.0,0.0
2014-03-05 00:00:00-05:00,78.96556251879996,79.49624372026946,78.88596337516944,79.4874038696289,926400,0.0,0.0
2014-03-06 00:00:00-05:00,79.89427249761627,81.18559943591627,79.87657929754195,80.95563507080078,1347800,0.0,0.0
2014-03-07 00:00:00-05:00,80.74334046701294,80.79640655587417,80.18612629003995,80.60182189941406,1267400,0.0,0.0
2014-03-10 00:00:00-04:00,80.23919128692606,80.4691555821563,79.64659747611795,80.20381164550781,1500400,0.0,0.0
2014-03-11 00:00:00-04:00,79.7969622691251,80.64605348709863,79.44317257464185,79.86772155761719,1096700,0.0,0.0
2014-03-12 00:00:00-04:00,79.70851862868913,80.45147093346284,79.49624075763036,80.43378448486328,1046900,0.0,0.0
2014-03-13 00:00:00-04:00,80.84947654837852,80.9998349601801,79.11590789616376,79.45201110839844,1543000,0.0,0.0
2014-03-14 00:00:00-04:00,78.80632241894386,79.81461827749123,78.80632241894386,79.14242553710938,2437500,0.0,0.0
2014-03-17 00:00:00-04:00,79.98266213906595,80.4160507651246,79.95612910554844,80.15955352783203,1192000,0.0,0.0
2014-03-18 00:00:00-04:00,80.13304757002861,81.14134367222552,80.07998148506337,81.1236572265625,519600,0.0,0.0
2014-03-19 00:00:00-04:00,81.14135762359312,81.61897271432963,80.0003893648299,80.4780044555664,570200,0.0,0.0
2014-03-20 00:00:00-04:00,79.86772117949273,81.84893401205112,79.82349493740027,81.79586791992188,868800,0.0,0.0
2014-03-21 00:00:00-04:00,82.95452338009774,82.98990302451556,81.54821119339248,81.71626281738281,1046500,0.0,0.0
2014-03-24 00:00:00-04:00,81.6720322927971,81.84893050561142,80.23919388287375,80.58413696289062,851900,0.0,0.0
2014-03-25 00:00:00-04:00,81.00869542751857,81.60129612434741,80.27458962800695,81.35364532470703,1166200,0.0,0.0
2014-03-26 00:00:00-04:00,82.45037757558505,82.56535636219463,81.59243973125483,81.61897277832031,675200,0.0,0.0
2014-03-27 00:00:00-04:00,81.95509003510877,82.18504764760868,81.22097745033658,81.34480285644531,544200,0.0,0.0
2014-03-28 00:00:00-04:00,81.45975904106156,81.77816906776872,80.97330415157545,81.22095489501953,340800,0.0,0.0
2014-03-31 00:00:00-04:00,82.16734768831151,82.74225512100888,81.91969691680555,82.57420349121094,625600,0.0,0.0
2014-04-01 00:00:00-04:00,82.68034195981706,82.94567917865164,82.30885905668484,82.75994110107422,862600,0.0,0.0
2014-04-02 00:00:00-04:00,82.02581834415324,82.58303925491299,81.76932100789465,82.44152069091797,442200,0.0,0.0
2014-04-03 00:00:00-04:00,82.15851825668243,82.34425637412131,81.41556578692685,81.52169799804688,547100,0.0,0.0
2014-04-04 00:00:00-04:00,81.71626334766346,81.99929375686548,80.0446139389425,80.32764434814453,665400,0.0,0.0
2014-04-07 00:00:00-04:00,80.60181876492672,80.66373144884936,79.44316421667027,79.57583618164062,753400,0.0,0.0
2014-04-08 00:00:00-04:00,79.52278892987644,80.221515064793,78.93903484493485,79.21321868896484,1193900,0.0,0.0
2014-04-09 00:00:00-04:00,80.61067016071944,81.80470442057933,80.18612794511348,81.72510528564453,864300,0.0,0.0
2014-04-10 00:00:00-04:00,81.91084287796198,81.92852932518694,79.23089738292155,79.50508117675781,1505600,0.0,0.0
2014-04-11 00:00:00-04:00,77.62116748057676,78.21376135953605,76.71900339059997,77.2408447265625,2109700,0.0,0.0
2014-04-14 00:00:00-04:00,76.57747300003096,77.21429296852635,76.02025215360962,76.5686264038086,1415100,0.0,0.0
2014-04-15 00:00:00-04:00,76.14407745297584,76.5774729438692,74.94120353867044,75.3038330078125,2003400,0.0,0.0
2014-04-16 00:00:00-04:00,71.03184487959736,72.83616604746008,70.70459501570468,72.73003387451172,5649200,0.0,0.0
2014-04-17 00:00:00-04:00,72.36740707498718,72.86270860804642,71.95170468203649,72.21704864501953,1790400,0.0,0.0
2014-04-21 00:00:00-04:00,72.35856047676047,72.80079591641402,71.67752086880402,72.21704864501953,856700,0.0,0.0
2014-04-22 00:00:00-04:00,72.39393446802998,72.7654105888137,72.16397016793574,72.24357604980469,820100,0.0,0.0
2014-04-23 00:00:00-04:00,72.08435314457591,73.38452599262648,72.04012691584933,72.5265884399414,1469100,0.0,0.0
2014-04-24 00:00:00-04:00,73.95946026818719,74.69356599844583,73.64105019926491,74.44591522216797,1352400,0.0,0.0
2014-04-25 00:00:00-04:00,74.36997801972191,74.37891325878029,72.73517686715029,72.96744537353516,1680300,0.835,0.0
2014-04-28 00:00:00-04:00,73.41410000032256,73.85183122491657,72.74410030701793,73.5570297241211,816000,0.0,0.0
2014-04-29 00:00:00-04:00,73.70891112052439,73.96797852028257,73.33370606345964,73.36051177978516,975400,0.0,0.0
2014-04-30 00:00:00-04:00,73.3783429902964,73.833944548078,72.61007636956164,72.70834350585938,729300,0.0,0.0
2014-05-01 00:00:00-04:00,72.58331362289145,72.98531078748968,72.18131645829321,72.67264556884766,812600,0.0,0.0
2014-05-02 00:00:00-04:00,72.22597057112321,72.85130775081684,72.07410559921082,72.25276947021484,1185900,0.0,0.0
2014-05-05 00:00:00-04:00,71.52919455102466,72.10092729773602,71.37732953109018,71.68999481201172,492000,0.0,0.0
2014-05-06 00:00:00-04:00,71.69891981197595,71.94905200098565,71.16292129044218,71.3773193359375,1033100,0.0,0.0
2014-05-07 00:00:00-04:00,72.27960572654516,72.59227104071337,71.61853413019786,71.87760162353516,989800,0.0,0.0
2014-05-08 00:00:00-04:00,72.00264250024128,73.00317797031734,71.83291385526404,72.27064514160156,1007800,0.0,0.0
2014-05-09 00:00:00-04:00,72.30639439019207,72.30639439019207,71.56492616767419,71.75252532958984,534500,0.0,0.0
2014-05-12 00:00:00-04:00,72.88704905041133,73.46771696591627,72.6905214808539,73.39625549316406,619100,0.0,0.0
2014-05-13 00:00:00-04:00,72.994240983489,73.00317622214445,72.35997535075442,72.56544494628906,393700,0.0,0.0
2014-05-14 00:00:00-04:00,72.68157172766959,72.77983890062163,72.31530193474117,72.35103607177734,487100,0.0,0.0
2014-05-15 00:00:00-04:00,71.92224695320692,72.30638044368276,71.57384760319283,72.07411193847656,1081100,0.0,0.0
2014-05-16 00:00:00-04:00,71.99371297206866,72.49398415458442,71.83291955320635,72.42251586914062,340500,0.0,0.0
2014-05-19 00:00:00-04:00,72.2616966108114,72.86916324597816,72.1902283441826,72.53862762451172,322300,0.0,0.0
2014-05-20 00:00:00-04:00,72.71730333580493,72.91383767487409,72.25276638607976,72.41356658935547,270500,0.0,0.0
2014-05-21 00:00:00-04:00,72.87809947015714,74.2002283427498,72.86022899546342,74.1376953125,655200,0.0,0.0
2014-05-22 00:00:00-04:00,74.1823782093706,74.68264254258254,74.03944164811554,74.43251037597656,675800,0.0,0.0
2014-05-23 00:00:00-04:00,74.06624863088484,74.9059770880435,73.95904620811139,74.61117553710938,470600,0.0,0.0
2014-05-27 00:00:00-04:00,75.32583479335416,76.43356575360639,75.29903589509162,76.1387710571289,867900,0.0,0.0
2014-05-28 00:00:00-04:00,75.96905066426709,76.15664980485977,75.62065128665343,75.8082504272461,344900,0.0,0.0
2014-05-29 00:00:00-04:00,76.11197418754936,76.20131294625851,75.67424289535417,76.12984466552734,239400,0.0,0.0
2014-05-30 00:00:00-04:00,77.09461869041505,77.11248234647273,76.30848151211804,76.71941375732422,637200,0.0,0.0
2014-06-02 00:00:00-04:00,77.37156382232128,77.40729795656517,76.44249677874733,76.72836303710938,601200,0.0,0.0
2014-06-03 00:00:00-04:00,76.78196975104774,77.55917192607069,76.77304132814139,76.90703582763672,1104800,0.0,0.0
2014-06-04 00:00:00-04:00,77.18399365341436,77.51452259175286,77.14825950577932,77.39839172363281,748400,0.0,0.0
2014-06-05 00:00:00-04:00,78.42571642476024,78.49718471101522,77.73784609684007,78.30958557128906,1551300,0.0,0.0
2014-06-06 00:00:00-04:00,79.28328660646808,79.5959517257421,79.04208974748197,79.56915283203125,1169400,0.0,0.0
2014-06-09 00:00:00-04:00,79.09571221802358,80.01584420571022,79.0778417395806,79.60491180419922,545200,0.0,0.0
2014-06-10 00:00:00-04:00,79.66742640718765,79.79249246497751,79.42622952876117,79.57809448242188,560900,0.0,0.0
2014-06-11 00:00:00-04:00,80.27490550670471,80.5071739996457,79.87290837502113,80.30170440673828,695400,0.0,0.0
2014-06-12 00:00:00-04:00,80.20344216373901,80.39997653019618,79.60491064086705,79.80144500732422,1400900,0.0,0.0
2014-06-13 00:00:00-04:00,80.37319289875428,80.42679071230194,79.58705528356595,79.84612274169922,1062300,0.0,0.0
2014-06-16 00:00:00-04:00,80.49822006432069,81.12355030516278,80.3642187796864,80.93595123291016,1249700,0.0,0.0
2014-06-17 00:00:00-04:00,81.3201041359584,81.73103650938901,81.25757109686222,81.52557373046875,744700,0.0,0.0
2014-06-18 00:00:00-04:00,82.69585054473906,83.52665065813343,82.57078444728967,83.33011627197266,1113800,0.0,0.0
2014-06-19 00:00:00-04:00,83.74106608440722,83.95547099502905,82.93706470855673,83.50880432128906,923000,0.0,0.0
2014-06-20 00:00:00-04:00,84.31277556980444,84.78624783815566,84.08051387090461,84.68798065185547,1044000,0.0,0.0
2014-06-23 00:00:00-04:00,82.63330609878712,83.28544221604804,82.40997283906066,83.02637481689453,1050400,0.0,0.0
2014-06-24 00:00:00-04:00,83.03531451155389,83.48198109163883,82.30278159283823,82.39212036132812,428000,0.0,0.0
2014-06-25 00:00:00-04:00,82.47248926037925,83.0174228495511,82.43675512815287,82.93701934814453,353100,0.0,0.0
2014-06-26 00:00:00-04:00,82.39209227560058,82.49928785630192,81.47195370918489,82.37422180175781,576400,0.0,0.0
2014-06-27 00:00:00-04:00,81.5702309926437,82.59756526726834,81.5702309926437,82.49929809570312,457300,0.0,0.0
2014-06-30 00:00:00-04:00,82.65115966544934,83.45516066537957,82.6243607680499,83.32115936279297,305200,0.0,0.0
2014-07-01 00:00:00-04:00,84.06263881199939,84.750509078622,84.05370357311604,84.57183837890625,407200,0.0,0.0
2014-07-02 00:00:00-04:00,83.55343843278943,83.93757191395588,83.40157345120019,83.91970825195312,449800,0.0,0.0
2014-07-03 00:00:00-04:00,84.98276113961005,85.4830322265625,84.9470270037142,85.4830322265625,232600,0.0,0.0
2014-07-07 00:00:00-04:00,85.68850154805416,85.97436784151495,85.50983767048744,85.86717224121094,972100,0.0,0.0
2014-07-08 00:00:00-04:00,84.86665972303621,85.01852474153537,84.00012537010629,84.54505920410156,523800,0.0,0.0
2014-07-09 00:00:00-04:00,83.69636966468876,83.83929939838536,83.09783138403915,83.5266342163086,989000,0.0,0.0
2014-07-10 00:00:00-04:00,82.53505458591906,83.47305718105623,82.3653190953192,82.97278594970703,835000,0.0,0.0
2014-07-11 00:00:00-04:00,81.65064677385614,82.03478027981257,81.16824608156733,81.66851043701172,1323100,0.0,0.0
2014-07-14 00:00:00-04:00,81.5702322480403,81.77570183236334,80.927031411747,81.07890319824219,986900,0.0,0.0
2014-07-15 00:00:00-04:00,81.33796593543042,81.4898308976633,80.77516182801892,80.96276092529297,1578400,0.0,0.0
2014-07-16 00:00:00-04:00,78.23809535740303,79.04209631345866,77.71996065065727,78.9616928100586,2130800,0.0,0.0
2014-07-17 00:00:00-04:00,77.59491194524071,78.07731262675418,76.65690948414388,77.01424407958984,1573000,0.0,0.0
2014-07-18 00:00:00-04:00,76.30851752573572,77.02318678591251,76.21025033207164,76.6837158203125,1515600,0.0,0.0
2014-07-21 00:00:00-04:00,78.13984038993699,78.48823972266831,77.75570691851654,78.13090515136719,1540100,0.0,0.0
2014-07-22 00:00:00-04:00,78.50611355011426,78.70264793055898,77.68424870060998,77.88078308105469,926200,0.0,0.0
2014-07-23 00:00:00-04:00,78.3185065887407,78.3453054896542,77.43410878064381,77.73783874511719,911900,0.0,0.0
2014-07-24 00:00:00-04:00,77.05890225136667,77.64849845484163,76.96957031939647,77.46089935302734,767400,0.0,0.0
2014-07-25 00:00:00-04:00,76.71051820767919,76.71051820767919,75.55811765389649,75.9065170288086,1080400,0.0,0.0
2014-07-28 00:00:00-04:00,75.02209881548929,75.72782579818457,74.629030164397,75.46876525878906,1087100,0.0,0.0
2014-07-29 00:00:00-04:00,74.51291194887533,74.789843009584,74.3789106300972,74.39677429199219,1190200,0.0,0.0
2014-07-30 00:00:00-04:00,82.45463682563616,86.35849758840821,82.02583399614056,84.99169921875,6992400,0.0,0.0
2014-07-31 00:00:00-04:00,84.70583002845228,85.38476497867369,83.40156473959901,84.1162338256836,2520500,0.0,0.0
2014-08-01 00:00:00-04:00,83.92864509546824,84.33958433425248,82.19558345253833,82.45465087890625,1395400,0.0,0.0
2014-08-04 00:00:00-04:00,82.04369066907562,82.2134261019011,81.0967599713948,81.35582733154297,1204100,0.0,0.0
2014-08-05 00:00:00-04:00,81.23970852448213,82.18663936223203,80.56077350834191,81.14144134521484,1016600,0.0,0.0
2014-08-06 00:00:00-04:00,81.5791693739819,82.47250237493027,81.4987726753797,82.29383850097656,628700,0.0,0.0
2014-08-07 00:00:00-04:00,83.21398369496767,83.3569134538458,81.63278021396002,81.92758178710938,576500,0.0,0.0
2014-08-08 00:00:00-04:00,80.90918823726325,81.78465777846301,80.56078883198771,81.65959167480469,892000,0.0,0.0
2014-08-11 00:00:00-04:00,82.34742754764355,82.89236116555028,82.17769211451514,82.72262573242188,386300,0.0,0.0
2014-08-12 00:00:00-04:00,81.65958210336707,82.32958192968708,81.31117592333723,81.62384796142578,518300,0.0,0.0
2014-08-13 00:00:00-04:00,81.28437314945688,81.91863880362752,80.98957841976515,81.55237579345703,635300,0.0,0.0
2014-08-14 00:00:00-04:00,81.5255747989452,81.64170564004866,81.2039743606385,81.37370300292969,682600,0.0,0.0
2014-08-15 00:00:00-04:00,82.18662894632081,82.57969761357441,80.93596149054154,82.00796508789062,839200,0.0,0.0
2014-08-18 00:00:00-04:00,82.51719415615769,82.97278920311909,82.17772316164711,82.95492553710938,666500,0.0,0.0
2014-08-19 00:00:00-04:00,83.17824676294003,83.54450979545462,83.05318067226766,83.1693115234375,530600,0.0,0.0
2014-08-20 00:00:00-04:00,82.81198564698191,82.93705175084193,82.35639061817389,82.59758758544922,471500,0.0,0.0
2014-08-21 00:00:00-04:00,83.37477389020344,84.23237278693975,83.26757147226509,84.06263732910156,437900,0.0,0.0
2014-08-22 00:00:00-04:00,83.17825890434726,83.95546128033615,83.10679060907641,83.5177230834961,1139700,0.0,0.0
2014-08-25 00:00:00-04:00,84.42889543635238,85.35796248286668,84.32169303328138,84.79515838623047,450900,0.0,0.0
2014-08-26 00:00:00-04:00,85.17930293160902,85.9029073195268,85.15250403123986,85.34010314941406,369700,0.0,0.0
2014-08-27 00:00:00-04:00,85.21505040507873,85.67958746946856,84.9381193038098,85.49198150634766,318600,0.0,0.0
2014-08-28 00:00:00-04:00,85.10782922174121,85.96543487236008,84.86663231822257,85.70636749267578,771600,0.0,0.0
2014-08-29 00:00:00-04:00,85.42943415466938,86.4121059280565,84.8487731447825,85.86717224121094,793700,0.0,0.0
2014-09-02 00:00:00-04:00,85.83142444327946,90.47675267665251,85.83142444327946,89.58341979980469,3084500,0.0,0.0
2014-09-03 00:00:00-04:00,89.02064259182809,89.06530515637681,87.42157556422927,87.57344055175781,1536400,0.0,0.0
2014-09-04 00:00:00-04:00,87.95757404794736,89.01170735268215,85.59024002796944,87.57344055175781,2120900,0.0,0.0
2014-09-05 00:00:00-04:00,87.43942447117806,87.59129624866813,87.01062848280083,87.28755950927734,557700,0.0,0.0
2014-09-08 00:00:00-04:00,87.24291599511469,87.55558122480085,86.62651395973994,86.98384857177734,813200,0.0,0.0
2014-09-09 00:00:00-04:00,87.1535770944327,87.32331256839359,86.42104420791483,86.84091186523438,453100,0.0,0.0
2014-09-10 00:00:00-04:00,86.75157622884099,87.22504167230083,86.34064382856282,87.0999755859375,903500,0.0,0.0
2014-09-11 00:00:00-04:00,87.30544988725254,88.10944425264078,87.13571441138168,88.01117706298828,1365900,0.0,0.0
2014-09-12 00:00:00-04:00,88.70799363790925,89.11892611127057,88.2345212946532,88.36852264404297,1436100,0.0,0.0
2014-09-15 00:00:00-04:00,89.2350291803567,89.60129896688125,88.75262856218735,89.19929504394531,1009300,0.0,0.0
2014-09-16 00:00:00-04:00,88.79730493033279,90.8609020575961,88.76157079110695,90.4321060180664,1625400,0.0,0.0
2014-09-17 00:00:00-04:00,90.0211741398164,90.3874439849514,89.58344282601298,89.72637939453125,1418200,0.0,0.0
2014-09-18 00:00:00-04:00,90.46782473250016,91.50409422466424,90.46782473250016,91.23609161376953,887400,0.0,0.0
2014-09-19 00:00:00-04:00,90.27131770907161,91.1557156209239,89.86931370143616,90.07478332519531,756900,0.0,0.0
2014-09-22 00:00:00-04:00,89.82463386947734,89.86929642912558,88.48463439941406,88.48463439941406,1037600,0.0,0.0
2014-09-23 00:00:00-04:00,88.4310333029934,88.7347700723943,87.85930071827525,88.08263397216797,1023800,0.0,0.0
2014-09-24 00:00:00-04:00,87.68063435009302,89.57449592731459,87.58236717592513,89.511962890625,728600,0.0,0.0
2014-09-25 00:00:00-04:00,88.95811893379775,89.04745088790993,88.1987871004574,88.60078430175781,1425800,0.0,0.0
2014-09-26 00:00:00-04:00,88.95810581273996,89.4851690351754,88.66330427362001,89.38690185546875,213400,0.0,0.0
2014-09-29 00:00:00-04:00,88.3595728947993,89.51196650090245,88.17196696157403,89.06529998779297,249900,0.0,0.0
2014-09-30 00:00:00-04:00,88.49357283579346,89.1814431249946,88.05584153440489,88.2791748046875,733500,0.0,0.0
2014-10-01 00:00:00-04:00,88.19878837717457,88.19878837717457,86.44784933639235,86.51931762695312,915700,0.0,0.0
2014-10-02 00:00:00-04:00,86.99277935522828,87.08211812235385,85.38478378083352,86.59078216552734,822600,0.0,0.0
2014-10-03 00:00:00-04:00,87.2160904201965,87.64489322013566,86.90342526169361,87.05529022216797,539400,0.0,0.0
2014-10-06 00:00:00-04:00,87.80570719976495,88.02904046454746,86.88557523935545,87.4930419921875,528300,0.0,0.0
2014-10-07 00:00:00-04:00,86.33171672480319,86.55505001658209,84.74158477783203,84.74158477783203,1041400,0.0,0.0
2014-10-08 00:00:00-04:00,84.33958113858903,86.10837685767933,84.08944214580099,86.05477905273438,1289100,0.0,0.0
2014-10-09 00:00:00-04:00,84.90238554672375,85.35798737314184,84.11625480840276,84.26811981201172,1083800,0.0,0.0
2014-10-10 00:00:00-04:00,83.17825164670622,83.24971993574115,80.41784861915441,80.45358276367188,1524500,0.0,0.0
2014-10-13 00:00:00-04:00,81.22183792166742,82.57077271313526,80.7215736029626,80.76624298095703,1440300,0.0,0.0
2014-10-14 00:00:00-04:00,81.5166421364609,84.19664132998838,81.47197275699929,82.82090759277344,1599600,0.0,0.0
2014-10-15 00:00:00-04:00,81.12358755716757,82.64225812108333,79.2386539170242,82.0258560180664,1298600,0.0,0.0
2014-10-16 00:00:00-04:00,79.18503720444963,82.10623995441003,79.10464050529345,81.06103515625,1165600,0.0,0.0
2014-10-17 00:00:00-04:00,83.3837190795901,83.49092151908401,82.38319024001305,82.64225769042969,1013600,0.0,0.0
2014-10-20 00:00:00-04:00,81.24865323937495,82.74052488940123,81.23078957392174,82.64225769042969,443400,0.0,0.0
2014-10-21 00:00:00-04:00,82.12413040746077,83.77679564664243,82.02586319937393,83.58026123046875,684800,0.0,0.0
2014-10-22 00:00:00-04:00,83.34797368486743,83.80356861889554,82.2759699690358,82.32957458496094,762700,0.0,0.0
2014-10-23 00:00:00-04:00,83.63383750021036,84.42890332103316,83.4730372883816,83.94650268554688,630200,0.0,0.0
2014-10-24 00:00:00-04:00,84.17875832803865,85.38475632493778,84.06262069435647,84.92021942138672,821200,0.0,0.0
2014-10-27 00:00:00-04:00,84.4378356627443,85.7510363176966,84.22343764221847,85.57237243652344,492600,0.0,0.0
2014-10-28 00:00:00-04:00,87.17143903278938,87.8057046686171,86.53717339696165,87.55557250976562,938200,0.0,0.0
2014-10-29 00:00:00-04:00,87.38584598115935,87.60917926232317,86.01904739093125,86.2245101928711,566700,0.0,0.0
2014-10-30 00:00:00-04:00,86.59077923315232,87.44837820690535,85.93864305941166,87.08211517333984,516800,0.0,0.0
2014-10-31 00:00:00-04:00,88.64545001991746,89.26184524870905,88.18984821252208,89.04744720458984,688700,0.0,0.0
2014-11-03 00:00:00-05:00,88.94025624510374,89.19932370563815,88.47572595367117,88.93132781982422,412900,0.0,0.0
2014-11-04 00:00:00-05:00,88.68116689818282,88.84196711622265,87.83250324583331,88.40423583984375,551900,0.0,0.0
2014-11-05 00:00:00-05:00,89.15464332525762,89.68170656633356,88.55610498707878,89.41370391845703,422500,0.0,0.0
2014-11-06 00:00:00-05:00,89.91399965366053,91.10213460014705,89.88720074466482,90.95919799804688,532100,0.0,0.0
2014-11-07 00:00:00-05:00,89.44051782049246,89.44051782049246,88.45784589874705,89.12784576416016,524600,0.0,0.0
2014-11-10 00:00:00-05:00,89.94970618053213,91.11997028457058,89.79783438354261,91.08423614501953,721300,0.0,0.0
2014-11-11 00:00:00-05:00,90.60184768469014,91.54878547132977,90.43211901845518,91.38798522949219,833200,0.0,0.0
2014-11-12 00:00:00-05:00,91.21823365227854,91.62916601655674,90.75369667311887,90.96810150146484,582200,0.0,0.0
2014-11-13 00:00:00-05:00,90.99492513535826,91.77212751429427,90.58399265938036,91.04852294921875,574000,0.0,0.0
2014-11-14 00:00:00-05:00,90.46782159321282,91.41475912074921,90.2355599417925,91.20928955078125,278500,0.0,0.0
2014-11-17 00:00:00-05:00,91.25396160358271,91.74529063348753,91.00382946972725,91.52195739746094,576100,0.0,0.0
2014-11-18 00:00:00-05:00,91.87037446802071,93.10317853128738,91.87037446802071,92.78157806396484,649700,0.0,0.0
2014-11-19 00:00:00-05:00,95.45264336712374,95.54197531680879,93.87144672936672,94.28237915039062,1016800,0.0,0.0
2014-11-20 00:00:00-05:00,93.38009589811722,94.76476475209013,93.20143202722579,94.61289978027344,584200,0.0,0.0
2014-11-21 00:00:00-05:00,94.69330649857935,94.87197038837819,93.66597209325967,94.40744018554688,1133700,0.0,0.0
2014-11-24 00:00:00-05:00,92.41530113241451,92.6118354935605,91.69170354418631,92.4957046508789,1282300,0.0,0.0
2014-11-25 00:00:00-05:00,92.20984333600144,92.8173101144083,92.0758420083723,92.18304443359375,765000,0.0,0.0
2014-11-26 00:00:00-05:00,92.0758390177361,92.83517076218381,91.95077293350191,92.71903991699219,470800,0.0,0.0
2014-11-28 00:00:00-05:00,94.2555751976588,94.63077345559068,94.09477497060362,94.40744018554688,344700,0.0,0.0
2014-12-01 00:00:00-05:00,94.8451598324786,94.97022590308855,93.99649623682686,94.14836120605469,660200,0.0,0.0
2014-12-02 00:00:00-05:00,94.79156227203248,94.86303054558518,93.83569626393172,94.47889709472656,496700,0.0,0.0
2014-12-03 00:00:00-05:00,94.91664981785944,97.22145104447264,94.59504932969986,96.2745132446289,907100,0.0,0.0
2014-12-04 00:00:00-05:00,96.68543705171562,96.80156789226257,95.62236856265231,95.89929962158203,606500,0.0,0.0
2014-12-05 00:00:00-05:00,96.64969985950087,97.82889915186144,96.50676330741356,97.61449432373047,627700,0.0,0.0
2014-12-08 00:00:00-05:00,97.33757555984918,97.87357406665238,95.89930869697959,96.40850830078125,776500,0.0,0.0
2014-12-09 00:00:00-05:00,96.17624659770736,96.96237728664602,95.3097123841733,96.40850830078125,599500,0.0,0.0
2014-12-10 00:00:00-05:00,96.84622562401852,96.92662231574685,95.32755556289746,95.5955581665039,644600,0.0,0.0
2014-12-11 00:00:00-05:00,95.72063747513513,96.64076942426158,95.48836897424421,95.60449981689453,369600,0.0,0.0
2014-12-12 00:00:00-05:00,96.53356661054075,96.60503488984453,94.69330271980512,94.71116638183594,482000,0.0,0.0
2014-12-15 00:00:00-05:00,95.14890934730936,95.34544371765145,92.24557680410621,92.32597351074219,632900,0.0,0.0
2014-12-16 00:00:00-05:00,92.57610050456321,95.03276636517292,92.549301603851,93.63023376464844,752200,0.0,0.0
2014-12-17 00:00:00-05:00,92.97810742077021,94.67544161432214,92.75477415360787,94.41637420654297,503600,0.0,0.0
2014-12-18 00:00:00-05:00,94.80050103817658,96.58716704994748,94.74689642322228,96.57823181152344,547200,0.0,0.0
2014-12-19 00:00:00-05:00,95.08639012100414,95.7563900360268,94.76478961654595,95.44371795654297,734900,0.0,0.0
2014-12-22 00:00:00-05:00,95.97969459906861,98.20409174246284,95.97969459906861,97.83782196044922,771500,0.0,0.0
2014-12-23 00:00:00-05:00,97.23036588621486,97.9093009125501,97.14996918320175,97.48943328857422,796700,0.0,0.0
2014-12-24 00:00:00-05:00,97.59663848763743,98.05224026445765,97.24823913347801,97.94503784179688,66700,0.0,0.0
2014-12-26 00:00:00-05:00,98.13267143777657,98.18627607573023,97.53413970277148,97.64134216308594,196900,0.0,0.0
2014-12-29 00:00:00-05:00,97.52514658397939,97.90034474902842,97.42687942423957,97.7127456665039,190400,0.0,0.0
2014-12-30 00:00:00-05:00,97.1321102651885,97.24824111374292,96.45317520569272,96.65863800048828,387000,0.0,0.0
2014-12-31 00:00:00-05:00,96.50678127839451,97.65918188573012,96.22985017664413,96.32811737060547,388900,0.0,0.0
2015-01-02 00:00:00-05:00,96.18517429674391,96.84624570522344,95.21144447854222,95.94397735595703,394000,0.0,0.0
2015-01-05 00:00:00-05:00,94.53250495397836,94.77370188340419,92.593973832758,92.71903991699219,678700,0.0,0.0
2015-01-06 00:00:00-05:00,91.66490030112476,91.74529700019055,89.81570125112223,89.97650146484375,1081300,0.0,0.0
2015-01-07 00:00:00-05:00,89.7621352221644,90.59293548451414,89.52093140841545,90.48573303222656,855100,0.0,0.0
2015-01-08 00:00:00-05:00,91.06636938968848,93.12996646563607,90.98596587453221,92.37957000732422,481600,0.0,0.0
2015-01-09 00:00:00-05:00,92.22770519282335,92.22770519282335,90.19984210179845,91.20037078857422,440600,0.0,0.0
2015-01-12 00:00:00-05:00,93.30863918765992,93.38904271043867,91.6559743225281,92.4153060913086,1115500,0.0,0.0
2015-01-13 00:00:00-05:00,92.9959739670551,94.08584143509822,91.88824283594482,92.4153060913086,809200,0.0,0.0
2015-01-14 00:00:00-05:00,91.96863570469094,92.77263682096914,91.3611689519019,92.111572265625,592800,0.0,0.0
2015-01-15 00:00:00-05:00,90.66436852478246,91.86143834517688,90.4678341650468,91.08423614501953,1283000,0.0,0.0
2015-01-16 00:00:00-05:00,90.92342508219376,92.12049475983731,90.43209605703592,92.04902648925781,633700,0.0,0.0
2015-01-20 00:00:00-05:00,92.11157750828221,92.99597537872977,91.81677594626944,92.73690795898438,947000,0.0,0.0
2015-01-21 00:00:00-05:00,93.85357646254617,95.61344381924826,93.12997880819104,95.22037506103516,1569100,0.0,0.0
2015-01-22 00:00:00-05:00,95.37222325695691,96.43528478388515,95.05062286452457,96.12261962890625,589400,0.0,0.0
2015-01-23 00:00:00-05:00,95.13103760191605,95.2561036876336,94.05010539501988,94.076904296875,974600,0.0,0.0
2015-01-26 00:00:00-05:00,95.58661605711724,95.89928119512088,95.01488357174233,95.87248229980469,995200,0.0,0.0
2015-01-27 00:00:00-05:00,95.52408890117374,95.89035185232315,94.80049142080323,94.98809051513672,911900,0.0,0.0
2015-01-28 00:00:00-05:00,95.56877356683698,95.68490441079257,93.42477286399985,93.4783706665039,753700,0.0,0.0
2015-01-29 00:00:00-05:00,94.9344978443703,95.09529806196221,93.74637009750856,94.81836700439453,632600,0.0,0.0
2015-01-30 00:00:00-05:00,94.64865274164767,94.9255906768167,92.73692017975698,92.85305786132812,1073800,0.0,0.0
2015-02-02 00:00:00-05:00,91.9954427266448,92.20090551641434,90.6554431190348,92.05797576904297,1177900,0.0,0.0
2015-02-03 00:00:00-05:00,92.28131684153435,92.84411427071575,91.85251393197397,92.80838012695312,716800,0.0,0.0
2015-02-04 00:00:00-05:00,91.62915628669319,91.93289302013532,90.80729164540845,90.97702026367188,789900,0.0,0.0
2015-02-05 00:00:00-05:00,91.62027551565521,92.24561301362712,90.78947514301315,92.10267639160156,569900,0.0,0.0
2015-02-06 00:00:00-05:00,90.70011185088568,91.34331279677069,89.72638200795876,90.03904724121094,964800,0.0,0.0
2015-02-09 00:00:00-05:00,88.32382313987391,89.20822077110039,88.05582055315611,88.12728881835938,798800,0.0,0.0
2015-02-10 00:00:00-05:00,90.49462730584374,91.45049325533448,90.28915773587576,91.20928955078125,679400,0.0,0.0
2015-02-11 00:00:00-05:00,91.9686288021822,92.71903205958537,91.71849665491108,92.38849639892578,715300,0.0,0.0
2015-02-12 00:00:00-05:00,92.74584081348418,92.99597298733288,92.09370466115816,92.94237518310547,443500,0.0,0.0
2015-02-13 00:00:00-05:00,93.38012705236773,93.48732950002223,92.75479648002995,93.33546447753906,359100,0.0,0.0
2015-02-17 00:00:00-05:00,91.57555603268352,92.30808872642365,91.09315545647578,91.98648834228516,493700,0.0,0.0
2015-02-18 00:00:00-05:00,92.54035771121481,92.96916052928162,92.2455630153578,92.6475601196289,311900,0.0,0.0
2015-02-19 00:00:00-05:00,92.73688551979276,93.95181880054767,92.64755359353501,93.44261932373047,275400,0.0,0.0
2015-02-20 00:00:00-05:00,91.65596300073278,93.85356132842803,91.65596300073278,93.66596221923828,582500,0.0,0.0
2015-02-23 00:00:00-05:00,94.36277577378547,94.43424405970424,93.80891359689222,93.90718078613281,452200,0.0,0.0
2015-02-24 00:00:00-05:00,96.95342241206394,99.02595455007277,96.37275464079474,98.9366226196289,2153800,0.0,0.0
2015-02-25 00:00:00-05:00,97.98972046190612,98.21305376093272,96.85518348611974,97.34651947021484,1152300,0.0,0.0
2015-02-26 00:00:00-05:00,96.12264400261338,97.07851018483484,96.0422472919138,96.39958190917969,608300,0.0,0.0
2015-02-27 00:00:00-05:00,96.06009811076439,96.86409918820522,95.36329944884568,96.19409942626953,686800,0.0,0.0
2015-03-02 00:00:00-05:00,97.60555489441614,98.50781621926143,97.36435119386566,98.20408630371094,600500,0.0,0.0
2015-03-03 00:00:00-05:00,98.15943412870558,98.23090240921051,96.53356823296535,96.9177017211914,651300,0.0,0.0
2015-03-04 00:00:00-05:00,96.6854528227077,97.25718551119654,95.87251635950533,96.93558502197266,536600,0.0,0.0
2015-03-05 00:00:00-05:00,97.560900411435,98.08797044876863,97.12316913051028,97.68596649169922,402500,0.0,0.0
2015-03-06 00:00:00-05:00,96.7122173695192,96.81941295078397,95.30074981442979,95.87248229980469,652500,0.0,0.0
2015-03-09 00:00:00-04:00,95.98863183693568,96.64970318973293,95.6491677374164,96.41743469238281,506000,0.0,0.0
2015-03-10 00:00:00-04:00,95.57771286699356,95.76531201269702,94.65758080281368,94.82731628417969,626000,0.0,0.0
2015-03-11 00:00:00-04:00,95.3365077618164,96.46210935539415,94.97023792609718,95.30077362060547,551100,0.0,0.0
2015-03-12 00:00:00-04:00,95.24718103079766,95.28291517396484,93.10318014990379,93.6213150024414,1529800,0.0,0.0
2015-03-13 00:00:00-04:00,93.88930409654967,94.46103671490079,93.51410584367994,94.22877502441406,1429100,0.0,0.0
2015-03-16 00:00:00-04:00,95.46156283524599,96.47996188770233,95.19356021487758,96.31022644042969,420100,0.0,0.0
2015-03-17 00:00:00-04:00,95.24714719281296,95.80994441267416,94.96128096462479,95.38114166259766,694400,0.0,0.0
2015-03-18 00:00:00-04:00,94.67544574622475,95.89930774170932,93.26397780041658,95.42584228515625,1703300,0.0,0.0
2015-03-19 00:00:00-04:00,95.10423370547431,96.00650197555831,94.97916762632487,95.71170043945312,641200,0.0,0.0
2015-03-20 00:00:00-04:00,97.71276330569931,98.87409895831223,97.12316705641479,98.4095687866211,747800,0.0,0.0
2015-03-23 00:00:00-04:00,98.57929253132684,99.33862419775379,98.2040943171756,98.90982818603516,562600,0.0,0.0
2015-03-24 00:00:00-04:00,99.35649639999595,99.51729661108124,98.45422817026237,98.61502838134766,628600,0.0,0.0
2015-03-25 00:00:00-04:00,97.99861903888231,98.03435317371388,93.30862118777138,93.46942138671875,1733200,0.0,0.0
2015-03-26 00:00:00-04:00,90.23555389212292,90.23555389212292,87.92181824586909,88.51142120361328,4330300,0.0,0.0
2015-03-27 00:00:00-04:00,89.32438331268989,91.22718735984533,89.28864916739776,90.99491882324219,1260200,0.0,0.0
2015-03-30 00:00:00-04:00,90.73582230770536,92.39742204562171,90.73582230770536,92.12049102783203,990600,0.0,0.0
2015-03-31 00:00:00-04:00,90.64650959693346,91.31650941342926,90.19984305260292,90.2534408569336,1224100,0.0,0.0
2015-04-01 00:00:00-04:00,90.33385241016619,90.33385241016619,88.93131960889951,89.63704681396484,641600,0.0,0.0
2015-04-02 00:00:00-04:00,90.77157940887037,91.12891402211598,89.76211543087305,89.99437713623047,498700,0.0,0.0
2015-04-06 00:00:00-04:00,90.15518310285104,90.40531530334738,89.33331821105128,89.53878784179688,916400,0.0,0.0
2015-04-07 00:00:00-04:00,90.16412653365971,90.99492674111707,89.44052877140689,89.48519134521484,1161800,0.0,0.0
2015-04-08 00:00:00-04:00,89.15464593432756,89.49411005806036,88.61864062288855,89.30651092529297,630400,0.0,0.0
2015-04-09 00:00:00-04:00,89.61024361971984,90.1015795648814,88.87771072958222,89.99437713623047,1609700,0.0,0.0
2015-04-10 00:00:00-04:00,89.09209758581063,89.85142922579018,88.96702470319343,89.35115814208984,846300,0.0,0.0
2015-04-13 00:00:00-04:00,89.6817167244124,90.21771526528654,88.96704745951939,89.16358184814453,1037700,0.0,0.0
2015-04-14 00:00:00-04:00,90.10157683751267,90.19984402357044,88.94917632286385,89.30651092529297,1137300,0.0,0.0
2015-04-15 00:00:00-04:00,89.38690426060398,89.40477473862616,85.66170701705883,85.88504028320312,4129100,0.0,0.0
2015-04-16 00:00:00-04:00,84.7147790201701,85.87610795411803,84.11624748236375,84.97384643554688,2293600,0.0,0.0
2015-04-17 00:00:00-04:00,84.64330854870025,84.96490899977896,83.92863936506079,84.41997528076172,1671200,0.0,0.0
2015-04-20 00:00:00-04:00,84.85769964446433,85.97436589292245,84.81303708387995,85.83143615722656,1129100,0.0,0.0
2015-04-21 00:00:00-04:00,87.6984937953634,88.20769330266984,86.73369257659662,87.32329559326172,2396700,0.0,0.0
2015-04-22 00:00:00-04:00,98.10582763948261,99.33862469887984,95.03276000577449,96.31022644042969,4849300,0.0,0.0
2015-04-23 00:00:00-04:00,97.23036138113756,97.3375637957782,95.9975642829251,97.09636688232422,1357000,0.0,0.0
2015-04-24 00:00:00-04:00,97.25928013975565,97.38528643408144,95.9452095940524,96.4492416381836,1748100,0.811,0.0
2015-04-27 00:00:00-04:00,98.61834034417228,99.8244092286875,98.33032502152831,98.74434661865234,4075600,0.0,0.0
2015-04-28 00:00:00-04:00,98.78035769692214,99.04137267795382,97.9883172097701,98.81636047363281,1076200,0.0,0.0
2015-04-29 00:00:00-04:00,97.9162982158918,98.27631906675273,96.38621131643944,96.88124084472656,2160600,0.0,0.0
2015-04-30 00:00:00-04:00,97.22328405017171,97.81731965014905,95.80121193538342,96.34123992919922,1989500,0.0,0.0
2015-05-01 00:00:00-04:00,96.7552167224609,97.70027042322437,96.67421565104848,97.53826141357422,637400,0.0,0.0
2015-05-04 00:00:00-04:00,98.52832544349697,98.52832544349697,96.98924309742735,97.10624694824219,676900,0.0,0.0
2015-05-05 00:00:00-04:00,96.60225311892584,96.60225311892584,94.523135425186,94.90116119384766,1636800,0.0,0.0
2015-05-06 00:00:00-04:00,96.47621815121231,96.6022244143817,95.00913443929876,95.22515106201172,1305500,0.0,0.0
2015-05-07 00:00:00-04:00,95.16217315244724,95.91821093184572,94.78414739591986,95.60319519042969,1104600,0.0,0.0
2015-05-08 00:00:00-04:00,96.54822082520623,97.48427229526322,96.43121696650908,96.97124481201172,951900,0.0,0.0
2015-05-11 00:00:00-04:00,96.77326156917991,97.99732870932974,96.7282632410858,97.76332092285156,459800,0.0,0.0
2015-05-12 00:00:00-04:00,97.52029575935714,98.04232576306711,97.08827613801844,97.77230834960938,483600,0.0,0.0
2015-05-13 00:00:00-04:00,98.00630783698703,98.38432666394405,97.1152614972092,97.727294921875,468900,0.0,0.0
2015-05-14 00:00:00-04:00,98.91539403189869,99.95944738092805,98.46536949751045,99.52742767333984,729100,0.0,0.0
2015-05-15 00:00:00-04:00,99.98642773646505,100.34644866526334,99.54540570377186,99.95043182373047,795100,0.0,0.0
2015-05-18 00:00:00-04:00,98.96937415042505,100.13043803116534,98.654358415378,99.92342376708984,554700,0.0,0.0
2015-05-19 00:00:00-04:00,99.87842710701143,100.57146173566028,99.5274085868502,100.10343933105469,476500,0.0,0.0
2015-05-20 00:00:00-04:00,100.31044907962848,101.05749132897618,100.04043852455355,100.48146057128906,531600,0.0,0.0
2015-05-21 00:00:00-04:00,100.20245449874957,100.64347657582957,99.95044188327529,100.38246154785156,365900,0.0,0.0
2015-05-22 00:00:00-04:00,99.89641619834406,100.23843914330739,99.41038901352314,99.88742065429688,253200,0.0,0.0
2015-05-26 00:00:00-04:00,99.34740411634418,99.4734104244211,97.56531097821116,98.07833862304688,541400,0.0,0.0
2015-05-27 00:00:00-04:00,98.65436009105916,101.62452419613047,98.57335211962653,101.28250122070312,588500,0.0,0.0
2015-05-28 00:00:00-04:00,102.32653883248909,102.7315580004897,101.25547868281524,102.42554473876953,588100,0.0,0.0
2015-05-29 00:00:00-04:00,101.94853451202266,102.49756488299326,100.35545100182847,101.07549285888672,542600,0.0,0.0
2015-06-01 00:00:00-04:00,100.97647461213018,101.1204788458756,99.3743888858092,100.47244262695312,856200,0.0,0.0
2015-06-02 00:00:00-04:00,100.23847196148343,100.27447474994204,99.05040740966797,99.05040740966797,735800,0.0,0.0
2015-06-03 00:00:00-04:00,101.03048396188198,101.63351504662246,100.30144658680253,100.55345916748047,1029300,0.0,0.0
2015-06-04 00:00:00-04:00,100.86846744013448,102.31754653878771,99.33838724660332,99.53639221191406,1372200,0.0,0.0
2015-06-05 00:00:00-04:00,98.6453675106622,99.01439089106897,97.88032724578504,98.19534301757812,997100,0.0,0.0
2015-06-08 00:00:00-04:00,97.3582745780752,97.74529582692993,96.42222302580264,97.02526092529297,803100,0.0,0.0
2015-06-09 00:00:00-04:00,97.67331569262255,97.8173268305199,96.53025646958561,97.43030548095703,844100,0.0,0.0
2015-06-10 00:00:00-04:00,98.04232037296552,99.06837550077026,97.52029039795534,98.09632110595703,497000,0.0,0.0
2015-06-11 00:00:00-04:00,99.90543531938033,100.62547723958481,98.52836149880578,99.00538635253906,872700,0.0,0.0
2015-06-12 00:00:00-04:00,96.8902681935959,97.78131470703843,96.26923223767893,97.12428283691406,583600,0.0,0.0
2015-06-15 00:00:00-04:00,95.83721474302132,97.69131337345861,95.5761997247939,97.54730224609375,841800,0.0,0.0
2015-06-16 00:00:00-04:00,97.457296268087,98.60036224553718,96.96227348061355,98.29434204101562,538400,0.0,0.0
2015-06-17 00:00:00-04:00,97.1782902766632,97.5923119868835,96.53925631957347,97.04328155517578,557600,0.0,0.0
2015-06-18 00:00:00-04:00,96.44023441764384,99.23938685469612,96.39522922898823,98.04232025146484,1387500,0.0,0.0
2015-06-19 00:00:00-04:00,98.06931961083865,98.24033108578061,97.53829409765962,97.93431091308594,479900,0.0,0.0
2015-06-22 00:00:00-04:00,100.7784651470722,101.70551431157381,100.17543409963507,100.7244644165039,709000,0.0,0.0
2015-06-23 00:00:00-04:00,100.75148214251068,100.92248677438558,99.87843355814032,99.91443634033203,479800,0.0,0.0
2015-06-24 00:00:00-04:00,99.50039296489946,99.90541215935521,98.81635398596167,98.97836303710938,404900,0.0,0.0
2015-06-25 00:00:00-04:00,99.76142596225523,99.98643820796602,98.91538458782627,99.2394027709961,395600,0.0,0.0
2015-06-26 00:00:00-04:00,99.59041202809085,100.03143406580206,97.37629256100654,97.90731811523438,869400,0.0,0.0
2015-06-29 00:00:00-04:00,95.24317147397598,95.92721054022374,93.63208316715487,94.1091079711914,1043600,0.0,0.0
2015-06-30 00:00:00-04:00,95.14416287291294,95.21616842877258,92.90304316469707,93.72208404541016,754300,0.0,0.0
2015-07-01 00:00:00-04:00,96.97125524045202,97.1152663437141,94.73913807450866,95.09015655517578,1305400,0.0,0.0
2015-07-02 00:00:00-04:00,94.79312432785628,94.80212673714213,93.34404544001728,94.14508819580078,942800,0.0,0.0
2015-07-06 00:00:00-04:00,90.98594418086985,92.80404688773838,90.85993787843283,91.73298645019531,720300,0.0,0.0
2015-07-07 00:00:00-04:00,89.34783791562826,90.58090719622571,87.58374315954696,90.14888763427734,1286700,0.0,0.0
2015-07-08 00:00:00-04:00,88.29479408990139,88.6908177959901,87.10672983846327,87.43074798583984,784400,0.0,0.0
2015-07-09 00:00:00-04:00,91.57997396570663,91.91299452491275,89.2848465643066,89.66287231445312,1683600,0.0,0.0
2015-07-10 00:00:00-04:00,93.58706564796286,93.73106986736741,91.48094814620566,92.43499755859375,2272000,0.0,0.0
2015-07-13 00:00:00-04:00,93.41607390756056,93.50607742202958,92.66002927899929,92.97505187988281,859000,0.0,0.0
2015-07-14 00:00:00-04:00,92.93903972629874,93.47006521488285,92.20999553893147,92.76802825927734,1238200,0.0,0.0
2015-07-15 00:00:00-04:00,95.48618710723402,97.35829051829373,95.18017376897167,96.01721954345703,2298700,0.0,0.0
2015-07-16 00:00:00-04:00,93.74008124862529,93.82108234226281,89.3478388337765,90.32889556884766,4115500,0.0,0.0
2015-07-17 00:00:00-04:00,90.90495064605149,90.98595176144033,89.47387600621634,90.49993133544922,2782500,0.0,0.0
2015-07-20 00:00:00-04:00,91.84999182385549,92.14700273828959,90.68892793359908,90.90493774414062,1112300,0.0,0.0
2015-07-21 00:00:00-04:00,90.90493729189768,91.76898339659338,90.3829072910936,90.81493377685547,1525300,0.0,0.0
2015-07-22 00:00:00-04:00,90.05890340965999,90.98595280842143,89.61788130931146,90.76094055175781,1894400,0.0,0.0
2015-07-23 00:00:00-04:00,91.06693728123342,92.07499440289936,90.87792785845119,91.74197387695312,897100,0.0,0.0
2015-07-24 00:00:00-04:00,90.7969452435522,90.9589543464253,87.70977674262461,88.68183135986328,1994700,0.0,0.0
2015-07-27 00:00:00-04:00,89.54587805947479,89.9509042520619,88.501824732253,88.77183532714844,844600,0.0,0.0
2015-07-28 00:00:00-04:00,87.97075765326424,89.833858179924,87.502735352594,89.17682647705078,1558700,0.0,0.0
2015-07-29 00:00:00-04:00,89.05083456343186,89.40185306222348,88.31279478817412,89.12283325195312,568000,0.0,0.0
2015-07-30 00:00:00-04:00,88.0877829687717,89.47385901466637,87.91677149076584,89.18583679199219,1170500,0.0,0.0
2015-07-31 00:00:00-04:00,90.24787995351399,90.46389658521248,89.02382004135562,89.25782775878906,714400,0.0,0.0
2015-08-03 00:00:00-04:00,89.41084345944006,89.44684623504199,87.58374551531281,88.3307876586914,817900,0.0,0.0
2015-08-04 00:00:00-04:00,88.36678217811831,88.53779362954292,86.76469658106672,87.11571502685547,786500,0.0,0.0
2015-08-05 00:00:00-04:00,88.62783104990339,89.29386542417399,88.52882510505961,88.77183532714844,1052100,0.0,0.0
2015-08-06 00:00:00-04:00,88.23181731395925,88.30382289419282,86.62072850709106,86.7287368774414,1421400,0.0,0.0
2015-08-07 00:00:00-04:00,86.44969716182878,87.29573843460535,86.10767419467224,87.27774047851562,501400,0.0,0.0
2015-08-10 00:00:00-04:00,87.61975586960969,89.77987452477434,87.61975586960969,89.48285675048828,777400,0.0,0.0
2015-08-11 00:00:00-04:00,90.06788891135459,90.07689132264298,88.74481599190206,89.27584838867188,637800,0.0,0.0
2015-08-12 00:00:00-04:00,86.73772082260649,87.66477015351924,85.46864849182633,87.37675476074219,1103800,0.0,0.0
2015-08-13 00:00:00-04:00,86.52168202203583,86.72869625152913,85.18061133581986,85.25261688232422,895800,0.0,0.0
2015-08-14 00:00:00-04:00,83.02950579155727,83.83054871272039,81.99444824843248,83.42552947998047,2399900,0.0,0.0
2015-08-17 00:00:00-04:00,82.56149338275307,83.97456996262387,82.33648114476836,83.85755920410156,2569500,0.0,0.0
2015-08-18 00:00:00-04:00,84.61359426324326,84.63159221882883,83.36252691179872,83.56953430175781,2575200,0.0,0.0
2015-08-19 00:00:00-04:00,82.01246478115354,82.57949316132007,81.10341339693814,81.83245086669922,1624600,0.0,0.0
2015-08-20 00:00:00-04:00,80.57239137988995,80.6353945414108,78.30427069830945,78.7002944946289,1952200,0.0,0.0
2015-08-21 00:00:00-04:00,79.63632943123935,80.48237072501101,77.21519570082478,77.32320404052734,2453900,0.0,0.0
2015-08-24 00:00:00-04:00,76.0001349112796,76.77417755126953,73.86701644523829,76.77417755126953,4016800,0.0,0.0
2015-08-25 00:00:00-04:00,82.03944115520727,82.14744260546091,77.72820701736445,78.31324005126953,2027500,0.0,0.0
2015-08-26 00:00:00-04:00,80.3473615665544,80.3743688014497,77.62921693414857,79.56432342529297,2111500,0.0,0.0
2015-08-27 00:00:00-04:00,82.05744680312219,82.74148580845842,81.42741539480419,82.7234878540039,2061700,0.0,0.0
2015-08-28 00:00:00-04:00,83.24552667992685,83.82155746700276,82.29147697636276,82.78650665283203,1150100,0.0,0.0
2015-08-31 00:00:00-04:00,82.22845208311686,82.8764882639492,81.65242144833852,81.92243194580078,1173300,0.0,0.0
2015-09-01 00:00:00-04:00,80.78839530372476,81.52643516466247,79.70833244858737,80.24836730957031,1096100,0.0,0.0
2015-09-02 00:00:00-04:00,81.94044972336361,81.94044972336361,80.29335864775682,81.57142639160156,1415200,0.0,0.0
2015-09-03 00:00:00-04:00,84.05556064703306,84.55059025593363,83.02950551842798,83.4165267944336,1240200,0.0,0.0
2015-09-04 00:00:00-04:00,81.40942985913033,82.66949984109985,81.25642317612454,82.23748016357422,775100,0.0,0.0
2015-09-08 00:00:00-04:00,84.35257778861596,85.02761441385543,83.62354043074218,84.49658203125,993400,0.0,0.0
2015-09-09 00:00:00-04:00,84.53257525683672,85.05460516940698,81.73342315112173,81.96743774414062,1031200,0.0,0.0
2015-09-10 00:00:00-04:00,82.59746848999325,83.65952626039966,81.64341903866823,82.99349212646484,846900,0.0,0.0
2015-09-11 00:00:00-04:00,82.45348397043402,82.6964941629111,81.86845078587187,82.51648712158203,568800,0.0,0.0
2015-09-14 00:00:00-04:00,82.3454711043622,82.47147739973987,81.4274242570638,81.84144592285156,588500,0.0,0.0
2015-09-15 00:00:00-04:00,83.23650872771339,84.30756203610972,82.94849341170719,84.00154876708984,809000,0.0,0.0
2015-09-16 00:00:00-04:00,84.28957379183802,84.52358840893098,83.44352569938256,84.34357452392578,702200,0.0,0.0
2015-09-17 00:00:00-04:00,82.95750068933187,84.95561023099884,82.7234929329193,83.51553344726562,629100,0.0,0.0
2015-09-18 00:00:00-04:00,80.88738331225059,82.0754473828435,80.53636485049543,81.01338958740234,1448100,0.0,0.0
2015-09-21 00:00:00-04:00,81.55341357599943,81.95843274585629,79.80731689377099,80.46435546875,1378600,0.0,0.0
2015-09-22 00:00:00-04:00,79.56432048731367,79.62732363275342,77.30519592912665,78.0162353515625,1712700,0.0,0.0
2015-09-23 00:00:00-04:00,77.1251946035723,77.2421984917989,75.34309471013783,75.49610137939453,1660300,0.0,0.0
2015-09-24 00:00:00-04:00,74.5960693355877,76.44117279667385,73.89403211369694,75.78413391113281,2316700,0.0,0.0
2015-09-25 00:00:00-04:00,78.31325248016711,78.39425358071281,76.27914015336559,76.81916809082031,1236500,0.0,0.0
2015-09-28 00:00:00-04:00,74.93807108352068,75.46909662247663,74.19102887094353,74.77606201171875,1638200,0.0,0.0
2015-09-29 00:00:00-04:00,74.61405038289178,76.9811763655389,74.36203780579811,76.69316101074219,1351400,0.0,0.0
2015-09-30 00:00:00-04:00,78.27726599207584,79.26731856125019,77.97124574817586,79.18631744384766,2466400,0.0,0.0
2015-10-01 00:00:00-04:00,77.62019976947522,77.94421785835276,76.00911173500826,77.37718963623047,1323200,0.0,0.0
2015-10-02 00:00:00-04:00,77.30519904979342,79.84333665926948,76.90917533856954,79.57332611083984,950800,0.0,0.0
2015-10-05 00:00:00-04:00,79.8253290092742,81.05839145103972,79.68131790747039,80.45536041259766,951000,0.0,0.0
2015-10-06 00:00:00-04:00,80.97741001999202,81.72445234164083,80.3653764223614,81.0494155883789,732200,0.0,0.0
2015-10-07 00:00:00-04:00,81.90445890089275,82.45348933957472,79.96935217986852,81.05841064453125,873800,0.0,0.0
2015-10-08 00:00:00-04:00,82.14747690050432,82.30948601034726,80.89640922270645,82.2464828491211,974000,0.0,0.0
2015-10-09 00:00:00-04:00,81.64342633398809,81.99444481883464,81.25640507289737,81.78743743896484,542600,0.0,0.0
2015-10-12 00:00:00-04:00,81.21140798636885,81.32841186081926,80.66237765725285,80.87838745117188,742300,0.0,0.0
2015-10-13 00:00:00-04:00,79.73532096324848,79.98734039875698,78.41225497767311,78.58325958251953,1047500,0.0,0.0
2015-10-14 00:00:00-04:00,76.51315853914215,78.9792905904218,76.15313760752959,78.5472640991211,3118200,0.0,0.0
2015-10-15 00:00:00-04:00,79.0512887079303,80.3653591478008,78.43925524185646,79.6543197631836,2230100,0.0,0.0
2015-10-16 00:00:00-04:00,79.4023082602625,80.16734838641337,78.97928421477869,79.7893295288086,892700,0.0,0.0
2015-10-19 00:00:00-04:00,79.75332727048023,80.09534335337129,79.23129730172998,79.90633392333984,502800,0.0,0.0
2015-10-20 00:00:00-04:00,79.27630372785008,81.42741991295833,78.79027652868204,80.12234497070312,1108000,0.0,0.0
2015-10-21 00:00:00-04:00,81.78743205866422,82.12044570006799,80.96838440335087,81.01338958740234,943900,0.0,0.0
2015-10-22 00:00:00-04:00,82.83149142806275,83.62353878081937,82.70548514318375,83.0925064086914,1644800,0.0,0.0
2015-10-23 00:00:00-04:00,84.82061425926318,84.97362780520645,83.92056527600792,84.28058624267578,1585100,0.0,0.0
2015-10-26 00:00:00-04:00,83.25452305537863,83.61454398790264,82.90350453454543,83.06551361083984,614500,0.0,0.0
2015-10-27 00:00:00-04:00,83.28149599347111,83.47950778448224,82.14743283293294,82.39945220947266,544700,0.0,0.0
2015-10-28 00:00:00-04:00,84.19958303601743,84.68560343207746,83.03851905247711,84.01056671142578,618600,0.0,0.0
2015-10-29 00:00:00-04:00,83.03851151556105,83.3175244707209,82.51648151759981,82.8584976196289,517600,0.0,0.0
2015-10-30 00:00:00-04:00,83.12851216787223,84.02856101605896,82.88549513343827,83.51553344726562,464800,0.0,0.0
2015-11-02 00:00:00-05:00,84.85660467928285,85.13561762605549,84.19057045142503,84.70359802246094,528100,0.0,0.0
2015-11-03 00:00:00-05:00,84.61360051982102,85.90966628947828,84.29858477257197,85.60365295410156,538200,0.0,0.0
2015-11-04 00:00:00-05:00,85.83767026505251,86.23368713098627,85.30663781731872,86.0176773071289,429800,0.0,0.0
2015-11-05 00:00:00-05:00,86.71970442095973,86.96272145335229,85.14461894986405,85.69364929199219,792400,0.0,0.0
2015-11-06 00:00:00-05:00,85.92767094637233,86.76471671133919,85.28863704124275,86.70171356201172,736200,0.0,0.0
2015-11-09 00:00:00-05:00,86.92672972341332,86.97172805106693,85.65765740076408,86.1526870727539,480300,0.0,0.0
2015-11-10 00:00:00-05:00,84.59558568467763,84.61359050629154,83.83954798075261,84.17256164550781,2305700,0.0,0.0
2015-11-11 00:00:00-05:00,84.93760363848217,85.35162524252857,84.07355765610355,84.55957794189453,1442600,0.0,0.0
2015-11-12 00:00:00-05:00,84.23557554899305,84.46959019207809,83.28152588639549,83.4975357055664,788300,0.0,0.0
2015-11-13 00:00:00-05:00,82.36348653090974,83.07452607026607,81.6164442072637,82.26448059082031,1588300,0.0,0.0
2015-11-16 00:00:00-05:00,81.54442877601062,83.23652509882508,81.37342415485352,83.06551361083984,3582100,0.0,0.0
2015-11-17 00:00:00-05:00,82.99351406893473,83.4795413330604,82.64249552264874,82.78650665283203,2380300,0.0,0.0
2015-11-18 00:00:00-05:00,83.13751681126527,83.92955734687747,82.89449977030642,83.83955383300781,2181100,0.0,0.0
2015-11-19 00:00:00-05:00,83.64155769519185,84.5146063640761,83.26353874582833,83.95657348632812,3388500,0.0,0.0
2015-11-20 00:00:00-05:00,83.54251788769086,83.68652897202418,82.03943824580088,82.30045318603516,1829900,0.0,0.0
2015-11-23 00:00:00-05:00,81.12139209967053,82.04844808869598,80.96838545882414,81.24739837646484,476800,0.0,0.0
2015-11-24 00:00:00-05:00,79.79831957750669,81.55341176365212,79.77131234886664,81.30139923095703,1024700,0.0,0.0
2015-11-25 00:00:00-05:00,81.499422553803,82.32746581158999,81.41841459009153,81.87744140625,424800,0.0,0.0
2015-11-27 00:00:00-05:00,83.07450169495657,83.29951388062348,82.85848505260093,83.2455062866211,200300,0.0,0.0
2015-11-30 00:00:00-05:00,83.50653827480845,83.60554420603751,82.94851233533015,83.4525375366211,368500,0.0,0.0
2015-12-01 00:00:00-05:00,83.82155680962323,84.1635798077119,83.46154272064572,83.92056274414062,495900,0.0,0.0
2015-12-02 00:00:00-05:00,84.01955559037016,84.10056355455096,82.82248901719211,83.0925064086914,485800,0.0,0.0
2015-12-03 00:00:00-05:00,83.68654143842845,83.77654494613095,81.31940867157053,81.87744140625,854400,0.0,0.0
2015-12-04 00:00:00-05:00,82.23746844412919,83.03851139609786,81.96745103403342,82.80449676513672,899900,0.0,0.0
2015-12-07 00:00:00-05:00,83.02951250240717,83.04751045932304,82.03045765628397,82.19246673583984,880900,0.0,0.0
2015-12-08 00:00:00-05:00,81.12141642596595,81.75145486569748,80.68039432493427,81.4724349975586,631500,0.0,0.0
2015-12-09 00:00:00-05:00,80.97739364558831,81.92244078896005,80.3653601717167,80.88739013671875,1041200,0.0,0.0
2015-12-10 00:00:00-05:00,80.73438742246658,81.23841949987819,80.0413527579148,80.23936462402344,472500,0.0,0.0
2015-12-11 00:00:00-05:00,79.11430725754512,79.45632340023064,78.43927051791901,78.5562744140625,486700,0.0,0.0
2015-12-14 00:00:00-05:00,78.61027026175192,78.70028064822795,77.11619260848165,77.81822967529297,649100,0.0,0.0
2015-12-15 00:00:00-05:00,79.57329759560272,80.51834447668935,79.42928652791771,79.96031188964844,505800,0.0,0.0
2015-12-16 00:00:00-05:00,79.69032025624753,80.61736940620204,78.96128293770607,80.42835998535156,627400,0.0,0.0
2015-12-17 00:00:00-05:00,80.74337447199612,80.80637761133174,79.14128875732422,79.14128875732422,662900,0.0,0.0
2015-12-18 00:00:00-05:00,78.56525474270221,79.15028779263012,78.29523737601951,78.68225860595703,500600,0.0,0.0
2015-12-21 00:00:00-05:00,80.53636013485406,80.88737857605605,79.60930421219521,80.31134796142578,1048100,0.0,0.0
2015-12-22 00:00:00-05:00,80.8603860005237,81.58042783270987,80.35636083809008,81.36441802978516,1691100,0.0,0.0
2015-12-23 00:00:00-05:00,81.9404541380481,82.45348174550367,81.80544542728016,82.19246673583984,418400,0.0,0.0
2015-12-24 00:00:00-05:00,81.81442607664994,82.65147162056452,81.81442607664994,82.30045318603516,94600,0.0,0.0
2015-12-28 00:00:00-05:00,82.50747635090204,82.58848431807338,81.76943656929576,82.41747283935547,348700,0.0,0.0
2015-12-29 00:00:00-05:00,82.36347407334623,82.99350553605056,82.3094664716659,82.73249053955078,632500,0.0,0.0
2015-12-30 00:00:00-05:00,82.9125007037824,83.02950457964157,82.19245889294605,82.21045684814453,281600,0.0,0.0
2015-12-31 00:00:00-05:00,80.99540737236087,81.13941850805661,79.89734649658203,79.89734649658203,433800,0.0,0.0
2016-01-04 00:00:00-05:00,78.56525448695871,78.68225834983267,77.32318971128059,78.57425689697266,2275300,0.0,0.0
2016-01-05 00:00:00-05:00,77.5662319593145,78.38527307216742,77.09820944723138,77.78224182128906,813100,0.0,0.0
2016-01-06 00:00:00-05:00,75.51411844926903,76.70218294861483,75.37010730179466,76.15315246582031,2323900,0.0,0.0
2016-01-07 00:00:00-05:00,74.20004256316338,75.73912554585763,74.02002864111115,74.24504089355469,811200,0.0,0.0
2016-01-08 00:00:00-05:00,73.59700681279742,73.91202946954769,72.12092693988508,72.25593566894531,899400,0.0,0.0
2016-01-11 00:00:00-05:00,74.68606105559921,74.93807364996015,73.44398917363722,74.08302307128906,1117900,0.0,0.0
2016-01-12 00:00:00-05:00,75.01906952793964,75.55909745920256,73.50698720030681,74.3890380859375,875800,0.0,0.0
2016-01-13 00:00:00-05:00,74.44305380772659,74.7940723770646,71.88691788056481,72.01292419433594,945700,0.0,0.0
2016-01-14 00:00:00-05:00,74.0650366117692,75.1450927172103,72.96697568003418,74.61406707763672,1442700,0.0,0.0
2016-01-15 00:00:00-05:00,70.76184127724376,71.50887658514398,69.45676635750945,69.7267837524414,1550300,0.0,0.0
2016-01-19 00:00:00-05:00,71.81490630910007,72.77795840776992,71.38287979311175,72.29193115234375,1487400,0.0,0.0
2016-01-20 00:00:00-05:00,73.43498961456314,77.64721892247317,72.87696366732332,76.73817443847656,4539200,0.0,0.0
2016-01-21 00:00:00-05:00,78.07923505189753,79.27630162926205,77.02617958165693,78.62826538085938,1254100,0.0,0.0
2016-01-22 00:00:00-05:00,82.10246518202621,82.55248965080133,81.06740753047774,81.32842254638672,1700700,0.0,0.0
2016-01-25 00:00:00-05:00,81.25642086158216,81.57143663139426,80.48237818899887,80.75239562988281,881600,0.0,0.0
2016-01-26 00:00:00-05:00,80.65338501262062,81.41842522829393,80.24836574162545,81.1754150390625,674500,0.0,0.0
2016-01-27 00:00:00-05:00,80.86940689313548,82.03947342112991,80.47338997507518,80.74340057373047,907200,0.0,0.0
2016-01-28 00:00:00-05:00,80.95939557852273,81.29241614263582,80.04134872453234,80.83338928222656,1846200,0.0,0.0
2016-01-29 00:00:00-05:00,80.23033291435598,82.74146937180261,80.140329426308,82.66046142578125,1172600,0.0,0.0
2016-02-01 00:00:00-05:00,81.92243200942849,83.47051691665772,81.74242501098051,83.02049255371094,528400,0.0,0.0
2016-02-02 00:00:00-05:00,81.26540823893552,81.34640933611718,79.58231448472131,79.66332244873047,740200,0.0,0.0
2016-02-03 00:00:00-05:00,81.30141856441335,82.10246153389333,79.93334039470211,81.8864517211914,889300,0.0,0.0
2016-02-04 00:00:00-05:00,81.4544279430512,82.96651041600418,81.38242238080859,82.32747650146484,666800,0.0,0.0
2016-02-05 00:00:00-05:00,80.9323866166472,80.9323866166472,79.2492997519087,79.52831268310547,893000,0.0,0.0
2016-02-08 00:00:00-05:00,76.46815583971248,78.20525053953865,76.17113804644025,77.72822570800781,1281100,0.0,0.0
2016-02-09 00:00:00-05:00,76.33314646994462,77.72822503832859,76.2251449946513,76.47715759277344,1202400,0.0,0.0
2016-02-10 00:00:00-05:00,75.9731435032403,76.26115892417538,73.48900620590699,73.57000732421875,2413100,0.0,0.0
2016-02-11 00:00:00-05:00,74.20000772195759,74.20000772195759,72.79592725656344,73.63297271728516,1099900,0.0,0.0
2016-02-12 00:00:00-05:00,72.88597703440787,73.88502518907136,72.21993577552622,73.84002685546875,1143300,0.0,0.0
2016-02-16 00:00:00-05:00,74.75805518696116,75.81111755888878,74.45204187443413,75.58610534667969,758300,0.0,0.0
2016-02-17 00:00:00-05:00,76.51316037890727,77.78222578149189,76.45915277442849,77.65621948242188,812100,0.0,0.0
2016-02-18 00:00:00-05:00,77.87222705812356,78.07924132453822,77.25119799253574,77.33219909667969,672500,0.0,0.0
2016-02-19 00:00:00-05:00,78.41227477546725,79.69934517633273,78.07925415886946,79.21331787109375,1254600,0.0,0.0
2016-02-22 00:00:00-05:00,79.05127735711127,79.62730796401937,78.89827072926961,79.13227844238281,810800,0.0,0.0
2016-02-23 00:00:00-05:00,78.68228112222535,80.34737038172379,78.56527722548788,79.7263412475586,1526600,0.0,0.0
2016-02-24 00:00:00-05:00,79.0873031895087,80.44637215097259,78.95229447452905,80.29336547851562,807300,0.0,0.0
2016-02-25 00:00:00-05:00,80.4823790692769,80.97740876070229,80.06835735773423,80.93240356445312,315800,0.0,0.0
2016-02-26 00:00:00-05:00,81.99442889979012,82.093434798533,81.58040735360453,81.74241638183594,279300,0.0,0.0
2016-02-29 00:00:00-05:00,82.20145172005331,82.97549417306674,81.92243194580078,81.92243194580078,359700,0.0,0.0
2016-03-01 00:00:00-05:00,83.66852344740376,84.55057416443984,83.37150573859122,84.41556549072266,593300,0.0,0.0
2016-03-02 00:00:00-05:00,83.29053166282783,84.01956912374648,82.88550551033966,84.01056671142578,458300,0.0,0.0
2016-03-03 00:00:00-05:00,83.54252238027897,85.24361392119202,83.48852165416326,85.23461151123047,562000,0.0,0.0
2016-03-04 00:00:00-05:00,85.36061435923065,85.97264774235593,85.2166101397564,85.81964111328125,1181800,0.0,0.0
2016-03-07 00:00:00-05:00,84.91059448572669,86.61169291479965,84.88359412233024,86.44068145751953,1015400,0.0,0.0
2016-03-08 00:00:00-05:00,85.15360512464002,85.48662560423224,84.35256235856481,84.41556549072266,619200,0.0,0.0
2016-03-09 00:00:00-05:00,84.68559319999495,85.01861374733775,84.48758822066365,84.70359802246094,169000,0.0,0.0
2016-03-10 00:00:00-05:00,86.79170711428118,88.04277441215115,85.61264536932555,86.3506851196289,1123000,0.0,0.0
2016-03-11 00:00:00-05:00,87.56575283099887,87.99777243056816,87.12473082028048,87.97977447509766,656100,0.0,0.0
2016-03-14 00:00:00-04:00,87.72778770187212,88.0968042655959,86.95374491923617,87.29576110839844,378800,0.0,0.0
2016-03-15 00:00:00-04:00,86.87269632941452,87.2327171779179,86.66568897663299,86.93569946289062,299700,0.0,0.0
2016-03-16 00:00:00-04:00,86.40469358349716,87.6917637730078,86.14367858094433,87.55675506591797,520700,0.0,0.0
2016-03-17 00:00:00-04:00,87.05272553622167,88.177786594399,86.90871442469765,87.98877716064453,302000,0.0,0.0
2016-03-18 00:00:00-04:00,88.00678418774261,88.80782719438864,87.88978029768961,88.18679809570312,312800,0.0,0.0
2016-03-21 00:00:00-04:00,87.71875227927325,88.17777907457544,87.51174490764579,88.04277038574219,567400,0.0,0.0
2016-03-22 00:00:00-04:00,87.33174847978415,88.6908243163733,87.28675015240191,88.42080688476562,757100,0.0,0.0
2016-03-23 00:00:00-04:00,88.74480658194355,88.7898117667856,87.90776095840194,87.94376373291016,892300,0.0,0.0
2016-03-24 00:00:00-04:00,86.54871032504603,87.24174499511719,86.38670123937855,87.24174499511719,292900,0.0,0.0
2016-03-28 00:00:00-04:00,87.63776442712434,87.88977702204811,87.02573089652591,87.72776794433594,182600,0.0,0.0
2016-03-29 00:00:00-04:00,88.51079852179782,90.16689193742198,88.35779186895137,90.0318832397461,409000,0.0,0.0
2016-03-30 00:00:00-04:00,91.05794546634174,91.69697936063027,90.51791750029224,91.03994750976562,460400,0.0,0.0
2016-03-31 00:00:00-04:00,91.33696044407786,91.73297726917552,90.31089843619574,90.35590362548828,637900,0.0,0.0
2016-04-01 00:00:00-04:00,89.46485075673635,90.5719069187733,89.37484725144651,90.51790618896484,367600,0.0,0.0
2016-04-04 00:00:00-04:00,91.93100414577556,92.34502586101354,91.40897407867287,91.47197723388672,861500,0.0,0.0
2016-04-05 00:00:00-04:00,89.62685305154578,90.11288018363784,89.35683568921905,89.57284545898438,1059400,0.0,0.0
2016-04-06 00:00:00-04:00,89.43785347307448,91.0579372245874,89.36584791963102,90.99493408203125,753000,0.0,0.0
2016-04-07 00:00:00-04:00,90.67992729779016,90.8599343322952,89.95988542611366,90.08589172363281,452200,0.0,0.0
2016-04-08 00:00:00-04:00,90.79692743840477,91.22895391695639,90.3469030038763,90.58992004394531,424200,0.0,0.0
2016-04-11 00:00:00-04:00,90.76993215310868,91.40896606189838,90.13089824431898,90.22990417480469,188400,0.0,0.0
2016-04-12 00:00:00-04:00,90.60790367423786,91.11193563066207,89.73485531059465,90.76991271972656,295100,0.0,0.0
2016-04-13 00:00:00-04:00,91.43596231759575,91.98499268310836,91.15694936250273,91.84999084472656,363100,0.0,0.0
2016-04-14 00:00:00-04:00,90.71594007680099,90.72494248956694,89.79788624588379,90.33792114257812,547800,0.0,0.0
2016-04-15 00:00:00-04:00,89.887891795336,90.472918123843,89.3838597100416,89.5998764038086,540400,0.0,0.0
2016-04-18 00:00:00-04:00,88.978823349879,90.03187877928961,88.91582020966197,89.31184387207031,342600,0.0,0.0
2016-04-19 00:00:00-04:00,90.22089874203594,90.6709231866925,89.41985577989351,89.77987670898438,833800,0.0,0.0
2016-04-20 00:00:00-04:00,89.11383755471368,89.60886029652598,85.62164366138657,86.79170989990234,2104400,0.0,0.0
2016-04-21 00:00:00-04:00,87.5207511722609,87.5207511722609,85.96367045521745,86.24268341064453,626600,0.0,0.0
2016-04-22 00:00:00-04:00,86.1616676777313,86.82770181315917,85.79264440349613,86.28767395019531,275500,0.0,0.0
2016-04-25 00:00:00-04:00,86.67471917221602,86.87272417888367,86.34169857889673,86.5217056274414,367000,0.0,0.0
2016-04-26 00:00:00-04:00,86.80970806907678,87.28673972349902,86.66570382509904,86.77371215820312,348200,0.0,0.0
2016-04-27 00:00:00-04:00,87.96177772900754,89.48285562639005,87.9257749507438,89.32084655761719,600200,0.0,0.0
2016-04-28 00:00:00-04:00,88.47480588757244,89.62686733232125,87.97977626670638,88.21379089355469,902200,0.0,0.0
2016-04-29 00:00:00-04:00,88.51081601482032,88.69983234901977,86.44970983247264,86.94473266601562,786700,0.0,0.0
2016-05-02 00:00:00-04:00,87.03471859992523,87.81776354945565,86.8907143587266,87.71875762939453,461300,0.0,0.0
2016-05-03 00:00:00-04:00,86.63951245182844,86.69416209318221,85.72876384515048,85.99288177490234,604700,1.145,0.0
2016-05-04 00:00:00-04:00,85.24606101937441,85.46463872100838,84.89997907941562,85.40999603271484,1430900,0.0,0.0
2016-05-05 00:00:00-04:00,84.49928154449725,85.5375347311092,84.4264199651126,84.60857391357422,464400,0.0,0.0
2016-05-06 00:00:00-04:00,84.13496503003951,84.45373264375579,83.62494796563168,84.08943176269531,336300,0.0,0.0
2016-05-09 00:00:00-04:00,84.93642728493938,85.26429737890521,84.28068709700773,84.69052124023438,456800,0.0,0.0
2016-05-10 00:00:00-04:00,84.26247890122195,85.1641252480291,84.20783619479563,85.01840209960938,367700,0.0,0.0
2016-05-11 00:00:00-04:00,83.61585809577927,84.92733879505013,83.57942730430364,84.317138671875,897100,0.0,0.0
2016-05-12 00:00:00-04:00,84.52657403376327,84.64497579694469,82.35899490076974,83.3608169555664,1099600,0.0,0.0
2016-05-13 00:00:00-04:00,83.4701355324937,84.1349783181059,83.01476109636276,83.15137481689453,770000,0.0,0.0
2016-05-16 00:00:00-04:00,85.75611259411268,87.78707858028102,85.41002359401321,87.27706146240234,1553600,0.0,0.0
2016-05-17 00:00:00-04:00,86.68504691756642,87.02202638115388,85.76518894020498,85.88359069824219,710300,0.0,0.0
2016-05-18 00:00:00-04:00,85.77430267140677,87.02203074387661,85.68322920189999,86.08395385742188,349400,0.0,0.0
2016-05-19 00:00:00-04:00,85.1550085982976,85.49198813911671,84.51748724913882,84.98196411132812,573700,0.0,0.0
2016-05-20 00:00:00-04:00,86.65773375440881,87.04935594424244,86.47557985886955,86.95828247070312,571700,0.0,0.0
2016-05-23 00:00:00-04:00,86.81256363398789,87.65045074939306,86.71238072361761,87.15864562988281,387200,0.0,0.0
2016-05-24 00:00:00-04:00,87.00380501743872,88.94370381235605,87.00380501743872,88.81619262695312,785500,0.0,0.0
2016-05-25 00:00:00-04:00,89.57212873313554,90.37359199568769,89.38998178171593,90.09125518798828,1000800,0.0,0.0
2016-05-26 00:00:00-04:00,90.33717839674308,90.86540743570698,89.62679542325534,90.53754425048828,748900,0.0,0.0
2016-05-27 00:00:00-04:00,90.51018458033097,91.52111598407222,90.51018458033097,91.14771270751953,765500,0.0,0.0
2016-05-31 00:00:00-04:00,91.12041564804679,91.29345318641172,90.47377791784089,91.0566635131836,509600,0.0,0.0
2016-06-01 00:00:00-04:00,90.08217893909416,91.13864407223305,90.05485063480765,90.93827819824219,1335700,0.0,0.0
2016-06-02 00:00:00-04:00,90.81074749063586,91.27523124991936,90.42823472344277,91.2023696899414,614600,0.0,0.0
2016-06-03 00:00:00-04:00,91.84899139404297,92.04935719010419,91.22057960912201,91.84899139404297,279900,0.0,0.0
2016-06-06 00:00:00-04:00,92.04937483828077,92.24974067275716,91.07487396479591,91.13862609863281,389000,0.0,0.0
2016-06-07 00:00:00-04:00,92.14045727975846,92.33171369986167,91.67598038027728,92.15867614746094,444400,0.0,0.0
2016-06-08 00:00:00-04:00,91.84901111308191,92.19510008911128,91.38452729962556,92.07669830322266,527300,0.0,0.0
2016-06-09 00:00:00-04:00,90.58307819244467,91.59400995402393,90.52843548591461,91.57579803466797,624600,0.0,0.0
2016-06-10 00:00:00-04:00,88.92550970044111,89.47195757492115,88.15137463255593,88.68871307373047,1514900,0.0,0.0
2016-06-13 00:00:00-04:00,87.1039954885281,88.50654916538375,87.09488605696542,87.73241424560547,1055100,0.0,0.0
2016-06-14 00:00:00-04:00,85.15501514547748,86.24791095619501,85.00018951284387,86.1568374633789,1624300,0.0,0.0
2016-06-15 00:00:00-04:00,86.25701826340637,86.73061153191338,85.72878229024928,85.77432250976562,740100,0.0,0.0
2016-06-16 00:00:00-04:00,85.419143578694,87.0858157999356,84.89090752795138,87.04027557373047,501300,0.0,0.0
2016-06-17 00:00:00-04:00,86.1659465326712,86.48470723041011,84.94553949901955,86.20237731933594,702400,0.0,0.0
2016-06-20 00:00:00-04:00,88.64317900524857,88.90729698103364,88.0785122692465,88.20601654052734,949900,0.0,0.0
2016-06-21 00:00:00-04:00,89.39909657368419,89.9910776755201,89.08943839955258,89.69963836669922,691700,0.0,0.0
2016-06-22 00:00:00-04:00,90.34627367433372,90.6650412972038,89.88179681239343,89.93643951416016,501700,0.0,0.0
2016-06-23 00:00:00-04:00,91.56666252558587,92.35901628694641,90.45554815280221,92.3407974243164,888700,0.0,0.0
2016-06-24 00:00:00-04:00,85.6832462825881,87.97833013459416,85.57395392831668,86.53024291992188,2063600,0.0,0.0
2016-06-27 00:00:00-04:00,84.15317396412202,84.60854827458971,83.01473818795277,84.24424743652344,2285900,0.0,0.0
2016-06-28 00:00:00-04:00,85.24606874076812,86.12949600665158,84.74516117296672,85.97467041015625,707900,0.0,0.0
2016-06-29 00:00:00-04:00,87.30436392970289,87.9692065361958,87.09488868819517,87.53205108642578,556100,0.0,0.0
2016-06-30 00:00:00-04:00,88.67961790951675,90.35539245605469,88.26977675847746,90.35539245605469,669800,0.0,0.0
2016-07-01 00:00:00-04:00,89.59035400773219,89.86357445441108,89.34444796241375,89.65410614013672,957500,0.0,0.0
2016-07-05 00:00:00-04:00,88.02385784871828,88.45191082323187,86.53933311170638,86.83077239990234,1007800,0.0,0.0
2016-07-06 00:00:00-04:00,85.08214250340411,86.49380577802627,84.55390658594256,86.42094421386719,1257500,0.0,0.0
2016-07-07 00:00:00-04:00,85.70145552547764,86.73970853902998,85.68324360789843,86.16593933105469,827900,0.0,0.0
2016-07-08 00:00:00-04:00,87.52295057070583,88.5794224207858,87.3863368730629,88.5429916381836,588200,0.0,0.0
2016-07-11 00:00:00-04:00,90.27340652904104,91.02932260962042,90.16411419221072,90.85628509521484,493000,0.0,0.0
2016-07-12 00:00:00-04:00,91.8672326590642,92.74155066089182,91.07487871281644,91.87633514404297,1280100,0.0,0.0
2016-07-13 00:00:00-04:00,92.06758893393057,92.72332915374474,91.85812060999424,92.08580780029297,547200,0.0,0.0
2016-07-14 00:00:00-04:00,94.47197141441521,94.5812568180009,93.44282087423953,93.77980041503906,1023800,0.0,0.0
2016-07-15 00:00:00-04:00,92.21331335719938,92.84173223469693,92.15867065427324,92.54118347167969,538600,0.0,0.0
2016-07-18 00:00:00-04:00,93.5794322045089,94.14409891974377,93.31531423843751,93.9255142211914,802800,0.0,0.0
2016-07-19 00:00:00-04:00,94.05301741015532,96.81259187295421,93.95284144337667,96.20238494873047,3330400,0.0,0.0
2016-07-20 00:00:00-04:00,97.9783482461267,98.67962169805679,97.50475502406427,98.50658416748047,1642100,0.0,0.0
2016-07-21 00:00:00-04:00,96.00202088113218,96.87633877271328,95.59217980952606,96.0657730102539,2199400,0.0,0.0
2016-07-22 00:00:00-04:00,96.12953033184249,96.41186021199438,95.80166023623195,96.20238494873047,397800,0.0,0.0
2016-07-25 00:00:00-04:00,96.7123987883597,97.05848076468622,96.4756022001044,96.97651672363281,500300,0.0,0.0
2016-07-26 00:00:00-04:00,97.8963765560211,99.18964500060878,97.73244151084582,99.0621337890625,926600,0.0,0.0
2016-07-27 00:00:00-04:00,99.85450830775821,100.10041440058629,98.70696275430669,99.78164672851562,876300,0.0,0.0
2016-07-28 00:00:00-04:00,100.06394688310499,100.37359805853646,99.71785798296382,100.25520324707031,530000,0.0,0.0
2016-07-29 00:00:00-04:00,100.61952530634771,100.9564978980012,99.55394398432071,99.8362808227539,1399700,0.0,0.0
2016-08-01 00:00:00-04:00,99.83627929282731,100.31897501285081,99.53573054125972,99.90913391113281,419800,0.0,0.0
2016-08-02 00:00:00-04:00,99.79075844576657,99.8089703667625,99.07126596832845,99.61771392822266,358600,0.0,0.0
2016-08-03 00:00:00-04:00,98.31533176939892,99.04393360055795,98.26068906402371,98.77070617675781,414200,0.0,0.0
2016-08-04 00:00:00-04:00,99.90912133643344,100.39182394416478,99.76340516970103,100.26431274414062,288500,0.0,0.0
2016-08-05 00:00:00-04:00,100.13683015587648,100.78346793386132,99.63592247307201,99.81806945800781,599800,0.0,0.0
2016-08-08 00:00:00-04:00,99.49929809570312,99.78162797663182,99.30804169748099,99.49929809570312,352200,0.0,0.0
2016-08-09 00:00:00-04:00,99.69056918033802,100.28255732783425,99.69056918033802,100.08219146728516,558600,0.0,0.0
2016-08-10 00:00:00-04:00,100.46470164427956,100.54667265253111,99.4628793166792,99.71788787841797,840300,0.0,0.0
2016-08-11 00:00:00-04:00,100.77436785495809,101.12955937247875,100.29167204645374,100.81079864501953,879600,0.0,0.0
2016-08-12 00:00:00-04:00,101.03847541743181,101.21151296674162,100.17325987703472,100.42826843261719,540400,0.0,0.0
2016-08-15 00:00:00-04:00,101.34812764692578,101.62135507249684,100.90186267039097,100.93829345703125,329400,0.0,0.0
2016-08-16 00:00:00-04:00,100.938268006232,101.03845090711691,97.45920866661687,98.3153076171875,1531000,0.0,0.0
2016-08-17 00:00:00-04:00,95.91094788032301,96.34811033418806,95.38271889033213,96.0384521484375,2084100,0.0,0.0
2016-08-18 00:00:00-04:00,96.64867480977338,97.01296880738597,96.28437386369816,96.56670379638672,679500,0.0,0.0
2016-08-19 00:00:00-04:00,97.26796813723091,97.42279375528213,96.78526546869128,97.20421600341797,525400,0.0,0.0
2016-08-22 00:00:00-04:00,97.43191301594692,97.76888563646423,97.08582401308634,97.5958480834961,486300,0.0,0.0
2016-08-23 00:00:00-04:00,98.96196147295782,99.39911697723717,98.5521203706768,98.80712890625,723200,0.0,0.0
2016-08-24 00:00:00-04:00,98.10585567366762,98.2242505087704,96.95831031231664,97.15867614746094,473600,0.0,0.0
2016-08-25 00:00:00-04:00,97.04938653924769,97.25886181330725,96.76705664454545,96.96742248535156,271700,0.0,0.0
2016-08-26 00:00:00-04:00,97.24063699442289,98.34264905139914,96.11131053628158,96.82169342041016,870400,0.0,0.0
2016-08-29 00:00:00-04:00,96.75794715807665,97.55941052086025,96.75794715807665,97.52297973632812,280400,0.0,0.0
2016-08-30 00:00:00-04:00,98.99837446991945,99.02570276584889,97.7506532791096,97.92369079589844,602800,0.0,0.0
2016-08-31 00:00:00-04:00,97.29529939373488,97.3954823211355,96.44830270200553,97.04029083251953,346400,0.0,0.0
2016-09-01 00:00:00-04:00,96.83082587215422,97.93283124264278,96.78528564631021,97.89640045166016,455400,0.0,0.0
2016-09-02 00:00:00-04:00,98.40642006142775,98.58856705951989,97.90550539398049,98.2333755493164,259200,0.0,0.0
2016-09-06 00:00:00-04:00,98.1605054297114,98.3973020653975,97.88728495634622,98.297119140625,346300,0.0,0.0
2016-09-07 00:00:00-04:00,98.36997828174655,98.63409626339542,96.5940139806859,96.83992004394531,992100,0.0,0.0
2016-09-08 00:00:00-04:00,94.84537603991485,95.39182391042489,94.39000165641288,94.79073333740234,919700,0.0,0.0
2016-09-09 00:00:00-04:00,93.95282994907376,94.24426922635462,92.62313086374063,92.63224029541016,818200,0.0,0.0
2016-09-12 00:00:00-04:00,92.01293586341102,94.05301091303518,91.92186238724635,93.93461608886719,502100,0.0,0.0
2016-09-13 00:00:00-04:00,93.35173972920673,93.78890215306635,92.413669700267,92.6595687866211,516200,0.0,0.0
2016-09-14 00:00:00-04:00,91.96741739365686,93.16049610479547,91.83080368320343,92.87816619873047,1069200,0.0,0.0
2016-09-15 00:00:00-04:00,93.18781132401209,94.58125579231087,92.98744548832912,94.38999938964844,1072000,0.0,0.0
2016-09-16 00:00:00-04:00,92.93281315563141,93.34264735728155,92.3226130959435,93.07852935791016,1040000,0.0,0.0
2016-09-19 00:00:00-04:00,94.00749010620052,94.88180810046755,93.98927123947689,94.11677551269531,550000,0.0,0.0
2016-09-20 00:00:00-04:00,95.35538258906892,95.88361848319146,95.00930059729602,95.51931762695312,773900,0.0,0.0
2016-09-21 00:00:00-04:00,96.25704391020247,97.33172778346973,96.00203535526819,97.18600463867188,832500,0.0,0.0
2016-09-22 00:00:00-04:00,99.30804760714399,99.7816339144772,98.98928692447147,99.08036041259766,579500,0.0,0.0
2016-09-23 00:00:00-04:00,99.05303410673136,99.50840847304784,98.74337592443622,98.87998962402344,664700,0.0,0.0
2016-09-26 00:00:00-04:00,98.80712526289234,99.41733217732659,98.61586886826473,99.0621337890625,663300,0.0,0.0
2016-09-27 00:00:00-04:00,98.32443455724814,100.00021587626102,98.21514220542288,99.8362808227539,591600,0.0,0.0
2016-09-28 00:00:00-04:00,99.52661941927593,100.21879039489252,99.15321605573972,100.05485534667969,316300,0.0,0.0
2016-09-29 00:00:00-04:00,99.51750925211849,99.94556226087455,97.95102729554107,99.02571105957031,551900,0.0,0.0
2016-09-30 00:00:00-04:00,99.44466660674048,100.3098752126846,99.28983402537672,99.79985809326172,338000,0.0,0.0
2016-10-03 00:00:00-04:00,99.59947743982009,99.82716461265281,98.85266379086723,99.20785522460938,416800,0.0,0.0
2016-10-04 00:00:00-04:00,99.62680595921714,100.04574955356651,98.91642304060466,99.23518371582031,324300,0.0,0.0
2016-10-05 00:00:00-04:00,99.3626821056293,99.54483601530238,99.00749066734328,99.09856414794922,280100,0.0,0.0
2016-10-06 00:00:00-04:00,98.60675992115513,99.26250010508501,98.18781634774687,99.0348129272461,473500,0.0,0.0
2016-10-07 00:00:00-04:00,97.48654212108313,97.6049369511706,95.95648402025036,96.88544464111328,861900,0.0,0.0
2016-10-10 00:00:00-04:00,98.0238728317207,98.1240557371901,97.44099426269531,97.44099426269531,686400,0.0,0.0
2016-10-11 00:00:00-04:00,96.18419545344548,96.21151680970512,93.26980164470247,93.54302215576172,959100,0.0,0.0
2016-10-12 00:00:00-04:00,93.1786926658693,93.50656273753324,92.36812691882812,93.42459869384766,794500,0.0,0.0
2016-10-13 00:00:00-04:00,91.61220830075474,91.66685794765047,91.11130068536171,91.43006134033203,1161200,0.0,0.0
2016-10-14 00:00:00-04:00,92.5138762221901,92.99657203418006,91.94009996015747,92.09493255615234,331200,0.0,0.0
2016-10-17 00:00:00-04:00,91.63954249331901,92.29527576209874,91.53935957410371,92.13134765625,399000,0.0,0.0
2016-10-18 00:00:00-04:00,93.36085735702645,93.42460949230427,92.74154792212973,93.1969223022461,955700,0.0,0.0
2016-10-19 00:00:00-04:00,95.40094040041971,95.40094040041971,93.98927692775895,94.79984283447266,1109900,0.0,0.0
2016-10-20 00:00:00-04:00,93.3699592612173,94.37178845001382,93.32442599256574,94.33535766601562,739900,0.0,0.0
2016-10-21 00:00:00-04:00,94.23517634827343,95.92006018316368,94.17142421230878,95.86541748046875,1638300,0.0,0.0
2016-10-24 00:00:00-04:00,95.55575873401393,96.01113311640835,95.41914502960327,95.88362884521484,971000,0.0,0.0
2016-10-25 00:00:00-04:00,95.3371676444771,95.75611118388125,94.83625311450442,95.20966339111328,567100,0.0,0.0
2016-10-26 00:00:00-04:00,95.14591208388111,95.38270867722224,94.47196003194486,94.58124542236328,376200,0.0,0.0
2016-10-27 00:00:00-04:00,95.79256379842039,95.8745278592114,94.59037560091645,94.76342010498047,606800,0.0,0.0
2016-10-28 00:00:00-04:00,95.5011062031698,96.49381891936335,95.34628059672032,96.04755401611328,915500,0.0,0.0
2016-10-31 00:00:00-04:00,96.09311540806992,96.86725055939841,95.57398882908845,96.19329833984375,794000,0.0,0.0
2016-11-01 00:00:00-04:00,96.22058757673521,96.2479089220153,94.07122040087333,94.61766815185547,936100,0.0,0.0
2016-11-02 00:00:00-04:00,94.72698156335882,95.38272178985943,94.417323368195,94.74519348144531,564400,0.0,0.0
2016-11-03 00:00:00-04:00,94.12587428910504,94.35356145813938,92.69599914550781,92.69599914550781,707000,0.0,0.0
2016-11-04 00:00:00-04:00,93.09673700673453,93.81622934277094,92.42278488693212,93.34263610839844,791600,0.0,0.0
2016-11-07 00:00:00-05:00,94.53572377209888,95.41004174515253,94.35356985159088,95.40093231201172,413000,0.0,0.0
2016-11-08 00:00:00-05:00,94.34445945154869,95.82898435751281,94.2898167501871,95.45557403564453,516600,0.0,0.0
2016-11-09 00:00:00-05:00,93.19692780534679,94.55394159265337,93.19692780534679,94.41732788085938,495700,0.0,0.0
2016-11-10 00:00:00-05:00,93.60674518703067,94.18052128386299,91.72149575842616,92.34991455078125,934900,0.0,0.0
2016-11-11 00:00:00-05:00,90.80164432508332,91.53935551096598,89.9091144733693,91.30255889892578,1212200,0.0,0.0
2016-11-14 00:00:00-05:00,90.10947804255615,90.86539417803671,89.90000278553262,90.34626770019531,687800,0.0,0.0
2016-11-15 00:00:00-05:00,90.27342549326293,91.32989051071749,89.93644592859047,91.09309387207031,491100,0.0,0.0
2016-11-16 00:00:00-05:00,90.34626409790515,91.77613921308512,90.30073083407979,91.71238708496094,1036300,0.0,0.0
2016-11-17 00:00:00-05:00,92.20419928596509,93.67050529406218,92.15866601863756,93.40638732910156,1344700,0.0,0.0
2016-11-18 00:00:00-05:00,94.33535961820569,95.40093401547324,94.15320569444518,95.25521087646484,1914300,0.0,0.0
2016-11-21 00:00:00-05:00,94.79982264861789,95.72879015300938,94.7360705217252,95.7105712890625,1408200,0.0,0.0
2016-11-22 00:00:00-05:00,96.03846931917579,96.1841924793385,95.44648808928721,95.92007446289062,876300,0.0,0.0
2016-11-23 00:00:00-05:00,95.15503624446397,95.94738324148375,94.94556096630384,95.71969604492188,432300,0.0,0.0
2016-11-25 00:00:00-05:00,94.70876897610746,95.13682203836808,94.50840312156316,94.84538269042969,251900,0.0,0.0
2016-11-28 00:00:00-05:00,94.08034048261925,94.63589772774078,94.00747892131719,94.3808822631836,453200,0.0,0.0
2016-11-29 00:00:00-05:00,93.69784933775634,94.72700009677015,93.5430236841135,94.5266342163086,1194200,0.0,0.0
2016-11-30 00:00:00-05:00,94.5083928537416,94.55393306972202,93.74336725419249,93.9255142211914,434200,0.0,0.0
2016-12-01 00:00:00-05:00,93.50658797157618,93.57034011668964,90.78345070392639,91.06578063964844,837900,0.0,0.0
2016-12-02 00:00:00-05:00,90.17323064833347,91.34809730405131,90.01839808864764,90.87450408935547,701100,0.0,0.0
2016-12-05 00:00:00-05:00,93.16048375996839,93.8253264084342,92.61403593902718,93.7342529296875,818600,0.0,0.0
2016-12-06 00:00:00-05:00,92.79620830799239,93.71606667668998,92.70513480430597,93.54302215576172,399900,0.0,0.0
2016-12-07 00:00:00-05:00,92.87816153004731,94.6450093981223,92.741547826461,94.30803680419922,566600,0.0,0.0
2016-12-08 00:00:00-05:00,93.98015678774408,94.47196189973253,93.48835167575562,93.90729522705078,478800,0.0,0.0
2016-12-09 00:00:00-05:00,93.7342490568869,93.9072935232787,92.97832601244569,93.4974594116211,362500,0.0,0.0
2016-12-12 00:00:00-05:00,93.96195595267717,94.11678158751259,93.26979183866162,93.71605682373047,308500,0.0,0.0
2016-12-13 00:00:00-05:00,94.81804740534669,95.50110892813127,94.71786449279473,95.30074310302734,308400,0.0,0.0
2016-12-14 00:00:00-05:00,95.24609766960839,95.5739677470067,94.28980878578649,94.3808822631836,390800,0.0,0.0
2016-12-15 00:00:00-05:00,95.14593531125811,95.98382260183087,95.00932159142371,95.65595245361328,655400,0.0,0.0
2016-12-16 00:00:00-05:00,96.77614580360812,97.19508931549869,96.50291845093764,96.75792694091797,865800,0.0,0.0
2016-12-19 00:00:00-05:00,98.68875784367232,100.6195481399707,98.68875784367232,100.38275146484375,1709400,0.0,0.0
2016-12-20 00:00:00-05:00,99.60859977768777,100.00022204363744,99.37180314169305,99.91825103759766,810500,0.0,0.0
2016-12-21 00:00:00-05:00,100.20967877882663,100.45558482001903,99.9273489041239,100.22789764404297,659500,0.0,0.0
2016-12-22 00:00:00-05:00,100.51022077676856,100.56486347182994,99.97287546430906,100.16413879394531,324200,0.0,0.0
2016-12-23 00:00:00-05:00,100.56487690318308,100.95649914983599,100.42826319882292,100.84721374511719,183900,0.0,0.0
2016-12-27 00:00:00-05:00,100.9018540924617,101.65777721694485,100.9018540924617,101.5575942993164,308500,0.0,0.0
2016-12-28 00:00:00-05:00,100.9200749540376,101.37544936599296,100.57399290239789,100.89275360107422,509900,0.0,0.0
2016-12-29 00:00:00-05:00,101.06580893598752,101.43010989429948,100.81990283603024,101.23885345458984,754900,0.0,0.0
2016-12-30 00:00:00-05:00,102.05848513270887,102.60493984740904,101.33899291024994,102.18598937988281,858700,0.0,0.0
2017-01-03 00:00:00-05:00,101.07489626306548,101.3481167106919,100.3189731558892,100.59219360351562,874700,0.0,0.0
2017-01-04 00:00:00-05:00,100.03665075317603,100.50113461412334,99.83629184207433,100.10951232910156,846200,0.0,0.0
2017-01-05 00:00:00-05:00,100.91096655011629,101.91278880796732,100.86542633220691,101.31169128417969,493800,0.0,0.0
2017-01-06 00:00:00-05:00,100.69238379061498,101.63045393062073,100.45559410859728,101.20240783691406,360200,0.0,0.0
2017-01-09 00:00:00-05:00,101.11133991079106,102.66872664582623,101.10223742467608,102.45014190673828,554800,0.0,0.0
2017-01-10 00:00:00-05:00,102.53207307496955,103.03298060667555,102.53207307496955,102.5958251953125,816100,0.0,0.0
2017-01-11 00:00:00-05:00,102.23153695654264,103.37908221226975,102.17689426051878,103.35176086425781,419900,0.0,0.0
2017-01-12 00:00:00-05:00,103.77069528857557,104.57215153644759,102.91458940102437,104.526611328125,713900,0.0,0.0
2017-01-13 00:00:00-05:00,104.52663568298108,105.22791614317116,104.50842376448476,105.00933837890625,1474200,0.0,0.0
2017-01-17 00:00:00-05:00,105.30984968800828,105.9382683952197,104.6358977235174,105.56486511230469,1381400,0.0,0.0
2017-01-18 00:00:00-05:00,111.17509103406924,114.6450412796266,111.0566962071744,111.99476623535156,4392000,0.0,0.0
2017-01-19 00:00:00-05:00,110.07309221116252,111.10223577599535,109.70879132898212,110.98384094238281,1936700,0.0,0.0
2017-01-20 00:00:00-05:00,110.67419577750778,111.39368819361025,110.67419577750778,111.15689849853516,786900,0.0,0.0
2017-01-23 00:00:00-05:00,111.08401211002226,111.40277274254373,109.83628397876886,111.26615905761719,1570600,0.0,0.0
2017-01-24 00:00:00-05:00,111.36635286450225,112.02209305756865,111.1750964662681,111.61225891113281,975100,0.0,0.0
2017-01-25 00:00:00-05:00,111.57581723443334,111.99476077277444,111.35723255911226,111.82171630859375,649500,0.0,0.0
2017-01-26 00:00:00-05:00,110.47384046191839,111.25708504423378,110.26436516496604,110.31900787353516,611200,0.0,0.0
2017-01-27 00:00:00-05:00,110.60132892494194,111.18420756116744,110.23702804018563,110.90187072753906,663500,0.0,0.0
2017-01-30 00:00:00-05:00,110.11861901793893,110.98382742785702,109.30804635327199,110.84721374511719,1161000,0.0,0.0
2017-01-31 00:00:00-05:00,110.7834657319093,111.11133580327123,110.19147771703578,110.56488800048828,1435700,0.0,0.0
2017-02-01 00:00:00-05:00,110.79258359420305,111.21152717316266,110.2005955342853,110.48292541503906,1324600,0.0,0.0
2017-02-02 00:00:00-05:00,112.1040389323563,112.19511934876328,111.37544424032191,111.7852783203125,632800,0.0,0.0
2017-02-03 00:00:00-05:00,111.94013073951153,112.5412212934811,111.90369995617074,112.03120422363281,358300,0.0,0.0
2017-02-06 00:00:00-05:00,111.3299414141516,111.68513292233129,110.99296877475486,111.32083892822266,260700,0.0,0.0
2017-02-07 00:00:00-05:00,111.1386793774904,112.54123341915177,110.99296317688857,112.25890350341797,1117200,0.0,0.0
2017-02-08 00:00:00-05:00,112.3955061774862,113.1696412225714,112.0129864230007,113.01480865478516,853100,0.0,0.0
2017-02-09 00:00:00-05:00,113.30624951129684,114.34450247716804,113.22427851480113,113.40642547607422,820400,0.0,0.0
2017-02-10 00:00:00-05:00,113.66143695035822,114.07127107303265,113.06944892435888,113.70697021484375,791500,0.0,0.0
2017-02-13 00:00:00-05:00,114.8818466912204,115.3372210659116,114.52665523483819,115.209716796875,1052600,0.0,0.0
2017-02-14 00:00:00-05:00,114.82719191360832,115.20970468049002,114.40824836676728,114.98201751708984,1825300,0.0,0.0
2017-02-15 00:00:00-05:00,114.25343357155612,115.92010553430234,114.11682681105387,115.90189361572266,900800,0.0,0.0
2017-02-16 00:00:00-05:00,115.25523943239445,116.06580513982206,115.19148730760105,115.91097259521484,1023500,0.0,0.0
2017-02-17 00:00:00-05:00,114.60860670363444,115.5557861328125,114.59039478796943,115.5557861328125,808100,0.0,0.0
2017-02-21 00:00:00-05:00,114.09861080839951,116.21154778824165,114.07128945561317,116.20243835449219,3895800,0.0,0.0
2017-02-22 00:00:00-05:00,113.93466294837538,114.30807325708689,112.55032795778577,112.77801513671875,2312100,0.0,0.0
2017-02-23 00:00:00-05:00,113.41555217098137,113.4975231799534,112.24979476509378,112.73249053955078,764500,0.0,0.0
2017-02-24 00:00:00-05:00,111.3754773979441,111.97656802411181,110.78348925735882,111.59405517578125,1442500,0.0,0.0
2017-02-27 00:00:00-05:00,111.37546535126486,112.04030804690979,111.1842089477864,111.93102264404297,736500,0.0,0.0
2017-02-28 00:00:00-05:00,110.6559731531085,111.31171336502892,110.57400910084922,110.82901763916016,1033500,0.0,0.0
2017-03-01 00:00:00-05:00,111.56671456536488,112.85997603800213,111.50296243498026,112.45014190673828,1274400,0.0,0.0
2017-03-02 00:00:00-05:00,110.91098296843529,111.61226340532635,110.63776250929699,110.7197265625,961800,0.0,0.0
2017-03-03 00:00:00-05:00,111.80352514254488,112.0129934763598,110.95652847675053,112.00389099121094,783800,0.0,0.0
2017-03-06 00:00:00-05:00,110.42827914173074,111.02937661500067,110.00022614381933,110.74703979492188,495300,0.0,0.0
2017-03-07 00:00:00-05:00,110.42828480621827,110.55578907403513,109.13502326209785,109.27163696289062,1234500,0.0,0.0
2017-03-08 00:00:00-05:00,110.03668305397952,110.35544378286147,109.59952051975372,109.97293090820312,575800,0.0,0.0
2017-03-09 00:00:00-05:00,110.36453918313137,110.69240930499173,109.89095286736745,110.42829132080078,405700,0.0,0.0
2017-03-10 00:00:00-05:00,113.36089407378994,113.94377269760054,112.87819836486504,113.84358978271484,1016100,0.0,0.0
2017-03-13 00:00:00-04:00,112.53211221286199,113.3517874694427,112.4137173779798,113.10588836669922,838100,0.0,0.0
2017-03-14 00:00:00-04:00,113.63411181444648,113.68876146119459,112.80533411376223,112.9237289428711,412900,0.0,0.0
2017-03-15 00:00:00-04:00,113.70697022601895,115.03666245234731,113.46107114208232,114.81808471679688,838900,0.0,0.0
2017-03-16 00:00:00-04:00,113.7434148559713,114.98203375567171,113.67055328576262,114.9273910522461,424200,0.0,0.0
2017-03-17 00:00:00-04:00,115.83814092088801,116.96746052740525,115.60134428971983,116.48477172851562,1030300,0.0,0.0
2017-03-20 00:00:00-04:00,117.34087405400197,117.63232034548614,116.55763646525541,116.8217544555664,577600,0.0,0.0
2017-03-21 00:00:00-04:00,118.11500201060689,118.23340378950827,114.89095075465929,115.0457763671875,1398800,0.0,0.0
2017-03-22 00:00:00-04:00,115.72884301422464,117.70517307623106,115.67420031290719,117.41372680664062,529900,0.0,0.0
2017-03-23 00:00:00-04:00,117.66871656163265,118.12409086248798,117.30442267971671,117.68693542480469,266000,0.0,0.0
2017-03-24 00:00:00-04:00,121.38456556530944,121.63047156481144,120.18238470637078,120.43739318847656,1709800,0.0,0.0
2017-03-27 00:00:00-04:00,120.92921532583743,121.3117281250224,120.54670252665247,120.85635375976562,2238000,0.0,0.0
2017-03-28 00:00:00-04:00,121.46652446342561,122.30441142590404,121.23883733567867,121.84903717041016,1370300,0.0,0.0
2017-03-29 00:00:00-04:00,121.2752945862844,121.54852196296001,120.71062096864236,121.047607421875,358300,0.0,0.0
2017-03-30 00:00:00-04:00,120.56492298282512,121.30262724076485,120.52848525084717,120.79261016845703,361100,0.0,0.0
2017-03-31 00:00:00-04:00,120.46473775913444,121.30262491858889,120.32811711221693,120.94743347167969,535400,0.0,0.0
2017-04-03 00:00:00-04:00,120.53761388428782,120.90190785955818,119.4720255179271,120.38277435302734,564100,0.0,0.0
2017-04-04 00:00:00-04:00,120.49205247815722,120.92920795100557,120.0822183538043,120.89278411865234,584000,0.0,0.0
2017-04-05 00:00:00-04:00,119.85455987006803,120.22795635451148,119.23524339646568,119.3354263305664,557200,0.0,0.0
2017-04-06 00:00:00-04:00,119.26254986419652,119.52667479245794,118.89825591126349,119.28987121582031,370000,0.0,0.0
2017-04-07 00:00:00-04:00,118.8891367317288,119.90006840879063,118.8800342470429,119.47201538085938,546900,0.0,0.0
2017-04-10 00:00:00-04:00,118.97110116584093,119.11681038887784,118.12409769088848,118.31536102294922,1180800,0.0,0.0
2017-04-11 00:00:00-04:00,118.06947094529829,118.26073430319707,116.85817340373534,118.22429656982422,613200,0.0,0.0
2017-04-12 00:00:00-04:00,118.1696561325704,118.37002197919263,116.84907315941389,117.49569702148438,485300,0.0,0.0
2017-04-13 00:00:00-04:00,117.49566766507422,118.28802836853501,116.88546779261058,116.92190551757812,575600,0.0,0.0
2017-04-17 00:00:00-04:00,117.3864048915003,118.66144757251952,117.3864048915003,118.55216217041016,334800,0.0,0.0
2017-04-18 00:00:00-04:00,118.74342669048845,119.27166263409111,118.2151907468858,118.98931884765625,915700,0.0,0.0
2017-04-19 00:00:00-04:00,121.22977735414793,121.77623221108429,114.79078340202274,115.5649185180664,3355400,0.0,0.0
2017-04-20 00:00:00-04:00,118.48838841110418,119.1441284594733,117.75067043399923,118.4428482055664,2259500,0.0,0.0
2017-04-21 00:00:00-04:00,118.71609070534704,118.84359495898703,118.1423146155064,118.42464447021484,1298800,0.0,0.0
2017-04-24 00:00:00-04:00,121.70335619375548,122.3044397887421,120.86546903696802,121.54853057861328,685100,0.0,0.0
2017-04-25 00:00:00-04:00,122.85999471630754,122.90553493093111,121.91282217798022,122.2589111328125,681300,0.0,0.0
2017-04-26 00:00:00-04:00,121.16600125394584,121.52119269200874,120.21882871808553,120.63777923583984,633600,0.0,0.0
2017-04-27 00:00:00-04:00,120.81995722146758,121.94017452194623,120.53762727473055,121.08406829833984,453100,0.0,0.0
2017-04-28 00:00:00-04:00,122.45175278434581,122.48853824071892,121.05366684897479,121.27442169189453,753400,1.307,0.0
2017-05-01 00:00:00-04:00,121.45843964189895,122.34143139887485,121.15490683953193,122.2034683227539,264200,0.0,0.0
2017-05-02 00:00:00-04:00,123.23359972266202,124.21778287311712,123.00365196245073,124.16259765625,850700,0.0,0.0
2017-05-03 00:00:00-04:00,123.07723039437357,124.13499845611537,123.01285232307964,123.40835571289062,1008300,0.0,0.0
2017-05-04 00:00:00-04:00,123.02208070302053,124.53053780407649,123.01288784300888,124.22700500488281,871400,0.0,0.0
2017-05-05 00:00:00-04:00,123.81306561512851,125.01798956537291,123.68429543803896,124.94440460205078,481000,0.0,0.0
2017-05-08 00:00:00-04:00,122.83806092433477,123.04960887301456,122.39656528168763,122.58052062988281,957800,0.0,0.0
2017-05-09 00:00:00-04:00,123.52792910305197,124.30974300044379,123.47274389087094,124.13499450683594,438200,0.0,0.0
2017-05-10 00:00:00-04:00,123.29797904740298,123.71188216588584,122.80128407730672,123.06803131103516,703900,0.0,0.0
2017-05-11 00:00:00-04:00,122.54374179916731,123.500332226885,122.16663818400332,123.39915466308594,639900,0.0,0.0
2017-05-12 00:00:00-04:00,123.35316862460672,124.6040849161194,123.3439757673892,124.57649230957031,443300,0.0,0.0
2017-05-15 00:00:00-04:00,124.54889954442656,125.22034302776031,124.36494415603468,124.85243225097656,577500,0.0,0.0
2017-05-16 00:00:00-04:00,125.90103055639592,126.25974858183098,125.55150539087948,126.25054168701172,729100,0.0,0.0
2017-05-17 00:00:00-04:00,124.77885793663707,125.06399091821075,122.1482549569511,122.1574478149414,645700,0.0,0.0
2017-05-18 00:00:00-04:00,121.96427441506347,123.5095163328076,121.69752720444907,123.2519760131836,689500,0.0,0.0
2017-05-19 00:00:00-04:00,124.17179941680538,124.5673028559743,123.73949647382166,124.0338363647461,619200,0.0,0.0
2017-05-22 00:00:00-04:00,123.23359025444888,123.73028523788606,122.94845729927766,123.44515228271484,548800,0.0,0.0
2017-05-23 00:00:00-04:00,123.8406328076641,123.99699555954889,122.99442695546146,123.169189453125,687200,0.0,0.0
2017-05-24 00:00:00-04:00,123.22440898544009,123.50954196742548,122.48857333312115,122.78291320800781,938000,0.0,0.0
2017-05-25 00:00:00-04:00,122.78290823317606,124.19018737007669,122.78290823317606,124.07061004638672,457600,0.0,0.0
2017-05-26 00:00:00-04:00,123.12323326668945,123.80388371146783,122.83810028039922,123.43595886230469,731800,0.0,0.0
2017-05-30 00:00:00-04:00,122.38736477786544,123.07720789576403,122.33217957401662,122.70929718017578,1020200,0.0,0.0
2017-05-31 00:00:00-04:00,122.38739021833914,122.64493057976425,121.06288891106878,121.4032211303711,1436000,0.0,0.0
2017-06-01 00:00:00-04:00,122.24018886633151,123.09560158860455,121.98264857110583,123.07720184326172,707400,0.0,0.0
2017-06-02 00:00:00-04:00,123.82225854249563,123.97862132655735,122.83808948166093,123.89584350585938,334300,0.0,0.0
2017-06-05 00:00:00-04:00,122.24023070933724,123.09564372441938,122.12986026928726,122.47938537597656,519500,0.0,0.0
2017-06-06 00:00:00-04:00,121.7435558892931,122.62656155932063,121.72515613671573,121.98269653320312,614500,0.0,0.0
2017-06-07 00:00:00-04:00,123.0588208105518,123.6750930766539,122.42417686610018,123.24279022216797,413400,0.0,0.0
2017-06-08 00:00:00-04:00,123.7211041747601,124.25458473302317,122.93929010783096,124.18099975585938,312400,0.0,0.0
2017-06-09 00:00:00-04:00,123.46353733796063,123.66589247311099,118.34030895957193,119.60041809082031,1203900,0.0,0.0
2017-06-12 00:00:00-04:00,118.8554089886337,119.17734149280398,115.92127308655685,118.72663879394531,1941400,0.0,0.0
2017-06-13 00:00:00-04:00,120.67655618496251,121.49516947648462,119.89474238682031,121.3479995727539,1373900,0.0,0.0
2017-06-14 00:00:00-04:00,121.78951365149774,121.91828381315638,118.6898088456732,119.71077728271484,857700,0.0,0.0
2017-06-15 00:00:00-04:00,117.61369461617015,117.87122799297869,116.81347380476907,117.34695434570312,1551700,0.0,0.0
2017-06-16 00:00:00-04:00,118.83700359834506,119.65561709036044,118.45069303260838,119.2325210571289,925300,0.0,0.0
2017-06-19 00:00:00-04:00,120.66737643544263,121.24684922251309,120.29025877925721,120.9065170288086,388000,0.0,0.0
2017-06-20 00:00:00-04:00,120.15228126889103,120.54778459119727,118.12873020394737,118.18392944335938,604100,0.0,0.0
2017-06-21 00:00:00-04:00,118.2667330181122,120.15230744769664,118.19314805109116,119.96833801269531,710600,0.0,0.0
2017-06-22 00:00:00-04:00,119.83036526769034,120.29945360520404,119.27848507717144,119.59122467041016,660400,0.0,0.0
2017-06-23 00:00:00-04:00,122.27700313080605,124.55808060765007,122.2402036356742,123.84064483642578,1276100,0.0,0.0
2017-06-26 00:00:00-04:00,124.91681916259574,125.15597381583896,122.9392740363472,123.04964447021484,978400,0.0,0.0
2017-06-27 00:00:00-04:00,123.91421474815171,124.07977035146048,121.67911585922901,121.75270080566406,1783600,0.0,0.0
2017-06-28 00:00:00-04:00,122.53456358418279,124.4293308827402,121.87231291198249,124.16259765625,773900,0.0,0.0
2017-06-29 00:00:00-04:00,122.02865332838346,122.49774162063483,118.05516405869655,119.20490264892578,1988500,0.0,0.0
2017-06-30 00:00:00-04:00,120.59379149642672,120.93410965529402,119.46245256257097,119.85795593261719,899500,0.0,0.0
2017-07-03 00:00:00-04:00,120.58460313882696,120.80534399177897,118.95656917382315,119.26929473876953,427900,0.0,0.0
2017-07-05 00:00:00-04:00,119.10372247690901,121.01688913323817,119.05773012733053,120.93409729003906,796200,0.0,0.0
2017-07-06 00:00:00-04:00,120.29945177192583,121.20085700502968,119.66480780786574,120.6949691772461,832000,0.0,0.0
2017-07-07 00:00:00-04:00,121.25601163655979,122.82884589959116,121.25601163655979,122.23098754882812,588700,0.0,0.0
2017-07-10 00:00:00-04:00,123.2519657250534,124.2177488604747,122.80126318588515,123.99699401855469,439700,0.0,0.0
2017-07-11 00:00:00-04:00,122.9760663586291,125.1467739000612,122.94847374862388,124.92603302001953,1100900,0.0,0.0
2017-07-12 00:00:00-04:00,125.65267614798923,126.51728211988458,125.34914336839405,126.04817962646484,841300,0.0,0.0
2017-07-13 00:00:00-04:00,125.79061359903963,126.53565610718756,125.43189566618189,125.87340545654297,484300,0.0,0.0
2017-07-14 00:00:00-04:00,126.9679471915518,128.81673613815352,126.82998415146089,128.69715881347656,1164700,0.0,0.0
2017-07-17 00:00:00-04:00,129.1570235919498,129.49734169978794,127.94290702337693,128.9730682373047,869900,0.0,0.0
2017-07-18 00:00:00-04:00,129.94805117187465,131.87961758579573,129.81008815726372,131.76004028320312,1252200,0.0,0.0
2017-07-19 00:00:00-04:00,136.69935233818114,138.722904038611,136.0923008629509,138.5481414794922,2528800,0.0,0.0
2017-07-20 00:00:00-04:00,140.02899771064776,141.96975743197902,139.21957707694813,141.48226928710938,2971500,0.0,0.0
2017-07-21 00:00:00-04:00,140.81077408026357,141.96971950250236,140.40606387153855,141.91452026367188,938400,0.0,0.0
2017-07-24 00:00:00-04:00,141.537492146626,142.1077582711735,140.78325653102297,141.40872192382812,1272100,0.0,0.0
2017-07-25 00:00:00-04:00,141.9697462545002,141.99733886166774,140.32331250738707,140.47967529296875,974600,0.0,0.0
2017-07-26 00:00:00-04:00,140.72797527627858,142.2916166390366,140.64519748272548,142.13525390625,768800,0.0,0.0
2017-07-27 00:00:00-04:00,142.47560319666798,143.23903131928546,139.3299200381676,140.94876098632812,1019400,0.0,0.0
2017-07-28 00:00:00-04:00,139.53230231958545,140.6176630788355,139.4863099591693,140.2957305908203,539100,0.0,0.0
2017-07-31 00:00:00-04:00,139.56907958920348,140.12094572159404,137.88586051736573,138.2721710205078,868100,0.0,0.0
2017-08-01 00:00:00-04:00,139.76220269267645,139.9001797271362,138.4929009919844,138.8148193359375,391600,0.0,0.0
2017-08-02 00:00:00-04:00,140.33255482512465,140.6268807208434,138.2538176611031,138.90687561035156,855200,0.0,0.0
2017-08-03 00:00:00-04:00,140.41527165162196,140.57163440873003,139.3115254612217,139.96456909179688,924000,0.0,0.0
2017-08-04 00:00:00-04:00,140.36931881858564,140.78322200214222,139.76225333075692,140.6728515625,491200,0.0,0.0
2017-08-07 00:00:00-04:00,141.0499647743166,142.25488881826715,141.0407578813749,142.0341339111328,476000,0.0,0.0
2017-08-08 00:00:00-04:00,142.08930459888842,142.75155521767076,140.64524007938823,140.84759521484375,490700,0.0,0.0
2017-08-09 00:00:00-04:00,140.4152815759699,141.39945053671426,140.13014864374395,141.2430877685547,547100,0.0,0.0
2017-08-10 00:00:00-04:00,140.2313218817266,140.26810734108528,138.05140798128747,138.13418579101562,844800,0.0,0.0
2017-08-11 00:00:00-04:00,137.4075753167389,139.20116493871976,137.00286503590286,139.06320190429688,416900,0.0,0.0
2017-08-14 00:00:00-04:00,138.75965909887375,141.00395119485773,138.74125935065706,140.36929321289062,552600,0.0,0.0
2017-08-15 00:00:00-04:00,139.30235578976033,140.3877165586511,139.20117820990524,140.23135375976562,376800,0.0,0.0
2017-08-16 00:00:00-04:00,139.99217502548638,141.7673787968033,139.8450051101128,141.34426879882812,518900,0.0,0.0
2017-08-17 00:00:00-04:00,140.5992419306334,140.90277462130953,138.5205194842133,138.56649780273438,486000,0.0,0.0
2017-08-18 00:00:00-04:00,139.80820745700436,140.36928042990522,138.87001687193035,140.04734802246094,688800,0.0,0.0
2017-08-21 00:00:00-04:00,139.95542477730592,140.08419497693288,138.8332784513141,139.43113708496094,562600,0.0,0.0
2017-08-22 00:00:00-04:00,139.71624382558704,142.3928389376691,139.6886512190622,141.98812866210938,839100,0.0,0.0
2017-08-23 00:00:00-04:00,141.55588873513415,141.83182895799987,140.8476594728255,141.0959930419922,532300,0.0,0.0
2017-08-24 00:00:00-04:00,140.99476731589667,141.55584043146877,140.46130084460333,141.14193725585938,400200,0.0,0.0
2017-08-25 00:00:00-04:00,141.4086933963013,142.3836697486384,141.2339308359958,141.85018920898438,535300,0.0,0.0
2017-08-28 00:00:00-04:00,141.3442907988486,141.97894887714713,141.08675042430684,141.75819396972656,261400,0.0,0.0
2017-08-29 00:00:00-04:00,141.3074639887422,143.05506088110116,141.18788669451246,142.70553588867188,575500,0.0,0.0
2017-08-30 00:00:00-04:00,141.50065432575641,142.84355545842706,141.11434376194924,142.39285278320312,834200,0.0,0.0
2017-08-31 00:00:00-04:00,142.49401310622693,144.10364727794928,142.1904804068003,143.77252197265625,787400,0.0,0.0
2017-09-01 00:00:00-04:00,144.55437870005164,144.93149643522548,143.83694273478866,144.6647491455078,739700,0.0,0.0
2017-09-05 00:00:00-04:00,143.40462857048223,143.9105164641218,141.16033612226155,142.39285278320312,493400,0.0,0.0
2017-09-06 00:00:00-04:00,143.7725007702414,144.66469898807068,143.37699745455117,143.92886352539062,496400,0.0,0.0
2017-09-07 00:00:00-04:00,146.25591635547414,148.03111973133352,145.62127255223277,147.95753479003906,1027800,0.0,0.0
2017-09-08 00:00:00-04:00,147.3964999221393,148.1783278445771,146.32953905042768,146.9090118408203,659400,0.0,0.0
2017-09-11 00:00:00-04:00,148.18753765615168,149.81557175573073,148.03117486075337,149.7235870361328,698200,0.0,0.0
2017-09-12 00:00:00-04:00,148.8865453128194,149.09810732042678,147.9575615762173,148.40826416015625,439400,0.0,0.0
2017-09-13 00:00:00-04:00,147.71839922682875,148.08630991078658,147.1665191659991,147.2309112548828,613300,0.0,0.0
2017-09-14 00:00:00-04:00,147.81039859664426,148.90495204117164,147.4332809496415,148.48184204101562,525500,0.0,0.0
2017-09-15 00:00:00-04:00,149.96269845504642,150.04549030052107,149.14408513567028,149.38323974609375,632300,0.0,0.0
2017-09-18 00:00:00-04:00,151.59073478615977,153.7982413496622,151.46196462257262,153.59588623046875,1294000,0.0,0.0
2017-09-19 00:00:00-04:00,155.11354315990098,155.15953551376148,154.22134482761183,154.79161071777344,992800,0.0,0.0
2017-09-20 00:00:00-04:00,154.45133361455694,154.52491859331315,150.5974063159612,151.9403076171875,990200,0.0,0.0
2017-09-21 00:00:00-04:00,152.25301523145947,152.7773028799602,151.00209881045032,152.47377014160156,1066000,0.0,0.0
2017-09-22 00:00:00-04:00,151.94947887139526,153.09921768554761,151.83910843640388,152.64852905273438,303600,0.0,0.0
2017-09-25 00:00:00-04:00,151.65514480073367,151.94027776558178,148.22431426041453,149.0153350830078,849400,0.0,0.0
2017-09-26 00:00:00-04:00,148.71181937189309,149.8523653965911,148.04037579387574,149.79718017578125,1180700,0.0,0.0
2017-09-27 00:00:00-04:00,150.1099179467644,154.43293369090333,149.99035463695455,153.54994201660156,1253600,0.0,0.0
2017-09-28 00:00:00-04:00,154.77323317595253,157.28425863848003,154.6536558565809,156.81517028808594,1477700,0.0,0.0
2017-09-29 00:00:00-04:00,156.45645426621635,157.7717486557018,156.0149444823541,157.4682159423828,1677100,0.0,0.0
2017-10-02 00:00:00-04:00,156.72319831551428,157.98330757786167,156.16212520693298,157.00833129882812,585700,0.0,0.0
2017-10-03 00:00:00-04:00,156.78759765625,156.94396045963552,155.9597772422756,156.78759765625,454400,0.0,0.0
2017-10-04 00:00:00-04:00,156.33686881138155,157.67975573812757,155.92296569108026,157.45901489257812,861200,0.0,0.0
2017-10-05 00:00:00-04:00,155.9505727297991,156.19892023892254,154.3961236356778,155.00318908691406,422300,0.0,0.0
2017-10-06 00:00:00-04:00,154.52489441141455,157.21068255866336,154.2489542929861,155.84939575195312,1224200,0.0,0.0
2017-10-09 00:00:00-04:00,155.8678044102898,156.9623440189428,155.7206344673976,156.49325561523438,352800,0.0,0.0
2017-10-10 00:00:00-04:00,156.61279953650856,157.44979858398438,155.3710762149737,157.44979858398438,522200,0.0,0.0
2017-10-11 00:00:00-04:00,157.61537324563844,159.17901500893947,157.3578329097957,159.03184509277344,859100,0.0,0.0
2017-10-12 00:00:00-04:00,158.25922723874586,160.86223728885605,158.1580496737276,159.68490600585938,1302000,0.0,0.0
2017-10-13 00:00:00-04:00,162.40746609475292,162.68339210310356,161.49686816251506,162.15911865234375,809400,0.0,0.0
2017-10-16 00:00:00-04:00,161.70842182709922,162.43506443447802,161.34051111303754,162.4258575439453,743200,0.0,0.0
2017-10-17 00:00:00-04:00,161.8923749421737,162.5178399892897,160.4943030201852,162.19590759277344,1055300,0.0,0.0
2017-10-18 00:00:00-04:00,161.73607653639465,161.85565388008536,155.09518314271753,157.9557342529297,2715900,0.0,0.0
2017-10-19 00:00:00-04:00,160.07123732183118,162.14996006841093,159.51016421287898,161.90162658691406,1120100,0.0,0.0
2017-10-20 00:00:00-04:00,161.89243081515227,162.0855931267058,160.6783138286261,161.16580200195312,1091300,0.0,0.0
2017-10-23 00:00:00-04:00,163.6768012082063,164.90012488924805,163.06973579627947,163.7871856689453,1240700,0.0,0.0
2017-10-24 00:00:00-04:00,163.5480354627743,164.17350064091437,163.03295474836295,164.11830139160156,614400,0.0,0.0
2017-10-25 00:00:00-04:00,164.1827012427017,164.62419701375111,161.6256832649069,163.13414001464844,560000,0.0,0.0
2017-10-26 00:00:00-04:00,163.2905037129621,164.21948761935866,162.68343825259325,163.5572509765625,427700,0.0,0.0
2017-10-27 00:00:00-04:00,163.9527501339717,164.88173401624917,162.92258867759296,164.5782012939453,703800,0.0,0.0
2017-10-30 00:00:00-04:00,163.98949622241975,164.49538397145233,163.06970541868554,163.6583709716797,1268300,0.0,0.0
2017-10-31 00:00:00-04:00,165.24962860069664,166.45455237678968,165.222035997801,166.252197265625,526400,0.0,0.0
2017-11-01 00:00:00-04:00,168.0274137589835,168.30335386697405,165.13927056979583,166.85008239746094,941900,0.0,0.0
2017-11-02 00:00:00-04:00,166.7948990406798,167.8066747696158,166.3809958915322,167.6319122314453,553700,0.0,0.0
2017-11-03 00:00:00-04:00,168.82764080713397,169.83940248589712,167.94463527204005,169.7750244140625,470100,0.0,0.0
2017-11-06 00:00:00-05:00,169.22314749374297,170.52005619697616,168.25736411825235,170.08775329589844,503200,0.0,0.0
2017-11-07 00:00:00-05:00,168.43213923145655,169.2231601270675,168.38616090506025,168.80006408691406,611700,0.0,0.0
2017-11-08 00:00:00-05:00,167.44798904775678,168.1286255464326,166.6385683088993,166.9512939453125,677200,0.0,0.0
2017-11-09 00:00:00-05:00,164.16429753165582,164.62419304224926,162.08557487633655,163.73199462890625,685100,0.0,0.0
2017-11-10 00:00:00-05:00,164.3758446347399,165.28642868063545,163.89754941741447,165.1944580078125,692000,0.0,0.0
2017-11-13 00:00:00-05:00,163.73198831854512,164.80814208767023,163.52963317889117,164.50462341308594,415300,0.0,0.0
2017-11-14 00:00:00-05:00,165.4704117444747,166.00389226172467,164.32067288011646,165.8751220703125,382800,0.0,0.0
2017-11-15 00:00:00-05:00,163.5756683022173,164.35749645846263,162.38914379575232,163.6400604248047,494400,0.0,0.0
2017-11-16 00:00:00-05:00,165.25886390340992,167.3283938615114,165.10250110187448,167.2088165283203,1853700,0.0,0.0
2017-11-17 00:00:00-05:00,166.73049617273304,166.82246683947903,165.35080985748812,165.8658905029297,553700,0.0,0.0
2017-11-20 00:00:00-05:00,165.5072011494859,167.7330937708859,165.36922407324246,166.96966552734375,996700,0.0,0.0
2017-11-21 00:00:00-05:00,168.0182151323698,170.57523291114939,168.0182151323698,170.50164794921875,845900,0.0,0.0
2017-11-22 00:00:00-05:00,170.06013577463375,170.3360758464773,167.72387310746763,168.3217315673828,526600,0.0,0.0
2017-11-24 00:00:00-05:00,170.6304117276356,171.4214324951172,170.50164155780814,171.4214324951172,311400,0.0,0.0
2017-11-27 00:00:00-05:00,170.92477724897856,171.02595482868222,169.7474457950985,169.90380859375,863900,0.0,0.0
2017-11-28 00:00:00-05:00,170.04175070598322,170.20732037734012,168.75404897274635,169.50827026367188,787700,0.0,0.0
2017-11-29 00:00:00-05:00,167.83428353940036,167.88027590148954,158.28684740750072,158.60877990722656,2544800,0.0,0.0
2017-11-30 00:00:00-05:00,161.75443698031322,162.38909498120793,159.8412701206944,161.44171142578125,1584600,0.0,0.0
2017-12-01 00:00:00-05:00,160.0528351380076,160.24599743335574,157.47743143268275,158.5995635986328,1143300,0.0,0.0
2017-12-04 00:00:00-05:00,161.13817486030607,161.24854528045722,154.846808283566,155.74819946289062,1446200,0.0,0.0
2017-12-05 00:00:00-05:00,155.9413354239178,159.10541821156474,155.1687144738816,156.8243408203125,737800,0.0,0.0
2017-12-06 00:00:00-05:00,155.70224949095254,157.6062239661876,154.80085806627338,156.9807586669922,869500,0.0,0.0
2017-12-07 00:00:00-05:00,156.7599712272076,158.96747801764332,156.7599712272076,158.36041259765625,989700,0.0,0.0
2017-12-08 00:00:00-05:00,159.88725724300315,160.540300936397,157.9924901941542,158.18563842773438,487000,0.0,0.0
2017-12-11 00:00:00-05:00,158.69154551701612,161.3405481784878,158.4431980087788,161.0830078125,1571600,0.0,0.0
2017-12-12 00:00:00-05:00,159.39978801754737,159.65732838268957,158.0201014750439,158.35122680664062,1129300,0.0,0.0
2017-12-13 00:00:00-05:00,159.44576319795758,160.5403026144424,158.55356487380172,159.4549560546875,828900,0.0,0.0
2017-12-14 00:00:00-05:00,159.49175648633786,160.3839548942351,157.84533674381754,158.12127685546875,935500,0.0,0.0
2017-12-15 00:00:00-05:00,158.1396916343944,160.17243632775313,157.1463295057201,159.85971069335938,3118500,0.0,0.0
2017-12-18 00:00:00-05:00,161.39571975666587,162.84899114759256,160.92663142287597,162.22352600097656,1207900,0.0,0.0
2017-12-19 00:00:00-05:00,162.0119835087144,163.25370695221005,161.52449540953975,162.83059692382812,708700,0.0,0.0
2017-12-20 00:00:00-05:00,162.85815500801266,163.25367234579954,160.55867803334877,161.1197509765625,528400,0.0,0.0
2017-12-21 00:00:00-05:00,161.6348979734505,161.8556529062668,160.08965554843465,160.54034423828125,393400,0.0,0.0
2017-12-22 00:00:00-05:00,160.2827963468351,161.3221648089732,159.77692245614017,161.16580200195312,285900,0.0,0.0
2017-12-26 00:00:00-05:00,159.72168466391244,159.76767701603342,157.63376941959416,159.20660400390625,281400,0.0,0.0
2017-12-27 00:00:00-05:00,159.30780795912938,160.6783016839876,159.05026758645633,160.08042907714844,334800,0.0,0.0
2017-12-28 00:00:00-05:00,160.14480701959522,160.69668721786786,159.730903888339,160.2275848388672,402100,0.0,0.0
2017-12-29 00:00:00-05:00,160.60471100784582,160.84385162114432,159.78609755917734,159.87808227539062,194400,0.0,0.0
2018-01-02 00:00:00-05:00,160.17241033849493,163.57563436239633,160.02524040445982,163.47445678710938,818600,0.0,0.0
2018-01-03 00:00:00-05:00,163.47443267728065,165.17605145571886,163.42844032531562,164.71615600585938,1054200,0.0,0.0
2018-01-04 00:00:00-05:00,166.01305669556433,167.1903878687617,165.0104739957413,166.252197265625,915600,0.0,0.0
2018-01-05 00:00:00-05:00,166.33497413269166,168.73562881528733,166.25219632447326,168.2021484375,516100,0.0,0.0
2018-01-08 00:00:00-05:00,168.4965241107732,169.66466266999367,168.14699902181806,169.08518981933594,763900,0.0,0.0
2018-01-09 00:00:00-05:00,169.30597487622623,169.39794557634855,166.70296406597362,168.17462158203125,854300,0.0,0.0
2018-01-10 00:00:00-05:00,166.8408899900019,166.9880599193134,164.94612276353138,166.21543884277344,668700,0.0,0.0
2018-01-11 00:00:00-05:00,165.6359471689063,165.77391019012535,163.64000259753044,164.22866821289062,831900,0.0,0.0
2018-01-12 00:00:00-05:00,166.58336477732007,166.9144901309292,165.50721088681496,166.36260986328125,710300,0.0,0.0
2018-01-16 00:00:00-05:00,172.64476560950587,173.38060120675257,170.40047335360688,171.43064880371094,1518900,0.0,0.0
2018-01-17 00:00:00-05:00,179.3500218657288,185.06191515193774,179.13845986631773,183.2039337158203,2653200,0.0,0.0
2018-01-18 00:00:00-05:00,185.96334533166828,189.09064328190055,185.62302713876525,187.0487060546875,3618500,0.0,0.0
2018-01-19 00:00:00-05:00,188.75952130248797,189.5045498109515,186.8739468340311,189.03546142578125,1122900,0.0,0.0
2018-01-22 00:00:00-05:00,188.09728692129312,189.05386352539062,186.99354036736554,189.05386352539062,1002300,0.0,0.0
2018-01-23 00:00:00-05:00,188.02371370295282,189.4034004903548,187.68339545322826,188.95269775390625,559900,0.0,0.0
2018-01-24 00:00:00-05:00,187.18665679894062,187.64655228774092,184.39049840238917,186.02772521972656,669800,0.0,0.0
2018-01-25 00:00:00-05:00,190.52549731633098,191.8499985333536,184.55604898276786,184.72161865234375,1380200,0.0,0.0
2018-01-26 00:00:00-05:00,187.67414482644185,190.093199587824,187.38901186907216,189.94602966308594,1069200,0.0,0.0
2018-01-29 00:00:00-05:00,187.9500264065322,188.1799740792528,185.73332747313154,187.65570068359375,1064500,0.0,0.0
2018-01-30 00:00:00-05:00,186.58879346945378,187.1038741580541,183.98578338573057,184.16973876953125,744900,0.0,0.0
2018-01-31 00:00:00-05:00,186.15649853000102,187.32463702099585,185.79778060409197,186.6807861328125,701800,0.0,0.0
2018-02-01 00:00:00-05:00,185.8713169740894,187.08543346940635,184.33526810139742,185.26425170898438,741500,0.0,0.0
2018-02-02 00:00:00-05:00,183.35112253525548,183.49829245396953,178.87174515047818,178.96372985839844,917300,0.0,0.0
2018-02-05 00:00:00-05:00,177.83238478423888,180.8033197560911,171.59620305984572,171.70657348632812,912600,0.0,0.0
2018-02-06 00:00:00-05:00,171.71581587171158,178.7062203467951,170.93398776280185,178.54066467285156,2881200,0.0,0.0
2018-02-07 00:00:00-05:00,175.77207129124616,176.23196680583874,172.000922457628,172.13888549804688,1275500,0.0,0.0
2018-02-08 00:00:00-05:00,171.89053348685331,172.34122206021289,163.90674091643353,165.4703826904297,1767200,0.0,0.0
2018-02-09 00:00:00-05:00,167.46634642845237,170.07854938030815,161.77283815391507,168.93800354003906,2070900,0.0,0.0
2018-02-12 00:00:00-05:00,168.625293871907,172.35964326698308,168.38615325290078,171.39385986328125,1563400,0.0,0.0
2018-02-13 00:00:00-05:00,170.41886554065144,171.3018710251427,169.08517147445497,170.382080078125,496300,0.0,0.0
2018-02-14 00:00:00-05:00,168.9747877626985,176.67343289259833,168.827617854375,175.99278259277344,930600,0.0,0.0
2018-02-15 00:00:00-05:00,177.71280758577035,179.5431825111373,175.65247089840992,179.26724243164062,1125900,0.0,0.0
2018-02-16 00:00:00-05:00,177.3908741272875,179.63516617635918,176.64584574138485,176.8114013671875,738800,0.0,0.0
2018-02-20 00:00:00-05:00,176.59069355935983,181.55755975089417,176.57229380808658,179.83755493164062,764000,0.0,0.0
2018-02-21 00:00:00-05:00,180.9596579565197,182.1001896349623,178.6877734207324,178.81654357910156,703400,0.0,0.0
2018-02-22 00:00:00-05:00,180.03066899556006,180.30660907264388,177.07814806498084,177.786376953125,796500,0.0,0.0
2018-02-23 00:00:00-05:00,178.39345455136643,181.28159761515855,178.12672134732446,181.03326416015625,741700,0.0,0.0
2018-02-26 00:00:00-05:00,184.05019855209665,184.87800490037796,182.44975703920176,184.7308349609375,1172200,0.0,0.0
2018-02-27 00:00:00-05:00,183.0200027985017,184.4456816052238,181.60353088378906,181.60353088378906,861100,0.0,0.0
2018-02-28 00:00:00-05:00,182.3209666646677,182.79926189744432,179.3592386271104,179.71795654296875,623700,0.0,0.0
2018-03-01 00:00:00-05:00,177.66681434255557,179.2764484241709,173.86807341877687,176.53546142578125,901900,0.0,0.0
2018-03-02 00:00:00-05:00,175.22018028971598,178.32907826843788,173.92327164990513,178.0439453125,696000,0.0,0.0
2018-03-05 00:00:00-05:00,179.10167595389098,183.58105291520752,178.7889504323593,182.44052124023438,730700,0.0,0.0
2018-03-06 00:00:00-05:00,183.9858086221312,187.0763072125375,183.3051581703216,186.57041931152344,1538800,0.0,0.0
2018-03-07 00:00:00-05:00,187.9868695746663,189.8632368447098,186.57038372203067,189.52291870117188,1308300,0.0,0.0
2018-03-08 00:00:00-05:00,190.35070527316088,190.6082455771026,187.91326524125054,188.5755157470703,458100,0.0,0.0
2018-03-09 00:00:00-05:00,190.76464497282086,193.05492958160872,190.3323420864043,192.61343383789062,645100,0.0,0.0
2018-03-12 00:00:00-04:00,193.9839123447404,195.6855312741262,193.4504459262884,194.35183715820312,788800,0.0,0.0
2018-03-13 00:00:00-04:00,195.703937730893,196.46736595573455,190.50711008743122,191.33493041992188,656900,0.0,0.0
2018-03-14 00:00:00-04:00,195.31763566857273,195.42800610373726,192.5030632577983,194.5634002685547,733400,0.0,0.0
2018-03-15 00:00:00-04:00,197.11120480305993,198.1965513950796,195.68552601337456,197.23997497558594,700500,0.0,0.0
2018-03-16 00:00:00-04:00,196.4121619085561,197.36875239808452,195.5107706677632,196.8904571533203,822000,0.0,0.0
2018-03-19 00:00:00-04:00,196.835285693302,196.92727041272525,193.18371408358306,195.685546875,1063300,0.0,0.0
2018-03-20 00:00:00-04:00,193.6619873904351,197.11120345402074,193.59759528716472,195.5475616455078,790400,0.0,0.0
2018-03-21 00:00:00-04:00,195.99826363423747,198.67485885102238,195.3176272668042,196.58692932128906,465400,0.0,0.0
2018-03-22 00:00:00-04:00,193.22970208511103,195.01409893645334,188.0604809657813,188.29962158203125,1008300,0.0,0.0
2018-03-23 00:00:00-04:00,189.03546685748944,189.72531016809566,183.06601769048038,183.1396026611328,1149000,0.0,0.0
2018-03-26 00:00:00-04:00,188.56634616232589,190.88422339126052,185.88055815065732,190.81063842773438,776800,0.0,0.0
2018-03-27 00:00:00-04:00,190.56228912103944,191.24293950102168,182.92803519006273,184.2249298095703,681900,0.0,0.0
2018-03-28 00:00:00-04:00,181.64951294425788,183.18556208886747,177.68520230936755,178.9269256591797,2776600,0.0,0.0
2018-03-29 00:00:00-04:00,180.14105672521552,184.344493918152,179.20286606001724,182.63368225097656,1193200,0.0,0.0
2018-04-02 00:00:00-04:00,181.63113317869718,183.18558224240238,175.33976599325473,177.56565856933594,705200,0.0,0.0
2018-04-03 00:00:00-04:00,181.7506938700691,184.04096430958657,180.6469335231882,183.43389892578125,1165600,0.0,0.0
2018-04-04 00:00:00-04:00,176.28714542388795,182.40374992507668,176.1307826389665,182.35775756835938,1704900,0.0,0.0
2018-04-05 00:00:00-04:00,183.44312977213906,184.81360945814876,181.44718487222818,182.74407958984375,861200,0.0,0.0
2018-04-06 00:00:00-04:00,181.6495081497914,183.2959276696324,178.4486257433941,179.01890563964844,837900,0.0,0.0
2018-04-09 00:00:00-04:00,182.12778392252653,186.3220420515503,181.09762264604427,182.6060791015625,774100,0.0,0.0
2018-04-10 00:00:00-04:00,188.0236657848244,190.46112024231863,185.7977733526094,189.0630340576172,885800,0.0,0.0
2018-04-11 00:00:00-04:00,187.7661254396026,190.1207880444285,187.52698484329554,189.0630340576172,855500,0.0,0.0
2018-04-12 00:00:00-04:00,189.357360671755,190.69106879327592,188.6215391307871,189.69769287109375,1044500,0.0,0.0
2018-04-13 00:00:00-04:00,189.3205531723812,190.53466980157611,188.40076231833567,189.1549835205078,526000,0.0,0.0
2018-04-16 00:00:00-04:00,190.98534833742832,191.28888096525162,189.0721819175951,190.12074279785156,828600,0.0,0.0
2018-04-17 00:00:00-04:00,191.75800755227087,196.23739888762282,191.1693419233918,195.6395263671875,1233000,0.0,0.0
2018-04-18 00:00:00-04:00,192.0063714058054,192.0063714058054,186.71757315151373,189.7712860107422,1700600,0.0,0.0
2018-04-19 00:00:00-04:00,187.18664877487504,187.28782633946983,178.61420452925543,179.4512176513672,2623900,0.0,0.0
2018-04-20 00:00:00-04:00,179.20290561935371,180.26986668708162,176.87583520821363,177.5380859375,1729200,0.0,0.0
2018-04-23 00:00:00-04:00,178.84416978663444,179.61679088202416,175.35815392986615,175.97442626953125,808200,0.0,0.0
2018-04-24 00:00:00-04:00,180.29744788881257,181.26323131081605,176.29635115546853,178.48545837402344,1147600,0.0,0.0
2018-04-25 00:00:00-04:00,178.11754576682313,178.2831154674933,175.0546536708622,176.28717041015625,830300,0.0,0.0
2018-04-26 00:00:00-04:00,178.3842832063135,180.26065082264597,177.79561748012117,179.98471069335938,875600,0.0,0.0
2018-04-27 00:00:00-04:00,180.46533402535857,180.62308174757362,177.4031365443667,177.93206787109375,1109600,1.718,0.0
2018-04-30 00:00:00-04:00,175.95557391157834,176.5030680144239,174.10898661707128,174.86988830566406,645900,0.0,0.0
2018-05-01 00:00:00-04:00,174.91629991586305,177.94137247226507,174.43376822737866,177.64443969726562,484200,0.0,0.0
2018-05-02 00:00:00-04:00,177.431064619574,178.34044006622668,176.28041618559607,176.62374877929688,509500,0.0,0.0
2018-05-03 00:00:00-04:00,178.64663985559423,179.83439944351235,176.26183223723277,178.8600616455078,1588200,0.0,0.0
2018-05-04 00:00:00-04:00,177.46817680762334,182.15426744536657,176.994933433453,181.4211883544922,788000,0.0,0.0
2018-05-07 00:00:00-04:00,180.799407149647,181.45824925266595,180.01994275448698,180.83653259277344,570300,0.0,0.0
2018-05-08 00:00:00-04:00,178.86003655592586,180.3725799174106,178.29399385052187,179.89932250976562,843800,0.0,0.0
2018-05-09 00:00:00-04:00,180.8272823730646,183.8152440119385,180.6138605872053,183.68533325195312,518200,0.0,0.0
2018-05-10 00:00:00-04:00,184.9658729845042,186.62687568236487,184.65965176237603,186.5804901123047,414200,0.0,0.0
2018-05-11 00:00:00-04:00,185.4762193627195,186.15361001904984,184.00078744111266,184.4740447998047,405000,0.0,0.0
2018-05-14 00:00:00-04:00,186.9052551795908,188.99311551112223,186.79390715952266,187.38778686523438,406800,0.0,0.0
2018-05-15 00:00:00-04:00,186.59905555888898,186.7568033253101,183.39767217857738,185.52264404296875,569700,0.0,0.0
2018-05-16 00:00:00-04:00,186.4784012654098,188.34355129359776,186.3484905295043,188.26004028320312,490900,0.0,0.0
2018-05-17 00:00:00-04:00,188.82610854719826,189.44782530753292,186.71968532451712,187.7960968017578,524400,0.0,0.0
2018-05-18 00:00:00-04:00,186.32064563433653,186.65470384636043,182.5068202800672,183.1192626953125,1002100,0.0,0.0
2018-05-21 00:00:00-04:00,187.7404212046784,188.26933849695394,186.43202523867615,187.91671752929688,1089000,0.0,0.0
2018-05-22 00:00:00-04:00,188.36213297296337,188.95601270533095,187.02590003533388,187.94454956054688,463600,0.0,0.0
2018-05-23 00:00:00-04:00,183.8431107315224,185.77322387695312,183.40697864697148,185.77322387695312,719300,0.0,0.0
2018-05-24 00:00:00-04:00,185.9216560982397,186.58977258325714,184.31632734136645,186.3577880859375,325300,0.0,0.0
2018-05-25 00:00:00-04:00,185.08651964921242,186.7475224386139,184.47407717120328,186.60833740234375,309800,0.0,0.0
2018-05-29 00:00:00-04:00,181.88511298901406,184.26992032357995,180.44682048987377,181.50466918945312,654000,0.0,0.0
2018-05-30 00:00:00-04:00,182.80379171993565,184.3348838041595,181.97792744046276,182.89659118652344,583200,0.0,0.0
2018-05-31 00:00:00-04:00,184.07507380759245,184.52976856758886,180.77161648298107,182.47901916503906,785700,0.0,0.0
2018-06-01 00:00:00-04:00,185.9494952384459,187.6661862019898,184.47407721677683,187.59194946289062,518000,0.0,0.0
2018-06-04 00:00:00-04:00,188.89106990466323,189.43854996381341,187.75898433467162,189.22512817382812,441300,0.0,0.0
2018-06-05 00:00:00-04:00,193.5956825177313,194.718479412253,192.5192711893834,194.2359619140625,611000,0.0,0.0
2018-06-06 00:00:00-04:00,194.9597702635933,198.40241215197838,194.1153433252311,198.21682739257812,569900,0.0,0.0
2018-06-07 00:00:00-04:00,195.84133803250762,196.1011595667036,191.0717367844652,192.6028289794922,923400,0.0,0.0
2018-06-08 00:00:00-04:00,192.45431743560786,193.27090732975324,190.4963678733885,192.50071716308594,837500,0.0,0.0
2018-06-11 00:00:00-04:00,194.64424583581885,195.5721837216557,194.152439889062,194.73704528808594,528100,0.0,0.0
2018-06-12 00:00:00-04:00,193.6421046106718,195.01546311315536,192.38939674430657,194.25454711914062,363900,0.0,0.0
2018-06-13 00:00:00-04:00,197.94771896461734,199.97989106510838,197.28887682776158,198.3467254638672,998900,0.0,0.0
2018-06-14 00:00:00-04:00,199.59015115171727,201.26971641488484,199.1447449429543,200.33250427246094,710700,0.0,0.0
2018-06-15 00:00:00-04:00,199.50668269874143,199.97065172827337,198.40243414298158,199.33966064453125,821300,0.0,0.0
2018-06-18 00:00:00-04:00,194.71849967053373,196.06400689134944,193.52146592270438,195.88771057128906,599700,0.0,0.0
2018-06-19 00:00:00-04:00,189.07661194214543,191.56349275244906,187.23929895669357,191.3222198486328,749300,0.0,0.0
2018-06-20 00:00:00-04:00,190.77474941608978,191.67485031160615,189.6890637724606,190.6912384033203,542300,0.0,0.0
2018-06-21 00:00:00-04:00,191.93467908577773,192.03675282500066,188.85393250422868,189.5220489501953,893400,0.0,0.0
2018-06-22 00:00:00-04:00,192.11097755331423,192.65845750256486,189.39212636997223,191.49853515625,730900,0.0,0.0
2018-06-25 00:00:00-04:00,186.84961378534533,186.97025026761636,181.68099184376237,182.47901916503906,1060000,0.0,0.0
2018-06-26 00:00:00-04:00,184.39984144303972,184.92875874297619,183.03577144327318,183.70388793945312,1106500,0.0,0.0
2018-06-27 00:00:00-04:00,185.3463226800207,185.94947665601256,179.76940679589788,179.92715454101562,663000,0.0,0.0
2018-06-28 00:00:00-04:00,176.94850863119802,179.7044857663797,176.34534040449665,179.6302490234375,887500,0.0,0.0
2018-06-29 00:00:00-04:00,183.7502876715343,185.16074324417173,183.36055540863103,183.70388793945312,894300,0.0,0.0
2018-07-02 00:00:00-04:00,179.6673727282126,181.30055286735296,176.13193078669653,181.17991638183594,1963200,0.0,0.0
2018-07-03 00:00:00-04:00,179.5003105333351,180.85509194490956,177.48668697943526,177.67227172851562,434600,0.0,0.0
2018-07-05 00:00:00-04:00,181.57893493857972,182.49759882738067,180.50253741865035,181.86660766601562,540800,0.0,0.0
2018-07-06 00:00:00-04:00,180.19624291586933,183.58321020843525,180.16840591471893,183.10069274902344,380300,0.0,0.0
2018-07-09 00:00:00-04:00,185.5690508557107,185.79176108932472,183.21209439327671,184.76174926757812,1242600,0.0,0.0
2018-07-10 00:00:00-04:00,186.0237028242029,186.22785028492936,184.24206384266927,185.0586395263672,977300,0.0,0.0
2018-07-11 00:00:00-04:00,182.52536780012412,183.2584466128556,179.39822185303433,179.6394805908203,842500,0.0,0.0
2018-07-12 00:00:00-04:00,182.61818429928363,185.0029773753737,182.12637833762125,184.9658660888672,625100,0.0,0.0
2018-07-13 00:00:00-04:00,185.88457315388337,185.88457315388337,184.26068142502174,184.83599853515625,422900,0.0,0.0
2018-07-16 00:00:00-04:00,185.45771771030573,186.64547739986554,185.0030229232038,185.661865234375,1153300,0.0,0.0
2018-07-17 00:00:00-04:00,185.4112947786642,190.11594736865808,185.02156250670427,189.61485290527344,1383900,0.0,0.0
2018-07-18 00:00:00-04:00,197.73429825062126,202.7358833329797,197.41880273963548,202.1976776123047,3615000,0.0,0.0
2018-07-19 00:00:00-04:00,200.2026042194246,201.08414240268573,199.18186685404294,199.74790954589844,843000,0.0,0.0
2018-07-20 00:00:00-04:00,201.0934326845066,205.50113780036958,201.0934326845066,203.97003173828125,1371300,0.0,0.0
2018-07-23 00:00:00-04:00,203.74738101991892,205.68676830407404,201.36257324087475,204.87017822265625,930500,0.0,0.0
2018-07-24 00:00:00-04:00,203.64525477373704,204.02569854615203,197.79924325773777,198.30032348632812,918500,0.0,0.0
2018-07-25 00:00:00-04:00,200.17478381572207,203.28338173783365,199.4045935869169,203.19058227539062,2240200,0.0,0.0
2018-07-26 00:00:00-04:00,200.49957391375432,201.21407599144354,198.79215720331254,201.0377655029297,1511000,0.0,0.0
2018-07-27 00:00:00-04:00,201.2326876104693,201.835841803736,197.1219138379881,197.92922973632812,920600,0.0,0.0
2018-07-30 00:00:00-04:00,200.83360757321847,200.991369487848,198.21682986682868,199.04269409179688,692600,0.0,0.0
2018-07-31 00:00:00-04:00,199.64584306510227,200.71298019664044,198.54160880505123,198.57872009277344,1162300,0.0,0.0
2018-08-01 00:00:00-04:00,198.5879940389877,199.84999020754927,197.4095230462762,198.49520874023438,802500,0.0,0.0
2018-08-02 00:00:00-04:00,197.34458007985648,200.54596346674487,196.90844807094476,200.26759338378906,613900,0.0,0.0
2018-08-03 00:00:00-04:00,198.63443468037545,199.44173632593362,197.04766840053964,199.30255126953125,456100,0.0,0.0
2018-08-06 00:00:00-04:00,197.64148186397475,198.35598379249822,197.07543922601783,198.1796875,501000,0.0,0.0
2018-08-07 00:00:00-04:00,199.079769979613,199.50662759894564,197.62291499202703,198.17039489746094,537600,0.0,0.0
2018-08-08 00:00:00-04:00,198.253926064196,198.92204248288672,197.5486983596708,197.65077209472656,491500,0.0,0.0
2018-08-09 00:00:00-04:00,197.85490705924101,198.0126547926823,193.9668452504226,194.0967559814453,1016800,0.0,0.0
2018-08-10 00:00:00-04:00,189.98603385843813,190.78406111590044,188.04663265047745,189.19728088378906,842500,0.0,0.0
2018-08-13 00:00:00-04:00,190.14378679227968,191.19234714710794,189.7633287984341,189.94891357421875,914400,0.0,0.0
2018-08-14 00:00:00-04:00,192.21309435701366,192.38940485863426,190.16234495914813,190.79335021972656,408800,0.0,0.0
2018-08-15 00:00:00-04:00,186.76608911224454,187.07231035772398,181.7088297388162,182.93370056152344,1281400,0.0,0.0
2018-08-16 00:00:00-04:00,183.9822493147389,185.21640840687218,183.05431142524395,183.60179138183594,1250600,0.0,0.0
2018-08-17 00:00:00-04:00,180.70664278746082,183.41621992195547,179.92716414282327,183.14710998535156,730900,0.0,0.0
2018-08-20 00:00:00-04:00,184.50190691134796,185.54119289912396,183.28631044510072,185.11434936523438,538300,0.0,0.0
2018-08-21 00:00:00-04:00,185.41129215151756,187.08158340711512,185.11435935008376,186.04229736328125,699000,0.0,0.0
2018-08-22 00:00:00-04:00,185.71747099427586,186.65468307631699,184.85449563544697,186.3391876220703,385600,0.0,0.0
2018-08-23 00:00:00-04:00,187.28572196191973,187.64761720342182,184.9937140460033,185.16073608398438,374400,0.0,0.0
2018-08-24 00:00:00-04:00,187.1557953312414,188.53841372568186,186.9980475890197,188.3528289794922,301900,0.0,0.0
2018-08-27 00:00:00-04:00,191.30368093103087,194.15244292226717,190.67267579601534,193.55856323242188,546200,0.0,0.0
2018-08-28 00:00:00-04:00,192.65850788146307,193.0668029196056,190.171640517085,191.7955322265625,437600,0.0,0.0
2018-08-29 00:00:00-04:00,190.7654591809282,192.6120605443623,190.70049673695664,191.91610717773438,401500,0.0,0.0
2018-08-30 00:00:00-04:00,190.57987797074085,191.9439477272797,189.9767098796574,190.412841796875,352800,0.0,0.0
2018-08-31 00:00:00-04:00,189.57774337319762,190.8397396671052,189.0209748885402,190.27369689941406,388400,0.0,0.0
2018-09-04 00:00:00-04:00,184.70603501803495,185.49477370843454,183.10998075613352,185.10504150390625,693000,0.0,0.0
2018-09-05 00:00:00-04:00,183.54614643713313,183.87091625435616,180.20556384231108,181.05926513671875,633900,0.0,0.0
2018-09-06 00:00:00-04:00,177.7558127908853,178.28474428234802,170.21167182013716,171.15817260742188,2100300,0.0,0.0
2018-09-07 00:00:00-04:00,168.1423723796566,171.1396083264083,167.2886710699618,167.83615112304688,889600,0.0,0.0
2018-09-10 00:00:00-04:00,174.10901745814235,174.18325419980042,171.278803628976,172.29025268554688,1003600,0.0,0.0
2018-09-11 00:00:00-04:00,169.31159294444646,170.6014263446077,168.2166186172642,170.156005859375,610500,0.0,0.0
2018-09-12 00:00:00-04:00,164.59763192274056,164.69041721873162,160.24560083514788,162.7324676513672,3094700,0.0,0.0
2018-09-13 00:00:00-04:00,169.1723783697145,171.32520137519504,168.09596686697424,168.8847198486328,2444700,0.0,0.0
2018-09-14 00:00:00-04:00,170.22092652675676,171.677781631752,169.13524090910587,171.0653533935547,1095400,0.0,0.0
2018-09-17 00:00:00-04:00,170.78699064481222,171.70564019707064,169.5806684206482,169.8961639404297,574900,0.0,0.0
2018-09-18 00:00:00-04:00,171.39944661601024,174.09046134710283,171.39944661601024,173.1254119873047,687000,0.0,0.0
2018-09-19 00:00:00-04:00,173.22744376546714,175.64008801636365,172.8562742618872,175.42666625976562,1053800,0.0,0.0
2018-09-20 00:00:00-04:00,177.4124574602627,178.21975893914606,176.1597355744284,177.6908416748047,561200,0.0,0.0
2018-09-21 00:00:00-04:00,175.78855996933612,176.40100238826284,174.41521582685317,174.85133361816406,1116700,0.0,0.0
2018-09-24 00:00:00-04:00,177.0134295861903,177.77434546439113,175.78855891489295,177.67227172851562,509400,0.0,0.0
2018-09-25 00:00:00-04:00,178.27543298459076,178.4888689059994,175.52874460391044,176.50308227539062,515600,0.0,0.0
2018-09-26 00:00:00-04:00,173.33882609635492,177.5145472135407,173.14395288083358,175.1947021484375,701000,0.0,0.0
2018-09-27 00:00:00-04:00,174.55443256535952,176.1597614770668,174.2111000071592,175.1390380859375,298700,0.0,0.0
2018-09-28 00:00:00-04:00,172.16033084127506,174.7028859822967,172.09538254601327,174.4709014892578,609800,0.0,0.0
2018-10-01 00:00:00-04:00,177.1155110355785,178.64661714039192,175.85351486397894,176.3824462890625,513900,0.0,0.0
2018-10-02 00:00:00-04:00,174.70286306808748,178.47956275661545,174.70286306808748,176.4566650390625,421000,0.0,0.0
2018-10-03 00:00:00-04:00,177.47739378546254,178.47956839470768,176.2525231469685,177.98776245117188,826600,0.0,0.0
2018-10-04 00:00:00-04:00,177.18046815586231,177.31037889788746,171.57571520744298,173.9512481689453,610400,0.0,0.0
2018-10-05 00:00:00-04:00,172.50366503870106,173.5058397574866,168.50425460526512,170.54571533203125,691200,0.0,0.0
2018-10-08 00:00:00-04:00,167.95679271461663,169.7013208384012,166.7411960935924,168.58778381347656,603900,0.0,0.0
2018-10-09 00:00:00-04:00,167.6598123616967,170.7034616890244,167.3907166017338,169.7662353515625,596000,0.0,0.0
2018-10-10 00:00:00-04:00,162.02726836619607,163.7996334933895,159.46616436822828,159.53111267089844,1515900,0.0,0.0
2018-10-11 00:00:00-04:00,163.40059448552756,167.19585740195456,157.36899765297434,159.40118408203125,1665300,0.0,0.0
2018-10-12 00:00:00-04:00,162.81598233290353,163.63255801736585,159.00215718097314,161.72100830078125,906100,0.0,0.0
2018-10-15 00:00:00-04:00,160.9229957783315,162.5004874437313,160.37551579220494,160.85804748535156,672600,0.0,0.0
2018-10-16 00:00:00-04:00,165.52556871232522,169.10740960687005,164.9688003033293,168.6248779296875,823600,0.0,0.0
2018-10-17 00:00:00-04:00,174.06260274332723,175.61225742413387,170.10030372352506,171.67779541015625,1709500,0.0,0.0
2018-10-18 00:00:00-04:00,169.23731016818863,169.62704236736005,163.177877120581,163.72535705566406,847700,0.0,0.0
2018-10-19 00:00:00-04:00,163.49339630782612,165.39567201433084,161.19211406305686,163.09437561035156,740400,0.0,0.0
2018-10-22 00:00:00-04:00,163.74392747313644,164.26357042978776,161.7024527731367,163.623291015625,518600,0.0,0.0
2018-10-23 00:00:00-04:00,155.45744030046546,161.85093207263208,155.20689309475418,160.4868621826172,1260800,0.0,0.0
2018-10-24 00:00:00-04:00,155.2440490967676,155.61521867818726,146.56782207876694,146.7626953125,1942800,0.0,0.0
2018-10-25 00:00:00-04:00,153.24896411075107,158.01856514680827,151.89418247968717,156.858642578125,1067700,0.0,0.0
2018-10-26 00:00:00-04:00,152.55297977000794,156.96997308168443,150.56719329970898,154.23255920410156,876000,0.0,0.0
2018-10-29 00:00:00-04:00,156.37610253764774,157.4710624888907,148.82268842098273,151.5972137451172,745500,0.0,0.0
2018-10-30 00:00:00-04:00,154.1305205279818,157.20199330285007,153.72222550790056,156.5802764892578,1307500,0.0,0.0
2018-10-31 00:00:00-04:00,158.64028457104422,160.61678285613138,157.7308951486745,159.93939208984375,731400,0.0,0.0
2018-11-01 00:00:00-04:00,158.7052347567476,163.37276175664311,157.42467578782168,163.05726623535156,1352600,0.0,0.0
2018-11-02 00:00:00-04:00,165.2379492038469,165.80397786892726,160.3662740331894,162.37989807128906,948400,0.0,0.0
2018-11-05 00:00:00-05:00,160.06004877985893,160.9972611683063,157.4803819814841,160.40338134765625,567400,0.0,0.0
2018-11-06 00:00:00-05:00,161.74886576590436,164.8667379207383,161.5076069903029,164.64402770996094,1493800,0.0,0.0
2018-11-07 00:00:00-05:00,165.41423018165497,165.65550313434161,163.4006063306909,164.634765625,1039400,0.0,0.0
2018-11-08 00:00:00-05:00,162.6953936365112,164.57910690309512,161.64681902121225,162.37989807128906,1891400,0.0,0.0
2018-11-09 00:00:00-05:00,160.11568962776386,163.18716185255124,159.3733364659497,162.8531036376953,1748000,0.0,0.0
2018-11-12 00:00:00-05:00,157.87004630571815,158.00923129780625,155.01199647479487,156.82147216796875,2888200,0.0,0.0
2018-11-13 00:00:00-05:00,157.5917054109045,161.17354650207736,157.27620990278487,158.5753173828125,1433100,0.0,0.0
2018-11-14 00:00:00-05:00,161.08075736547275,161.99942110185788,159.63317632089777,160.28273010253906,1166700,0.0,0.0
2018-11-15 00:00:00-05:00,157.24839706773648,164.05945934135733,156.7844280165218,164.0501708984375,2028800,0.0,0.0
2018-11-16 00:00:00-05:00,157.83296385873555,158.714502086886,155.79150318322678,156.81224060058594,3096800,0.0,0.0
2018-11-19 00:00:00-05:00,156.12557088709914,156.39466668116103,151.61579157177798,151.80137634277344,1476500,0.0,0.0
2018-11-20 00:00:00-05:00,145.7233620986497,151.33738924524337,145.29651859230478,149.7042236328125,2125600,0.0,0.0
2018-11-21 00:00:00-05:00,152.46019231600312,154.5016527639251,152.08900867870312,152.09829711914062,1074000,0.0,0.0
2018-11-23 00:00:00-05:00,150.4372854761037,152.6736191785143,150.4372854761037,151.86631774902344,742800,0.0,0.0
2018-11-26 00:00:00-05:00,153.2396977738383,155.5781057581422,152.45094472254806,155.3646697998047,1056800,0.0,0.0
2018-11-27 00:00:00-05:00,154.71509466748054,156.05132761747498,153.69437139010856,155.34609985351562,544300,0.0,0.0
2018-11-28 00:00:00-05:00,158.00925202257898,161.8509140593526,155.6615704533955,161.74884033203125,613300,0.0,0.0
2018-11-29 00:00:00-05:00,160.09713963697266,160.7652561198178,158.64028436133117,159.15992736816406,1079700,0.0,0.0
2018-11-30 00:00:00-05:00,156.78439570664383,159.0949520436417,156.22762729623943,159.00216674804688,1360900,0.0,0.0
2018-12-03 00:00:00-05:00,161.33130043721067,165.35854793880154,160.65390966518697,164.8574676513672,2413300,0.0,0.0
2018-12-04 00:00:00-05:00,162.93663366505004,163.60475017272591,157.17414648535862,157.4154052734375,1625300,0.0,0.0
2018-12-06 00:00:00-05:00,152.67363388217893,154.50167282552403,150.56721071451346,154.36248779296875,1097300,0.0,0.0
2018-12-07 00:00:00-05:00,152.97057208776678,153.96345830140376,147.44933012513545,148.033935546875,1412200,0.0,0.0
2018-12-10 00:00:00-05:00,149.8805466446615,151.32812762944133,147.36582848628433,149.77847290039062,915800,0.0,0.0
2018-12-11 00:00:00-05:00,152.01476577521498,152.9705405046941,148.8968944350172,149.8341064453125,1475500,0.0,0.0
2018-12-12 00:00:00-05:00,154.36250891224967,155.28115857122026,152.86852800184639,153.31393432617188,917700,0.0,0.0
2018-12-13 00:00:00-05:00,153.12834008607356,153.6758201341827,151.91274351310858,152.26535034179688,698200,0.0,0.0
2018-12-14 00:00:00-05:00,150.70643192618638,152.348872187157,149.23101372868587,149.42587280273438,692500,0.0,0.0
2018-12-17 00:00:00-05:00,149.39800972571996,152.36740832942033,148.11745082569533,149.02684020996094,686500,0.0,0.0
2018-12-18 00:00:00-05:00,151.42084400541958,152.85915005299043,150.11246280887903,150.8640899658203,710200,0.0,0.0
2018-12-19 00:00:00-05:00,148.42368360144084,151.2353346718478,142.29001271732312,142.79110717773438,1580600,0.0,0.0
2018-12-20 00:00:00-05:00,144.9531694597257,145.46352392057025,140.7588866538563,141.6775360107422,2719400,0.0,0.0
2018-12-21 00:00:00-05:00,140.83314103907847,141.59404276504975,137.3348111420307,137.75238037109375,1805700,0.0,0.0
2018-12-24 00:00:00-05:00,138.39272311758577,139.64544553716127,134.37474841625703,134.56033325195312,321500,0.0,0.0
2018-12-26 00:00:00-05:00,135.93361976000148,141.9837643035841,134.0870183545513,141.90025329589844,634500,0.0,0.0
2018-12-27 00:00:00-05:00,139.042207838422,143.28289072501423,138.79167480671796,143.2643280029297,725800,0.0,0.0
2018-12-28 00:00:00-05:00,146.18733982087392,146.3265390102402,143.60767342776597,143.9138946533203,676500,0.0,0.0
2018-12-31 00:00:00-05:00,144.7954482273335,145.714112001353,142.85606108583679,144.4057159423828,356500,0.0,0.0
2019-01-02 00:00:00-05:00,143.16224379337447,145.91822021409752,142.75394889264405,145.03668212890625,602500,0.0,0.0
2019-01-03 00:00:00-05:00,140.29494364394733,141.2507186182271,136.75950225142773,137.03787231445312,1078600,0.0,0.0
2019-01-04 00:00:00-05:00,139.7938469669444,143.79327143843017,139.22780424920074,142.9674072265625,589500,0.0,0.0
2019-01-07 00:00:00-05:00,145.2222700380661,147.7833733452566,144.59127911163665,146.2337188720703,971900,0.0,0.0
2019-01-08 00:00:00-05:00,147.07820273637907,147.32875001161375,144.34078791476855,145.15736389160156,531700,0.0,0.0
2019-01-09 00:00:00-05:00,150.23312593307182,151.8384685406868,149.37015056528514,151.17962646484375,779900,0.0,0.0
2019-01-10 00:00:00-05:00,149.6670982033672,151.30027797517968,148.94330777148076,150.89198303222656,1028100,0.0,0.0
2019-01-11 00:00:00-05:00,149.86198123344167,151.5972206957239,149.27737578498952,150.34451293945312,639600,0.0,0.0
2019-01-14 00:00:00-05:00,148.56286669091577,148.7948511709708,146.855450156712,147.2544708251953,680200,0.0,0.0
2019-01-15 00:00:00-05:00,147.46791093241828,149.29594999546035,146.87403115594645,147.7555694580078,482700,0.0,0.0
2019-01-16 00:00:00-05:00,147.69990843236968,147.9040559509138,145.86259492468466,145.94610595703125,537600,0.0,0.0
2019-01-17 00:00:00-05:00,144.55415144024462,147.19877987214554,144.0345085302083,146.18731689453125,953000,0.0,0.0
2019-01-18 00:00:00-05:00,147.7091639216716,152.1911061570778,147.41223112470598,150.9755096435547,1664700,0.0,0.0
2019-01-22 00:00:00-05:00,149.30522637896905,149.39802584752766,146.58637469257505,148.00611877441406,968500,0.0,0.0
2019-01-23 00:00:00-05:00,151.56015894595777,152.22827563136576,149.08256547057564,150.43734741210938,1458900,0.0,0.0
2019-01-24 00:00:00-05:00,155.45744352953264,157.3225937105027,155.23473332436228,156.7287139892578,1385700,0.0,0.0
2019-01-25 00:00:00-05:00,160.7280917141623,164.09649586286318,160.18988616088768,163.92947387695312,1352900,0.0,0.0
2019-01-28 00:00:00-05:00,159.36406788519744,162.78814701095197,158.90009891236676,161.6003875732422,2261100,0.0,0.0
2019-01-29 00:00:00-05:00,161.86945870705276,162.18495413474412,159.91150954465303,162.02720642089844,966800,0.0,0.0
2019-01-30 00:00:00-05:00,162.5282941925735,164.7924646090558,161.2199127023726,164.42129516601562,687600,0.0,0.0
2019-01-31 00:00:00-05:00,162.1200746117115,163.79035189453583,161.7024911317934,162.41700744628906,562100,0.0,0.0
2019-02-01 00:00:00-05:00,164.05013672070586,165.75755323445867,163.48409402978317,165.55340576171875,795000,0.0,0.0
2019-02-04 00:00:00-05:00,165.57195480353977,166.76900263890056,165.04303755661041,166.6205291748047,543000,0.0,0.0
2019-02-05 00:00:00-05:00,166.8525358531422,169.0053588913474,166.62055134432927,168.5228271484375,650800,0.0,0.0
2019-02-06 00:00:00-05:00,170.7869520474134,173.57076540056045,170.75911504661846,173.3944549560547,1554900,0.0,0.0
2019-02-07 00:00:00-05:00,170.33229533398443,170.74986459802255,167.31649686373908,168.04957580566406,1474500,0.0,0.0
2019-02-08 00:00:00-05:00,165.27502600077236,168.48569748265214,165.02447879399912,168.021728515625,633100,0.0,0.0
2019-02-11 00:00:00-05:00,166.4906255531838,166.92675752311027,165.23791781422844,165.65548706054688,653300,0.0,0.0
2019-02-12 00:00:00-05:00,167.32577368228414,170.05389929212237,167.32577368228414,169.61776733398438,901600,0.0,0.0
2019-02-13 00:00:00-05:00,169.46000649194053,170.36939578416326,168.96820056169324,169.17234802246094,653800,0.0,0.0
2019-02-14 00:00:00-05:00,169.97966160119825,171.54787895342773,169.49714407682686,171.0467987060547,1060100,0.0,0.0
2019-02-15 00:00:00-05:00,171.75203982793647,171.76132826976644,170.27662181640258,171.08392333984375,824400,0.0,0.0
2019-02-19 00:00:00-05:00,167.90108439507037,170.3694025852818,167.8917959542596,169.31155395507812,900500,0.0,0.0
2019-02-20 00:00:00-05:00,168.76406735126798,170.99112688609253,168.708393340759,170.6013946533203,600400,0.0,0.0
2019-02-21 00:00:00-05:00,168.7083941722977,170.0817383553892,168.0866774532008,169.3765106201172,712700,0.0,0.0
2019-02-22 00:00:00-05:00,171.02824630052294,171.78916223819544,170.1003083233866,171.5664520263672,495600,0.0,0.0
2019-02-25 00:00:00-05:00,174.2667489300548,174.70288089700966,172.865553570992,173.51512145996094,737200,0.0,0.0
2019-02-26 00:00:00-05:00,171.95614849672958,173.0325597244366,171.38083160156512,172.00254821777344,660600,0.0,0.0
2019-02-27 00:00:00-05:00,171.7891550907453,171.7891550907453,169.13525202018516,170.8519287109375,387900,0.0,0.0
2019-02-28 00:00:00-05:00,170.10956943397153,170.6106496310655,169.4136160629364,169.69198608398438,318500,0.0,0.0
2019-03-01 00:00:00-05:00,171.12104561364376,171.9190728396579,169.9611231432284,171.77059936523438,389800,0.0,0.0
2019-03-04 00:00:00-05:00,172.00257587119484,173.2738463087827,170.33228475952626,172.2809600830078,558300,0.0,0.0
2019-03-05 00:00:00-05:00,171.34372411343892,172.3922984502245,170.87975517280225,171.2323760986328,258700,0.0,0.0
2019-03-06 00:00:00-05:00,171.01896442056173,171.09320115453986,167.99387768759226,168.10523986816406,499300,0.0,0.0
2019-03-07 00:00:00-05:00,167.14948850075285,167.16803706745645,164.18007535967502,164.72756958007812,648300,0.0,0.0
2019-03-08 00:00:00-05:00,163.2799563582805,166.0730442928248,162.91806114975674,165.95240783691406,415700,0.0,0.0
2019-03-11 00:00:00-04:00,165.48840871027065,168.97746358088668,165.46057171155454,168.0402374267578,609900,0.0,0.0
2019-03-12 00:00:00-04:00,168.88475830774664,170.30450267067357,167.78050954564486,169.35800170898438,509000,0.0,0.0
2019-03-13 00:00:00-04:00,170.50859603674414,170.73130623908708,169.24659987521946,169.3765106201172,418500,0.0,0.0
2019-03-14 00:00:00-04:00,170.04463004490557,171.00040500464496,169.56209834431957,170.0817413330078,524100,0.0,0.0
2019-03-15 00:00:00-04:00,174.11828788829712,179.0549249052405,174.09045088069266,178.9157257080078,1445100,0.0,0.0
2019-03-18 00:00:00-04:00,176.80001061310517,177.63514907670475,175.73288766970475,176.90208435058594,589500,0.0,0.0
2019-03-19 00:00:00-04:00,177.7836354675676,178.67446216482156,175.74217472873934,177.05984497070312,683400,0.0,0.0
2019-03-20 00:00:00-04:00,176.76293476247307,178.8043957621355,174.81425907780653,177.3660888671875,584100,0.0,0.0
2019-03-21 00:00:00-04:00,176.26182435083166,181.37477191115508,176.2525500679325,180.35403442382812,770100,0.0,0.0
2019-03-22 00:00:00-04:00,177.57016212179434,178.0619679791518,173.9419222494957,174.22030639648438,937000,0.0,0.0
2019-03-25 00:00:00-04:00,172.90269470214844,174.39667549572076,171.83555747290498,172.90269470214844,1028700,0.0,0.0
2019-03-26 00:00:00-04:00,172.77274915882393,174.40591466429282,172.66140114867153,173.79347229003906,414800,0.0,0.0
2019-03-27 00:00:00-04:00,173.64501005548036,174.41520015080908,169.90542174631096,170.79623413085938,786700,0.0,0.0
2019-03-28 00:00:00-04:00,170.36945408827313,171.6407248533037,169.5992637062024,170.92620849609375,312100,0.0,0.0
2019-03-29 00:00:00-04:00,172.85627939204224,174.84206602946938,172.1324889271339,174.4987335205078,687400,0.0,0.0
2019-04-01 00:00:00-04:00,177.4588782062285,179.09204408084145,177.01345774652506,178.60951232910156,647500,0.0,0.0
2019-04-02 00:00:00-04:00,180.00140122633803,180.18698598619721,178.498146264506,179.87149047851562,498300,0.0,0.0
2019-04-03 00:00:00-04:00,182.95221188138305,184.37195551928588,182.41400628229732,183.49041748046875,691700,0.0,0.0
2019-04-04 00:00:00-04:00,183.9636836137316,184.67819974165204,183.202767760246,184.08432006835938,437500,0.0,0.0
2019-04-05 00:00:00-04:00,186.11652437918417,187.18364737492183,186.0515619252335,186.87742614746094,503300,0.0,0.0
2019-04-08 00:00:00-04:00,187.4434409844063,189.00236973676786,187.10010851949016,188.89102172851562,503600,0.0,0.0
2019-04-09 00:00:00-04:00,187.53628540344698,188.38069826720263,186.580510345526,187.0444793701172,708300,0.0,0.0
2019-04-10 00:00:00-04:00,185.67111495062332,186.25572043394095,184.27920792117033,185.39273071289062,611600,0.0,0.0
2019-04-11 00:00:00-04:00,183.4719133810162,184.89165747253517,183.07289265454673,183.64822387695312,453300,0.0,0.0
2019-04-12 00:00:00-04:00,187.2857277645045,188.26006549387748,186.20931628902179,188.2043914794922,430900,0.0,0.0
2019-04-15 00:00:00-04:00,186.77533498287218,187.19290419620154,184.66891203487558,185.43910217285156,389400,0.0,0.0
2019-04-16 00:00:00-04:00,186.86814441242564,189.7261949288659,186.58976020227195,188.94671630859375,755200,0.0,0.0
2019-04-17 00:00:00-04:00,193.36372764245272,193.8462452144878,186.12580831061186,188.70547485351562,1280500,0.0,0.0
2019-04-18 00:00:00-04:00,191.20167286926088,192.11104835936038,189.83760255450483,191.07176208496094,1007900,0.0,0.0
2019-04-22 00:00:00-04:00,189.87465156937998,191.03457396272083,189.04878739168961,190.7005157470703,357500,0.0,0.0
2019-04-23 00:00:00-04:00,189.40143880669828,191.25731493467174,189.32720206247402,190.49639892578125,438200,0.0,0.0
2019-04-24 00:00:00-04:00,190.7469273417469,192.8347877796543,190.41286910531332,190.6077423095703,485700,0.0,0.0
2019-04-25 00:00:00-04:00,191.95326698825022,192.3708362819511,189.3179263052555,191.35011291503906,756700,0.0,0.0
2019-04-26 00:00:00-04:00,192.3321084858498,194.57584174521773,190.74553289816566,194.51951599121094,637900,2.386,0.0
2019-04-29 00:00:00-04:00,193.30843173912933,194.5758039328791,192.51044551254014,193.77783203125,365800,0.0,0.0
2019-04-30 00:00:00-04:00,193.99378172131182,196.21873486108268,193.6651957367634,196.04037475585938,337500,0.0,0.0
2019-05-01 00:00:00-04:00,197.0730288373971,197.9648865813444,193.74028369689427,193.75906372070312,391200,0.0,0.0
2019-05-02 00:00:00-04:00,193.89984782971754,194.78232258653486,191.59978948320006,193.32717895507812,405500,0.0,0.0
2019-05-03 00:00:00-04:00,194.11574626906042,195.91824116531694,193.59940322782538,195.90884399414062,345200,0.0,0.0
2019-05-06 00:00:00-04:00,189.86302974098695,192.96106011808016,188.7458547865381,192.61370849609375,413200,0.0,0.0
2019-05-07 00:00:00-04:00,190.5765250805555,190.5765250805555,186.26743369036996,188.40789794921875,623100,0.0,0.0
2019-05-08 00:00:00-04:00,189.34671270284719,191.11166257699506,188.60505213872688,189.1026153564453,573400,0.0,0.0
2019-05-09 00:00:00-04:00,186.23926648925854,187.70379312443612,182.8220328988575,186.8119354248047,688000,0.0,0.0
2019-05-10 00:00:00-04:00,185.98580622728795,187.76013896753264,183.46981291614287,186.57725524902344,780200,0.0,0.0
2019-05-13 00:00:00-04:00,181.56404398975818,182.10855009777865,178.2970216665969,178.7852020263672,994000,0.0,0.0
2019-05-14 00:00:00-04:00,183.3853155723392,186.79316651655762,182.81264660271796,185.92007446289062,1036700,0.0,0.0
2019-05-15 00:00:00-04:00,183.19754222583902,189.73160048065031,183.02856499961726,188.3515625,711300,0.0,0.0
2019-05-16 00:00:00-04:00,188.267063113487,191.20551353009392,187.8164428434351,189.76914978027344,708600,0.0,0.0
2019-05-17 00:00:00-04:00,189.50630010045376,191.94718752453997,188.46423080420416,188.88668823242188,700300,0.0,0.0
2019-05-20 00:00:00-04:00,182.00527218624404,183.3196016533426,177.31126907152202,178.82273864746094,1287300,0.0,0.0
2019-05-21 00:00:00-04:00,182.5967243809854,183.21633624104,181.26362919190356,181.8926239013672,736600,0.0,0.0
2019-05-22 00:00:00-04:00,179.7615440410914,181.97711414303757,179.7615440410914,179.80848693847656,505300,0.0,0.0
2019-05-23 00:00:00-04:00,177.9684486199373,179.74278130059753,177.2455680981983,178.9541778564453,835500,0.0,0.0
2019-05-24 00:00:00-04:00,180.22159857155486,180.86937344376287,178.06235377251622,178.1844024658203,432200,0.0,0.0
2019-05-28 00:00:00-04:00,180.8317487546072,181.54524630663929,179.20762789135745,179.301513671875,665700,0.0,0.0
2019-05-29 00:00:00-04:00,177.02024841308594,178.44722941321228,175.46183589485327,177.02024841308594,1154100,0.0,0.0
2019-05-30 00:00:00-04:00,177.57409660780417,179.54558325192608,177.25490789779062,178.26881408691406,465300,0.0,0.0
2019-05-31 00:00:00-04:00,177.07656703028377,178.2688478197168,176.19409216211886,176.5414581298828,777300,0.0,0.0
2019-06-03 00:00:00-04:00,177.0389975196045,178.23127814882798,174.9079164035817,175.5369110107422,527300,0.0,0.0
2019-06-04 00:00:00-04:00,177.4051522721757,178.89784180286077,176.59778317523956,178.80397033691406,922600,0.0,0.0
2019-06-05 00:00:00-04:00,180.0901154710961,180.44686427249346,177.25493373226837,177.80882263183594,356400,0.0,0.0
2019-06-06 00:00:00-04:00,179.00112110737322,181.28241417269587,178.57866367304274,180.9632110595703,399300,0.0,0.0
2019-06-07 00:00:00-04:00,183.65754127896176,186.31434833889006,183.028546680492,184.58694458007812,482300,0.0,0.0
2019-06-10 00:00:00-04:00,184.25839814307386,187.22499715806248,184.15512950386804,186.12660217285156,755900,0.0,0.0
2019-06-11 00:00:00-04:00,189.97571894624235,190.25736203416415,186.87767362902756,187.85403442382812,520400,0.0,0.0
2019-06-12 00:00:00-04:00,187.33764056389012,187.33764056389012,184.69021630724902,184.77471923828125,464500,0.0,0.0
2019-06-13 00:00:00-04:00,185.65716285236508,186.01391159009106,184.95306254893154,185.81675720214844,268300,0.0,0.0
2019-06-14 00:00:00-04:00,179.8272257853101,181.31991503561733,178.84148246578275,180.26846313476562,482300,0.0,0.0
2019-06-17 00:00:00-04:00,180.24971920818763,180.65339659918317,177.94026337785002,178.03414916992188,476400,0.0,0.0
2019-06-18 00:00:00-04:00,177.89333006841622,183.81715953636308,177.89333006841622,182.80325317382812,1358900,0.0,0.0
2019-06-19 00:00:00-04:00,184.44613333693917,186.08903419373232,183.3665185038871,184.77471923828125,358200,0.0,0.0
2019-06-20 00:00:00-04:00,190.67978518920953,191.149185476286,188.2201322689159,189.3185272216797,431100,0.0,0.0
2019-06-21 00:00:00-04:00,188.9805519037757,190.38875271628527,188.14501999468507,189.8911895751953,562900,0.0,0.0
2019-06-24 00:00:00-04:00,190.94266764367424,191.38390510444492,189.5250837893659,190.38877868652344,476800,0.0,0.0
2019-06-25 00:00:00-04:00,190.38875545664413,190.66100131466573,185.99516140939622,186.85885620117188,535400,0.0,0.0
2019-06-26 00:00:00-04:00,191.88148498535156,192.42599114010147,190.65165829314165,191.88148498535156,784500,0.0,0.0
2019-06-27 00:00:00-04:00,192.16307439552,192.95166336833145,191.5997883721069,192.44471740722656,345100,0.0,0.0
2019-06-28 00:00:00-04:00,196.4628071679799,196.93220747179072,194.91377757042784,195.20480346679688,405000,0.0,0.0
2019-07-01 00:00:00-04:00,202.75276543777593,203.33481722208472,199.93636365569816,201.81396484375,634200,0.0,0.0
2019-07-02 00:00:00-04:00,201.3915237364363,202.09562423892598,200.30251152126152,201.29763793945312,572400,0.0,0.0
2019-07-03 00:00:00-04:00,200.7436981201172,201.6449385129801,200.33062363798928,200.7436981201172,297100,0.0,0.0
2019-07-05 00:00:00-04:00,196.70691484285695,197.50490118941477,194.51012458345886,196.9134521484375,428600,0.0,0.0
2019-07-08 00:00:00-04:00,195.8056511499853,196.68811169513398,194.1627500737063,195.29869079589844,425300,0.0,0.0
2019-07-09 00:00:00-04:00,193.28966906214433,194.62276429240296,192.73578010572672,193.96560668945312,530000,0.0,0.0
2019-07-10 00:00:00-04:00,194.8010964890414,196.50032303871154,194.30353338858416,195.38314819335938,986500,0.0,0.0
2019-07-11 00:00:00-04:00,196.78199240851578,196.91342391822798,194.6133653357842,195.96524047851562,269600,0.0,0.0
2019-07-12 00:00:00-04:00,195.30809788952624,196.26567864670085,194.68850029367192,195.4395294189453,427400,0.0,0.0
2019-07-15 00:00:00-04:00,195.57094044954624,196.38769235657776,193.43985915739393,194.1063995361328,681300,0.0,0.0
2019-07-16 00:00:00-04:00,192.82964660781093,194.26601044758246,191.853300240729,192.45413208007812,639200,0.0,0.0
2019-07-17 00:00:00-04:00,204.32992908490633,206.14182155200015,202.03926783072146,204.3487091064453,2050400,0.0,0.0
2019-07-18 00:00:00-04:00,208.12271638866466,213.0983626507986,208.01006489573575,212.77915954589844,1750500,0.0,0.0
2019-07-19 00:00:00-04:00,209.53092341875055,211.16442741337465,209.45581764630234,209.93460083007812,790500,0.0,0.0
2019-07-22 00:00:00-04:00,211.5023716285507,214.1591789294458,211.5023716285507,213.8024444580078,787500,0.0,0.0
2019-07-23 00:00:00-04:00,216.74088962238568,217.17274420073934,215.28576015447297,216.1212921142578,831100,0.0,0.0
2019-07-24 00:00:00-04:00,216.10251816228188,220.14874656406695,215.93352660080112,219.7356719970703,786500,0.0,0.0
2019-07-25 00:00:00-04:00,218.51524168086945,218.71239612715874,215.6612939093248,215.97109985351562,521700,0.0,0.0
2019-07-26 00:00:00-04:00,218.00828976758726,218.18666418445446,216.70335742703816,216.72213745117188,399700,0.0,0.0
2019-07-29 00:00:00-04:00,216.4967938047474,217.10700842774327,215.351455996235,216.8347625732422,325900,0.0,0.0
2019-07-30 00:00:00-04:00,213.72731470619888,215.37021550001143,213.41750883751354,214.36569213867188,462000,0.0,0.0
2019-07-31 00:00:00-04:00,213.16408200259548,213.44572507408995,207.67210657078067,209.17417907714844,519500,0.0,0.0
2019-08-01 00:00:00-04:00,212.1501954874769,215.89601574313994,205.76634734153214,207.88804626464844,834200,0.0,0.0
2019-08-02 00:00:00-04:00,208.9206653113132,208.9206653113132,204.8368915681825,206.45162963867188,555700,0.0,0.0
2019-08-05 00:00:00-04:00,203.1376995969613,203.17524532189438,197.42978963469537,199.14779663085938,693900,0.0,0.0
2019-08-06 00:00:00-04:00,202.38665110008387,203.28789172550245,199.542086202734,201.73887634277344,481400,0.0,0.0
2019-08-07 00:00:00-04:00,200.49963222849053,203.00622787659384,199.40122302346106,202.499267578125,428700,0.0,0.0
2019-08-08 00:00:00-04:00,203.62578982762446,207.05241969408414,203.40986975849125,206.56423950195312,627600,0.0,0.0
2019-08-09 00:00:00-04:00,203.5601497890825,204.05771299523772,200.17107881746293,202.7715606689453,415100,0.0,0.0
2019-08-12 00:00:00-04:00,202.82786175694554,203.35358777311907,200.62167473376064,201.32577514648438,292000,0.0,0.0
2019-08-13 00:00:00-04:00,199.7016711439106,207.28718195271009,198.4530645871134,205.78509521484375,587600,0.0,0.0
2019-08-14 00:00:00-04:00,197.9179592564533,199.26043730554585,194.39745683056023,195.94647216796875,914100,0.0,0.0
2019-08-15 00:00:00-04:00,196.52849757466961,198.3967157679365,194.87621381514452,197.0166778564453,671500,0.0,0.0
2019-08-16 00:00:00-04:00,196.4815430042328,200.27430490456553,196.29378577623652,199.8236846923828,574500,0.0,0.0
2019-08-19 00:00:00-04:00,203.55074791730524,204.1234025171341,201.96417265067905,202.48989868164062,329200,0.0,0.0
2019-08-20 00:00:00-04:00,202.4429593832885,202.98746544644365,200.9784327496106,201.5511016845703,275200,0.0,0.0
2019-08-21 00:00:00-04:00,205.2312163328254,205.2312163328254,203.25972918343805,203.74790954589844,298100,0.0,0.0
2019-08-22 00:00:00-04:00,203.07195565397168,203.56951882636682,200.5841397919961,202.08621215820312,376100,0.0,0.0
2019-08-23 00:00:00-04:00,200.55597360915286,203.25032670480905,196.77260839662597,197.61752319335938,591500,0.0,0.0
2019-08-26 00:00:00-04:00,200.77190275046516,201.31640883335706,199.31675891299068,200.89395141601562,296800,0.0,0.0
2019-08-27 00:00:00-04:00,202.13314342697788,202.47111219680332,200.0584022406559,200.9690399169922,359700,0.0,0.0
2019-08-28 00:00:00-04:00,200.13349458009333,202.7245932687484,199.35430272875152,202.5462188720703,317500,0.0,0.0
2019-08-29 00:00:00-04:00,206.58310968324903,208.29171961399678,206.09492927805135,206.29208374023438,370300,0.0,0.0
2019-08-30 00:00:00-04:00,209.60603156372446,210.30073489805133,206.64880083056903,208.98641967773438,357600,0.0,0.0
2019-09-03 00:00:00-04:00,207.14633572886373,208.01942768976986,205.50343476555992,206.55490112304688,598700,0.0,0.0
2019-09-04 00:00:00-04:00,210.98604179754898,213.5301832785347,210.4603014540075,213.3612060546875,432700,0.0,0.0
2019-09-05 00:00:00-04:00,221.8855426483514,223.46272088776178,221.27531362182418,222.5802459716797,982300,0.0,0.0
2019-09-06 00:00:00-04:00,223.61288400925696,225.41537917467,222.65530352842688,223.96023559570312,872100,0.0,0.0
2019-09-09 00:00:00-04:00,224.44844393846392,227.49016296859273,224.2700695366255,226.5607452392578,536700,0.0,0.0
2019-09-10 00:00:00-04:00,225.3778259791099,226.87989807128906,223.53777083436512,226.87989807128906,735500,0.0,0.0
2019-09-11 00:00:00-04:00,226.88933349375003,230.23147583007812,226.47627324203225,230.23147583007812,782500,0.0,0.0
2019-09-12 00:00:00-04:00,230.10003059977623,233.01970101098374,229.63063030424422,231.72415161132812,828000,0.0,0.0
2019-09-13 00:00:00-04:00,235.03812063188624,235.8548725763029,233.1699022662522,233.75196838378906,934000,0.0,0.0
2019-09-16 00:00:00-04:00,231.02005643892886,232.1935572045332,230.37228172432157,231.14210510253906,398900,0.0,0.0
2019-09-17 00:00:00-04:00,230.62572170748953,233.2168057893869,230.19386719802762,232.91639709472656,730000,0.0,0.0
2019-09-18 00:00:00-04:00,233.4890531231341,235.20704524428717,231.51756655875647,234.50294494628906,519400,0.0,0.0
2019-09-19 00:00:00-04:00,235.10382036571752,236.6810127756281,234.3152313232422,234.3152313232422,394700,0.0,0.0
2019-09-20 00:00:00-04:00,235.35730174580212,235.52629329861034,229.6963354135257,230.74778747558594,819500,0.0,0.0
2019-09-23 00:00:00-04:00,231.1233158282432,233.99604329546372,230.79472989704192,233.27316284179688,296100,0.0,0.0
2019-09-24 00:00:00-04:00,233.51728349286836,234.64384143033269,230.13759535551395,231.31109619140625,605600,0.0,0.0
2019-09-25 00:00:00-04:00,227.81874553645076,232.8507174503203,226.4105446015055,232.38131713867188,518300,0.0,0.0
2019-09-26 00:00:00-04:00,234.28705771932943,234.36216348064264,231.3861675227829,232.86007690429688,615100,0.0,0.0
2019-09-27 00:00:00-04:00,231.94946016167913,232.86948069523237,226.55135696666247,228.7950897216797,564500,0.0,0.0
2019-09-30 00:00:00-04:00,229.98736630481253,234.14626039963645,229.83716909622137,233.2168426513672,495000,0.0,0.0
2019-10-01 00:00:00-04:00,233.92093364496324,234.859734204276,229.7057139766635,230.3722686767578,655300,0.0,0.0
2019-10-02 00:00:00-04:00,228.5885543667245,228.6167172376331,223.70677997648997,225.58438110351562,710100,0.0,0.0
2019-10-03 00:00:00-04:00,226.16647370830017,229.89351352837923,223.94150637095998,229.3959503173828,531000,0.0,0.0
2019-10-04 00:00:00-04:00,229.50857348356777,231.28290596459652,229.23631329986134,230.98248291015625,518000,0.0,0.0
2019-10-07 00:00:00-04:00,232.26866280516458,234.1650297270432,232.0527283504774,232.27804565429688,515900,0.0,0.0
2019-10-08 00:00:00-04:00,229.11425432993434,230.5693979028574,226.7296931478637,227.2648162841797,576700,0.0,0.0
2019-10-09 00:00:00-04:00,230.5318705711362,232.7756034080697,229.85593300039002,231.19842529296875,431300,0.0,0.0
2019-10-10 00:00:00-04:00,233.89273601300715,238.68062388390945,233.1792528509529,236.0989227294922,835700,0.0,0.0
2019-10-11 00:00:00-04:00,242.58610886586828,246.39763763137876,241.9664969308445,244.08819580078125,1034300,0.0,0.0
2019-10-14 00:00:00-04:00,243.919183615252,245.96576208794156,243.23384884966129,245.6278076171875,731800,0.0,0.0
2019-10-15 00:00:00-04:00,247.31765943544417,252.90353507702443,246.91398200922546,251.166748046875,1265400,0.0,0.0
2019-10-16 00:00:00-04:00,244.33228592536292,244.74536053647336,238.0141467303588,238.89662170410156,1720200,0.0,0.0
2019-10-17 00:00:00-04:00,240.51128825749683,241.4313230074172,237.76059550511525,238.22999572753906,1543900,0.0,0.0
2019-10-18 00:00:00-04:00,238.44597775545836,239.6758042917807,236.88756526784587,238.8496551513672,1640900,0.0,0.0
2019-10-21 00:00:00-04:00,242.00400555209796,245.02694448057542,241.3656280516541,244.4918212890625,790400,0.0,0.0
2019-10-22 00:00:00-04:00,242.97094825486113,244.34158892419623,239.4598436519399,239.66636657714844,797300,0.0,0.0
2019-10-23 00:00:00-04:00,239.25333012179098,242.16361760815946,238.07043223993136,241.891357421875,917100,0.0,0.0
2019-10-24 00:00:00-04:00,244.8391866684128,249.23279527993247,244.6983723074489,248.75399780273438,642300,0.0,0.0
2019-10-25 00:00:00-04:00,246.38823677412663,248.50053819137509,245.8531135391092,247.83396911621094,550500,0.0,0.0
2019-10-28 00:00:00-04:00,251.02588659634424,251.93649560335808,249.60828863299648,250.19973754882812,683000,0.0,0.0
2019-10-29 00:00:00-04:00,252.4247431979386,252.78149205696852,248.0686940875669,248.40667724609375,501900,0.0,0.0
2019-10-30 00:00:00-04:00,247.05479049329887,249.7397466872933,245.10206903410008,249.39239501953125,494700,0.0,0.0
2019-10-31 00:00:00-04:00,249.06378490949203,249.06378490949203,245.32737689960442,245.93759155273438,630600,0.0,0.0
2019-11-01 00:00:00-04:00,250.85685103249088,254.26470112513235,249.87112205606908,254.03939819335938,617600,0.0,0.0
2019-11-04 00:00:00-05:00,257.0283391786862,259.2912387804497,256.5380246025123,257.5751953125,664600,1.17,0.0
2019-11-05 00:00:00-05:00,256.2929543336399,258.28241193345383,255.51978792191002,256.2740783691406,382700,0.0,0.0
2019-11-06 00:00:00-05:00,254.152629261882,254.6995143484205,252.51203155094439,253.38890075683594,909500,0.0,0.0
2019-11-07 00:00:00-05:00,253.7093301515332,255.30279458129482,251.93674556439385,252.36102294921875,560900,0.0,0.0
2019-11-08 00:00:00-05:00,250.60739712903455,252.87973516062235,249.57022621377982,252.02171325683594,743400,0.0,0.0
2019-11-11 00:00:00-05:00,250.94683637604945,252.21028875050237,249.9851117020341,251.48428344726562,451700,0.0,0.0
2019-11-12 00:00:00-05:00,252.8797356186896,253.7754519033185,251.38053519908945,252.3045654296875,336100,0.0,0.0
2019-11-13 00:00:00-05:00,252.7193825515872,255.03885247824059,252.04050979569723,254.50143432617188,422800,0.0,0.0
2019-11-14 00:00:00-05:00,253.3039877760589,255.01059343350548,252.83254911324312,254.3223114013672,539200,0.0,0.0
2019-11-15 00:00:00-05:00,258.640667505451,259.7815409712475,257.9523567239605,259.2629699707031,667900,0.0,0.0
2019-11-18 00:00:00-05:00,257.47157910066426,260.45107560714496,256.28354418164605,257.8487243652344,430700,0.0,0.0
2019-11-19 00:00:00-05:00,257.3583813731317,257.63179508411685,254.9540268923691,256.038330078125,465200,0.0,0.0
2019-11-20 00:00:00-05:00,255.80264468415223,256.4626704192305,251.7482830953476,253.51145935058594,408800,0.0,0.0
2019-11-21 00:00:00-05:00,254.05837244675578,254.1149427989419,251.3617276370778,251.77659606933594,652100,0.0,0.0
2019-11-22 00:00:00-05:00,254.4542985987101,254.7937493977024,249.68334164544058,251.01280212402344,616000,0.0,0.0
2019-11-25 00:00:00-05:00,253.03055792106204,256.22692602613176,252.81371454091905,255.66119384765625,409800,0.0,0.0
2019-11-26 00:00:00-05:00,258.0844413838141,258.1975820847129,255.717809550772,255.9629669189453,445600,0.0,0.0
2019-11-27 00:00:00-05:00,255.70834656952562,256.1326241086755,254.65229977642014,255.97235107421875,383300,0.0,0.0
2019-11-29 00:00:00-05:00,257.8108899368067,257.8108899368067,254.9822585118426,255.16140747070312,267600,0.0,0.0
2019-12-02 00:00:00-05:00,254.68061903825847,254.77491253991414,248.8442339844511,250.4188232421875,764600,0.0,0.0
2019-12-03 00:00:00-05:00,248.10870449532294,249.8624421644988,246.19463627727512,249.71157836914062,929800,0.0,0.0
2019-12-04 00:00:00-05:00,253.5962668439282,254.96345041867434,252.82312933772255,254.3505859375,447100,0.0,0.0
2019-12-05 00:00:00-05:00,257.22634732247354,259.4609618623432,255.8968869106065,258.197509765625,639200,0.0,0.0
2019-12-06 00:00:00-05:00,264.75988881266017,265.86306772470726,262.6855763738757,264.0904541015625,724600,0.0,0.0
2019-12-09 00:00:00-05:00,266.00453868863394,266.3628366657411,261.5824418593872,261.66729736328125,427200,0.0,0.0
2019-12-10 00:00:00-05:00,262.01619068855814,264.2696525071345,261.3938882081859,263.1664733886719,380000,0.0,0.0
2019-12-11 00:00:00-05:00,262.5347018251116,268.1165181392193,262.5347018251116,267.8148193359375,465600,0.0,0.0
2019-12-12 00:00:00-05:00,265.60857226228256,270.8698154375684,265.23139828682986,270.83209228515625,856800,0.0,0.0
2019-12-13 00:00:00-05:00,272.04836050710117,275.1598437933064,270.7094622069327,273.3306884765625,723000,0.0,0.0
2019-12-16 00:00:00-05:00,274.59414405047926,277.158771248362,274.59414405047926,276.2347412109375,552800,0.0,0.0
2019-12-17 00:00:00-05:00,280.0156651913235,280.1193678657115,276.31957411812164,277.9978942871094,401100,0.0,0.0
2019-12-18 00:00:00-05:00,277.98850512678206,278.7711094090598,275.2353194904522,275.4710388183594,478500,0.0,0.0
2019-12-19 00:00:00-05:00,274.04733338470464,275.1599219035487,272.6236079586485,275.1505126953125,410100,0.0,0.0
2019-12-20 00:00:00-05:00,276.0273224787812,277.5453410810762,275.61245417550026,276.8193359375,824600,0.0,0.0
2019-12-23 00:00:00-05:00,278.62029947497484,280.43063692415024,278.5731671100102,279.2237548828125,424900,0.0,0.0
2019-12-24 00:00:00-05:00,277.1964568083614,278.3279209498809,274.66011485682355,278.082763671875,219500,0.0,0.0
2019-12-26 00:00:00-05:00,278.1866241059478,279.61034976117617,277.4228955273373,279.412353515625,191300,0.0,0.0
2019-12-27 00:00:00-05:00,280.45889292487215,281.4489026808498,279.2331350455809,279.72344970703125,317000,0.0,0.0
2019-12-30 00:00:00-05:00,279.487644768311,279.75164920734585,276.875856765879,278.0450439453125,338900,0.0,0.0
2019-12-31 00:00:00-05:00,278.1300323688718,279.55375791465144,276.6025465547342,279.0351867675781,298900,0.0,0.0
2020-01-02 00:00:00-05:00,284.0606383486598,285.9935541091272,283.43833586780187,285.5315246582031,573600,0.0,0.0
2020-01-03 00:00:00-05:00,281.0151838808701,283.5703735373943,280.6568858706783,280.9303283691406,410800,0.0,0.0
2020-01-06 00:00:00-05:00,276.4233695841284,278.82769535363474,275.7256207679198,278.6956787109375,617600,0.0,0.0
2020-01-07 00:00:00-05:00,281.6091798829141,284.01350552259913,280.42114526012136,281.7223205566406,477700,0.0,0.0
2020-01-08 00:00:00-05:00,283.4854533589678,285.8709314478746,282.8065806456573,284.64520263671875,536900,0.0,0.0
2020-01-09 00:00:00-05:00,285.95589022597295,286.5499076614665,283.11781971165414,284.1644287109375,579700,0.0,0.0
2020-01-10 00:00:00-05:00,282.91037532206076,283.34411967878566,278.67686466024435,279.2614440917969,447700,0.0,0.0
2020-01-13 00:00:00-05:00,281.6186188647423,284.3906807614578,280.50603042302254,284.23040771484375,405700,0.0,0.0
2020-01-14 00:00:00-05:00,282.06174000802673,288.4261618161482,281.4205903465297,285.26751708984375,609600,0.0,0.0
2020-01-15 00:00:00-05:00,284.37182117151235,285.64471137867514,282.62749227831404,282.9386291503906,505300,0.0,0.0
2020-01-16 00:00:00-05:00,285.26750043482707,285.6352363739502,282.4388686852529,283.8814697265625,547500,0.0,0.0
2020-01-17 00:00:00-05:00,283.7118312895696,283.85325715835336,282.17493637533187,282.9009704589844,743900,0.0,0.0
2020-01-21 00:00:00-05:00,281.08117175125443,284.0418206394762,280.4777451696456,281.3546142578125,573000,0.0,0.0
2020-01-22 00:00:00-05:00,283.39119132938265,284.4283620862267,279.1011112400248,279.327392578125,1108600,0.0,0.0
2020-01-23 00:00:00-05:00,279.96855590726045,280.12885771247284,274.9053092993988,277.5076599121094,713000,0.0,0.0
2020-01-24 00:00:00-05:00,279.93087295741685,282.2314672412549,277.66794427608954,278.931396484375,977800,0.0,0.0
2020-01-27 00:00:00-05:00,270.7566595473591,272.13325240257365,267.56029156323143,268.0411682128906,889100,0.0,0.0
2020-01-28 00:00:00-05:00,269.8798080359834,273.67960279962136,268.87092231410486,273.6041564941406,1636100,0.0,0.0
2020-01-29 00:00:00-05:00,279.157746552392,281.25093574003023,276.9325407039126,279.2237548828125,965500,0.0,0.0
2020-01-30 00:00:00-05:00,274.1792529701685,277.865906058946,273.9435336839883,277.5641784667969,794100,0.0,0.0
2020-01-31 00:00:00-05:00,271.5486764933426,271.78439583057644,264.16595951188646,264.6279602050781,1272600,0.0,0.0
2020-02-03 00:00:00-05:00,267.42835101949254,272.3501727405377,267.13606129524754,271.6995849609375,823200,0.0,0.0
2020-02-04 00:00:00-05:00,278.0639397920078,282.1654616808641,277.4227901527637,282.1371765136719,795300,0.0,0.0
2020-02-05 00:00:00-05:00,289.79330589531895,289.79330589531895,285.73891677256717,288.8221435546875,1042000,0.0,0.0
2020-02-06 00:00:00-05:00,289.96310418796145,291.9242766444939,289.10508224624834,291.8677062988281,698000,0.0,0.0
2020-02-07 00:00:00-05:00,287.266464701318,288.1716189314345,285.88043379848295,287.54931640625,1775900,0.0,0.0
2020-02-10 00:00:00-05:00,286.67242138355806,292.0091103365087,286.63469823487225,291.990234375,373000,0.0,0.0
2020-02-11 00:00:00-05:00,295.1583021009742,298.20377719985044,295.13001693447575,297.9586486816406,789900,0.0,0.0
2020-02-12 00:00:00-05:00,297.6004010286147,299.5615733774547,297.2421030095154,299.3070068359375,656100,0.0,0.0
2020-02-13 00:00:00-05:00,296.9592014515231,300.1838255334877,296.08230374037186,299.1278076171875,742200,0.0,0.0
2020-02-14 00:00:00-05:00,299.2409718245331,300.985300629444,296.54435648857645,298.2320861816406,661400,0.0,0.0
2020-02-18 00:00:00-05:00,289.8404783728933,292.48996130321416,289.35963051294203,291.518798828125,757100,0.0,0.0
2020-02-19 00:00:00-05:00,293.37628292262104,299.4861385348926,293.23485707439715,299.2598571777344,1093900,0.0,0.0
2020-02-20 00:00:00-05:00,297.8078653187116,298.49614748088305,292.7068945704281,295.5638122558594,1118400,0.0,0.0
2020-02-21 00:00:00-05:00,292.48054285068673,293.07453136479035,287.32300299424924,288.52044677734375,1134600,0.0,0.0
2020-02-24 00:00:00-05:00,272.53866388337855,278.3656672911518,271.80322076240355,273.8115539550781,1347400,0.0,0.0
2020-02-25 00:00:00-05:00,278.66742512197555,279.02572316494934,268.19207022792796,268.33349609375,1166700,0.0,0.0
2020-02-26 00:00:00-05:00,272.9158406217447,275.6124558349763,269.27631935274474,269.9646301269531,861100,0.0,0.0
2020-02-27 00:00:00-05:00,262.93072554853285,270.4643340395838,260.1115318922034,261.39385986328125,1373900,0.0,0.0
2020-02-28 00:00:00-05:00,252.5119624043757,261.61072241410386,250.78650964029305,260.903564453125,1647400,0.0,0.0
2020-03-02 00:00:00-05:00,263.6473399644047,271.0677795410156,259.7344050141767,271.0677795410156,1081300,0.0,0.0
2020-03-03 00:00:00-05:00,276.19706448318306,279.8931564797211,266.09885578317267,268.0600280761719,1916300,0.0,0.0
2020-03-04 00:00:00-05:00,275.6879239853128,284.7395235851795,273.41558610399767,284.3812255859375,1289500,0.0,0.0
2020-03-05 00:00:00-05:00,274.4150291464977,279.0351223585754,269.70064244553424,271.7843933105469,1453900,0.0,0.0
2020-03-06 00:00:00-05:00,268.2108777611927,271.77495292461185,265.221972732855,271.6523742675781,1148400,0.0,0.0
2020-03-09 00:00:00-04:00,250.2868017355281,260.5830061879807,248.78760144158161,248.8347625732422,1759600,0.0,0.0
2020-03-10 00:00:00-04:00,262.11053767709666,264.33574380004154,249.86256672720148,263.7794494628906,1699200,0.0,0.0
2020-03-11 00:00:00-04:00,256.9434830320373,258.65949772132507,245.67608862920136,249.05160522460938,1175900,0.0,0.0
2020-03-12 00:00:00-04:00,231.4009309148122,240.3016943777626,223.98049162706286,226.99769592285156,2779800,0.0,0.0
2020-03-13 00:00:00-04:00,242.37602629538046,243.13031659408935,220.48241515440517,242.27232360839844,2637200,0.0,0.0
2020-03-16 00:00:00-04:00,208.04583458521884,234.03154057377944,197.6459009120309,216.25830078125,1496800,0.0,0.0
2020-03-17 00:00:00-04:00,218.32327142354637,226.2717212391212,212.16628296706517,224.72540283203125,1642500,0.0,0.0
2020-03-18 00:00:00-04:00,201.17229235041935,213.36368839100808,180.32527559971828,185.73739624023438,3131900,0.0,0.0
2020-03-19 00:00:00-04:00,194.0535933340809,206.71644416311617,189.13177220730427,201.80404663085938,1634600,0.0,0.0
2020-03-20 00:00:00-04:00,212.28884263025043,223.76367334490797,203.2749369128247,203.7558135986328,2316700,0.0,0.0
2020-03-23 00:00:00-04:00,212.458525263347,221.85901227799908,209.95046841048912,219.83181762695312,1731500,0.0,0.0
2020-03-24 00:00:00-04:00,239.80203572645158,245.64787333500038,236.47367931040597,245.3461456298828,1427600,0.0,0.0
2020-03-25 00:00:00-04:00,245.7798310900291,256.7831927378271,237.55792574215516,247.099853515625,1211300,0.0,0.0
2020-03-26 00:00:00-04:00,247.87301789731774,261.30901891759373,246.66610737529697,260.13983154296875,1018600,0.0,0.0
2020-03-27 00:00:00-04:00,247.23184106117114,248.64615696703657,237.42592320203696,238.1896514892578,1518300,0.0,0.0
2020-03-30 00:00:00-04:00,248.51416634598183,254.69943887018152,245.7986752330492,252.71939086914062,1142400,0.0,0.0
2020-03-31 00:00:00-04:00,252.80426953874758,253.24742304257424,244.2052327425928,246.69444274902344,881800,0.0,0.0
2020-04-01 00:00:00-04:00,238.67053770742646,242.96061795142134,233.24899318348494,234.78587341308594,715700,0.0,0.0
2020-04-02 00:00:00-04:00,229.93947861261137,237.56736677333657,228.41202201664075,233.15469360351562,788600,0.0,0.0
2020-04-03 00:00:00-04:00,232.00436083090813,233.83354489534216,228.62885873862047,230.63719177246094,571700,0.0,0.0
2020-04-06 00:00:00-04:00,245.1481340076548,257.19810652059607,244.6012777540378,255.64236450195312,807600,0.0,0.0
2020-04-07 00:00:00-04:00,264.4393606785834,265.21252697386547,255.51974943768238,257.0189208984375,768200,0.0,0.0
2020-04-08 00:00:00-04:00,262.1481770367242,265.2690986271679,258.73496578247443,262.666748046875,891700,0.0,0.0
2020-04-09 00:00:00-04:00,266.0988645423373,268.8426412659997,259.4044291578243,260.9978942871094,728900,0.0,0.0
2020-04-13 00:00:00-04:00,259.1498154013375,260.3755443047051,256.47204749025497,258.4426574707031,789400,0.0,0.0
2020-04-14 00:00:00-04:00,270.5963528069802,277.9225279975441,268.7671685045853,272.425537109375,1700600,0.0,0.0
2020-04-15 00:00:00-04:00,261.10164880655515,268.2863707209023,259.33844371890535,266.35345458984375,1487600,0.0,0.0
2020-04-16 00:00:00-04:00,273.2740947569975,275.83872197213293,269.82318941854203,275.6972961425781,1212000,0.0,0.0
2020-04-17 00:00:00-04:00,284.04177615508235,284.2114871569871,276.8381800369312,278.76165771484375,899100,0.0,0.0
2020-04-20 00:00:00-04:00,274.99023318821367,280.9869494012662,274.792236958459,274.9242248535156,510100,0.0,0.0
2020-04-21 00:00:00-04:00,269.72892571023345,271.1243657482925,262.65734570872,265.03338623046875,663700,0.0,0.0
2020-04-22 00:00:00-04:00,273.43450266859395,278.5920442664545,271.7656196834827,278.12060546875,596100,0.0,0.0
2020-04-23 00:00:00-04:00,274.32078330942574,280.18548253514496,271.84101087006843,272.8687438964844,730500,0.0,0.0
2020-04-24 00:00:00-04:00,274.71474923228413,277.150191980546,270.99994205931813,276.5626525878906,464200,1.458,0.0
2020-04-27 00:00:00-04:00,278.4105098447883,279.3297328494901,275.0842442129249,275.6717834472656,689100,0.0,0.0
2020-04-28 00:00:00-04:00,282.01166768160556,282.01166768160556,275.85193159340344,276.1646728515625,532000,0.0,0.0
2020-04-29 00:00:00-04:00,280.78920675651983,288.80636152098333,279.8889549306536,287.8113098144531,968000,0.0,0.0
2020-04-30 00:00:00-04:00,285.58433835703215,285.74545189111564,272.0329289102722,273.3312072753906,846300,0.0,0.0
2020-05-01 00:00:00-04:00,269.0003453456939,269.0003453456939,263.6366632168423,264.4516296386719,862800,0.0,0.0
2020-05-04 00:00:00-04:00,264.96340736357536,268.40338748339093,261.5139414728405,268.3559875488281,1036900,0.0,0.0
2020-05-05 00:00:00-04:00,269.4457626920631,277.66191466656676,269.4457626920631,273.2553405761719,821600,0.0,0.0
2020-05-06 00:00:00-04:00,278.50535325768755,280.2963998117737,275.5676274013212,276.6195068359375,552400,0.0,0.0
2020-05-07 00:00:00-04:00,282.3432717802856,284.40914497453105,279.13071952352317,283.9068908691406,570800,0.0,0.0
2020-05-08 00:00:00-04:00,284.503972073268,288.56940564296974,283.7648049624161,288.46514892578125,680600,0.0,0.0
2020-05-11 00:00:00-04:00,282.96880747459994,289.79188246073113,282.7318945461919,288.4557189941406,513600,0.0,0.0
2020-05-12 00:00:00-04:00,289.3938182595895,289.8865866259313,280.73226971100354,281.10186767578125,481700,0.0,0.0
2020-05-13 00:00:00-04:00,282.86449042193203,285.68850233749936,275.52967697710557,278.8275146484375,1142300,0.0,0.0
2020-05-14 00:00:00-04:00,271.18940871781405,287.8585930571637,268.4791107268204,286.7119140625,1296800,0.0,0.0
2020-05-15 00:00:00-04:00,277.4250424657919,280.71339510801187,274.91377117880205,277.2260437011719,957200,0.0,0.0
2020-05-18 00:00:00-04:00,282.106401443748,290.51206633948425,282.077973053121,288.92950439453125,997000,0.0,0.0
2020-05-19 00:00:00-04:00,287.9155058705746,295.65780297354775,287.8302206999945,290.2182922363281,687400,0.0,0.0
2020-05-20 00:00:00-04:00,301.58067682689705,309.1808621983773,300.9267948206217,308.59332275390625,1084900,0.0,0.0
2020-05-21 00:00:00-04:00,305.71245009485455,307.47506840920215,300.6898786360525,302.2914123535156,639200,0.0,0.0
2020-05-22 00:00:00-04:00,299.42956501609814,302.77477498827494,297.8659452015752,302.64208984375,365400,0.0,0.0
2020-05-26 00:00:00-04:00,305.57974481551906,308.3469003751236,302.66099044062395,303.1158447265625,540400,0.0,0.0
2020-05-27 00:00:00-04:00,302.29134983505867,302.86943230205975,294.8238512123525,301.8554382324219,808100,0.0,0.0
2020-05-28 00:00:00-04:00,304.4426021126095,311.85321661520754,302.6894406391681,303.2201232910156,797900,0.0,0.0
2020-05-29 00:00:00-04:00,308.4131879123925,312.7060479903127,307.2665087910731,312.2606506347656,649500,0.0,0.0
2020-06-01 00:00:00-04:00,306.9253473299839,310.0336428388155,306.56523516224905,309.62615966796875,526100,0.0,0.0
2020-06-02 00:00:00-04:00,314.3266195204547,317.4822872059577,311.559463613016,317.2074890136719,717200,0.0,0.0
2020-06-03 00:00:00-04:00,322.6848407229953,329.271001687933,321.1117356689734,328.1717224121094,693900,0.0,0.0
2020-06-04 00:00:00-04:00,329.6405863042298,334.890583811302,328.8350767299633,334.6252136230469,884600,0.0,0.0
2020-06-05 00:00:00-04:00,340.20692980196725,345.09681560601496,337.51560268563685,338.5201110839844,899200,0.0,0.0
2020-06-08 00:00:00-04:00,332.59733889066615,333.16593572986426,325.1487810292475,330.9673767089844,1001700,0.0,0.0
2020-06-09 00:00:00-04:00,328.47508443707295,334.6537930985125,327.1104634394568,331.043212890625,737200,0.0,0.0
2020-06-10 00:00:00-04:00,332.6352410908964,334.91908521748115,329.50797304783947,329.7070007324219,997900,0.0,0.0
2020-06-11 00:00:00-04:00,323.7177195647229,326.7691581874897,315.3783700075839,315.46368408203125,919300,0.0,0.0
2020-06-12 00:00:00-04:00,328.1338507473207,329.09095919325654,319.5955006165428,325.11083984375,845000,0.0,0.0
2020-06-15 00:00:00-04:00,319.84191549000235,331.68756103515625,319.0079774164182,331.68756103515625,598200,0.0,0.0
2020-06-16 00:00:00-04:00,332.8626178422386,336.41631127115926,328.87301278364566,333.6207275390625,863900,0.0,0.0
2020-06-17 00:00:00-04:00,342.46233554836334,346.6035683613195,341.5431123510686,343.43841552734375,710400,0.0,0.0
2020-06-18 00:00:00-04:00,340.7565700088759,342.8603578436593,337.8567582528276,340.0932312011719,494700,0.0,0.0
2020-06-19 00:00:00-04:00,345.63695264087136,348.8684478257024,340.766009899387,341.78948974609375,786900,0.0,0.0
2020-06-22 00:00:00-04:00,343.41004395265077,345.82654433419174,340.98405779924906,345.2200622558594,554500,0.0,0.0
2020-06-23 00:00:00-04:00,351.20917084361406,352.33687864229006,347.3617073846136,347.447021484375,604100,0.0,0.0
2020-06-24 00:00:00-04:00,346.45200938077284,348.3188845366356,340.7092419307659,342.65191650390625,613500,0.0,0.0
2020-06-25 00:00:00-04:00,343.4952280442411,347.7217454850724,339.808849959819,347.36163330078125,465100,0.0,0.0
2020-06-26 00:00:00-04:00,348.195617054903,348.92532728861414,342.10222426707537,342.82244873046875,493000,0.0,0.0
2020-06-29 00:00:00-04:00,343.93111824693284,345.98753452520464,339.36343152378595,345.71270751953125,612800,0.0,0.0
2020-06-30 00:00:00-04:00,343.25839768166327,349.59818982672573,343.22996928765093,348.7642517089844,678600,0.0,0.0
2020-07-01 00:00:00-04:00,348.7641979985628,350.8111288123232,346.1486704720862,348.34722900390625,516600,0.0,0.0
2020-07-02 00:00:00-04:00,354.0047237031929,356.2032823207296,352.9149301646825,353.6825256347656,449400,0.0,0.0
2020-07-06 00:00:00-04:00,366.05881945033127,369.10077266096835,363.42434944298253,365.28173828125,752900,0.0,0.0
2020-07-07 00:00:00-04:00,365.22494838011056,368.26690214774965,361.87973913680986,362.0218811035156,410900,0.0,0.0
2020-07-08 00:00:00-04:00,368.4753601832878,371.62157044702553,366.6369426793303,371.4130859375,599300,0.0,0.0
2020-07-09 00:00:00-04:00,374.7488334265216,374.9667747837464,365.88828526199427,374.0570373535156,644200,0.0,0.0
2020-07-10 00:00:00-04:00,378.18882615709964,378.2930828820893,371.4320938566942,375.1279296875,667200,0.0,0.0
2020-07-13 00:00:00-04:00,377.0326276408879,381.7803711084069,367.56559801526475,368.2763366699219,1083600,0.0,0.0
2020-07-14 00:00:00-04:00,366.3906098854764,376.73895105885174,365.23447356478414,376.056640625,880100,0.0,0.0
2020-07-15 00:00:00-04:00,366.90230561325893,367.39507406482545,353.0097288191351,355.77685546875,1640300,0.0,0.0
2020-07-16 00:00:00-04:00,354.5164706043815,373.242046621333,353.30347770887033,365.0543518066406,2240900,0.0,0.0
2020-07-17 00:00:00-04:00,365.2533188833303,366.78850972050327,360.2118058496285,363.5096435546875,1048700,0.0,0.0
2020-07-20 00:00:00-04:00,363.8129341681103,371.9248296606924,362.07871552133645,370.9866638183594,972600,0.0,0.0
2020-07-21 00:00:00-04:00,371.6120985767578,371.75424052750014,363.10217711193735,363.7276306152344,823700,0.0,0.0
2020-07-22 00:00:00-04:00,372.06697728930334,373.8959379892139,369.3472217461138,372.04803466796875,710100,0.0,0.0
2020-07-23 00:00:00-04:00,369.63152166801325,373.57375607871177,361.8987095039884,364.1162109375,990800,0.0,0.0
2020-07-24 00:00:00-04:00,351.5882831760748,355.52103213392064,347.5702201115449,348.4325866699219,1628900,0.0,0.0
2020-07-27 00:00:00-04:00,358.20282586361805,363.69922260050095,356.5634070731605,361.79443359375,1080300,0.0,0.0
2020-07-28 00:00:00-04:00,361.15948718726224,361.75651232212493,356.4970575131539,356.65814208984375,502000,0.0,0.0
2020-07-29 00:00:00-04:00,345.89279652235865,346.992075729655,342.75607237982666,345.5326843261719,1446700,0.0,0.0
2020-07-30 00:00:00-04:00,337.2218810682192,343.82701492343557,336.28368616996454,343.7417297363281,1010400,0.0,0.0
2020-07-31 00:00:00-04:00,343.0025220166945,343.2015207631086,332.379326329981,335.2033386230469,954900,0.0,0.0
2020-08-03 00:00:00-04:00,342.1211794672174,347.93028855942396,340.9840148685026,347.4185485839844,862400,0.0,0.0
2020-08-04 00:00:00-04:00,349.1433151778316,352.4032393981416,348.925373791729,350.94384765625,833400,0.0,0.0
2020-08-05 00:00:00-04:00,351.58827604301257,353.6730924877485,347.5133562700565,349.2191467285156,591300,0.0,0.0
2020-08-06 00:00:00-04:00,348.7831164592711,350.2140794518168,345.1157098503241,349.9013671875,402100,0.0,0.0
2020-08-07 00:00:00-04:00,351.3323466322135,351.7398588014125,343.36259316718673,346.9068298339844,572500,0.0,0.0
2020-08-10 00:00:00-04:00,345.66543478215885,347.57968075751876,340.71869187391866,346.2814025878906,547900,0.0,0.0
2020-08-11 00:00:00-04:00,346.8783985574005,350.03406564963143,341.78002833989467,342.39599609375,627000,0.0,0.0
2020-08-12 00:00:00-04:00,347.39960308236283,356.3454366675716,346.49935139751506,355.1893005371094,565400,0.0,0.0
2020-08-13 00:00:00-04:00,356.8666412584965,358.34500442080855,353.4740611178899,355.1419372558594,470700,0.0,0.0
2020-08-14 00:00:00-04:00,351.6545208920132,354.5638180618913,350.31835766965577,351.6734924316406,543900,0.0,0.0
2020-08-17 00:00:00-04:00,356.94248679381514,360.5814657902562,356.5539461329406,358.6956481933594,428200,0.0,0.0
2020-08-18 00:00:00-04:00,363.5286543669395,363.87930978839404,357.2552047468485,357.4731750488281,466500,0.0,0.0
2020-08-19 00:00:00-04:00,360.47721288659955,360.51509812889987,354.3837910030609,355.3125,354400,0.0,0.0
2020-08-20 00:00:00-04:00,350.19517172625245,353.8341503101162,349.09589242695546,352.6875,498200,0.0,0.0
2020-08-21 00:00:00-04:00,346.98268508945546,352.64965300831113,346.4046313992232,352.6401672363281,605400,0.0,0.0
2020-08-24 00:00:00-04:00,360.3445523994233,360.8657492569709,354.9239836167845,358.2028503417969,590700,0.0,0.0
2020-08-25 00:00:00-04:00,359.44416798687035,360.8940734863281,356.5727853734333,360.8940734863281,378200,0.0,0.0
2020-08-26 00:00:00-04:00,360.1928874666619,366.4284510910827,360.18340169640203,365.71771240234375,417600,0.0,0.0
2020-08-27 00:00:00-04:00,366.47582386802145,366.5516232703717,353.70147002966064,356.5254821777344,636100,0.0,0.0
2020-08-28 00:00:00-04:00,356.43079884311385,360.0034647226795,355.179891496634,359.6054382324219,490200,0.0,0.0
2020-08-31 00:00:00-04:00,356.241157363194,358.6292286834393,353.7677719600577,354.59222412109375,533300,0.0,0.0
2020-09-01 00:00:00-04:00,364.0024367998404,366.6463928222656,362.31561813364044,366.6463928222656,634500,0.0,0.0
2020-09-02 00:00:00-04:00,374.9477976396765,380.1503951435681,370.0484266379211,377.629638671875,904300,0.0,0.0
2020-09-03 00:00:00-04:00,368.73124189924266,368.930240636854,350.7068900290454,356.4686279296875,1258500,0.0,0.0
2020-09-04 00:00:00-04:00,346.3666838211409,351.5787679826081,334.38835288480726,348.1861877441406,1206300,0.0,0.0
2020-09-08 00:00:00-04:00,327.29038770136094,334.89057109559195,325.2813711867854,329.166748046875,1541000,0.0,0.0
2020-09-09 00:00:00-04:00,339.2308496757514,342.61397288108594,335.00433157173876,340.55755615234375,847300,0.0,0.0
2020-09-10 00:00:00-04:00,345.20109386264977,347.6081374143341,336.4448009140513,338.3116760253906,678600,0.0,0.0
2020-09-11 00:00:00-04:00,344.9451221361471,347.9302183706277,338.8706729709838,340.4248352050781,678700,0.0,0.0
2020-09-14 00:00:00-04:00,350.4130835572841,350.6121111940309,346.2339369860313,348.67889404296875,575700,0.0,0.0
2020-09-15 00:00:00-04:00,354.9429636069553,355.14199130372936,349.7782787437765,350.8680725097656,717100,0.0,0.0
2020-09-16 00:00:00-04:00,352.5263137683305,353.45502253301527,343.39094057293704,343.409912109375,973900,0.0,0.0
2020-09-17 00:00:00-04:00,336.89969796245845,348.3852330588651,336.5490714264849,347.54180908203125,901000,0.0,0.0
2020-09-18 00:00:00-04:00,350.9059555033115,351.49349492912256,341.0882688693249,347.1627197265625,912200,0.0,0.0
2020-09-21 00:00:00-04:00,336.71002992501906,343.99747179257406,334.113474240828,343.6373596191406,657900,0.0,0.0
2020-09-22 00:00:00-04:00,344.9357610214816,345.98766953226624,339.95113234058306,345.5517578125,971200,0.0,0.0
2020-09-23 00:00:00-04:00,346.0918760547404,347.3901542820259,338.2453209814784,338.84234619140625,709800,0.0,0.0
2020-09-24 00:00:00-04:00,336.08464366082455,344.55665151802447,335.1654204260267,341.30621337890625,768400,0.0,0.0
2020-09-25 00:00:00-04:00,334.35054127693587,342.20655449352546,332.71109312295886,341.60955810546875,724100,0.0,0.0
2020-09-28 00:00:00-04:00,346.7457341163494,352.043103387249,345.27688562192617,351.6356201171875,821900,0.0,0.0
2020-09-29 00:00:00-04:00,350.6974583125977,356.20331216801736,350.22363248049595,354.4217224121094,608800,0.0,0.0
2020-09-30 00:00:00-04:00,349.4749300243102,353.71093351957757,348.26193722289287,349.93927001953125,867800,0.0,0.0
2020-10-01 00:00:00-04:00,355.87162747333724,362.6189026795582,354.8197480101355,362.0124206542969,891600,0.0,0.0
2020-10-02 00:00:00-04:00,352.9054923618439,356.05170299181515,350.6311340332031,350.6311340332031,711600,0.0,0.0
2020-10-05 00:00:00-04:00,355.51150002863756,362.3819742846463,355.2840728938835,362.1071472167969,649900,0.0,0.0
2020-10-06 00:00:00-04:00,354.61121069754626,357.6247355932756,349.26644223792425,350.73529052734375,686600,0.0,0.0
2020-10-07 00:00:00-04:00,354.82922422083936,356.8192986036218,352.1758109904863,356.12750244140625,550900,0.0,0.0
2020-10-08 00:00:00-04:00,357.0467309126422,361.0079371123054,356.73401856742345,360.9510803222656,686700,0.0,0.0
2020-10-09 00:00:00-04:00,365.6039424821596,369.5651477893488,365.5755140935447,368.626953125,539300,0.0,0.0
2020-10-12 00:00:00-04:00,374.729902288824,380.00832916339823,374.729902288824,378.15093994140625,840300,0.0,0.0
2020-10-13 00:00:00-04:00,380.4916032527327,387.69373227826554,377.430678172859,383.9410400390625,1027900,0.0,0.0
2020-10-14 00:00:00-04:00,381.5624140416427,384.74650920169813,374.7961684464818,377.1937255859375,954800,0.0,0.0
2020-10-15 00:00:00-04:00,363.7086355078919,367.6129839954861,360.78988160166296,366.3336486816406,786200,0.0,0.0
2020-10-16 00:00:00-04:00,370.30434298247104,371.8395339245143,365.67031284553246,366.6463928222656,594500,0.0,0.0
2020-10-19 00:00:00-04:00,371.6594963004572,371.735295706291,363.6992283663945,365.1396484375,392700,0.0,0.0
2020-10-20 00:00:00-04:00,366.57063056534304,368.89235983418,364.14464457307014,364.8079833984375,356800,0.0,0.0
2020-10-21 00:00:00-04:00,365.461801741868,368.9112671453131,362.93158838673014,362.9505310058594,359100,0.0,0.0
2020-10-22 00:00:00-04:00,361.1499938532988,362.0881595875765,355.7483687140593,355.8431396484375,611700,0.0,0.0
2020-10-23 00:00:00-04:00,359.0083527836277,359.69066313825107,354.5544073165318,358.7430114746094,467600,0.0,0.0
2020-10-26 00:00:00-04:00,352.09993504760797,355.25563102274754,344.9451771446262,348.2524719238281,900400,0.0,0.0
2020-10-27 00:00:00-04:00,349.12434906213537,351.1428517108667,345.3811134635926,347.1911315917969,968700,0.0,0.0
2020-10-28 00:00:00-04:00,340.652283603617,345.9591377524436,338.6716954521498,343.86480712890625,953100,0.0,0.0
2020-10-29 00:00:00-04:00,344.3197454750666,354.2321735913881,343.25838025909763,351.4460754394531,808800,0.0,0.0
2020-10-30 00:00:00-04:00,344.7651697861605,346.67941584849586,340.2164531001991,342.30126953125,821100,0.0,0.0
2020-11-02 00:00:00-05:00,346.7401192940977,350.39321616677927,344.11444412251313,347.4345703125,893200,1.396,0.0
2020-11-03 00:00:00-05:00,350.5263845088284,358.07043928683083,349.955581775761,353.951171875,813500,0.0,0.0
2020-11-04 00:00:00-05:00,355.4733314090299,366.22332944542745,354.1985549875839,364.3587341308594,2451500,0.0,0.0
2020-11-05 00:00:00-05:00,377.8675815571525,380.22685696811874,374.3095942633921,378.80938720703125,1115500,0.0,0.0
2020-11-06 00:00:00-05:00,382.52913656477745,387.6663038647587,378.8094392205134,386.4676208496094,710700,0.0,0.0
2020-11-09 00:00:00-05:00,396.7420011666056,400.17628273004163,386.54375963181985,386.5532531738281,1273700,0.0,0.0
2020-11-10 00:00:00-05:00,389.20737550666195,390.1491811028122,378.60959481027794,379.8653259277344,1323100,0.0,0.0
2020-11-11 00:00:00-05:00,387.5710891077869,398.2640374379125,387.45693437299866,397.7027282714844,933300,0.0,0.0
2020-11-12 00:00:00-05:00,398.60651150113847,400.6803999870363,391.95673674516894,392.6321716308594,800800,0.0,0.0
2020-11-13 00:00:00-05:00,399.14880004875045,400.87070185534355,396.1140606145373,399.1678161621094,582700,0.0,0.0
2020-11-16 00:00:00-05:00,399.5103563961931,405.8842389888713,399.2059243532551,405.7510681152344,547300,0.0,0.0
2020-11-17 00:00:00-05:00,404.2383730254237,406.64523210002744,401.6983140734418,405.7224426269531,524600,0.0,0.0
2020-11-18 00:00:00-05:00,403.47734352483184,406.5596378468687,400.5282200645912,403.18243408203125,543600,0.0,0.0
2020-11-19 00:00:00-05:00,396.99883899912857,402.77340916166753,396.580252194554,402.7543640136719,914100,0.0,0.0
2020-11-20 00:00:00-05:00,403.40128442215115,407.54906212104663,402.90657509613567,402.9731750488281,484000,0.0,0.0
2020-11-23 00:00:00-05:00,407.1589449637532,408.7286597115823,401.4129435680878,406.3598327636719,596000,0.0,0.0
2020-11-24 00:00:00-05:00,404.71413754718407,406.7975200172831,402.4309261791921,403.6200866699219,610400,0.0,0.0
2020-11-25 00:00:00-05:00,402.659206378534,404.0100762421698,400.2713631688989,402.8684997558594,308200,0.0,0.0
2020-11-27 00:00:00-05:00,408.4337390211482,417.36672509776633,407.91052010394264,416.46295166015625,432500,0.0,0.0
2020-11-30 00:00:00-05:00,419.09818754042243,419.8116837826673,412.5625666066174,416.4249572753906,508500,0.0,0.0
2020-12-01 00:00:00-05:00,425.3388674608143,429.7435219146493,422.8463920846467,427.37469482421875,685100,0.0,0.0
2020-12-02 00:00:00-05:00,425.3959447434172,430.1050021725308,422.63709861844643,429.0490417480469,1050700,0.0,0.0
2020-12-03 00:00:00-05:00,434.7665108720873,436.8689380694132,430.2952567099407,430.8565368652344,677900,0.0,0.0
2020-12-04 00:00:00-05:00,431.9030089244149,441.8919551660589,431.3988061325546,441.7873229980469,660800,0.0,0.0
2020-12-07 00:00:00-05:00,441.9490819701365,448.0851612463856,441.5114790720087,446.8674621582031,632900,0.0,0.0
2020-12-08 00:00:00-05:00,443.24293212954666,447.9329740809843,442.31061986439295,445.7639465332031,738800,0.0,0.0
2020-12-09 00:00:00-05:00,441.2260423482793,443.28091490622285,428.59240401710565,430.8470764160156,868800,0.0,0.0
2020-12-10 00:00:00-05:00,429.1822156608014,436.5454865969224,427.2605141270202,435.5180358886719,539300,0.0,0.0
2020-12-11 00:00:00-05:00,431.7223224644661,434.8997557157703,429.848204426443,430.5997619628906,512100,0.0,0.0
2020-12-14 00:00:00-05:00,430.32384211506286,434.58580337420904,430.16213256122165,430.94219970703125,546100,0.0,0.0
2020-12-15 00:00:00-05:00,441.9015322221986,446.76280605702476,439.4090566407057,446.4583740234375,639200,0.0,0.0
2020-12-16 00:00:00-05:00,445.2120327940824,449.2551772605425,442.37709360763864,448.5797424316406,524900,0.0,0.0
2020-12-17 00:00:00-05:00,455.42942182038473,457.89335871093436,452.8418076017914,454.0690002441406,477300,0.0,0.0
2020-12-18 00:00:00-05:00,455.2010622127989,456.11435827043783,451.2340395187973,454.01190185546875,730700,0.0,0.0
2020-12-21 00:00:00-05:00,437.8583231647556,449.2932775868554,437.1162883359044,449.2742614746094,622800,0.0,0.0
2020-12-22 00:00:00-05:00,450.43494049343036,455.32475292985794,449.93073764837914,453.0035095214844,431300,0.0,0.0
2020-12-23 00:00:00-05:00,455.62906179964244,457.00849909475227,451.11977610118595,451.5193176269531,389200,0.0,0.0
2020-12-24 00:00:00-05:00,455.63875545342574,461.01375518554977,453.8597469323396,459.5772399902344,271900,0.0,0.0
2020-12-28 00:00:00-05:00,463.43009443365787,464.9331804138096,455.14400381509023,456.86590576171875,449300,0.0,0.0
2020-12-29 00:00:00-05:00,465.6276822682024,465.6276822682024,459.0254610584075,460.45245361328125,377200,0.0,0.0
2020-12-30 00:00:00-05:00,464.3718833851432,468.68139938258633,464.2482060621411,466.06524658203125,381900,0.0,0.0
2020-12-31 00:00:00-05:00,466.1509000752052,466.64558037469976,459.91971088097256,463.98187255859375,312700,0.0,0.0
2021-01-04 00:00:00-05:00,475.6546314793378,480.18296351623536,466.8263059414085,475.6641540527344,1527600,0.0,0.0
2021-01-05 00:00:00-05:00,470.1084151760095,480.7632751464844,469.8515669762531,480.7632751464844,1029900,0.0,0.0
2021-01-06 00:00:00-05:00,467.9108382580213,475.5119422162328,465.90352041352475,466.36016845703125,977900,0.0,0.0
2021-01-07 00:00:00-05:00,471.83026162790645,478.7273912695843,471.40215231311583,477.0245056152344,936200,0.0,0.0
2021-01-08 00:00:00-05:00,487.6414086328209,489.2491558146689,477.29092284368284,483.978759765625,734500,0.0,0.0
2021-01-11 00:00:00-05:00,476.1398262585865,484.1405009489178,475.1218979839632,483.22723388671875,703000,0.0,0.0
2021-01-12 00:00:00-05:00,482.4185782942024,489.73426608352224,478.9937906676885,488.9161376953125,651700,0.0,0.0
2021-01-13 00:00:00-05:00,486.3285339676716,490.5143726971792,484.58761594621956,489.0398254394531,513700,0.0,0.0
2021-01-14 00:00:00-05:00,504.3561357086063,519.8057545348421,504.099316577045,518.1409301757812,1450300,0.0,0.0
2021-01-15 00:00:00-05:00,506.40160123875006,510.7206111261842,499.7898574683692,501.8257141113281,869200,0.0,0.0
2021-01-19 00:00:00-05:00,507.0579664041174,523.6871659337011,504.7842779100972,522.7548828125,1504000,0.0,0.0
2021-01-20 00:00:00-05:00,528.5292864122696,530.993193334522,516.7232738074272,522.6405639648438,1121900,0.0,0.0
2021-01-21 00:00:00-05:00,540.3544902771938,545.8721829664254,538.080801637913,542.9611206054688,1272100,0.0,0.0
2021-01-22 00:00:00-05:00,536.0639494126422,542.9325696110202,535.3980080208844,541.73388671875,901600,0.0,0.0
2021-01-25 00:00:00-05:00,534.789123055865,540.5636336170047,527.1499304217194,539.9833374023438,966500,0.0,0.0
2021-01-26 00:00:00-05:00,535.7689389206523,536.2160933099294,521.7463723695031,522.2791137695312,887700,0.0,0.0
2021-01-27 00:00:00-05:00,508.93213171173164,513.2607224295369,497.0690943080003,499.0954284667969,1506800,0.0,0.0
2021-01-28 00:00:00-05:00,515.7246024884068,526.8837236173996,511.2248379333561,520.5858764648438,968600,0.0,0.0
2021-01-29 00:00:00-05:00,514.630639725182,517.0469929934571,502.5867894881962,508.16156005859375,867300,0.0,0.0
2021-02-01 00:00:00-05:00,520.7571457186401,528.4343141661448,518.0268380847433,527.4069213867188,849600,0.0,0.0
2021-02-02 00:00:00-05:00,526.8265193760826,529.689968271462,522.7072523176845,526.5601196289062,721600,0.0,0.0
2021-02-03 00:00:00-05:00,524.4577310993968,524.8667952799875,515.5723577425388,516.485595703125,635400,0.0,0.0
2021-02-04 00:00:00-05:00,520.3385167971481,528.919458066863,517.7889640731413,528.40576171875,554500,0.0,0.0
2021-02-05 00:00:00-05:00,527.9491877166288,529.0717481714807,524.2009517965927,525.90380859375,461700,0.0,0.0
2021-02-08 00:00:00-05:00,530.8125960791206,539.3365181071076,530.8125960791206,536.5491333007812,716900,0.0,0.0
2021-02-09 00:00:00-05:00,538.9654957488654,544.0931690459977,537.9761352539062,537.9761352539062,483300,0.0,0.0
2021-02-10 00:00:00-05:00,543.6174095523793,545.1680790014976,532.4583495130862,539.2984008789062,458600,0.0,0.0
2021-02-11 00:00:00-05:00,546.6618477074925,562.9866176396047,545.9007965940253,562.7202758789062,975400,0.0,0.0
2021-02-12 00:00:00-05:00,563.1577510327477,572.1859048152559,560.4750564894834,568.884765625,732400,0.0,0.0
2021-02-16 00:00:00-05:00,576.1054231223164,579.0830854237462,570.0073760449646,573.7841796875,621600,0.0,0.0
2021-02-17 00:00:00-05:00,569.2271484858899,569.3508257847151,553.1592609190319,558.9813842773438,825100,0.0,0.0
2021-02-18 00:00:00-05:00,555.9182015887994,560.7700108459472,548.0126655942336,554.1296997070312,716800,0.0,0.0
2021-02-19 00:00:00-05:00,563.0342061955841,571.5105163960097,560.7034400838622,565.4696044921875,821500,0.0,0.0
2021-02-22 00:00:00-05:00,559.0193686498685,561.3976887091543,548.4406056713214,550.34326171875,753400,0.0,0.0
2021-02-23 00:00:00-05:00,543.8934856284163,550.9904169260628,532.8676211644351,548.0317993164062,1004800,0.0,0.0
2021-02-24 00:00:00-05:00,545.4347739872358,566.9538226257947,538.023886910835,566.050048828125,1023000,0.0,0.0
2021-02-25 00:00:00-05:00,554.27224686412,557.8587720667276,532.4202121329563,532.52490234375,1288900,0.0,0.0
2021-02-26 00:00:00-05:00,544.4832429056881,545.5772355680741,533.4097680028898,539.48876953125,946500,0.0,0.0
2021-03-01 00:00:00-05:00,544.5117402491164,555.918156559868,541.1725688353869,555.1475830078125,679500,0.0,0.0
2021-03-02 00:00:00-05:00,550.8477010305894,551.6467843555514,535.5978791925767,535.7310791015625,696100,0.0,0.0
2021-03-03 00:00:00-05:00,537.1104581423543,538.4042506652457,514.8588757795744,517.1420288085938,1006900,0.0,0.0
2021-03-04 00:00:00-05:00,511.67188082718593,514.9825426520201,477.6524020306015,485.653076171875,1702500,0.0,0.0
2021-03-05 00:00:00-05:00,502.27278990151274,505.0126201337015,483.58871662005146,501.3880615234375,1370100,0.0,0.0
2021-03-08 00:00:00-05:00,500.8172697380896,503.41437740174945,476.72010777751717,477.74755859375,1180700,0.0,0.0
2021-03-09 00:00:00-05:00,501.9587168298418,516.7709006682937,499.3996422026889,513.260498046875,1240500,0.0,0.0
2021-03-10 00:00:00-05:00,513.7933911896345,515.4486930983655,495.74666361340354,497.858642578125,876500,0.0,0.0
2021-03-11 00:00:00-05:00,520.3670449282745,521.7940373437261,513.72679213567,517.9031372070312,1009700,0.0,0.0
2021-03-12 00:00:00-05:00,508.1235051277552,512.8421147534889,502.8721539365739,511.4626770019531,714900,0.0,0.0
2021-03-15 00:00:00-04:00,512.4520367547148,521.1376694170384,509.92152883915634,520.557373046875,582400,0.0,0.0
2021-03-16 00:00:00-04:00,519.7865800594249,528.6814733388668,519.3870385707125,522.6405639648438,651600,0.0,0.0
2021-03-17 00:00:00-04:00,521.5370473150743,538.4992430823827,516.437942788983,532.3346557617188,841400,0.0,0.0
2021-03-18 00:00:00-04:00,521.3088092611554,525.5897861677724,512.7849457372379,512.9466552734375,790000,0.0,0.0
2021-03-19 00:00:00-04:00,518.1790153619284,529.975509537593,514.963521054627,520.776123046875,1404600,0.0,0.0
2021-03-22 00:00:00-04:00,540.0120586487419,549.8582842122937,536.3874998227805,547.9556274414062,1216800,0.0,0.0
2021-03-23 00:00:00-04:00,541.8004924983584,543.4748395364176,528.4628516317215,531.6688232421875,866300,0.0,0.0
2021-03-24 00:00:00-04:00,558.6008940481979,565.5360558290157,549.8677080064201,550.4194946289062,2121400,0.0,0.0
2021-03-25 00:00:00-04:00,543.1228312428799,557.3262143041875,541.3914647793002,555.5757446289062,1088900,0.0,0.0
2021-03-26 00:00:00-04:00,560.0374292293019,596.7681989879105,560.0374292293019,595.217529296875,1933600,0.0,0.0
2021-03-29 00:00:00-04:00,584.8385195064751,586.8362854528118,572.1668212184205,578.4075317382812,1214900,0.0,0.0
2021-03-30 00:00:00-04:00,570.7208548021433,576.7523017442325,566.5350451404512,572.024169921875,1071600,0.0,0.0
2021-03-31 00:00:00-04:00,576.6571233931968,590.7177832117409,575.7438854076582,587.31201171875,1579600,0.0,0.0
2021-04-01 00:00:00-04:00,589.633338664536,608.3649974359093,589.5857838567897,606.09130859375,1908300,0.0,0.0
2021-04-05 00:00:00-04:00,619.9332031556705,621.2174733280299,606.9761144061463,609.3163452148438,1529800,0.0,0.0
2021-04-06 00:00:00-04:00,602.5808033683414,604.8069370294072,588.2823699149095,597.4341430664062,1281900,0.0,0.0
2021-04-07 00:00:00-04:00,596.6350437858981,600.6687246379577,591.9069699051528,596.0642700195312,820600,0.0,0.0
2021-04-08 00:00:00-04:00,605.0067105462894,610.3626930244716,601.9529260828666,608.7359008789062,865900,0.0,0.0
2021-04-09 00:00:00-04:00,603.4655783484612,607.6228780917019,597.9573507046334,603.446533203125,631100,0.0,0.0
2021-04-12 00:00:00-04:00,600.8209162999549,600.8399614471397,590.4133820726788,599.7459106445312,739500,0.0,0.0
2021-04-13 00:00:00-04:00,604.6928517549621,605.7488123019573,593.3624984404705,598.4996948242188,710500,0.0,0.0
2021-04-14 00:00:00-04:00,604.7307734081761,609.8870139969636,596.5208064951448,600.278564453125,718000,0.0,0.0
2021-04-15 00:00:00-04:00,602.9327832608406,611.6088913506325,596.977459746757,610.8383178710938,980400,0.0,0.0
2021-04-16 00:00:00-04:00,609.0974172760524,616.4036110600899,607.4040251683692,614.2631225585938,605200,0.0,0.0
2021-04-19 00:00:00-04:00,606.6048120344492,608.145958780235,592.1541371017407,599.4412841796875,1138900,0.0,0.0
2021-04-20 00:00:00-04:00,595.5599513924867,597.2342400548828,582.9548542139802,586.912353515625,988000,0.0,0.0
2021-04-21 00:00:00-04:00,606.6810590723774,623.919181386211,604.9782023088549,623.586181640625,2160900,0.0,0.0
2021-04-22 00:00:00-04:00,631.8436766767115,633.4609463379802,609.3067077858979,615.5950317382812,1233400,0.0,0.0
2021-04-23 00:00:00-04:00,627.1345256179031,638.6075990398879,626.3259199027195,638.2555541992188,1109600,0.0,0.0
2021-04-26 00:00:00-04:00,634.4979288896436,642.7649739440236,634.4979288896436,637.8085327148438,801000,0.0,0.0
2021-04-27 00:00:00-04:00,637.703895856383,641.9943956468824,629.5795152646184,640.0631713867188,678200,0.0,0.0
2021-04-28 00:00:00-04:00,632.1100300461809,638.208018220681,629.0943359295851,632.9567260742188,571300,0.0,0.0
2021-04-29 00:00:00-04:00,633.8605204622794,634.1839976369124,622.2257937804873,630.2359619140625,504300,0.0,0.0
2021-04-30 00:00:00-04:00,622.4254613449801,628.8754357396926,614.2725724714713,616.5557250976562,575200,0.0,0.0
2021-05-03 00:00:00-04:00,627.508625005166,627.8616303106783,617.9678151643324,624.3792114257812,672000,1.87,0.0
2021-05-04 00:00:00-04:00,606.480770629225,609.8772973188915,587.6281170943938,600.1170654296875,1505800,0.0,0.0
2021-05-05 00:00:00-04:00,612.5201857793451,622.0418983818263,606.6239704181542,612.4057006835938,948200,0.0,0.0
2021-05-06 00:00:00-04:00,609.0186484087326,615.0388982508395,601.0043433027694,614.752685546875,618200,0.0,0.0
2021-05-07 00:00:00-04:00,621.8510940589455,630.9243576703914,617.9679764523448,628.3292846679688,573700,0.0,0.0
2021-05-10 00:00:00-04:00,618.5307541935877,618.8551673839614,597.7508984957724,598.4569091796875,882700,0.0,0.0
2021-05-11 00:00:00-04:00,587.8284267738206,604.5629878514883,586.3877550345898,601.7007446289062,891200,0.0,0.0
2021-05-12 00:00:00-04:00,586.7599730742763,591.2537167585934,572.696824662834,574.242431640625,1107700,0.0,0.0
2021-05-13 00:00:00-04:00,593.0949643705922,599.8784667343278,583.7163312416415,594.4783935546875,1436100,0.0,0.0
2021-05-14 00:00:00-04:00,601.2048382745319,621.2405467048384,596.6919938728407,618.0157470703125,1331000,0.0,0.0
2021-05-17 00:00:00-04:00,602.8743923422912,606.8719949585961,594.6788090910258,606.1754760742188,929400,0.0,0.0
2021-05-18 00:00:00-04:00,611.9477540516813,614.1993718884639,602.6072610857696,603.16064453125,644700,0.0,0.0
2021-05-19 00:00:00-04:00,580.090862212783,602.0060772522764,578.7837757569812,601.8153076171875,1049600,0.0,0.0
2021-05-20 00:00:00-04:00,603.6376068069734,622.299431823741,602.7407681941716,618.979248046875,1086900,0.0,0.0
2021-05-21 00:00:00-04:00,616.2028497535317,617.6339715068436,606.967351026725,609.8677368164062,847500,0.0,0.0
2021-05-24 00:00:00-04:00,617.7675318724478,631.8497786729472,616.1074400229157,628.6917724609375,794000,0.0,0.0
2021-05-25 00:00:00-04:00,640.3506232335811,648.240892905696,636.6392918510098,641.419189453125,1088800,0.0,0.0
2021-05-26 00:00:00-04:00,636.5819182738115,638.7953932561387,629.5598958534882,635.1985473632812,597100,0.0,0.0
2021-05-27 00:00:00-04:00,630.6474661679285,637.192447075511,628.672511744377,634.5496826171875,652600,0.0,0.0
2021-05-28 00:00:00-04:00,638.3088986922716,644.9397156724106,636.3148435946946,644.453125,610700,0.0,0.0
2021-06-01 00:00:00-04:00,653.2975961258497,656.4938033033288,637.8224259580371,640.9517822265625,1292000,0.0,0.0
2021-06-02 00:00:00-04:00,639.7305806523688,647.5635504738394,638.0609384589496,643.1366577148438,596800,0.0,0.0
2021-06-03 00:00:00-04:00,636.7060927294326,639.625578996864,629.7985538635163,635.3131713867188,612100,0.0,0.0
2021-06-04 00:00:00-04:00,643.8233847342665,652.6104915367226,642.1823933978369,651.9235229492188,531000,0.0,0.0
2021-06-07 00:00:00-04:00,648.9469111778421,652.9826558176384,645.4167992678646,650.6642456054688,594300,0.0,0.0
2021-06-08 00:00:00-04:00,658.9551872628858,660.3386165258629,645.4835665803237,649.4716186523438,562800,0.0,0.0
2021-06-09 00:00:00-04:00,653.545464300037,656.4649497382678,649.5478627073551,651.2461547851562,440700,0.0,0.0
2021-06-10 00:00:00-04:00,657.705245478554,672.4172160075218,655.0338304010278,667.7994384765625,800100,0.0,0.0
2021-06-11 00:00:00-04:00,666.1394519685957,666.8454626826752,659.6039613341625,665.023193359375,445100,0.0,0.0
2021-06-14 00:00:00-04:00,667.3893386326336,677.0446355603905,663.601606049579,676.7584228515625,636600,0.0,0.0
2021-06-15 00:00:00-04:00,675.1079390210219,678.3231885074164,664.870664784268,669.5552368164062,510700,0.0,0.0
2021-06-16 00:00:00-04:00,673.6288227963496,677.3688037025239,661.8459467120033,666.9502563476562,590900,0.0,0.0
2021-06-17 00:00:00-04:00,659.6135835348979,672.1788752297335,659.3655130985235,666.7406005859375,746700,0.0,0.0
2021-06-18 00:00:00-04:00,653.879497664662,655.6445827446283,637.8700461309094,640.2552490234375,1669900,0.0,0.0
2021-06-21 00:00:00-04:00,647.3442095739061,650.6358019470542,641.5243365096485,649.3955078125,565500,0.0,0.0
2021-06-22 00:00:00-04:00,649.2428831623673,655.9977962018168,645.2071372224368,654.318603515625,542200,0.0,0.0
2021-06-23 00:00:00-04:00,655.0053468476281,657.5813193154556,648.3458209548431,650.3494262695312,523400,0.0,0.0
2021-06-24 00:00:00-04:00,659.9092583768178,665.910465766838,658.9551772764636,663.0863647460938,469400,0.0,0.0
2021-06-25 00:00:00-04:00,662.0654903430752,663.6206471937535,654.4709838278761,654.7000122070312,431200,0.0,0.0
2021-06-28 00:00:00-04:00,666.8358821311463,673.3904144909151,666.5878117331949,671.7780151367188,623900,0.0,0.0
2021-06-29 00:00:00-04:00,667.8090331844446,672.8847512868251,666.1393913704701,671.3677368164062,400000,0.0,0.0
2021-06-30 00:00:00-04:00,662.7048504988574,664.584420948733,655.0627081687328,659.1175537109375,767500,0.0,0.0
2021-07-01 00:00:00-04:00,655.6826773258414,659.9187996840901,643.5563439712228,648.1168212890625,997500,0.0,0.0
2021-07-02 00:00:00-04:00,656.8752607252491,658.1918972487387,652.3052334042875,655.9688720703125,449700,0.0,0.0
2021-07-06 00:00:00-04:00,657.7816869234732,661.7029463343113,645.6267028232172,654.3756103515625,788700,0.0,0.0
2021-07-07 00:00:00-04:00,662.1704098807692,663.7732591026261,652.9444621689993,658.4876708984375,442900,0.0,0.0
2021-07-08 00:00:00-04:00,640.1693629208975,644.5772132546755,634.3017986822284,642.7549438476562,849400,0.0,0.0
2021-07-09 00:00:00-04:00,652.5626706161655,661.1780489019304,647.7541239514791,659.6133422851562,583600,0.0,0.0
2021-07-12 00:00:00-04:00,667.8566744380909,675.9759127545279,667.0647709333053,675.3080444335938,618500,0.0,0.0
2021-07-13 00:00:00-04:00,673.8196950963735,678.0271666144355,671.2913571952315,673.9818725585938,623300,0.0,0.0
2021-07-14 00:00:00-04:00,686.9192759674968,689.8101695856978,680.1453236060661,683.608642578125,852000,0.0,0.0
2021-07-15 00:00:00-04:00,679.8495691906683,680.5174376000691,664.8418922815396,671.6158447265625,729400,0.0,0.0
2021-07-16 00:00:00-04:00,670.6046087278411,674.5258685437626,655.3297591660074,655.8544921875,578300,0.0,0.0
2021-07-19 00:00:00-04:00,642.9077253431648,652.8969878392805,640.7515503037067,652.5916748046875,855300,0.0,0.0
2021-07-20 00:00:00-04:00,645.7792543732301,657.0373985736123,642.029723015515,652.6390991210938,805600,0.0,0.0
2021-07-21 00:00:00-04:00,673.5239973740237,687.9783489738544,668.51507172314,687.8924560546875,1281300,0.0,0.0
2021-07-22 00:00:00-04:00,699.3414792981592,706.0772898526864,690.9455768684996,696.4028930664062,946000,0.0,0.0
2021-07-23 00:00:00-04:00,713.4523525617589,722.0295913806286,708.9682175518925,713.7863159179688,1069800,0.0,0.0
2021-07-26 00:00:00-04:00,723.3843946146732,724.1476479462463,714.0153100209341,719.463134765625,691800,0.0,0.0
2021-07-27 00:00:00-04:00,716.6770927870622,717.6121318751646,699.398697819932,711.3628540039062,881200,0.0,0.0
2021-07-28 00:00:00-04:00,715.5608525804877,726.0938873667756,711.1721026443238,724.9680786132812,716500,0.0,0.0
2021-07-29 00:00:00-04:00,726.6567713983894,732.6293282252589,724.96802926685,730.5494384765625,634000,0.0,0.0
2021-07-30 00:00:00-04:00,725.8363290609858,733.4021855294309,722.039046517589,731.5321655273438,488200,0.0,0.0
2021-08-02 00:00:00-04:00,735.4153634089832,740.2144200312839,733.1255451239991,734.3086547851562,499900,0.0,0.0
2021-08-03 00:00:00-04:00,735.1481937643001,744.6126626899678,732.2668499890844,743.7349243164062,533700,0.0,0.0
2021-08-04 00:00:00-04:00,755.6417592096261,761.9005287131246,751.6250569325039,758.952392578125,629700,0.0,0.0
2021-08-05 00:00:00-04:00,768.5219656285456,768.6460008445815,754.0294697034252,758.2560424804688,723700,0.0,0.0
2021-08-06 00:00:00-04:00,748.4766341132339,751.0431146398115,744.087884280773,747.3126831054688,556900,0.0,0.0
2021-08-09 00:00:00-04:00,753.9341080098834,755.8709210289363,749.526256997731,752.46484375,477100,0.0,0.0
2021-08-10 00:00:00-04:00,759.0576343082888,760.4410057297935,747.8376279094915,753.046875,589500,0.0,0.0
2021-08-11 00:00:00-04:00,754.8116748556639,756.9106647537164,745.53797702699,752.9797973632812,421300,0.0,0.0
2021-08-12 00:00:00-04:00,752.48380635045,752.48380635045,742.7808174670866,745.2041625976562,764600,0.0,0.0
2021-08-13 00:00:00-04:00,743.3627888333926,753.3329483317042,740.8821429451215,752.7318725585938,454700,0.0,0.0
2021-08-16 00:00:00-04:00,751.6537993500144,754.6495700264401,743.9352569095793,751.19580078125,426000,0.0,0.0
2021-08-17 00:00:00-04:00,745.8624172302012,747.4175740133629,735.0240703869592,740.9011840820312,483600,0.0,0.0
2021-08-18 00:00:00-04:00,740.5768267305305,749.316242490977,736.5792826992725,736.97998046875,452500,0.0,0.0
2021-08-19 00:00:00-04:00,726.8857353013831,748.0091040263026,726.256067421671,745.6239013671875,514000,0.0,0.0
2021-08-20 00:00:00-04:00,749.0299818428215,754.5636403956908,742.2846216981088,751.9876098632812,507700,0.0,0.0
2021-08-23 00:00:00-04:00,758.523145098758,775.1909144083488,758.0842468173656,774.351318359375,724300,0.0,0.0
2021-08-24 00:00:00-04:00,769.0848610939379,770.6209761406905,764.7724535050506,768.6173706054688,453800,0.0,0.0
2021-08-25 00:00:00-04:00,771.2982314970193,776.0209446187658,768.0352904192173,770.7734985351562,471100,0.0,0.0
2021-08-26 00:00:00-04:00,771.1551952998417,778.3680465164991,767.2338774884009,773.7025756835938,450000,0.0,0.0
2021-08-27 00:00:00-04:00,776.8605398458997,796.4383027574074,776.4025995498374,794.6732177734375,658900,0.0,0.0
2021-08-30 00:00:00-04:00,801.3708313406512,804.29986712235,798.336860620313,801.0369262695312,491000,0.0,0.0
2021-08-31 00:00:00-04:00,805.0346617505417,805.3971590321341,789.2255293009715,794.7877807617188,579300,0.0,0.0
2021-09-01 00:00:00-04:00,800.2068218517098,811.6557943307728,798.2700676215608,803.4984130859375,581900,0.0,0.0
2021-09-02 00:00:00-04:00,813.0297446454884,822.4656209334673,809.890838712615,821.7310180664062,746800,0.0,0.0
2021-09-03 00:00:00-04:00,809.5567565000893,823.3527292599863,809.5567565000893,818.7063598632812,698000,0.0,0.0
2021-09-07 00:00:00-04:00,825.5568734789211,828.9820504967607,818.3726725596964,822.1985473632812,780900,0.0,0.0
2021-09-08 00:00:00-04:00,818.229546543897,820.4144297141985,810.8926599427296,818.5921020507812,714900,0.0,0.0
2021-09-09 00:00:00-04:00,816.1974118563188,823.1431513312411,812.9726125618904,814.308349609375,641900,0.0,0.0
2021-09-10 00:00:00-04:00,830.947344750549,835.1643666495795,818.0291084102001,819.4315795898438,1137400,0.0,0.0
2021-09-13 00:00:00-04:00,829.3064409357721,832.1591926673558,821.5020636302837,831.2337036132812,636000,0.0,0.0
2021-09-14 00:00:00-04:00,843.2359877341996,854.789896193782,839.2860778969259,847.2908325195312,978300,0.0,0.0
2021-09-15 00:00:00-04:00,846.2605272572588,849.1418712960652,839.0572253927413,848.4931030273438,799700,0.0,0.0
2021-09-16 00:00:00-04:00,836.862685629135,848.9222843573068,835.2407361599288,846.565673828125,811400,0.0,0.0
2021-09-17 00:00:00-04:00,834.9162512135263,835.1166291851576,813.2681512170427,820.3665161132812,1670500,0.0,0.0
2021-09-20 00:00:00-04:00,800.3595783577127,806.666040614691,791.6011206229363,802.1341552734375,1122600,0.0,0.0
2021-09-21 00:00:00-04:00,820.5097152963718,822.7708827601595,805.7119086719104,815.481689453125,905700,0.0,0.0
2021-09-22 00:00:00-04:00,812.715002888149,831.624899213212,810.453835108349,825.0321655273438,669400,0.0,0.0
2021-09-23 00:00:00-04:00,837.1013846069142,847.9110835350638,836.9773493824517,839.3816528320312,744500,0.0,0.0
2021-09-24 00:00:00-04:00,827.5317033578522,833.2561895043218,825.3945711803676,828.9246826171875,510400,0.0,0.0
2021-09-27 00:00:00-04:00,804.5576095708019,808.9463597284355,794.7973194509759,796.9535522460938,1063900,0.0,0.0
2021-09-28 00:00:00-04:00,758.3418710906993,762.635236176261,737.5715062534852,744.345458984375,2390100,0.0,0.0
2021-09-29 00:00:00-04:00,748.9536897510435,750.1271909107786,714.7212540245877,715.9615478515625,2216000,0.0,0.0
2021-09-30 00:00:00-04:00,719.6155777881863,727.3150182699532,708.2047483255249,710.895263671875,1078800,0.0,0.0
2021-10-01 00:00:00-04:00,710.7904081969324,710.7904081969324,694.9240350976421,707.7468872070312,1180400,0.0,0.0
2021-10-04 00:00:00-04:00,695.4297308671883,696.6318241271531,676.4721442382317,680.2025756835938,1663500,0.0,0.0
2021-10-05 00:00:00-04:00,691.7469359498325,708.5292480281975,689.4380760057145,699.2174072265625,1201500,0.0,0.0
2021-10-06 00:00:00-04:00,692.0713273608441,700.9633698716201,685.9938356373905,698.8643798828125,973000,0.0,0.0
2021-10-07 00:00:00-04:00,711.1815685049528,719.0622877234015,708.1475975889803,712.52685546875,1267500,0.0,0.0
2021-10-08 00:00:00-04:00,714.9502544394722,715.3128099441241,695.8400388087138,696.7368774414062,1039700,0.0,0.0
2021-10-11 00:00:00-04:00,689.5908454721346,702.0415936261874,688.2360082254438,688.74169921875,702500,0.0,0.0
2021-10-12 00:00:00-04:00,700.2955069689345,700.2955069689345,689.2281898248183,691.7564697265625,868400,0.0,0.0
2021-10-13 00:00:00-04:00,709.025417106359,715.0456667247984,706.0200382451568,710.237060546875,1170000,0.0,0.0
2021-10-14 00:00:00-04:00,734.2607907302611,742.8857211367492,730.520809126092,742.5517578125,1370500,0.0,0.0
2021-10-15 00:00:00-04:00,745.0992856253957,753.3807035725295,740.2143944697823,753.1517333984375,877400,0.0,0.0
2021-10-18 00:00:00-04:00,738.5446448227465,752.1307500108572,737.4951207009619,752.0257568359375,1014600,0.0,0.0
2021-10-19 00:00:00-04:00,751.9876022447661,764.8104540095841,750.1939251948893,764.1807861328125,956600,0.0,0.0
2021-10-20 00:00:00-04:00,746.3203770654668,749.0872354992241,723.4224310729531,732.4480590820312,1894900,0.0,0.0
2021-10-21 00:00:00-04:00,729.4236011873869,751.3960571289062,728.7938750944861,751.3960571289062,1083100,0.0,0.0
2021-10-22 00:00:00-04:00,761.53817492079,771.6609638004444,759.7063550823965,764.1904907226562,1294600,0.0,0.0
2021-10-25 00:00:00-04:00,762.9691303333616,766.3084142408935,750.8713887648304,752.2357177734375,786000,0.0,0.0
2021-10-26 00:00:00-04:00,759.8302243064251,761.3471806711319,748.1808729128267,754.8975830078125,741400,0.0,0.0
2021-10-27 00:00:00-04:00,761.4138716337889,781.3446374666992,760.593375959172,764.2188720703125,949800,0.0,0.0
2021-10-28 00:00:00-04:00,776.7365316347604,784.1783528668159,773.492632471625,775.8492431640625,687500,0.0,0.0
2021-10-29 00:00:00-04:00,770.1629457776787,777.0609924279157,767.7968430442613,775.5535278320312,583800,0.0,0.0
2021-11-01 00:00:00-04:00,769.857561666972,770.8975356975723,759.906502692834,770.372802734375,573600,0.0,0.0
2021-11-02 00:00:00-04:00,777.0246241926961,782.1612925010318,776.0393497687063,776.7376708984375,503800,2.084,0.0
2021-11-03 00:00:00-04:00,782.8405214234298,795.4478430642774,775.2646035997666,793.9556274414062,566900,0.0,0.0
2021-11-04 00:00:00-04:00,795.5052498408033,816.0806495224977,793.5538504907071,813.5361938476562,1058200,0.0,0.0
2021-11-05 00:00:00-04:00,815.2004911302816,817.5058090514389,805.0706605263134,810.19775390625,735300,0.0,0.0
2021-11-08 00:00:00-05:00,818.3381147610091,819.7155491214493,811.1544147887295,813.0005493164062,728100,0.0,0.0
2021-11-09 00:00:00-05:00,814.9901543810324,818.2902634748191,805.4150797801054,813.1152954101562,676500,0.0,0.0
2021-11-10 00:00:00-05:00,793.5634294015761,799.1401322342036,779.6934544380434,782.3143920898438,737700,0.0,0.0
2021-11-11 00:00:00-05:00,797.0642958394459,802.5835486601569,793.1711310238381,797.1790771484375,416000,0.0,0.0
2021-11-12 00:00:00-05:00,803.5019672322421,817.8502166471036,798.8148490701168,814.6266479492188,531200,0.0,0.0
2021-11-15 00:00:00-05:00,817.8500626936915,824.1632678945521,815.9273882927191,819.4953002929688,638000,0.0,0.0
2021-11-16 00:00:00-05:00,814.5214418248812,825.129548202371,810.4273799661096,823.1590576171875,690900,0.0,0.0
2021-11-17 00:00:00-05:00,821.8677427455715,830.2853707726217,820.3372277695408,822.116455078125,549400,0.0,0.0
2021-11-18 00:00:00-05:00,839.2960945151931,842.8353412334181,832.7341754500476,840.9222412109375,865800,0.0,0.0
2021-11-19 00:00:00-05:00,829.185238094909,829.854834685904,817.3431459388444,819.9258422851562,778200,0.0,0.0
2021-11-22 00:00:00-05:00,817.8501788147139,822.3076757381369,788.885819311832,789.87109375,880800,0.0,0.0
2021-11-23 00:00:00-05:00,776.3931463497047,783.7585911198679,758.6587349580262,772.394775390625,1193000,0.0,0.0
2021-11-24 00:00:00-05:00,748.022115174408,768.5687909086015,743.6602494212501,767.5261840820312,1246700,0.0,0.0
2021-11-26 00:00:00-05:00,752.7665577439324,761.3372077949159,742.2923242807395,748.0411987304688,786300,0.0,0.0
2021-11-29 00:00:00-05:00,760.466779461918,780.2864662552906,755.664880065845,779.5977783203125,1410700,0.0,0.0
2021-11-30 00:00:00-05:00,772.0028120830552,785.6623156632384,752.9483525148294,757.118896484375,1144500,0.0,0.0
2021-12-01 00:00:00-05:00,777.2542273706354,796.5000077517732,767.5739465182212,769.066162109375,1201200,0.0,0.0
2021-12-02 00:00:00-05:00,750.3560010524272,761.8441746186498,744.5019203728328,755.0813598632812,957100,0.0,0.0
2021-12-03 00:00:00-05:00,751.8195987804995,756.3823611045502,726.8250002182573,737.9974975585938,1115600,0.0,0.0
2021-12-06 00:00:00-05:00,725.9065801416531,728.3171045302912,709.18610686344,723.5247802734375,1222900,0.0,0.0
2021-12-07 00:00:00-05:00,753.761416385752,774.2316101840177,749.6673542728269,770.9888916015625,983200,0.0,0.0
2021-12-08 00:00:00-05:00,768.3104499388822,770.0226532057085,761.5954511003617,768.9895629882812,551500,0.0,0.0
2021-12-09 00:00:00-05:00,752.0012170362206,755.6839690505669,738.8008405608215,739.0399780273438,709100,0.0,0.0
2021-12-10 00:00:00-05:00,743.5072745932573,749.6004939353736,738.915787500321,747.869140625,602700,0.0,0.0
2021-12-13 00:00:00-05:00,746.654150278245,747.8689873140579,731.1293643369199,731.253662109375,615100,0.0,0.0
2021-12-14 00:00:00-05:00,721.6402994361571,727.2743918924381,710.9556542854707,721.6116333007812,842400,0.0,0.0
2021-12-15 00:00:00-05:00,731.349520345703,758.1615894134611,727.6093767428201,757.798095703125,910700,0.0,0.0
2021-12-16 00:00:00-05:00,764.2833869580402,765.0869145803598,720.8751468679171,722.1951904296875,1006900,0.0,0.0
2021-12-17 00:00:00-05:00,718.5220754601193,725.06490317739,711.6349621364815,717.2881469726562,1656700,0.0,0.0
2021-12-20 00:00:00-05:00,715.1167464465518,723.8404776514653,712.1036490194368,720.1673583984375,647100,0.0,0.0
2021-12-21 00:00:00-05:00,742.0244074957812,750.3655526711071,731.7797958151173,749.0167846679688,838100,0.0,0.0
2021-12-22 00:00:00-05:00,744.0044695052713,757.7022705078125,741.3261415736393,757.7022705078125,534800,0.0,0.0
2021-12-23 00:00:00-05:00,760.1129410195014,770.7114734717355,759.577275330158,766.5887451171875,496600,0.0,0.0
2021-12-27 00:00:00-05:00,759.8833838695897,778.2395816836532,759.8450845023132,776.1734008789062,527500,0.0,0.0
2021-12-28 00:00:00-05:00,781.7881511118912,781.7881511118912,768.1956156235457,769.8026123046875,548500,0.0,0.0
2021-12-29 00:00:00-05:00,763.432006751926,770.2522120315765,759.883244080777,767.1338500976562,404900,0.0,0.0
2021-12-30 00:00:00-05:00,768.7695758275398,773.1696819247611,765.1633640952845,765.4503173828125,411900,0.0,0.0
2021-12-31 00:00:00-05:00,766.6842754176008,770.2904870149729,761.2988951209294,761.547607421875,236400,0.0,0.0
2022-01-03 00:00:00-05:00,761.1650877926742,764.6277941226293,750.853509150112,762.8390502929688,720600,0.0,0.0
2022-01-04 00:00:00-05:00,759.1466269392618,759.1466269392618,730.1248801468422,745.3340454101562,874100,0.0,0.0
2022-01-05 00:00:00-05:00,732.6312554431805,733.2338866719334,712.6680596892157,713.2706909179688,1193200,0.0,0.0
2022-01-06 00:00:00-05:00,707.397421434348,730.5746083314032,698.0997254442912,729.96240234375,2041200,0.0,0.0
2022-01-07 00:00:00-05:00,725.4377285233759,730.1917524267287,711.2903213383727,723.2471923828125,1363300,0.0,0.0
2022-01-10 00:00:00-05:00,685.3871199075394,696.0430409073538,671.7849506276491,695.5743408203125,1973400,0.0,0.0
2022-01-11 00:00:00-05:00,676.2711509796123,699.6588058617318,670.2640484419087,697.4778442382812,2120700,0.0,0.0
2022-01-12 00:00:00-05:00,707.1868279796652,716.8862569317639,703.0641006905344,709.9225463867188,959700,0.0,0.0
2022-01-13 00:00:00-05:00,738.8486866458672,744.1192859652474,696.9805369924815,698.3579711914062,1628700,0.0,0.0
2022-01-14 00:00:00-05:00,703.6380125826527,714.1600604283502,696.530854543766,712.1800537109375,1313600,0.0,0.0
2022-01-18 00:00:00-05:00,708.8321702843192,708.8704112607512,683.2061621876003,684.1531372070312,1178500,0.0,0.0
2022-01-19 00:00:00-05:00,704.9199812932998,706.7756906864314,668.3510923368108,668.456298828125,1593200,0.0,0.0
2022-01-20 00:00:00-05:00,693.3934277420279,698.2622337345451,675.525083731333,675.7642211914062,1536500,0.0,0.0
2022-01-21 00:00:00-05:00,676.5580863834855,689.8637267834608,664.5247319467587,664.5438232421875,1689600,0.0,0.0
2022-01-24 00:00:00-05:00,637.1101061868693,658.7185960486327,620.4470217861939,657.5515747070312,2833100,0.0,0.0
2022-01-25 00:00:00-05:00,624.2828139932545,639.1284304824903,615.8460358794111,620.3896484375,2095300,0.0,0.0
2022-01-26 00:00:00-05:00,632.8820495866079,649.8608085565128,616.649369102331,624.875732421875,1376700,0.0,0.0
2022-01-27 00:00:00-05:00,635.9142869051789,636.1056085392675,603.9655590400234,607.0838623046875,1465300,0.0,0.0
2022-01-28 00:00:00-05:00,606.0699558313556,616.9554976912784,593.7017733946951,616.9459228515625,1339700,0.0,0.0
2022-01-31 00:00:00-05:00,622.4268852697791,648.1102206931806,619.8729139845237,647.7754516601562,1357400,0.0,0.0
2022-02-01 00:00:00-05:00,652.8931443393602,654.002774954938,637.3205418073351,651.86962890625,945000,0.0,0.0
2022-02-02 00:00:00-05:00,658.0585160891186,661.2055442455598,644.8007484728265,656.91064453125,713600,0.0,0.0
2022-02-03 00:00:00-05:00,630.4525492234608,635.7900560524089,616.467734865078,617.8643188476562,1212000,0.0,0.0
2022-02-04 00:00:00-05:00,619.8921258197793,632.480354686645,615.3485139794768,624.4453125,863100,0.0,0.0
2022-02-07 00:00:00-05:00,625.7271749825709,632.6716785980886,620.370460216941,621.7861938476562,520300,0.0,0.0
2022-02-08 00:00:00-05:00,609.178685886733,626.8844311282235,607.9829986973634,625.0765380859375,745300,0.0,0.0
2022-02-09 00:00:00-05:00,641.6440366147419,652.5869689569529,635.0343030072196,650.8078002929688,842000,0.0,0.0
2022-02-10 00:00:00-05:00,626.1480835528771,648.1773994601643,624.6271433803969,628.3385620117188,961200,0.0,0.0
2022-02-11 00:00:00-05:00,628.969834028416,631.6290709172442,598.0828571155156,600.9429321289062,1116300,0.0,0.0
2022-02-14 00:00:00-05:00,598.9436576887916,607.3612839298345,593.0608532907867,600.6271362304688,890200,0.0,0.0
2022-02-15 00:00:00-05:00,619.3469321174169,629.7446252215149,614.4015853096491,627.888916015625,821400,0.0,0.0
2022-02-16 00:00:00-05:00,622.7139801457834,637.0622285362392,616.6590029777228,635.0151977539062,610000,0.0,0.0
2022-02-17 00:00:00-05:00,630.6630539689785,633.4465891149546,621.7575747338867,622.1688842773438,1020600,0.0,0.0
2022-02-18 00:00:00-05:00,623.7853409114788,629.1898714145664,613.1389354306532,619.6817626953125,899400,0.0,0.0
2022-02-22 00:00:00-05:00,610.7572051167073,624.6271808006419,602.492598697213,612.4503173828125,934000,0.0,0.0
2022-02-23 00:00:00-05:00,622.7906514151508,626.0142205605842,603.5926840267089,604.2813720703125,997000,0.0,0.0
2022-02-24 00:00:00-05:00,574.207346751381,630.2324841614158,573.6238652955872,628.30029296875,2047800,0.0,0.0
2022-02-25 00:00:00-05:00,628.3672098274006,638.152755638887,621.7574752788037,638.1336059570312,1295400,0.0,0.0
2022-02-28 00:00:00-05:00,619.5095920064874,643.3468001644685,619.5095920064874,637.5501098632812,1979000,0.0,0.0
2022-03-01 00:00:00-05:00,631.523799601253,636.2012840122079,600.3115732205777,606.6535034179688,1097300,0.0,0.0
2022-03-02 00:00:00-05:00,614.6694266272802,629.8115695255832,610.3744685295403,626.8941040039062,1035700,0.0,0.0
2022-03-03 00:00:00-05:00,623.6896107188113,625.2966073547761,599.9384631634963,603.3820190429688,1020200,0.0,0.0
2022-03-04 00:00:00-05:00,577.4692702081509,582.9407084071828,556.3582038419065,568.496826171875,2025300,0.0,0.0
2022-03-07 00:00:00-05:00,590.5643486470676,593.6444112587644,548.8204975734824,549.3848876953125,1607200,0.0,0.0
2022-03-08 00:00:00-05:00,549.1361455802673,567.6931773478852,534.4913699429127,548.1412963867188,1441800,0.0,0.0
2022-03-09 00:00:00-05:00,582.682427176047,599.7568204824444,569.1472219889224,594.3427734375,1593200,0.0,0.0
2022-03-10 00:00:00-05:00,573.4898267710201,582.1083495202367,570.2758335631596,573.996826171875,735500,0.0,0.0
2022-03-11 00:00:00-05:00,587.3214884390022,588.2780380944404,559.466767143297,560.3945922851562,819000,0.0,0.0
2022-03-14 00:00:00-04:00,573.4994811096344,575.3647650920536,552.2258206659923,552.4553833007812,1621700,0.0,0.0
2022-03-15 00:00:00-04:00,566.2009790566127,572.1985653855012,558.4911894893928,570.7733154296875,1542500,0.0,0.0
2022-03-16 00:00:00-04:00,594.4383533551561,622.7139651678502,590.3347754321297,622.3600463867188,1815200,0.0,0.0
2022-03-17 00:00:00-04:00,615.1859959866977,627.8794329591842,611.6849903500741,625.6793212890625,854900,0.0,0.0
2022-03-18 00:00:00-04:00,621.0305120583433,653.7062927213359,619.2704927546249,650.320068359375,1689800,0.0,0.0
2022-03-21 00:00:00-04:00,648.7512662805487,653.6966714604794,639.9319039392707,653.2374877929688,1293000,0.0,0.0
2022-03-22 00:00:00-04:00,658.1063103869122,667.767440718103,655.5236140619573,658.8141479492188,1111100,0.0,0.0
2022-03-23 00:00:00-04:00,639.7407301716885,649.8514722873254,634.7762325460009,636.4501953125,999100,0.0,0.0
2022-03-24 00:00:00-04:00,637.2535577376553,660.5455245473792,634.3839080255823,660.5359497070312,1176700,0.0,0.0
2022-03-25 00:00:00-04:00,660.4594191038079,660.7367975376022,643.0884414316254,657.4940795898438,768600,0.0,0.0
2022-03-28 00:00:00-04:00,650.5592021716689,664.8022455891311,646.627795709716,664.6396484375,687100,0.0,0.0
2022-03-29 00:00:00-04:00,679.1504387380526,683.5696946687646,667.356161954651,678.3278198242188,1076200,0.0,0.0
2022-03-30 00:00:00-04:00,669.5849286602125,672.215440879949,650.5687120156086,654.8157958984375,1031900,0.0,0.0
2022-03-31 00:00:00-04:00,654.7488506985428,659.1585318534698,638.4970767675208,638.9083862304688,780700,0.0,0.0
2022-04-01 00:00:00-04:00,645.9483706887852,647.7658383167187,633.073250192386,638.7168579101562,739400,0.0,0.0
2022-04-04 00:00:00-04:00,643.2703930345814,651.9271601078166,640.8790176893127,651.248046875,731200,0.0,0.0
2022-04-05 00:00:00-04:00,644.7338537203987,645.8147598978223,617.7304073507224,618.371337890625,1251500,0.0,0.0
2022-04-06 00:00:00-04:00,598.8865199229363,611.5320851104894,590.5740966339179,601.2013549804688,1110700,0.0,0.0
2022-04-07 00:00:00-04:00,597.3941115434042,604.6351425997925,586.1546506986828,598.130615234375,713500,0.0,0.0
2022-04-08 00:00:00-04:00,594.4191465580284,595.3661214967198,583.4953644431172,584.3849487304688,840800,0.0,0.0
2022-04-11 00:00:00-04:00,580.6640298278749,584.0980696548083,571.18464601482,571.7681274414062,859600,0.0,0.0
2022-04-12 00:00:00-04:00,586.431962504569,595.4522196451823,566.2774522569445,568.1905517578125,1067900,0.0,0.0
2022-04-13 00:00:00-04:00,575.2786221709515,590.3921565750328,570.5054477394262,586.135498046875,934200,0.0,0.0
2022-04-14 00:00:00-04:00,587.8192226682863,589.7227481442832,570.1038950326384,571.8926391601562,814200,0.0,0.0
2022-04-18 00:00:00-04:00,571.1080580702264,587.1876582010998,569.8837046604829,579.2674560546875,576800,0.0,0.0
2022-04-19 00:00:00-04:00,571.5673330778513,592.2192142890414,570.1037835960371,590.3348388671875,1230800,0.0,0.0
2022-04-20 00:00:00-04:00,622.4844794746546,624.1966829350722,601.6603675552022,606.3665771484375,1857900,0.0,0.0
2022-04-21 00:00:00-04:00,617.0320977612298,620.6191600118143,590.8991465723233,593.0418090820312,940700,0.0,0.0
2022-04-22 00:00:00-04:00,588.3546861089225,593.8930886097434,581.0752975273905,581.209228515625,1093400,0.0,0.0
2022-04-25 00:00:00-04:00,566.9757871809811,574.3029918980884,558.3094476724259,573.7577514648438,2074700,0.0,0.0
2022-04-26 00:00:00-04:00,559.7252936595271,561.9540132741757,535.572404528137,536.079345703125,1803100,0.0,0.0
2022-04-27 00:00:00-04:00,528.1016795420604,542.7273070368951,520.3631648758067,532.6835327148438,1904400,0.0,0.0
2022-04-28 00:00:00-04:00,549.9683411277875,569.587187649794,540.0680152729112,564.8809204101562,1513500,0.0,0.0
2022-04-29 00:00:00-04:00,551.4031535574651,563.3122104529664,538.0210309620683,539.2741088867188,1225300,0.0,0.0
2022-05-02 00:00:00-04:00,534.4627561435465,546.6874935902753,529.4886842948781,546.2761840820312,1146700,0.0,0.0
2022-05-03 00:00:00-04:00,545.7349795119017,554.2200999532969,542.2581158356113,549.6356201171875,825300,3.898,0.0
2022-05-04 00:00:00-04:00,557.7257491296947,572.3363207832817,543.8374615450192,570.7857055664062,1112800,0.0,0.0
2022-05-05 00:00:00-04:00,560.8461970925789,563.0132254061978,537.5097287751512,543.365478515625,1231800,0.0,0.0
2022-05-06 00:00:00-04:00,534.6782006594993,540.9673685006148,524.9506150165712,530.6812133789062,1214600,0.0,0.0
2022-05-09 00:00:00-04:00,510.6578740334366,516.0417029755979,491.5398319739895,493.7550048828125,1714700,0.0,0.0
2022-05-10 00:00:00-04:00,509.6851888098013,510.8505311277469,493.4372930271377,504.0701599121094,1232900,0.0,0.0
2022-05-11 00:00:00-04:00,511.68843133751756,524.112692860014,501.27700681658627,502.076416015625,1302800,0.0,0.0
2022-05-12 00:00:00-04:00,495.7197882417301,509.5405900486545,490.75967759197187,503.0972900390625,1134800,0.0,0.0
2022-05-13 00:00:00-04:00,520.6261867037708,530.960486023146,518.3628693408892,528.1000366210938,946800,0.0,0.0
2022-05-16 00:00:00-04:00,513.5857004541325,521.0306276618958,508.5293011528964,515.2230224609375,757800,0.0,0.0
2022-05-17 00:00:00-04:00,536.4118984683844,542.6047784446066,528.6105591626063,540.9193115234375,895800,0.0,0.0
2022-05-18 00:00:00-04:00,527.0020490127229,532.4437217402327,507.44100790725184,508.8182678222656,1037900,0.0,0.0
2022-05-19 00:00:00-04:00,504.4554020212857,517.2456562903076,503.0588606700103,506.6031494140625,905500,0.0,0.0
2022-05-20 00:00:00-04:00,521.473759240082,522.3887386185739,495.20935406981505,513.19091796875,1205700,0.0,0.0
2022-05-23 00:00:00-04:00,528.9860504642172,537.2496682523815,525.5958362363745,534.1580200195312,977000,0.0,0.0
2022-05-24 00:00:00-04:00,535.0826896466273,536.9896559347629,522.6198654856735,526.2797241210938,1085500,0.0,0.0
2022-05-25 00:00:00-04:00,521.714521437279,531.5094737957941,518.1895142764187,527.868896484375,832600,0.0,0.0
2022-05-26 00:00:00-04:00,522.3983671394991,541.737850515322,521.3870401326063,539.416748046875,933800,0.0,0.0
2022-05-27 00:00:00-04:00,551.5136661854042,562.3295292151074,551.0031822809412,561.8672485351562,843900,0.0,0.0
2022-05-31 00:00:00-04:00,563.0325485080095,563.2444075201172,551.7254261107041,555.03857421875,822300,0.0,0.0
2022-06-01 00:00:00-04:00,556.1462651590308,558.37107900862,536.4600103627448,542.8743896484375,542100,0.0,0.0
2022-06-02 00:00:00-04:00,543.6063452618342,559.883161789832,542.0653706204064,559.1318969726562,669200,0.0,0.0
2022-06-03 00:00:00-04:00,546.245199792215,548.8360048395117,540.206454299654,542.8646850585938,531000,0.0,0.0
2022-06-06 00:00:00-04:00,558.2360770410214,561.9441383134994,548.4314854721106,550.608154296875,483300,0.0,0.0
2022-06-07 00:00:00-04:00,543.8952269144728,556.704820076797,542.3735336833848,555.7320556640625,479000,0.0,0.0
2022-06-08 00:00:00-04:00,552.4477701627986,556.6373938269121,541.7764011313387,546.5149536132812,605700,0.0,0.0
2022-06-09 00:00:00-04:00,538.7810007770503,543.8181776792434,522.3501128788497,522.4078979492188,658600,0.0,0.0
2022-06-10 00:00:00-04:00,512.4396053433153,515.4541872969124,500.2464848839518,502.2979431152344,928900,0.0,0.0
2022-06-13 00:00:00-04:00,479.68385773523823,483.9697709462731,473.49097796910075,475.3786926269531,1395100,0.0,0.0
2022-06-14 00:00:00-04:00,475.5809052659088,480.23278024658964,466.5853325797714,473.0575256347656,965400,0.0,0.0
2022-06-15 00:00:00-04:00,480.96477397112284,493.31202829590893,475.78316315946716,486.6953430175781,841700,0.0,0.0
2022-06-16 00:00:00-04:00,462.06835903454754,466.2001396478533,448.3342020016637,450.886474609375,1223100,0.0,0.0
2022-06-17 00:00:00-04:00,450.26037325250843,460.97030512851035,444.8187297001973,455.8946533203125,1328700,0.0,0.0
2022-06-21 00:00:00-04:00,470.94835989908916,479.4816239923017,470.45715727882435,476.1203308105469,1081400,0.0,0.0
2022-06-22 00:00:00-04:00,468.5019574023469,478.3258322081562,464.6494620890423,467.59661865234375,845800,0.0,0.0
2022-06-23 00:00:00-04:00,466.0556146485806,469.4361886915115,458.5047273615684,467.59661865234375,739100,0.0,0.0
2022-06-24 00:00:00-04:00,480.6469276041946,496.5384705346781,479.92458474371807,496.2591857910156,907800,0.0,0.0
2022-06-27 00:00:00-04:00,495.97983135961607,497.9831453082668,487.01318059226776,489.305419921875,696500,0.0,0.0
2022-06-28 00:00:00-04:00,489.31505061961275,492.5608026197815,471.48764849315734,472.3255615234375,847200,0.0,0.0
2022-06-29 00:00:00-04:00,472.9901377220378,475.49426565870243,464.24495653599155,466.74908447265625,847400,0.0,0.0
2022-06-30 00:00:00-04:00,456.66508429039516,466.7586309782406,447.0145956551126,458.331298828125,866400,0.0,0.0
2022-07-01 00:00:00-04:00,438.5102314454892,441.07214414654516,427.1068497770429,433.241943359375,1570200,0.0,0.0
2022-07-05 00:00:00-04:00,403.73185515304044,417.0807364855871,397.45229875919455,416.4547119140625,2778300,0.0,0.0
2022-07-06 00:00:00-04:00,417.2734526852309,421.4534071146663,409.6647793340981,413.0646057128906,1464700,0.0,0.0
2022-07-07 00:00:00-04:00,422.5801358937427,436.1023705794182,422.4741770098491,435.2355651855469,1400900,0.0,0.0
2022-07-08 00:00:00-04:00,428.2144996331052,438.510296392829,424.410177893971,436.2469787597656,739100,0.0,0.0
2022-07-11 00:00:00-04:00,432.9819407007344,433.56946151289105,421.76155411419415,422.869140625,745600,0.0,0.0
2022-07-12 00:00:00-04:00,424.32349148819105,428.0604168155991,415.95394268623454,418.4676818847656,848000,0.0,0.0
2022-07-13 00:00:00-04:00,414.6055649345833,435.2741944961231,413.4690564551356,430.5260009765625,1052500,0.0,0.0
2022-07-14 00:00:00-04:00,425.8933669465642,441.95826528493546,418.5254461754469,440.05126953125,1075900,0.0,0.0
2022-07-15 00:00:00-04:00,448.22822775876585,458.23506939015505,443.5281786145453,458.0906066894531,1630500,0.0,0.0
2022-07-18 00:00:00-04:00,465.7762551675323,468.8775147685385,453.14971711556683,456.01983642578125,1039500,0.0,0.0
2022-07-19 00:00:00-04:00,466.9898896210356,482.43840550229396,466.2001209538018,479.982421875,1415000,0.0,0.0
2022-07-20 00:00:00-04:00,474.7236619688973,497.70380854689313,472.50848923389583,495.4500732421875,2294900,0.0,0.0
2022-07-21 00:00:00-04:00,510.45564480910235,523.2073952852422,505.25475246143225,522.273193359375,2281900,0.0,0.0
2022-07-22 00:00:00-04:00,522.4078944772783,526.6841660093856,509.71393130572335,514.5584716796875,1459900,0.0,0.0
2022-07-25 00:00:00-04:00,515.6757706206638,523.6215426191183,512.4974735781653,519.0948486328125,1194600,0.0,0.0
2022-07-26 00:00:00-04:00,508.5773474300847,510.10873964519817,499.4180336294147,504.8404235839844,1029500,0.0,0.0
2022-07-27 00:00:00-04:00,513.9421677054175,529.5736496968188,512.9501806623173,526.0390014648438,1110900,0.0,0.0
2022-07-28 00:00:00-04:00,527.599181487506,540.2546417425901,520.8188114114112,540.0331420898438,1216800,0.0,0.0
2022-07-29 00:00:00-04:00,540.7457479182758,555.6452415441669,538.867645172858,553.2567138671875,1210700,0.0,0.0
2022-08-01 00:00:00-04:00,552.1010465791912,561.5492881731255,547.9596262295657,556.8300170898438,895500,0.0,0.0
2022-08-02 00:00:00-04:00,541.3526420484313,551.7254454026562,538.1454233342937,544.7427978515625,876600,0.0,0.0
2022-08-03 00:00:00-04:00,548.9805259523297,565.9989057972178,548.258183155024,562.3294067382812,825900,0.0,0.0
2022-08-04 00:00:00-04:00,563.0109908174396,572.2598463344628,561.0125394074546,568.1181640625,680100,1.396,0.0
2022-08-05 00:00:00-04:00,551.869929665235,559.545126278526,546.4152149907757,557.3535766601562,767900,0.0,0.0
2022-08-08 00:00:00-04:00,558.0198130081023,562.4221814941991,545.459530626359,552.9512939453125,700600,0.0,0.0
2022-08-09 00:00:00-04:00,532.0497501832333,533.2082808006389,515.289858550752,522.4050903320312,1138500,0.0,0.0
2022-08-10 00:00:00-04:00,539.4062753057287,546.521565158223,531.4414592894478,546.48291015625,1074800,0.0,0.0
2022-08-11 00:00:00-04:00,546.1835332418133,554.5055530228123,541.7232417647691,542.9686279296875,833300,0.0,0.0
2022-08-12 00:00:00-04:00,543.171402840597,558.0100894886194,542.6886867910835,556.05029296875,811600,0.0,0.0
2022-08-15 00:00:00-04:00,549.4371263512076,557.6529641175355,548.2593273060131,555.0656127929688,783100,0.0,0.0
2022-08-16 00:00:00-04:00,546.8206520917829,552.5553199385872,539.6860962039952,547.0909423828125,697000,0.0,0.0
2022-08-17 00:00:00-04:00,539.7730868898378,546.4249284886606,532.8316274335464,538.0160522460938,667700,0.0,0.0
2022-08-18 00:00:00-04:00,538.0159760651001,546.3669275537105,536.1043806258779,541.89697265625,580600,0.0,0.0
2022-08-19 00:00:00-04:00,537.9290965279677,539.5316878343187,525.6101739076133,526.4114990234375,794400,0.0,0.0
2022-08-22 00:00:00-04:00,510.99344776179714,512.4995192236767,500.6826417650392,502.0921936035156,795800,0.0,0.0
2022-08-23 00:00:00-04:00,502.02472333051,511.0514904587356,501.5034111770835,507.5759582519531,592900,0.0,0.0
2022-08-24 00:00:00-04:00,504.7858105440144,512.2389769511044,503.6852038147451,507.2766418457031,485200,0.0,0.0
2022-08-25 00:00:00-04:00,504.3031801042875,521.5457860886396,503.7239443196598,521.0823974609375,758300,0.0,0.0
2022-08-26 00:00:00-04:00,520.8989333913794,521.0727041168986,491.1829313588192,492.3125,1229700,0.0,0.0
2022-08-29 00:00:00-04:00,488.81760502484195,493.6737274790339,482.1368016958144,482.6002197265625,754100,0.0,0.0
2022-08-30 00:00:00-04:00,489.0395579215372,490.10153899258233,470.60946494990066,475.9772644042969,1006400,0.0,0.0
2022-08-31 00:00:00-04:00,483.53671384726965,484.2414604834494,469.87585437579975,473.00384521484375,936000,0.0,0.0
2022-09-01 00:00:00-04:00,461.39939180306465,462.46134370315286,444.95808183820657,453.6759338378906,1665500,0.0,0.0
2022-09-02 00:00:00-04:00,463.2722302948506,470.0688804833662,449.9010193685516,451.04022216796875,1145400,0.0,0.0
2022-09-06 00:00:00-04:00,453.13526467468677,461.3704300142014,446.319315377433,453.6759338378906,996900,0.0,0.0
2022-09-07 00:00:00-04:00,452.6814839033055,464.3438910270001,449.5052039578124,460.2021789550781,745400,0.0,0.0
2022-09-08 00:00:00-04:00,449.36041325035956,466.68026865772606,448.12466125693396,466.0623779296875,943300,0.0,0.0
2022-09-09 00:00:00-04:00,478.39090945761455,485.7861229699075,478.17851321450144,483.6814880371094,1012800,0.0,0.0
2022-09-12 00:00:00-04:00,489.2520385878331,493.33582717669157,482.38783016390505,487.47564697265625,1041400,0.0,0.0
2022-09-13 00:00:00-04:00,467.2691315446228,471.53635434584805,452.41111753794013,454.8150634765625,1188200,0.0,0.0
2022-09-14 00:00:00-04:00,460.48217706584086,464.88454534439546,454.8150950187299,461.5731201171875,663700,0.0,0.0
2022-09-15 00:00:00-04:00,456.20527736556204,461.8240696060549,446.8984980940235,449.5534362792969,853500,0.0,0.0
2022-09-16 00:00:00-04:00,446.05855766095226,455.8673505776982,444.01184648046757,451.0981140136719,914000,0.0,0.0
2022-09-19 00:00:00-04:00,443.7608037538527,456.63966283267814,443.7608037538527,454.82464599609375,646500,0.0,0.0
2022-09-20 00:00:00-04:00,443.08509709469365,450.403059829236,441.55003404882814,445.99102783203125,906700,0.0,0.0
2022-09-21 00:00:00-04:00,445.5952181999546,459.7098616516071,439.13647445284437,439.1944274902344,783900,0.0,0.0
2022-09-22 00:00:00-04:00,435.1203296179096,436.5588142514776,423.92130955439796,425.79425048828125,952900,0.0,0.0
2022-09-23 00:00:00-04:00,418.6113623440439,421.8359020062844,412.57741174943607,421.0635681152344,1362300,0.0,0.0
2022-09-26 00:00:00-04:00,419.08440163982596,425.5334807642136,414.2862030973599,415.91778564453125,1164000,0.0,0.0
2022-09-27 00:00:00-04:00,423.67993456159337,427.21342001332175,411.7568407823978,418.3121337890625,876400,0.0,0.0
2022-09-28 00:00:00-04:00,411.40926326497635,428.09192934334317,408.54192865169534,425.9776306152344,957100,0.0,0.0
2022-09-29 00:00:00-04:00,410.89755303380343,413.89039851714483,404.73812081811474,412.9925537109375,1141800,0.0,0.0
2022-09-30 00:00:00-04:00,399.68887882453356,413.2531876855724,399.64061900587035,400.9922180175781,1084700,0.0,0.0
2022-10-03 00:00:00-04:00,408.95704255985873,420.4553423812782,406.46621124821195,416.7577209472656,1452400,0.0,0.0
2022-10-04 00:00:00-04:00,445.2669252399696,451.600157382841,440.02463607101055,449.0321044921875,1954600,0.0,0.0
2022-10-05 00:00:00-04:00,441.14453492837583,458.3388778357224,437.3889900126741,453.067626953125,1193800,0.0,0.0
2022-10-06 00:00:00-04:00,449.2058386255908,457.7885133091915,445.5371795513932,446.16473388671875,926100,0.0,0.0
2022-10-07 00:00:00-04:00,431.06550825758166,433.20876907400907,417.78115080349784,419.2486267089844,1412400,0.0,0.0
2022-10-10 00:00:00-04:00,418.91060389392493,419.0650765498992,401.9672545662482,407.3061218261719,1383700,0.0,0.0
2022-10-11 00:00:00-04:00,398.26970236960165,398.3855495073843,380.38991051400495,385.748046875,2044200,0.0,0.0
2022-10-12 00:00:00-04:00,389.8511562092891,390.93243550901957,383.7689454169798,384.5605773925781,1277100,0.0,0.0
2022-10-13 00:00:00-04:00,352.29586040385914,396.5319699705997,350.5966903386992,391.3861999511719,2782200,0.0,0.0
2022-10-14 00:00:00-04:00,390.40145352984905,391.59857995553153,365.51261413643766,366.0242919921875,1727900,0.0,0.0
2022-10-17 00:00:00-04:00,380.824393508435,385.78672936889853,375.38900527796403,378.6618347167969,1417900,0.0,0.0
2022-10-18 00:00:00-04:00,393.2977435724575,395.025875324765,379.5982593695002,385.19775390625,1324800,0.0,0.0
2022-10-19 00:00:00-04:00,401.51357989683163,416.92186833498573,396.2037032187408,409.3625183105469,2435200,0.0,0.0
2022-10-20 00:00:00-04:00,416.3426194944985,433.4018187455266,413.95800087796016,422.1545104980469,2090900,0.0,0.0
2022-10-21 00:00:00-04:00,425.2535599249942,446.8792339832746,422.5696597524621,446.251708984375,2756600,0.0,0.0
2022-10-24 00:00:00-04:00,454.16824692887496,459.6325965257402,443.7126295312422,456.6204528808594,2389300,0.0,0.0
2022-10-25 00:00:00-04:00,461.94958764649454,478.61295481557465,461.81444247554566,469.20965576171875,2047200,0.0,0.0
2022-10-26 00:00:00-04:00,459.49747616383104,479.04747858776227,457.856229607378,467.3560791015625,1879400,0.0,0.0
2022-10-27 00:00:00-04:00,465.4348569265971,472.6755982307985,457.6051866757417,458.01068115234375,1075700,0.0,0.0
2022-10-28 00:00:00-04:00,453.61792481154134,472.9362310906979,452.6814839329883,472.27008056640625,1436100,0.0,0.0
2022-10-31 00:00:00-04:00,462.48057188352186,464.2569632985021,455.3460149783099,456.08941650390625,1063600,0.0,0.0
2022-11-01 00:00:00-04:00,466.6706318426092,466.95061543632704,456.5142660185093,458.9471740722656,760700,0.0,0.0
2022-11-02 00:00:00-04:00,453.8013894096189,460.5111549193964,430.8337788081951,430.9013366699219,1887400,0.0,0.0
2022-11-03 00:00:00-04:00,426.84399617401255,432.61532028141784,423.2805142703803,425.99188232421875,1615700,1.34,0.0
2022-11-04 00:00:00-04:00,447.7117335407003,454.74185758461533,439.94563253504293,453.9187927246094,1587800,0.0,0.0
2022-11-07 00:00:00-05:00,459.79655928868135,470.0706551305342,454.7418267135795,468.0855712890625,1429400,0.0,0.0
2022-11-08 00:00:00-05:00,482.4750978493831,489.9700352215524,475.51273531761234,487.6460266113281,2316100,0.0,0.0
2022-11-09 00:00:00-05:00,478.853541279149,488.2561088758255,473.43083455755146,473.9634094238281,1302600,0.0,0.0
2022-11-10 00:00:00-05:00,514.6722785621175,544.0323298425986,503.8849658202046,543.034912109375,3518000,0.0,0.0
2022-11-11 00:00:00-05:00,543.025346572402,560.3004867633991,540.8078117269874,558.1895141601562,1982800,0.0,0.0
2022-11-14 00:00:00-05:00,556.5822698368725,571.6108604058539,555.7107405460926,559.5260009765625,1806400,0.0,0.0
2022-11-15 00:00:00-05:00,587.5398669244131,589.0601667090722,567.9697085060301,578.5536499023438,1669400,0.0,0.0
2022-11-16 00:00:00-05:00,565.0454270318987,565.4618058826236,555.6331373066331,558.4413452148438,1418900,0.0,0.0
2022-11-17 00:00:00-05:00,550.9464027212575,571.7560068356094,550.9367098708811,570.3809814453125,917900,0.0,0.0
2022-11-18 00:00:00-05:00,580.6356202580823,580.9358030841694,566.2848243957039,574.380126953125,1115300,0.0,0.0
2022-11-21 00:00:00-05:00,562.7987632866309,565.3067287546484,556.8918586165536,561.9175415039062,849800,0.0,0.0
2022-11-22 00:00:00-05:00,563.3023315058102,577.6434938446472,556.0494793183917,577.3336181640625,1082400,0.0,0.0
2022-11-23 00:00:00-05:00,576.336203886257,590.6870000620611,576.336203886257,584.731689453125,874700,0.0,0.0
2022-11-25 00:00:00-05:00,578.0306808443089,578.9700005518107,573.1018676757812,573.1018676757812,408900,0.0,0.0
2022-11-28 00:00:00-05:00,574.9805587726889,579.1928112393333,562.0435003374955,564.87109375,1056200,0.0,0.0
2022-11-29 00:00:00-05:00,565.597245875065,568.4150868249919,558.5089961327219,560.4940795898438,562900,0.0,0.0
2022-11-30 00:00:00-05:00,566.7690639743715,589.1473743098222,558.6737604183078,588.8665771484375,1569700,0.0,0.0
2022-12-01 00:00:00-05:00,592.3428079283331,597.0392295231495,582.3204614993354,591.9070434570312,1245900,0.0,0.0
2022-12-02 00:00:00-05:00,581.294027550659,588.2176766815155,578.098519914393,586.5327758789062,719800,0.0,0.0
2022-12-05 00:00:00-05:00,585.9420947631895,587.9368713842275,574.5931863820538,581.7685546875,873900,0.0,0.0
2022-12-06 00:00:00-05:00,584.3928404077546,585.3127746779933,568.2409459623854,574.273681640625,839200,0.0,0.0
2022-12-07 00:00:00-05:00,573.4602751948189,584.8769750027353,571.988380450808,582.3108520507812,878600,0.0,0.0
2022-12-08 00:00:00-05:00,573.1406336028183,590.1640539760346,569.0542112801359,587.6754150390625,1019300,0.0,0.0
2022-12-09 00:00:00-05:00,583.8989835666406,591.8199930134388,577.5176598190876,578.7764892578125,870700,0.0,0.0
2022-12-12 00:00:00-05:00,577.9726996608607,590.6869999787874,576.936569470208,590.6773071289062,819600,0.0,0.0
2022-12-13 00:00:00-05:00,622.6227105972586,622.9906842159775,598.017237898221,608.3784790039062,1334000,0.0,0.0
2022-12-14 00:00:00-05:00,602.7912992740517,606.9164347303429,590.6192654638506,596.3615112304688,1167500,0.0,0.0
2022-12-15 00:00:00-05:00,583.9085679161035,585.6515667460518,565.7618998223793,567.7760620117188,1420500,0.0,0.0
2022-12-16 00:00:00-05:00,558.9835777430261,567.2047692961031,547.8282896158229,556.1366577148438,2097300,0.0,0.0
2022-12-19 00:00:00-05:00,555.8751286673346,557.6181274780531,544.8554233925569,550.6073608398438,906800,0.0,0.0
2022-12-20 00:00:00-05:00,544.4391004117248,550.946371502141,543.3836436299275,545.3299560546875,845700,0.0,0.0
2022-12-21 00:00:00-05:00,551.0432050260857,565.4714854241408,549.3389182614422,562.5664672851562,797700,0.0,0.0
2022-12-22 00:00:00-05:00,552.9701669593741,552.9701669593741,529.4879380207293,538.3482666015625,1351800,0.0,0.0
2022-12-23 00:00:00-05:00,529.5558024530663,534.5911795292399,525.353242241106,533.913330078125,602600,0.0,0.0
2022-12-27 00:00:00-05:00,528.7617120471195,529.1974765931343,519.523775544239,520.1725463867188,802600,0.0,0.0
2022-12-28 00:00:00-05:00,519.7077168831229,524.6462236981829,512.2611852625735,514.8079223632812,609900,0.0,0.0
2022-12-29 00:00:00-05:00,524.0653258051464,537.7866793583012,523.0485811961254,534.0101318359375,841000,0.0,0.0
2022-12-30 00:00:00-05:00,523.736069538949,529.1781326111332,519.7755942194691,529.1007080078125,703200,0.0,0.0
2023-01-03 00:00:00-05:00,543.5093766646232,546.2885050421769,528.4904283682848,532.1701049804688,675100,0.0,0.0
2023-01-04 00:00:00-05:00,552.7281846287543,557.289085032018,543.2965671871286,552.7572631835938,1087300,0.0,0.0
2023-01-05 00:00:00-05:00,547.4797288586452,555.391045123463,544.7393118371162,547.421630859375,710900,0.0,0.0
2023-01-06 00:00:00-05:00,557.1147018281964,579.7254022954794,549.3195817826869,576.9849853515625,1025800,0.0,0.0
2023-01-09 00:00:00-05:00,594.5506278070397,612.3680942821361,593.3983016944269,601.6582641601562,1348800,0.0,0.0
2023-01-10 00:00:00-05:00,602.9171457546092,613.7141533547907,601.9294206858327,613.3364868164062,873900,0.0,0.0
2023-01-11 00:00:00-05:00,615.4280392674724,624.7144392950752,613.2492758107057,624.2689819335938,806500,0.0,0.0
2023-01-12 00:00:00-05:00,630.8150007679884,635.511423065517,614.7405908871896,631.8995361328125,1322200,0.0,0.0
2023-01-13 00:00:00-05:00,628.7717907456141,639.8205164438342,628.1907516886967,638.8037719726562,649700,0.0,0.0
2023-01-17 00:00:00-05:00,630.4857659402031,641.9896428543019,630.4857659402031,637.351318359375,902600,0.0,0.0
2023-01-18 00:00:00-05:00,652.1959463803275,654.7039122318058,630.9118070015219,631.6380615234375,1152700,0.0,0.0
2023-01-19 00:00:00-05:00,633.8846317116867,634.9207619477339,607.1681811314922,610.2958984375,1534100,0.0,0.0
2023-01-20 00:00:00-05:00,617.8878444053695,630.0017232145768,614.1209891581979,628.30712890625,1033200,0.0,0.0
2023-01-23 00:00:00-05:00,637.2156835213759,654.8685496759596,636.0536645062217,654.62646484375,1780900,0.0,0.0
2023-01-24 00:00:00-05:00,645.6111230790557,651.731034294785,639.0264279313874,648.7969970703125,1066900,0.0,0.0
2023-01-25 00:00:00-05:00,636.160285961768,661.3952088559466,634.2817051248613,659.952392578125,1569200,0.0,0.0
2023-01-26 00:00:00-05:00,660.310514012461,663.2542438584113,646.6762817364205,662.2471923828125,1593300,0.0,0.0
2023-01-27 00:00:00-05:00,646.0760229259307,656.6502720265493,645.5724675535582,646.260009765625,1249700,0.0,0.0
2023-01-30 00:00:00-05:00,629.4205813239423,637.3996881599791,627.1159289287212,629.7207641601562,1209900,0.0,0.0
2023-01-31 00:00:00-05:00,630.6019402591453,639.9367460312528,626.8060664528517,639.9174194335938,801800,0.0,0.0
2023-02-01 00:00:00-05:00,638.6489146300088,663.3996673988319,635.1241450195328,657.04736328125,1274200,0.0,0.0
2023-02-02 00:00:00-05:00,674.8357193722292,676.4722152444256,663.2640522726059,674.4967651367188,1318600,0.0,0.0
2023-02-03 00:00:00-05:00,656.9699645744791,671.4272666347998,656.4664091070513,658.1029052734375,1015800,0.0,0.0
2023-02-06 00:00:00-05:00,646.2362702146319,649.555222190709,639.9963396059345,642.4030151367188,783100,1.472,0.0
2023-02-07 00:00:00-05:00,639.7536608878538,663.4809605813082,639.7536608878538,658.6578369140625,1236100,0.0,0.0
2023-02-08 00:00:00-05:00,651.622091520289,654.9410429045217,641.8109456947711,643.1986694335938,763900,0.0,0.0
2023-02-09 00:00:00-05:00,653.2234027790988,662.1126777075409,642.4515287067074,644.4991455078125,686500,0.0,0.0
2023-02-10 00:00:00-05:00,633.7855079292796,637.7448656198259,629.4670324803367,636.9490966796875,731800,0.0,0.0
2023-02-13 00:00:00-05:00,639.6470339443454,653.1264789787073,637.8905374091788,648.9729614257812,596000,0.0,0.0
2023-02-14 00:00:00-05:00,642.1506507326965,660.8510118832943,637.7836654485949,657.4544677734375,1013400,0.0,0.0
2023-02-15 00:00:00-05:00,642.2574168438958,657.4545003233081,641.461647933894,656.8043212890625,683500,0.0,0.0
2023-02-16 00:00:00-05:00,639.2297381366344,648.4489310920908,636.0758037045047,636.8812866210938,946300,0.0,0.0
2023-02-17 00:00:00-05:00,631.5146764119945,638.550375841863,628.2540078571869,632.6597900390625,1149600,0.0,0.0
2023-02-21 00:00:00-05:00,619.1512637320207,624.905973537405,610.9219404560769,611.16455078125,1022700,0.0,0.0
2023-02-22 00:00:00-05:00,613.8621923325194,616.6182709946384,602.090737578652,605.759033203125,1017300,0.0,0.0
2023-02-23 00:00:00-05:00,623.1495045752515,623.8773355828007,608.1561739735299,619.2289428710938,1093000,0.0,0.0
2023-02-24 00:00:00-05:00,601.1203307156164,606.2054326639859,594.6086495329079,600.1013793945312,995700,0.0,0.0
2023-02-27 00:00:00-05:00,612.7461851604634,620.470917592623,607.7484490644918,613.3964233398438,804500,0.0,0.0
2023-02-28 00:00:00-05:00,594.3466221683417,606.7682555374588,592.1049057526301,599.4705200195312,1381700,0.0,0.0
2023-03-01 00:00:00-05:00,602.7120458327668,604.7014388513663,593.8713389172894,596.77294921875,794300,0.0,0.0
2023-03-02 00:00:00-05:00,588.3979239036718,606.6131244420126,585.3992344911481,605.7202758789062,795800,0.0,0.0
2023-03-03 00:00:00-05:00,606.8653592678081,618.8212015367532,603.3912225410013,618.539794921875,1024100,0.0,0.0
2023-03-06 00:00:00-05:00,608.7772055745568,614.3960390290471,601.52797871412,602.6148681640625,1403000,0.0,0.0
2023-03-07 00:00:00-05:00,601.0427158333318,603.3620844484986,587.408029220933,591.1054077148438,1033000,0.0,0.0
2023-03-08 00:00:00-05:00,593.7158595799029,602.2072192970955,591.0277779808143,601.0912475585938,1081800,0.0,0.0
2023-03-09 00:00:00-05:00,598.8300564978149,605.4484714633824,586.68982967457,586.864501953125,983800,0.0,0.0
2023-03-10 00:00:00-05:00,595.9480313621633,599.1019658661975,581.7116728163377,583.4390869140625,1043500,0.0,0.0
2023-03-13 00:00:00-04:00,575.5881249687366,594.8513606078042,572.4536186007189,586.9035034179688,966900,0.0,0.0
2023-03-14 00:00:00-04:00,599.2377840179636,602.1103115659256,593.2113815015225,601.9647216796875,844600,0.0,0.0
2023-03-15 00:00:00-04:00,582.963393401018,591.0860405169716,578.9748943927848,588.7569580078125,1047200,0.0,0.0
2023-03-16 00:00:00-04:00,582.9925375770913,612.3678109837189,581.2845516271584,611.92138671875,1063200,0.0,0.0
2023-03-17 00:00:00-04:00,614.9783511189405,619.5297229895976,608.2822827442736,614.9589233398438,1109300,0.0,0.0
2023-03-20 00:00:00-04:00,627.1962001269876,629.1662243962041,620.2090109231956,627.225341796875,935600,0.0,0.0
2023-03-21 00:00:00-04:00,632.4463193123293,636.4445327195174,616.4243240137541,623.1494750976562,848500,0.0,0.0
2023-03-22 00:00:00-04:00,623.9936712612928,641.8498124516944,620.6359234955657,621.44140625,955500,0.0,0.0
2023-03-23 00:00:00-04:00,638.298042797898,654.0192034975317,635.5808190398092,644.5282592773438,1171500,0.0,0.0
2023-03-24 00:00:00-04:00,636.667602509273,639.4721915777798,620.839710119546,628.3897705078125,842700,0.0,0.0
2023-03-27 00:00:00-04:00,635.998035615513,638.0456523034441,624.0421930909087,625.0126342773438,800300,0.0,0.0
2023-03-28 00:00:00-04:00,625.0612176823424,625.5658661123102,613.6876740764254,620.801025390625,793200,0.0,0.0
2023-03-29 00:00:00-04:00,630.3694451503532,645.5083029233202,629.301924380205,639.6371459960938,1101800,0.0,0.0
2023-03-30 00:00:00-04:00,655.2418666590557,660.5113549180887,653.6018187705112,656.6781005859375,892500,0.0,0.0
2023-03-31 00:00:00-04:00,655.1352360210262,662.9860728816739,653.7183704155493,660.589111328125,681600,0.0,0.0
2023-04-03 00:00:00-04:00,654.8536819222841,655.7658989805329,647.662738999312,654.067626953125,657200,0.0,0.0
2023-04-04 00:00:00-04:00,655.9019236583323,661.4528199126156,646.3721822134573,648.9147338867188,877900,0.0,0.0
2023-04-05 00:00:00-04:00,644.0429842980503,645.1299329406194,637.8807063363263,644.2759399414062,850300,0.0,0.0
2023-04-06 00:00:00-04:00,638.8414636660746,645.5375319901676,635.9495676921205,637.6963500976562,679600,0.0,0.0
2023-04-10 00:00:00-04:00,630.7189952067841,642.42251655227,626.4102328629659,642.0828857421875,688700,0.0,0.0
2023-04-11 00:00:00-04:00,649.7201550577012,652.8546614584707,639.4916659923935,640.26806640625,787400,0.0,0.0
2023-04-12 00:00:00-04:00,649.2348879972712,652.1364977588463,634.3677214465928,635.3090209960938,897300,0.0,0.0
2023-04-13 00:00:00-04:00,642.7523556343948,651.0496162941522,640.3456211099491,645.7412719726562,1118600,0.0,0.0
2023-04-14 00:00:00-04:00,645.741309082821,652.7576398471354,639.8798650473838,646.5079956054688,645900,0.0,0.0
2023-04-17 00:00:00-04:00,619.85951429331,623.120182045282,613.5905029423795,620.150634765625,1536500,0.0,0.0
2023-04-18 00:00:00-04:00,625.633811847873,629.1080083297752,617.9382193508796,624.3140258789062,910300,0.0,0.0
2023-04-19 00:00:00-04:00,606.2929815270533,609.3886919775418,598.6458985189068,605.167236328125,2266100,0.0,0.0
2023-04-20 00:00:00-04:00,606.8751242968904,620.9659501639576,606.8751242968904,614.8424682617188,1692900,0.0,0.0
2023-04-21 00:00:00-04:00,616.7251171020936,618.3069410494462,609.2429938768438,615.7158203125,982000,0.0,0.0
2023-04-24 00:00:00-04:00,621.8877714700379,622.3535642327048,608.398616817926,608.8353271484375,1431400,0.0,0.0
2023-04-25 00:00:00-04:00,607.9522922632221,607.9522922632221,587.8544921875,587.8544921875,1404900,0.0,0.0
2023-04-26 00:00:00-04:00,595.57925966527,596.9476151904762,588.2524390388098,591.0958251953125,844200,0.0,0.0
2023-04-27 00:00:00-04:00,603.3814999981047,612.639487262769,594.6572435207056,610.640380859375,1127000,0.0,0.0
2023-04-28 00:00:00-04:00,612.2125091646238,618.5010082939299,608.0008276089113,618.03515625,823000,0.0,0.0
2023-05-01 00:00:00-04:00,618.0331762389142,622.1307089189085,617.0891225782669,618.2278442382812,469300,1.858,0.0
2023-05-02 00:00:00-04:00,615.96011750953,620.4858962738998,611.7361127734989,617.1085815429688,738100,0.0,0.0
2023-05-03 00:00:00-04:00,617.0015996849112,627.4254578802303,613.8676047864911,617.7802124023438,582900,0.0,0.0
2023-05-04 00:00:00-04:00,615.2397638477664,622.2571371436545,613.020655950119,618.0817260742188,614000,0.0,0.0
2023-05-05 00:00:00-04:00,619.6683457547643,636.7396677592455,616.9626563129615,632.9439086914062,801400,0.0,0.0
2023-05-08 00:00:00-04:00,634.335654948918,637.4988170180917,631.86354351734,637.4890747070312,518900,0.0,0.0
2023-05-09 00:00:00-04:00,623.3862492787638,626.6662002798431,621.2255947742676,625.8681030273438,746100,0.0,0.0
2023-05-10 00:00:00-04:00,636.8954009217163,642.7545694847879,634.481683902344,639.5816650390625,813600,0.0,0.0
2023-05-11 00:00:00-04:00,633.3917056558619,634.8516268515235,627.9121300157976,632.8174438476562,560600,0.0,0.0
2023-05-12 00:00:00-04:00,631.9901046575989,633.6057244530109,624.9435026150362,630.208984375,375300,0.0,0.0
2023-05-15 00:00:00-04:00,629.5957495438703,638.1800914316365,627.6491883739732,638.1703491210938,893400,0.0,0.0
2023-05-16 00:00:00-04:00,635.3382208718511,640.2921865010679,634.1702721197104,634.627685546875,709600,0.0,0.0
2023-05-17 00:00:00-04:00,639.4356848851324,653.4606931986069,635.3284687983465,652.584716796875,1162700,0.0,0.0
2023-05-18 00:00:00-04:00,657.2272527064285,678.6199426825738,657.0325846928447,677.335205078125,1459000,0.0,0.0
2023-05-19 00:00:00-04:00,679.3499098016481,681.1699399079387,675.3010883395928,675.456787109375,949700,0.0,0.0
2023-05-22 00:00:00-04:00,672.4006266749882,680.9070896853426,670.4248979307399,679.9727783203125,856000,0.0,0.0
2023-05-23 00:00:00-04:00,672.3909291480013,674.8533577646551,660.7213033839862,663.2421264648438,958600,0.0,0.0
2023-05-24 00:00:00-04:00,650.2099625665289,652.9157116783763,643.5137859751162,648.973876953125,1159300,0.0,0.0
2023-05-25 00:00:00-04:00,682.2893507740007,691.992932196425,675.2233223987863,689.5499877929688,1929800,0.0,0.0
2023-05-26 00:00:00-04:00,697.5016579344577,722.4760152931945,696.5186348938468,716.2664794921875,2349100,0.0,0.0
2023-05-30 00:00:00-04:00,723.2741950027474,727.1673183607085,706.1639012112911,708.801513671875,1411100,0.0,0.0
2023-05-31 00:00:00-04:00,707.6431042737312,710.533719024429,694.221586729569,703.6137084960938,1347600,0.0,0.0
2023-06-01 00:00:00-04:00,704.8498578925911,713.142168627192,699.3507984639602,707.3511962890625,992100,0.0,0.0
2023-06-02 00:00:00-04:00,710.4949309615886,712.9767849354491,700.5285458182741,705.2879028320312,813800,0.0,0.0
2023-06-05 00:00:00-04:00,705.2781275523861,707.2149466045722,699.2048656023401,702.9033203125,663700,0.0,0.0
2023-06-06 00:00:00-04:00,688.839440056975,698.4652007812209,684.167704410788,697.482177734375,845400,0.0,0.0
2023-06-07 00:00:00-04:00,694.2995634650443,700.9081779847962,686.7177275689343,691.2337646484375,921200,0.0,0.0
2023-06-08 00:00:00-04:00,692.0999164364389,701.1709001401913,689.4428790026545,700.810791015625,762400,0.0,0.0
2023-06-09 00:00:00-04:00,701.3070969131736,706.2221522736343,693.569503929622,696.732666015625,864500,0.0,0.0
2023-06-12 00:00:00-04:00,702.6988501492176,711.2442823222975,700.7620312619508,710.6602783203125,1058900,0.0,0.0
2023-06-13 00:00:00-04:00,717.5219671526007,719.6437713485428,704.4605568279919,717.5706787109375,876100,0.0,0.0
2023-06-14 00:00:00-04:00,715.7603340190581,721.901732864775,708.7040489384391,720.43212890625,821400,0.0,0.0
2023-06-15 00:00:00-04:00,703.944846035136,724.5491846055563,703.0202173643064,718.9528198242188,820400,0.0,0.0
2023-06-16 00:00:00-04:00,711.8575707788794,713.5704950147933,700.7621463663418,702.5919189453125,1337400,0.0,0.0
2023-06-20 00:00:00-04:00,701.3655431479377,705.3754549359991,691.5938261680388,701.1611328125,799300,0.0,0.0
2023-06-21 00:00:00-04:00,699.4189108790823,700.3240547226159,686.0265601104545,688.4013671875,820300,0.0,0.0
2023-06-22 00:00:00-04:00,683.223438646256,698.5720914161891,681.6369866504289,698.2411499023438,699800,0.0,0.0
2023-06-23 00:00:00-04:00,679.4472708615125,682.8829804385108,677.3255259455148,679.242919921875,916900,0.0,0.0
2023-06-26 00:00:00-04:00,684.294111183665,695.0391071557849,681.5202259514482,681.5299682617188,714000,0.0,0.0
2023-06-27 00:00:00-04:00,688.0121245359036,707.2441005399206,685.6957118052817,705.7063598632812,1115800,0.0,0.0
2023-06-28 00:00:00-04:00,700.2073233126401,710.494907387859,698.1537153031221,704.8401489257812,866400,0.0,0.0
2023-06-29 00:00:00-04:00,708.1785720749987,709.8915557904305,702.3097197318826,704.0226440429688,768100,0.0,0.0
2023-06-30 00:00:00-04:00,703.2245990623891,708.0131239251624,696.538105370259,705.38525390625,963600,0.0,0.0
2023-07-03 00:00:00-04:00,714.3782258093355,717.4732510222623,706.7477390893023,714.2711791992188,531900,0.0,0.0
2023-07-05 00:00:00-04:00,701.9300613788143,703.3023610448315,695.3506742609667,696.5477905273438,954800,0.0,0.0
2023-07-06 00:00:00-04:00,682.9802004312495,684.8781095488163,674.7073150405074,680.6248779296875,1218700,0.0,0.0
2023-07-07 00:00:00-04:00,679.2526350877813,686.8831226306302,675.1258749545453,678.1235961914062,1352000,0.0,0.0
2023-07-10 00:00:00-04:00,684.9073576532966,693.7836725592772,684.6348105532134,690.8638305664062,930900,0.0,0.0
2023-07-11 00:00:00-04:00,689.9782079692322,690.815274604373,677.1017219971152,686.1629638671875,623200,0.0,0.0
2023-07-12 00:00:00-04:00,710.0276471022977,710.9814430336004,702.932393861466,705.4921264648438,1311700,0.0,0.0
2023-07-13 00:00:00-04:00,721.3664821581782,731.4204890129563,720.4224283378084,730.6807861328125,1209100,0.0,0.0
2023-07-14 00:00:00-04:00,740.3259634879615,751.3531906794996,731.8778350183318,733.8731079101562,1843900,0.0,0.0
2023-07-17 00:00:00-04:00,724.6074412186031,736.6955702132399,715.8284307790049,734.3305053710938,1355200,0.0,0.0
2023-07-18 00:00:00-04:00,728.7925332567507,739.6932883341208,722.6122249383251,736.8026733398438,1220600,0.0,0.0
2023-07-19 00:00:00-04:00,719.4490621855399,722.9820756670615,694.0756287293101,696.6548461914062,2406200,0.0,0.0
2023-07-20 00:00:00-04:00,678.3766330309666,679.1649880045134,655.3488383116119,658.0642700195312,2918800,0.0,0.0
2023-07-21 00:00:00-04:00,676.7317102605234,679.21356383136,670.8531170075393,674.8338012695312,2524100,0.0,0.0
2023-07-24 00:00:00-04:00,666.6972870885245,670.3470897550675,662.6581483758141,666.191162109375,1145300,0.0,0.0
2023-07-25 00:00:00-04:00,666.6193174503978,676.741459232439,666.6095751399158,668.9357299804688,1061900,0.0,0.0
2023-07-26 00:00:00-04:00,661.7626985306598,671.7290827811321,659.3392392413728,666.0159301757812,752200,0.0,0.0
2023-07-27 00:00:00-04:00,695.8372437994719,701.1708025490573,684.771047982564,689.199462890625,1488800,0.0,0.0
2023-07-28 00:00:00-04:00,695.340930804527,702.2220325555954,690.7275897419123,699.1756591796875,949800,0.0,0.0
2023-07-31 00:00:00-04:00,702.0174970731871,703.3995982066988,693.1606679491523,697.2678833007812,789100,0.0,0.0
2023-08-01 00:00:00-04:00,693.9837580281115,695.0079683899718,688.2188164865818,691.31103515625,555100,1.593,0.0
2023-08-02 00:00:00-04:00,678.5228290020839,678.8545081165274,665.3347887365089,666.2907104492188,1025400,0.0,0.0
2023-08-03 00:00:00-04:00,657.2580017922918,666.0858097483806,656.2142634596114,664.291015625,920200,0.0,0.0
2023-08-04 00:00:00-04:00,668.5243944298943,672.2311507326932,658.672376770489,661.3938598632812,891600,0.0,0.0
2023-08-07 00:00:00-04:00,673.4895410441547,676.4061263282564,667.6173143816758,676.3963623046875,663500,0.0,0.0
2023-08-08 00:00:00-04:00,658.7309606222617,663.9886490023678,654.0000532045287,662.6912841796875,746700,0.0,0.0
2023-08-09 00:00:00-04:00,663.0619996630991,667.1978972774524,654.1756662992027,655.980224609375,685200,0.0,0.0
2023-08-10 00:00:00-04:00,671.2946662955006,678.2496267446688,659.5209824143758,661.1694946289062,913900,0.0,0.0
2023-08-11 00:00:00-04:00,650.4297361863806,653.5609506180695,645.0355312322175,645.5330200195312,806000,0.0,0.0
2023-08-14 00:00:00-04:00,636.9199420403816,650.3713729948373,632.7840445232013,650.18603515625,957400,0.0,0.0
2023-08-15 00:00:00-04:00,641.7484229975303,642.6945806901655,634.7739333762462,635.7006225585938,633100,0.0,0.0
2023-08-16 00:00:00-04:00,639.4951525563259,642.8116461126851,630.4137174137128,630.5697631835938,665300,0.0,0.0
2023-08-17 00:00:00-04:00,639.6415166295618,639.6708087045954,627.097245033182,628.5214233398438,797100,0.0,0.0
2023-08-18 00:00:00-04:00,629.1846914147134,642.167926745487,627.1655030483411,639.2415771484375,937600,0.0,0.0
2023-08-21 00:00:00-04:00,637.807456004317,648.322831184823,633.9544182081625,646.2548828125,1104300,0.0,0.0
2023-08-22 00:00:00-04:00,662.5449159977118,663.8228122586972,647.4157411766012,651.1322021484375,760200,0.0,0.0
2023-08-23 00:00:00-04:00,651.834522570673,664.2325101581913,650.1567776010644,660.4965209960938,908100,0.0,0.0
2023-08-24 00:00:00-04:00,661.3647891366951,661.5208349228584,630.9892652874281,631.9159545898438,1336800,0.0,0.0
2023-08-25 00:00:00-04:00,627.8775241405509,636.8614382893076,620.2592635352325,635.027587890625,986200,0.0,0.0
2023-08-28 00:00:00-04:00,640.9290345636072,643.6115214774338,636.4712218933131,642.8116455078125,535800,0.0,0.0
2023-08-29 00:00:00-04:00,636.4809270511437,652.1271187518697,636.3443498048016,651.1224365234375,757900,0.0,0.0
2023-08-30 00:00:00-04:00,651.0054829006417,654.7414129207867,647.2402608076695,653.1221923828125,564100,0.0,0.0
2023-08-31 00:00:00-04:00,643.7968258356677,652.8880245206635,640.4998009646621,644.3138427734375,1100100,0.0,0.0
2023-09-01 00:00:00-04:00,657.4530250781042,657.9797464246218,641.358106808388,646.2548828125,592800,0.0,0.0
2023-09-05 00:00:00-04:00,648.8009947326467,651.0445175883236,644.9381917074319,647.26953125,592100,0.0,0.0
2023-09-06 00:00:00-04:00,649.7957602288338,653.3463514450095,640.9484254115669,649.6884155273438,870800,0.0,0.0
2023-09-07 00:00:00-04:00,621.976034312916,623.9659303871541,613.4213208786005,622.132080078125,1236200,0.0,0.0
2023-09-08 00:00:00-04:00,612.9433507115906,617.4792158346772,609.8706602041154,612.4458618164062,873200,0.0,0.0
2023-09-11 00:00:00-04:00,615.342958887336,616.0257855935206,603.1985980577736,612.299560546875,1066300,0.0,0.0
2023-09-12 00:00:00-04:00,595.9998407049462,607.6954745343102,595.2194927553958,603.6083374023438,1311300,0.0,0.0
2023-09-13 00:00:00-04:00,599.2870469802954,604.7398371773743,598.7407975119407,601.9012451171875,1077000,0.0,0.0
2023-09-14 00:00:00-04:00,605.5689357619199,609.4609706025844,600.2527229027836,606.6322021484375,1237000,0.0,0.0
2023-09-15 00:00:00-04:00,587.8255429551378,590.3714525977291,579.4366986433563,582.0118408203125,2841400,0.0,0.0
2023-09-18 00:00:00-04:00,573.7400090749971,583.670080078629,573.5741992929065,583.0555419921875,1071700,0.0,0.0
2023-09-19 00:00:00-04:00,581.4070404791644,583.4652846745221,574.6667089848764,579.1928100585938,893500,0.0,0.0
2023-09-20 00:00:00-04:00,580.997387586911,586.079502324829,575.2715021965745,575.3983154296875,1094500,0.0,0.0
2023-09-21 00:00:00-04:00,572.5792318450387,576.471266771487,567.8287963867188,567.8287963867188,1313800,0.0,0.0
2023-09-22 00:00:00-04:00,579.300163048906,580.1683277062722,571.6526100106839,572.6865844726562,837300,0.0,0.0
2023-09-25 00:00:00-04:00,569.3016713393562,573.5546174300185,566.2778013062523,571.7402954101562,607300,0.0,0.0
2023-09-26 00:00:00-04:00,562.2491917976146,564.5610026629204,553.9773384318408,558.6497802734375,1471000,0.0,0.0
2023-09-27 00:00:00-04:00,563.8098915341386,567.8872638821415,550.4267510601239,560.4251098632812,1477600,0.0,0.0
2023-09-28 00:00:00-04:00,552.3289293072395,573.8571138535565,550.1536952730736,566.3949584960938,1112500,0.0,0.0
2023-09-29 00:00:00-04:00,585.6893151285107,586.1087513972858,572.3549330587743,574.208251953125,1017400,0.0,0.0
2023-10-02 00:00:00-04:00,569.0382915048929,573.193716524942,562.2003799569146,567.8872680664062,811300,0.0,0.0
2023-10-03 00:00:00-04:00,560.8347944816248,565.4486523262583,553.6359712207338,556.591552734375,1101300,0.0,0.0
2023-10-04 00:00:00-04:00,569.8284262328282,577.3101681886901,566.2095460023353,576.3541870117188,1325900,0.0,0.0
2023-10-05 00:00:00-04:00,569.3700263002221,572.1987948299234,561.2738053491456,567.4093627929688,865500,0.0,0.0
2023-10-06 00:00:00-04:00,569.457840674892,585.747864910654,563.4198037836688,582.6947021484375,1042100,0.0,0.0
2023-10-09 00:00:00-04:00,573.223040262404,577.1833636646119,568.1116338213908,576.8516845703125,738500,0.0,0.0
2023-10-10 00:00:00-04:00,585.4453377105477,591.9028093429246,583.6602482602927,587.3670043945312,1087000,0.0,0.0
2023-10-11 00:00:00-04:00,586.586597993789,591.3078002929688,583.3188656214668,591.3078002929688,981800,0.0,0.0
2023-10-12 00:00:00-04:00,594.6732709511645,608.8660546025687,594.6732709511645,601.6184692382812,1618400,0.0,0.0
2023-10-13 00:00:00-04:00,596.3315522490925,597.170424852031,582.67525401122,585.0260620117188,1098500,0.0,0.0
2023-10-16 00:00:00-04:00,586.2843115939241,591.1713244947276,583.3189657098259,588.9765625,1154100,0.0,0.0
2023-10-17 00:00:00-04:00,576.3835784348465,595.3657944874092,572.5305396047613,593.6880493164062,1535700,0.0,0.0
2023-10-18 00:00:00-04:00,567.4971478103416,577.2613491720388,559.7715434183698,568.9310302734375,2401700,0.0,0.0
2023-10-19 00:00:00-04:00,585.6990746985725,589.6983950256765,570.5015502894623,573.3010864257812,1475500,0.0,0.0
2023-10-20 00:00:00-04:00,574.4911028205869,577.7490714218676,564.1025398799511,565.8583374023438,1035000,0.0,0.0
2023-10-23 00:00:00-04:00,563.4295472754515,578.9392229813367,559.7716105086607,573.359619140625,905100,0.0,0.0
2023-10-24 00:00:00-04:00,576.1200336371419,587.962005980502,575.1543480663115,586.0013427734375,1333900,0.0,0.0
2023-10-25 00:00:00-04:00,582.7824409785935,583.5042642379091,567.2922948253275,569.0188598632812,1322700,0.0,0.0
2023-10-26 00:00:00-04:00,578.5392508029327,584.2944284200933,571.1941447904078,573.7595825195312,1093000,0.0,0.0
2023-10-27 00:00:00-04:00,580.2658166130216,581.3387875762025,572.9109465688215,575.515380859375,819400,0.0,0.0
2023-10-30 00:00:00-04:00,578.217303927391,579.8560521832089,568.1798889975142,574.4227905273438,746700,0.0,0.0
2023-10-31 00:00:00-04:00,584.9285349415494,587.3476315532556,578.9880190718056,584.109130859375,1020300,0.0,0.0
2023-11-01 00:00:00-04:00,586.4462974408049,595.3749710641836,583.6200719424737,594.856689453125,1005800,1.53,0.0
2023-11-02 00:00:00-04:00,622.9237054605904,623.4322576816011,613.2616310859838,617.466796875,1527400,0.0,0.0
2023-11-03 00:00:00-04:00,628.9186833657973,632.7327065545742,624.8113472415662,628.243896484375,906900,0.0,0.0
2023-11-06 00:00:00-05:00,622.8358351233728,624.7134794992389,617.2517277928773,623.3834838867188,651300,0.0,0.0
2023-11-07 00:00:00-05:00,619.84329923585,627.2463762306776,619.5597156709616,622.2783813476562,529000,0.0,0.0
2023-11-08 00:00:00-05:00,625.4469030938307,628.4883083693031,623.0998626880361,625.192626953125,727000,0.0,0.0
2023-11-09 00:00:00-05:00,632.1361405984987,635.0601970417484,619.8726282974392,620.2736206054688,1221600,0.0,0.0
2023-11-10 00:00:00-05:00,630.2487139524704,648.5949777362214,626.6595999689496,646.6978149414062,1246700,0.0,0.0
2023-11-13 00:00:00-05:00,639.7151599790242,643.245539263248,633.9746078321174,640.1649780273438,641200,0.0,0.0
2023-11-14 00:00:00-05:00,659.7729226241662,663.528211115032,654.736464406881,660.51611328125,1166800,0.0,0.0
2023-11-15 00:00:00-05:00,665.2788234603617,667.1564678369766,660.1250158482421,663.049072265625,918500,0.0,0.0
2023-11-16 00:00:00-05:00,661.787534529822,669.4839842590322,660.1152211481211,665.8557739257812,854700,0.0,0.0
2023-11-17 00:00:00-05:00,666.0415233071283,672.4275548986499,664.2225536402495,670.9606323242188,627600,0.0,0.0
2023-11-20 00:00:00-05:00,670.2075823402263,681.6006450074235,670.2075823402263,678.9993286132812,674700,0.0,0.0
2023-11-21 00:00:00-05:00,678.5690782956175,679.2634431751272,664.9266856397151,669.3274536132812,705400,0.0,0.0
2023-11-22 00:00:00-05:00,674.2660992967885,678.7451199780406,668.8287082206992,669.6990966796875,522300,0.0,0.0
2023-11-24 00:00:00-05:00,674.8530289266292,676.7795591073215,672.7308970789978,675.9385375976562,352100,0.0,0.0
2023-11-27 00:00:00-05:00,672.4961023232058,675.0876899669785,669.9436708242192,673.2002563476562,545500,0.0,0.0
2023-11-28 00:00:00-05:00,665.0048955254067,667.792024520666,657.8169988391704,661.0833129882812,644300,0.0,0.0
2023-11-29 00:00:00-05:00,671.3714240967081,677.8258602230613,669.5719726207508,672.4471435546875,795500,0.0,0.0
2023-11-30 00:00:00-05:00,668.0464994323055,669.2396278441755,661.4649240054986,668.6821899414062,753600,0.0,0.0
2023-12-01 00:00:00-05:00,672.9947522744187,680.2413835442322,667.9876611034751,676.9359130859375,857600,0.0,0.0
2023-12-04 00:00:00-05:00,671.5962790662929,675.4884946232416,664.1443169846034,675.0973510742188,748500,0.0,0.0
2023-12-05 00:00:00-05:00,675.0973542755931,682.0505531527101,672.7600432477784,679.2145385742188,610000,0.0,0.0
2023-12-06 00:00:00-05:00,684.0065009972863,687.7618494390886,675.9775224555688,676.818603515625,657100,0.0,0.0
2023-12-07 00:00:00-05:00,680.0360315313778,685.0431229868633,676.828391547038,684.2216796875,780600,0.0,0.0
2023-12-08 00:00:00-05:00,680.0066405118329,687.3314641952571,678.7255305447761,681.0725708007812,920600,0.0,0.0
2023-12-11 00:00:00-05:00,689.179830242317,697.7564575879821,687.1065842216033,694.578125,1585000,0.0,0.0
2023-12-12 00:00:00-05:00,699.1548280897814,705.0811927915435,695.6244488190771,704.6704711914062,880100,0.0,0.0
2023-12-13 00:00:00-05:00,708.6703576046727,722.3909431152491,704.8465457961985,719.07568359375,1037200,0.0,0.0
2023-12-14 00:00:00-05:00,727.8870706212862,739.3192911938837,727.8870706212862,737.089599609375,1446600,0.0,0.0
2023-12-15 00:00:00-05:00,737.0896015277441,743.5636159640552,733.0897658120866,736.3561401367188,1507000,0.0,0.0
2023-12-18 00:00:00-05:00,730.889376391576,731.3098870900359,720.0830572459016,725.6964721679688,808900,0.0,0.0
2023-12-19 00:00:00-05:00,726.6156259414832,728.6497752277629,724.2001221615259,728.2976684570312,571000,0.0,0.0
2023-12-20 00:00:00-05:00,723.2906921315083,733.3244533667975,713.52099609375,713.52099609375,1007600,0.0,0.0
2023-12-21 00:00:00-05:00,727.759909313799,739.2508040432489,727.1535860266181,738.6151733398438,868200,0.0,0.0
2023-12-22 00:00:00-05:00,736.2387084950443,739.152975661227,732.5909203308848,735.935546875,597300,0.0,0.0
2023-12-26 00:00:00-05:00,733.5591465189719,748.9129499182201,733.4613755445952,745.8617553710938,509000,0.0,0.0
2023-12-27 00:00:00-05:00,744.0427707227653,747.6220359011421,741.6272069354939,747.1820068359375,486900,0.0,0.0
2023-12-28 00:00:00-05:00,745.2652183249467,746.2627448925148,741.0991481771496,741.1382446289062,468000,0.0,0.0
2023-12-29 00:00:00-05:00,741.3143890859727,743.5831772599504,735.7400702546233,740.2288208007812,517900,0.0,0.0
2024-01-02 00:00:00-05:00,713.9022989665348,714.655338300245,698.3920523856361,701.1107177734375,1368700,0.0,0.0
2024-01-03 00:00:00-05:00,685.1505611548373,691.0574071401057,684.1726128462011,687.8594970703125,952000,0.0,0.0
2024-01-04 00:00:00-05:00,682.6080536008425,693.8642503960288,682.128868385699,684.8475341796875,752100,0.0,0.0
2024-01-05 00:00:00-05:00,685.3071376186642,694.1379807261292,684.172684036635,687.8302612304688,579200,0.0,0.0
2024-01-08 00:00:00-05:00,696.9349966658399,704.9443969726562,696.2112646636031,704.9443969726562,835300,0.0,0.0
2024-01-09 00:00:00-05:00,694.9986347813493,703.2134259506585,694.9986347813493,700.1622314453125,587000,0.0,0.0
2024-01-10 00:00:00-05:00,700.6707097471161,704.1228964876744,692.4266113301148,701.9616088867188,506400,0.0,0.0
2024-01-11 00:00:00-05:00,704.6020434251745,708.2204644957077,693.0035895577098,702.685302734375,603900,0.0,0.0
2024-01-12 00:00:00-05:00,696.8958973544256,699.7710684602827,693.9718407592353,697.492431640625,580500,0.0,0.0
2024-01-16 00:00:00-05:00,692.3777269300678,695.6147339744816,687.0087993862101,690.9205932617188,913100,0.0,0.0
2024-01-17 00:00:00-05:00,690.3827131883879,697.4434722746875,680.7303668602718,696.5633544921875,835100,0.0,0.0
2024-01-18 00:00:00-05:00,708.6996272543213,731.7694558798644,708.6996272543213,728.1119384765625,2230400,0.0,0.0
2024-01-19 00:00:00-05:00,731.9944373466883,742.7225035224312,728.3564976515912,741.1187133789062,1796100,0.0,0.0
2024-01-22 00:00:00-05:00,749.4997040119223,759.4063264276926,748.6488936491195,749.7734985351562,1418600,0.0,0.0
2024-01-23 00:00:00-05:00,749.1573710623582,761.4990752794034,745.7247625768535,761.2252807617188,1800700,0.0,0.0
2024-01-24 00:00:00-05:00,808.6264903563983,845.5245282138392,808.2744432183451,828.6255493164062,7754300,0.0,0.0
2024-01-25 00:00:00-05:00,849.8372137186252,863.8023464107731,843.959733910063,849.9154663085938,3449500,0.0,0.0
2024-01-26 00:00:00-05:00,844.5072292899732,853.9444541127409,834.3952774524397,848.6146240234375,1614800,0.0,0.0
2024-01-29 00:00:00-05:00,848.4485370803285,863.9392071775109,846.1210149828973,863.1568603515625,1034500,0.0,0.0
2024-01-30 00:00:00-05:00,854.7758198448156,858.3746629320475,843.5880873324321,848.8886108398438,895600,0.0,0.0
2024-01-31 00:00:00-05:00,842.2287673541982,864.50646253971,840.5076281559757,850.63916015625,1251200,0.0,0.0
2024-02-01 00:00:00-05:00,862.8635137899518,874.0708249076317,857.3282919430989,870.9022216796875,1040200,0.0,0.0
2024-02-02 00:00:00-05:00,859.8512562737835,873.3567199489848,859.704599841888,871.0194091796875,896400,0.0,0.0
2024-02-05 00:00:00-05:00,867.5868691264449,883.5749274472138,863.1783991414655,880.263671875,950100,1.556,0.0
2024-02-06 00:00:00-05:00,880.5183417290887,887.3367964342449,872.7300332507472,886.4844970703125,1409500,0.0,0.0
2024-02-07 00:00:00-05:00,886.8762994360867,908.918647436883,886.6509967905057,903.4717407226562,1492200,0.0,0.0
2024-02-08 00:00:00-05:00,898.9260802105397,908.8597853384609,892.3818999969128,904.167236328125,1150800,0.0,0.0
2024-02-09 00:00:00-05:00,917.6376509480182,934.9090600851923,912.7589636905478,930.2850341796875,1588800,0.0,0.0
2024-02-12 00:00:00-05:00,920.5472127671454,927.2285005869848,908.4876015613899,910.309814453125,1033600,0.0,0.0
2024-02-13 00:00:00-05:00,872.7300207683472,897.2607435723552,870.9274799897855,884.9464111328125,1297200,0.0,0.0
2024-02-14 00:00:00-05:00,896.1732916752517,906.9201318332698,894.8213562604519,905.6367797851562,1206400,0.0,0.0
2024-02-15 00:00:00-05:00,910.1825118357734,915.7371671854781,900.6406331883909,910.9270629882812,884300,0.0,0.0
2024-02-16 00:00:00-05:00,913.7582389395865,929.2271083751826,906.9006190426013,910.0453491210938,1161300,0.0,0.0
2024-02-20 00:00:00-05:00,899.9155728305611,901.2675082949977,880.23423864829,891.0692749023438,1044100,0.0,0.0
2024-02-21 00:00:00-05:00,879.1958487074259,890.1876048282456,874.4738804946548,889.7369995117188,867500,0.0,0.0
2024-02-22 00:00:00-05:00,927.6594809310756,939.9444536188659,922.0558553352839,932.4891967773438,1780800,0.0,0.0
2024-02-23 00:00:00-05:00,932.9105965224949,935.1441900933512,913.8169740619487,914.2676391601562,879000,0.0,0.0
2024-02-26 00:00:00-05:00,922.3596905332076,932.3619808041448,917.1576983567295,928.3160400390625,671300,0.0,0.0
2024-02-27 00:00:00-05:00,933.615861243619,938.2790518174511,921.2329460682433,922.222412109375,807500,0.0,0.0
2024-02-28 00:00:00-05:00,919.9397768315251,924.3090813491115,916.0799145770159,920.3904418945312,519700,0.0,0.0
2024-02-29 00:00:00-05:00,920.3905634021867,933.0771722699831,919.332513867535,932.3228149414062,777600,0.0,0.0
2024-03-01 00:00:00-05:00,932.2248391441224,971.2838768679966,930.9414869914847,970.7842407226562,1698200,0.0,0.0
2024-03-04 00:00:00-05:00,972.4104545428963,987.1837435148141,967.6591276438004,977.7398071289062,1433000,0.0,0.0
2024-03-05 00:00:00-05:00,969.5792877972948,971.861852469723,939.1902164765655,949.1337890625,1259500,0.0,0.0
2024-03-06 00:00:00-05:00,966.8655367234078,989.0940220766176,961.5067660185581,983.5099487304688,1304500,0.0,0.0
2024-03-07 00:00:00-05:00,995.0113329284409,1034.8540914883256,994.1786457810891,1026.086181640625,1580300,0.0,0.0
2024-03-08 00:00:00-05:00,1017.7490602771597,1019.05196486528,973.0275628658371,974.105224609375,1638500,0.0,0.0
2024-03-11 00:00:00-04:00,959.5768030009413,961.0757112410566,938.0242867518134,943.089111328125,1432100,0.0,0.0
2024-03-12 00:00:00-04:00,947.1351673136276,964.9551830597034,931.1471107737535,964.2694091796875,1165200,0.0,0.0
2024-03-13 00:00:00-04:00,963.1624055911965,963.1624055911965,939.5526258055132,949.074951171875,851100,0.0,0.0
2024-03-14 00:00:00-04:00,948.8888584187371,951.7102240679216,931.2255607980596,940.258056640625,876600,0.0,0.0
2024-03-15 00:00:00-04:00,935.3596495612701,935.3596495612701,912.8372196412597,921.0859985351562,1727400,0.0,0.0
2024-03-18 00:00:00-04:00,930.0498857468687,938.719911527717,920.6353686867884,922.1930541992188,821400,0.0,0.0
2024-03-19 00:00:00-04:00,919.4499865102566,937.1328956457963,909.1243926283332,932.5480346679688,817600,0.0,0.0
2024-03-20 00:00:00-04:00,936.6235210186364,954.4827032583647,927.6302496085442,951.1714477539062,838600,0.0,0.0
2024-03-21 00:00:00-04:00,984.5680637590954,985.2048068554485,967.9824278487258,970.6372680664062,1112400,0.0,0.0
2024-03-22 00:00:00-04:00,953.9047131918816,970.9214017711334,952.7878864963433,960.027587890625,692800,0.0,0.0
2024-03-25 00:00:00-04:00,959.2145596934712,972.0971134048173,956.5988840745209,959.0186157226562,860900,0.0,0.0
2024-03-26 00:00:00-04:00,966.6698392665236,969.2659625611574,951.0834727114338,951.5438842773438,706000,0.0,0.0
2024-03-27 00:00:00-04:00,958.8715442133941,959.2829846285547,944.4607255798484,954.1985473632812,572100,0.0,0.0
2024-03-28 00:00:00-04:00,949.8291374502628,952.1019553383401,942.0898609853576,950.7304077148438,685700,0.0,0.0
2024-04-01 00:00:00-04:00,959.8316398329296,1001.8590157089856,959.8316398329296,972.7533569335938,1108500,0.0,0.0
2024-04-02 00:00:00-04:00,948.4381584427542,954.0320380840213,937.6520932099036,947.0470581054688,964000,0.0,0.0
2024-04-03 00:00:00-04:00,946.2338572177289,966.4050199704967,942.5307142973905,960.3311767578125,892100,0.0,0.0
2024-04-04 00:00:00-04:00,971.8128126988157,976.5249744166845,933.9979645515954,934.0175170898438,1269700,0.0,0.0
2024-04-05 00:00:00-04:00,956.6379645655256,966.5325063849755,947.2528052728159,959.6259155273438,878400,0.0,0.0
2024-04-08 00:00:00-04:00,969.7164064957916,975.9372832399454,960.1941401989225,962.7216796875,929000,0.0,0.0
2024-04-09 00:00:00-04:00,973.5272825268273,979.8559074165436,949.6431678340521,969.6968383789062,717500,0.0,0.0
2024-04-10 00:00:00-04:00,943.2263411156774,963.475894403146,943.2263411156774,954.7863159179688,722800,0.0,0.0
2024-04-11 00:00:00-04:00,961.5852331559961,972.0088296042078,943.7358571745915,971.9990234375,964700,0.0,0.0
2024-04-12 00:00:00-04:00,950.0937900685589,952.3764144226615,937.0447127688191,942.276123046875,1031000,0.0,0.0
2024-04-15 00:00:00-04:00,965.3765594899263,968.6094255949213,931.7546204518338,935.3989868164062,1077500,0.0,0.0
2024-04-16 00:00:00-04:00,938.8081140353887,958.7050051414398,937.7305120125636,957.0493774414062,1506500,0.0,0.0
2024-04-17 00:00:00-04:00,923.6331493796847,923.652761711698,877.6185525052994,889.1491088867188,3774100,0.0,0.0
2024-04-18 00:00:00-04:00,882.7911992669594,885.2207368912818,868.3706330154067,870.9471435546875,1653700,0.0,0.0
2024-04-19 00:00:00-04:00,869.3894210566165,877.9810578793346,838.1872758308564,842.056884765625,2486800,0.0,0.0
2024-04-22 00:00:00-04:00,852.3040871543268,862.1006858572501,844.9174732580523,854.3123779296875,1143900,0.0,0.0
2024-04-23 00:00:00-04:00,861.4150087675687,889.5900393695756,857.2024828107814,883.2320556640625,991300,0.0,0.0
2024-04-24 00:00:00-04:00,894.4784974652454,896.3888463095626,864.0306497467245,874.170166015625,860600,0.0,0.0
2024-04-25 00:00:00-04:00,857.202497997528,892.5290351232553,853.2838580066822,884.1529541015625,1114200,0.0,0.0
2024-04-26 00:00:00-04:00,895.572884502705,909.4344435647482,894.8660313923536,902.1502075195312,865100,1.873,0.0
2024-04-29 00:00:00-04:00,895.1606616630562,896.5350618543062,884.5878224553215,893.1187744140625,650800,0.0,0.0
2024-04-30 00:00:00-04:00,879.6987901330974,890.5760113072373,855.2741603035915,856.5012817382812,1093000,0.0,0.0
2024-05-01 00:00:00-04:00,855.1662809860458,864.4728117029643,833.5984210653708,837.230712890625,1458200,0.0,0.0
2024-05-02 00:00:00-04:00,858.985083669807,861.9301753852463,846.56658963582,854.3515014648438,876800,0.0,0.0
2024-05-03 00:00:00-04:00,878.216619120008,888.3968153872515,872.4049279289388,885.1277465820312,1038000,0.0,0.0
2024-05-06 00:00:00-04:00,892.5592644859873,901.5515860685045,888.4656032131796,900.137939453125,642000,0.0,0.0
2024-05-07 00:00:00-04:00,907.9030827269046,909.4247014778331,891.0277046355385,891.5970458984375,655000,0.0,0.0
2024-05-08 00:00:00-04:00,887.8862363198065,899.9512735867293,886.7867402265201,894.7875366210938,555700,0.0,0.0
2024-05-09 00:00:00-04:00,897.958504535341,901.3649653003753,890.7724733313145,896.8197021484375,756000,0.0,0.0
2024-05-10 00:00:00-04:00,908.0699049348993,921.8136656582384,908.0699049348993,913.2630615234375,814100,0.0,0.0
2024-05-13 00:00:00-04:00,910.7009486271519,911.9967962597966,897.5265875723363,900.4520263671875,745700,0.0,0.0
2024-05-14 00:00:00-04:00,896.1915116433255,899.6077991593436,889.2999772504826,898.2825317382812,592000,0.0,0.0
2024-05-15 00:00:00-04:00,901.8362173395824,920.2626342773438,893.982639211918,920.2626342773438,883000,0.0,0.0
2024-05-16 00:00:00-04:00,919.3595074268824,921.6272257585706,902.120905498547,902.7098999023438,811100,0.0,0.0
2024-05-17 00:00:00-04:00,903.9468663594108,913.9307111730919,899.4409092840713,908.04052734375,703700,0.0,0.0
2024-05-20 00:00:00-04:00,908.8357084391395,929.3923913231689,908.8357084391395,922.2456665039062,669300,0.0,0.0
2024-05-21 00:00:00-04:00,904.0843776569528,916.493046784923,898.5868963562331,908.3351440429688,746400,0.0,0.0
2024-05-22 00:00:00-04:00,914.1663290200438,916.4143941797795,896.770622378069,905.4488525390625,668600,0.0,0.0
2024-05-23 00:00:00-04:00,949.8706833469436,951.7456988122555,910.4358599540708,917.1506958007812,1357200,0.0,0.0
2024-05-24 00:00:00-04:00,921.0873216692985,941.025591508837,916.640204123295,938.7185668945312,684900,0.0,0.0
2024-05-28 00:00:00-04:00,954.9950303013225,974.7075269808017,947.5832283773947,973.6963500976562,1184000,0.0,0.0
2024-05-29 00:00:00-04:00,943.9509565770543,947.8286726070617,938.4436495142718,940.34814453125,902000,0.0,0.0
2024-05-30 00:00:00-04:00,939.484303467516,951.4119494693539,935.361162879347,948.4373779296875,846500,0.0,0.0
2024-05-31 00:00:00-04:00,954.0232832662474,962.0633868242867,915.8548861465501,942.7730102539062,1040400,0.0,0.0
2024-06-03 00:00:00-04:00,951.5984178358078,954.4649569659686,931.0318489151742,947.8090209960938,752800,0.0,0.0
2024-06-04 00:00:00-04:00,944.6283855462455,946.0715117119914,925.7405393774364,933.4075927734375,765400,0.0,0.0
2024-06-05 00:00:00-04:00,1000.6930657180197,1022.4966430832559,990.4343774115073,1022.2805786132812,2586500,0.0,0.0
2024-06-06 00:00:00-04:00,1028.8187502674539,1035.1408232344136,1014.0834644959151,1033.3443603515625,1370700,0.0,0.0
2024-06-07 00:00:00-04:00,1021.2106037436777,1024.6367176915803,1007.7319191545106,1009.59716796875,936200,0.0,0.0
2024-06-10 00:00:00-04:00,997.5419720731845,1026.973239820139,995.3625727715673,1022.6439208984375,1039500,0.0,0.0
2024-06-11 00:00:00-04:00,1008.6841376989477,1019.8951638782237,1001.0269108297902,1017.0482177734375,789500,0.0,0.0
2024-06-12 00:00:00-04:00,1039.764633352148,1057.503849369571,1036.3090399678892,1049.296875,978400,0.0,0.0
2024-06-13 00:00:00-04:00,1034.4437330932094,1041.5806906468147,1019.7281021967821,1033.4423828125,1106300,0.0,0.0
2024-06-14 00:00:00-04:00,1002.764597620515,1012.1299687775999,997.9935029574236,1009.0867309570312,1047200,0.0,0.0
2024-06-17 00:00:00-04:00,1025.0783058176187,1035.081862249757,1013.7692551323121,1033.206787109375,844400,0.0,0.0
2024-06-18 00:00:00-04:00,1023.1249708439684,1049.8468648470132,1022.9286793006185,1041.9539794921875,1025300,0.0,0.0
2024-06-20 00:00:00-04:00,1038.8615705784698,1043.6915646957018,1025.8933868943025,1031.5086669921875,1150300,0.0,0.0
2024-06-21 00:00:00-04:00,1019.1784776463322,1019.9834166428496,1004.4824390326037,1017.6273193359375,1626000,0.0,0.0
2024-06-24 00:00:00-04:00,1014.2600651932195,1015.7717972822801,983.6703491210938,983.6703491210938,1027000,0.0,0.0
2024-06-25 00:00:00-04:00,986.7627983826676,1004.7573260610749,984.2889620144778,1004.610107421875,621600,0.0,0.0
2024-06-26 00:00:00-04:00,995.4409584212848,1004.8652275515476,985.5258406921948,997.9933471679688,885100,0.0,0.0
2024-06-27 00:00:00-04:00,1010.5982788902623,1022.6437223605169,1005.8862043678591,1009.1945190429688,784300,0.0,0.0
2024-06-28 00:00:00-04:00,1009.1847942590083,1029.6139719831829,996.8645054955839,1004.01123046875,837600,0.0,0.0
2024-07-01 00:00:00-04:00,1016.5966336384288,1019.1097162798711,997.208053062131,1014.5742797851562,791000,0.0,0.0
2024-07-02 00:00:00-04:00,1007.9772532873865,1028.8088391121648,1007.0838752812213,1028.710693359375,748700,0.0,0.0
2024-07-03 00:00:00-04:00,1039.0185754931315,1054.6374124252966,1036.0931368374518,1051.80029296875,779800,0.0,0.0
2024-07-05 00:00:00-04:00,1059.9876508155971,1062.9720489302042,1049.768148453905,1054.8140869140625,771100,0.0,0.0
2024-07-08 00:00:00-04:00,1063.325239186965,1067.8803281170972,1056.1391492976093,1057.670654296875,881900,0.0,0.0
2024-07-09 00:00:00-04:00,1059.9384471769713,1061.7252032368358,1039.960932591334,1040.569580078125,925400,0.0,0.0
2024-07-10 00:00:00-04:00,1049.6207421356248,1080.4362307546132,1045.5074885049848,1078.8360595703125,925400,0.0,0.0
2024-07-11 00:00:00-04:00,1089.6643117246629,1089.7722840435506,1042.130606818199,1043.0533447265625,1151400,0.0,0.0
2024-07-12 00:00:00-04:00,1053.125513335291,1080.4755833488891,1046.7837876776418,1065.396728515625,1053800,0.0,0.0
2024-07-15 00:00:00-04:00,1077.3538436249378,1078.620271508572,1040.96237689345,1044.1627197265625,1365600,0.0,0.0
2024-07-16 00:00:00-04:00,1054.8533806346647,1057.3371035140929,1041.3255633536107,1048.63916015625,1197600,0.0,0.0
2024-07-17 00:00:00-04:00,960.6692433837067,962.0534100438601,911.702183241554,915.0006713867188,5188400,0.0,0.0
2024-07-18 00:00:00-04:00,936.0483878701357,939.69050647157,894.3262520709949,907.235595703125,2242200,0.0,0.0
2024-07-19 00:00:00-04:00,898.4787936492451,903.4953123505657,875.3401812797927,878.9822998046875,2133600,0.0,0.0
2024-07-22 00:00:00-04:00,911.2016789616241,925.3184918536292,905.1347964404478,924.032470703125,1926800,0.0,0.0
2024-07-23 00:00:00-04:00,918.2600298105232,923.1979360965684,912.1734945368005,915.737060546875,1056200,0.0,0.0
2024-07-24 00:00:00-04:00,901.3550893241697,902.8374617069627,854.8226772445691,856.7762451171875,1912000,0.0,0.0
2024-07-25 00:00:00-04:00,857.0217490145635,870.1470372157642,834.6194092785645,846.841552734375,2075900,0.0,0.0
2024-07-26 00:00:00-04:00,877.5588207498491,879.1786452382773,866.082777084681,872.1300659179688,1681600,0.0,0.0
2024-07-29 00:00:00-04:00,872.3690830541562,883.197606745971,854.6953245705313,856.2000732421875,1231500,1.643,0.0
2024-07-30 00:00:00-04:00,877.7881776240562,879.2044433034021,841.8898375867699,846.0599365234375,1682100,0.0,0.0
2024-07-31 00:00:00-04:00,910.2638792518503,926.7082403375372,901.9236215451916,921.2595825195312,2406800,0.0,0.0
2024-08-01 00:00:00-04:00,907.8248403284998,912.4670683588698,857.4393207993583,869.1431884765625,1808500,0.0,0.0
2024-08-02 00:00:00-04:00,810.6139780656334,814.9316281326446,782.7706397980825,796.0087280273438,3624100,0.0,0.0
2024-08-05 00:00:00-04:00,762.2250776638626,825.0520991902752,754.7601630711137,806.8275146484375,2815600,0.0,0.0
2024-08-06 00:00:00-04:00,826.5076716915672,845.8337893200201,821.7573315959922,829.114013671875,1995700,0.0,0.0
2024-08-07 00:00:00-04:00,862.5436768276868,863.9107787042063,820.8721017130345,822.563720703125,1521600,0.0,0.0
2024-08-08 00:00:00-04:00,846.7779366695246,864.1468668448437,835.261000076441,862.1995239257812,1447700,0.0,0.0
2024-08-09 00:00:00-04:00,841.132494030588,851.0365088207195,834.5527686150612,846.3648071289062,950500,0.0,0.0
2024-08-12 00:00:00-04:00,847.5451094154276,852.6790353112506,838.7623167035345,838.8016357421875,1151200,0.0,0.0
2024-08-13 00:00:00-04:00,846.6106523030011,858.284983682537,842.204519356046,855.1574096679688,1526600,0.0,0.0
2024-08-14 00:00:00-04:00,872.9592125401746,875.7130460273889,856.1115744180032,865.0812377929688,887700,0.0,0.0
2024-08-15 00:00:00-04:00,885.5481666214554,915.466712647605,881.5255589465945,912.9489135742188,1459000,0.0,0.0
2024-08-16 00:00:00-04:00,901.0581772682826,907.2543773645249,897.9798267825686,903.5169677734375,804200,0.0,0.0
2024-08-19 00:00:00-04:00,902.0219641490389,918.3188330172948,894.4587229909622,917.76806640625,1024600,0.0,0.0
2024-08-20 00:00:00-04:00,920.551471635261,920.9449021260187,902.2285600673702,910.9130249023438,921300,0.0,0.0
2024-08-21 00:00:00-04:00,918.3287352837847,929.4719908543224,916.3125390404437,928.0557250976562,646500,0.0,0.0
2024-08-22 00:00:00-04:00,927.4556986955484,928.4293700471115,889.6788710395161,892.7474365234375,1092600,0.0,0.0
2024-08-23 00:00:00-04:00,897.8616394125057,906.9296888976634,888.2428833520121,892.3048095703125,1395900,0.0,0.0
2024-08-26 00:00:00-04:00,888.6461459675298,889.7280497322004,867.9038243209269,868.7496337890625,1251500,0.0,0.0
2024-08-27 00:00:00-04:00,865.4942806462149,880.9945060042569,860.0652518583146,875.21142578125,661600,0.0,0.0
2024-08-28 00:00:00-04:00,876.0178781744835,882.6664571911695,865.9073029765494,873.490234375,727300,0.0,0.0
2024-08-29 00:00:00-04:00,891.1247704817948,899.4551847028036,868.4350423874052,873.0772705078125,1173800,0.0,0.0
2024-08-30 00:00:00-04:00,885.2137859290377,891.9803825093663,874.286934834035,888.9708251953125,991200,0.0,0.0
2024-09-03 00:00:00-04:00,877.8865342334518,878.0143961415039,827.776431973725,831.4547729492188,1870800,0.0,0.0
2024-09-04 00:00:00-04:00,791.730472480175,809.1583492219389,786.0555652880055,798.1036376953125,2350900,0.0,0.0
2024-09-05 00:00:00-04:00,782.574016504611,794.7302624682803,777.4695649672308,782.4854736328125,1672000,0.0,0.0
2024-09-06 00:00:00-04:00,779.7315944182395,779.869301086692,738.4927693092137,740.381103515625,3286800,0.0,0.0
2024-09-09 00:00:00-04:00,751.4851572312444,751.6818724986081,725.9825865748609,737.460205078125,2539900,0.0,0.0
2024-09-10 00:00:00-04:00,737.5485847803213,739.6041599888226,722.1467479678099,738.994384765625,1524000,0.0,0.0
2024-09-11 00:00:00-04:00,757.3369658437083,788.386517711496,746.2231853834938,786.9506225585938,2559100,0.0,0.0
2024-09-12 00:00:00-04:00,788.1801457160518,795.3598027335049,780.6365324391669,786.980224609375,1318700,0.0,0.0
2024-09-13 00:00:00-04:00,790.8650307641342,805.1260154625793,790.6191517176093,802.9032592773438,1069200,0.0,0.0
2024-09-16 00:00:00-04:00,795.6252542975014,795.8907628409033,779.0825052850296,789.8027954101562,1150100,0.0,0.0
2024-09-17 00:00:00-04:00,795.3695730919145,798.3889750679192,783.4099823310761,792.4091796875,734600,0.0,0.0
2024-09-18 00:00:00-04:00,786.9015284311935,797.5431212352802,773.407654513767,774.8534545898438,1249000,0.0,0.0
2024-09-19 00:00:00-04:00,818.9443955755374,825.8093792879687,808.6666395541971,814.5087280273438,1644300,0.0,0.0
2024-09-20 00:00:00-04:00,796.2154183321862,796.8350383762009,776.6434208132293,782.1708374023438,2748600,0.0,0.0
2024-09-23 00:00:00-04:00,794.2974861080445,794.2974861080445,784.8557548108647,790.2552490234375,965600,0.0,0.0
2024-09-24 00:00:00-04:00,796.2054944075278,803.0409437174878,787.7964432550003,800.5821533203125,881200,0.0,0.0
2024-09-25 00:00:00-04:00,802.8934468386739,813.5744786718678,800.5822077199051,804.6932983398438,878200,0.0,0.0
2024-09-26 00:00:00-04:00,846.1485070099994,847.7909622516993,825.8585630530889,838.3885498046875,1566400,0.0,0.0
2024-09-27 00:00:00-04:00,838.3984083986799,840.0703979678315,824.3833023530486,827.668212890625,1038400,0.0,0.0
2024-09-30 00:00:00-04:00,822.7604841072746,828.2779957097356,806.1882597661362,819.514892578125,994700,0.0,0.0
2024-10-01 00:00:00-04:00,825.8388465839283,827.402663699748,798.5167987234236,808.7944946289062,1244100,0.0,0.0
2024-10-02 00:00:00-04:00,807.2701473189804,825.4357241514565,803.0410393380782,818.472412109375,898400,0.0,0.0
2024-10-03 00:00:00-04:00,812.2958046331603,823.7046280973328,810.2107551779785,818.6886596679688,651900,0.0,0.0
2024-10-04 00:00:00-04:00,822.2687555500368,825.5045624576768,812.345110122432,819.26904296875,862500,0.0,0.0
2024-10-07 00:00:00-04:00,798.339812635792,809.4339051805312,797.6415544897819,803.7786865234375,898200,0.0,0.0
2024-10-08 00:00:00-04:00,808.9420366323487,817.1347430029754,806.5520995817126,810.6730346679688,1265900,0.0,0.0
2024-10-09 00:00:00-04:00,816.151247662588,832.1727046087199,812.7482600726397,831.9563598632812,1004900,0.0,0.0
2024-10-10 00:00:00-04:00,811.4009104665449,821.8556930606999,807.9586035736565,820.2230224609375,876300,0.0,0.0
2024-10-11 00:00:00-04:00,816.239665703635,831.0711053143036,814.7545467865303,826.8321533203125,964700,0.0,0.0
2024-10-14 00:00:00-04:00,838.467397340516,858.8556725391554,838.1231305925941,857.891845703125,1769200,0.0,0.0
2024-10-15 00:00:00-04:00,852.924864873173,859.2489266773332,705.6728525870147,718.3897094726562,9350700,0.0,0.0
2024-10-16 00:00:00-04:00,699.2503980392345,705.6530973196986,666.1059541922859,672.2529296875,10296200,0.0,0.0
2024-10-17 00:00:00-04:00,681.2226414556732,692.2773533918344,665.9584515779226,689.0513916015625,7209100,0.0,0.0
2024-10-18 00:00:00-04:00,705.8400695715517,714.485215573413,701.4240913435706,711.3379516601562,4537800,0.0,0.0
2024-10-21 00:00:00-04:00,712.0657531820591,712.9017179690577,697.1064496573697,702.3289184570312,2184800,0.0,0.0
2024-10-22 00:00:00-04:00,711.0821865235325,712.1738750585231,705.8105542918269,709.026611328125,2067000,0.0,0.0
2024-10-23 00:00:00-04:00,702.2797559749756,704.502512271926,688.5596924835071,696.9392700195312,1681400,0.0,0.0
2024-10-24 00:00:00-04:00,708.121811056696,708.1316558232327,694.8050234729278,699.0931396484375,1854700,0.0,0.0
2024-10-25 00:00:00-04:00,704.1878302362541,711.3281682215323,699.5062830156545,699.9685668945312,1380100,0.0,0.0
2024-10-28 00:00:00-04:00,696.7130261940418,699.7717470411752,692.3855310833569,696.96875,1182800,0.0,0.0
2024-10-29 00:00:00-04:00,697.6893168663295,705.7728800307121,693.6968432805743,704.9842529296875,1445500,1.641,0.0
2024-10-30 00:00:00-04:00,683.7008950679822,685.7415062499812,672.9261190503249,674.1189575195312,3085200,0.0,0.0
2024-10-31 00:00:00-04:00,673.2809604976516,673.3006957309149,657.7447591214857,662.9990844726562,2398300,0.0,0.0
2024-11-01 00:00:00-04:00,668.9138916808784,673.0641270835068,663.8962085232055,665.1481323242188,1801700,0.0,0.0
2024-11-04 00:00:00-05:00,666.4494783533002,668.795685055865,661.2937682458638,661.62890625,1232500,0.0,0.0
2024-11-05 00:00:00-05:00,663.945518504813,675.7849745566401,663.9060480355897,666.8536376953125,1282000,0.0,0.0
2024-11-06 00:00:00-05:00,659.0558709616774,663.4820985864723,645.4715928218599,652.0369873046875,3208600,0.0,0.0
2024-11-07 00:00:00-05:00,664.5368828132163,670.1855514313058,660.2979595719531,667.5928955078125,1758300,0.0,0.0
2024-11-08 00:00:00-05:00,660.4852708587316,661.7076518823336,652.4904561250195,659.9627685546875,1726800,0.0,0.0
2024-11-11 00:00:00-05:00,662.2302226053064,662.4470695074631,652.5398014546817,661.7767333984375,1520100,0.0,0.0
2024-11-12 00:00:00-05:00,663.0878269806318,666.9324068240933,653.417141588516,659.6769409179688,1711000,0.0,0.0
2024-11-13 00:00:00-05:00,655.1817716820689,664.1131088303412,647.4531406841803,663.846923828125,2453700,0.0,0.0
2024-11-14 00:00:00-05:00,695.6585964702812,701.8888530603498,681.7095774156934,683.1192626953125,3925300,0.0,0.0
2024-11-15 00:00:00-05:00,668.7265892774632,670.22502299808,648.182571993699,649.2767944335938,3063200,0.0,0.0
2024-11-18 00:00:00-05:00,641.8241332814847,659.3614750420469,638.7977232674026,655.7830200195312,2010600,0.0,0.0
2024-11-19 00:00:00-05:00,653.4073138797559,661.8752937701454,644.1900569385697,652.7566528320312,1640700,0.0,0.0
2024-11-20 00:00:00-05:00,647.2067296739673,649.1289898367274,636.2840585006023,649.0797119140625,1677800,0.0,0.0
2024-11-21 00:00:00-05:00,644.6336600353561,663.5018671836423,639.8032810753397,662.6146240234375,2859000,0.0,0.0
2024-11-22 00:00:00-05:00,658.3165263455953,665.2171189910804,656.7589471584644,663.3244018554688,1275600,0.0,0.0
2024-11-25 00:00:00-05:00,675.2723803310685,676.9581184447824,668.3717866634518,674.7498779296875,1511300,0.0,0.0
2024-11-26 00:00:00-05:00,669.9391506594831,672.1670057974252,657.3603461347257,662.4273071289062,1424100,0.0,0.0
2024-11-27 00:00:00-05:00,660.2486887230017,663.1370723140577,650.2428057019531,660.9584350585938,1231800,0.0,0.0
2024-11-29 00:00:00-05:00,669.2294217595293,689.7143556798937,668.9040912134816,676.8594970703125,1706500,0.0,0.0
2024-12-02 00:00:00-05:00,672.0685347787252,703.5450927444131,671.033457759941,701.366455078125,2325900,0.0,0.0
2024-12-03 00:00:00-05:00,692.6716575946182,711.0863747952311,690.6704568415056,707.86279296875,1647200,0.0,0.0
2024-12-04 00:00:00-05:00,713.5113871500539,714.645079988922,706.7488209186691,709.6963500976562,1529800,0.0,0.0
2024-12-05 00:00:00-05:00,718.7953726994849,718.8643256820429,697.945699556395,701.39599609375,1801100,0.0,0.0
2024-12-06 00:00:00-05:00,701.6326192547087,707.0249714459533,697.0388220704626,698.9118041992188,1215400,0.0,0.0
2024-12-09 00:00:00-05:00,703.1211020243919,712.9396812400964,695.6290540617662,696.4866943359375,1267500,0.0,0.0
2024-12-10 00:00:00-05:00,706.443249756095,708.0993847977237,690.6211883954484,695.2544555664062,1214700,0.0,0.0
2024-12-11 00:00:00-05:00,701.7804550275682,707.8036723954208,696.4571164324452,704.2843627929688,1217600,0.0,0.0
2024-12-12 00:00:00-05:00,703.2099089110164,709.6570129283833,700.5383718700639,702.9732666015625,868700,0.0,0.0
2024-12-13 00:00:00-05:00,708.3753662109375,714.6844428543845,706.0488351584358,708.3753662109375,1455700,0.0,0.0
2024-12-16 00:00:00-05:00,709.8245923674621,720.6191039750499,703.200051646772,712.1215209960938,1542800,0.0,0.0
2024-12-17 00:00:00-05:00,729.4912635603125,734.5385496514742,722.2752076248867,724.7495727539062,1753300,0.0,0.0
2024-12-18 00:00:00-05:00,737.8803650762067,746.4370925493232,705.3193976100704,709.2724609375,2257000,0.0,0.0
2024-12-19 00:00:00-05:00,707.5572086208526,710.5934862866059,698.7146207669844,700.173583984375,1620800,0.0,0.0
2024-12-20 00:00:00-05:00,690.20719319437,710.1696229234594,686.3921558818379,695.6586303710938,2701800,0.0,0.0
2024-12-23 00:00:00-05:00,697.0584358631675,711.7961426726367,697.0387607980427,710.8004760742188,1232600,0.0,0.0
2024-12-24 00:00:00-05:00,706.2165809210393,709.9724728153003,704.8463058301289,709.4894409179688,586800,0.0,0.0
2024-12-26 00:00:00-05:00,704.0675594693229,710.2682138182996,701.0115463206267,705.694091796875,734000,0.0,0.0
2024-12-27 00:00:00-05:00,707.3009399987617,707.3108076160555,698.5273646882565,703.4563598632812,942300,0.0,0.0
2024-12-30 00:00:00-05:00,690.0592790180227,692.8293717170593,684.6077818329511,686.2639770507812,1202600,0.0,0.0
2024-12-31 00:00:00-05:00,691.429597411477,692.9969841778651,677.667821265794,683.2376098632812,965000,0.0,0.0
2025-01-02 00:00:00-05:00,695.3234406366156,701.8494247104268,686.4512503064731,690.4732666015625,1115100,0.0,0.0
2025-01-03 00:00:00-05:00,693.1743716235264,707.3797683597899,692.6026515468283,704.21533203125,1062900,0.0,0.0
2025-01-06 00:00:00-05:00,740.3941108374588,769.9976803418351,739.0041608786761,757.5963134765625,2761100,0.0,0.0
2025-01-07 00:00:00-05:00,763.9942577422471,767.3361309358837,742.7897107165476,746.8216552734375,1490200,0.0,0.0
2025-01-08 00:00:00-05:00,742.3065985045329,742.6319290004296,726.533815534981,733.4146728515625,1185400,0.0,0.0
2025-01-10 00:00:00-05:00,740.334978039204,740.6307056771794,724.9565391805793,728.5152587890625,1515800,0.0,0.0
2025-01-13 00:00:00-05:00,710.9582438675993,718.6474639585799,707.3995239528832,717.0800170898438,1321800,0.0,0.0
2025-01-14 00:00:00-05:00,727.0661720886392,729.0180950212404,717.7208168316614,725.8339233398438,1022600,0.0,0.0
2025-01-15 00:00:00-05:00,728.9589269287299,733.8977292196068,714.8915563939416,715.9857788085938,1864400,0.0,0.0
2025-01-16 00:00:00-05:00,748.0243334987658,760.603139447526,737.8312046564264,739.6253662109375,2407600,0.0,0.0
2025-01-17 00:00:00-05:00,757.0049262455085,758.2766455348969,740.8279902186227,745.5894165039062,1933600,0.0,0.0
2025-01-21 00:00:00-05:00,752.1646118164062,756.8274216764017,744.7612519473385,752.1646118164062,1332000,0.0,0.0
2025-01-22 00:00:00-05:00,766.7052214825975,773.6748280803458,755.0136590322599,755.822021484375,1699900,0.0,0.0
2025-01-23 00:00:00-05:00,729.5011306187712,737.1312052832249,725.5480669855614,735.6426391601562,1751100,0.0,0.0
2025-01-24 00:00:00-05:00,738.7183248231988,739.3492506241465,718.9431992732408,721.851318359375,1505700,0.0,0.0
2025-01-27 00:00:00-05:00,663.2356663089924,680.7927435299843,662.3977612531851,680.3491821289062,4947800,0.0,0.0
2025-01-28 00:00:00-05:00,669.1603177124827,683.6022964509967,657.1335584441205,673.6456909179688,2811900,0.0,0.0
2025-01-29 00:00:00-05:00,716.8334933833812,718.1150800733138,694.5938728625842,702.5296020507812,4971500,0.0,0.0
2025-01-30 00:00:00-05:00,729.5898685225566,735.0019559648623,720.2051022793117,726.5240478515625,2745600,0.0,0.0
2025-01-31 00:00:00-05:00,737.4663790061761,743.8838797686908,727.29292640088,728.81103515625,2125700,0.0,0.0
2025-02-03 00:00:00-05:00,708.9175876347623,725.0058333537713,707.7247492717179,720.6781616210938,1647200,0.0,0.0
2025-02-04 00:00:00-05:00,726.4352802099899,732.1430345475577,718.9234969222172,721.023193359375,1497000,0.0,0.0
2025-02-05 00:00:00-05:00,718.8840420802106,732.6556851860375,712.1412107181835,732.0444946289062,1249700,0.0,0.0
2025-02-06 00:00:00-05:00,727.2140530170378,731.8669953285528,724.5721189670157,728.6336059570312,1120200,0.0,0.0
2025-02-07 00:00:00-05:00,728.5547617298763,731.7783438147044,713.4720485912638,717.365966796875,1312400,0.0,0.0
2025-02-10 00:00:00-05:00,726.2578400351656,734.9723300248671,725.4298025356782,733.5133666992188,985700,0.0,0.0
2025-02-11 00:00:00-05:00,735.6470760651374,744.3602144322541,734.8666699264342,743.8563842773438,1096700,1.57,0.0
2025-02-12 00:00:00-05:00,729.4037817588404,747.620356501367,724.6718413468242,747.0078735351562,1077800,0.0,0.0
2025-02-13 00:00:00-05:00,745.6247606490956,767.5755004882812,743.6292169198546,767.5755004882812,1674100,0.0,0.0
2025-02-14 00:00:00-05:00,768.7906210599906,768.928939212418,739.6085659744324,742.4437866210938,2047300,0.0,0.0
2025-02-18 00:00:00-05:00,748.2625501913434,749.7344870958376,729.6507967915921,735.2026977539062,1715400,0.0,0.0
2025-02-19 00:00:00-05:00,734.9457854067797,743.7478003232499,732.7032707043638,735.7755737304688,1457900,0.0,0.0
2025-02-20 00:00:00-05:00,742.2462316766162,746.3558607361114,731.4486724306403,734.0863647460938,1185900,0.0,0.0
2025-02-21 00:00:00-05:00,735.1335015208522,736.6745973079765,724.3161655652574,728.277587890625,1472300,0.0,0.0
2025-02-24 00:00:00-05:00,737.0894823998484,741.7819287811586,725.7979818167177,727.042724609375,1471200,0.0,0.0
2025-02-25 00:00:00-05:00,723.318418356479,730.0261255786991,717.4108943530971,721.3426513671875,1691200,0.0,0.0
2025-02-26 00:00:00-05:00,734.807396974772,744.6368483174662,729.9568559848726,737.8796997070312,1401400,0.0,0.0
2025-02-27 00:00:00-05:00,734.412278050434,735.7755619989493,688.4658103614579,689.2462768554688,2342800,0.0,0.0
2025-02-28 00:00:00-05:00,698.255777108805,704.8548312224066,689.058584736214,700.4884033203125,1773400,0.0,0.0
2025-03-03 00:00:00-05:00,713.3012011046771,723.4763881253779,684.0894815594548,691.3800659179688,2284100,0.0,0.0
2025-03-04 00:00:00-05:00,689.809461948681,712.5603886259797,684.2970548873074,699.6388549804688,2044700,0.0,0.0
2025-03-05 00:00:00-05:00,722.7551859558716,731.5769767216299,710.5844562819688,730.7866821289062,1754300,0.0,0.0
2025-03-06 00:00:00-05:00,710.1399506118129,722.3106812091487,702.3850901204318,706.1785888671875,1427900,0.0,0.0
2025-03-07 00:00:00-05:00,717.3614509038717,725.1064840207617,706.8306393962603,723.3480224609375,1426400,0.0,0.0
2025-03-10 00:00:00-04:00,689.5228289925029,690.530489344513,667.8091713832486,674.8330078125,2321500,0.0,0.0
2025-03-11 00:00:00-04:00,690.3528313774565,693.4942940208788,673.0055976026625,681.84716796875,1616800,0.0,0.0
2025-03-12 00:00:00-04:00,695.6082236834673,699.7177920497575,688.2978624899619,694.8475341796875,1306300,0.0,0.0
2025-03-13 00:00:00-04:00,689.3846325326416,696.7542046862771,679.9206919345393,686.1740112304688,1399500,0.0,0.0
2025-03-14 00:00:00-04:00,699.1052639999737,711.3056592375916,696.8133674511575,705.3486938476562,1367500,0.0,0.0
2025-03-17 00:00:00-04:00,709.3497189852158,725.649796364551,708.5199306296346,721.48095703125,1423300,0.0,0.0
2025-03-18 00:00:00-04:00,721.0561644415911,725.2941627954319,711.2662055484855,722.25146484375,1007300,0.0,0.0
2025-03-19 00:00:00-04:00,720.2757199221725,737.7019992292849,716.2748038301373,726.0054321289062,1080500,0.0,0.0
2025-03-20 00:00:00-04:00,716.225377439285,726.4895007795718,715.4547994196124,725.1657104492188,1282400,0.0,0.0
2025-03-21 00:00:00-04:00,703.1654929218363,712.6195441520173,702.5925639713648,707.5418090820312,1967200,0.0,0.0
2025-03-24 00:00:00-04:00,719.2088184317491,723.08130468044,717.5392929862061,719.0211181640625,1104400,0.0,0.0
2025-03-25 00:00:00-04:00,723.1899342383954,726.0943139058436,716.6303738567873,717.9343872070312,1244300,0.0,0.0
2025-03-26 00:00:00-04:00,707.225832512348,711.2662423231801,693.7313099317913,697.2086791992188,1266500,0.0,0.0
2025-03-27 00:00:00-04:00,690.0267124617916,693.968357843505,680.6517080175289,682.261962890625,1285500,0.0,0.0
2025-03-28 00:00:00-04:00,676.8285294310189,679.1105375746262,663.9069982343728,666.4063720703125,1393000,0.0,0.0
2025-03-31 00:00:00-04:00,652.2599174041974,657.1005099912655,644.9693329312493,654.6011962890625,1685000,0.0,0.0
2025-04-01 00:00:00-04:00,656.5176940128403,662.5141536291602,648.3972609176766,659.254150390625,1212600,0.0,0.0
2025-04-02 00:00:00-04:00,656.3398532374541,668.1944537961592,652.8229908168629,660.9038696289062,1119000,0.0,0.0
2025-04-03 00:00:00-04:00,641.6599092837205,643.0824034417018,615.2735229691513,615.6686401367188,2877100,0.0,0.0
2025-04-04 00:00:00-04:00,614.4141427891647,618.7904593725405,590.4480799036453,598.2128295898438,4017000,0.0,0.0
2025-04-07 00:00:00-04:00,579.3935885833816,644.939625168473,571.5004102122978,608.3781127929688,4179100,0.0,0.0
2025-04-08 00:00:00-04:00,624.3620782205829,630.170837366065,575.8273625412111,588.1561279296875,2585200,0.0,0.0
2025-04-09 00:00:00-04:00,610.531758774325,683.9018227717801,599.5168340133804,678.9328002929688,3866700,0.0,0.0
2025-04-10 00:00:00-04:00,648.2194711623505,653.6429416945285,620.025299003148,641.6796875,2989900,0.0,0.0
2025-04-11 00:00:00-04:00,648.1108452642059,663.85771063362,643.497446211476,660.7063598632812,2163600,0.0,0.0
2025-04-14 00:00:00-04:00,668.2439144018992,671.7904426823792,654.7000099662099,664.7171630859375,1574000,0.0,0.0
2025-04-15 00:00:00-04:00,671.1482174206964,679.1994911086476,668.4908087091778,674.8823852539062,2105600,0.0,0.0
2025-04-16 00:00:00-04:00,639.1606387884368,645.2163696024626,616.6072410964808,627.2368774414062,4028300,0.0,0.0
2025-04-17 00:00:00-04:00,636.5525649290556,639.8125682526679,629.2125981361268,632.4034423828125,1439900,0.0,0.0
2025-04-21 00:00:00-04:00,624.3422744542924,625.9821342780102,606.6196448214076,617.120849609375,1555100,0.0,0.0
2025-04-22 00:00:00-04:00,631.069835137702,637.7874306541271,623.3544676723147,630.9512939453125,1967000,0.0,0.0
2025-04-23 00:00:00-04:00,656.2015556043481,658.4144047971752,646.8561568320359,650.0075073242188,1849700,0.0,0.0
2025-04-24 00:00:00-04:00,658.4539456809009,670.1010691567703,654.5320172641012,666.8212890625,1770700,0.0,0.0
2025-04-25 00:00:00-04:00,658.8195563319646,673.4896027690802,656.5375477685104,669.0639038085938,1280900,0.0,0.0
2025-04-28 00:00:00-04:00,666.0820041481812,668.3314636558555,655.0924823793761,666.6666870117188,1007600,2.091,0.0
2025-04-29 00:00:00-04:00,659.5814938784816,667.5288753477703,656.9951474067182,660.0769653320312,1104000,0.0,0.0
2025-04-30 00:00:00-04:00,651.6341930645907,663.43629684127,645.5597080174331,662.0291748046875,1042100,0.0,0.0
2025-05-01 00:00:00-04:00,669.0351598495162,669.0351598495162,656.4600913390096,660.6814575195312,1066300,0.0,0.0
2025-05-02 00:00:00-04:00,680.1038852876577,688.7052617302339,679.3903750045396,684.0775756835938,1215500,0.0,0.0
2025-05-05 00:00:00-04:00,678.7958761790862,684.1667696803639,676.5464164759352,677.1707153320312,903700,0.0,0.0
2025-05-06 00:00:00-04:00,670.1845145557305,680.1533965840549,669.3818533167172,673.8311767578125,765100,0.0,0.0
2025-05-07 00:00:00-04:00,679.5688476079546,695.6022963921943,677.2698528335255,694.0465087890625,1041400,0.0,0.0
2025-05-08 00:00:00-04:00,704.6792891697722,710.3177565217185,699.3083957471905,701.6173095703125,1040500,0.0,0.0
2025-05-09 00:00:00-04:00,702.7865490357576,704.0747625500956,697.5246453062919,699.813720703125,884000,0.0,0.0
2025-05-12 00:00:00-04:00,723.8044559655198,743.7224434409628,722.773897180287,743.4053344726562,2571500,0.0,0.0
2025-05-13 00:00:00-04:00,738.5100730917347,757.9424477335256,737.7965627937199,756.9812622070312,1815600,0.0,0.0
2025-05-14 00:00:00-04:00,758.0712410503372,766.6924554960068,757.347872161595,761.94580078125,1156100,0.0,0.0
2025-05-15 00:00:00-04:00,756.7533595415034,760.0532163860356,748.3700211829022,751.491455078125,1511000,0.0,0.0
2025-05-16 00:00:00-04:00,746.0610767957845,746.6259214925889,735.4877332513735,741.3243408203125,1095100,0.0,0.0
2025-05-19 00:00:00-04:00,733.0302049031787,743.2072082964728,730.5925239686751,742.3450927734375,977900,0.0,0.0
2025-05-20 00:00:00-04:00,738.8767983107713,742.1964330078029,734.5859983925498,741.9784545898438,777200,0.0,0.0
2025-05-21 00:00:00-04:00,742.2261374995361,748.9446987866405,728.8285703845946,730.4933471679688,1058700,0.0,0.0
2025-05-22 00:00:00-04:00,729.6510594447941,740.4424417874758,727.5007303574095,733.9913940429688,863500,0.0,0.0
2025-05-23 00:00:00-04:00,718.0371593489901,729.3240128387298,715.9760417842664,725.855712890625,1525200,0.0,0.0
2025-05-27 00:00:00-04:00,744.564714668169,754.315618797401,743.1575927745549,749.9356079101562,1385100,0.0,0.0
2025-05-28 00:00:00-04:00,745.3277925519063,749.5392997934487,738.0641643037874,739.748779296875,1244000,0.0,0.0
2025-05-29 00:00:00-04:00,750.9662660944746,752.6706588310908,738.093927650594,740.3037109375,1166000,0.0,0.0
2025-05-30 00:00:00-04:00,738.2623442915158,739.2037520979546,716.4516824286486,730.0969848632812,1785400,0.0,0.0
2025-06-02 00:00:00-04:00,726.6484812131533,740.1847947963448,726.0241823614439,739.7686157226562,812600,0.0,0.0
2025-06-03 00:00:00-04:00,726.0242324989699,741.7703304330704,725.5684374523337,740.4821166992188,1085100,0.0,0.0
2025-06-04 00:00:00-04:00,744.3764348309502,745.952060557806,733.7039610964271,736.0525512695312,1160000,0.0,0.0
2025-06-05 00:00:00-04:00,747.2997278018654,749.6086415511394,737.2614720070524,740.9874267578125,1506500,0.0,0.0
2025-06-06 00:00:00-04:00,749.212273692197,755.1975469317939,745.9817902164813,746.1998291015625,1345100,0.0,0.0
2025-06-09 00:00:00-04:00,750.2032387804342,775.1155581118827,750.2032387804342,763.2242431640625,1769400,0.0,0.0
2025-06-10 00:00:00-04:00,772.0534411890566,781.15028896239,769.4571758553369,777.8603515625,1715500,0.0,0.0
2025-06-11 00:00:00-04:00,782.8943839782366,790.0291845713057,773.6191734484225,776.9884033203125,1365900,0.0,0.0
2025-06-12 00:00:00-04:00,778.3261880167491,782.4187870019528,775.2542892424977,779.0892333984375,999600,0.0,0.0
2025-06-13 00:00:00-04:00,759.9442121192088,765.9294854381101,752.9877736341115,754.1075439453125,1742900,0.0,0.0
2025-06-16 00:00:00-04:00,759.428878892676,772.1327736845626,759.0423966594183,768.2086181640625,1454500,0.0,0.0
2025-06-17 00:00:00-04:00,759.8352125330003,766.2069680100803,751.3428247714434,752.9778442382812,1422800,0.0,0.0
2025-06-18 00:00:00-04:00,757.8036786432777,761.0440809987572,747.4086982036868,754.74169921875,1372500,0.0,0.0
2025-06-20 00:00:00-04:00,761.410769278337,762.0449872318138,729.5816890867502,749.6780395507812,2303900,0.0,0.0
2025-06-23 00:00:00-04:00,754.3651919951726,773.6786591897319,752.9283127122463,772.657958984375,1302800,0.0,0.0
2025-06-24 00:00:00-04:00,778.990151650754,806.0924777528596,778.990151650754,805.9933471679688,2039600,0.0,0.0
2025-06-25 00:00:00-04:00,809.3526567782385,812.117365843171,798.9179984527062,807.8563232421875,1400100,0.0,0.0
2025-06-26 00:00:00-04:00,792.5164909828328,793.6263421748816,779.3765786572204,790.8616333007812,1705800,0.0,0.0
2025-06-27 00:00:00-04:00,795.667709153022,798.1946014979425,781.3089559455852,788.7410278320312,1201000,0.0,0.0
2025-06-30 00:00:00-04:00,789.2661505497156,795.1721917747337,786.8482475496587,794.1317138671875,1080400,0.0,0.0
2025-07-01 00:00:00-04:00,780.9124821704085,788.2950183228245,775.4523775203113,783.310546875,1065800,0.0,0.0
2025-07-02 00:00:00-04:00,769.2095298062145,793.2498149495709,765.8601378664023,792.3480834960938,1383000,0.0,0.0
2025-07-03 00:00:00-04:00,779.8423090758865,791.2976671230913,779.4855841457787,787.3041381835938,910700,0.0,0.0
2025-07-07 00:00:00-04:00,778.346014143184,786.3032539967263,776.701015096821,777.9793701171875,1363700,0.0,0.0
2025-07-08 00:00:00-04:00,775.571325905655,791.1588984970065,771.6769276548935,786.90771484375,1327800,0.0,0.0
2025-07-09 00:00:00-04:00,785.7285080510816,793.6461926254892,785.2924907558848,792.5858764648438,1334300,0.0,0.0
2025-07-10 00:00:00-04:00,801.6034552081493,803.7537844260956,790.7724562667889,794.825439453125,1498900,0.0,0.0
2025-07-11 00:00:00-04:00,789.8507805806936,795.9153456452957,789.3057741401119,794.666748046875,932400,0.0,0.0
2025-07-14 00:00:00-04:00,790.3958646141297,805.4086736196497,782.7160572017547,799.42333984375,1456900,0.0,0.0
2025-07-15 00:00:00-04:00,815.5262415404889,819.0738343753328,806.8357126570138,815.56591796875,2099600,0.0,0.0
2025-07-16 00:00:00-04:00,747.5276708510635,754.0084761198997,723.9828578912155,747.6168823242188,10789600,0.0,0.0
2025-07-17 00:00:00-04:00,740.0558815200965,749.995005982147,735.2795301445643,738.1631469726562,4078500,0.0,0.0
2025-07-18 00:00:00-04:00,745.2683187979277,745.2782379036471,727.6790831340809,727.9268188476562,2567200,0.0,0.0
2025-07-21 00:00:00-04:00,724.3792854812434,726.2621012506763,712.8050792583862,713.1618041992188,2650300,0.0,0.0
2025-07-22 00:00:00-04:00,711.8041455420826,712.5473526684917,694.8392090418353,699.09033203125,3425100,0.0,0.0
2025-07-23 00:00:00-04:00,708.7322528485805,713.449089978301,701.7163605817867,710.4366455078125,3379400,0.0,0.0
2025-07-24 00:00:00-04:00,716.4616194040461,720.0488277813349,711.8537108315942,718.5128784179688,2037100,0.0,0.0
2025-07-25 00:00:00-04:00,702.7172305609095,706.6909210857901,700.2001970010399,704.80810546875,2312100,0.0,0.0
2025-07-28 00:00:00-04:00,728.491717344771,728.7493117007417,721.8920035774996,723.37841796875,2253900,0.0,0.0
2025-07-29 00:00:00-04:00,718.0007588188047,722.1633437588,711.0167915242523,713.7885131835938,2292900,1.847,0.0
2025-07-30 00:00:00-04:00,712.1990885542328,719.2824386848893,710.818169381883,716.729248046875,1407000,0.0,0.0
2025-07-31 00:00:00-04:00,701.7776313785979,702.9101256013629,686.687026104614,690.1641235351562,2892200,0.0,0.0
2025-08-01 00:00:00-04:00,685.4849672328226,688.8925156632091,679.0076116172627,685.30615234375,1627100,0.0,0.0
2025-08-04 00:00:00-04:00,691.0284575391662,694.8731291668861,688.3660015176297,694.78369140625,1025600,0.0,0.0
2025-08-05 00:00:00-04:00,690.1740299366949,691.0781092544945,679.762625833176,685.1173706054688,1261200,0.0,0.0
2025-08-06 00:00:00-04:00,683.1503821344697,687.8990726436663,680.9548214545554,686.438720703125,1218700,0.0,0.0
2025-08-07 00:00:00-04:00,709.3478093953312,712.2089688849658,701.9962072497312,708.4536743164062,1723800,0.0,0.0
2025-08-08 00:00:00-04:00,707.7482577973893,718.7657161174063,705.8011220312466,717.5934448242188,1042900,0.0,0.0
2025-08-11 00:00:00-04:00,719.2625494978272,727.0711035074687,714.8118835121178,716.5901489257812,1179700,0.0,0.0
2025-08-12 00:00:00-04:00,720.7824245831067,738.485763622869,718.7457905291286,736.9359741210938,1461800,0.0,0.0
2025-08-13 00:00:00-04:00,745.7182987552064,751.2518590430328,742.6484913204133,750.6259765625,2011900,0.0,0.0
2025-08-14 00:00:00-04:00,742.3901473276953,752.0465146858643,739.6879143176434,750.2682495117188,1577400,0.0,0.0
2025-08-15 00:00:00-04:00,733.6676257894104,742.2610487750376,731.8396391483265,737.3036499023438,1635100,0.0,0.0
2025-08-18 00:00:00-04:00,734.8299442462272,743.1054537776765,734.6014686572025,742.6583862304688,1086400,0.0,0.0
2025-08-19 00:00:00-04:00,746.6222430440563,750.7451115903816,736.8566097402372,738.744140625,1121300,0.0,0.0
2025-08-20 00:00:00-04:00,745.8871189329968,748.5098586134442,733.349702907488,744.585693359375,1368400,0.0,0.0
2025-08-21 00:00:00-04:00,734.5219393226331,736.6479506579662,727.3193801287421,730.587890625,952700,0.0,0.0
2025-08-22 00:00:00-04:00,736.826796458924,756.5866604429264,735.5253708926426,749.9503784179688,1456000,0.0,0.0
2025-08-25 00:00:00-04:00,749.8112739080176,753.2983158342089,747.1687063663652,749.523193359375,731100,0.0,0.0
2025-08-26 00:00:00-04:00,753.8049887455171,758.5040184676129,750.963657144561,758.2059936523438,860100,0.0,0.0
2025-08-27 00:00:00-04:00,755.0269220525568,765.5377085507255,752.8313614108685,764.9614868164062,1140700,0.0,0.0
2025-08-28 00:00:00-04:00,764.9615394424077,768.110779711186,755.8912763381571,758.46435546875,985400,0.0,0.0
2025-08-29 00:00:00-04:00,748.072764752382,748.6688144142096,734.9491822032124,737.7606811523438,1317800,0.0,0.0
2025-09-02 00:00:00-04:00,712.5169241304118,722.4415443892194,711.513523411658,721.100341796875,1867400,0.0,0.0
2025-09-03 00:00:00-04:00,727.4286600935825,733.4688923488761,724.7860925895124,731.9985961914062,1330300,0.0,0.0
2025-09-04 00:00:00-04:00,732.227116308174,751.9472646215851,730.6177215958242,748.4999389648438,1532700,0.0,0.0
2025-09-05 00:00:00-04:00,769.8095803071244,777.97576366098,761.2261015640292,776.5849609375,1887300,0.0,0.0
2025-09-08 00:00:00-04:00,784.4829452761581,793.4737144258323,781.6018971872853,791.0397338867188,1284500,0.0,0.0
2025-09-09 00:00:00-04:00,789.996677856332,800.5670703306469,787.9302712094051,799.8616943359375,1324100,0.0,0.0
2025-09-10 00:00:00-04:00,801.5405503732806,804.3023278085084,785.8439503924894,787.9500732421875,1634300,0.0,0.0
2025-09-11 00:00:00-04:00,794.4571670904944,803.8552866544076,793.2848957909575,798.8978881835938,1297800,0.0,0.0
2025-09-12 00:00:00-04:00,803.2294655941625,810.4419694572484,801.0239606423179,808.54443359375,1019700,0.0,0.0
2025-09-15 00:00:00-04:00,829.4665758379617,863.0354470221886,828.4631751346633,861.624755859375,2702300,0.0,0.0
2025-09-16 00:00:00-04:00,874.1821314172141,875.6922047289595,861.8930791327846,872.6720581054688,1832400,0.0,0.0
2025-09-17 00:00:00-04:00,862.5486530926064,871.8871677486078,855.5447974184895,866.562255859375,1553300,0.0,0.0
2025-09-18 00:00:00-04:00,922.5932451886393,932.5377546096264,910.0360009170333,921.7289428710938,3176100,0.0,0.0
2025-09-19 00:00:00-04:00,920.010304374067,932.5080046130578,919.8116009391064,926.050537109375,2410200,0.0,0.0
2025-09-22 00:00:00-04:00,954.6321721022479,958.22847966498,947.3501798507093,951.5325927734375,1885000,0.0,0.0
2025-09-23 00:00:00-04:00,958.0992745874239,971.0837572088097,949.74433281634,957.2052001953125,1664800,0.0,0.0
2025-09-24 00:00:00-04:00,943.50542974167,947.3600456150706,934.7928579153163,940.74365234375,1400700,0.0,0.0
2025-09-25 00:00:00-04:00,932.060901848829,946.426244053846,930.987951849176,943.3366088867188,1272600,0.0,0.0
2025-09-26 00:00:00-04:00,940.0482827045977,948.9695028025544,936.5811291702523,945.2937622070312,955200,0.0,0.0
2025-09-29 00:00:00-04:00,957.4238236677012,965.7092776468027,956.0727373657147,956.3111572265625,1213800,0.0,0.0
2025-09-30 00:00:00-04:00,961.7055887259944,969.255894352754,956.7681391273325,961.7553100585938,1303600,0.0,0.0
2025-10-01 00:00:00-04:00,959.2914740318633,998.7813681622388,958.5066652604136,996.705078125,1963800,0.0,0.0
2025-10-02 00:00:00-04:00,1032.2013155230152,1033.423247628801,1015.2032891626086,1023.4291381835938,1689100,0.0,0.0
2025-10-03 00:00:00-04:00,1024.2537103477246,1033.045776623557,1018.749922214614,1025.4656982421875,1352300,0.0,0.0
2025-10-06 00:00:00-04:00,1033.6318741510283,1052.0704859200857,1033.2941328802328,1036.4732666015625,1385400,0.0,0.0
2025-10-07 00:00:00-04:00,1036.0062161902745,1038.0130177584977,994.4499737328994,995.741455078125,1667800,0.0,0.0
2025-10-08 00:00:00-04:00,971.5508464337066,985.1016083455048,971.0242853563655,981.3463134765625,1947000,0.0,0.0
2025-10-09 00:00:00-04:00,978.9023637974298,981.06815238394,965.1529594314093,974.1238403320312,1496000,0.0,0.0
2025-10-10 00:00:00-04:00,964.3382744920563,969.8122294070682,929.2891007181343,930.0640258789062,2933900,0.0,0.0
2025-10-13 00:00:00-04:00,965.3714725455909,978.7334746974587,960.6426098685783,978.2168579101562,2223900,0.0,0.0
2025-10-14 00:00:00-04:00,961.1294144552559,986.9791104690592,959.6789461859731,976.7465209960938,2422100,0.0,0.0
2025-10-15 00:00:00-04:00,1023.3892508897957,1026.240465920048,987.038654366869,1003.2022094726562,2900300,0.0,0.0
2025-10-16 00:00:00-04:00,1030.383255042897,1042.513319315551,1004.4837778528866,1012.9182739257812,1938400,0.0,0.0
2025-10-17 00:00:00-04:00,1013.9117781527381,1026.0120708332754,1008.3583297358327,1022.5349731445312,1663700,0.0,0.0
2025-10-20 00:00:00-04:00,1024.9987168942193,1045.2851417479812,1024.740408509295,1035.3306884765625,1271700,0.0,0.0
2025-10-21 00:00:00-04:00,1029.5289679133014,1030.6912344092402,1017.4485028681272,1018.3128051757812,1072200,0.0,0.0
2025-10-22 00:00:00-04:00,1019.7333826974535,1026.419446855013,991.1417359679252,1004.9508056640625,1328600,0.0,0.0
2025-10-23 00:00:00-04:00,997.9470715434816,1033.6916216219718,997.9271830074682,1029.62841796875,1318200,0.0,0.0
2025-10-24 00:00:00-04:00,1031.1383160617443,1036.5724937884238,1025.4259414213177,1026.33984375,1032700,0.0,0.0
2025-10-27 00:00:00-04:00,1043.1393345629874,1053.7891598044523,1042.4935635432557,1053.0440673828125,1265600,0.0,0.0
2025-10-28 00:00:00-04:00,1049.8848173233428,1053.6996561078954,1044.8479252459797,1045.593017578125,856900,0.0,0.0
2025-10-29 00:00:00-04:00,1065.5412655170387,1072.6072964974296,1059.7490225948534,1065.7203369140625,1530000,1.864,0.0
2025-10-30 00:00:00-04:00,1067.5516947071428,1080.9174194012405,1065.491523104655,1070.308349609375,1283100,0.0,0.0
2025-10-31 00:00:00-04:00,1066.556320568512,1068.1486466251815,1046.3732506746585,1054.165771484375,1179400,0.0,0.0
2025-11-03 00:00:00-05:00,1057.9378447412212,1068.2682240307556,1057.9079590109138,1061.7196044921875,868100,0.0,0.0
2025-11-04 00:00:00-05:00,1044.9301920099383,1058.1766158671019,1023.9111705523727,1025.2149658203125,1735100,0.0,0.0
2025-11-05 00:00:00-05:00,1026.1703423638687,1045.6169615563233,1025.8718495396654,1038.7598876953125,1169400,0.0,0.0
2025-11-06 00:00:00-05:00,1034.9082887372424,1036.5504243054945,1021.5324828483538,1024.279296875,1073000,0.0,0.0
2025-11-07 00:00:00-05:00,1026.170312272865,1030.4498026745964,992.0542356859734,1012.0979614257812,1841900,0.0,0.0
2025-11-10 00:00:00-05:00,1031.8132465328993,1037.804484492827,1016.1882957137511,1033.8236083984375,992900,0.0,0.0
2025-11-11 00:00:00-05:00,1026.8371950637586,1032.022247521364,1012.9140900507233,1017.5318603515625,1026000,0.0,0.0
2025-11-12 00:00:00-05:00,1025.2348409070405,1033.733928571431,1020.3283577740378,1032.3704833984375,961900,0.0,0.0
2025-11-13 00:00:00-05:00,1036.013115179848,1036.8789509323567,1004.6836375314724,1014.984130859375,1406300,0.0,0.0
2025-11-14 00:00:00-05:00,984.5701840768944,1013.2026552942158,976.3098781939539,1002.1656494140625,1307800,0.0,0.0
2025-11-17 00:00:00-05:00,999.9164972343135,1020.0995695824716,999.4686972374718,1015.1234741210938,1691500,0.0,0.0
2025-11-18 00:00:00-05:00,1006.2461007699939,1012.8543091409681,989.2377803653767,999.2596435546875,1414000,0.0,0.0
2025-11-19 00:00:00-05:00,1000.961474078718,1039.7351690315904,1000.1951359794489,1034.3609619140625,1587800,0.0,0.0
2025-11-20 00:00:00-05:00,1037.247126226578,1045.9254071454675,972.3290073344346,976.3496704101562,2055100,0.0,0.0
2025-11-21 00:00:00-05:00,958.7442157178209,973.8615950155989,941.5866495838876,961.9488525390625,2481800,0.0,0.0
2025-11-24 00:00:00-05:00,972.9460435723502,990.3823007800361,972.9162185873686,983.0972900390625,1628100,0.0,0.0
2025-11-25 00:00:00-05:00,989.0785841286821,1002.066180827524,969.0846063099201,998.4236450195312,1193000,0.0,0.0
2025-11-26 00:00:00-05:00,1035.6946712341205,1049.9561167433937,1032.3407878344178,1035.9931640625,1572400,0.0,0.0
2025-11-28 00:00:00-05:00,1035.4258610087184,1055.210819380126,1030.4894922096773,1054.93212890625,939700,0.0,0.0
2025-12-01 00:00:00-05:00,1050.9811691267425,1086.082563342546,1049.42856914447,1082.788330078125,2103100,0.0,0.0
2025-12-02 00:00:00-05:00,1084.4006110432158,1107.887756251176,1083.4751253622114,1103.47900390625,1426000,0.0,0.0
2025-12-03 00:00:00-05:00,1104.9319589360043,1136.2614343580346,1100.3340519068843,1135.46533203125,2059500,0.0,0.0
2025-12-04 00:00:00-05:00,1117.163254983266,1124.1397501529634,1096.9006099643077,1104.772705078125,1511800,0.0,0.0
2025-12-05 00:00:00-05:00,1116.5660797287896,1123.980412508839,1093.0092028204588,1094.21337890625,1054400,0.0,0.0
2025-12-08 00:00:00-05:00,1113.470834277663,1128.7575045612575,1108.703818023527,1114.336669921875,1118800,0.0,0.0
2025-12-09 00:00:00-05:00,1102.6032278194818,1110.4057112827732,1100.3241372819753,1106.126220703125,904700,0.0,0.0
2025-12-10 00:00:00-05:00,1104.095889892171,1118.586214138476,1093.6261674562327,1113.9683837890625,1093600,0.0,0.0
2025-12-11 00:00:00-05:00,1109.4203919091615,1122.3582390451284,1090.2325402307051,1117.4716796875,1403600,0.0,0.0
2025-12-12 00:00:00-05:00,1104.0859606298397,1109.2312863137633,1072.0398376897322,1075.682373046875,1623000,0.0,0.0
2025-12-15 00:00:00-05:00,1084.1418549383056,1092.4618716725283,1074.4285072275948,1082.619140625,1283400,0.0,0.0
2025-12-16 00:00:00-05:00,1076.3592985863559,1082.8581082017506,1060.843745978203,1070.905517578125,956300,0.0,0.0
2025-12-17 00:00:00-05:00,1055.6985140737108,1060.0276925740236,1005.1811861918223,1010.5752563476562,2140900,0.0,0.0
2025-12-18 00:00:00-05:00,1042.95975835951,1046.7814872739352,1030.2011026178272,1031.3555908203125,1645400,0.0,0.0
2025-12-19 00:00:00-05:00,1037.575582496255,1057.5993839851553,1037.575582496255,1050.97119140625,2319600,0.0,0.0
2025-12-22 00:00:00-05:00,1060.9035312134042,1062.0580193537032,1044.9800260544787,1051.9266357421875,703700,0.0,0.0
2025-12-23 00:00:00-05:00,1052.8819272787694,1059.6594269613488,1050.642684535719,1056.7633056640625,543600,0.0,0.0
2025-12-24 00:00:00-05:00,1054.753081406091,1061.6998129593,1052.3844550250742,1060.4259033203125,229800,0.0,0.0
2025-12-26 00:00:00-05:00,1061.1522921169035,1070.945213368558,1057.9974040524912,1067.6212158203125,363800,0.0,0.0
2025-12-29 00:00:00-05:00,1059.4903095907778,1068.517014893118,1055.997080818154,1060.903564453125,424300,0.0,0.0
2025-12-30 00:00:00-05:00,1079.3947502337032,1080.8677766358167,1065.3025344322716,1067.0142822265625,807300,0.0,0.0
2025-12-31 00:00:00-05:00,1075.0654113880948,1075.3739875947094,1063.8095475617026,1064.7449951171875,561300,0.0,0.0
2026-01-02 00:00:00-05:00,1128.3395688946841,1167.1630740654318,1128.0608784016413,1158.216064453125,2697900,0.0,0.0
2026-01-05 00:00:00-05:00,1205.4291555058198,1231.9418048486862,1205.4291555058198,1222.3179931640625,3290600,0.0,0.0
2026-01-06 00:00:00-05:00,1216.9737104122748,1240.4211296430278,1216.5757199799525,1236.2510986328125,1895800,0.0,0.0
2026-01-07 00:00:00-05:00,1221.5815368497724,1229.8518652151556,1216.1576417883575,1222.5966796875,1351200,0.0,0.0
2026-01-08 00:00:00-05:00,1211.440373973609,1218.6855979546738,1170.3776254567595,1188.6099853515625,1682300,0.0,0.0
2026-01-09 00:00:00-05:00,1226.9558052816258,1275.8708468347609,1215.1525216982045,1267.7896728515625,2394500,0.0,0.0
2026-01-12 00:00:00-05:00,1250.0547866172926,1277.4233080480772,1249.2486009451748,1275.1043701171875,1488600,0.0,0.0
2026-01-13 00:00:00-05:00,1276.1891779448029,1285.3054180247855,1262.0571167027276,1264.08740234375,1374200,0.0,0.0
2026-01-14 00:00:00-05:00,1261.061991814924,1267.1826134349712,1243.6456579698252,1257.67822265625,1536500,0.0,0.0
2026-01-15 00:00:00-05:00,1347.1683089831079,1351.5074493968766,1323.6413164196215,1325.233642578125,2858400,0.0,0.0
2026-01-16 00:00:00-05:00,1349.2282732802098,1368.794312280577,1331.8418270009972,1352.0745849609375,2469100,0.0,0.0
2026-01-20 00:00:00-05:00,1312.813378577127,1344.7997341583607,1305.0407807909066,1319.7301025390625,2970800,0.0,0.0
2026-01-21 00:00:00-05:00,1325.6317340996209,1364.445275863799,1316.3463843820168,1353.58740234375,2387200,0.0,0.0
2026-01-22 00:00:00-05:00,1386.9870449941645,1392.1124473682014,1366.7144379269691,1388.33056640625,1844200,0.0,0.0
2026-01-23 00:00:00-05:00,1369.7397697572812,1386.6983405060785,1356.752234612716,1382.3990478515625,1556300,0.0,0.0
2026-01-26 00:00:00-05:00,1379.244174287086,1413.1611946526311,1378.5376076607297,1406.5927734375,2001300,0.0,0.0
2026-01-27 00:00:00-05:00,1410.8523635098238,1466.5447817562306,1410.2253706591666,1447.6356201171875,3473900,0.0,0.0
2026-01-28 00:00:00-05:00,1485.8620974059158,1486.3397831299687,1401.3182845306499,1416.1171875,5036800,0.0,0.0
2026-01-29 00:00:00-05:00,1452.3430267533329,1460.4740102175256,1392.401002142678,1448.2030029296875,2818900,0.0,0.0
2026-01-30 00:00:00-05:00,1433.1553496600704,1459.419196251196,1409.2402055632958,1416.19677734375,2358800,0.0,0.0
2026-02-02 00:00:00-05:00,1390.5599529398567,1446.2126498426594,1388.728783776086,1434.4989013671875,1766600,0.0,0.0
2026-02-03 00:00:00-05:00,1429.1743277764717,1438.8976368180865,1365.3509286193494,1389.206298828125,2205100,0.0,0.0
2026-02-04 00:00:00-05:00,1389.0870467511459,1399.3775784215993,1309.7681315902646,1332.727783203125,2479400,0.0,0.0
2026-02-05 00:00:00-05:00,1322.7655088423855,1362.3155032724444,1313.2213923858662,1343.7049560546875,1790200,0.0,0.0
2026-02-06 00:00:00-05:00,1365.8087987657784,1409.200326191414,1361.9772296196913,1406.2545166015625,1971000,0.0,0.0
2026-02-09 00:00:00-05:00,1409.0708756090469,1430.2192799693828,1401.8654995600377,1422.6556396484375,1125100,0.0,0.0
2026-02-10 00:00:00-05:00,1434.278225995682,1434.8960707952947,1405.906997164329,1408.7171630859375,1200600,1.883,0.0
2026-02-11 00:00:00-05:00,1435.4043548099107,1446.4558578391786,1404.4520203122381,1430.65087890625,1139300,0.0,0.0
2026-02-12 00:00:00-05:00,1430.2522260620951,1434.2583031101133,1387.3714362047983,1401.9906005859375,1518100,0.0,0.0
2026-02-13 00:00:00-05:00,1409.9429796056274,1431.6773963492192,1396.1410386351617,1401.7315673828125,1248900,0.0,0.0
2026-02-17 00:00:00-05:00,1387.7401241332252,1423.5455623661855,1377.9542361650983,1414.8558349609375,1097200,0.0,0.0
2026-02-18 00:00:00-05:00,1431.4878299547818,1471.3790222107268,1422.4293910650965,1463.6259765625,1334400,0.0,0.0
2026-02-19 00:00:00-05:00,1434.049086114605,1454.727119893473,1422.628749558259,1453.8701171875,1135200,0.0,0.0
2026-02-20 00:00:00-05:00,1444.3930747016684,1481.8526686516334,1443.2967924729103,1464.4930419921875,1102500,0.0,0.0
2026-02-23 00:00:00-05:00,1466.296817703045,1487.8318538766537,1456.9293950742738,1480.836181640625,1284200,0.0,0.0
2026-02-24 00:00:00-05:00,1494.8176180329626,1502.1221521773657,1468.8181379898442,1492.6053466796875,1538900,0.0,0.0
2026-02-25 00:00:00-05:00,1517.1199673289639,1541.853831950164,1511.2204555496237,1521.2156982421875,1306900,0.0,0.0
2026-02-26 00:00:00-05:00,1507.57302606122,1509.0777986531793,1421.6421174217896,1458.72314453125,2177900,0.0,0.0
2026-02-27 00:00:00-05:00,1425.3792100734117,1456.6503817114851,1419.5594986294693,1445.5291748046875,1358300,0.0,0.0
2026-03-02 00:00:00-05:00,1412.8328257003302,1437.6862680489762,1406.3154694182901,1418.602783203125,1492400,0.0,0.0
2026-03-03 00:00:00-05:00,1352.8715165821004,1368.7363456850142,1324.4206083767397,1356.2198486328125,2012500,0.0,0.0
2026-03-04 00:00:00-05:00,1386.3051898424806,1400.6752211759845,1367.9490315906396,1394.5166015625,1486700,0.0,0.0
2026-03-05 00:00:00-05:00,1376.3298902767256,1402.4988230900701,1334.8043695299118,1363.6141357421875,1804500,0.0,0.0
2026-03-06 00:00:00-05:00,1289.372544569358,1333.359470240547,1282.2075397378946,1288.3162841796875,1900100,0.0,0.0
2026-03-09 00:00:00-04:00,1280.3340530664286,1354.2866345593093,1271.6841040392178,1352.712158203125,1808900,0.0,0.0
2026-03-10 00:00:00-04:00,1369.8225476509165,1402.6583418849898,1365.1588471713576,1378.60205078125,1650900,0.0,0.0
2026-03-11 00:00:00-04:00,1379.159946843711,1399.9078045724466,1367.241466861355,1381.87060546875,1164700,0.0,0.0
2026-03-12 00:00:00-04:00,1367.7797221084977,1367.7797221084977,1328.9447875002493,1346.892333984375,1780200,0.0,0.0
2026-03-13 00:00:00-04:00,1362.7970203669688,1381.9802558794358,1337.8438272980177,1341.022705078125,1179000,0.0,0.0
2026-03-16 00:00:00-04:00,1374.7354111203879,1385.338522858496,1363.4546043110572,1370.7891845703125,1310400,0.0,0.0
2026-03-17 00:00:00-04:00,1380.2463102357756,1386.2354756168413,1364.5609106630131,1384.342041015625,1135600,0.0,0.0
2026-03-18 00:00:00-04:00,1368.6067998307265,1376.4993750559395,1349.323934865257,1350.469970703125,1391400,0.0,0.0
2026-03-19 00:00:00-04:00,1310.6783788139921,1367.699895034459,1305.8252741696526,1361.6510009765625,1619100,0.0,0.0
2026-03-20 00:00:00-04:00,1352.552639978392,1365.2484442464176,1286.6220679089702,1312.681396484375,2645100,0.0,0.0
2026-03-23 00:00:00-04:00,1355.0140378017468,1395.5330510487609,1343.4343442382137,1364.8697509765625,1983200,0.0,0.0
2026-03-24 00:00:00-04:00,1344.440931811905,1408.3784440049033,1344.0025162252248,1394.5665283203125,1801000,0.0,0.0
2026-03-25 00:00:00-04:00,1389.2549217549365,1400.9541948394128,1361.9499273092995,1389.0556640625,1610000,0.0,0.0
2026-03-26 00:00:00-04:00,1352.1042555617676,1354.7051887420973,1322.2480826396475,1324.888916015625,1721100,0.0,0.0
2026-03-27 00:00:00-04:00,1313.8573656477843,1329.1541031799213,1294.0163850939407,1297.95263671875,1759700,0.0,0.0
2026-03-30 00:00:00-04:00,1314.1962454828408,1318.3318767322999,1243.7812752838356,1249.6109619140625,2144500,0.0,0.0
2026-03-31 00:00:00-04:00,1279.8754948740407,1317.8234992831206,1271.5844047816238,1316.2489013671875,1731500,0.0,0.0
2026-04-01 00:00:00-04:00,1340.972922665875,1380.9138691492597,1339.8967122297702,1355.0439453125,1745000,0.0,0.0
2026-04-02 00:00:00-04:00,1301.0121012437396,1351.4963121681094,1293.6776421533577,1312.6614990234375,1883400,0.0,0.0
2026-04-06 00:00:00-04:00,1310.548782167155,1315.4218367509327,1275.919305782992,1299.4873046875,1299200,0.0,0.0
2026-04-07 00:00:00-04:00,1285.9643405959432,1304.4600277992733,1267.797586715847,1301.9188232421875,1368900,0.0,0.0
2026-04-08 00:00:00-04:00,1416.071584715789,1424.3328716634244,1379.4290936337004,1416.1214599609375,2427300,0.0,0.0
2026-04-09 00:00:00-04:00,1407.2223648489826,1448.508727453095,1407.2223648489826,1443.61572265625,1579700,0.0,0.0
2026-04-10 00:00:00-04:00,1477.2087847154812,1497.2889233918547,1468.6087110250635,1473.1529541015625,1519600,0.0,0.0
2026-04-13 00:00:00-04:00,1460.0784376919084,1495.5948425168203,1455.9627568541268,1494.996826171875,1709400,0.0,0.0
2026-04-14 00:00:00-04:00,1521.0960873506683,1526.666665679995,1491.7880550062116,1513.0341796875,1769200,0.0,0.0
2026-04-15 00:00:00-04:00,1468.4194475495158,1481.0156233708753,1410.3415484081438,1476.630859375,4251700,0.0,0.0
2026-04-16 00:00:00-04:00,1447.9606786716076,1448.8775317035845,1401.6219508269899,1405.9368896484375,2626700,0.0,0.0
2026-04-17 00:00:00-04:00,1458.6832872501304,1467.3730146952707,1440.6758908603986,1454.737060546875,1876500,0.0,0.0
2026-04-20 00:00:00-04:00,1456.4211988726431,1474.1694879902043,1446.9641221586098,1471.379150390625,1091900,0.0,0.0
2026-04-21 00:00:00-04:00,1470.9705309678614,1475.036458401076,1441.2340573225206,1453.909912109375,1274600,0.0,0.0
2026-04-22 00:00:00-04:00,1471.877411023059,1471.877411023059,1373.519774869395,1438.653076171875,2621800,0.0,0.0
2026-04-23 00:00:00-04:00,1433.959238530008,1444.970962454383,1391.3874335762716,1412.8826904296875,1800500,0.0,0.0
2026-04-24 00:00:00-04:00,1454.46801807068,1467.5425097989425,1436.6898040184592,1452.644287109375,1751800,0.0,0.0
2026-04-27 00:00:00-04:00,1455.9569379983684,1456.416426737177,1413.8613569186418,1430.5897216796875,1326200,3.177,0.0
2026-04-28 00:00:00-04:00,1387.9349727988995,1396.8235017337613,1363.047238076459,1382.771728515625,1926900,0.0,0.0
2026-04-29 00:00:00-04:00,1384.9188211898252,1397.892032942408,1373.1441326084384,1392.279296875,1256500,0.0,0.0
2026-04-30 00:00:00-04:00,1412.5131619521428,1444.781487906325,1393.1981762110368,1437.13134765625,1414400,0.0,0.0
2026-05-01 00:00:00-04:00,1426.4452590563099,1442.2847596442216,1412.1736770141833,1425.1768798828125,707100,0.0,0.0
2026-05-04 00:00:00-04:00,1399.959393709515,1415.239557994117,1365.0245958705816,1384.41943359375,1755700,0.0,0.0
2026-05-05 00:00:00-04:00,1430.5698368981102,1452.920934308617,1412.5630963616845,1441.0562744140625,1621400,0.0,0.0
2026-05-06 00:00:00-04:00,1501.148523165375,1543.5237727607912,1494.0677149885694,1542.7447509765625,2312400,0.0,0.0
2026-05-07 00:00:00-04:00,1546.7396154252826,1547.9979977442024,1495.8754656156461,1514.64111328125,1726700,0.0,0.0
2026-05-08 00:00:00-04:00,1536.5428432717638,1593.2495347210988,1529.1823673391375,1589.9637451171875,2288300,0.0,0.0
2026-05-11 00:00:00-04:00,1557.2859964714623,1565.9647136127087,1519.394937850838,1563.78759765625,2191300,0.0,0.0
2026-05-12 00:00:00-04:00,1524.1688205870405,1533.127205490166,1473.0948594410388,1518.9754638671875,1846800,0.0,0.0
2026-05-13 00:00:00-04:00,1537.4016625780096,1600.5299784122508,1519.1152541590484,1579.537109375,1691200,0.0,0.0
2026-05-14 00:00:00-04:00,1571.7072704605675,1601.418843901132,1561.2608201217452,1582.46337890625,1412600,0.0,0.0
2026-05-15 00:00:00-04:00,1509.7873448600908,1525.2773210557766,1484.7197897641443,1499.8702392578125,1807400,0.0,0.0
2026-05-18 00:00:00-04:00,1519.2851592284712,1520.5235478961288,1451.4628373932057,1470.48828125,1664400,0.0,0.0
2026-05-19 00:00:00-04:00,1448.0573268976061,1483.841005051334,1439.4484653492038,1457.554931640625,1395400,0.0,0.0
2026-05-20 00:00:00-04:00,1500.439483037399,1553.7905279532235,1490.3924183356096,1548.1278076171875,1744500,0.0,0.0
2026-05-21 00:00:00-04:00,1546.679732624245,1599.7211195436405,1543.9431595298738,1589.9437255859375,1358400,0.0,0.0
2026-05-22 00:00:00-04:00,1617.9375219315632,1651.3942517480048,1613.7628673755914,1630.7908935546875,1666700,0.0,0.0
2026-05-26 00:00:00-04:00,1639.7292593015643,1645.8813367952016,1602.1778501995948,1629.9219970703125,1651000,0.0,0.0
2026-05-27 00:00:00-04:00,1635.2351396324323,1637.0128698057165,1580.9553636276198,1595.80615234375,1361600,0.0,0.0
2026-05-28 00:00:00-04:00,1615.001247704973,1625.427826248619,1577.959189227569,1603.6959228515625,971600,0.0,0.0
2026-05-29 00:00:00-04:00,1631.3600906911925,1652.0632951724904,1602.7870595765107,1610.6768798828125,1069400,0.0,0.0
2026-06-01 00:00:00-04:00,1592.4104997515642,1644.4033158256177,1583.5619582545728,1626.4664306640625,1058900,0.0,0.0
2026-06-02 00:00:00-04:00,1657.546185730931,1706.113377165064,1645.4618392035823,1703.167236328125,1484000,0.0,0.0
2026-06-03 00:00:00-04:00,1707.102222787759,1741.018319233062,1687.8171060929728,1724.130126953125,1826900,0.0,0.0
2026-06-04 00:00:00-04:00,1677.6303509197683,1776.9918358455116,1670.269875187344,1755.199951171875,2248200,0.0,0.0
2026-06-05 00:00:00-04:00,1683.1831620478804,1703.2771700319797,1636.2638612660696,1639.6195068359375,2744600,0.0,0.0
2026-06-08 00:00:00-04:00,1730.5518731731665,1767.2044206913954,1716.7996397483205,1746.7808837890625,2062100,0.0,0.0
2026-06-09 00:00:00-04:00,1774.3252159029612,1828.744823896161,1674.1148546511854,1775.4737548828125,3151400,0.0,0.0
2026-06-10 00:00:00-04:00,1744.2041219640282,1809.6595053357325,1720.9841531455647,1731.949951171875,2586400,0.0,0.0
2026-06-11 00:00:00-04:00,1777.7008368604174,1901.0413162718003,1772.807141634847,1897.0264892578125,2965600,0.0,0.0
2026-06-12 00:00:00-04:00,1845.233588133727,1890.3552867738308,1836.624726700197,1861.14306640625,2529600,0.0,0.0
2026-06-15 00:00:00-04:00,1892.0930307498265,1911.2281957104294,1862.5911459198328,1890.2154541015625,2339100,0.0,0.0
2026-06-16 00:00:00-04:00,1869.5920679724613,1878.7302739526885,1800.2816826194091,1801.56005859375,1797600,0.0,0.0
2026-06-17 00:00:00-04:00,1894.7494175240995,1935.986123973989,1862.910590707209,1865.4173583984375,2322900,0.0,0.0
2026-06-18 00:00:00-04:00,1921.6947260324418,1940.3605269594282,1907.063624021767,1927.1876220703125,2406100,0.0,0.0
2026-06-22 00:00:00-04:00,1950.9968510599383,1956.5097409282707,1884.0034136330044,1926.7581787109375,1793300,0.0,0.0
2026-06-23 00:00:00-04:00,1775.4038136856127,1810.6082835913257,1753.7019003958583,1776.162841796875,2415700,0.0,0.0
2026-06-24 00:00:00-04:00,1748.1591401373805,1777.3513661400661,1728.055135873591,1760.4931640625,2028200,0.0,0.0
2026-06-25 00:00:00-04:00,1853.103329707384,1853.512834263392,1774.7447121584796,1838.8018798828125,2197000,0.0,0.0
2026-06-26 00:00:00-04:00,1779.3587805487525,1806.663433125008,1765.3568697589196,1792.302001953125,2840000,0.0,0.0
2026-06-29 00:00:00-04:00,1796.626402462792,1883.6838563702615,1770.2306080884678,1880.677734375,1760500,0.0,0.0
2026-06-30 00:00:00-04:00,1913.0259214730709,1997.3767930992992,1911.4080187574145,1986.870361328125,2712600,0.0,0.0
2026-07-01 00:00:00-04:00,1913.80493846136,1940.4903973219562,1830.2629574468283,1840.6595458984375,2584700,0.0,0.0
2026-07-02 00:00:00-04:00,1841.5982702069662,1855.9996890223945,1745.7622524934197,1767.03466796875,2699100,0.0,0.0
2026-07-06 00:00:00-04:00,1827.6363324313406,1866.1864514541944,1810.9878198752313,1822.712646484375,1945000,0.0,0.0
2026-07-07 00:00:00-04:00,1734.8862790017888,1758.7654303100999,1715.0919327117617,1745.023193359375,1863900,0.0,0.0
2026-07-08 00:00:00-04:00,1731.4407977980247,1778.3600979821813,1727.1463029991705,1766.3656005859375,1424500,0.0,0.0
2026-07-09 00:00:00-04:00,1833.0892045180422,1856.329167524302,1794.4392398125713,1801.9195556640625,1547400,0.0,0.0
2026-07-10 00:00:00-04:00,1781.57583156616,1812.8354512526823,1764.378103276706,1794.9984130859375,1218400,0.0,0.0
2026-07-13 00:00:00-04:00,1771.2493174829074,1773.496411361004,1715.8608672582031,1723.8106689453125,1419800,0.0,0.0
2026-07-14 00:00:00-04:00,1785.141240157985,1795.9473330709561,1747.5998263925394,1773.3465576171875,2529100,0.0,0.0
2026-07-15 00:00:00-04:00,1822.7028092777523,1827.6363702509607,1733.408257183666,1812.9254150390625,4189300,0.0,0.0
2026-07-16 00:00:00-04:00,1794.5890627913243,1851.0559502343729,1776.8220021589498,1782.5645751953125,2581400,0.0,0.0
2026-07-17 00:00:00-04:00,1731.5406513539729,1788.5968662111472,1701.1998857700853,1745.32275390625,2209400,0.0,0.0
2026-07-20 00:00:00-04:00,1776.3924856892684,1796.0171290293854,1726.3672188789735,1736.7738037109375,1639000,0.0,0.0
2026-07-21 00:00:00-04:00,1798.8734473594104,1821.5242065817538,1783.2337622354967,1799.18310546875,1681100,0.0,0.0
2026-07-22 00:00:00-04:00,1765.366819514132,1814.85274455554,1764.7576220569626,1799.5325927734375,1007400,0.0,0.0
2026-07-23 00:00:00-04:00,1779.8181074980525,1821.2245163902169,1777.9405309365513,1800.671142578125,1106700,0.0,0.0
2026-07-24 00:00:00-04:00,1787.5681206402005,1795.547790667371,1737.6327027416905,1754.8204345703125,1315000,0.0,0.0
2026-07-27 00:00:00-04:00,1736.9435977682272,1744.4439075797202,1611.25617043839,1653.1220703125,3325500,0.0,0.0
2026-07-28 00:00:00-04:00,1580.5,1599.8800048828125,1553.5799560546875,1582.949951171875,3010100,2.138,0.0
2026-07-29 00:00:00-04:00,1569.3900146484375,1621.4599609375,1530.6400146484375,1550.68994140625,2538800,0.0,0.0
2026-07-30 00:00:00-04:00,1645.0699462890625,1676.780029296875,1626.43994140625,1651.43994140625,2170500,0.0,0.0
2026-07-31 00:00:00-04:00,1683.3800048828125,1692.1500244140625,1624.7099609375,1629.0,1601400,0.0,0.0
2026-08-03 00:00:00-04:00,1609.68994140625,1655.199951171875,1582.0,1642.52001953125,1437400,0.0,0.0
2026-08-04 00:00:00-04:00,1700.0400390625,1717.56005859375,1686.010009765625,1711.8900146484375,1526700,0.0,0.0
2026-08-05 00:00:00-04:00,1700.4200439453125,1729.06005859375,1671.75,1678.219970703125,1221000,0.0,0.0
2026-08-06 00:00:00-04:00,1695.3900146484375,1735.530029296875,1672.1099853515625,1704.3699951171875,1072500,0.0,0.0
2026-08-07 00:00:00-04:00,1759.7099609375,1761.31005859375,1720.1099853515625,1740.989990234375,1064900,0.0,0.0
2026-08-10 00:00:00-04:00,1793.010009765625,1794.469970703125,1732.81005859375,1733.47998046875,1107000,0.0,0.0
2026-08-11 00:00:00-04:00,1793.9300537109375,1819.5899658203125,1778.3199462890625,1799.3800048828125,1479700,0.0,0.0
2026-08-12 00:00:00-04:00,1832.6300048828125,1845.0,1807.3800048828125,1810.0699462890625,1388800,0.0,0.0
2026-08-13 00:00:00-04:00,1819.0699462890625,1873.68994140625,1813.300048828125,1847.9000244140625,1235700,0.0,0.0
