Date,Open,High,Low,Close,Volume,Dividends,Stock Splits
2006-08-14 00:00:00-04:00,6.549195680227176,6.622920491752565,6.482843490472709,6.561483383178711,13784400,0.0,0.0
2006-08-15 00:00:00-04:00,6.6696120006776205,7.0357770919799805,6.615547516761324,7.0357770919799805,9009200,0.0,0.0
2006-08-16 00:00:00-04:00,7.035777564675277,7.052980349044687,6.807231911359896,6.959595680236816,18530000,0.0,0.0
2006-08-17 00:00:00-04:00,7.9008112896119735,8.411967464730008,7.745989537972994,8.281721115112305,54836800,0.0,0.0
2006-08-18 00:00:00-04:00,8.269435425258566,8.500438622611277,8.01385682130073,8.072835922241211,19711200,0.0,0.0
2006-08-21 00:00:00-04:00,7.9720776803199405,8.15638897851208,7.908183509427191,8.087579727172852,8262400,0.0,0.0
2006-08-22 00:00:00-04:00,8.10969879035663,8.323499677796551,8.09249647397962,8.171135902404785,9646800,0.0,0.0
2006-08-23 00:00:00-04:00,8.294008661533145,8.5889069347677,8.220284327588448,8.29155158996582,10819200,0.0,0.0
2006-08-24 00:00:00-04:00,8.286636509375406,8.352988691162363,8.090037035581858,8.29155158996582,4710400,0.0,0.0
2006-08-25 00:00:00-04:00,8.232572071461234,8.328413805285313,8.129358185021712,8.24731731414795,4568000,0.0,0.0
2006-08-28 00:00:00-04:00,8.158848576208857,8.380021614634275,8.158848576208857,8.335786819458008,3678000,0.0,0.0
2006-08-29 00:00:00-04:00,8.338244126552931,8.512725283131614,8.276807020366986,8.510268211364746,5428800,0.0,0.0
2006-08-30 00:00:00-04:00,8.512725657508922,8.591365081888911,8.372649124241073,8.537301063537598,3898000,0.0,0.0
2006-08-31 00:00:00-04:00,8.512725549704749,8.625769603637423,8.441458279307941,8.473405838012695,4534000,0.0,0.0
2006-09-01 00:00:00-04:00,8.534842331366603,8.596279435051178,8.419340276453742,8.45374584197998,3214400,0.0,0.0
2006-09-05 00:00:00-04:00,8.345615623273606,8.58399187652256,8.301380835300487,8.54958724975586,4647200,0.0,0.0
2006-09-06 00:00:00-04:00,8.3628199513781,8.51518467441711,7.964707701164935,8.173593521118164,7564400,0.0,0.0
2006-09-07 00:00:00-04:00,8.11215488525617,8.279263884895501,8.013856080292683,8.200624465942383,5439600,0.0,0.0
2006-09-08 00:00:00-04:00,8.207999169799084,8.281723522381085,8.124444653551212,8.190796852111816,2290800,0.0,0.0
2006-09-11 00:00:00-04:00,8.134272217791858,8.183422088623047,8.033515404443039,8.183422088623047,3483200,0.0,0.0
2006-09-12 00:00:00-04:00,8.225200493664328,8.72898460246956,8.212912321838727,8.630684852600098,10243200,0.0,0.0
2006-09-13 00:00:00-04:00,8.650345958051352,8.783050351111878,8.54713111763006,8.655261039733887,5351600,0.0,0.0
2006-09-14 00:00:00-04:00,8.606110902924256,8.674920169509463,8.53238655480354,8.586450576782227,4668000,0.0,0.0
2006-09-15 00:00:00-04:00,8.586449139575416,8.719153506454106,8.529927117561705,8.601194381713867,3342000,0.0,0.0
2006-09-18 00:00:00-04:00,8.65034419578486,8.748642997042001,8.434085333089898,8.478320121765137,5320800,0.0,0.0
2006-09-19 00:00:00-04:00,8.46357722793043,8.53975959344244,8.15884964079449,8.370193481445312,7182800,0.0,0.0
2006-09-20 00:00:00-04:00,8.502894452103353,8.75601594714259,8.478319986544951,8.731440544128418,5456400,0.0,0.0
2006-09-21 00:00:00-04:00,8.724070454003918,9.05828851434745,8.591366058728223,9.041086196899414,9144000,0.0,0.0
2006-09-22 00:00:00-04:00,9.041085218231167,9.050915380696244,8.802708934460435,8.888720512390137,7355600,0.0,0.0
2006-09-25 00:00:00-04:00,8.72407065073649,9.28437686014998,8.714240486985654,9.215567588806152,6997200,0.0,0.0
2006-09-26 00:00:00-04:00,9.27700345389592,9.51046465545865,9.259801138381855,9.434282302856445,9216000,0.0,0.0
2006-09-27 00:00:00-04:00,9.38758934752651,9.463770753827351,9.100063223472507,9.218022346496582,8145600,0.0,0.0
2006-09-28 00:00:00-04:00,9.218023034688958,9.488346865407909,9.215565962912756,9.25488567352295,7961200,0.0,0.0
2006-09-29 00:00:00-04:00,9.08040509532021,9.107437573861496,8.748644137026119,8.81745433807373,12476800,0.0,0.0
2006-10-02 00:00:00-04:00,8.814994365723834,8.945241648104554,8.64542831643716,8.665087699890137,9317600,0.0,0.0
2006-10-03 00:00:00-04:00,8.66508910692927,9.028797603153228,8.625769396182879,8.967360496520996,6731600,0.0,0.0
2006-10-04 00:00:00-04:00,8.878891079957826,9.156586132189748,8.878891079957826,9.124639511108398,12466800,0.0,0.0
2006-10-05 00:00:00-04:00,9.171332124342698,9.608764067519274,9.122182246608533,9.331068992614746,16398000,0.0,0.0
2006-10-06 00:00:00-04:00,9.586645553514941,9.952811115683623,9.512921214223267,9.91840648651123,21658400,0.0,0.0
2006-10-09 00:00:00-04:00,9.928238089882132,10.186273783595016,9.711979184099615,9.90366268157959,10282400,0.0,0.0
2006-10-10 00:00:00-04:00,9.896290128430609,9.898747200433718,9.748840496933918,9.829937934875488,6050400,0.0,0.0
2006-10-11 00:00:00-04:00,9.768500295550544,9.957726703078556,9.736552736498831,9.797989845275879,4169200,0.0,0.0
2006-10-12 00:00:00-04:00,9.85942639013595,9.950353980893548,9.726722955234067,9.901204109191895,7103600,0.0,0.0
2006-10-13 00:00:00-04:00,9.950353119086463,10.318975718738448,9.903660323158865,10.070769309997559,7662400,0.0,0.0
2006-10-16 00:00:00-04:00,9.992132105898191,10.250167795204007,9.992132105898191,10.156784057617188,6227600,0.0,0.0
2006-10-17 00:00:00-04:00,10.095346240676008,10.142038106216047,9.766043297638966,9.891374588012695,5064000,0.0,0.0
2006-10-18 00:00:00-04:00,10.06339937722686,10.137123725924209,9.795533524910262,9.928237915039062,4651600,0.0,0.0
2006-10-19 00:00:00-04:00,9.896287788095044,9.965097037380835,9.7857008249888,9.861883163452148,3321600,0.0,0.0
2006-10-20 00:00:00-04:00,9.898746666172002,9.898746666172002,9.763585214353673,9.797989845275879,2257200,0.0,0.0
2006-10-23 00:00:00-04:00,9.829937507446159,10.056025620138593,9.70952036049935,9.938066482543945,6098400,0.0,0.0
2006-10-24 00:00:00-04:00,9.88891706294655,9.999503104550204,9.854511495884601,9.952811241149902,4230000,0.0,0.0
2006-10-25 00:00:00-04:00,10.014249504264745,10.375500031766459,9.960184544378514,10.156784057617188,6446800,0.0,0.0
2006-10-26 00:00:00-04:00,10.173986518255976,10.173986518255976,9.893832489166588,10.009334564208984,4403200,0.0,0.0
2006-10-27 00:00:00-04:00,10.009332631483296,10.051110348679831,9.751296988353857,9.856968879699707,4223600,0.0,0.0
2006-10-30 00:00:00-05:00,9.832394256849025,9.847139500110684,9.576816602504612,9.775872230529785,5848400,0.0,0.0
2006-10-31 00:00:00-05:00,9.80290359200802,9.903660399188166,9.539952877234086,9.589102745056152,3535200,0.0,0.0
2006-11-01 00:00:00-05:00,9.618592989655506,9.680030094533178,9.254885441274382,9.33843994140625,5870000,0.0,0.0
2006-11-02 00:00:00-05:00,9.27700201058999,9.623507213752209,9.27700201058999,9.584187507629395,4668400,0.0,0.0
2006-11-03 00:00:00-05:00,9.608762919091722,10.033908513841808,9.596475685490722,9.947896003723145,7715600,0.0,0.0
2006-11-06 00:00:00-05:00,9.82993859163478,10.341095848378668,9.763586393646525,10.323892593383789,8667200,0.0,0.0
2006-11-07 00:00:00-05:00,10.323890187503,10.726918363301323,10.309145883023401,10.549979209899902,12357600,0.0,0.0
2006-11-08 00:00:00-05:00,10.387785062915405,10.547520961709361,9.854510543207208,10.346007347106934,6914000,0.0,0.0
2006-11-09 00:00:00-05:00,10.444307853578751,10.510660039496186,10.17152695729235,10.218219757080078,6650400,0.0,0.0
2006-11-10 00:00:00-05:00,10.29194506110735,10.461511149388445,10.169070839538346,10.370584487915039,3816000,0.0,0.0
2006-11-13 00:00:00-05:00,10.40007545254147,10.955467534516753,10.40007545254147,10.812932968139648,12189600,0.0,0.0
2006-11-14 00:00:00-05:00,10.788356548705941,10.81784609808269,10.54015010720535,10.690056800842285,7311200,0.0,0.0
2006-11-15 00:00:00-05:00,10.69988746779207,10.812931526948015,10.333721874058,10.417276382446289,10396400,0.0,0.0
2006-11-16 00:00:00-05:00,10.073227833281729,10.584384043420389,9.992130407238921,10.314061164855957,12387600,0.0,0.0
2006-11-17 00:00:00-05:00,10.311604567447896,10.390243995158285,10.188730344468423,10.252625465393066,3342400,0.0,0.0
2006-11-20 00:00:00-05:00,10.075685299866628,10.287029092734812,10.075685299866628,10.205931663513184,7360400,0.0,0.0
2006-11-21 00:00:00-05:00,10.198558453830957,10.30668741079715,10.178898132133977,10.247708320617676,4178000,0.0,0.0
2006-11-22 00:00:00-05:00,10.309146107634493,10.321433340787127,10.105174474968727,10.178898811340332,4959600,0.0,0.0
2006-11-24 00:00:00-05:00,10.129752646798641,10.16661435632942,10.0732306088866,10.115007400512695,1084800,0.0,0.0
2006-11-27 00:00:00-05:00,10.161696706095046,10.164154715249525,9.856969192846943,9.866799354553223,3622800,0.0,0.0
2006-11-28 00:00:00-05:00,9.866800814976465,9.866800814976465,9.574359554392126,9.670201301574707,4738400,0.0,0.0
2006-11-29 00:00:00-05:00,9.672659694462583,9.687404002332926,9.488348346435341,9.621052742004395,5952000,0.0,0.0
2006-11-30 00:00:00-05:00,9.67019907181813,9.719348938835584,9.564527185840117,9.584187507629395,6688400,0.0,0.0
2006-12-01 00:00:00-05:00,9.530123726918138,9.56698636605818,9.3507274871787,9.42445182800293,5344800,0.0,0.0
2006-12-04 00:00:00-05:00,9.318779821381643,9.530123616769355,9.313865677845232,9.466229438781738,5021600,0.0,0.0
2006-12-05 00:00:00-05:00,9.48343189506025,9.581731641460703,9.35810060898274,9.394962310791016,3451600,0.0,0.0
2006-12-06 00:00:00-05:00,9.382676340273333,9.451485609545605,9.247514873864525,9.404793739318848,4094800,0.0,0.0
2006-12-07 00:00:00-05:00,9.404795164575587,9.407252237083677,9.299123235061334,9.343358039855957,4295600,0.0,0.0
2006-12-08 00:00:00-05:00,9.289291745072317,9.490805410411872,9.254887110129856,9.468688011169434,3637200,0.0,0.0
2006-12-11 00:00:00-05:00,9.471145222971241,9.520295099087136,9.377760552096634,9.473602294921875,2824400,0.0,0.0
2006-12-12 00:00:00-05:00,9.522752282460573,10.048653806905449,9.522752282460573,9.842225074768066,11730000,0.0,0.0
2006-12-13 00:00:00-05:00,9.87908760609896,9.974929348973104,9.557156807958707,9.62596607208252,5420000,0.0,0.0
2006-12-14 00:00:00-05:00,9.675113963402813,9.82993571337609,9.662826731252238,9.82010555267334,4040400,0.0,0.0
2006-12-15 00:00:00-05:00,9.829936511171743,9.87171329136544,9.731636771077707,9.815191268920898,2960400,0.0,0.0
2006-12-18 00:00:00-05:00,9.815192440576983,9.908577111068222,9.350728034973145,9.350728034973145,5524800,0.0,0.0
2006-12-19 00:00:00-05:00,9.289289574544103,9.289289574544103,9.018966702483059,9.171330451965332,8122000,0.0,0.0
2006-12-20 00:00:00-05:00,9.181161975252417,9.33844082869004,9.166416731196673,9.168874740600586,5514800,0.0,0.0
2006-12-21 00:00:00-05:00,9.163957594816708,9.193447138828958,8.982103375587144,9.0582857131958,7947600,0.0,0.0
2006-12-22 00:00:00-05:00,9.058287567279882,9.087777117328162,8.837113598278039,8.859230995178223,4338800,0.0,0.0
2006-12-26 00:00:00-05:00,8.822370091891756,8.955073547868974,8.822370091891756,8.930499076843262,2293200,0.0,0.0
2006-12-27 00:00:00-05:00,8.967359832213058,9.109893421563807,8.967359832213058,9.082860946655273,4363600,0.0,0.0
2006-12-28 00:00:00-05:00,9.033711433410645,9.08040423280346,8.935412628681838,9.033711433410645,1761600,0.0,0.0
2006-12-29 00:00:00-05:00,9.01896808636958,9.102522594865599,8.915753252365828,8.957530975341797,2509600,0.0,0.0
2007-01-03 00:00:00-05:00,8.987019486775509,9.073031057284577,8.758473385187633,8.864145278930664,4277200,0.0,0.0
2007-01-04 00:00:00-05:00,8.849402016417999,9.308952331542969,8.736357944898325,9.308952331542969,6430400,0.0,0.0
2007-01-05 00:00:00-05:00,9.215566023074865,9.822564938447268,9.117266277179725,9.7119779586792,11618800,0.0,0.0
2007-01-08 00:00:00-05:00,9.731639065910803,9.827481756958413,9.611222840228656,9.812736511230469,4814400,0.0,0.0
2007-01-09 00:00:00-05:00,9.827478641928263,9.93560759729134,9.689859204456937,9.82010555267334,4996000,0.0,0.0
2007-01-10 00:00:00-05:00,9.780786505881235,9.89137347759394,9.726722493287301,9.886458396911621,3575600,0.0,0.0
2007-01-11 00:00:00-05:00,9.874172783808874,10.481171754545562,9.829937987866996,10.257540702819824,10939200,0.0,0.0
2007-01-12 00:00:00-05:00,10.346007913306646,10.577012023753223,10.247709109620615,10.424647331237793,6449200,0.0,0.0
2007-01-16 00:00:00-05:00,10.490999648640274,10.891569833296625,10.395157915414922,10.64090633392334,9854800,0.0,0.0
2007-01-17 00:00:00-05:00,10.579469461383178,10.677769205925323,10.432020782025804,10.481170654296875,5239200,0.0,0.0
2007-01-18 00:00:00-05:00,10.45659551944216,10.459053528719897,10.031450847612666,10.186272621154785,6803200,0.0,0.0
2007-01-19 00:00:00-05:00,10.186273850806991,10.232965720705952,10.043739294079675,10.225593566894531,5058800,0.0,0.0
2007-01-22 00:00:00-05:00,10.247710188655034,10.291944983080992,10.033909307233515,10.124835968017578,6394800,0.0,0.0
2007-01-23 00:00:00-05:00,10.117461581630351,10.173984540846243,10.075684801942538,10.14449405670166,6068800,0.0,0.0
2007-01-24 00:00:00-05:00,10.169069691689469,10.513116910774286,10.169069691689469,10.424647331237793,9301600,0.0,0.0
2007-01-25 00:00:00-05:00,10.427104986501044,10.427104986501044,10.203473973575774,10.291943550109863,6468400,0.0,0.0
2007-01-26 00:00:00-05:00,10.333721596688731,10.503288618327186,10.316519281081336,10.37795639038086,4736400,0.0,0.0
2007-01-29 00:00:00-05:00,10.377956496604956,10.604045548618414,10.291944917687603,10.441851615905762,5254000,0.0,0.0
2007-01-30 00:00:00-05:00,10.530319995189826,10.68759978001356,10.518032761012188,10.554895401000977,5333600,0.0,0.0
2007-01-31 00:00:00-05:00,10.572095960871835,10.825216505233481,10.432019452103184,10.77115249633789,5612000,0.0,0.0
2007-02-01 00:00:00-05:00,10.862080849059312,11.201213946681888,10.862080849059312,11.159436225891113,10430400,0.0,0.0
2007-02-02 00:00:00-05:00,11.20612794637461,11.540345958583456,11.159436082519731,11.488739013671875,8889600,0.0,0.0
2007-02-05 00:00:00-05:00,11.488738144632627,11.633729743742267,11.309341918184396,11.582122802734375,5616800,0.0,0.0
2007-02-06 00:00:00-05:00,11.594410269730691,11.70499724373373,11.461705900927045,11.574749946594238,10726400,0.0,0.0
2007-02-07 00:00:00-05:00,11.599327508123428,11.832788732788366,11.564922873690781,11.719743728637695,10997600,0.0,0.0
2007-02-08 00:00:00-05:00,11.719742384381515,11.793467663944863,11.488739195789854,11.722200393676758,7385600,0.0,0.0
2007-02-09 00:00:00-05:00,11.660764157329355,11.788553464014075,11.50102728960947,11.552634239196777,6388800,0.0,0.0
2007-02-12 00:00:00-05:00,11.498568402621789,11.704997105843706,11.437131299727834,11.646017074584961,5591200,0.0,0.0
2007-02-13 00:00:00-05:00,11.67305042346757,12.024470753317905,11.67305042346757,11.916341781616211,7625200,0.0,0.0
2007-02-14 00:00:00-05:00,12.017098365130968,12.319368815578654,11.987607879143988,12.25793170928955,10212000,0.0,0.0
2007-02-15 00:00:00-05:00,12.287421556876282,12.297251719111191,12.120312548706295,12.191579818725586,8974000,0.0,0.0
2007-02-16 00:00:00-05:00,12.191579974971898,12.272676470809555,12.139973028761036,12.196495056152344,6041600,0.0,0.0
2007-02-20 00:00:00-05:00,12.28742111494733,12.393093011532345,12.139972436550297,12.147344589233398,10063600,0.0,0.0
2007-02-21 00:00:00-05:00,12.162089745816123,12.164546817541122,11.751689396009928,11.795924186706543,13291600,0.0,0.0
2007-02-22 00:00:00-05:00,11.230702107981658,11.918797442971327,11.122572211620135,11.584579467773438,20852400,0.0,0.0
2007-02-23 00:00:00-05:00,11.587038836001229,11.680422564324358,11.523143719300284,11.658305168151855,5260400,0.0,0.0
2007-02-26 00:00:00-05:00,11.550174898577046,11.670592028085297,11.451875162755789,11.52560043334961,9469600,0.0,0.0
2007-02-27 00:00:00-05:00,11.270022412990025,11.400268772389001,10.842419760264924,11.05867862701416,7687200,0.0,0.0
2007-02-28 00:00:00-05:00,11.061136425266078,11.061136425266078,10.579469727305398,10.6261625289917,13272400,0.0,0.0
2007-03-01 00:00:00-05:00,10.333722256137113,10.943178306786232,10.333722256137113,10.90140151977539,13634000,0.0,0.0
2007-03-02 00:00:00-05:00,10.800643820373079,10.960379739387,10.422191008474952,10.478713035583496,7662400,0.0,0.0
2007-03-05 00:00:00-05:00,10.27228416465173,10.540149990280005,10.144494868828932,10.2157621383667,6251200,0.0,0.0
2007-03-06 00:00:00-05:00,10.392702988076683,10.65565377513987,10.37795774243964,10.604046821594238,5989200,0.0,0.0
2007-03-07 00:00:00-05:00,10.604045481836287,10.6679396632788,10.459053865820234,10.50083065032959,5326800,0.0,0.0
2007-03-08 00:00:00-05:00,10.616331004183943,10.881738787124275,10.57946836942146,10.73429012298584,6296800,0.0,0.0
2007-03-09 00:00:00-05:00,10.71708948812301,10.783441678611185,10.522947997893452,10.559810638427734,7335200,0.0,0.0
2007-03-12 00:00:00-04:00,10.54015061904897,10.719546870774371,10.476256436053918,10.645822525024414,3331600,0.0,0.0
2007-03-13 00:00:00-04:00,10.645821181101192,10.645821181101192,10.353380906979643,10.360753059387207,5493600,0.0,0.0
2007-03-14 00:00:00-04:00,10.397616781363334,10.436936494066485,10.019163960685571,10.318977355957031,6722400,0.0,0.0
2007-03-15 00:00:00-04:00,10.318977815243993,10.387787081173162,10.14449570349284,10.257540702819824,4462000,0.0,0.0
2007-03-16 00:00:00-04:00,10.228049841264228,10.29440203275973,10.16415565915147,10.230507850646973,2597200,0.0,0.0
2007-03-19 00:00:00-04:00,10.358297137021227,10.508202898190383,10.277199701716821,10.488543510437012,3654000,0.0,0.0
2007-03-20 00:00:00-04:00,10.488543086195774,10.635991769477709,10.42956305040948,10.596672058105469,3310000,0.0,0.0
2007-03-21 00:00:00-04:00,10.591757301360728,10.825218504919794,10.54752250753034,10.682684898376465,3855600,0.0,0.0
2007-03-22 00:00:00-04:00,10.677767753601074,10.751492083252232,10.572095870700652,10.677767753601074,3419200,0.0,0.0
2007-03-23 00:00:00-04:00,10.645821414788207,10.724460833714435,10.613873857894482,10.64090633392334,2744800,0.0,0.0
2007-03-26 00:00:00-04:00,10.572096824645996,10.628618847060524,10.454137699069268,10.572096824645996,3413600,0.0,0.0
2007-03-27 00:00:00-04:00,10.567181395225273,10.640905729096156,10.505744294090242,10.51557445526123,3686800,0.0,0.0
2007-03-28 00:00:00-04:00,10.493458292656914,10.680226689542277,10.380414238293252,10.554895401000977,3338400,0.0,0.0
2007-03-29 00:00:00-04:00,10.581927299499512,10.653193628811637,10.468882313867105,10.581927299499512,3395600,0.0,0.0
2007-03-30 00:00:00-04:00,10.540149625873557,10.680226150836146,10.45659512524185,10.522947311401367,3610800,0.0,0.0
2007-04-02 00:00:00-04:00,10.5647249723146,10.812930463658937,10.444307834216017,10.687599182128906,4144800,0.0,0.0
2007-04-03 00:00:00-04:00,10.79081416297835,11.07834033058655,10.771154774890906,11.026732444763184,5853200,0.0,0.0
2007-04-04 00:00:00-04:00,11.061136992697014,11.159436744752718,11.058679920750782,11.115201950073242,3476000,0.0,0.0
2007-04-05 00:00:00-04:00,11.152063696941106,11.152063696941106,11.011987170843733,11.056221961975098,2185200,0.0,0.0
2007-04-09 00:00:00-04:00,11.17909723007329,11.32408885082894,11.144691660142453,11.272480964660645,3719200,0.0,0.0
2007-04-10 00:00:00-04:00,11.277396175385196,11.282311256860243,11.169267195301968,11.230704307556152,3244800,0.0,0.0
2007-04-11 00:00:00-04:00,11.04639099465377,11.04639099465377,10.567181417307953,10.77361011505127,13078000,0.0,0.0
2007-04-12 00:00:00-04:00,10.766239830770553,10.894029136063917,10.358297445103863,10.498373985290527,15264000,0.0,0.0
2007-04-13 00:00:00-04:00,10.493459737905228,10.545066691032577,10.279658833909064,10.463970184326172,7035200,0.0,0.0
2007-04-16 00:00:00-04:00,10.486085061388657,10.640906834824541,10.468882746279766,10.6261625289917,6083200,0.0,0.0
2007-04-17 00:00:00-04:00,10.69251279878544,10.751492829071173,10.471339794489444,10.549979209899902,7706400,0.0,0.0
2007-04-18 00:00:00-04:00,10.549979737530965,10.549979737530965,10.377955656171313,10.400073051452637,7638800,0.0,0.0
2007-04-19 00:00:00-04:00,10.377957165569615,10.380415175100499,10.144495945301697,10.173986434936523,7721200,0.0,0.0
2007-04-20 00:00:00-04:00,10.173983897500245,10.316517478696221,10.129749111536317,10.259995460510254,6369200,0.0,0.0
2007-04-23 00:00:00-04:00,10.20593172574121,10.247709445204128,10.026535489120073,10.146952629089355,6510800,0.0,0.0
2007-04-24 00:00:00-04:00,10.188729615491786,10.188729615491786,10.019163537396253,10.092887878417969,4630000,0.0,0.0
2007-04-25 00:00:00-04:00,10.142039354780128,10.491001728257636,10.124837037071012,10.463970184326172,7439200,0.0,0.0
2007-04-26 00:00:00-04:00,10.49345757443163,10.557351750255627,10.370583366153639,10.47134017944336,5593600,0.0,0.0
2007-04-27 00:00:00-04:00,10.45413724393656,10.621246232258926,10.301772559759499,10.346007347106934,8167200,0.0,0.0
2007-04-30 00:00:00-04:00,10.33126609231355,10.432022929353911,10.264913891708039,10.321435928344727,4006800,0.0,0.0
2007-05-01 00:00:00-04:00,10.272283053602639,10.274741062606834,9.979842791639305,10.10517406463623,7380400,0.0,0.0
2007-05-02 00:00:00-04:00,10.070770280336884,10.225592049595722,9.977385616939635,10.146952629089355,5800400,0.0,0.0
2007-05-03 00:00:00-04:00,10.193644086276183,10.606501496227688,10.171526691548218,10.513116836547852,5596800,0.0,0.0
2007-05-04 00:00:00-04:00,10.574556506174014,10.7957305071277,10.51311938784866,10.579471588134766,5823200,0.0,0.0
2007-05-07 00:00:00-04:00,10.618791320416957,10.64582380250885,10.34601036469844,10.427107810974121,3881600,0.0,0.0
2007-05-08 00:00:00-04:00,10.419732846466218,10.690055719564857,10.336178350470238,10.655651092529297,3608800,0.0,0.0
2007-05-09 00:00:00-04:00,10.59421326334157,10.722002538882911,10.520488933690412,10.677767753601074,2157200,0.0,0.0
2007-05-10 00:00:00-04:00,10.616331623865744,10.643364099275367,10.439392466606979,10.466424942016602,2163200,0.0,0.0
2007-05-11 00:00:00-04:00,10.481170291740625,10.542607395590323,10.407445017156343,10.424647331237793,4174800,0.0,0.0
2007-05-14 00:00:00-04:00,10.427107623773772,10.88665699871747,10.385329896530155,10.604046821594238,7812800,0.0,0.0
2007-05-15 00:00:00-04:00,10.631076868594999,10.913687943374784,10.579469922317054,10.830133438110352,8039600,0.0,0.0
2007-05-16 00:00:00-04:00,10.911229511749614,11.365863684132613,10.847334401739262,11.120115280151367,13915600,0.0,0.0
2007-05-17 00:00:00-04:00,10.997241139770846,10.997241139770846,10.40744459192932,10.56226634979248,19213600,0.0,0.0
2007-05-18 00:00:00-04:00,10.599130689529696,11.427302686238228,10.510661099385228,11.255278587341309,22051200,0.0,0.0
2007-05-21 00:00:00-04:00,11.783638913602712,12.277592908619141,11.569838014636435,11.736946105957031,23118000,0.0,0.0
2007-05-22 00:00:00-04:00,11.84507352591453,11.899137538536985,11.537888014025958,11.582122802734375,6139200,0.0,0.0
2007-05-23 00:00:00-04:00,11.537887316551242,11.616526727844438,11.304426154137687,11.36340618133545,4421200,0.0,0.0
2007-05-24 00:00:00-04:00,11.132405724864297,11.242992726054398,10.849795541218517,11.024276733398438,10685600,0.0,0.0
2007-05-25 00:00:00-04:00,11.02181537911316,11.363406443012842,11.02181537911316,11.326543807983398,7043200,0.0,0.0
2007-05-29 00:00:00-04:00,11.515772099253319,11.515772099253319,11.156979600258097,11.279853820800781,5482400,0.0,0.0
2007-05-30 00:00:00-04:00,11.279854532109699,12.196496162666943,11.179097702409198,11.972865104675293,15481600,0.0,0.0
2007-05-31 00:00:00-04:00,12.13997277110632,12.13997277110632,11.591952949316086,11.611613273620605,8651200,0.0,0.0
2007-06-01 00:00:00-04:00,11.611612901651641,11.810669460306912,11.574750263489463,11.766434669494629,5761600,0.0,0.0
2007-06-04 00:00:00-04:00,11.857361671429095,11.857361671429095,11.432217002751313,11.564921379089355,6898000,0.0,0.0
2007-06-05 00:00:00-04:00,11.439591239816465,11.734489595143744,10.984956939384931,11.663222312927246,14661200,0.0,0.0
2007-06-06 00:00:00-04:00,11.648476983892152,11.663221291020232,11.267566133847012,11.417472839355469,5817600,0.0,0.0
2007-06-07 00:00:00-04:00,11.48382185834869,11.48382185834869,10.982494930587647,11.061134338378906,5972000,0.0,0.0
2007-06-08 00:00:00-04:00,11.156978029516727,11.385524122546602,11.056221220355066,11.365863800048828,5600800,0.0,0.0
2007-06-11 00:00:00-04:00,11.316715899601384,11.503485245992353,11.23070431735287,11.459250450134277,4005200,0.0,0.0
2007-06-12 00:00:00-04:00,11.329002798744929,11.402728081293564,11.105371754071975,11.144691467285156,3046400,0.0,0.0
2007-06-13 00:00:00-04:00,11.184012117880897,11.292142041371935,11.039020487481904,11.174182891845703,2712400,0.0,0.0
2007-06-14 00:00:00-04:00,11.125033011845774,11.230704925736024,11.070968050100255,11.174182891845703,3886400,0.0,0.0
2007-06-15 00:00:00-04:00,11.198756374071797,11.584581351193762,11.142234345173359,11.2036714553833,7145200,0.0,0.0
2007-06-18 00:00:00-04:00,11.203673405033152,11.341292893335927,10.984957404618006,11.021819114685059,5113200,0.0,0.0
2007-06-19 00:00:00-04:00,10.911229728059636,11.233159543685487,10.903856638324111,11.142232894897461,4096400,0.0,0.0
2007-06-20 00:00:00-04:00,11.17172366879303,11.18155383121648,10.975125107603478,11.029190063476562,4610800,0.0,0.0
2007-06-21 00:00:00-04:00,10.997244004094131,11.00953124007119,10.250168432234384,10.299318313598633,22410000,0.0,0.0
2007-06-22 00:00:00-04:00,10.42464567498964,10.461508306425115,9.90365937960516,9.965096473693848,15560000,0.0,0.0
2007-06-25 00:00:00-04:00,9.768500614735741,10.456596068030976,9.748840289305862,10.370584487915039,13568400,0.0,0.0
2007-06-26 00:00:00-04:00,10.370582562454981,10.370582562454981,10.028992439907622,10.083056449890137,8231600,0.0,0.0
2007-06-27 00:00:00-04:00,10.18627035362155,10.837502986328992,10.18627035362155,10.793268203735352,17513600,0.0,0.0
2007-06-28 00:00:00-04:00,10.793268952898098,11.08571014006064,10.660565533361861,10.665480613708496,11264400,0.0,0.0
2007-06-29 00:00:00-04:00,10.658110037221508,10.751494710912526,10.476256708800829,10.5327787399292,4509600,0.0,0.0
2007-07-02 00:00:00-04:00,10.567183192128411,10.741664364032273,10.493458845721026,10.633535385131836,4823200,0.0,0.0
2007-07-03 00:00:00-04:00,10.623704836240568,10.638450079968596,10.515575861269367,10.530320167541504,1242000,0.0,0.0
2007-07-05 00:00:00-04:00,10.498374048491385,10.827677007876265,10.451681243177449,10.820303916931152,3530800,0.0,0.0
2007-07-06 00:00:00-04:00,10.859622457005317,10.999698982888212,10.785898117717874,10.980039596557617,3343600,0.0,0.0
2007-07-09 00:00:00-04:00,10.911230946523547,11.016902849127286,10.825218431346423,10.923518180847168,3534000,0.0,0.0
2007-07-10 00:00:00-04:00,10.837503738562082,10.891568684919337,10.567180881687255,10.665480613708496,7257600,0.0,0.0
2007-07-11 00:00:00-04:00,10.50328891490195,10.70480256409793,10.277199858818705,10.645822525024414,6651200,0.0,0.0
2007-07-12 00:00:00-04:00,10.69005674594978,11.102914184927759,10.682684593007417,11.083253860473633,6626800,0.0,0.0
2007-07-13 00:00:00-04:00,11.009528059339457,11.304426324870711,10.864536466804843,10.945633888244629,8098000,0.0,0.0
2007-07-16 00:00:00-04:00,11.041475936819923,11.164350139600064,10.798184602834704,10.84979248046875,2941200,0.0,0.0
2007-07-17 00:00:00-04:00,10.62616188076289,10.96529401861223,10.471340116771612,10.817845344543457,8900000,0.0,0.0
2007-07-18 00:00:00-04:00,10.665481581251683,10.788355788697181,10.542607373806183,10.635991096496582,3813200,0.0,0.0
2007-07-19 00:00:00-04:00,10.81047472569393,10.94072110418048,10.741664522238446,10.790814399719238,3597600,0.0,0.0
2007-07-20 00:00:00-04:00,10.778524556197324,10.778524556197324,10.45905183607183,10.677767753601074,5308800,0.0,0.0
2007-07-23 00:00:00-04:00,10.677770320804813,11.129947505490556,10.618790280430177,10.972668647766113,6768800,0.0,0.0
2007-07-24 00:00:00-04:00,10.817846130722064,10.984955140120954,10.63844988716711,10.660567283630371,4344400,0.0,0.0
2007-07-25 00:00:00-04:00,10.822761890619676,10.90385839110031,10.515576330173767,10.697429656982422,3108800,0.0,0.0
2007-07-26 00:00:00-04:00,10.52048986869898,10.665481469463197,10.13957907964574,10.314061164855957,6850400,0.0,0.0
2007-07-27 00:00:00-04:00,10.318977450176414,10.422191345418637,10.021621124096875,10.048653602600098,5445600,0.0,0.0
2007-07-30 00:00:00-04:00,10.063398220209404,10.092887768806655,9.84713934309925,9.952811241149902,6458000,0.0,0.0
2007-07-31 00:00:00-04:00,10.033909393814245,10.122378045973631,9.488347549490499,9.549784660339355,9219600,0.0,0.0
2007-08-01 00:00:00-04:00,9.549784971698141,9.913492567286898,9.313866683336128,9.86434268951416,9975600,0.0,0.0
2007-08-02 00:00:00-04:00,9.82748043551297,10.284571742144548,9.743925929201755,10.272284507751465,8174800,0.0,0.0
2007-08-03 00:00:00-04:00,10.370583206777349,10.493457413166995,9.815191268920898,9.815191268920898,8183600,0.0,0.0
2007-08-06 00:00:00-04:00,9.829938064217998,10.011792330886648,9.412165508997544,9.94052505493164,10954400,0.0,0.0
2007-08-07 00:00:00-04:00,9.151670616574211,10.255080382049613,9.151670616574211,10.15432357788086,8474800,0.0,0.0
2007-08-08 00:00:00-04:00,10.291945152003796,11.643561601200041,10.188730317497185,10.99724292755127,17545200,0.0,0.0
2007-08-09 00:00:00-04:00,10.825218910301981,11.233161295104235,10.468883474415787,10.756409645080566,8590800,0.0,0.0
2007-08-10 00:00:00-04:00,10.567182171600928,11.30442743938704,10.567182171600928,10.980039596557617,9058000,0.0,0.0
2007-08-13 00:00:00-04:00,11.034105269284401,11.238075985866816,10.581928104714546,10.729376792907715,6461200,0.0,0.0
2007-08-14 00:00:00-04:00,10.677770799259868,11.329003657296912,10.665483563722562,11.034106254577637,7519600,0.0,0.0
2007-08-15 00:00:00-04:00,10.960380031448684,11.304428221879553,10.397616817217251,10.518033027648926,13259600,0.0,0.0
2007-08-16 00:00:00-04:00,10.626161914278319,10.628618985956365,9.535038347887033,10.13712215423584,22675600,0.0,0.0
2007-08-17 00:00:00-04:00,10.404988497610198,10.429562965471765,9.756212796523883,9.83485221862793,10028400,0.0,0.0
2007-08-20 00:00:00-04:00,9.834851494082281,9.891373515964528,9.559613536995238,9.751296997070312,6575600,0.0,0.0
2007-08-21 00:00:00-04:00,9.780788789227778,9.891375786757258,9.544870486135556,9.73163890838623,7608800,0.0,0.0
2007-08-22 00:00:00-04:00,9.876628827842998,10.164154971538814,9.672658123301586,9.753754615783691,7460800,0.0,0.0
2007-08-23 00:00:00-04:00,9.731637125648936,9.85696934570809,9.569443204803314,9.689860343933105,5229200,0.0,0.0
2007-08-24 00:00:00-04:00,9.662828053879345,10.213304941657015,9.603848956501361,10.181357383728027,5679600,0.0,0.0
2007-08-27 00:00:00-04:00,10.056023520509397,10.223132498241238,9.952809648210396,9.962639808654785,5363600,0.0,0.0
2007-08-28 00:00:00-04:00,9.829936413380896,9.876628273860371,9.677572661461113,9.751296997070312,3793200,0.0,0.0
2007-08-29 00:00:00-04:00,9.810275518387778,9.999501895803363,9.768498741046331,9.960182189941406,1978400,0.0,0.0
2007-08-30 00:00:00-04:00,9.788161452384916,10.124836574614703,9.721809256770701,9.763586044311523,4205600,0.0,0.0
2007-08-31 00:00:00-04:00,10.02899256486154,10.097801817036093,9.893830194581877,9.93560791015625,3502800,0.0,0.0
2007-09-04 00:00:00-04:00,9.844682916687281,10.171527856827288,9.844682916687281,10.019164085388184,3104800,0.0,0.0
2007-09-05 00:00:00-04:00,9.974929318681106,10.112548783966723,9.879087576098016,10.065855979919434,2706800,0.0,0.0
2007-09-06 00:00:00-04:00,10.065855593050244,10.572097702633034,10.051111287038548,10.478713035583496,7916000,0.0,0.0
2007-09-07 00:00:00-04:00,10.272285338853171,10.665483433435627,10.223135459848368,10.618790626525879,7086800,0.0,0.0
2007-09-10 00:00:00-04:00,10.626161697746504,10.8620799471756,10.309146022757275,10.842419624328613,5398800,0.0,0.0
2007-09-11 00:00:00-04:00,10.842420717300685,11.427302256576553,10.842420717300685,11.287225723266602,12404800,0.0,0.0
2007-09-12 00:00:00-04:00,11.122573383105951,11.663220109489972,11.095541843624225,11.289682388305664,9156800,0.0,0.0
2007-09-13 00:00:00-04:00,11.461707479081452,11.493655039849124,11.196299642386146,11.412557601928711,2404000,0.0,0.0
2007-09-14 00:00:00-04:00,11.176637938459885,11.486281470123858,11.134861157377502,11.397811889648438,4364800,0.0,0.0
2007-09-17 00:00:00-04:00,11.2061267479493,11.338831109920767,11.147147656488041,11.23807430267334,5188400,0.0,0.0
2007-09-18 00:00:00-04:00,11.304427631395939,11.574750525860024,10.906315442517025,11.289682388305664,12685600,0.0,0.0
2007-09-19 00:00:00-04:00,11.333918014701743,11.427302686238228,11.137319446300657,11.255278587341309,6304800,0.0,0.0
2007-09-20 00:00:00-04:00,11.159437126919135,11.346205537273958,11.117660340211115,11.218417167663574,3334400,0.0,0.0
2007-09-21 00:00:00-04:00,11.304426698426942,11.375693961297715,11.23561744459628,11.365863800048828,4425200,0.0,0.0
2007-09-24 00:00:00-04:00,11.427300928607632,12.216153090302772,11.395353373201326,11.911425590515137,12143200,0.0,0.0
2007-09-25 00:00:00-04:00,11.810670327801013,12.275134727989071,11.734487974149635,12.265304565429688,8191200,0.0,0.0
2007-09-26 00:00:00-04:00,12.282506440591188,12.616724455974218,12.23581457629286,12.402923583984375,10719600,0.0,0.0
2007-09-27 00:00:00-04:00,12.287420859445177,12.717480589525758,12.248101150193184,12.518424034118652,6677600,0.0,0.0
2007-09-28 00:00:00-04:00,12.395549905840369,12.717480671927856,12.32182556769717,12.611808776855469,7479200,0.0,0.0
2007-10-01 00:00:00-04:00,12.629011299760817,13.019751329574841,12.629011299760817,12.997633934020996,4530000,0.0,0.0
2007-10-02 00:00:00-04:00,12.990261713915638,13.13771039187227,12.319368635538053,12.722395896911621,7422400,0.0,0.0
2007-10-03 00:00:00-04:00,12.584777058963681,12.946027556321384,12.491393329169128,12.818238258361816,5765200,0.0,0.0
2007-10-04 00:00:00-04:00,12.793663936831418,12.823153486712608,12.55037257230792,12.67078971862793,4121200,0.0,0.0
2007-10-05 00:00:00-04:00,12.830527508784385,13.297449980954504,12.778920554610979,13.081191062927246,4984400,0.0,0.0
2007-10-08 00:00:00-04:00,13.088561620296659,13.796317396385488,12.990262805881153,13.577601432800293,7436000,0.0,0.0
2007-10-09 00:00:00-04:00,13.592345876787613,14.118247362197126,13.516163526698477,13.840551376342773,7546400,0.0,0.0
2007-10-10 00:00:00-04:00,13.835635539079767,13.943765441355056,13.707846251135393,13.710304260253906,5253600,0.0,0.0
2007-10-11 00:00:00-04:00,13.764368948870016,14.137906669457076,13.157370973189915,13.489130973815918,5573200,0.0,0.0
2007-10-12 00:00:00-04:00,13.675899448664737,14.137905786428336,13.383458239570261,14.022404670715332,4886800,0.0,0.0
2007-10-15 00:00:00-04:00,13.72750739128065,13.870040992596063,13.135253715003314,13.417863845825195,6368400,0.0,0.0
2007-10-16 00:00:00-04:00,13.442440448377404,13.943767513078127,13.442440448377404,13.820893287658691,5408800,0.0,0.0
2007-10-17 00:00:00-04:00,13.948680514617418,14.032235018557044,13.204063069552081,13.329395294189453,6142800,0.0,0.0
2007-10-18 00:00:00-04:00,13.341681412631823,14.044522015685303,13.236009521266118,13.506332397460938,8486800,0.0,0.0
2007-10-19 00:00:00-04:00,13.511249735004952,13.599719327433332,12.78874962593309,12.847728729248047,7014000,0.0,0.0
2007-10-22 00:00:00-04:00,12.611809443962963,13.017294731382627,12.287421589009579,12.830525398254395,6922800,0.0,0.0
2007-10-23 00:00:00-04:00,12.835438435562056,13.408032640412948,12.742053783867838,13.324478149414062,6253200,0.0,0.0
2007-10-24 00:00:00-04:00,13.179488259510926,13.425236683844755,12.732226202219824,13.091018676757812,4385600,0.0,0.0
2007-10-25 00:00:00-04:00,13.122966001783073,13.122966001783073,12.432412604162081,12.55282974243164,4119200,0.0,0.0
2007-10-26 00:00:00-04:00,12.65358741954275,12.764173466105092,12.287421836339249,12.6412992477417,5526000,0.0,0.0
2007-10-29 00:00:00-04:00,12.778918659497467,13.280245693436395,12.582320098380992,13.110678672790527,5684000,0.0,0.0
2007-10-30 00:00:00-04:00,13.024666382545648,13.376086701448536,12.896877090448614,13.208977699279785,3004800,0.0,0.0
2007-10-31 00:00:00-04:00,13.27287299441632,13.884787029988448,13.066444264790821,13.852839469909668,6966000,0.0,0.0
2007-11-01 00:00:00-04:00,13.523536986541266,13.639039058736287,13.093477196400933,13.152457237243652,5481200,0.0,0.0
2007-11-02 00:00:00-04:00,13.292531985411628,13.567769951462786,13.09593343823223,13.368714332580566,3520800,0.0,0.0
2007-11-05 00:00:00-05:00,13.19669089224144,13.253212918705628,12.727311427950605,12.918994903564453,4466800,0.0,0.0
2007-11-06 00:00:00-05:00,12.928825931912888,13.329396162553552,12.638842689787246,12.855101585388184,3630800,0.0,0.0
2007-11-07 00:00:00-05:00,12.8084072077645,12.8084072077645,12.302166069656415,12.471732139587402,7518800,0.0,0.0
2007-11-08 00:00:00-05:00,12.471733130870609,12.51350991502475,11.402727808921197,11.92617130279541,10594000,0.0,0.0
2007-11-09 00:00:00-05:00,11.709912803838233,12.454530230178351,11.20367071182227,12.287421226501465,10060800,0.0,0.0
2007-11-12 00:00:00-05:00,12.746970232376583,12.936196627521088,12.35868821779297,12.506136894226074,8931200,0.0,0.0
2007-11-13 00:00:00-05:00,12.37589099404459,12.955857434584827,12.37589099404459,12.778918266296387,5360000,0.0,0.0
2007-11-14 00:00:00-05:00,12.950942353526163,13.024666694494394,12.496307198886335,12.778918266296387,4525200,0.0,0.0
2007-11-15 00:00:00-05:00,12.889504958641632,13.368714570417707,12.400465184967748,12.481562614440918,11237200,0.0,0.0
2007-11-16 00:00:00-05:00,12.216153981707198,14.105959969920677,11.862276587192849,14.093671798706055,18163600,0.0,0.0
2007-11-19 00:00:00-05:00,14.007661836009769,14.007661836009769,13.18686196461201,13.292533874511719,8741200,0.0,0.0
2007-11-20 00:00:00-05:00,13.395747066130848,14.253409535121332,13.184404194969593,14.105960845947266,13722000,0.0,0.0
2007-11-21 00:00:00-05:00,13.798775855312048,14.088759101578141,13.798775855312048,13.850382804870605,8075600,0.0,0.0
2007-11-23 00:00:00-05:00,13.884786762848305,13.884786762848305,13.240926117041045,13.5554838180542,3143600,0.0,0.0
2007-11-26 00:00:00-05:00,13.228639130922382,13.823349912745204,12.695364522366958,12.80349349975586,8430400,0.0,0.0
2007-11-27 00:00:00-05:00,12.734683365095812,13.093475842200863,12.668331177556244,12.89687728881836,5493600,0.0,0.0
2007-11-28 00:00:00-05:00,12.896877560263844,13.68327272780127,12.882132316903864,13.376087188720703,6338000,0.0,0.0
2007-11-29 00:00:00-05:00,13.157370503360829,13.643952257716624,13.039411375406923,13.580057144165039,6567200,0.0,0.0
2007-11-30 00:00:00-05:00,13.668528055134008,14.187057416744748,13.587431556907823,13.941308975219727,13260000,0.0,0.0
2007-12-03 00:00:00-05:00,13.956054042996756,14.071555171585269,13.294990143668763,13.707847595214844,6007600,0.0,0.0
2007-12-04 00:00:00-05:00,13.555482756445794,13.72013468467595,13.486673499101993,13.597260475158691,4118400,0.0,0.0
2007-12-05 00:00:00-05:00,13.76191186144225,13.983085819912056,13.575143470088966,13.776657104492188,4464800,0.0,0.0
2007-12-06 00:00:00-05:00,13.710304808893916,14.015032329877448,13.575143363096906,13.89461612701416,4120400,0.0,0.0
2007-12-07 00:00:00-05:00,14.02977806897727,14.536020178135002,13.884786456096785,14.214089393615723,7637600,0.0,0.0
2007-12-10 00:00:00-05:00,14.280440497615642,14.280440497615642,13.823348297259983,14.179683685302734,4537200,0.0,0.0
2007-12-11 00:00:00-05:00,14.022403818388682,14.703126988053118,14.007658577139209,14.086297988891602,7197200,0.0,0.0
2007-12-12 00:00:00-05:00,14.297643411216326,14.60728601357998,14.088757625391052,14.305015563964844,5797200,0.0,0.0
2007-12-13 00:00:00-05:00,14.277984728525302,14.698215295157024,14.223920706395146,14.570425987243652,4985600,0.0,0.0
2007-12-14 00:00:00-05:00,14.567967114619824,14.818630634046007,14.307474370133399,14.634319305419922,5088000,0.0,0.0
2007-12-17 00:00:00-05:00,14.499157249383058,14.67363840824216,14.344335477283362,14.432805061340332,7094000,0.0,0.0
2007-12-18 00:00:00-05:00,14.609745818749904,14.609745818749904,14.179686023044223,14.3762845993042,7680400,0.0,0.0
2007-12-19 00:00:00-05:00,14.189515453745825,14.946420167638633,14.189515453745825,14.732619285583496,9344800,0.0,0.0
2007-12-20 00:00:00-05:00,14.934134465708347,15.973650369571923,14.934134465708347,15.971192359924316,12336400,0.0,0.0
2007-12-21 00:00:00-05:00,15.973647472905178,16.101435827727283,15.398596126382358,15.666461944580078,7774400,0.0,0.0
2007-12-24 00:00:00-05:00,15.487066987393685,15.912211681207692,15.45757743672698,15.72298526763916,1468800,0.0,0.0
2007-12-26 00:00:00-05:00,15.681207156433262,15.786878115508891,15.310126513974634,15.695951461791992,2811600,0.0,0.0
2007-12-27 00:00:00-05:00,15.676291017499283,15.98593453351641,15.445286916274112,15.737728118896484,3504000,0.0,0.0
2007-12-28 00:00:00-05:00,15.838485828313534,15.917125252231711,15.636973124797098,15.826199531555176,2335600,0.0,0.0
2007-12-31 00:00:00-05:00,15.826201151223708,15.826201151223708,15.346991468178622,15.405970573425293,3516800,0.0,0.0
2008-01-02 00:00:00-05:00,15.494440236023742,15.61731446618643,14.71296005719257,14.813716888427734,4980000,0.0,0.0
2008-01-03 00:00:00-05:00,14.744905411709244,15.194625476745179,14.744905411709244,14.985738754272461,3689200,0.0,0.0
2008-01-04 00:00:00-05:00,14.74736329099935,14.894812915663985,14.273069670077396,14.464753150939941,6438000,0.0,0.0
2008-01-07 00:00:00-05:00,14.233749110251154,14.25832451657868,13.481759488290887,14.194429397583008,13106800,0.0,0.0
2008-01-08 00:00:00-05:00,14.19442866229077,14.57042439124967,13.395746278409073,13.442439079284668,6574000,0.0,0.0
2008-01-09 00:00:00-05:00,13.373628412849671,13.577600049086229,12.832982645022655,13.35151195526123,9061600,0.0,0.0
2008-01-10 00:00:00-05:00,13.265500960809245,13.847924513507403,13.046784994550979,13.658699035644531,8768000,0.0,0.0
2008-01-11 00:00:00-05:00,13.653783497406422,14.029778306036109,13.263043445072398,13.385917663574219,6540000,0.0,0.0
2008-01-14 00:00:00-05:00,13.58251674087274,13.717678198860257,13.221266224789218,13.675901412963867,4768400,0.0,0.0
2008-01-15 00:00:00-05:00,13.363798246151612,13.557938769564144,13.292530985206687,13.322020530700684,5776800,0.0,0.0
2008-01-16 00:00:00-05:00,13.2040634240449,13.54073852066872,12.855101093046876,13.356427192687988,5812800,0.0,0.0
2008-01-17 00:00:00-05:00,13.511249751457017,13.668528610429673,13.068902726232436,13.152457237243652,9381600,0.0,0.0
2008-01-18 00:00:00-05:00,13.385916888620734,13.385916888620734,12.530712489853284,12.739598274230957,11254000,0.0,0.0
2008-01-22 00:00:00-05:00,11.975321914945424,13.024667914104807,11.83524537275247,12.847728729248047,8191600,0.0,0.0
2008-01-23 00:00:00-05:00,12.351315056158743,13.621834862634278,12.189121138040143,13.580057144165039,9315200,0.0,0.0
2008-01-24 00:00:00-05:00,13.59726147879557,13.943766737712147,13.26550052613764,13.872499465942383,6432400,0.0,0.0
2008-01-25 00:00:00-05:00,13.803689373332372,14.15265264430778,12.864930411030484,13.00992202758789,7706400,0.0,0.0
2008-01-28 00:00:00-05:00,12.606894610512983,13.196691233355182,12.606894610512983,13.157371520996094,4459200,0.0,0.0
2008-01-29 00:00:00-05:00,13.12296618376856,13.29253225842046,12.629011327788415,12.786290168762207,4907600,0.0,0.0
2008-01-30 00:00:00-05:00,12.646214596624251,12.889505966613546,12.361146441486033,12.37589168548584,5839600,0.0,0.0
2008-01-31 00:00:00-05:00,12.213698685679196,13.095935697191418,11.99006762391484,12.756802558898926,12019600,0.0,0.0
2008-02-01 00:00:00-05:00,12.90179416338056,13.243384373141868,12.555288871919435,12.710110664367676,8316000,0.0,0.0
2008-02-04 00:00:00-05:00,12.707650654133625,12.948483994772566,12.363603426416208,12.722395896911621,5088000,0.0,0.0
2008-02-05 00:00:00-05:00,12.577404916438626,13.221265550484361,12.356230951044044,12.970602035522461,8284800,0.0,0.0
2008-02-06 00:00:00-05:00,13.078731276195397,13.078731276195397,11.685337240520168,11.766434669494629,10376400,0.0,0.0
2008-02-07 00:00:00-05:00,11.564922788980882,12.76417459092087,11.564922788980882,12.493851661682129,10952800,0.0,0.0
2008-02-08 00:00:00-05:00,12.533169213360216,12.729767758627645,12.363603143840022,12.501221656799316,4149600,0.0,0.0
2008-02-11 00:00:00-05:00,13.039411629099542,13.74716641059294,13.039411629099542,13.467013359069824,15560400,0.0,0.0
2008-02-12 00:00:00-05:00,13.575144881614532,13.60954951485255,13.23846882788605,13.381003379821777,5378800,0.0,0.0
2008-02-13 00:00:00-05:00,13.59971835522016,13.882329428890264,13.516163850283807,13.744709968566895,5797600,0.0,0.0
2008-02-14 00:00:00-05:00,13.776657628716956,13.884786602830099,13.516163949657619,13.550568580627441,4885200,0.0,0.0
2008-02-15 00:00:00-05:00,13.501418208066207,13.557940233639881,13.049241066020965,13.231095314025879,4433200,0.0,0.0
2008-02-19 00:00:00-05:00,13.454725646971752,13.454725646971752,12.601978351643577,12.64867115020752,6544000,0.0,0.0
2008-02-20 00:00:00-05:00,12.565117078165384,13.122966108547597,12.533169520820758,13.05661392211914,3386000,0.0,0.0
2008-02-21 00:00:00-05:00,13.142627074193875,13.314651177741197,12.904250776244472,13.152457237243652,4098400,0.0,0.0
2008-02-22 00:00:00-05:00,13.265500782618098,13.265500782618098,12.673247075077025,12.862473487854004,5120000,0.0,0.0
2008-02-25 00:00:00-05:00,12.85264261739453,13.479300922302183,12.85264261739453,13.371171951293945,5298400,0.0,0.0
2008-02-26 00:00:00-05:00,13.17211648634882,13.353970751019453,12.96568775177002,12.96568775177002,5182400,0.0,0.0
2008-02-27 00:00:00-05:00,12.89933447140624,13.267957086921358,12.380805175588714,12.931281089782715,12299200,0.0,0.0
2008-02-28 00:00:00-05:00,14.307473977120814,15.597653242063418,14.14036496876035,15.152848243713379,35617200,0.0,0.0
2008-02-29 00:00:00-05:00,14.91447129278155,15.184795117625985,14.548306671454363,14.676095962524414,10393200,0.0,0.0
2008-03-03 00:00:00-05:00,14.742448924777872,14.91693008741525,14.29518591375402,14.442635536193848,8893600,0.0,0.0
2008-03-04 00:00:00-05:00,14.422975503480966,14.496700784921055,14.037150530422997,14.223919868469238,8353600,0.0,0.0
2008-03-05 00:00:00-05:00,14.309932034569663,14.634319911387115,14.17231256601295,14.501615524291992,11409600,0.0,0.0
2008-03-06 00:00:00-05:00,14.44754981324457,14.49915675637107,14.115788884311739,14.18951416015625,6342800,0.0,0.0
2008-03-07 00:00:00-05:00,13.941307004029767,14.329589936718017,13.673441203143351,13.924104690551758,7043200,0.0,0.0
2008-03-10 00:00:00-04:00,14.046981129679368,14.201802913078888,13.607091186543553,13.781573295593262,4948800,0.0,0.0
2008-03-11 00:00:00-04:00,14.027320474097872,14.41805956780441,13.744709411874174,14.363995552062988,7974800,0.0,0.0
2008-03-12 00:00:00-04:00,14.398400227754706,14.798970422143999,14.16493903700797,14.305015563964844,9142400,0.0,0.0
2008-03-13 00:00:00-04:00,14.056811617311087,14.646607338606186,13.815978247266928,14.477041244506836,7772400,0.0,0.0
2008-03-14 00:00:00-04:00,14.646605803838275,14.74490554914827,14.064182297134556,14.216546058654785,7786400,0.0,0.0
2008-03-17 00:00:00-04:00,13.761911892516657,14.049437101720788,13.314649831006335,13.641494750976562,10104800,0.0,0.0
2008-03-18 00:00:00-04:00,13.946223317133398,14.47458281338159,13.946223317133398,14.403315544128418,7215200,0.0,0.0
2008-03-19 00:00:00-04:00,14.346792346057589,14.499156096790479,13.91181755065918,13.91181755065918,5293200,0.0,0.0
2008-03-20 00:00:00-04:00,13.911821103667249,14.000290703286122,13.476846197178471,13.720137596130371,9169600,0.0,0.0
2008-03-24 00:00:00-04:00,13.737338272733636,14.744906509214246,13.737338272733636,14.656436920166016,6342800,0.0,0.0
2008-03-25 00:00:00-04:00,14.567967022025256,15.133189176184057,14.567967022025256,14.98082447052002,4518000,0.0,0.0
2008-03-26 00:00:00-04:00,14.889897910315177,15.211828701890571,14.445092899620976,14.558137893676758,4721200,0.0,0.0
2008-03-27 00:00:00-04:00,14.681012508970955,14.681012508970955,13.835637258648868,13.91673469543457,6310800,0.0,0.0
2008-03-28 00:00:00-04:00,13.958509352204713,14.388569065135483,13.909359483235756,13.970796585083008,4163600,0.0,0.0
2008-03-31 00:00:00-04:00,13.779114312233082,14.307473808537765,13.648867945102287,14.221461296081543,5601200,0.0,0.0
2008-04-01 00:00:00-04:00,14.37628273243233,15.152847710908219,14.371367651482096,15.044718742370605,7598400,0.0,0.0
2008-04-02 00:00:00-04:00,15.113528698494468,16.241513111156166,15.039804355749085,15.310127258300781,11778800,0.0,0.0
2008-04-03 00:00:00-04:00,15.214285561266191,15.786878926884288,14.81371535004674,15.433001518249512,7202400,0.0,0.0
2008-04-04 00:00:00-04:00,15.531300140428392,16.189905035467014,15.157762434128875,16.003137588500977,9610400,0.0,0.0
2008-04-07 00:00:00-04:00,16.216937447287766,16.337355521067273,15.860602994043118,15.98593521118164,7331600,0.0,0.0
2008-04-08 00:00:00-04:00,15.985937253783744,16.103895458588415,15.639431042982318,15.686123847961426,7585600,0.0,0.0
2008-04-09 00:00:00-04:00,15.238860700002373,15.629600766025815,14.924302989603198,15.546046257019043,8508400,0.0,0.0
2008-04-10 00:00:00-04:00,15.528843610120312,16.234141371522906,15.35682045181912,16.128469467163086,6357600,0.0,0.0
2008-04-11 00:00:00-04:00,15.97364894369603,15.97364894369603,15.012772560119629,15.012772560119629,6828000,0.0,0.0
2008-04-14 00:00:00-04:00,15.231487046319973,15.337158942521512,14.425432524090414,14.769479751586914,11274000,0.0,0.0
2008-04-15 00:00:00-04:00,14.685925656563452,15.049634155255951,14.376283049515992,14.585168838500977,7210400,0.0,0.0
2008-04-16 00:00:00-04:00,14.622030536661057,15.356818702160373,14.622030536661057,15.130729675292969,9308400,0.0,0.0
2008-04-17 00:00:00-04:00,14.897269997832318,15.342075006566507,14.796513176097113,15.285552978515625,6904000,0.0,0.0
2008-04-18 00:00:00-04:00,15.949072736444645,16.108809583460108,15.666461680172922,15.703324317932129,10350400,0.0,0.0
2008-04-21 00:00:00-04:00,15.63451357497368,15.63451357497368,15.280636202210289,15.41334056854248,6328400,0.0,0.0
2008-04-22 00:00:00-04:00,15.378936715678746,15.447745973928672,14.867779547376903,15.07420825958252,4835200,0.0,0.0
2008-04-23 00:00:00-04:00,15.182335462815308,16.649453673191605,15.064376346333878,16.6052188873291,11672400,0.0,0.0
2008-04-24 00:00:00-04:00,16.71089197769374,17.11637723154657,16.135841594889488,16.779701232910156,9044800,0.0,0.0
2008-04-25 00:00:00-04:00,16.573274362248355,16.959099314042728,16.28329114609699,16.733009338378906,3371200,0.0,0.0
2008-04-28 00:00:00-04:00,16.79444394170205,17.045108347498104,16.55606958018617,16.57818603515625,4645200,0.0,0.0
2008-04-29 00:00:00-04:00,16.543785572624625,16.821480646049274,16.344729928173177,16.452857971191406,3876800,0.0,0.0
2008-04-30 00:00:00-04:00,16.450399208090328,17.018077436692778,16.34226930743783,16.398792266845703,5560800,0.0,0.0
2008-05-01 00:00:00-04:00,16.53395327624317,16.703520284770157,16.035084287291088,16.53641128540039,5660400,0.0,0.0
2008-05-02 00:00:00-04:00,16.710893006418896,16.710893006418896,16.386505158349586,16.538869857788086,4578400,0.0,0.0
2008-05-05 00:00:00-04:00,16.31523812807577,17.180273652176087,16.31523812807577,17.047569274902344,5538000,0.0,0.0
2008-05-06 00:00:00-04:00,17.00579104464681,17.482543611114913,16.801821267418955,17.24416732788086,5860400,0.0,0.0
2008-05-07 00:00:00-04:00,17.268740615808003,17.30314711946171,16.349642051719986,16.4184513092041,6488800,0.0,0.0
2008-05-08 00:00:00-04:00,16.575728405116948,16.62242119989166,16.236596296778732,16.6052188873291,4138400,0.0,0.0
2008-05-09 00:00:00-04:00,16.56590533612491,16.7600449783633,16.320156865035056,16.391422271728516,3507200,0.0,0.0
2008-05-12 00:00:00-04:00,16.401250019276265,16.747756212422324,16.027713223211634,16.617509841918945,5706400,0.0,0.0
2008-05-13 00:00:00-04:00,16.644541505635647,16.93206671040938,16.445484008174724,16.698604583740234,6456000,0.0,0.0
2008-05-14 00:00:00-04:00,16.664200204203798,17.177815390641836,16.664200204203798,17.054941177368164,11976400,0.0,0.0
2008-05-15 00:00:00-04:00,16.98121546248093,17.131122148810366,16.538869431025116,17.010705947875977,8154000,0.0,0.0
2008-05-16 00:00:00-04:00,17.01070764539403,17.01070764539403,16.701064080037117,16.882917404174805,8183200,0.0,0.0
2008-05-19 00:00:00-04:00,16.84851223670347,16.956642148929284,16.236599153695668,16.288206100463867,8870400,0.0,0.0
2008-05-20 00:00:00-04:00,16.15550157909147,16.15550157909147,15.334702706801126,15.433001518249512,12602400,0.0,0.0
2008-05-21 00:00:00-04:00,15.548503457629897,15.686122917498645,15.096326303725013,15.39859676361084,13133600,0.0,0.0
2008-05-22 00:00:00-04:00,15.600112250507538,16.9492717189567,15.494440336883287,16.29557991027832,23101600,0.0,0.0
2008-05-23 00:00:00-04:00,16.34227008649949,16.63471130907174,16.140756455166187,16.47005844116211,7162800,0.0,0.0
2008-05-27 00:00:00-04:00,16.29557495204998,16.828850377101585,16.098977367275552,16.772327423095703,9291600,0.0,0.0
2008-05-28 00:00:00-04:00,16.83377030043486,17.423567007111334,16.61013829137641,17.246627807617188,18012800,0.0,0.0
2008-05-29 00:00:00-04:00,17.204852152407042,17.772530559139437,16.90749670721807,17.573474884033203,10406000,0.0,0.0
2008-05-30 00:00:00-04:00,17.58084176116186,18.35740577438654,17.58084176116186,17.77006721496582,18095200,0.0,0.0
2008-06-02 00:00:00-04:00,17.693886520971525,17.774983950838113,17.330178028634858,17.519405364990234,5719200,0.0,0.0
2008-06-03 00:00:00-04:00,17.58330076128354,17.811846874162978,17.36949895410222,17.74057960510254,6004800,0.0,0.0
2008-06-04 00:00:00-04:00,17.752870571177663,17.937181940531413,17.67423112858322,17.82905387878418,7169200,0.0,0.0
2008-06-05 00:00:00-04:00,17.84625008743665,18.18538221595522,17.47762747495107,18.165721893310547,6589200,0.0,0.0
2008-06-06 00:00:00-04:00,17.996156229515044,18.02073069463182,17.433392166256805,17.45305061340332,4429200,0.0,0.0
2008-06-09 00:00:00-04:00,17.492374448855212,17.65702545757945,16.90011979445808,17.128665924072266,4448400,0.0,0.0
2008-06-10 00:00:00-04:00,17.17290188202329,17.58084522967145,17.14586940115928,17.531694412231445,5864400,0.0,0.0
2008-06-11 00:00:00-04:00,17.612789603517037,17.612789603517037,16.836225536346863,17.06477165222168,6658000,0.0,0.0
2008-06-12 00:00:00-04:00,17.18518663955754,17.30314670305703,17.11637738372934,17.253995895385742,4801600,0.0,0.0
2008-06-13 00:00:00-04:00,17.666853244678823,18.082168662246797,17.571011513688,17.88802719116211,6442800,0.0,0.0
2008-06-16 00:00:00-04:00,17.88311282923489,18.057595868390163,17.706175530572466,17.895401000976562,4144400,0.0,0.0
2008-06-17 00:00:00-04:00,17.902772466396783,18.037934850716418,17.590672790211034,17.706174850463867,2916800,0.0,0.0
2008-06-18 00:00:00-04:00,17.681599204074175,17.897859027500047,17.337552893918055,17.45551109313965,3737200,0.0,0.0
2008-06-19 00:00:00-04:00,17.430935154245695,18.45079145167105,17.41127483106319,18.074796676635742,7182400,0.0,0.0
2008-06-20 00:00:00-04:00,18.062512178590875,18.377069913823952,17.730752125803235,17.96421241760254,5079600,0.0,0.0
2008-06-23 00:00:00-04:00,18.01582052065835,18.482743008984077,17.85116948856357,18.291059494018555,5286800,0.0,0.0
2008-06-24 00:00:00-04:00,18.268935947799736,18.268935947799736,17.349837416942155,17.413732528686523,8974800,0.0,0.0
2008-06-25 00:00:00-04:00,17.531692258950304,17.63736415982749,17.226964727897474,17.386701583862305,5682800,0.0,0.0
2008-06-26 00:00:00-04:00,17.163067323743658,17.177813502655727,16.357012873246397,16.497089385986328,10817600,0.0,0.0
2008-06-27 00:00:00-04:00,16.43073873083443,16.934523717872416,16.344727162901776,16.863256454467773,7128400,0.0,0.0
2008-06-30 00:00:00-04:00,17.1606111565358,17.17044131748769,16.730551458175857,16.767414093017578,5105200,0.0,0.0
2008-07-01 00:00:00-04:00,16.558524489792365,17.413729642051727,16.26854133829818,17.231876373291016,7631600,0.0,0.0
2008-07-02 00:00:00-04:00,17.418648813081923,17.784815339897587,17.153241921887723,17.17781639099121,6079200,0.0,0.0
2008-07-03 00:00:00-04:00,17.325263419170895,17.325263419170895,16.18744892207155,16.59539031982422,4197600,0.0,0.0
2008-07-07 00:00:00-04:00,16.6150500100866,16.922235519998107,16.128467337425683,16.499547958374023,4341200,0.0,0.0
2008-07-08 00:00:00-04:00,16.22431227376839,16.553616180444767,15.51901540353096,16.42091178894043,8998800,0.0,0.0
2008-07-09 00:00:00-04:00,16.40616660339173,16.7526709335689,15.971190808701785,16.027713775634766,4672400,0.0,0.0
2008-07-10 00:00:00-04:00,16.106353602842056,16.47743428650761,15.789337878044424,15.949074745178223,6382400,0.0,0.0
2008-07-11 00:00:00-04:00,15.65663052165202,15.94661371203126,15.152846483266309,15.550958633422852,6191200,0.0,0.0
2008-07-14 00:00:00-04:00,15.678750948370569,15.966277122821927,15.285553802704374,15.327330589294434,4951200,0.0,0.0
2008-07-15 00:00:00-04:00,15.066835282711072,15.720526012694553,14.762106843284165,15.577991485595703,8459600,0.0,0.0
2008-07-16 00:00:00-04:00,15.455117104975974,16.521666162082386,15.455117104975974,16.46514320373535,10014800,0.0,0.0
2008-07-17 00:00:00-04:00,16.52167010836478,17.197478386356146,16.455316972938547,17.1090087890625,6846400,0.0,0.0
2008-07-18 00:00:00-04:00,17.172899216565828,17.43339382128577,16.710892853811025,17.38424301147461,5493600,0.0,0.0
2008-07-21 00:00:00-04:00,17.310516685975525,17.44322103768894,16.902573470533024,17.05002212524414,4720800,0.0,0.0
2008-07-22 00:00:00-04:00,16.502007091300474,16.52166741525255,15.848315381731451,16.140756607055664,11070000,0.0,0.0
2008-07-23 00:00:00-04:00,16.04737447485531,16.72563884437815,15.818828342214912,15.872891426086426,7498400,0.0,0.0
2008-07-24 00:00:00-04:00,15.99576253473573,15.99576253473573,15.50672374130506,15.59273624420166,4163600,0.0,0.0
2008-07-25 00:00:00-04:00,15.595194677019254,15.929412681829897,15.420713521919998,15.666461944580078,4079200,0.0,0.0
2008-07-28 00:00:00-04:00,15.666463977263552,16.084235600025814,15.369108572253158,15.396141052246094,3890400,0.0,0.0
2008-07-29 00:00:00-04:00,15.509183351903205,15.836029209242824,15.506725342662058,15.659090042114258,6876800,0.0,0.0
2008-07-30 00:00:00-04:00,15.759845257353106,15.971189045297015,15.489522374491155,15.95644474029541,4267600,0.0,0.0
2008-07-31 00:00:00-04:00,15.78933839222742,15.875349977358333,15.55342009804894,15.676294326782227,4683600,0.0,0.0
2008-08-01 00:00:00-04:00,15.759845079598394,15.823740192070716,15.430543105532585,15.799165725708008,4344000,0.0,0.0
2008-08-04 00:00:00-04:00,15.791793737547183,16.015423821158972,15.531300079096296,15.98593521118164,5245200,0.0,0.0
2008-08-05 00:00:00-04:00,16.01296915055794,16.863258522669152,15.995764959949833,16.762500762939453,6574000,0.0,0.0
2008-08-06 00:00:00-04:00,16.67403148002219,16.907493625783644,16.44057120917256,16.848512649536133,4924000,0.0,0.0
2008-08-07 00:00:00-04:00,16.83622579897401,17.04019557499595,16.52904025536726,16.617509841918945,3806000,0.0,0.0
2008-08-08 00:00:00-04:00,16.624880518163664,17.241709559907353,16.470057817995492,17.10163116455078,8310400,0.0,0.0
2008-08-11 00:00:00-04:00,17.167986964778702,17.625079234375168,17.027910422477326,17.308063507080078,6158000,0.0,0.0
2008-08-12 00:00:00-04:00,17.226965696778855,17.448139673253166,17.084431148060762,17.281030654907227,5032400,0.0,0.0
2008-08-13 00:00:00-04:00,17.16553056742487,17.229425695764974,16.85097282007678,16.993507385253906,7038400,0.0,0.0
2008-08-14 00:00:00-04:00,16.728098550702388,16.789535669204295,16.352103685456655,16.51921272277832,8932000,0.0,0.0
2008-08-15 00:00:00-04:00,16.654372439699458,16.82885549758878,16.123556736895573,16.29557991027832,5223200,0.0,0.0
2008-08-18 00:00:00-04:00,16.298034051672733,16.369301313705755,15.705780436497975,15.885176658630371,5611600,0.0,0.0
2008-08-19 00:00:00-04:00,15.821283274117105,16.231684577816292,15.789336653133462,16.09160804748535,5137600,0.0,0.0
2008-08-20 00:00:00-04:00,16.46268442240534,16.46268442240534,15.91220854370638,16.04737091064453,12539600,0.0,0.0
2008-08-21 00:00:00-04:00,14.36891259332603,14.36891259332603,12.958316036433358,13.086105346679688,56010400,0.0,0.0
2008-08-22 00:00:00-04:00,13.35397022499568,13.946223926030179,13.221265842824655,13.75454044342041,23180800,0.0,0.0
2008-08-25 00:00:00-04:00,13.533366023930583,14.11578954307463,13.533366023930583,13.892158508300781,11970400,0.0,0.0
2008-08-26 00:00:00-04:00,14.241121527875668,14.305015706395956,13.612005217459995,13.899531364440918,16361200,0.0,0.0
2008-08-27 00:00:00-04:00,13.884785299316572,14.216545281043588,13.81597604383679,14.010116577148438,9659600,0.0,0.0
2008-08-28 00:00:00-04:00,14.015031760329464,14.201801080076583,13.92410510957289,14.179683685302734,4914800,0.0,0.0
2008-08-29 00:00:00-04:00,13.924105468774124,14.002744888341851,13.6685268864511,13.766826629638672,5167600,0.0,0.0
2008-09-02 00:00:00-04:00,13.884786202651929,14.12316247815236,13.49158909224944,13.55302619934082,6189600,0.0,0.0
2008-09-03 00:00:00-04:00,13.489132071033637,13.73979559882161,13.088561840969492,13.265501022338867,7792800,0.0,0.0
2008-09-04 00:00:00-04:00,13.127880952502018,13.34659784719461,12.879675445542215,13.245841026306152,9488400,0.0,0.0
2008-09-05 00:00:00-04:00,12.96323082452596,13.435067401714686,12.84772875226466,13.381003379821777,7794000,0.0,0.0
2008-09-08 00:00:00-04:00,13.707846605185278,13.774198791261838,12.872302537368673,13.479300498962402,13206800,0.0,0.0
2008-09-09 00:00:00-04:00,13.467014483058811,13.720136016708878,12.710109766424683,12.80349349975586,11921200,0.0,0.0
2008-09-10 00:00:00-04:00,13.503877824870791,14.037151523629214,13.442440710960966,13.78403091430664,22670000,0.0,0.0
2008-09-11 00:00:00-04:00,13.479301431993697,14.27798385446721,13.341682906862342,14.253409385681152,15580400,0.0,0.0
2008-09-12 00:00:00-04:00,14.140366801386053,14.226378388547188,13.92410789122321,14.056812286376953,87332400,0.0,0.0
2008-09-15 00:00:00-04:00,13.336766995192965,14.056809947770157,13.336766995192965,13.467013359069824,13044000,0.0,0.0
2008-09-16 00:00:00-04:00,13.22372447712376,13.820893287658691,13.061530537068343,13.820893287658691,11338800,0.0,0.0
2008-09-17 00:00:00-04:00,13.435065812142986,13.639037452858226,13.009921153584628,13.10330581665039,12199600,0.0,0.0
2008-09-18 00:00:00-04:00,13.149998261237972,13.78894475067222,12.697821106198303,13.59234619140625,14480400,0.0,0.0
2008-09-19 00:00:00-04:00,14.069098837429854,14.803887119323837,13.518621894017485,13.715221405029297,13615600,0.0,0.0
2008-09-22 00:00:00-04:00,13.700474355101631,13.700474355101631,12.729767912854387,12.869844436645508,9393600,0.0,0.0
2008-09-23 00:00:00-04:00,12.700278240415559,13.174572759283132,12.545456475524409,12.835439682006836,9320000,0.0,0.0
2008-09-24 00:00:00-04:00,12.982891226199776,12.982891226199776,12.434871350869948,12.53071403503418,8067200,0.0,0.0
2008-09-25 00:00:00-04:00,12.597064324998021,13.184403870216986,12.43241332405779,12.788748741149902,8104000,0.0,0.0
2008-09-26 00:00:00-04:00,12.393092907365041,12.621639013178537,12.25301638282849,12.447157859802246,9162400,0.0,0.0
2008-09-29 00:00:00-04:00,12.058875690169529,12.164547592739291,10.854707977724093,10.999699592590332,14679200,0.0,0.0
2008-09-30 00:00:00-04:00,11.321629885587623,11.894224166870117,10.837505187460865,11.894224166870117,12756400,0.0,0.0
2008-10-01 00:00:00-04:00,11.736945736997153,11.91880000522764,11.301971798881015,11.40518569946289,7302400,0.0,0.0
2008-10-02 00:00:00-04:00,11.299513869247395,11.299513869247395,10.842421592111329,10.859623908996582,7515200,0.0,0.0
2008-10-03 00:00:00-04:00,10.063398374578536,11.287225440879805,10.016705573006135,10.2157621383667,17098000,0.0,0.0
2008-10-06 00:00:00-04:00,9.746383646626711,10.02899474366516,9.299121535412713,9.928237915039062,17098800,0.0,0.0
2008-10-07 00:00:00-04:00,9.532581723547748,9.741467511849104,8.692121614388066,8.832198143005371,15734800,0.0,0.0
2008-10-08 00:00:00-04:00,8.323497681651856,9.279458765869231,8.284177976868941,8.969816207885742,12952000,0.0,0.0
2008-10-09 00:00:00-04:00,9.173787735919989,9.274544537083317,8.34807300567627,8.34807300567627,9391600,0.0,0.0
2008-10-10 00:00:00-04:00,7.596083531256352,8.377563572239216,7.377367590139881,8.001568794250488,21575200,0.0,0.0
2008-10-13 00:00:00-04:00,8.598737000503233,9.272087097167969,8.303838730542026,9.272087097167969,13758000,0.0,0.0
2008-10-14 00:00:00-04:00,9.871713546559288,10.137122289200795,8.566790040939349,8.822368621826172,15102000,0.0,0.0
2008-10-15 00:00:00-04:00,8.878890230463037,8.878890230463037,7.591168161957275,7.598540782928467,11249600,0.0,0.0
2008-10-16 00:00:00-04:00,7.777939564621206,8.043347913361378,6.974341895006113,7.984368801116943,23329600,0.0,0.0
2008-10-17 00:00:00-04:00,7.8221722184241,8.286637052655701,7.485496675553994,7.763192653656006,16047200,0.0,0.0
2008-10-20 00:00:00-04:00,7.915556761427295,7.915556761427295,7.392112808056671,7.8197150230407715,8548000,0.0,0.0
2008-10-21 00:00:00-04:00,7.6452330613351736,7.8344589777388665,7.323302311962367,7.369994640350342,13588000,0.0,0.0
2008-10-22 00:00:00-04:00,7.281525095331078,7.281525095331078,6.630291910333352,6.765453815460205,15887600,0.0,0.0
2008-10-23 00:00:00-04:00,6.888328407050023,7.040692165531029,6.313277064605637,6.686814308166504,14671600,0.0,0.0
2008-10-24 00:00:00-04:00,6.141252723813339,6.767911451995044,5.996261124080782,6.556567668914795,12704800,0.0,0.0
2008-10-27 00:00:00-04:00,6.458269269037934,6.600803347631723,6.192860968596811,6.219892978668213,7949600,0.0,0.0
2008-10-28 00:00:00-04:00,6.465641283170363,7.021032810211182,6.055241372286251,7.021032810211182,11873200,0.0,0.0
2008-10-29 00:00:00-04:00,6.932562816342133,7.591168667686296,6.785114136918269,7.387197494506836,12514400,0.0,0.0
2008-10-30 00:00:00-04:00,7.674722906521919,7.822172049624207,7.303642742726857,7.500241756439209,11435600,0.0,0.0
2008-10-31 00:00:00-04:00,7.500242754847858,7.851663110924444,7.156195020962573,7.608371734619141,9841200,0.0,0.0
2008-11-03 00:00:00-05:00,7.281525870937804,7.790225521495416,7.281525870937804,7.517444610595703,4764000,0.0,0.0
2008-11-04 00:00:00-05:00,7.723873434490666,7.900812608763404,7.593626594398561,7.748448371887207,7015600,0.0,0.0
2008-11-05 00:00:00-05:00,7.753362986674975,7.753362986674975,7.217631788657408,7.32330322265625,9453600,0.0,0.0
2008-11-06 00:00:00-05:00,7.129161985266399,7.4216027471731865,6.898158330641748,6.966968059539795,6859200,0.0,0.0
2008-11-07 00:00:00-05:00,7.035777028992376,7.094757062026757,6.829348788283688,7.0185747146606445,5676400,0.0,0.0
2008-11-10 00:00:00-05:00,7.24712137107714,7.286441083608471,6.817061605128755,6.959595680236816,7584400,0.0,0.0
2008-11-11 00:00:00-05:00,6.790029097246156,6.804774340926771,6.320649620822599,6.578685760498047,11071600,0.0,0.0
2008-11-12 00:00:00-05:00,6.490215411955187,6.490215411955187,5.961856428975099,5.979058742523193,9790400,0.0,0.0
2008-11-13 00:00:00-05:00,5.996261697873432,6.7285919189453125,5.843897931229776,6.7285919189453125,13722800,0.0,0.0
2008-11-14 00:00:00-05:00,6.480386007062651,6.8612958685390515,6.4287785953995,6.487758159637451,10644400,0.0,0.0
2008-11-17 00:00:00-05:00,6.3968324156047105,6.5393664999358965,6.212521075414662,6.288702964782715,8112000,0.0,0.0
2008-11-18 00:00:00-05:00,6.217435233528799,6.458269056663204,5.6350117036126,5.848812580108643,16338000,0.0,0.0
2008-11-19 00:00:00-05:00,5.809491447771223,5.93728071554667,5.386804410584548,5.396634101867676,17593200,0.0,0.0
2008-11-20 00:00:00-05:00,5.332740929686222,6.151083153863811,5.320453227384506,5.61043643951416,19470400,0.0,0.0
2008-11-21 00:00:00-05:00,6.273957218617162,6.384543724393494,5.116481937475134,5.485104560852051,34756800,0.0,0.0
2008-11-24 00:00:00-05:00,5.718566268189445,6.708932173938401,5.583404345971494,6.534451007843018,21225200,0.0,0.0
2008-11-25 00:00:00-05:00,6.738421672290428,6.780198922297824,6.087188455245184,6.382086277008057,12973600,0.0,0.0
2008-11-26 00:00:00-05:00,6.32064974001682,7.180769284365812,6.281330026916245,7.099672317504883,12836000,0.0,0.0
2008-11-28 00:00:00-05:00,7.183226653790382,7.185684194391579,6.775284288550566,7.033320426940918,3034000,0.0,0.0
2008-12-01 00:00:00-05:00,6.704017477983492,6.74825180256813,6.421406402648219,6.622920513153076,15209200,0.0,0.0
2008-12-02 00:00:00-05:00,6.438608450883997,7.156193818072316,6.2739569994450655,7.143906116485596,21122400,0.0,0.0
2008-12-03 00:00:00-05:00,6.836721522670419,7.8762373108993255,6.787572115929714,7.797597885131836,21466800,0.0,0.0
2008-12-04 00:00:00-05:00,7.6501479670393175,7.9253863985951485,6.888328254094666,7.045607089996338,12506400,0.0,0.0
2008-12-05 00:00:00-05:00,6.998914491050405,7.718957395695291,6.927647697042134,7.657520294189453,11990800,0.0,0.0
2008-12-08 00:00:00-05:00,7.969621664201095,8.569247496240859,7.967163654924484,8.561875343322754,15876000,0.0,0.0
2008-12-09 00:00:00-05:00,8.38739404508033,8.957530318622245,8.109698061106323,8.193252563476562,15295600,0.0,0.0
2008-12-10 00:00:00-05:00,8.237487400882712,8.554503097292777,8.028600675070004,8.497981071472168,8227600,0.0,0.0
2008-12-11 00:00:00-05:00,8.507810437853118,8.507810437853118,7.669808323757997,7.743533134460449,7135600,0.0,0.0
2008-12-12 00:00:00-05:00,7.61820097388801,7.873779554130424,7.382282717105391,7.8516621589660645,6966800,0.0,0.0
2008-12-15 00:00:00-05:00,7.888523181523329,7.888523181523329,7.323302054996939,7.497783660888672,5571200,0.0,0.0
2008-12-16 00:00:00-05:00,7.66243598586966,8.040888786315918,7.549391466345327,8.040888786315918,6813200,0.0,0.0
2008-12-17 00:00:00-05:00,7.962249105658493,8.301381246996883,7.8885238304098015,8.153932571411133,5984400,0.0,0.0
2008-12-18 00:00:00-05:00,8.173592603538763,8.296466822059799,7.736160685589757,7.90081262588501,8776800,0.0,0.0
2008-12-19 00:00:00-05:00,8.035973791852257,8.276807139060118,7.812342759626681,7.937674045562744,8856000,0.0,0.0
2008-12-22 00:00:00-05:00,7.9450468461267,7.947503917839193,7.421602450518282,7.640318393707275,4957200,0.0,0.0
2008-12-23 00:00:00-05:00,7.883610197267206,7.9769939270361805,7.709128565730213,7.760735511779785,5270000,0.0,0.0
2008-12-24 00:00:00-05:00,7.750905583859325,7.80742760936526,7.672265693779156,7.753362655639648,968400,0.0,0.0
2008-12-26 00:00:00-05:00,7.773022943915328,7.773022943915328,7.514987269640356,7.721415996551514,1626400,0.0,0.0
2008-12-29 00:00:00-05:00,7.650147802439674,7.718957526030106,7.443719569124166,7.600998401641846,2692400,0.0,0.0
2008-12-30 00:00:00-05:00,7.667351774693616,7.699298866733321,7.519902611963361,7.608371734619141,4298800,0.0,0.0
2008-12-31 00:00:00-05:00,7.581339241890633,7.991739143213566,7.5764241607423495,7.8664069175720215,5367600,0.0,0.0
2009-01-02 00:00:00-05:00,7.888525459835825,8.40459780589567,7.777938930304148,8.360363006591797,4069200,0.0,0.0
2009-01-05 00:00:00-05:00,8.239945935656914,8.439002534723864,8.112156618195467,8.195711135864258,7444800,0.0,0.0
2009-01-06 00:00:00-05:00,8.387395170605283,8.657718100601778,8.144103783643658,8.502896308898926,5938800,0.0,0.0
2009-01-07 00:00:00-05:00,8.294009529054165,8.343159402643437,7.8000551275209205,7.863949775695801,5647600,0.0,0.0
2009-01-08 00:00:00-05:00,7.935215983154957,8.109697120454138,7.728787291681531,8.087579727172852,4781200,0.0,0.0
2009-01-09 00:00:00-05:00,8.021228817677772,8.058091458136555,7.549391800830376,7.748448371887207,6386000,0.0,0.0
2009-01-12 00:00:00-05:00,7.716500811858585,7.738618208640399,7.487954690931799,7.581339359283447,3714000,0.0,0.0
2009-01-13 00:00:00-05:00,7.4314323008191385,7.672265644340481,7.121789229694017,7.281525611877441,11997600,0.0,0.0
2009-01-14 00:00:00-05:00,7.217630598950055,7.217630598950055,6.706473953864087,6.846550464630127,11250400,0.0,0.0
2009-01-15 00:00:00-05:00,6.915360798680508,7.062809953165401,6.652410048691882,6.804774284362793,11600000,0.0,0.0
2009-01-16 00:00:00-05:00,6.976797958572152,6.986628121016394,6.458269076564908,6.912903308868408,13016800,0.0,0.0
2009-01-20 00:00:00-05:00,6.851466548533626,6.969426160229274,6.364884732245971,6.4066619873046875,11439200,0.0,0.0
2009-01-21 00:00:00-05:00,6.657325153793233,6.799859227604141,6.347682068880997,6.775284290313721,9241200,0.0,0.0
2009-01-22 00:00:00-05:00,6.598346245799319,6.618006103853339,6.396832583563616,6.507419109344482,7372400,0.0,0.0
2009-01-23 00:00:00-05:00,6.367341121866978,6.775283435759957,6.367341121866978,6.657324314117432,6079200,0.0,0.0
2009-01-26 00:00:00-05:00,6.684356627254998,7.018574130508238,6.618004447159712,6.758080959320068,9273600,0.0,0.0
2009-01-27 00:00:00-05:00,6.762996696461095,6.844093657098203,6.561483065103912,6.733506679534912,7326000,0.0,0.0
2009-01-28 00:00:00-05:00,6.907988414866362,7.355250475838219,6.905530874355448,7.222546100616455,12048000,0.0,0.0
2009-01-29 00:00:00-05:00,7.161109002937653,7.161109002937653,6.740879418335043,6.782656669616699,8058400,0.0,0.0
2009-01-30 00:00:00-05:00,6.841636718915257,6.9006162892318414,6.512333766435023,6.539366245269775,6169200,0.0,0.0
2009-02-02 00:00:00-05:00,6.512333516884619,6.600803103333351,6.377172065346114,6.546738147735596,9271200,0.0,0.0
2009-02-03 00:00:00-05:00,6.681900226388734,7.4216030883141375,6.681900226388734,7.372453212738037,18879200,0.0,0.0
2009-02-04 00:00:00-05:00,7.377367887810203,7.453549768903086,7.109502064999048,7.207801342010498,9054800,0.0,0.0
2009-02-05 00:00:00-05:00,7.075097214321469,7.652605624505183,7.008745028637481,7.549391269683838,10538000,0.0,0.0
2009-02-06 00:00:00-05:00,7.355250645362,7.372452960606947,6.7974015921813695,7.136534690856934,29706400,0.0,0.0
2009-02-09 00:00:00-05:00,7.077554678625416,7.3626228232346556,7.065267444474028,7.107044696807861,9272400,0.0,0.0
2009-02-10 00:00:00-05:00,7.104587415429856,7.14882220995338,6.509876167483713,6.598345756530762,21502000,0.0,0.0
2009-02-11 00:00:00-05:00,6.676984771237181,6.8809559466200145,6.514790847136515,6.691729545593262,13372000,0.0,0.0
2009-02-12 00:00:00-05:00,6.615546988653224,6.669611468253644,6.445980460335353,6.654866695404053,9430000,0.0,0.0
2009-02-13 00:00:00-05:00,6.63766554820695,6.713847434827152,6.514791325845611,6.600803375244141,11282400,0.0,0.0
2009-02-17 00:00:00-05:00,6.53445027073667,6.53445027073667,6.300989093340416,6.374713897705078,10872000,0.0,0.0
2009-02-18 00:00:00-05:00,6.482842978100782,6.482842978100782,6.318191521386977,6.332936763763428,12310800,0.0,0.0
2009-02-19 00:00:00-05:00,6.460725372192842,6.507417228621631,6.310818704900799,6.372255802154541,14269200,0.0,0.0
2009-02-20 00:00:00-05:00,6.278872528431306,6.433694309941708,6.190403407724746,6.40174674987793,16829200,0.0,0.0
2009-02-23 00:00:00-05:00,6.524620581165926,6.539365824341915,6.269042459578521,6.389459133148193,16053600,0.0,0.0
2009-02-24 00:00:00-05:00,6.323107300814835,6.82689188820336,6.251840496366051,6.750709533691406,14177600,0.0,0.0
2009-02-25 00:00:00-05:00,6.75070869108908,6.935019999602853,6.664697122098303,6.9055304527282715,28096000,0.0,0.0
2009-02-26 00:00:00-05:00,6.930106467231297,7.048065610561947,6.414034629249737,7.016118049621582,32952800,0.0,0.0
2009-02-27 00:00:00-05:00,6.868668462711217,7.205343532497344,6.780198882339781,6.880955696105957,15602000,0.0,0.0
2009-03-02 00:00:00-05:00,6.762997515093566,6.871126496546325,6.6425808297975575,6.713847637176514,9213600,0.0,0.0
2009-03-03 00:00:00-05:00,6.770368997245976,7.052980064150195,6.7335068268278375,6.920275688171387,10670800,0.0,0.0
2009-03-04 00:00:00-05:00,7.060353186665604,7.522360556790641,7.035778246769082,7.377368927001953,12776800,0.0,0.0
2009-03-05 00:00:00-05:00,7.244663488613801,7.610828587239302,7.217631480478982,7.404399871826172,11576800,0.0,0.0
2009-03-06 00:00:00-05:00,7.424060222010138,7.5444773713007285,7.097214812274999,7.389655590057373,11433600,0.0,0.0
2009-03-09 00:00:00-04:00,7.311015819231262,7.745990654416364,7.298728585177509,7.5911688804626465,12861200,0.0,0.0
2009-03-10 00:00:00-04:00,7.716502442517203,8.006486202572628,7.63540546008904,7.984368801116943,17008000,0.0,0.0
2009-03-11 00:00:00-04:00,8.060549527179074,8.321043239588555,8.021229809971604,8.190796852111816,15950000,0.0,0.0
2009-03-12 00:00:00-04:00,8.289094502191586,8.348074538375839,7.890982304679474,8.32104206085205,11796400,0.0,0.0
2009-03-13 00:00:00-04:00,8.321042890888346,8.32595797251531,7.8836109381042085,8.05809211730957,13770400,0.0,0.0
2009-03-16 00:00:00-04:00,8.080208353215719,8.14656053944815,7.807427455634338,7.930301666259766,10555600,0.0,0.0
2009-03-17 00:00:00-04:00,8.031058654639509,8.345616340637207,7.905726432123903,8.345616340637207,7601200,0.0,0.0
2009-03-18 00:00:00-04:00,8.247316857140948,8.704408105630474,8.220284382441163,8.59627914428711,12249600,0.0,0.0
2009-03-19 00:00:00-04:00,8.721611882944355,8.854315317957507,8.623312139458626,8.733899116516113,9396800,0.0,0.0
2009-03-20 00:00:00-04:00,8.797793949441752,8.84694382484876,8.451288687133411,8.542215347290039,16111600,0.0,0.0
2009-03-23 00:00:00-04:00,8.814996129620388,9.100064277648926,8.601195252962958,9.100064277648926,9961600,0.0,0.0
2009-03-24 00:00:00-04:00,8.979647501478933,8.987019654101024,8.480777570870663,8.581534385681152,12135200,0.0,0.0
2009-03-25 00:00:00-04:00,8.217826387377965,8.38493537902832,7.866406090594639,8.38493537902832,14339600,0.0,0.0
2009-03-26 00:00:00-04:00,8.46603409973413,8.817454450333141,8.416884223347486,8.775676727294922,9382800,0.0,0.0
2009-03-27 00:00:00-04:00,8.64788776176917,8.662633006498417,8.27189292700493,8.375107765197754,7468800,0.0,0.0
2009-03-30 00:00:00-04:00,8.25960500907636,8.289094558641377,7.932759142180521,8.004026412963867,6936000,0.0,0.0
2009-03-31 00:00:00-04:00,8.023687017119816,8.23748789946094,7.9303023465460285,8.043346405029297,8236000,0.0,0.0
2009-04-01 00:00:00-04:00,7.682096976984855,8.08512477332736,7.372453858673221,8.033516883850098,13760000,0.0,0.0
2009-04-02 00:00:00-04:00,8.153933840349376,8.591365791789874,8.153933840349376,8.39231014251709,9072000,0.0,0.0
2009-04-03 00:00:00-04:00,8.387394331457413,9.161501337611332,8.387394331457413,9.15904426574707,14236000,0.0,0.0
2009-04-06 00:00:00-04:00,9.004221632409752,9.10989352417568,8.768303382751037,8.9649019241333,6131600,0.0,0.0
2009-04-07 00:00:00-04:00,9.023882082701654,9.220480626860075,8.90346494708573,8.999306678771973,8107200,0.0,0.0
2009-04-08 00:00:00-04:00,9.122180103292665,9.301576318034497,9.058285933469765,9.186075210571289,6921200,0.0,0.0
2009-04-09 00:00:00-04:00,8.935413743737499,9.213109753225472,8.785507040054116,9.19099235534668,9401600,0.0,0.0
2009-04-13 00:00:00-04:00,9.485890087057735,9.569444600128348,9.301578743883379,9.39987850189209,10804000,0.0,0.0
2009-04-14 00:00:00-04:00,9.304035639656435,9.57927361669397,9.257342838336665,9.318779945373535,8170800,0.0,0.0
2009-04-15 00:00:00-04:00,9.247512150742294,9.254884302434586,9.02633822541642,9.181159973144531,3706800,0.0,0.0
2009-04-16 00:00:00-04:00,9.296664628821397,9.358101743405342,8.977190883020107,9.294206619262695,5596800,0.0,0.0
2009-04-17 00:00:00-04:00,9.279461019568418,9.53258255944869,9.2745468755508,9.419538497924805,5581600,0.0,0.0
2009-04-20 00:00:00-04:00,9.21556531213947,9.21556531213947,8.873975174562425,9.082860946655273,8122000,0.0,0.0
2009-04-21 00:00:00-04:00,9.036170318057618,9.544869517619622,9.031255236726594,9.53258228302002,8006800,0.0,0.0
2009-04-22 00:00:00-04:00,9.50309204856203,10.014249271154403,9.382675833835128,9.829937934875488,9872800,0.0,0.0
2009-04-23 00:00:00-04:00,9.734096363643587,9.748840670837115,9.350728439860656,9.652998924255371,10166000,0.0,0.0
2009-04-24 00:00:00-04:00,9.736553134634786,9.9478969474628,9.623509074851963,9.87171459197998,8279200,0.0,0.0
2009-04-27 00:00:00-04:00,9.704605485755591,10.112547824090141,9.598933590513285,9.989673614501953,7833600,0.0,0.0
2009-04-28 00:00:00-04:00,9.86680028617644,10.053568688951321,9.790617931943368,9.972472190856934,4861600,0.0,0.0
2009-04-29 00:00:00-04:00,10.001961451895406,10.309146994413963,9.9503545057417,10.191187858581543,5509200,0.0,0.0
2009-04-30 00:00:00-04:00,10.314061927260294,10.586842835086793,10.242794657431487,10.520490646362305,10798400,0.0,0.0
2009-05-01 00:00:00-04:00,10.360754434269364,10.505746054745373,10.115005988544327,10.176443099975586,5610400,0.0,0.0
2009-05-04 00:00:00-04:00,10.314061592892795,10.722003936767578,10.314061592892795,10.722003936767578,8832000,0.0,0.0
2009-05-05 00:00:00-04:00,10.717090515452837,11.058680725652248,10.59667335729288,11.034106254577637,11621600,0.0,0.0
2009-05-06 00:00:00-04:00,11.085711425836594,11.179096088342417,10.697428470519002,10.780982971191406,8181600,0.0,0.0
2009-05-07 00:00:00-04:00,10.894029710272209,10.894029710272209,10.068314732519594,10.119921684265137,10184400,0.0,0.0
2009-05-08 00:00:00-04:00,10.259996169268822,10.387785455608302,9.98967329188717,10.085515022277832,6892400,0.0,0.0
2009-05-11 00:00:00-04:00,9.886458810231847,10.301773301964948,9.876628648456244,10.142037391662598,6630800,0.0,0.0
2009-05-12 00:00:00-04:00,10.25508411862721,10.269829365142483,9.920866030596237,10.043740272521973,5507200,0.0,0.0
2009-05-13 00:00:00-04:00,9.906121767830461,9.938068395912076,9.503093464967511,9.586647987365723,6796800,0.0,0.0
2009-05-14 00:00:00-04:00,9.62350792814014,9.866799272336275,9.51783603431772,9.773414611816406,6876800,0.0,0.0
2009-05-15 00:00:00-04:00,9.829938521694762,10.070771902981566,9.75621417027325,9.879088401794434,5811200,0.0,0.0
2009-05-18 00:00:00-04:00,9.960184539085809,10.188730676266758,9.77341612655546,9.928237915039062,7121200,0.0,0.0
2009-05-19 00:00:00-04:00,9.91103465884809,10.196102800925564,9.8029047493821,10.08060073852539,9710800,0.0,0.0
2009-05-20 00:00:00-04:00,10.151868428910682,10.333721750162818,9.83730978715536,9.896289825439453,7206000,0.0,0.0
2009-05-21 00:00:00-04:00,9.87171344629416,9.930693478767386,9.638253200454496,9.743925094604492,14368400,0.0,0.0
2009-05-22 00:00:00-04:00,8.915751892858223,9.163958308538323,8.625768698028354,8.883805274963379,36521200,0.0,0.0
2009-05-26 00:00:00-04:00,8.959988956020485,9.33352674144815,8.633143979681286,9.215567588806152,11081200,0.0,0.0
2009-05-27 00:00:00-04:00,9.181159972639799,9.269629542765284,8.92312435141094,8.969816207885742,9228000,0.0,0.0
2009-05-28 00:00:00-04:00,8.989477301169934,9.377759302071329,8.920667108797495,9.281917572021484,11794400,0.0,0.0
2009-05-29 00:00:00-04:00,9.225396929372504,9.338440990052133,9.073032217198122,9.326153755187988,8586400,0.0,0.0
2009-06-01 00:00:00-04:00,9.426909910439916,9.810276860684464,9.426909910439916,9.775872230529785,8040800,0.0,0.0
2009-06-02 00:00:00-04:00,9.75129755891882,9.820106817791274,9.594018717235588,9.648082733154297,6464000,0.0,0.0
2009-06-03 00:00:00-04:00,9.594019820569352,9.662829087355025,9.41953864410228,9.652998924255371,9511200,0.0,0.0
2009-06-04 00:00:00-04:00,9.68740205157667,9.859426129252734,9.537496306164133,9.650540351867676,12475600,0.0,0.0
2009-06-05 00:00:00-04:00,9.753755074916036,9.829937427462992,9.601391307278007,9.61613655090332,11769200,0.0,0.0
2009-06-08 00:00:00-04:00,9.576815488886776,9.670199206317463,9.439196046814958,9.512920379638672,9966400,0.0,0.0
2009-06-09 00:00:00-04:00,9.586646198192845,9.820107402862691,9.515379863310052,9.726723670959473,8357600,0.0,0.0
2009-06-10 00:00:00-04:00,9.827480159845893,9.87908710532277,9.677573467069937,9.822565078735352,15254000,0.0,0.0
2009-06-11 00:00:00-04:00,9.829936021288946,10.259995722220339,9.829936021288946,10.223133087158203,10732000,0.0,0.0
2009-06-12 00:00:00-04:00,10.213303863603286,10.223133087158203,9.930692828008928,10.223133087158203,4568800,0.0,0.0
2009-06-15 00:00:00-04:00,10.075685028257206,10.124834898813038,9.8643412410862,9.984758377075195,5311600,0.0,0.0
2009-06-16 00:00:00-04:00,10.110088731214391,10.119918891917141,9.797988159820015,9.82010555267334,7053600,0.0,0.0
2009-06-17 00:00:00-04:00,9.86679966713465,10.110090083609705,9.783245164895897,9.952811241149902,5196400,0.0,0.0
2009-06-18 00:00:00-04:00,10.043737164138115,10.043737164138115,9.709519179542522,9.869256019592285,4914000,0.0,0.0
2009-06-19 00:00:00-04:00,9.888916794717627,10.009332995072787,9.756212423445723,9.807819366455078,6207200,0.0,0.0
2009-06-22 00:00:00-04:00,9.635795627749369,9.635795627749369,9.16641616821289,9.16641616821289,8435600,0.0,0.0
2009-06-23 00:00:00-04:00,9.21065061873966,9.323694666332115,8.940327733200169,9.291748046875,9307600,0.0,0.0
2009-06-24 00:00:00-04:00,9.397418169739952,9.70706070637419,9.338438147904284,9.643166542053223,8736800,0.0,0.0
2009-06-25 00:00:00-04:00,9.584188755407512,9.783245320888547,9.407249586091035,9.775872230529785,5727600,0.0,0.0
2009-06-26 00:00:00-04:00,9.729180815080795,9.766043456207068,9.463772048865811,9.562071800231934,5053600,0.0,0.0
2009-06-29 00:00:00-04:00,9.584189197416515,9.596476431973304,9.42936741712444,9.562071800231934,4187200,0.0,0.0
2009-06-30 00:00:00-04:00,9.571901000660333,9.621050871402685,9.326152584404385,9.380216598510742,7286000,0.0,0.0
2009-07-01 00:00:00-04:00,9.463772048865811,9.660371551598054,9.338440756457118,9.562071800231934,4898400,0.0,0.0
2009-07-02 00:00:00-04:00,9.426908847672664,9.525207645967507,9.284374324579868,9.377758979797363,5680400,0.0,0.0
2009-07-06 00:00:00-04:00,9.24751382225432,9.328610317895068,9.043542172312534,9.11235237121582,9790800,0.0,0.0
2009-07-07 00:00:00-04:00,9.065657861697199,9.200819287283574,8.72161068179149,8.741270065307617,10483200,0.0,0.0
2009-07-08 00:00:00-04:00,8.731439970320487,9.00176376097677,8.667545801594141,8.969816207885742,10574800,0.0,0.0
2009-07-09 00:00:00-04:00,9.05337222680088,9.166416279962373,8.957530488796314,9.048457145690918,5000800,0.0,0.0
2009-07-10 00:00:00-04:00,8.945243771824032,9.203279451549434,8.945243771824032,9.156586647033691,3561200,0.0,0.0
2009-07-13 00:00:00-04:00,9.218024477420137,9.394963671587034,9.161502443162599,9.39250659942627,6672400,0.0,0.0
2009-07-14 00:00:00-04:00,9.377758822821436,9.402333287619852,9.272086936767916,9.372843742370605,4404800,0.0,0.0
2009-07-15 00:00:00-04:00,9.566984907827681,9.800446066066055,9.44411071269756,9.756211280822754,5564400,0.0,0.0
2009-07-16 00:00:00-04:00,9.65791351012669,9.89874686897207,9.621051806578789,9.849597930908203,5177600,0.0,0.0
2009-07-17 00:00:00-04:00,9.847139113162356,10.080600299624095,9.815191556078751,10.036365509033203,4442800,0.0,0.0
2009-07-20 00:00:00-04:00,10.137122993547376,10.277199527189014,10.05602555962017,10.255082130432129,4948800,0.0,0.0
2009-07-21 00:00:00-04:00,10.255082754068166,10.321434948373854,10.149410845076435,10.27474308013916,3793200,0.0,0.0
2009-07-22 00:00:00-04:00,10.262456151888284,10.461512758939966,10.119922520415866,10.436938285827637,5087200,0.0,0.0
2009-07-23 00:00:00-04:00,10.45659552324128,10.889113285605262,10.387786262733501,10.854707717895508,6143200,0.0,0.0
2009-07-24 00:00:00-04:00,10.7195479122858,11.102915859871903,10.717090840086303,11.090628623962402,7548800,0.0,0.0
2009-07-27 00:00:00-04:00,11.070965158931147,11.090625480779243,10.889111869114965,10.945633888244629,4354000,0.0,0.0
2009-07-28 00:00:00-04:00,10.613874914256545,10.822761653251964,10.56964011952603,10.704802513122559,6452000,0.0,0.0
2009-07-29 00:00:00-04:00,10.621247525851205,10.704802030188732,10.503288391043379,10.613874435424805,4247200,0.0,0.0
2009-07-30 00:00:00-04:00,10.648281301637743,10.935806552015226,10.648281301637743,10.746580123901367,6530400,0.0,0.0
2009-07-31 00:00:00-04:00,10.766239832873799,10.85225141459963,10.626163292659772,10.650737762451172,4262400,0.0,0.0
2009-08-03 00:00:00-04:00,10.800645083591093,10.98495642994092,10.697430242158077,10.975126266479492,4036000,0.0,0.0
2009-08-04 00:00:00-04:00,10.869452682661933,11.282310110040566,10.822760819579006,11.179096221923828,5372400,0.0,0.0
2009-08-05 00:00:00-04:00,11.23316055334081,11.279853355191426,10.972667816514708,11.083253860473633,6175600,0.0,0.0
2009-08-06 00:00:00-04:00,11.070967277184609,11.188926418475567,11.02673248201851,11.149606704711914,5321200,0.0,0.0
2009-08-07 00:00:00-04:00,11.304427538669627,11.60669798862196,11.279853071176595,11.483823776245117,9013200,0.0,0.0
2009-08-10 00:00:00-04:00,11.49856940155299,11.591953131096282,11.242990806321517,11.25282096862793,5284400,0.0,0.0
2009-08-11 00:00:00-04:00,11.252821854680189,11.304428804668596,10.97266876907918,11.007073402404785,3484800,0.0,0.0
2009-08-12 00:00:00-04:00,11.110286221623705,11.918798775950805,11.107829149820581,11.822957038879395,17748000,0.0,0.0
2009-08-13 00:00:00-04:00,11.815584917778486,11.904053564766642,11.626358514930084,11.79346752166748,9337200,0.0,0.0
2009-08-14 00:00:00-04:00,11.80084010690867,11.872107378928073,11.503484721876408,11.579666137695312,4784400,0.0,0.0
2009-08-17 00:00:00-04:00,11.449419144140926,11.449419144140926,11.021816472687222,11.043933868408203,6581600,0.0,0.0
2009-08-18 00:00:00-04:00,11.100455717426653,11.12011604106922,10.751493409873556,10.8866548538208,10066800,0.0,0.0
2009-08-19 00:00:00-04:00,10.75395048565872,11.110285883440149,10.660566760688779,11.068509101867676,8926400,0.0,0.0
2009-08-20 00:00:00-04:00,11.117659193677369,11.459249355485131,11.095541797861106,11.348662376403809,16437200,0.0,0.0
2009-08-21 00:00:00-04:00,12.692905785022127,13.255668932942777,12.61672344023674,13.189316749572754,38198800,0.0,0.0
2009-08-24 00:00:00-04:00,13.319565298983258,13.516163858525177,12.828068431400526,12.970602035522461,17554000,0.0,0.0
2009-08-25 00:00:00-04:00,12.629011973778889,13.022210033781802,12.629011973778889,12.852643013000488,12275600,0.0,0.0
2009-08-26 00:00:00-04:00,12.862472334043439,13.024666253666334,12.749428285887808,12.992718696594238,5698800,0.0,0.0
2009-08-27 00:00:00-04:00,12.96814419729539,12.985346511647721,12.717480697146783,12.946026802062988,7769200,0.0,0.0
2009-08-28 00:00:00-04:00,12.970601281788396,13.127880120282306,12.766630581071551,12.840354919433594,7386000,0.0,0.0
2009-08-31 00:00:00-04:00,12.729768814823895,12.77154653647844,12.601979515433362,12.746971130371094,6858000,0.0,0.0
2009-09-01 00:00:00-04:00,12.656044085414011,12.997634251512832,12.474189835589621,12.567574501037598,9772800,0.0,0.0
2009-09-02 00:00:00-04:00,12.508595788097558,12.72485373716746,12.501222697535345,12.67078971862793,5473200,0.0,0.0
2009-09-03 00:00:00-04:00,12.793662871063994,12.891961674964538,12.594606316672493,12.86492919921875,6490800,0.0,0.0
2009-09-04 00:00:00-04:00,12.852642109930526,13.034496352240764,12.825609633881832,12.975516319274902,5768400,0.0,0.0
2009-09-08 00:00:00-04:00,13.044328263549243,13.381003379821777,13.002550539291688,13.381003379821777,7606800,0.0,0.0
2009-09-09 00:00:00-04:00,13.422778108825026,13.739793787842126,13.280244516196564,13.634121894836426,8786400,0.0,0.0
2009-09-10 00:00:00-04:00,13.688187428011286,13.86512565612793,13.51616334342202,13.86512565612793,8985200,0.0,0.0
2009-09-11 00:00:00-04:00,13.941308145449181,14.508987349068496,13.941308145449181,14.233748435974121,13307600,0.0,0.0
2009-09-14 00:00:00-04:00,14.137907529774669,14.233749271900733,13.963426361419224,14.123163223266602,6185600,0.0,0.0
2009-09-15 00:00:00-04:00,14.039608726812098,14.191972498069957,13.889702027488891,13.941308975219727,11738800,0.0,0.0
2009-09-16 00:00:00-04:00,14.039607782676265,14.113332122684774,13.872498778680528,14.093671798706055,8409600,0.0,0.0
2009-09-17 00:00:00-04:00,14.088758728569031,14.462295538065474,14.019948526856808,14.386114120483398,11329200,0.0,0.0
2009-09-18 00:00:00-04:00,14.454920972178304,14.516358072854835,14.273067679150989,14.295184135437012,8385600,0.0,0.0
2009-09-21 00:00:00-04:00,14.228833532439493,14.42297406685376,13.911817853682921,14.02731990814209,6847200,0.0,0.0
2009-09-22 00:00:00-04:00,14.096130879744479,14.19688770415695,13.9511392604723,13.975713729858398,5684000,0.0,0.0
2009-09-23 00:00:00-04:00,14.071555399244401,14.452466234926451,13.985543819387372,14.140365600585938,6104000,0.0,0.0
2009-09-24 00:00:00-04:00,14.209174227638092,14.231291623960907,13.771742319760092,13.786486625671387,4341600,0.0,0.0
2009-09-25 00:00:00-04:00,13.786485261809883,13.823347897853136,13.45226821565353,13.53090763092041,7042400,0.0,0.0
2009-09-28 00:00:00-04:00,13.602175852677066,14.123163223266602,13.57760138352635,14.123163223266602,7802800,0.0,0.0
2009-09-29 00:00:00-04:00,14.105960896202419,14.206717719570038,13.953596187729698,14.046980857849121,4662400,0.0,0.0
2009-09-30 00:00:00-04:00,14.039608362986861,14.184599977227519,13.761912368772203,13.990458488464355,7105600,0.0,0.0
2009-10-01 00:00:00-04:00,13.91427588243729,13.995373314539476,13.405576705932617,13.405576705932617,6195600,0.0,0.0
2009-10-02 00:00:00-04:00,13.39329011280965,13.516164334028089,13.285161135621554,13.395747184753418,5442800,0.0,0.0
2009-10-05 00:00:00-04:00,13.439980994365902,13.926562762234393,13.341682187069065,13.86512565612793,6024000,0.0,0.0
2009-10-06 00:00:00-04:00,14.000287967206969,14.496699894477633,13.921648546793383,14.393485069274902,10616400,0.0,0.0
2009-10-07 00:00:00-04:00,14.391029375594881,14.597458108311919,14.164940317163872,14.361538887023926,4888000,0.0,0.0
2009-10-08 00:00:00-04:00,14.481955587954435,15.010315106884862,14.481955587954435,14.833375930786133,9443600,0.0,0.0
2009-10-09 00:00:00-04:00,14.865322955232468,14.985739161054811,14.74244874013285,14.983282089233398,4623600,0.0,0.0
2009-10-12 00:00:00-04:00,15.025058916996793,15.310127059376022,14.988197214830986,15.106156349182129,6277200,0.0,0.0
2009-10-13 00:00:00-04:00,15.066836874557788,15.184796010763057,14.936589566648236,15.022602081298828,4379600,0.0,0.0
2009-10-14 00:00:00-04:00,15.337160734192594,15.393682765224382,15.15530646862672,15.356821060180664,5788800,0.0,0.0
2009-10-15 00:00:00-04:00,15.236401509670392,15.477234840393066,15.115984375581156,15.477234840393066,4492800,0.0,0.0
2009-10-16 00:00:00-04:00,15.118443301278171,15.418256681405719,15.086495743365601,15.324872016906738,4043200,0.0,0.0
2009-10-19 00:00:00-04:00,15.310126417137573,15.573077152204554,15.297839183597736,15.450202941894531,2712400,0.0,0.0
2009-10-20 00:00:00-04:00,15.496895912680897,15.496895912680897,15.135645430399766,15.27326488494873,3811200,0.0,0.0
2009-10-21 00:00:00-04:00,15.359278200895327,15.97364932893114,15.260978445427218,15.602569580078125,8800400,0.0,0.0
2009-10-22 00:00:00-04:00,15.605027005099169,15.605027005099169,15.184797369006402,15.401055335998535,4088800,0.0,0.0
2009-10-23 00:00:00-04:00,15.501812277099804,15.764763036837309,15.447747319505055,15.511641502380371,5745600,0.0,0.0
2009-10-26 00:00:00-04:00,15.57553589518955,15.607482516407046,14.97345204881356,15.093868255615234,5556400,0.0,0.0
2009-10-27 00:00:00-04:00,15.111071845642291,15.189711270704557,14.322218648211607,14.587627410888672,11323600,0.0,0.0
2009-10-28 00:00:00-04:00,14.450007314132316,14.545849050629739,14.221461202120373,14.233748435974121,6473600,0.0,0.0
2009-10-29 00:00:00-04:00,14.388571234275135,14.791598533158307,14.282899328170899,14.661352157592773,5348800,0.0,0.0
2009-10-30 00:00:00-04:00,14.744906656542538,14.744906656542538,13.89707433630016,13.946224212646484,6575200,0.0,0.0
2009-11-02 00:00:00-05:00,13.985542583873771,14.422974472713106,13.803688340083854,14.206716537475586,7226400,0.0,0.0
2009-11-03 00:00:00-05:00,14.015030568363361,14.432803024418307,13.92901900570016,14.398398399353027,5316000,0.0,0.0
2009-11-04 00:00:00-05:00,14.440177917480469,14.710501763870912,14.35416633848927,14.440177917480469,4858000,0.0,0.0
2009-11-05 00:00:00-05:00,14.624488900201328,14.980824317122662,14.570424882171578,14.899727821350098,4958800,0.0,0.0
2009-11-06 00:00:00-05:00,14.771936702121753,15.187251167051548,14.749819308281955,14.993109703063965,4342800,0.0,0.0
2009-11-09 00:00:00-05:00,15.3568211288638,15.646803438837233,15.329788649237273,15.602569580078125,6860000,0.0,0.0
2009-11-10 00:00:00-05:00,15.565704506116338,15.963816672412444,15.506724474556718,15.646800994873047,6348000,0.0,0.0
2009-11-11 00:00:00-05:00,15.877806913686106,15.899923373405459,15.445289132804593,15.612398147583008,7156000,0.0,0.0
2009-11-12 00:00:00-05:00,15.661547462843744,15.826199399802624,15.418257040077231,15.457576751708984,5544800,0.0,0.0
2009-11-13 00:00:00-05:00,15.880262135471737,16.256256883993647,15.56324647742681,16.251340866088867,9561600,0.0,0.0
2009-11-16 00:00:00-05:00,16.29803920366108,16.64208745243905,16.285751029632106,16.428285598754883,9481200,0.0,0.0
2009-11-17 00:00:00-05:00,16.516753286555367,16.51921129605853,15.85077520450289,16.12355613708496,16605200,0.0,0.0
2009-11-18 00:00:00-05:00,15.661546737936305,15.84831512517844,15.182337130104006,15.632057189941406,24278000,0.0,0.0
2009-11-19 00:00:00-05:00,15.570620237610274,15.570620237610274,15.199539593753974,15.378936767578125,6750400,0.0,0.0
2009-11-20 00:00:00-05:00,15.253605337781996,15.415799267940178,15.17496591330869,15.374022483825684,5699200,0.0,0.0
2009-11-23 00:00:00-05:00,15.546044408852033,15.909751952626262,15.484607304752553,15.850772857666016,7001200,0.0,0.0
2009-11-24 00:00:00-05:00,15.995764123735013,16.09897988742886,15.75001569811368,16.081777572631836,7437600,0.0,0.0
2009-11-25 00:00:00-05:00,16.012967968024128,16.108809701956087,15.867975425081129,15.995763778686523,3604800,0.0,0.0
2009-11-27 00:00:00-05:00,15.21428662873861,15.764763573804762,15.076667158108084,15.54358959197998,4867200,0.0,0.0
2009-11-30 00:00:00-05:00,15.44283266929974,15.467407139371153,15.21920161680849,15.403512954711914,5756000,0.0,0.0
2009-12-01 00:00:00-05:00,15.401055165039661,15.863063458588437,15.329788825833054,15.806540489196777,4322400,0.0,0.0
2009-12-02 00:00:00-05:00,15.762302133520658,16.03262499695222,15.75001396362816,15.904836654663086,3537200,0.0,0.0
2009-12-03 00:00:00-05:00,15.971191022265597,16.14813020383348,15.877807287510036,15.897467613220215,3770800,0.0,0.0
2009-12-04 00:00:00-05:00,16.148128448139097,16.325067610469393,15.887635722992636,16.207107543945312,5850000,0.0,0.0
2009-12-07 00:00:00-05:00,16.251341738487085,16.28083222276441,16.07686059173062,16.187448501586914,3655600,0.0,0.0
2009-12-08 00:00:00-05:00,15.998221608224917,16.042456398382324,15.727898723890377,15.762303352355957,6942400,0.0,0.0
2009-12-09 00:00:00-05:00,15.767220814770937,15.808997599603796,15.462491399149142,15.671378135681152,4596400,0.0,0.0
2009-12-10 00:00:00-05:00,15.77704952442927,15.971191022265597,15.730358594507416,15.897467613220215,3988000,0.0,0.0
2009-12-11 00:00:00-05:00,15.94661648585644,15.94661648585644,15.295383667454653,15.546046257019043,6979200,0.0,0.0
2009-12-14 00:00:00-05:00,15.71806792165294,15.995762947211762,15.464947361866406,15.953986167907715,5395200,0.0,0.0
2009-12-15 00:00:00-05:00,15.914669034405922,16.054745566116917,15.752474168787007,15.990850448608398,3513200,0.0,0.0
2009-12-16 00:00:00-05:00,16.042456675934567,16.263630630548157,15.956445103282523,16.16533088684082,5834800,0.0,0.0
2009-12-17 00:00:00-05:00,16.098983201380737,16.11372750998137,15.877809197810857,15.944160461425781,4096400,0.0,0.0
2009-12-18 00:00:00-05:00,16.096519796694835,16.69368846872898,16.032624689320535,16.681400299072266,13851200,0.0,0.0
2009-12-21 00:00:00-05:00,16.703521400918873,17.167985792352493,16.568359011914694,17.133581161499023,8674000,0.0,0.0
2009-12-22 00:00:00-05:00,16.94681163200942,17.632449981723695,16.87800237109101,17.52186393737793,10318000,0.0,0.0
2009-12-23 00:00:00-05:00,17.524319603096263,17.915060574164187,17.401445390481847,17.84133529663086,7430400,0.0,0.0
2009-12-24 00:00:00-05:00,17.922434171458224,17.922434171458224,17.735664828255693,17.856082916259766,3073200,0.0,0.0
2009-12-28 00:00:00-05:00,17.794643695698426,18.128859816411655,17.794643695698426,18.091999053955078,6663200,0.0,0.0
2009-12-29 00:00:00-05:00,18.10428464973386,18.418842309943916,18.045305557172362,18.342660903930664,7845600,0.0,0.0
2009-12-30 00:00:00-05:00,18.249279053959516,18.249279053959516,17.90523087476793,18.190298080444336,12124000,0.0,0.0
2009-12-31 00:00:00-05:00,18.2050456756293,18.27385494183106,18.07479929675998,18.128862380981445,5436400,0.0,0.0
2010-01-04 00:00:00-05:00,18.3352910938241,18.561379206616007,18.232077199929332,18.386898040771484,7906000,0.0,0.0
2010-01-05 00:00:00-05:00,18.295967979092953,18.431130351636234,17.890484611286183,18.308256149291992,7942400,0.0,0.0
2010-01-06 00:00:00-05:00,18.36969560517346,18.431132714220865,18.180470134268642,18.27631187438965,5122400,0.0,0.0
2010-01-07 00:00:00-05:00,18.31317342972763,18.418845336843216,18.07234100182541,18.195215225219727,4840000,0.0,0.0
2010-01-08 00:00:00-05:00,18.20258584597741,18.271395105298584,18.003530220810923,18.222246170043945,5510400,0.0,0.0
2010-01-11 00:00:00-05:00,18.332831198341754,18.35740566461054,17.888027171668472,18.0993709564209,6399200,0.0,0.0
2010-01-12 00:00:00-05:00,17.31052125000201,17.322807547435662,16.77478955920392,16.782161712646484,21053200,0.0,0.0
2010-01-13 00:00:00-05:00,16.779703885555627,16.905036120176916,16.45777401565251,16.833768844604492,20649600,0.0,0.0
2010-01-14 00:00:00-05:00,16.831309023775663,17.136038419272758,16.831309023775663,17.003334045410156,10400400,0.0,0.0
2010-01-15 00:00:00-05:00,16.968928879186564,17.091803087218583,16.735466758978752,16.865713119506836,8564800,0.0,0.0
2010-01-19 00:00:00-05:00,16.85588537387235,17.17044496644672,16.747757330245804,17.079517364501953,6252800,0.0,0.0
2010-01-20 00:00:00-05:00,16.907493093302804,16.99841881439176,16.588019377548278,16.84605598449707,7260000,0.0,0.0
2010-01-21 00:00:00-05:00,16.863257288089546,17.084429366589386,16.369302437955817,16.435653686523438,8946000,0.0,0.0
2010-01-22 00:00:00-05:00,16.398792975030634,16.450399918503912,15.81636854169791,15.860603332519531,8788800,0.0,0.0
2010-01-25 00:00:00-05:00,16.091606631747883,16.123553249920867,15.597651805128763,15.759844779968262,9866800,0.0,0.0
2010-01-26 00:00:00-05:00,15.767220133355735,16.26363113587999,15.5681626305627,16.074405670166016,10367200,0.0,0.0
2010-01-27 00:00:00-05:00,16.074403199321626,16.13584029724,15.823738789864242,16.071945190429688,5947600,0.0,0.0
2010-01-28 00:00:00-05:00,16.030171247711184,16.047373563172975,15.59028038640459,15.767220497131348,5684400,0.0,0.0
2010-01-29 00:00:00-05:00,15.926955038520042,16.012968488356403,15.5313008564108,15.61731243133545,6281200,0.0,0.0
2010-02-01 00:00:00-05:00,15.732816085489777,16.042459679930438,15.641890352336516,16.017885208129883,5632000,0.0,0.0
2010-02-02 00:00:00-05:00,16.035084676783843,16.11372409752026,15.750015604794521,15.988391876220703,4664400,0.0,0.0
2010-02-03 00:00:00-05:00,15.92450104615317,16.27592142089578,15.826201286626404,16.126014709472656,4725600,0.0,0.0
2010-02-04 00:00:00-05:00,15.934328119665743,15.995765230321293,15.194626657309437,15.34207534790039,11797200,0.0,0.0
2010-02-05 00:00:00-05:00,15.356820283255269,15.3592773551515,14.818630604758988,15.256063461303711,12440800,0.0,0.0
2010-02-08 00:00:00-05:00,15.258520829195312,15.491982037013637,15.047177018695692,15.26589298248291,5062400,0.0,0.0
2010-02-09 00:00:00-05:00,15.403509255873745,15.949070985048273,15.403509255873745,15.890091896057129,9099200,0.0,0.0
2010-02-10 00:00:00-05:00,15.919583431288775,15.949073918664439,15.735272103742371,15.907297134399414,6855200,0.0,0.0
2010-02-11 00:00:00-05:00,15.917123013554408,16.24642684389839,15.683662783951464,16.209564208984375,6448800,0.0,0.0
2010-02-12 00:00:00-05:00,16.079319216549464,16.135842178184244,15.774591700327635,15.995763778686523,8150000,0.0,0.0
2010-02-16 00:00:00-05:00,16.08914796231389,16.32998034308106,16.049827318565747,16.268543243408203,5511200,0.0,0.0
2010-02-17 00:00:00-05:00,16.275918898880583,16.543783780299577,16.275918898880583,16.41107940673828,6672400,0.0,0.0
2010-02-18 00:00:00-05:00,16.627338296319834,16.94189596067545,16.570815337141134,16.82147789001465,8361600,0.0,0.0
2010-02-19 00:00:00-05:00,16.74038358379562,17.077057730080742,16.71580724107584,16.936981201171875,7196800,0.0,0.0
2010-02-22 00:00:00-05:00,17.03282196516684,17.08688691620349,16.882915282714894,16.96647071838379,5123600,0.0,0.0
2010-02-23 00:00:00-05:00,16.8902888273465,17.052481800909504,16.686317199687238,16.76987075805664,5597200,0.0,0.0
2010-02-24 00:00:00-05:00,16.78953273447523,17.207304317298913,16.73300977037211,17.06477165222168,10460400,0.0,0.0
2010-02-25 00:00:00-05:00,16.914865852476225,16.917321986979992,15.91712589477954,16.71335220336914,19942400,0.0,0.0
2010-02-26 00:00:00-05:00,16.529039446903035,16.728095069452287,16.34227012055005,16.698604583740234,10079600,0.0,0.0
2010-03-01 00:00:00-05:00,16.64699711195704,17.543979201949742,16.59293216065549,17.42356300354004,10422000,0.0,0.0
2010-03-02 00:00:00-05:00,17.396527332970777,17.779894190104002,17.35720669382313,17.65456199645996,8080800,0.0,0.0
2010-03-03 00:00:00-05:00,17.68651452588233,17.762695937999347,17.322806030303887,17.342466354370117,5988000,0.0,0.0
2010-03-04 00:00:00-05:00,17.37441163382675,17.43093459242676,17.202388498803337,17.421104431152344,5519200,0.0,0.0
2010-03-05 00:00:00-05:00,17.49728845053635,17.93717838997657,17.49728845053635,17.762697219848633,6999200,0.0,0.0
2010-03-08 00:00:00-05:00,17.772524456723936,18.091998131069584,17.72337552601454,17.927345275878906,5848800,0.0,0.0
2010-03-09 00:00:00-05:00,17.711087770212153,18.234531206667526,17.664394972507836,18.10674285888672,9360000,0.0,0.0
2010-03-10 00:00:00-05:00,18.099372355288587,18.529432110421457,18.09200020232933,18.477825164794922,8216000,0.0,0.0
2010-03-11 00:00:00-05:00,18.384437046771772,18.554004041293013,18.32299994729729,18.534343719482422,6578000,0.0,0.0
2010-03-12 00:00:00-05:00,18.61298586152837,18.770264709256082,18.45816502311533,18.605613708496094,4140400,0.0,0.0
2010-03-15 00:00:00-04:00,18.531889929755962,18.617901504918553,18.320546130835474,18.578580856323242,5657200,0.0,0.0
2010-03-16 00:00:00-04:00,18.54909350404555,18.94474677665349,18.534347322365363,18.84644889831543,7889200,0.0,0.0
2010-03-17 00:00:00-04:00,18.89559485953388,19.04304352871487,18.757976351619828,18.858732223510742,5502800,0.0,0.0
2010-03-18 00:00:00-04:00,18.846447740600606,19.033215197899494,18.785010632957402,18.9005126953125,5493600,0.0,0.0
2010-03-19 00:00:00-04:00,18.681795120239258,19.045503627374817,18.58841139032488,18.681795120239258,6185600,0.0,0.0
2010-03-22 00:00:00-04:00,18.36477814478266,19.16346041815909,18.330371645011002,19.047958374023438,6491600,0.0,0.0
2010-03-23 00:00:00-04:00,19.084824992932983,19.11431360616424,18.78746772683107,18.94720458984375,4934800,0.0,0.0
2010-03-24 00:00:00-04:00,18.821873727888903,18.97423844867605,18.66459486284306,18.716203689575195,4733600,0.0,0.0
2010-03-25 00:00:00-04:00,18.843989135547567,19.0602470726462,18.66459196194008,18.66950798034668,5840800,0.0,0.0
2010-03-26 00:00:00-04:00,18.7260278237732,18.750604164350392,18.34020290059685,18.418842315673828,4206400,0.0,0.0
2010-03-29 00:00:00-04:00,18.482740819552994,18.536805778890038,18.298429480855923,18.374610900878906,4227200,0.0,0.0
2010-03-30 00:00:00-04:00,18.480280144478368,18.79975383543738,18.374608250537616,18.531888961791992,7784000,0.0,0.0
2010-03-31 00:00:00-04:00,18.502398655916473,18.558919742227253,18.256650237389085,18.295969009399414,4547200,0.0,0.0
2010-04-01 00:00:00-04:00,18.460621261667992,18.701453653876268,18.352491361135215,18.56383514404297,4212800,0.0,0.0
2010-04-05 00:00:00-04:00,18.654764727503352,18.910341451716775,18.647390699477388,18.885766983032227,3449200,0.0,0.0
2010-04-06 00:00:00-04:00,18.777639895899206,19.522257396694652,18.70882875522446,19.372350692749023,9928800,0.0,0.0
2010-04-07 00:00:00-04:00,19.36497675809901,19.36497675809901,18.843989418952564,18.96686363220215,7023600,0.0,0.0
2010-04-08 00:00:00-04:00,18.851364124908805,19.19295433401321,18.716203596975728,19.156091690063477,6352800,0.0,0.0
2010-04-09 00:00:00-04:00,19.30599433691053,19.63284016960383,19.023385167575334,19.603349685668945,7682400,0.0,0.0
2010-04-12 00:00:00-04:00,19.657419402631152,19.96214885245819,19.53454516880438,19.78520965576172,9838000,0.0,0.0
2010-04-13 00:00:00-04:00,19.748348294545664,19.824529724499257,19.58123925068039,19.76555061340332,5231600,0.0,0.0
2010-04-14 00:00:00-04:00,20.134171160456336,20.635498237811667,20.06781990201622,20.610923767089844,8835600,0.0,0.0
2010-04-15 00:00:00-04:00,20.6404122609709,20.738712018193773,20.424154295010123,20.576519012451172,5531600,0.0,0.0
2010-04-16 00:00:00-04:00,20.55440018263694,20.868957898262785,20.402035468856724,20.51508140563965,9941200,0.0,0.0
2010-04-19 00:00:00-04:00,20.404493277845603,20.60600692962044,19.90562422984887,20.31110954284668,7141600,0.0,0.0
2010-04-20 00:00:00-04:00,20.53965217102218,20.795230737599088,20.404489798102624,20.760826110839844,4295200,0.0,0.0
2010-04-21 00:00:00-04:00,20.849294634694562,20.93530807989882,20.630578695274004,20.908275604248047,6288800,0.0,0.0
2010-04-22 00:00:00-04:00,20.85175295047045,21.97482314886608,20.642867169570223,21.797883987426758,10038800,0.0,0.0
2010-04-23 00:00:00-04:00,21.74627766921046,21.915844682946336,21.257238826952946,21.66518211364746,6087600,0.0,0.0
2010-04-26 00:00:00-04:00,21.785599412871626,21.99448521027738,21.67255535633336,21.746278762817383,3881600,0.0,0.0
2010-04-27 00:00:00-04:00,21.91830213786246,21.91830213786246,21.02132003159522,21.087671279907227,5118400,0.0,0.0
2010-04-28 00:00:00-04:00,21.244953729605573,21.247411739193943,20.841926403063013,21.17123031616211,5870800,0.0,0.0
2010-04-29 00:00:00-04:00,21.338337026858,21.71187382249865,21.2056326471811,21.660266876220703,4074400,0.0,0.0
2010-04-30 00:00:00-04:00,21.724162436159588,21.724162436159588,21.011491586319604,21.03606605529785,4456800,0.0,0.0
2010-05-03 00:00:00-04:00,21.15402533648592,21.692213124062796,21.07292790448402,21.557052612304688,4634000,0.0,0.0
2010-05-04 00:00:00-04:00,21.871606707911276,21.94287396599384,20.969710566676145,21.27935218811035,9104800,0.0,0.0
2010-05-05 00:00:00-04:00,21.011489615536533,21.242493727070876,20.797687818164643,20.94268035888672,7292400,0.0,0.0
2010-05-06 00:00:00-04:00,20.88124623290099,21.16877147130051,18.676882322014198,19.88105010986328,16295200,0.0,0.0
2010-05-07 00:00:00-04:00,19.89825013161658,20.00146401940837,18.721114959195894,19.050416946411133,13885600,0.0,0.0
2010-05-10 00:00:00-04:00,20.26686823377097,21.031145809180046,20.190686839569256,21.0090274810791,11520800,0.0,0.0
2010-05-11 00:00:00-04:00,20.6330376902705,21.60128709188736,20.60109106975296,21.183513641357422,10001200,0.0,0.0
2010-05-12 00:00:00-04:00,21.340792330076827,21.7634799211228,21.340792330076827,21.72416114807129,9828400,0.0,0.0
2010-05-13 00:00:00-04:00,21.724163154997125,22.07803964479938,21.240038412967913,21.301475524902344,11328400,0.0,0.0
2010-05-14 00:00:00-04:00,21.139276946412846,21.200714047585173,20.468384851561506,20.819805145263672,7905200,0.0,0.0
2010-05-17 00:00:00-04:00,21.01640485655708,21.32604840256502,20.27424542475742,20.947595596313477,6710000,0.0,0.0
2010-05-18 00:00:00-04:00,21.38011265050739,21.54476364277962,20.490502690541067,20.682188034057617,7692800,0.0,0.0
2010-05-19 00:00:00-04:00,20.36025558372919,20.578971520679577,19.600893889692568,20.053070068359375,10582400,0.0,0.0
2010-05-20 00:00:00-04:00,19.38463470696492,19.971973281145672,19.141344295985395,19.421497344970703,17455600,0.0,0.0
2010-05-21 00:00:00-04:00,18.170637614103025,20.660068274719816,18.163265461959796,20.456096649169922,43596800,0.0,0.0
2010-05-24 00:00:00-04:00,20.232467524951257,20.89352948858388,20.180860582617143,20.198062896728516,9276000,0.0,0.0
2010-05-25 00:00:00-04:00,19.664789723395618,20.21280958013433,19.36497819573477,20.183319091796875,11385600,0.0,0.0
2010-05-26 00:00:00-04:00,20.338140021280367,21.0827574433076,20.264414744383703,20.581430435180664,12684800,0.0,0.0
2010-05-27 00:00:00-04:00,21.0532677368754,21.38011360168457,20.982000466547042,21.38011360168457,10038000,0.0,0.0
2010-05-28 00:00:00-04:00,21.200715176929254,21.502986555759914,20.9770850917034,21.264610290527344,9415600,0.0,0.0
2010-06-01 00:00:00-04:00,20.719051067134952,21.372742839284605,20.719051067134952,20.86158561706543,8402400,0.0,0.0
2010-06-02 00:00:00-04:00,21.117160689016053,21.733989715576172,20.832091636931626,21.733989715576172,7461600,0.0,0.0
2010-06-03 00:00:00-04:00,21.969910518823692,23.537784863069188,21.937962022250414,23.39525032043457,26548800,0.0,0.0
2010-06-04 00:00:00-04:00,22.731729349014504,23.67786041180196,21.807714744554964,22.028888702392578,25813600,0.0,0.0
2010-06-07 00:00:00-04:00,22.137017551192553,22.4835218394791,21.532476678613275,21.601285934448242,10798400,0.0,0.0
2010-06-08 00:00:00-04:00,21.896188885500372,22.053467760498528,21.22775272930217,21.625865936279297,14485600,0.0,0.0
2010-06-09 00:00:00-04:00,21.910930475981118,22.59165278836391,21.76593793025703,21.876523971557617,9701200,0.0,0.0
2010-06-10 00:00:00-04:00,22.45157583215179,22.768591519378326,22.20091139345562,22.712068557739258,9740000,0.0,0.0
2010-06-11 00:00:00-04:00,22.23777689438511,23.805653217939284,22.23777689438511,23.749130249023438,14185600,0.0,0.0
2010-06-14 00:00:00-04:00,23.825309354323835,23.85971398426489,22.92587108243217,22.97747802734375,15007600,0.0,0.0
2010-06-15 00:00:00-04:00,23.176533403149236,23.498465115413843,22.960275463731413,23.34855842590332,13090400,0.0,0.0
2010-06-16 00:00:00-04:00,23.154417942795636,23.36330373843935,22.886551172568083,23.18390655517578,10197200,0.0,0.0
2010-06-17 00:00:00-04:00,23.338727714208012,23.98013123948914,23.18144887562453,23.862171173095703,14103200,0.0,0.0
2010-06-18 00:00:00-04:00,23.808106053979163,23.83759653909881,23.432111274533877,23.523038864135742,10055600,0.0,0.0
2010-06-21 00:00:00-04:00,23.93589433191992,24.06859869178349,23.240425915841232,23.446855545043945,11048400,0.0,0.0
2010-06-22 00:00:00-04:00,23.321527238461943,23.545157343020627,22.4442053861389,22.58428192138672,13329600,0.0,0.0
2010-06-23 00:00:00-04:00,22.793166208498032,23.05120280233249,22.304127372234365,22.839859008789062,11338400,0.0,0.0
2010-06-24 00:00:00-04:00,22.979937101653274,23.011883723818684,22.213201295477294,22.37293815612793,11480400,0.0,0.0
2010-06-25 00:00:00-04:00,22.562157606161428,22.603936254654005,22.038714244760218,22.515466690063477,8297200,0.0,0.0
2010-06-28 00:00:00-04:00,22.58182196809686,22.689951871931456,22.331159406830405,22.431915283203125,6393200,0.0,0.0
2010-06-29 00:00:00-04:00,22.04608927412003,22.04608927412003,20.765740304032388,20.98937225341797,15199200,0.0,0.0
2010-06-30 00:00:00-04:00,20.903360523489056,21.520189597957472,20.86158374103207,21.090129852294922,15501600,0.0,0.0
2010-07-01 00:00:00-04:00,21.050813540007756,21.53248028646939,20.547028457657948,21.39731788635254,13087200,0.0,0.0
2010-07-02 00:00:00-04:00,21.458751488587108,21.85932072943021,21.222833235552677,21.40714454650879,9820800,0.0,0.0
2010-07-06 00:00:00-04:00,21.827374216637075,22.15913420298897,21.367824004117047,21.65289306640625,10732400,0.0,0.0
2010-07-07 00:00:00-04:00,21.628318601606335,22.481065904499932,21.574253650139294,22.45648956298828,11062000,0.0,0.0
2010-07-08 00:00:00-04:00,22.8275750829027,22.874267891877132,22.141936630980553,22.50318717956543,7910800,0.0,0.0
2010-07-09 00:00:00-04:00,22.466322812326354,22.699784964392165,22.34344858752705,22.554792404174805,4437200,0.0,0.0
2010-07-12 00:00:00-04:00,22.468777085109377,22.79316490963549,22.245145133208233,22.571990966796875,4533600,0.0,0.0
2010-07-13 00:00:00-04:00,22.822657874709204,23.169162193731985,22.608856060904156,23.014341354370117,6200400,0.0,0.0
2010-07-14 00:00:00-04:00,23.336271992244214,23.697522504523004,23.193737444898108,23.52549934387207,8605200,0.0,0.0
2010-07-15 00:00:00-04:00,23.567275249221332,23.643456663962958,23.206024750433247,23.589391708374023,6092400,0.0,0.0
2010-07-16 00:00:00-04:00,23.417365741063826,23.441940206585322,22.5572463234307,22.62114143371582,7004400,0.0,0.0
2010-07-19 00:00:00-04:00,22.61622701125415,22.98976566321582,22.49826881846433,22.763675689697266,7998400,0.0,0.0
2010-07-20 00:00:00-04:00,22.25743870857722,22.92587484262873,21.982199748993647,22.884098052978516,6506800,0.0,0.0
2010-07-21 00:00:00-04:00,23.02662712525564,23.218312475450134,22.564620752140463,22.648176193237305,5971600,0.0,0.0
2010-07-22 00:00:00-04:00,23.034002085883067,23.69752212333421,22.977479119771633,23.574647903442383,6374400,0.0,0.0
2010-07-23 00:00:00-04:00,23.523038235214837,24.64856640921523,23.269917671501506,24.51831817626953,12543200,0.0,0.0
2010-07-26 00:00:00-04:00,24.57484442157227,24.941009078478384,24.297149354576764,24.5920467376709,10813600,0.0,0.0
2010-07-27 00:00:00-04:00,24.724749427092384,24.815677020185305,24.021908774838195,24.279945373535156,6792000,0.0,0.0
2010-07-28 00:00:00-04:00,24.216052079443187,24.513407473937114,23.953101317375875,24.110380172729492,4661600,0.0,0.0
2010-07-29 00:00:00-04:00,24.447053712135734,24.569927922465318,23.658199631897528,24.03173828125,6449600,0.0,0.0
2010-07-30 00:00:00-04:00,23.80073732368837,24.43722679259772,23.616425983739965,24.316808700561523,5489200,0.0,0.0
2010-08-02 00:00:00-04:00,24.845168171295725,25.186758370257536,24.58958955572144,25.044225692749023,6564400,0.0,0.0
2010-08-03 00:00:00-04:00,25.01473302152084,25.058967814106225,24.636280212715157,24.823049545288086,5140000,0.0,0.0
2010-08-04 00:00:00-04:00,24.869738717551346,25.501312065791208,24.815675641460757,25.449705123901367,5920000,0.0,0.0
2010-08-05 00:00:00-04:00,25.425130143373135,25.425130143373135,25.041763225708596,25.235904693603516,4642400,0.0,0.0
2010-08-06 00:00:00-04:00,24.92380607132301,25.16955450872492,24.545353252734653,25.147438049316406,5499600,0.0,0.0
2010-08-09 00:00:00-04:00,25.15480876773372,25.665965938354383,25.103201823812164,25.572580337524414,6108400,0.0,0.0
2010-08-10 00:00:00-04:00,25.056507104295505,25.17938130657721,24.78864224327893,24.98032569885254,7448000,0.0,0.0
2010-08-11 00:00:00-04:00,24.35858508142457,24.390531702388948,23.896576832609615,24.061229705810547,9782400,0.0,0.0
2010-08-12 00:00:00-04:00,23.518122330390714,24.034195496660075,23.370673657847295,23.825307846069336,10554000,0.0,0.0
2010-08-13 00:00:00-04:00,23.8326845904739,24.13249611303123,23.707352360812973,23.896577835083008,7770400,0.0,0.0
2010-08-16 00:00:00-04:00,23.810564885129676,23.95555743166723,23.53041182901218,23.74666976928711,7285200,0.0,0.0
2010-08-17 00:00:00-04:00,24.179188360836527,24.732122339384816,23.962930413083654,24.410192489624023,9106400,0.0,0.0
2010-08-18 00:00:00-04:00,24.45196927357996,24.547811013202054,24.075974468153003,24.410192489624023,7196000,0.0,0.0
2010-08-19 00:00:00-04:00,24.437225349058796,24.550269405893392,23.68031970773656,23.692607879638672,13326800,0.0,0.0
2010-08-20 00:00:00-04:00,25.619272177076656,27.76711279193498,25.59223970152518,27.708133697509766,42439200,0.0,0.0
2010-08-23 00:00:00-04:00,27.20926535852727,27.867871199030336,26.725140671210056,27.592632293701172,27180400,0.0,0.0
2010-08-24 00:00:00-04:00,26.648961721442262,28.052185104010906,26.614557089463556,27.84084129333496,27593200,0.0,0.0
2010-08-25 00:00:00-04:00,27.479588993473453,27.877702119621432,26.875048088893585,27.57051658630371,18384000,0.0,0.0
2010-08-26 00:00:00-04:00,27.59017449257839,27.84329694197703,26.98317746561301,26.993005752563477,13586400,0.0,0.0
2010-08-27 00:00:00-04:00,27.16257212057499,27.57297152531742,26.35651761607845,27.396034240722656,12054800,0.0,0.0
2010-08-30 00:00:00-04:00,27.074108070070906,27.592637483722804,26.80378513224533,26.828359603881836,8872800,0.0,0.0
2010-08-31 00:00:00-04:00,26.67107811301391,27.19206548507568,26.617013155782463,27.002838134765625,12160400,0.0,0.0
2010-09-01 00:00:00-04:00,27.496790013508797,28.705871765732425,27.35179934856811,28.60511589050293,20854800,0.0,0.0
2010-09-02 00:00:00-04:00,28.499447770625828,29.38905595107127,28.415892323480424,29.273555755615234,14759600,0.0,0.0
2010-09-03 00:00:00-04:00,29.430834224642467,29.846147820714755,29.086786027519704,29.39888572692871,16477200,0.0,0.0
2010-09-07 00:00:00-04:00,29.248978248563155,29.600398589692546,29.207201464106603,29.40380096435547,7971600,0.0,0.0
2010-09-08 00:00:00-04:00,29.59548456988744,29.806828377321274,29.27846885873669,29.43820571899414,8782000,0.0,0.0
2010-09-09 00:00:00-04:00,29.97147513128842,29.98130529243926,28.81400037326642,28.91230010986328,10284000,0.0,0.0
2010-09-10 00:00:00-04:00,29.123650256458596,29.334994080142174,28.63215334089901,28.855783462524414,9489600,0.0,0.0
2010-09-13 00:00:00-04:00,29.212115958764453,29.489811004084707,28.727991261461526,29.1433048248291,10162800,0.0,0.0
2010-09-14 00:00:00-04:00,28.691127630418084,29.219487100949863,28.632148535425024,28.94424819946289,11873600,0.0,0.0
2010-09-15 00:00:00-04:00,28.87298057821393,28.936875690701555,28.334792827568798,28.70587158203125,9294800,0.0,0.0
2010-09-16 00:00:00-04:00,28.59528592080649,28.92458789926838,28.492072035758277,28.7329044342041,8204000,0.0,0.0
2010-09-17 00:00:00-04:00,28.993400514334873,29.04746359385607,28.445380692024134,28.688671112060547,10694000,0.0,0.0
2010-09-20 00:00:00-04:00,28.95653588081529,30.416280175417704,28.80662919927004,30.261459350585938,16048000,0.0,0.0
2010-09-21 00:00:00-04:00,30.172993922502812,30.212314573849962,29.661836704460956,29.831403732299805,9337600,0.0,0.0
2010-09-22 00:00:00-04:00,29.821568894024132,29.85597352110299,28.9983121033602,29.167879104614258,10432800,0.0,0.0
2010-09-23 00:00:00-04:00,28.973737865687458,29.352190641446022,28.68129665830321,28.87298011779785,8086400,0.0,0.0
2010-09-24 00:00:00-04:00,29.41608723279876,29.747849123511234,29.165424651390534,29.327617645263672,10028000,0.0,0.0
2010-09-27 00:00:00-04:00,29.32024590234784,29.37922687813764,28.710790818481065,28.76239776611328,6844400,0.0,0.0
2010-09-28 00:00:00-04:00,28.968825687199786,28.998316175227597,27.931768836198085,28.204547882080078,12415200,0.0,0.0
2010-09-29 00:00:00-04:00,28.243865547170536,28.452751325945698,27.322308986475743,27.912105560302734,15104000,0.0,0.0
2010-09-30 00:00:00-04:00,28.192261121544725,28.605118572589127,27.46238796033124,27.47467613220215,13821600,0.0,0.0
2010-10-01 00:00:00-04:00,27.79168765977894,27.80643383978194,27.160114301239968,27.523822784423828,10276400,0.0,0.0
2010-10-04 00:00:00-04:00,27.4476419990344,27.767113824385373,27.002836077910345,27.54348373413086,9086400,0.0,0.0
2010-10-05 00:00:00-04:00,28.015320575212524,28.238952542919645,27.627037611998315,27.99320411682129,10483200,0.0,0.0
2010-10-06 00:00:00-04:00,28.044812522244264,28.044812522244264,24.06368668711605,25.791297912597656,64562800,0.0,0.0
2010-10-07 00:00:00-04:00,26.25084648167564,26.292623263625636,25.13269040655783,25.783924102783203,28779200,0.0,0.0
2010-10-08 00:00:00-04:00,25.77655121009236,26.248387718940567,25.289970396252528,26.017385482788086,14123600,0.0,0.0
2010-10-11 00:00:00-04:00,26.00264301472691,26.022303340796643,24.515866010301327,24.5527286529541,23921200,0.0,0.0
2010-10-12 00:00:00-04:00,24.528149483100197,26.142716546123793,24.27011476407139,25.919086456298828,25572000,0.0,0.0
2010-10-13 00:00:00-04:00,26.265589704102755,26.83326981302144,26.056703928053917,26.371261596679688,18388400,0.0,0.0
2010-10-14 00:00:00-04:00,26.42532933590524,26.526087095815615,25.81587425736138,26.38355255126953,10725600,0.0,0.0
2010-10-15 00:00:00-04:00,26.639128512137972,26.730054225577824,26.25330357629187,26.634212493896484,9300400,0.0,0.0
2010-10-18 00:00:00-04:00,26.7669190224568,26.7669190224568,25.55292303157021,25.958406448364258,13386400,0.0,0.0
2010-10-19 00:00:00-04:00,24.84271002505137,25.8945149708255,24.68543116631937,25.46691131591797,12371200,0.0,0.0
2010-10-20 00:00:00-04:00,25.683167785039277,26.00018347041986,25.115487662422126,25.66350746154785,7460800,0.0,0.0
2010-10-21 00:00:00-04:00,25.75689172148848,26.42778574402224,25.582410565424198,25.877309799194336,7202000,0.0,0.0
2010-10-22 00:00:00-04:00,25.91908600606037,26.75463100416447,25.727402539565354,26.526084899902344,6678400,0.0,0.0
2010-10-25 00:00:00-04:00,26.94140019181366,27.92930994818095,26.911911579625347,27.658987045288086,15242000,0.0,0.0
2010-10-26 00:00:00-04:00,27.442727134770138,27.71550804610517,27.11342513364814,27.48941993713379,8191600,0.0,0.0
2010-10-27 00:00:00-04:00,28.12099321881898,28.494530011428466,27.53611262417,28.275814056396484,11044800,0.0,0.0
2010-10-28 00:00:00-04:00,28.388856697754562,28.538763384181504,27.654069445782806,28.26106834411621,6473600,0.0,0.0
2010-10-29 00:00:00-04:00,28.224207754072793,28.752567271218567,28.089047238001317,28.52402114868164,6098800,0.0,0.0
2010-11-01 00:00:00-04:00,28.590371663331126,28.617404140829322,27.676189071715523,27.95388412475586,7495200,0.0,0.0
2010-11-02 00:00:00-04:00,28.081668327003634,28.504355867222067,27.789229011317385,28.366737365722656,5524000,0.0,0.0
2010-11-03 00:00:00-04:00,28.455210046611594,28.7304489545897,27.926850563619176,28.617403030395508,8425600,0.0,0.0
2010-11-04 00:00:00-04:00,28.99831521717313,29.332533237465693,27.91456372308215,28.022693634033203,12630400,0.0,0.0
2010-11-05 00:00:00-04:00,28.21191908193642,28.295472643937636,27.62949465743188,27.81134796142578,8197600,0.0,0.0
2010-11-08 00:00:00-05:00,27.990746355857283,28.602659417294458,27.646698181285608,28.138195037841797,9884400,0.0,0.0
2010-11-09 00:00:00-05:00,28.059557201161617,28.32988011255849,27.703222709990072,28.204547882080078,9503200,0.0,0.0
2010-11-10 00:00:00-05:00,28.20700276788773,29.020429421397992,28.12344920676256,28.968822479248047,10510800,0.0,0.0
2010-11-11 00:00:00-05:00,28.337250258931522,29.0204305797743,27.90473438129297,28.686214447021484,9027200,0.0,0.0
2010-11-12 00:00:00-05:00,28.403605360719034,29.037636790709204,28.17260122539429,28.26352882385254,7510400,0.0,0.0
2010-11-15 00:00:00-05:00,28.334795927942867,28.50681908625728,27.845755181612812,27.924394607543945,8118000,0.0,0.0
2010-11-16 00:00:00-05:00,27.649156007601157,27.924393045508,26.8381854496846,27.282989501953125,9161600,0.0,0.0
2010-11-17 00:00:00-05:00,27.329683724835697,27.686020086966902,26.90699610901761,27.069190979003906,9602000,0.0,0.0
2010-11-18 00:00:00-05:00,27.806432953328265,28.634603894693083,27.703219071155868,28.450292587280273,20036800,0.0,0.0
2010-11-19 00:00:00-05:00,31.062601780812887,33.74371616454243,31.062601780812887,33.603641510009766,63398800,0.0,0.0
2010-11-22 00:00:00-05:00,33.249766401026605,34.45147618476383,33.24485038202183,34.363006591796875,22693600,0.0,0.0
2010-11-23 00:00:00-05:00,33.73143038652437,35.12728351130591,33.71668607971933,35.0191535949707,25506800,0.0,0.0
2010-11-24 00:00:00-05:00,34.8495819630382,35.73919002110264,34.56205676885421,35.675296783447266,17630000,0.0,0.0
2010-11-26 00:00:00-05:00,34.97000596335814,35.98986055362946,34.97000596335814,35.83749771118164,6282400,0.0,0.0
2010-11-29 00:00:00-05:00,35.38777633146491,35.87927322495748,35.051102159366096,35.34108352661133,13376000,0.0,0.0
2010-11-30 00:00:00-05:00,34.93313771640763,35.424634574885815,34.18852027579906,34.213096618652344,23892800,0.0,0.0
2010-12-01 00:00:00-05:00,34.913481125759375,35.62860620464845,34.8766166114965,35.39760208129883,12007600,0.0,0.0
2010-12-02 00:00:00-05:00,35.44184720340247,35.75148894803168,34.98229873125231,35.146949768066406,12354800,0.0,0.0
2010-12-03 00:00:00-05:00,34.8716973350989,35.43446328512115,34.8716973350989,35.09532928466797,8988400,0.0,0.0
2010-12-06 00:00:00-05:00,35.38531495940442,35.80062662308169,34.680014471756955,35.690040588378906,10564000,0.0,0.0
2010-12-07 00:00:00-05:00,36.61651767005318,36.788540828605484,35.660556385572924,35.6925048828125,15427200,0.0,0.0
2010-12-08 00:00:00-05:00,36.638632380010144,37.01954319492855,35.879270634350355,37.004798889160156,16046400,0.0,0.0
2010-12-09 00:00:00-05:00,37.171912429841676,37.171912429841676,36.191378428953506,36.49119186401367,12301600,0.0,0.0
2010-12-10 00:00:00-05:00,36.52067565917969,36.862265839297564,36.08569987232537,36.52067565917969,9740800,0.0,0.0
2010-12-13 00:00:00-05:00,36.835230656152156,36.85243484552915,35.33370765456441,35.35828399658203,11158400,0.0,0.0
2010-12-14 00:00:00-05:00,35.39023352285312,35.54751238347461,33.42178975556836,33.500431060791016,22624000,0.0,0.0
2010-12-15 00:00:00-05:00,33.34068958102445,33.87396323266925,32.94257831800471,33.35297775268555,14452800,0.0,0.0
2010-12-16 00:00:00-05:00,33.53974628411601,34.055819511782424,33.23747675067784,33.79778289794922,8933600,0.0,0.0
2010-12-17 00:00:00-05:00,33.91327742691878,34.11233302053992,33.520078507547126,33.544654846191406,9222800,0.0,0.0
2010-12-20 00:00:00-05:00,33.61346690464757,33.66753185432649,32.44124594998806,32.981895446777344,10931200,0.0,0.0
2010-12-21 00:00:00-05:00,33.27188428276048,34.40478484810903,33.220275455565776,34.16640853881836,11824000,0.0,0.0
2010-12-22 00:00:00-05:00,33.97717805111464,34.1098843089543,33.2374765947647,33.3062858581543,10308400,0.0,0.0
2010-12-23 00:00:00-05:00,33.2276471539761,33.394754287887885,32.71403008102414,33.2841682434082,8708400,0.0,0.0
2010-12-27 00:00:00-05:00,33.23501246695678,33.2620449389171,32.56411668552966,32.9327392578125,6361600,0.0,0.0
2010-12-28 00:00:00-05:00,33.119521935502945,33.119521935502945,32.51497905698011,32.763187408447266,4158800,0.0,0.0
2010-12-29 00:00:00-05:00,32.795126868662216,33.02121497176798,32.51988983006797,32.6722526550293,5374800,0.0,0.0
2010-12-30 00:00:00-05:00,32.569041431311966,32.78284138058915,32.350325463136535,32.49777603149414,4775200,0.0,0.0
2010-12-31 00:00:00-05:00,32.36015188383383,32.48056996603819,31.863742748643165,32.43879318237305,8038800,0.0,0.0
2011-01-03 00:00:00-05:00,32.716493128256815,33.94769154216646,32.716493128256815,33.56924057006836,11284400,0.0,0.0
2011-01-04 00:00:00-05:00,34.02386823687605,34.08284920802474,32.782837957236076,33.345603942871094,9003600,0.0,0.0
2011-01-05 00:00:00-05:00,33.50779717867658,34.95771129667625,33.29890953040164,34.9454231262207,14439200,0.0,0.0
2011-01-06 00:00:00-05:00,35.427089979820785,35.55733633086386,34.753738018904876,35.2255744934082,11770400,0.0,0.0
2011-01-07 00:00:00-05:00,35.22558114366001,35.22558114366001,34.03615957193421,34.95034408569336,8480400,0.0,0.0
2011-01-10 00:00:00-05:00,34.65299095193787,35.1911807097078,34.40478634325536,35.05356216430664,6548400,0.0,0.0
2011-01-11 00:00:00-05:00,35.35582371377173,35.35582371377173,34.42198272480629,34.680015563964844,6034800,0.0,0.0
2011-01-12 00:00:00-05:00,35.12482175121345,35.237867680388014,34.46376161587289,34.80780792236328,6154400,0.0,0.0
2011-01-13 00:00:00-05:00,34.89381799535985,35.702328612241274,34.57680044738088,35.35091018676758,9465600,0.0,0.0
2011-01-14 00:00:00-05:00,35.14202648843251,36.031634630363975,35.08550539787724,35.994773864746094,7626800,0.0,0.0
2011-01-18 00:00:00-05:00,35.66547540410103,35.78588975030368,35.07322071214977,35.468875885009766,8289600,0.0,0.0
2011-01-19 00:00:00-05:00,35.549974641275575,35.59420756604852,34.114804473562295,34.61121368408203,9199200,0.0,0.0
2011-01-20 00:00:00-05:00,32.73615021570145,33.35052129455775,31.701547668985107,32.387184143066406,20682000,0.0,0.0
2011-01-21 00:00:00-05:00,32.64522285002803,33.26696612191404,32.43879505418636,32.49777603149414,9462000,0.0,0.0
2011-01-24 00:00:00-05:00,31.5147802025419,32.08983063224036,31.087176581835536,31.41402244567871,16000400,0.0,0.0
2011-01-25 00:00:00-05:00,30.87829249069216,31.313266413401514,29.98868244478184,30.465435028076172,17782400,0.0,0.0
2011-01-26 00:00:00-05:00,31.3083511934608,31.721208641887756,31.074889053776257,31.52706527709961,10467200,0.0,0.0
2011-01-27 00:00:00-05:00,31.883400760264625,32.193042413696645,31.31572064581603,31.51477813720703,8052800,0.0,0.0
2011-01-28 00:00:00-05:00,32.006274786368444,32.930287472987565,31.79738713455827,32.34294891357422,16472400,0.0,0.0
2011-01-31 00:00:00-05:00,32.3994762886015,32.54692686554211,31.556560864937207,31.7359561920166,9790400,0.0,0.0
2011-02-01 00:00:00-05:00,31.95220770453973,32.69682504925014,31.455794891458474,32.350318908691406,8712000,0.0,0.0
2011-02-02 00:00:00-05:00,32.3306622762467,33.657706024556504,32.320833989143686,33.19569778442383,10083600,0.0,0.0
2011-02-03 00:00:00-05:00,33.183404923394455,33.53973934023653,32.65995965083172,32.97206115722656,7934000,0.0,0.0
2011-02-04 00:00:00-05:00,33.24730539967147,34.087768379534126,33.01876114624866,33.900997161865234,9096000,0.0,0.0
2011-02-07 00:00:00-05:00,33.932940853314626,34.085303667349116,33.46601662510137,33.6429557800293,9052800,0.0,0.0
2011-02-08 00:00:00-05:00,33.66753324384048,33.881333167416315,33.10968328539713,33.49551010131836,8430800,0.0,0.0
2011-02-09 00:00:00-05:00,33.306283226082606,33.495510560361865,32.74843325999413,33.04087448120117,6094000,0.0,0.0
2011-02-10 00:00:00-05:00,32.72386065558914,34.00175169542084,32.512516863437575,33.9034538269043,8619600,0.0,0.0
2011-02-11 00:00:00-05:00,33.78795011346326,34.9110183930215,33.44635997484391,34.775856018066406,8576000,0.0,0.0
2011-02-14 00:00:00-05:00,34.611210032253254,35.449213128169745,34.611210032253254,34.95034408569336,7187200,0.0,0.0
2011-02-15 00:00:00-05:00,35.65564451498993,36.002150756701624,34.775864544813146,35.016700744628906,9969600,0.0,0.0
2011-02-16 00:00:00-05:00,35.080589294433594,35.2894769652931,34.78323203648136,35.080589294433594,6031600,0.0,0.0
2011-02-17 00:00:00-05:00,34.91102118943574,35.01915109806116,34.456388846126906,34.63578414916992,8726800,0.0,0.0
2011-02-18 00:00:00-05:00,34.77339920022532,35.25260783853236,34.55959928847827,35.16168212890625,7945200,0.0,0.0
2011-02-22 00:00:00-05:00,34.606292167920245,34.82254821428999,33.239927887220205,33.60609436035156,10088800,0.0,0.0
2011-02-23 00:00:00-05:00,33.58152537811316,34.082854333713094,32.030853203840934,32.77547073364258,13047600,0.0,0.0
2011-02-24 00:00:00-05:00,33.09248377074094,33.463562542109166,32.463368403467726,33.00893020629883,17460000,0.0,0.0
2011-02-25 00:00:00-05:00,35.75639380128052,36.37076482879393,33.73879769700428,34.117252349853516,31779600,0.0,0.0
2011-02-28 00:00:00-05:00,33.63067429085722,33.77074894665474,31.544268761198612,32.50514602661133,27566400,0.0,0.0
2011-03-01 00:00:00-05:00,32.600990572123145,32.65505553159854,31.269032536130727,31.468090057373047,18276400,0.0,0.0
2011-03-02 00:00:00-05:00,31.578673850730393,32.495314461972214,31.21005119877634,31.458255767822266,15532800,0.0,0.0
2011-03-03 00:00:00-05:00,31.932551931065525,32.360151803889764,31.48037571505262,31.964500427246094,13414000,0.0,0.0
2011-03-04 00:00:00-05:00,32.35032753828115,32.42650896188395,31.539356859941208,31.93992805480957,15894000,0.0,0.0
2011-03-07 00:00:00-05:00,31.69663457102493,32.18321921018737,30.772621733220245,31.460718154907227,14676400,0.0,0.0
2011-03-08 00:00:00-05:00,31.318181054088523,31.74332479529944,31.013451645747278,31.2886905670166,9297200,0.0,0.0
2011-03-09 00:00:00-05:00,31.106835976815354,31.475458613015817,30.757873664524382,31.384531021118164,8771600,0.0,0.0
2011-03-10 00:00:00-05:00,30.893034511458794,31.441054328244615,30.41136781986687,31.259199142456055,12660000,0.0,0.0
2011-03-11 00:00:00-05:00,30.71855237567002,31.772811443280766,30.716094366504706,31.423851013183594,8255200,0.0,0.0
2011-03-14 00:00:00-04:00,30.870920664885308,31.527066695137716,30.51704230034194,30.703811645507812,12072400,0.0,0.0
2011-03-15 00:00:00-04:00,29.62742989050321,31.153527403949848,29.548790468511022,30.853715896606445,11552400,0.0,0.0
2011-03-16 00:00:00-04:00,30.8143964510062,31.517237132770877,30.26392047557287,30.512126922607422,16580000,0.0,0.0
2011-03-17 00:00:00-04:00,30.93727036960418,31.02328194697594,30.00342556550913,30.062406539916992,12206000,0.0,0.0
2011-03-18 00:00:00-04:00,30.509669836126907,30.529330161715027,28.914762952299743,29.492271423339844,18676400,0.0,0.0
2011-03-21 00:00:00-04:00,29.681495149664595,31.00116489703407,29.219488775077075,30.576019287109375,13904000,0.0,0.0
2011-03-22 00:00:00-04:00,30.438400556249253,30.524412131389546,29.676580801573962,29.855976104736328,12389200,0.0,0.0
2011-03-23 00:00:00-04:00,29.713444028076804,30.182822561639004,29.24652162891592,30.010799407958984,10310800,0.0,0.0
2011-03-24 00:00:00-04:00,30.8905756801587,31.799844085257337,30.620252792824918,31.762983322143555,17210800,0.0,0.0
2011-03-25 00:00:00-04:00,31.787562953371975,32.006278920066805,31.266575573484513,31.32063865661621,11244000,0.0,0.0
2011-03-28 00:00:00-04:00,31.4385962248018,31.689258794453345,30.878290113300483,31.453340530395508,6440000,0.0,0.0
2011-03-29 00:00:00-04:00,31.232170128369077,31.809680495373655,30.99133769332675,31.308353424072266,8300400,0.0,0.0
2011-03-30 00:00:00-04:00,31.433679970956135,33.12197034491438,31.332922223065584,33.05070495605469,16511600,0.0,0.0
2011-03-31 00:00:00-04:00,32.55430261505424,32.92046921334499,32.36261909375421,32.827083587646484,10954800,0.0,0.0
2011-04-01 00:00:00-04:00,33.16620936059417,33.59135308938889,32.75335005329174,32.95977783203125,11558400,0.0,0.0
2011-04-04 00:00:00-04:00,33.077739244229534,33.13671646587775,32.468280455160105,32.95732116699219,5995600,0.0,0.0
2011-04-05 00:00:00-04:00,32.71648776384939,33.023673283303175,32.30362847579542,32.83444595336914,9096400,0.0,0.0
2011-04-06 00:00:00-04:00,32.97944176608814,33.16375310652808,31.79739230270515,32.2987174987793,10189200,0.0,0.0
2011-04-07 00:00:00-04:00,32.77547292652311,33.097402828955616,32.438798715555386,32.920467376708984,10424800,0.0,0.0
2011-04-08 00:00:00-04:00,33.058082107270884,33.36280778135841,32.807417641631375,33.09002685546875,9205200,0.0,0.0
2011-04-11 00:00:00-04:00,33.07282094463468,33.68719195991659,32.93028641911051,33.08264923095703,9428000,0.0,0.0
2011-04-12 00:00:00-04:00,32.63538854743745,32.79020749087412,32.146347877343246,32.64030456542969,9804400,0.0,0.0
2011-04-13 00:00:00-04:00,32.98189341977121,33.222725794561526,32.64030330406045,33.0236701965332,8226400,0.0,0.0
2011-04-14 00:00:00-04:00,32.71403335016586,33.02859107470024,32.438796278654245,32.68946075439453,7064400,0.0,0.0
2011-04-15 00:00:00-04:00,32.7607272872489,32.999103598416305,32.323295319293535,32.86394119262695,7830000,0.0,0.0
2011-04-18 00:00:00-04:00,32.55675047061851,32.68454070226212,32.08245780771144,32.4854850769043,8340000,0.0,0.0
2011-04-19 00:00:00-04:00,32.36998257463379,32.576410349977614,31.50494707580107,32.07754135131836,10565600,0.0,0.0
2011-04-20 00:00:00-04:00,33.126890960895366,35.00932493960474,32.95486780026921,34.91593933105469,22222400,0.0,0.0
2011-04-21 00:00:00-04:00,34.62840988750137,34.89381862437638,34.151657364771616,34.37282943725586,9527600,0.0,0.0
2011-04-25 00:00:00-04:00,34.37528779608463,34.37528779608463,33.83955432787819,34.112335205078125,7109600,0.0,0.0
2011-04-26 00:00:00-04:00,34.18114278680589,34.53502106963713,33.480762122706686,33.81743621826172,7600000,0.0,0.0
2011-04-27 00:00:00-04:00,33.74372035830688,34.22047296948736,32.876228596660546,34.1639518737793,7540400,0.0,0.0
2011-04-28 00:00:00-04:00,33.93785616852074,34.15902823268805,33.20306708897481,33.87641906738281,6931200,0.0,0.0
2011-04-29 00:00:00-04:00,33.78794910454943,34.281902042101486,33.48813575444629,34.06072998046875,5418400,0.0,0.0
2011-05-02 00:00:00-04:00,34.31139446832624,34.33105479263152,33.308740427697515,33.46847915649414,7436000,0.0,0.0
2011-05-03 00:00:00-04:00,33.4242512471168,33.49797654512312,32.38473616968335,32.846744537353516,7590800,0.0,0.0
2011-05-04 00:00:00-04:00,32.743519522404576,32.8123287772693,31.738405674900168,32.35769271850586,8614800,0.0,0.0
2011-05-05 00:00:00-04:00,31.939924325558945,32.635392845033586,31.912891847776415,32.185672760009766,7002800,0.0,0.0
2011-05-06 00:00:00-04:00,32.83444313070817,33.10968013253417,32.116858268931146,32.51742935180664,6811200,0.0,0.0
2011-05-09 00:00:00-04:00,32.583781261092035,32.780380741947695,32.11686077515516,32.61327362060547,4015600,0.0,0.0
2011-05-10 00:00:00-04:00,32.822156134185185,33.323484976656324,32.62801654556298,33.26696014404297,5544400,0.0,0.0
2011-05-11 00:00:00-04:00,33.31365149987746,33.665073651192735,32.68945223261439,33.0236701965332,4794000,0.0,0.0
2011-05-12 00:00:00-04:00,33.05316687994885,33.421789558907385,32.37244261618808,33.29645919799805,5315200,0.0,0.0
2011-05-13 00:00:00-04:00,33.36281079809949,33.812530946302495,33.10723404028815,33.153926849365234,5549600,0.0,0.0
2011-05-16 00:00:00-04:00,32.659964715627275,32.90080087593089,31.460714931933726,31.69171905517578,11210000,0.0,0.0
2011-05-17 00:00:00-04:00,31.617990989134892,32.14880844896049,31.271484834819038,31.96695327758789,11950400,0.0,0.0
2011-05-18 00:00:00-04:00,31.993987920173762,33.14654862869261,31.971871461971617,32.99172592163086,10472000,0.0,0.0
2011-05-19 00:00:00-04:00,33.392299558317596,33.773206644236424,32.81970523745996,33.37509536743164,17094000,0.0,0.0
2011-05-20 00:00:00-04:00,35.692508238560166,36.79346030662814,35.019156097692466,36.02918243408203,42194400,0.0,0.0
2011-05-23 00:00:00-04:00,35.43938379105913,36.07095532497808,35.198547622645044,35.70724868774414,15792000,0.0,0.0
2011-05-24 00:00:00-04:00,36.31916352109241,37.439779656801676,36.25527027095823,37.00971984863281,22720800,0.0,0.0
2011-05-25 00:00:00-04:00,36.50346651437658,37.321809154924324,36.44448929692505,37.09080505371094,11510400,0.0,0.0
2011-05-26 00:00:00-04:00,36.614060809431926,37.842802988755885,36.614060809431926,37.73712921142578,11574800,0.0,0.0
2011-05-27 00:00:00-04:00,37.59705912895892,37.66095238012396,37.11047446684978,37.18174362182617,9974800,0.0,0.0
2011-05-31 00:00:00-04:00,37.36113485384618,37.41765594482422,36.64354986247009,37.41765594482422,8816000,0.0,0.0
2011-06-01 00:00:00-04:00,37.0564011271607,37.363586639935775,35.68266841398812,35.82520294189453,12743600,0.0,0.0
2011-06-02 00:00:00-04:00,35.780969084576434,36.64108849766892,35.65563499878192,36.429744720458984,7535600,0.0,0.0
2011-06-03 00:00:00-04:00,35.50573127244464,36.11764619853529,35.353368449409956,35.631065368652344,7051200,0.0,0.0
2011-06-06 00:00:00-04:00,35.50573753023515,35.72691340085332,34.886454092081955,35.10025405883789,7246800,0.0,0.0
2011-06-07 00:00:00-04:00,35.21574661194174,35.33370479446686,34.62840808356672,34.90610122680664,7660400,0.0,0.0
2011-06-08 00:00:00-04:00,34.82992919286504,35.01178440845951,34.036162694066064,34.473594665527344,7897600,0.0,0.0
2011-06-09 00:00:00-04:00,34.83975879409234,35.08059122505626,34.407239122358554,34.852046966552734,7746000,0.0,0.0
2011-06-10 00:00:00-04:00,34.88644359947541,35.25997845781173,34.25732456211462,34.47850036621094,6952800,0.0,0.0
2011-06-13 00:00:00-04:00,34.54977160803513,34.628412907221765,33.613470669807505,33.69211196899414,9584400,0.0,0.0
2011-06-14 00:00:00-04:00,34.291735401917144,34.9749195096602,33.94523295406847,34.55714416503906,9129200,0.0,0.0
2011-06-15 00:00:00-04:00,34.156569796039896,34.74390829333231,33.778115178641464,34.272071838378906,12715200,0.0,0.0
2011-06-16 00:00:00-04:00,34.24504829416105,34.512913206946166,33.10231574219877,33.73634719848633,11200800,0.0,0.0
2011-06-17 00:00:00-04:00,34.267155853367285,34.49815993826573,33.97225853746786,34.28927230834961,13312000,0.0,0.0
2011-06-20 00:00:00-04:00,34.2524147344732,34.48833110919662,34.04352708513691,34.269615173339844,5276400,0.0,0.0
2011-06-21 00:00:00-04:00,34.43180981621115,35.461496252321986,34.318763897882285,35.36811065673828,8945200,0.0,0.0
2011-06-22 00:00:00-04:00,35.18871643998017,35.57699938892686,34.67510314826503,34.933135986328125,7700000,0.0,0.0
2011-06-23 00:00:00-04:00,34.407237665409,35.594203078205624,34.407237665409,35.505733489990234,8477200,0.0,0.0
2011-06-24 00:00:00-04:00,35.42955240795601,35.78097462967429,34.766032364992775,35.15185546875,11150400,0.0,0.0
2011-06-27 00:00:00-04:00,34.96263100942525,35.80309020983936,34.66527375220012,35.6556396484375,5836800,0.0,0.0
2011-06-28 00:00:00-04:00,35.724453083223516,36.37077274478052,35.58929442761223,36.21595001220703,5732800,0.0,0.0
2011-06-29 00:00:00-04:00,36.299498668067855,36.299498668067855,35.665467331170014,35.940704345703125,4934000,0.0,0.0
2011-06-30 00:00:00-04:00,36.16187513709015,36.766417843941014,36.10043803780877,36.611595153808594,7045200,0.0,0.0
2011-07-01 00:00:00-04:00,36.69269624366822,36.99005348384435,36.20365928437731,36.71235656738281,6382800,0.0,0.0
2011-07-05 00:00:00-04:00,36.76641868292499,37.90914725570572,36.483809519710896,37.83296585083008,8169200,0.0,0.0
2011-07-06 00:00:00-04:00,37.77890839837316,38.44734448642542,37.346392473678556,38.408023834228516,10210400,0.0,0.0
2011-07-07 00:00:00-04:00,38.70292393457441,39.324667200142734,38.60462230672697,38.86020278930664,9954000,0.0,0.0
2011-07-08 00:00:00-04:00,37.955849547453525,38.5702207079815,37.84526348852328,38.50141143798828,7116400,0.0,0.0
2011-07-11 00:00:00-04:00,37.995164212014316,38.42276782226971,37.27757925961874,37.45943069458008,8061600,0.0,0.0
2011-07-12 00:00:00-04:00,37.624084582168436,37.71746643183954,36.9851371905747,37.08343505859375,5363600,0.0,0.0
2011-07-13 00:00:00-04:00,37.46189647351153,37.987798036778706,37.44469228110621,37.57002639770508,5298400,0.0,0.0
2011-07-14 00:00:00-04:00,37.55527494117041,38.02711145252659,36.867178622592256,36.980220794677734,6653200,0.0,0.0
2011-07-15 00:00:00-04:00,37.427492026562184,37.97305391968038,37.1325946180771,37.94356155395508,6164400,0.0,0.0
2011-07-18 00:00:00-04:00,37.786280080388686,37.84526105794801,37.0883553868102,37.50858688354492,4457200,0.0,0.0
2011-07-19 00:00:00-04:00,37.76416410956969,39.34924087251629,37.732215610916235,39.152645111083984,8363200,0.0,0.0
2011-07-20 00:00:00-04:00,39.3369483559164,39.3369483559164,37.692890952923236,38.05168151855469,7633600,0.0,0.0
2011-07-21 00:00:00-04:00,37.8182228182768,37.953385194289574,35.943161242429184,36.147132873535156,13632000,0.0,0.0
2011-07-22 00:00:00-04:00,36.3535615502822,37.33409908467939,36.18399829229465,36.96302032470703,8096000,0.0,0.0
2011-07-25 00:00:00-04:00,36.54525888945967,37.265300151287285,36.4961061925529,36.77134704589844,4981600,0.0,0.0
2011-07-26 00:00:00-04:00,36.862268086516686,37.503671701215026,36.38551548595925,37.292327880859375,7111600,0.0,0.0
2011-07-27 00:00:00-04:00,37.14979598230442,37.15471200168459,35.64090051746495,35.7293701171875,9347600,0.0,0.0
2011-07-28 00:00:00-04:00,35.952995676234764,36.27000949763774,35.449210650133004,35.903846740722656,8042800,0.0,0.0
2011-07-29 00:00:00-04:00,35.55243144986204,35.87436135233568,34.79798558106242,35.56226348876953,7013600,0.0,0.0
2011-08-01 00:00:00-04:00,36.51084412569564,36.601769840072315,35.01914943409651,35.79571533203125,7644400,0.0,0.0
2011-08-02 00:00:00-04:00,35.52785093899076,36.510844620641876,35.18871691887766,35.20591735839844,7222800,0.0,0.0
2011-08-03 00:00:00-04:00,35.66055520515318,35.96282472730547,33.709312050305996,35.38285827636719,10394000,0.0,0.0
2011-08-04 00:00:00-04:00,35.0216110958977,35.13957305458779,33.22519048347004,33.28171157836914,10842400,0.0,0.0
2011-08-05 00:00:00-04:00,34.22783987688069,34.50062077498047,31.94237880493972,33.345603942871094,12984800,0.0,0.0
2011-08-08 00:00:00-04:00,32.51005988951389,32.91063105173187,30.421199997964095,30.701353073120117,13323600,0.0,0.0
2011-08-09 00:00:00-04:00,31.222336995203836,32.58869758786124,30.28357812130763,32.56412124633789,13769200,0.0,0.0
2011-08-10 00:00:00-04:00,31.84899553004535,32.50514333670554,31.237080637400766,31.512317657470703,12761600,0.0,0.0
2011-08-11 00:00:00-04:00,31.856363378832505,33.59871847554501,31.502485115221283,33.06544494628906,10658000,0.0,0.0
2011-08-12 00:00:00-04:00,33.39720751475106,33.53974204293819,32.677166471303316,32.949947357177734,8325200,0.0,0.0
2011-08-15 00:00:00-04:00,33.52500073744537,33.8960795208692,32.95486632351526,33.758460998535156,7332000,0.0,0.0
2011-08-16 00:00:00-04:00,33.90837167413562,33.99930115478784,31.947300000951024,32.726322174072266,13100800,0.0,0.0
2011-08-17 00:00:00-04:00,32.6673368751722,32.868852386917524,30.443314717116586,31.040483474731445,18484000,0.0,0.0
2011-08-18 00:00:00-04:00,30.192650432212307,30.26391769758786,27.676187186310734,28.03006362915039,30688000,0.0,0.0
2011-08-19 00:00:00-04:00,28.92950594821223,30.435943173546647,27.214181054064685,27.278076171875,38495200,0.0,0.0
2011-08-22 00:00:00-04:00,28.07921646395445,28.5584251580735,26.840644137333193,27.243671417236328,20048000,0.0,0.0
2011-08-23 00:00:00-04:00,27.634409735141606,29.167881262286237,27.31002188803634,29.16050910949707,14463600,0.0,0.0
2011-08-24 00:00:00-04:00,28.880354019874847,29.121188300825942,28.140652612127834,28.610031127929688,15206800,0.0,0.0
2011-08-25 00:00:00-04:00,28.418350126244448,28.84103775306473,27.430442198953205,27.639328002929688,12771200,0.0,0.0
2011-08-26 00:00:00-04:00,27.396035870179123,29.00322895649402,27.292820104386934,28.87544059753418,13376400,0.0,0.0
2011-08-29 00:00:00-04:00,29.199829792159967,31.256744925873377,29.059753255270568,31.10683822631836,16174800,0.0,0.0
2011-08-30 00:00:00-04:00,30.78244723523605,30.792277396904435,29.575821607932305,30.340099334716797,14607600,0.0,0.0
2011-08-31 00:00:00-04:00,30.910236886779334,31.94729555000379,30.858629942034117,31.64011001586914,19376400,0.0,0.0
2011-09-01 00:00:00-04:00,31.63274011528486,31.954669978007615,31.07489009562689,31.210052490234375,12228000,0.0,0.0
2011-09-02 00:00:00-04:00,30.47526623278823,30.843888912908536,29.883011560103885,30.37696647644043,11555200,0.0,0.0
2011-09-06 00:00:00-04:00,29.379224934924466,29.981307825722244,28.683756442758824,29.71835708618164,14421600,0.0,0.0
2011-09-07 00:00:00-04:00,30.558813589382112,31.003619474498866,30.104179418050993,30.831594467163086,8539600,0.0,0.0
2011-09-08 00:00:00-04:00,30.590764811482,31.293603583040184,30.44577226557638,30.69152069091797,8763200,0.0,0.0
2011-09-09 00:00:00-04:00,30.313069392587646,30.799652123830054,30.008341855043394,30.283580780029297,12544800,0.0,0.0
2011-09-12 00:00:00-04:00,29.806825967370994,30.470345948748,29.42345903367865,30.40890884399414,9336800,0.0,0.0
2011-09-13 00:00:00-04:00,30.416283829625172,31.21005212193964,30.072237510887575,31.10683822631836,8593600,0.0,0.0
2011-09-14 00:00:00-04:00,31.195311106261414,32.48549056236682,30.662035506138047,32.035770416259766,10766000,0.0,0.0
2011-09-15 00:00:00-04:00,32.03576287940274,32.876221991671436,31.745777805678316,32.492855072021484,12299200,0.0,0.0
2011-09-16 00:00:00-04:00,32.55183622882386,33.576606654536,32.53708817428619,33.55940246582031,22376400,0.0,0.0
2011-09-19 00:00:00-04:00,32.85165345237421,33.665084032545664,32.46091428761668,33.44145202636719,10086000,0.0,0.0
2011-09-20 00:00:00-04:00,33.28170797521576,33.39966992113503,31.45088480208046,31.556556701660156,14564000,0.0,0.0
2011-09-21 00:00:00-04:00,31.848998801001702,32.5002306563797,30.84880086670859,31.12895393371582,13832800,0.0,0.0
2011-09-22 00:00:00-04:00,29.61760070762779,29.61760070762779,28.20700520873103,28.83612060546875,19255200,0.0,0.0
2011-09-23 00:00:00-04:00,28.86806534891227,29.693780137233215,28.79188394356203,29.563533782958984,10136000,0.0,0.0
2011-09-26 00:00:00-04:00,29.62005783920493,29.86826427740167,28.13819511273,29.779794692993164,13437600,0.0,0.0
2011-09-27 00:00:00-04:00,30.62516550536133,31.27394111489528,30.475258835174706,30.65711212158203,11302400,0.0,0.0
2011-09-28 00:00:00-04:00,30.64974681033197,30.92498387282894,29.583197568420598,29.68886947631836,9180400,0.0,0.0
2011-09-29 00:00:00-04:00,30.443314025965282,30.59567872349224,28.514189276614974,29.37922477722168,9748400,0.0,0.0
2011-09-30 00:00:00-04:00,28.499446701719577,29.079413166346406,27.78431784600573,28.084131240844727,12290400,0.0,0.0
2011-10-03 00:00:00-04:00,27.764657816161467,28.383943020743825,27.400949323055727,27.501707077026367,10690400,0.0,0.0
2011-10-04 00:00:00-04:00,26.988092399559402,28.988484461758095,26.855388022901263,28.900014877319336,13187200,0.0,0.0
2011-10-05 00:00:00-04:00,28.246330335115726,28.99832006914021,27.769577693329182,28.814008712768555,12980800,0.0,0.0
2011-10-06 00:00:00-04:00,28.917215008781717,30.150873079238515,28.457666681166003,29.981306076049805,13020400,0.0,0.0
2011-10-07 00:00:00-04:00,30.106641725636138,30.32289967654808,29.482440466856186,29.725730895996094,8627200,0.0,0.0
2011-10-10 00:00:00-04:00,30.20494062407126,31.035569647805367,30.1680779843536,30.897951126098633,8018800,0.0,0.0
2011-10-11 00:00:00-04:00,30.421198588296175,31.947296124322477,30.352389327398896,31.35504150390625,9520800,0.0,0.0
2011-10-12 00:00:00-04:00,31.53444138144849,32.24956648655655,31.23462611202564,31.27394676208496,8664800,0.0,0.0
2011-10-13 00:00:00-04:00,31.092092518308295,31.937469646217913,30.976592323780114,31.836711883544922,6344000,0.0,0.0
2011-10-14 00:00:00-04:00,32.38964080810547,32.55674792503056,31.733493011079414,32.38964080810547,7864000,0.0,0.0
2011-10-17 00:00:00-04:00,31.885860462878828,32.34540885110931,31.035571075524814,31.14124298095703,7901600,0.0,0.0
2011-10-18 00:00:00-04:00,30.99871006145213,32.15372705362936,30.227060060311917,31.834253311157227,9135200,0.0,0.0
2011-10-19 00:00:00-04:00,31.59587694317228,32.3454066429086,31.138782845727718,31.30097770690918,7756000,0.0,0.0
2011-10-20 00:00:00-04:00,31.16335731298253,31.81459289202513,30.61042335427149,31.377159118652344,6074800,0.0,0.0
2011-10-21 00:00:00-04:00,31.723659146325183,31.90305817305324,31.138778646065532,31.772808074951172,6832400,0.0,0.0
2011-10-24 00:00:00-04:00,31.187929792767875,32.67224845261314,31.187929792767875,32.569034576416016,8055200,0.0,0.0
2011-10-25 00:00:00-04:00,32.089831094906465,32.401932657332615,31.603250243517213,31.83916664123535,8303200,0.0,0.0
2011-10-26 00:00:00-04:00,31.907975367907476,31.97678462857319,29.548790806263938,30.364675521850586,21834400,0.0,0.0
2011-10-27 00:00:00-04:00,31.450884396488036,33.16129321711379,31.222338285224026,32.77301025390625,21904800,0.0,0.0
2011-10-28 00:00:00-04:00,32.38718324714449,34.34334235803234,32.20778794703161,34.19343566894531,15308400,0.0,0.0
2011-10-31 00:00:00-04:00,33.16129800095899,33.64787890486893,32.726322174072266,32.726322174072266,7856800,0.0,0.0
2011-11-01 00:00:00-04:00,31.799853497683376,32.384736111029966,31.146163481187564,32.03331756591797,12992400,0.0,0.0
2011-11-02 00:00:00-04:00,32.57640830432641,32.586240340529194,31.391901054951138,31.90797233581543,10990800,0.0,0.0
2011-11-03 00:00:00-04:00,32.37980938374131,32.78529651304147,31.566382740782895,32.69682693481445,8057600,0.0,0.0
2011-11-04 00:00:00-04:00,32.448614841630125,32.66733075250878,31.949745924122375,32.27413558959961,4981600,0.0,0.0
2011-11-07 00:00:00-05:00,32.138977759925545,33.099854972883996,31.971870635840563,32.76809310913086,7201200,0.0,0.0
2011-11-08 00:00:00-05:00,33.149009606053,33.24239522075903,32.475657475987646,32.962242126464844,6369600,0.0,0.0
2011-11-09 00:00:00-05:00,32.18075580598144,32.773010415750676,31.52215182071199,31.64011001586914,8173200,0.0,0.0
2011-11-10 00:00:00-05:00,32.10457183744379,32.17583722576685,30.730839138122626,31.409103393554688,7618400,0.0,0.0
2011-11-11 00:00:00-05:00,31.94974695567076,32.315913408101835,31.65239350253884,31.915342330932617,7108400,0.0,0.0
2011-11-14 00:00:00-05:00,32.866393288125884,33.473392153143344,32.451077880500975,32.81232833862305,12706800,0.0,0.0
2011-11-15 00:00:00-05:00,33.18832971352441,33.75846418120548,32.6845446290517,33.56924057006836,10642800,0.0,0.0
2011-11-16 00:00:00-05:00,33.28416646496132,33.510254560432834,32.14635008519726,32.37981033325195,10648000,0.0,0.0
2011-11-17 00:00:00-05:00,32.84181911485507,32.84181911485507,30.539155715316184,30.986417770385742,26553600,0.0,0.0
2011-11-18 00:00:00-05:00,29.354648845727183,29.489811230498315,27.297735712343417,27.875244140625,48698000,0.0,0.0
2011-11-21 00:00:00-05:00,27.511533519832916,28.120990396505462,25.818327139062955,27.51890754699707,28432800,0.0,0.0
2011-11-22 00:00:00-05:00,27.31985124393004,27.67372956666176,26.29262277925525,26.602266311645508,16068800,0.0,0.0
2011-11-23 00:00:00-05:00,26.26313519282532,26.472020981782144,25.557836529027217,25.997726440429688,16027600,0.0,0.0
2011-11-25 00:00:00-05:00,25.43004632285125,26.26804742702175,25.405469981891944,25.786380767822266,7435200,0.0,0.0
2011-11-28 00:00:00-05:00,26.818528225875312,27.872789323077875,26.818528225875312,27.32231330871582,17562400,0.0,0.0
2011-11-29 00:00:00-05:00,27.349341683316577,27.732708615692687,27.05935847487752,27.177316665649414,12251200,0.0,0.0
2011-11-30 00:00:00-05:00,28.256153004969452,29.116272439914916,28.00794658590995,29.101526260375977,17102400,0.0,0.0
2011-12-01 00:00:00-05:00,28.519107160976414,29.33253389595034,28.388858913083364,29.091699600219727,12666800,0.0,0.0
2011-12-02 00:00:00-05:00,29.239149401043466,29.649548834423676,29.010603283218316,29.401342391967773,9842800,0.0,0.0
2011-12-05 00:00:00-05:00,30.209853049560085,31.566383489705867,30.042744050601176,30.721010208129883,20778400,0.0,0.0
2011-12-06 00:00:00-05:00,30.681691287509867,30.9643023586225,30.20494060549963,30.305696487426758,12810000,0.0,0.0
2011-12-07 00:00:00-05:00,30.128758821179773,30.290953693971606,29.659380268689638,30.126300811767578,7630400,0.0,0.0
2011-12-08 00:00:00-05:00,29.85597421763625,30.47280326021751,29.570907033059214,29.644630432128906,7983600,0.0,0.0
2011-12-09 00:00:00-05:00,29.718360233358762,30.526872861565025,29.489814099094307,30.443317413330078,8000000,0.0,0.0
2011-12-12 00:00:00-05:00,29.187541181898894,29.4898125858652,28.074301056768366,28.52402114868164,15026800,0.0,0.0
2011-12-13 00:00:00-05:00,28.931961340169064,29.15067727663273,27.66389863558674,27.85066795349121,11335200,0.0,0.0
2011-12-14 00:00:00-05:00,27.56314450047839,27.56314450047839,26.36880699404349,26.631757736206055,15540800,0.0,0.0
2011-12-15 00:00:00-05:00,27.079021317735442,27.15028859062532,25.78392598352478,26.22381591796875,13297600,0.0,0.0
2011-12-16 00:00:00-05:00,26.48922499357775,26.86276180335311,26.19924175477263,26.30982780456543,12270000,0.0,0.0
2011-12-19 00:00:00-05:00,26.31228335697016,26.462190043747434,25.302257196840092,25.427589416503906,9168400,0.0,0.0
2011-12-20 00:00:00-05:00,26.059164122477906,26.059164122477906,25.154809811883947,25.636476516723633,14539600,0.0,0.0
2011-12-21 00:00:00-05:00,24.488830531584075,24.57238409477996,23.12246803566366,24.33646583557129,39458400,0.0,0.0
2011-12-22 00:00:00-05:00,24.447053849179028,24.80584632036331,23.604136686596437,24.658395767211914,18088800,0.0,0.0
2011-12-23 00:00:00-05:00,24.621536176792382,24.83287997980524,23.930981803031486,24.088260650634766,9992800,0.0,0.0
2011-12-27 00:00:00-05:00,24.073516236633,25.014733183631154,24.073516236633,24.64611053466797,15964400,0.0,0.0
2011-12-28 00:00:00-05:00,24.57484201560182,24.808302264785375,24.265198481229973,24.606788635253906,8098000,0.0,0.0
2011-12-29 00:00:00-05:00,24.60187422888859,25.174468491711522,24.45688168759203,25.1130313873291,8962800,0.0,0.0
2011-12-30 00:00:00-05:00,25.081080558784937,25.336659114218236,24.894313128781395,24.933631896972656,8144400,0.0,0.0
2012-01-03 00:00:00-05:00,25.602074581313573,26.0591668658981,24.79601993427779,24.86974334716797,12983600,0.0,0.0
2012-01-04 00:00:00-05:00,24.32663369785146,24.45196590737706,23.6606557559163,23.955554962158203,19788400,0.0,0.0
2012-01-05 00:00:00-05:00,23.822855234549124,24.562556715746037,23.385423295525868,24.272573471069336,14988800,0.0,0.0
2012-01-06 00:00:00-05:00,24.32417948808221,24.882027577702658,23.80073415243004,24.83533477783203,17464400,0.0,0.0
2012-01-09 00:00:00-05:00,24.776355680527896,25.027018244483997,24.45933999308436,24.759153366088867,13761600,0.0,0.0
2012-01-10 00:00:00-05:00,25.25802305670743,25.756892064116844,24.982786018088007,25.751977920532227,17688400,0.0,0.0
2012-01-11 00:00:00-05:00,25.921542876861587,26.46710276719203,25.806040825222407,26.005096435546875,14204000,0.0,0.0
2012-01-12 00:00:00-05:00,25.948575255087455,26.14517474474373,25.68071037221526,25.970693588256836,6792000,0.0,0.0
2012-01-13 00:00:00-05:00,25.705285403848485,25.769180520625834,25.230990858936686,25.533262252807617,8543600,0.0,0.0
2012-01-17 00:00:00-05:00,25.614362837326134,26.04687877743809,25.282600916052495,25.42022132873535,7567600,0.0,0.0
2012-01-18 00:00:00-05:00,25.407932534978784,26.6047281821476,25.1326935912498,26.46710777282715,11434400,0.0,0.0
2012-01-19 00:00:00-05:00,27.364087661373038,28.477327763764254,27.364087661373038,28.140653610229492,20426000,0.0,0.0
2012-01-20 00:00:00-05:00,27.8850744577459,28.33233652223232,27.671272650167733,28.062013626098633,9362800,0.0,0.0
2012-01-23 00:00:00-05:00,28.069388173882746,28.777143032768638,27.79169122628109,28.199634552001953,9100000,0.0,0.0
2012-01-24 00:00:00-05:00,28.229120791000145,28.956535866293287,28.16522567883792,28.882810592651367,7864000,0.0,0.0
2012-01-25 00:00:00-05:00,29.15559287043491,29.15559287043491,28.465040399036095,29.032718658447266,6836000,0.0,0.0
2012-01-26 00:00:00-05:00,29.3423646030087,29.482441141161097,28.393775458709374,28.560884475708008,6778000,0.0,0.0
2012-01-27 00:00:00-05:00,28.322508239549908,29.017976787732014,28.21437832395641,28.654268264770508,5397600,0.0,0.0
2012-01-30 00:00:00-05:00,28.438008574482474,28.83857783977894,28.143109334003157,28.401145935058594,10216800,0.0,0.0
2012-01-31 00:00:00-05:00,28.77222417151633,28.84103342604048,28.175055462736676,28.703414916992188,5320800,0.0,0.0
2012-02-01 00:00:00-05:00,28.838579579659434,29.487355322979266,28.413435820734648,29.322704315185547,7516800,0.0,0.0
2012-02-02 00:00:00-05:00,29.231774407880195,29.600397045431833,28.76485390024414,29.067123413085938,8062800,0.0,0.0
2012-02-03 00:00:00-05:00,29.32761443561746,30.666944398999835,29.32761443561746,30.497377395629883,11595600,0.0,0.0
2012-02-06 00:00:00-05:00,30.278664761328383,30.63254311132286,30.07960912691238,30.283580780029297,6050000,0.0,0.0
2012-02-07 00:00:00-05:00,30.187734323030117,30.448228917217545,29.93707176531907,30.177906036376953,5415600,0.0,0.0
2012-02-08 00:00:00-05:00,30.3056982919064,30.45806300342575,29.703615349048302,30.42365837097168,5908000,0.0,0.0
2012-02-09 00:00:00-05:00,30.33026817868722,31.38207106887063,30.259000915111596,30.868457794189453,9218800,0.0,0.0
2012-02-10 00:00:00-05:00,31.482834978029825,31.971875757423863,31.190393714211595,31.563932418823242,16473600,0.0,0.0
2012-02-13 00:00:00-05:00,31.898152380075054,32.76564418528395,31.799850741489966,32.49531936645508,17785600,0.0,0.0
2012-02-14 00:00:00-05:00,32.475650874145735,33.10968222177955,31.922716951772152,32.340492248535156,10091600,0.0,0.0
2012-02-15 00:00:00-05:00,32.51497441583374,32.81478780265571,31.930091948128023,32.09965896606445,9466000,0.0,0.0
2012-02-16 00:00:00-05:00,32.21269888488445,32.43878695001186,31.672053185682145,32.377349853515625,10111200,0.0,0.0
2012-02-17 00:00:00-05:00,32.54938274243978,32.684545145260905,31.73595594067617,31.743328094482422,9880400,0.0,0.0
2012-02-21 00:00:00-05:00,32.082457712580826,32.18075558289311,31.153527088871478,31.359956741333008,10157600,0.0,0.0
2012-02-22 00:00:00-05:00,31.70645788266345,31.89814132418682,31.39189837295356,31.472997665405273,7881200,0.0,0.0
2012-02-23 00:00:00-05:00,31.455801912044205,32.438795721795586,31.22234163219301,32.38227462768555,20930800,0.0,0.0
2012-02-24 00:00:00-05:00,35.766225487521794,35.94316466025029,34.3433437024723,35.2993049621582,58348400,0.0,0.0
2012-02-27 00:00:00-05:00,34.58417160917471,35.459035321478204,34.407232459515235,35.22803497314453,15408000,0.0,0.0
2012-02-28 00:00:00-05:00,34.65052697383851,35.26489801947394,34.65052697383851,35.255069732666016,11445200,0.0,0.0
2012-02-29 00:00:00-05:00,35.12973807198134,35.63352311425098,34.93805459245608,35.18134689331055,10067200,0.0,0.0
2012-03-01 00:00:00-05:00,35.382860257251274,35.778515405887056,34.901195402283015,35.62860870361328,9913600,0.0,0.0
2012-03-02 00:00:00-05:00,35.38531906947805,35.87927208176309,35.26735711892529,35.33616638183594,9123200,0.0,0.0
2012-03-05 00:00:00-05:00,35.24278521115621,35.2452413456567,34.456390941276894,34.91593933105469,7858400,0.0,0.0
2012-03-06 00:00:00-05:00,34.3556286986342,34.74391163901997,33.996834367703,34.574344635009766,9244000,0.0,0.0
2012-03-07 00:00:00-05:00,34.73408053608734,35.38777222860103,34.68001558408556,35.255069732666016,6978800,0.0,0.0
2012-03-08 00:00:00-05:00,35.39022856730704,36.24789190190546,35.36811210949398,35.898929595947266,9545200,0.0,0.0
2012-03-09 00:00:00-05:00,35.89892808504127,36.37076458097788,35.788342050806975,36.23068618774414,7590400,0.0,0.0
2012-03-12 00:00:00-04:00,36.15696553655417,36.37076545788343,35.758850553959704,36.16679382324219,6205200,0.0,0.0
2012-03-13 00:00:00-04:00,36.36831281093503,37.56756264249747,36.32407614203913,37.41765594482422,11707600,0.0,0.0
2012-03-14 00:00:00-04:00,37.32181637409311,37.442234466054295,36.76642621999779,37.2579231262207,6467600,0.0,0.0
2012-03-15 00:00:00-04:00,37.34638851876466,37.9533874296631,37.108012246072235,37.45943069458008,8651600,0.0,0.0
2012-03-16 00:00:00-04:00,37.74695927191834,37.81085251196056,36.91632840225272,37.203853607177734,7921200,0.0,0.0
2012-03-19 00:00:00-04:00,37.22597369397566,37.238261866287885,36.537877292552025,36.8475227355957,6862800,0.0,0.0
2012-03-20 00:00:00-04:00,36.67795664418221,37.181741723263045,36.19628802593412,37.105560302734375,6388800,0.0,0.0
2012-03-21 00:00:00-04:00,37.45943137539368,38.34904324164585,37.26037574711639,37.93618392944336,9936800,0.0,0.0
2012-03-22 00:00:00-04:00,37.55773215914891,37.8206810234056,37.30461158194807,37.56018829345703,5102800,0.0,0.0
2012-03-23 00:00:00-04:00,37.5724779570149,38.002537716889734,37.42748728078617,37.820682525634766,4654000,0.0,0.0
2012-03-26 00:00:00-04:00,38.04185446303693,38.72011872193832,37.88211574729358,38.666053771972656,6768400,0.0,0.0
2012-03-27 00:00:00-04:00,38.50385974928834,38.62673395642774,37.69534911623328,37.722381591796875,7746000,0.0,0.0
2012-03-28 00:00:00-04:00,37.83297194639982,38.26549160478388,37.27266579787833,37.86000442504883,6222800,0.0,0.0
2012-03-29 00:00:00-04:00,37.60196829423449,38.68817597331411,37.39554049998197,38.43751525878906,7193200,0.0,0.0
2012-03-30 00:00:00-04:00,38.516150500316186,38.5775876080018,37.57493356059372,37.97058868408203,6420800,0.0,0.0
2012-04-02 00:00:00-04:00,37.57247659268162,38.93883723732542,37.49137916235693,38.62673568725586,8230800,0.0,0.0
2012-04-03 00:00:00-04:00,38.48420706853905,39.07645795698952,38.44242653404126,38.90689468383789,5534800,0.0,0.0
2012-04-04 00:00:00-04:00,38.58741576029418,38.58741576029418,37.58967783190008,38.25811004638672,6243600,0.0,0.0
2012-04-05 00:00:00-04:00,38.33921035537423,38.73486546880252,37.95092739469489,38.59233093261719,4948400,0.0,0.0
2012-04-09 00:00:00-04:00,37.72975897208696,38.803678491344556,37.601968729004824,38.710296630859375,7308000,0.0,0.0
2012-04-10 00:00:00-04:00,38.76435753582068,39.073999198399896,37.589680375628234,37.77890396118164,10788800,0.0,0.0
2012-04-11 00:00:00-04:00,37.43731451218171,38.9683299140214,37.43731451218171,38.8479118347168,11344800,0.0,0.0
2012-04-12 00:00:00-04:00,38.7766434388442,38.99781927755818,38.43259713394266,38.9019775390625,6048000,0.0,0.0
2012-04-13 00:00:00-04:00,38.825790569104065,39.78420781691053,38.6267312178,39.164920806884766,9975200,0.0,0.0
2012-04-16 00:00:00-04:00,39.5089766474593,39.68837195370814,37.9066958133714,38.07380294799805,9880400,0.0,0.0
2012-04-17 00:00:00-04:00,38.201593237562314,38.53581125711483,37.82314229989513,38.37853240966797,6028800,0.0,0.0
2012-04-18 00:00:00-04:00,38.13769951825596,39.21653497784654,38.03694176182241,38.985530853271484,5556000,0.0,0.0
2012-04-19 00:00:00-04:00,39.10594328740525,40.487048067048015,38.77909747215079,39.214073181152344,12405200,0.0,0.0
2012-04-20 00:00:00-04:00,39.3369519809395,39.59007255736055,38.54072573822794,38.557926177978516,7006400,0.0,0.0
2012-04-23 00:00:00-04:00,37.894407735694,38.29743501706604,37.02445993010901,38.091007232666016,9539600,0.0,0.0
2012-04-24 00:00:00-04:00,37.98533363585637,38.03448256802403,36.24789057256476,36.85734558105469,9383600,0.0,0.0
2012-04-25 00:00:00-04:00,36.98513756451699,37.35376019805038,36.31424542143675,37.03428649902344,11908400,0.0,0.0
2012-04-26 00:00:00-04:00,37.10801506009296,38.42277073599261,37.10801506009296,38.38590621948242,7077600,0.0,0.0
2012-04-27 00:00:00-04:00,38.45226196542046,39.044516655968714,38.00008569745848,38.49895477294922,7682000,0.0,0.0
2012-04-30 00:00:00-04:00,38.35887440708221,38.61445489329474,38.03940067422841,38.27040481567383,3965200,0.0,0.0
2012-05-01 00:00:00-04:00,38.373613803668846,39.16738389022505,38.08363247160677,38.55301284790039,5548800,0.0,0.0
2012-05-02 00:00:00-04:00,38.32693195199165,39.19687986137485,38.2188020282643,39.059261322021484,5876400,0.0,0.0
2012-05-03 00:00:00-04:00,39.3861048637663,40.17987130192088,38.658687806787675,38.710296630859375,12618800,0.0,0.0
2012-05-04 00:00:00-04:00,38.631649093267534,38.631649093267534,37.42256737258027,37.498748779296875,10230400,0.0,0.0
2012-05-07 00:00:00-04:00,37.30215297865233,37.771533385432406,37.04412012397523,37.31198501586914,6163200,0.0,0.0
2012-05-08 00:00:00-04:00,37.009710084445075,37.078519335612384,34.91101667437313,35.88418197631836,15954400,0.0,0.0
2012-05-09 00:00:00-04:00,35.4639505892112,36.916324516180495,35.397597472036885,36.611595153808594,9210400,0.0,0.0
2012-05-10 00:00:00-04:00,36.707442102626636,36.81311587833726,33.02121562114741,33.2841682434082,38547600,0.0,0.0
2012-05-11 00:00:00-04:00,33.200614600803746,34.47113354187985,33.1047728624966,33.85921859741211,13857600,0.0,0.0
2012-05-14 00:00:00-04:00,33.466023948829516,34.068110684071456,33.22519150462712,33.55695343017578,7354000,0.0,0.0
2012-05-15 00:00:00-04:00,33.98946747076489,34.40232681608094,33.802699998969395,33.937862396240234,11282800,0.0,0.0
2012-05-16 00:00:00-04:00,34.2769924234482,34.34088941971539,32.9474961717148,33.56432342529297,13078400,0.0,0.0
2012-05-17 00:00:00-04:00,33.65770371967765,34.15411280558848,32.46582243705043,32.88113784790039,21522000,0.0,0.0
2012-05-18 00:00:00-04:00,35.24769304495577,36.604225333445534,35.142023027376,35.77605438232422,36138000,0.0,0.0
2012-05-21 00:00:00-04:00,35.41725788753297,36.74675761945861,34.483416975842566,36.62879943847656,15436400,0.0,0.0
2012-05-22 00:00:00-04:00,36.41500261334105,37.33164700886429,36.12502124948503,36.72710418701172,12460000,0.0,0.0
2012-05-23 00:00:00-04:00,36.13239283378195,37.09572626861826,35.771142326990386,37.01217269897461,10400000,0.0,0.0
2012-05-24 00:00:00-04:00,36.665666944912516,36.921247425528726,35.633524234297596,35.93088150024414,10060400,0.0,0.0
2012-05-25 00:00:00-04:00,36.15943134022397,36.862272145796794,35.92842716813843,36.12502670288086,9678400,0.0,0.0
2012-05-29 00:00:00-04:00,36.115186847985804,36.54770268605027,35.191170455551976,35.80308532714844,10981600,0.0,0.0
2012-05-30 00:00:00-04:00,34.98229086963585,35.13465369785684,34.28190633701475,34.638240814208984,13785200,0.0,0.0
2012-05-31 00:00:00-04:00,33.97226146485609,34.53747980660865,33.21289602995648,34.065643310546875,12621600,0.0,0.0
2012-06-01 00:00:00-04:00,32.989268435347014,33.01630091087179,32.09474435864973,32.19058609008789,15065600,0.0,0.0
2012-06-04 00:00:00-04:00,31.979247360594176,32.485488573355326,31.04294448055089,32.24711227416992,14039200,0.0,0.0
2012-06-05 00:00:00-04:00,32.129156263605395,33.237480511501424,31.898152102222742,32.86640167236328,10949200,0.0,0.0
2012-06-06 00:00:00-04:00,33.01138493198588,33.84692804040041,32.73368802397524,33.66261672973633,10435600,0.0,0.0
2012-06-07 00:00:00-04:00,33.99192779771373,34.060737064524986,33.23993438214988,33.31365966796875,7091200,0.0,0.0
2012-06-08 00:00:00-04:00,33.25467302271637,33.57660280481589,32.29133606049147,33.542198181152344,8953200,0.0,0.0
2012-06-11 00:00:00-04:00,33.74863536124665,33.79041214810545,32.04068436990717,32.06034469604492,8252000,0.0,0.0
2012-06-12 00:00:00-04:00,32.36260553481914,32.36260553481914,31.197756835872557,32.08982467651367,9843600,0.0,0.0
2012-06-13 00:00:00-04:00,32.0136462461403,32.04067872108587,31.10191800008805,31.29114532470703,8401600,0.0,0.0
2012-06-14 00:00:00-04:00,31.28131889012965,31.856371209858924,30.77999185174652,31.79001808166504,12167600,0.0,0.0
2012-06-15 00:00:00-04:00,31.903056683022328,33.19323568576701,31.593411322477067,33.067901611328125,12874000,0.0,0.0
2012-06-18 00:00:00-04:00,32.27168499489142,33.84938943458477,31.981699903267824,33.618385314941406,11644400,0.0,0.0
2012-06-19 00:00:00-04:00,33.99192613330104,35.01178066274949,33.55449045881448,33.915740966796875,10668400,0.0,0.0
2012-06-20 00:00:00-04:00,34.09022489606831,34.2155552542056,33.46848162462911,33.85184860229492,7940400,0.0,0.0
2012-06-21 00:00:00-04:00,33.25959277747704,33.851847414412816,32.60344489644692,32.628021240234375,8782000,0.0,0.0
2012-06-22 00:00:00-04:00,32.7189433266049,33.72896944692093,32.70911504007626,33.69456481933594,8194000,0.0,0.0
2012-06-25 00:00:00-04:00,33.22764873754785,33.28662596417524,32.60836160919462,32.96961212158203,5635200,0.0,0.0
2012-06-26 00:00:00-04:00,33.10968293481574,33.586435460345584,32.93028764164385,33.25713348388672,4588400,0.0,0.0
2012-06-27 00:00:00-04:00,33.171122561642406,33.74126072827051,33.021215866953426,33.35297775268555,4570800,0.0,0.0
2012-06-28 00:00:00-04:00,33.176037714613635,33.2792516041914,31.8612821274755,32.384727478027344,7087600,0.0,0.0
2012-06-29 00:00:00-04:00,33.25959543298848,33.989468653831864,33.21290262595844,33.97718048095703,10560800,0.0,0.0
2012-07-02 00:00:00-04:00,33.64541770203729,34.2180119811655,33.40458154612737,34.17623519897461,8538800,0.0,0.0
2012-07-03 00:00:00-04:00,34.12462681326564,35.03389524560046,34.041073247822766,34.736541748046875,3344400,0.0,0.0
2012-07-05 00:00:00-04:00,34.638245911009896,35.34845883551298,34.404785615725146,34.99949645996094,4278800,0.0,0.0
2012-07-06 00:00:00-04:00,34.30894071456477,34.30894071456477,32.80250153982837,33.3603515625,11248400,0.0,0.0
2012-07-09 00:00:00-04:00,33.38246957114836,33.59381339461858,32.094750053569534,32.26677322387695,8984000,0.0,0.0
2012-07-10 00:00:00-04:00,32.59116008754675,32.8491967246467,31.455803384095717,31.66960334777832,8694400,0.0,0.0
2012-07-11 00:00:00-04:00,31.94483855380516,32.0505085747813,30.789819851673894,31.18793296813965,6042800,0.0,0.0
2012-07-12 00:00:00-04:00,31.450886184964347,31.699092634409126,30.671862205013326,31.342756271362305,6979200,0.0,0.0
2012-07-13 00:00:00-04:00,31.514776471857576,32.193040712505365,31.453337496349675,32.082454681396484,6668400,0.0,0.0
2012-07-16 00:00:00-04:00,31.935007220544215,32.14143499850294,31.31818002099255,31.453340530395508,4522800,0.0,0.0
2012-07-17 00:00:00-04:00,31.681884416089787,31.922716806790465,30.74312556936439,31.155982971191406,7252400,0.0,0.0
2012-07-18 00:00:00-04:00,32.03085028544332,33.534833265388194,31.799846155363547,33.15146255493164,12746400,0.0,0.0
2012-07-19 00:00:00-04:00,33.35789090782854,34.60874942918872,33.27433359759984,34.18606185913086,10063200,0.0,0.0
2012-07-20 00:00:00-04:00,33.91819549925562,33.91819549925562,33.05561620821498,33.215354919433594,6290000,0.0,0.0
2012-07-23 00:00:00-04:00,32.483031786542796,32.615738063601896,31.674520949709127,32.193050384521484,10374400,0.0,0.0
2012-07-24 00:00:00-04:00,32.14389707786108,32.2225346296724,30.853717752773495,31.14124298095703,15500000,0.0,0.0
2012-07-25 00:00:00-04:00,31.458255536593587,31.73349633124283,30.74558658131685,30.79719352722168,9948400,0.0,0.0
2012-07-26 00:00:00-04:00,31.54426776914306,32.13160635091835,30.200023593520307,30.622711181640625,18435600,0.0,0.0
2012-07-27 00:00:00-04:00,30.807025916329597,32.78038567460537,30.807025916329597,32.3134651184082,16979200,0.0,0.0
2012-07-30 00:00:00-04:00,32.33312307125108,32.33312307125108,30.72592622243652,30.932355880737305,14448400,0.0,0.0
2012-07-31 00:00:00-04:00,31.00362147954372,31.509862623341395,30.384334412943257,30.5612735748291,9177600,0.0,0.0
2012-08-01 00:00:00-04:00,31.30097898527385,31.364872228732047,30.219685491304727,30.612882614135742,8856800,0.0,0.0
2012-08-02 00:00:00-04:00,30.1975672850705,30.77999175614301,29.53404725466327,29.826488494873047,10301200,0.0,0.0
2012-08-03 00:00:00-04:00,30.499837585367324,31.610621531199698,29.860892046789328,31.522151947021484,10586400,0.0,0.0
2012-08-06 00:00:00-04:00,31.71383404298192,33.01630140629792,31.389446206728614,32.61573028564453,11321200,0.0,0.0
2012-08-07 00:00:00-04:00,32.846732595103255,34.15657203906023,32.7066542048378,33.588890075683594,11107600,0.0,0.0
2012-08-08 00:00:00-04:00,33.32349117534112,33.714230309188025,33.121975647300076,33.31120300292969,8405200,0.0,0.0
2012-08-09 00:00:00-04:00,33.28908307875906,34.14674267641117,33.266962870790586,33.85430145263672,6166400,0.0,0.0
2012-08-10 00:00:00-04:00,33.85921827791764,34.71196562729621,33.79532503625693,34.36545944213867,10627600,0.0,0.0
2012-08-13 00:00:00-04:00,35.26490381128089,35.9775728413354,35.026527506438235,35.670387268066406,17647600,0.0,0.0
2012-08-14 00:00:00-04:00,35.70478959868669,35.70478959868669,34.773404650548464,35.033897399902344,10455600,0.0,0.0
2012-08-15 00:00:00-04:00,35.097786097411436,35.48606524533414,34.925759228289486,35.419715881347656,4846400,0.0,0.0
2012-08-16 00:00:00-04:00,35.07813369594095,36.30933203112062,35.06830165843401,36.11519241333008,9492400,0.0,0.0
2012-08-17 00:00:00-04:00,36.47152654934751,36.47152654934751,36.03163474583868,36.181541442871094,6748000,0.0,0.0
2012-08-20 00:00:00-04:00,36.18399733159229,36.346188432744704,35.215747993725145,36.26509475708008,10104400,0.0,0.0
2012-08-21 00:00:00-04:00,36.638629672810296,37.07606154412719,36.066035425564436,36.28229522705078,8800800,0.0,0.0
2012-08-22 00:00:00-04:00,36.35110916443436,36.68532719622559,35.66301277547317,36.52313232421875,8528800,0.0,0.0
2012-08-23 00:00:00-04:00,36.52312903184728,36.682867754966026,35.773599349651285,36.06849670410156,16410800,0.0,0.0
2012-08-24 00:00:00-04:00,34.67019012472746,36.73693539075144,34.59400870882759,36.50347137451172,28062400,0.0,0.0
2012-08-27 00:00:00-04:00,36.171711559797295,37.34638874053679,36.12747489304172,36.63125991821289,12876400,0.0,0.0
2012-08-28 00:00:00-04:00,36.10781754771879,36.306876939805676,35.30422282523589,35.66301345825195,14783200,0.0,0.0
2012-08-29 00:00:00-04:00,35.62123280387004,35.94316263477464,35.40006072533471,35.78097152709961,8646000,0.0,0.0
2012-08-30 00:00:00-04:00,35.473792658772005,35.58929473807664,34.92823076285515,35.06584930419922,7556000,0.0,0.0
2012-08-31 00:00:00-04:00,35.45412902924038,35.997230990018615,35.09287851694731,35.677757263183594,8144400,0.0,0.0
2012-09-04 00:00:00-04:00,35.56471533545594,35.81291991549333,35.11991124903884,35.59420394897461,7312800,0.0,0.0
2012-09-05 00:00:00-04:00,35.54259659637103,35.77605685467991,35.14448159027721,35.567169189453125,6233600,0.0,0.0
2012-09-06 00:00:00-04:00,35.756394377030134,36.83522976872217,35.61140371215989,36.589481353759766,9194000,0.0,0.0
2012-09-07 00:00:00-04:00,36.56491217521095,37.002347889372786,36.385516847096284,36.75659942626953,6190400,0.0,0.0
2012-09-10 00:00:00-04:00,36.82540352596434,37.05394776464911,36.496097781771624,36.700069427490234,4713200,0.0,0.0
2012-09-11 00:00:00-04:00,36.63616885544987,37.16207023743783,36.417452947749794,37.056396484375,6767600,0.0,0.0
2012-09-12 00:00:00-04:00,37.13012524184119,38.04922561732734,37.11046491965815,37.52824020385742,10642000,0.0,0.0
2012-09-13 00:00:00-04:00,37.727296519833,38.82824833403752,37.54052533049135,38.58004379272461,10942800,0.0,0.0
2012-09-14 00:00:00-04:00,38.51615219890921,39.78667119189985,38.474375413819416,39.17967224121094,13426800,0.0,0.0
2012-09-17 00:00:00-04:00,39.076460536279704,39.29026424231996,38.74224248700209,38.867576599121094,5740800,0.0,0.0
2012-09-18 00:00:00-04:00,38.70538111045991,38.828255336207405,38.29498164644214,38.408023834228516,6022800,0.0,0.0
2012-09-19 00:00:00-04:00,38.31217658457395,39.056793985653165,37.977958588558415,38.823333740234375,8056000,0.0,0.0
2012-09-20 00:00:00-04:00,38.83316784859861,38.97570238757386,37.84771424720181,38.341670989990234,7120800,0.0,0.0
2012-09-21 00:00:00-04:00,38.47928982741333,38.76681504208899,38.09346299031213,38.14015579223633,9854000,0.0,0.0
2012-09-24 00:00:00-04:00,37.79119094369332,38.11558065127954,37.36604723586281,37.739585876464844,4796000,0.0,0.0
2012-09-25 00:00:00-04:00,37.82313973723047,38.29252011337018,37.38324797116923,37.38570785522461,6296800,0.0,0.0
2012-09-26 00:00:00-04:00,37.122753918756636,37.20139520924497,35.933332523793986,36.601768493652344,8626400,0.0,0.0
2012-09-27 00:00:00-04:00,36.960557546746095,37.887030056842576,36.68532054102271,37.64373779296875,6900000,0.0,0.0
2012-09-28 00:00:00-04:00,37.27757845362206,37.9140659618717,37.132587785686894,37.5233268737793,6212800,0.0,0.0
2012-10-01 00:00:00-04:00,37.641286925296434,37.71992822354747,36.759050953299784,37.142417907714844,8091600,0.0,0.0
2012-10-02 00:00:00-04:00,37.2308880402583,37.81577051766596,36.92861851404046,37.58476638793945,5214800,0.0,0.0
2012-10-03 00:00:00-04:00,37.72238315983068,38.779102135119594,37.680606377645496,38.59233093261719,8752000,0.0,0.0
2012-10-04 00:00:00-04:00,38.2237101164572,38.85528539740372,38.05905911418275,38.786476135253906,6671200,0.0,0.0
2012-10-05 00:00:00-04:00,39.19441934170898,39.282888928513245,37.78382197150305,38.024654388427734,6718400,0.0,0.0
2012-10-08 00:00:00-04:00,37.837885403841995,38.447340449608554,37.53069987172651,37.7469596862793,4539200,0.0,0.0
2012-10-09 00:00:00-04:00,37.611800320243375,37.943558471655116,36.908959616372634,37.38816833496094,5986400,0.0,0.0
2012-10-10 00:00:00-04:00,37.397993746928826,37.501211385909144,36.53787425413112,36.90158462524414,4948000,0.0,0.0
2012-10-11 00:00:00-04:00,37.58968319306679,38.08609234411659,37.26774958543828,37.50366973876953,5578800,0.0,0.0
2012-10-12 00:00:00-04:00,37.66340802799271,38.02957458720191,37.40291525760956,37.670780181884766,4350000,0.0,0.0
2012-10-15 00:00:00-04:00,37.61917314839608,38.07872154961553,37.23580616664896,37.88212203979492,3823600,0.0,0.0
2012-10-16 00:00:00-04:00,38.02956514170719,38.25565322116539,37.74449609593783,38.20404815673828,4082400,0.0,0.0
2012-10-17 00:00:00-04:00,38.07871151540251,38.149980646971265,37.02445259340827,37.2628288269043,6300000,0.0,0.0
2012-10-18 00:00:00-04:00,37.14978584845264,37.37587393055402,36.58210763417959,36.886837005615234,6157600,0.0,0.0
2012-10-19 00:00:00-04:00,36.78116764462014,37.15470631402546,36.47398210230539,36.61897277832031,8387200,0.0,0.0
2012-10-22 00:00:00-04:00,36.68532579137461,36.86226496318377,35.94316447349859,36.279842376708984,6422400,0.0,0.0
2012-10-23 00:00:00-04:00,35.84979005953082,36.73939837200619,35.75886057053564,36.56737518310547,4791600,0.0,0.0
2012-10-24 00:00:00-04:00,36.8131104915617,37.14486857645536,36.24051627857947,36.424827575683594,5813600,0.0,0.0
2012-10-25 00:00:00-04:00,36.61406547665002,36.67304270888837,35.02898486341204,35.70970916748047,17436800,0.0,0.0
2012-10-26 00:00:00-04:00,35.78342856566755,36.20611615962334,35.699875000538086,36.039005279541016,8319200,0.0,0.0
2012-10-31 00:00:00-04:00,35.596658350679405,36.18890916329439,35.390226838372485,35.874351501464844,6795600,0.0,0.0
2012-11-01 00:00:00-04:00,35.20346871603896,36.11519719972426,34.168865995997514,35.93334197998047,10004000,0.0,0.0
2012-11-02 00:00:00-04:00,36.16434430679763,36.47398601674563,35.849786577694424,36.02672576904297,7022400,0.0,0.0
2012-11-05 00:00:00-05:00,36.093071564153206,36.093071564153206,35.235411923142216,35.6556396484375,6740400,0.0,0.0
2012-11-06 00:00:00-05:00,35.756401910013636,36.63372573617486,35.756401910013636,36.301963806152344,3989600,0.0,0.0
2012-11-07 00:00:00-05:00,35.85715051356714,36.306870542689936,35.8424062093046,36.007057189941406,5667600,0.0,0.0
2012-11-08 00:00:00-05:00,35.94561586504401,36.06357403510629,35.01914344124461,35.2108268737793,8838400,0.0,0.0
2012-11-09 00:00:00-05:00,34.999490394153106,35.461498635150996,34.65544409755259,34.684932708740234,6524000,0.0,0.0
2012-11-12 00:00:00-05:00,34.81272994227703,35.10025520865782,34.34334945407393,34.81764221191406,4833200,0.0,0.0
2012-11-13 00:00:00-05:00,34.45392694190968,35.06338195954726,34.17868991778108,34.67755889892578,4170000,0.0,0.0
2012-11-14 00:00:00-05:00,35.07075870596554,35.343539602452815,34.24749999814787,34.32613754272461,5552000,0.0,0.0
2012-11-15 00:00:00-05:00,34.45147260909774,34.655444253652306,34.27207730719252,34.58417510986328,4548400,0.0,0.0
2012-11-16 00:00:00-05:00,34.74145716698533,35.60894889526043,34.44164375808202,35.46150207519531,6346000,0.0,0.0
2012-11-19 00:00:00-05:00,35.709706095862515,36.756596875931734,35.709706095862515,36.20366287231445,8460800,0.0,0.0
2012-11-20 00:00:00-05:00,36.21102873650279,36.74675845593438,35.47869579458751,35.85469055175781,12270000,0.0,0.0
2012-11-21 00:00:00-05:00,36.886841024902274,39.096117021614226,36.813115745573874,39.019935607910156,27916800,0.0,0.0
2012-11-23 00:00:00-05:00,38.42767997317942,39.24356654315775,38.09346196557028,39.18458557128906,8430800,0.0,0.0
2012-11-26 00:00:00-05:00,38.550554891343715,39.44262288934531,38.48420551532798,39.37381362915039,10954400,0.0,0.0
2012-11-27 00:00:00-05:00,38.67588928452387,39.13543765071434,38.37115988003868,38.42768096923828,11893200,0.0,0.0
2012-11-28 00:00:00-05:00,38.12049785119095,38.850371037857286,38.09100923753129,38.79384994506836,6702000,0.0,0.0
2012-11-29 00:00:00-05:00,38.82333446414811,39.27059838987454,38.793845853598526,39.0125617980957,5776800,0.0,0.0
2012-11-30 00:00:00-05:00,38.872484584322684,39.01993514121591,38.56775893315105,38.747154235839844,3504000,0.0,0.0
2012-12-03 00:00:00-05:00,39.0002748190968,39.19687431169066,38.550554745353764,38.594791412353516,4642000,0.0,0.0
2012-12-04 00:00:00-05:00,38.59232542718471,38.747148112473006,38.11803283548724,38.567752838134766,3894000,0.0,0.0
2012-12-05 00:00:00-05:00,38.39082119844816,38.61690931092347,37.65603202053573,38.55055618286133,5315200,0.0,0.0
2012-12-06 00:00:00-05:00,38.457169969778356,39.00273173909803,38.33675189913321,38.683258056640625,5110000,0.0,0.0
2012-12-07 00:00:00-05:00,38.604623178781935,38.943757240325006,38.36133461273909,38.50878143310547,5182000,0.0,0.0
2012-12-10 00:00:00-05:00,38.50877755674122,38.94620945449585,38.432596144746924,38.93146514892578,3867600,0.0,0.0
2012-12-11 00:00:00-05:00,38.914263151401904,40.767204557066066,38.914263151401904,40.54848861694336,17480400,0.0,0.0
2012-12-12 00:00:00-05:00,40.592723376620995,41.312768217722116,40.40103990352479,41.047359466552734,9206000,0.0,0.0
2012-12-13 00:00:00-05:00,40.83601314420683,41.14074252481532,40.68365032881418,40.951515197753906,6459200,0.0,0.0
2012-12-14 00:00:00-05:00,40.622214994123595,41.32505563255146,40.622214994123595,40.99329376220703,5086800,0.0,0.0
2012-12-17 00:00:00-05:00,40.491970529482344,41.912396178344515,40.46493805174316,41.509368896484375,10098400,0.0,0.0
2012-12-18 00:00:00-05:00,41.53394107085579,42.182716780225554,41.46267567562085,41.99840545654297,4890000,0.0,0.0
2012-12-19 00:00:00-05:00,42.09179453550781,42.45304505973574,41.73054401127987,41.74283218383789,4176000,0.0,0.0
2012-12-20 00:00:00-05:00,41.77722993589927,41.836210904568645,41.41352333699605,41.79689025878906,4705200,0.0,0.0
2012-12-21 00:00:00-05:00,41.26853111377657,41.71333891183747,41.15794507274999,41.519195556640625,10731600,0.0,0.0
2012-12-24 00:00:00-05:00,41.37666033863798,41.639612948354696,41.2857346230426,41.617496490478516,1648000,0.0,0.0
2012-12-26 00:00:00-05:00,41.5806368883702,41.69859509413114,40.61238739776578,40.8777961730957,3720400,0.0,0.0
2012-12-27 00:00:00-05:00,40.86304636534377,41.15057156245685,39.97343829821664,40.85321807861328,5888800,0.0,0.0
2012-12-28 00:00:00-05:00,40.41087422841867,40.73280408608047,40.18724224720409,40.34697723388672,4128400,0.0,0.0
2012-12-31 00:00:00-05:00,40.25604755580263,41.36683144968269,40.034875480613216,41.31031036376953,6147200,0.0,0.0
2013-01-02 00:00:00-05:00,42.21220503059836,42.7503946433058,41.010495467222434,42.064754486083984,8162800,0.0,0.0
2013-01-03 00:00:00-05:00,41.79443451481728,42.40142964677453,41.31522210827877,41.4602165222168,5707600,0.0,0.0
2013-01-04 00:00:00-05:00,41.44793240381968,41.87307615110423,41.30294172552951,41.681392669677734,3296400,0.0,0.0
2013-01-07 00:00:00-05:00,41.60029464668917,41.60029464668917,40.9810075424757,41.52656936645508,4185600,0.0,0.0
2013-01-08 00:00:00-05:00,41.61749649326544,41.94925461090027,41.175148586595704,41.769859313964844,3953600,0.0,0.0
2013-01-09 00:00:00-05:00,41.80426779184094,42.35965792312585,41.61258430627254,42.22695541381836,3856000,0.0,0.0
2013-01-10 00:00:00-05:00,42.41617791011573,42.718447410481154,41.73545375091716,42.54396438598633,4749200,0.0,0.0
2013-01-11 00:00:00-05:00,42.38915436812237,42.67421973960864,42.079508900214165,42.60049819946289,5296800,0.0,0.0
2013-01-14 00:00:00-05:00,42.49973499259592,42.95191121350347,42.37931690938556,42.7626838684082,3814000,0.0,0.0
2013-01-15 00:00:00-05:00,42.379318014974075,42.99614900343758,42.06476030963018,42.91996383666992,4128000,0.0,0.0
2013-01-16 00:00:00-05:00,42.760222034990335,42.93716118477614,41.10633633611616,41.688758850097656,16573600,0.0,0.0
2013-01-17 00:00:00-05:00,41.96891437999776,42.598029727916646,41.880444799832716,42.054927825927734,6331600,0.0,0.0
2013-01-18 00:00:00-05:00,42.150769075348194,42.293303605636744,41.19726402781531,41.78214645385742,6346000,0.0,0.0
2013-01-22 00:00:00-05:00,41.782148486114664,41.84358559268472,40.82372737372774,41.01295471191406,7501600,0.0,0.0
2013-01-23 00:00:00-05:00,41.0940531542041,42.19992109968898,41.07930884823605,41.88044738769531,5760000,0.0,0.0
2013-01-24 00:00:00-05:00,41.96154539682551,42.63489746059684,41.89765215347838,42.339996337890625,5149600,0.0,0.0
2013-01-25 00:00:00-05:00,42.56117144961143,43.18783069987395,42.418636909368786,42.72582244873047,6508000,0.0,0.0
2013-01-28 00:00:00-05:00,43.57857037600965,43.96685335282053,43.41145949050281,43.76042556762695,8180000,0.0,0.0
2013-01-29 00:00:00-05:00,42.93225426082968,43.24927186710724,42.34491560443569,42.9297981262207,6209600,0.0,0.0
2013-01-30 00:00:00-05:00,43.01580901640477,43.35985911212214,42.204842093966846,42.34246063232422,7241600,0.0,0.0
2013-01-31 00:00:00-05:00,42.61523978514509,42.951913963049975,41.92468723785102,42.300682067871094,4999600,0.0,0.0
2013-02-01 00:00:00-05:00,42.75531266957147,43.21240491933629,42.57100133901829,43.020721435546875,5174000,0.0,0.0
2013-02-04 00:00:00-05:00,42.70861832655002,42.96174266122431,42.23186951855402,42.45549774169922,5354400,0.0,0.0
2013-02-05 00:00:00-05:00,42.53168202852447,42.70124529317411,42.04755732771604,42.367027282714844,3767200,0.0,0.0
2013-02-06 00:00:00-05:00,42.13847935460367,42.59311540431445,41.94187988040919,42.096702575683594,4883200,0.0,0.0
2013-02-07 00:00:00-05:00,42.2097441158794,42.391599283029855,41.570800521507266,41.78951644897461,4346000,0.0,0.0
2013-02-08 00:00:00-05:00,41.895196181685634,42.13111635191769,41.64944772302986,41.764949798583984,4284000,0.0,0.0
2013-02-11 00:00:00-05:00,41.97874922935982,42.0844192558973,41.553601739339726,41.93205642700195,5684000,0.0,0.0
2013-02-12 00:00:00-05:00,41.95662947152268,42.514479471767565,41.892736228033385,42.357200622558594,5906400,0.0,0.0
2013-02-13 00:00:00-05:00,42.35720494003052,42.60295340133266,41.7772384213645,42.34246063232422,4106800,0.0,0.0
2013-02-14 00:00:00-05:00,42.33999455921425,43.11902036752109,42.160599258635635,42.87327194213867,6841200,0.0,0.0
2013-02-15 00:00:00-05:00,42.94453836496185,43.21240325509182,42.41863687203051,43.01334762573242,5413600,0.0,0.0
2013-02-19 00:00:00-05:00,42.9322543817336,43.187834875092115,42.70862238750086,42.964202880859375,3497200,0.0,0.0
2013-02-20 00:00:00-05:00,42.97648934347752,43.15834079323705,42.03772848187241,42.04264450073242,5296800,0.0,0.0
2013-02-21 00:00:00-05:00,41.995948861118954,42.062301986866814,41.22921496296035,41.4208984375,5466800,0.0,0.0
2013-02-22 00:00:00-05:00,41.814094384822724,41.914852142333984,41.47004807847147,41.914852142333984,4078400,0.0,0.0
2013-02-25 00:00:00-05:00,41.72562721965891,42.01315620286211,40.125806177576045,40.18232727050781,10159600,0.0,0.0
2013-02-26 00:00:00-05:00,40.25604807515421,40.96134484052186,39.87513727423757,40.14546203613281,6919200,0.0,0.0
2013-02-27 00:00:00-05:00,40.147918192127165,41.33734339528676,39.811244056530825,41.02524185180664,6224400,0.0,0.0
2013-02-28 00:00:00-05:00,41.057190791855874,41.75265552844631,41.057190791855874,41.585548400878906,14840000,0.0,0.0
2013-03-01 00:00:00-05:00,43.62035112066583,45.0309486138848,41.97137732415366,44.726219177246094,26723200,0.0,0.0
2013-03-04 00:00:00-05:00,44.73112200497376,45.86402220772273,44.598415777418296,45.682167053222656,9554000,0.0,0.0
2013-03-05 00:00:00-05:00,45.15382183086644,45.68217950168908,44.98179491494858,45.65269088745117,9381200,0.0,0.0
2013-03-06 00:00:00-05:00,45.62566107000603,46.07046519322598,45.35779614218531,45.800140380859375,4816400,0.0,0.0
2013-03-07 00:00:00-05:00,45.82471067291839,45.84437099756785,45.237372067125904,45.333213806152344,3820000,0.0,0.0
2013-03-08 00:00:00-05:00,45.66251979906213,45.72150077816705,44.98917143261091,45.6723518371582,4218400,0.0,0.0
2013-03-11 00:00:00-04:00,45.59124793607108,46.185958662592995,45.58878805198375,45.694461822509766,4032000,0.0,0.0
2013-03-12 00:00:00-04:00,44.89823628548689,45.05060285814717,44.35759050300496,44.428855895996094,8922000,0.0,0.0
2013-03-13 00:00:00-04:00,44.60333798761113,44.64019875048149,43.97667877005193,44.45834732055664,6623200,0.0,0.0
2013-03-14 00:00:00-04:00,44.637738143445496,44.94737976999974,43.831683710979895,43.86363220214844,7147600,0.0,0.0
2013-03-15 00:00:00-04:00,43.84889600025991,44.195402229468606,43.29842184871308,43.374603271484375,9867600,0.0,0.0
2013-03-18 00:00:00-04:00,43.07970050593624,43.497472086748225,42.71599387968123,42.79217529296875,6496800,0.0,0.0
2013-03-19 00:00:00-04:00,42.888020418445464,42.93962549289315,41.86816210403567,42.079505920410156,7280800,0.0,0.0
2013-03-20 00:00:00-04:00,42.55134472272173,42.68405099218844,42.214670529508986,42.394065856933594,4590400,0.0,0.0
2013-03-21 00:00:00-04:00,41.96645912410102,42.681584183093854,41.81163641811601,42.448123931884766,6500000,0.0,0.0
2013-03-22 00:00:00-04:00,43.1042693837077,43.52695694663458,42.52676287318798,43.26646423339844,7256400,0.0,0.0
2013-03-25 00:00:00-04:00,43.236979704986695,43.318077137486,42.32279523840621,42.45549774169922,5163200,0.0,0.0
2013-03-26 00:00:00-04:00,42.6373493327499,42.95927915137129,42.06967110298874,42.65946578979492,4500800,0.0,0.0
2013-03-27 00:00:00-04:00,42.49481585374363,43.293498209671796,42.386685950200096,43.222232818603516,5028400,0.0,0.0
2013-03-28 00:00:00-04:00,43.20994408896316,44.04303106253366,43.025632778440276,43.94718933105469,6541200,0.0,0.0
2013-04-01 00:00:00-04:00,43.915240922059,44.148701165874,42.93961941648873,43.10181427001953,4823200,0.0,0.0
2013-04-02 00:00:00-04:00,43.49500988704284,43.56873140586426,42.95927643472861,43.087066650390625,3875600,0.0,0.0
2013-04-03 00:00:00-04:00,42.9617397996799,43.21486036767114,40.96380398162591,41.41106414794922,8306000,0.0,0.0
2013-04-04 00:00:00-04:00,41.413529837171744,41.447934470173166,40.43053603733265,40.89500045776367,5673200,0.0,0.0
2013-04-05 00:00:00-04:00,39.727693906530426,40.725431977885414,39.64414033647551,40.65170669555664,5285200,0.0,0.0
2013-04-08 00:00:00-04:00,40.538660410964525,41.08667832947379,40.29536812884198,41.00558090209961,3674400,0.0,0.0
2013-04-09 00:00:00-04:00,41.16532273250794,41.16532273250794,40.19216094149843,40.62959289550781,5304000,0.0,0.0
2013-04-10 00:00:00-04:00,40.77949614727664,41.58309458447375,40.673822369687656,41.477420806884766,4476400,0.0,0.0
2013-04-11 00:00:00-04:00,41.16777540644168,41.36928715622512,40.70331105348709,40.9195671081543,6846000,0.0,0.0
2013-04-12 00:00:00-04:00,40.882709113352135,41.74282862147763,40.425616881898215,41.65927505493164,7168400,0.0,0.0
2013-04-15 00:00:00-04:00,41.28082020004343,41.76248877251599,40.59272384643555,40.59272384643555,7120000,0.0,0.0
2013-04-16 00:00:00-04:00,40.97609706827857,41.87553352709154,40.81144606011126,41.873077392578125,6039200,0.0,0.0
2013-04-17 00:00:00-04:00,41.49462592835174,41.93943000836482,40.71068779846188,41.12600326538086,22142000,0.0,0.0
2013-04-18 00:00:00-04:00,40.46984430219503,41.197261208749666,40.06681708026992,40.33222579956055,4476800,0.0,4.0
2013-04-19 00:00:00-04:00,40.322410110568825,40.54849825693161,39.074007411225004,40.184791564941406,8713600,0.0,0.0
2013-04-22 00:00:00-04:00,40.361728773920355,40.46985494741549,39.44754419472584,39.63431167602539,4897800,0.0,0.0
2013-04-23 00:00:00-04:00,40.017671628726,40.843386466119924,39.91937376110758,40.38138198852539,4115200,0.0,0.0
2013-04-24 00:00:00-04:00,40.322401450844964,40.82372658079695,40.17495089801144,40.214271545410156,2671100,0.0,0.0
2013-04-25 00:00:00-04:00,40.40103621756398,40.469845470868265,39.92919973069611,40.06681823730469,5148900,0.0,0.0
2013-04-26 00:00:00-04:00,40.14546755302458,40.40104429499212,39.93903975184036,40.017677307128906,2646100,0.0,0.0
2013-04-29 00:00:00-04:00,40.05699196085773,40.57797740482237,39.860392477342856,40.31256866455078,2651800,0.0,0.0
2013-04-30 00:00:00-04:00,40.35189243851344,40.53866364974791,40.01767441558304,40.41087341308594,3806600,0.0,0.0
2013-05-01 00:00:00-04:00,40.50916804587437,41.47250138786149,40.42069846600702,40.85321807861328,6423600,0.0,0.0
2013-05-02 00:00:00-04:00,41.059645858962725,41.38403181867792,40.794237119292156,41.15794372558594,3598400,0.0,0.0
2013-05-03 00:00:00-04:00,41.551140830381016,41.777228913345056,41.34471306982556,41.52165222167969,2897000,0.0,0.0
2013-05-06 00:00:00-04:00,41.61012792492075,42.11145309578155,41.58063556205343,41.71825408935547,4305700,0.0,0.0
2013-05-07 00:00:00-04:00,41.91484913044554,42.121276899422945,41.39386368974355,41.69858932495117,2803000,0.0,0.0
2013-05-08 00:00:00-04:00,41.70842173554192,41.865700572814816,41.482333641326086,41.64944076538086,3029900,0.0,0.0
2013-05-09 00:00:00-04:00,41.62978918503085,43.03547072892454,41.56097991363668,42.41618728637695,6062100,0.0,0.0
2013-05-10 00:00:00-04:00,42.47515779905523,43.49747216920433,42.47515779905523,43.41883087158203,4287000,0.0,0.0
2013-05-13 00:00:00-04:00,43.57610502062674,43.802193082733815,43.08460825522282,43.21239471435547,2945200,0.0,0.0
2013-05-14 00:00:00-04:00,43.300869171486355,44.27403452679417,43.261548525856654,44.21505355834961,4117200,0.0,0.0
2013-05-15 00:00:00-04:00,44.2642100239022,44.30353067622398,43.65475491220986,44.02829360961914,3099500,0.0,0.0
2013-05-16 00:00:00-04:00,44.6180845650637,46.50543446643408,44.5197866925211,45.36516189575195,7165000,0.0,0.0
2013-05-17 00:00:00-04:00,45.39465117325722,46.033598603624625,44.97196356544313,45.99427795410156,4787600,0.0,0.0
2013-05-20 00:00:00-04:00,46.33832720092777,46.77084687345808,46.02376948444596,46.21053695678711,6331700,0.0,0.0
2013-05-21 00:00:00-04:00,46.24985189881676,46.30883286955925,45.51260663874054,45.54209899902344,6112600,0.0,0.0
2013-05-22 00:00:00-04:00,45.640400847375794,46.41696682233752,44.75570495820123,45.0014533996582,6717200,0.0,0.0
2013-05-23 00:00:00-04:00,42.70124338356457,45.2668574447342,42.28838784489615,44.91297912597656,12218700,0.0,0.0
2013-05-24 00:00:00-04:00,42.02298370537731,43.07478674023945,41.08913887307086,42.51448059082031,21576800,0.0,0.0
2013-05-28 00:00:00-04:00,42.78971676980883,42.78971676980883,40.91219885588661,41.08913803100586,10067300,0.0,0.0
2013-05-29 00:00:00-04:00,40.47968503841303,41.639618023958526,40.15529528406147,41.2169303894043,8799500,0.0,0.0
2013-05-30 00:00:00-04:00,41.37420245759938,42.23923791075,41.28573288000644,42.032806396484375,5557500,0.0,0.0
2013-05-31 00:00:00-04:00,41.796893954594125,42.327711470085454,41.36437806224389,41.61012649536133,5758500,0.0,0.0
2013-06-03 00:00:00-04:00,41.64943968699993,41.71824894216127,39.4082153764348,40.34206008911133,8969800,0.0,0.0
2013-06-04 00:00:00-04:00,38.58250335072721,39.50651609377634,36.931073607958616,37.157161712646484,29720600,0.0,0.0
2013-06-05 00:00:00-04:00,38.02220003632448,38.149990278770574,37.04903453585977,37.30461502075195,18556600,0.0,0.0
2013-06-06 00:00:00-04:00,37.225978997960446,37.74696832960468,36.46907322353232,37.412750244140625,10970900,0.0,0.0
2013-06-07 00:00:00-04:00,37.727300454276126,38.96587090569433,37.61917054386987,38.93638229370117,10146600,0.0,0.0
2013-06-10 00:00:00-04:00,39.27060020872741,39.29026053327882,37.864918876800836,38.02219772338867,10800800,0.0,0.0
2013-06-11 00:00:00-04:00,37.58968446784205,37.66832202173688,36.704988550126785,36.95073699951172,8942900,0.0,0.0
2013-06-12 00:00:00-04:00,37.47171642452922,37.85508334331531,36.65583365502964,36.94090270996094,7769100,0.0,0.0
2013-06-13 00:00:00-04:00,36.822943699233235,37.33410088150194,36.242977256834465,37.157161712646484,5839000,0.0,0.0
2013-06-14 00:00:00-04:00,37.14732984313917,38.06151421079262,36.86226079304872,36.921241760253906,4942800,0.0,0.0
2013-06-17 00:00:00-04:00,36.587032541144076,38.159821211712085,36.449414001197376,37.57002639770508,6521400,0.0,0.0
2013-06-18 00:00:00-04:00,37.59951400756836,37.86492279171829,37.39308620317081,37.59951400756836,3207200,0.0,0.0
2013-06-19 00:00:00-04:00,37.5995146570491,37.84526311885988,36.940910579311705,37.00971984863281,4960400,0.0,0.0
2013-06-20 00:00:00-04:00,36.72465359642436,37.1473412836821,35.95791953573554,36.12502670288086,5537300,0.0,0.0
2013-06-21 00:00:00-04:00,36.37076766550981,38.16964797428677,35.476243529675344,37.648658752441406,15540200,0.0,0.0
2013-06-24 00:00:00-04:00,36.990053127019586,36.990053127019586,35.515562611058826,36.321617126464844,8583200,0.0,0.0
2013-06-25 00:00:00-04:00,36.97039840648006,37.589685566989104,36.70498962340475,36.803287506103516,5831200,0.0,0.0
2013-06-26 00:00:00-04:00,37.10801134611431,37.55035925119821,37.07852273571648,37.353759765625,5046600,0.0,0.0
2013-06-27 00:00:00-04:00,37.68797704730637,38.287603779447124,37.64865640097705,38.179473876953125,5187200,0.0,0.0
2013-06-28 00:00:00-04:00,37.78626972057098,37.914059928668216,37.16698650019308,37.53069305419922,5064800,0.0,0.0
2013-07-01 00:00:00-04:00,37.904239036663604,38.0615178812214,37.11784106405118,37.157161712646484,3799100,0.0,0.0
2013-07-02 00:00:00-04:00,37.09818256792013,37.74695823684289,37.08835053136887,37.52086639404297,4111000,0.0,0.0
2013-07-03 00:00:00-04:00,37.24563343983426,38.08118039634854,37.13750352488811,37.8944091796875,2292300,0.0,0.0
2013-07-05 00:00:00-04:00,38.2974313188748,38.40556121925902,37.6781480254758,38.27777099609375,2824600,0.0,0.0
2013-07-08 00:00:00-04:00,38.36624587649748,38.69063562248575,37.678153233171464,37.776451110839844,3846100,0.0,0.0
2013-07-09 00:00:00-04:00,37.83542771573205,38.14998538771447,37.29477820155298,38.06151580810547,3796000,0.0,0.0
2013-07-10 00:00:00-04:00,38.11066948104098,39.29026277259135,37.92390201189313,39.06417465209961,4668200,0.0,0.0
2013-07-11 00:00:00-04:00,39.52617316728604,40.990835333502496,39.477024235495826,40.81389617919922,6911700,0.0,0.0
2013-07-12 00:00:00-04:00,40.853227605626586,41.875538406047006,40.62713945986899,41.708431243896484,5274600,0.0,0.0
2013-07-15 00:00:00-04:00,41.55114804868686,41.708426905455056,40.58781458225375,41.26607894897461,4151300,0.0,0.0
2013-07-16 00:00:00-04:00,41.22675398473627,41.33488389054525,40.69594024231009,41.128456115722656,3897400,0.0,0.0
2013-07-17 00:00:00-04:00,41.28573699756256,42.013154013632445,41.020328238313695,41.98366165161133,4606300,0.0,0.0
2013-07-18 00:00:00-04:00,41.82638264220965,42.26873057258513,40.833560620543366,41.18743896484375,5920400,0.0,0.0
2013-07-19 00:00:00-04:00,41.13828946184093,42.02298539105583,40.990842640187644,41.77723693847656,6078500,0.0,0.0
2013-07-22 00:00:00-04:00,41.7772342066183,41.796894531517886,41.12845848422611,41.32505798339844,3133800,0.0,0.0
2013-07-23 00:00:00-04:00,41.41352395777203,42.4260062279225,41.295562018665066,41.816551208496094,4638200,0.0,0.0
2013-07-24 00:00:00-04:00,42.278564232698635,42.78972148944252,41.2365931418727,41.295570373535156,6022200,0.0,0.0
2013-07-25 00:00:00-04:00,41.4036975575525,42.730741429482094,41.344720329793674,42.48499298095703,5236900,0.0,0.0
2013-07-26 00:00:00-04:00,42.23924453243196,42.59312289827986,41.56097641461559,42.48499298095703,2733000,0.0,0.0
2013-07-29 00:00:00-04:00,42.42600526492167,42.691413997153155,41.78705790030996,42.573455810546875,3087200,0.0,0.0
2013-07-30 00:00:00-04:00,42.848698575162146,43.66458145417999,42.7798893112627,43.24189758300781,4357900,0.0,0.0
2013-07-31 00:00:00-04:00,43.21240159027678,43.5367913069749,42.9076759471252,43.00597381591797,3263200,0.0,0.0
2013-08-01 00:00:00-04:00,43.41883593516504,44.824517420597296,43.39917935829054,44.37234115600586,5479000,0.0,0.0
2013-08-02 00:00:00-04:00,44.20523049534333,44.824513862984276,44.165909845067326,44.74587631225586,3494500,0.0,0.0
2013-08-05 00:00:00-04:00,44.53944423379749,45.316006377934265,44.48046326406347,44.91297912597656,2620900,0.0,0.0
2013-08-06 00:00:00-04:00,44.60825847735631,44.87366724609671,44.13642191620349,44.64757537841797,2750300,0.0,0.0
2013-08-07 00:00:00-04:00,44.43132298251731,44.43132298251731,43.43849708936637,44.15608215332031,3000300,0.0,0.0
2013-08-08 00:00:00-04:00,44.43131762574125,44.912982456573054,44.20522951639643,44.470638275146484,3400700,0.0,0.0
2013-08-09 00:00:00-04:00,44.46079954293356,44.8048495486867,44.09709296526122,44.441139221191406,2543800,0.0,0.0
2013-08-12 00:00:00-04:00,44.37233552604387,44.90315303007877,44.29369797905171,44.61808395385742,2862900,0.0,0.0
2013-08-13 00:00:00-04:00,44.588596918327596,44.726215442795194,43.7432216967997,44.30352783203125,3644600,0.0,0.0
2013-08-14 00:00:00-04:00,44.33302100874894,44.48047158575839,43.438496757790745,43.90050506591797,3741400,0.0,0.0
2013-08-15 00:00:00-04:00,43.35985707460695,43.42866634055223,42.13111482583584,42.85852813720703,5910700,0.0,0.0
2013-08-16 00:00:00-04:00,42.78970891440882,43.35984698508705,42.73073170007858,43.08460998535156,4073400,0.0,0.0
2013-08-19 00:00:00-04:00,43.05512268105004,43.418829294786164,42.61277477254755,42.70124435424805,3482000,0.0,0.0
2013-08-20 00:00:00-04:00,42.69141262419239,43.11410017491295,42.288385395577784,42.65209197998047,3571400,0.0,0.0
2013-08-21 00:00:00-04:00,42.691417942338106,43.39917462702704,42.50465048380007,42.76022720336914,5379900,0.0,0.0
2013-08-22 00:00:00-04:00,43.00597381591797,43.21240159027678,42.76022539411272,43.00597381591797,2964900,0.0,0.0
2013-08-23 00:00:00-04:00,42.41618553898772,42.98632001416976,42.26873496360373,42.84870147705078,4312800,0.0,0.0
2013-08-26 00:00:00-04:00,42.42600234801843,43.09443827586913,42.41617406223661,42.661922454833984,5731000,0.0,0.0
2013-08-27 00:00:00-04:00,42.19009127834055,42.24907225513392,41.610128547412415,41.7379150390625,5589800,0.0,0.0
2013-08-28 00:00:00-04:00,41.72808139006337,42.514475563822614,41.659272134223386,42.052467346191406,5877500,0.0,0.0
2013-08-29 00:00:00-04:00,41.63961021618956,43.23205882578285,41.39386181193898,42.90767288208008,13186500,0.0,0.0
2013-08-30 00:00:00-04:00,46.8593057824652,49.09070183160495,46.574240472085606,48.29447937011719,31862700,0.0,0.0
2013-09-03 00:00:00-04:00,48.61886971579509,49.2971377995655,48.294483729933056,48.73683166503906,10222700,0.0,0.0
2013-09-04 00:00:00-04:00,47.979929630969245,48.412445561173094,47.4786006836324,47.940608978271484,8027400,0.0,0.0
2013-09-05 00:00:00-04:00,47.63587239180758,48.284648064607985,47.54740281143374,47.77349090576172,5991900,0.0,0.0
2013-09-06 00:00:00-04:00,47.861958410399644,48.412436192165664,47.20335447937563,47.64570236206055,5185300,0.0,0.0
2013-09-09 00:00:00-04:00,47.77349420097662,48.3632926940918,47.714516976541574,48.3632926940918,5220300,0.0,0.0
2013-09-10 00:00:00-04:00,48.60903974063942,49.228326828287145,48.51073811968232,49.16934585571289,5138200,0.0,0.0
2013-09-11 00:00:00-04:00,48.94325725410896,49.56254058563029,48.64835989388594,49.0317268371582,4309400,0.0,0.0
2013-09-12 00:00:00-04:00,48.98258413850817,49.739486084513395,48.55989649343707,49.11037063598633,3839600,0.0,0.0
2013-09-13 00:00:00-04:00,49.07104392204467,49.23815480169509,48.343630680714796,48.795806884765625,3350800,0.0,0.0
2013-09-16 00:00:00-04:00,49.34628698670643,49.601863711715396,48.64836232435161,48.805641174316406,3347600,0.0,0.0
2013-09-17 00:00:00-04:00,49.00223510134824,49.61169390338344,48.85478829426754,49.051387786865234,3167000,0.0,0.0
2013-09-18 00:00:00-04:00,49.080878101842416,51.675980994698634,49.02189712706894,51.59734344482422,10464300,0.0,0.0
2013-09-19 00:00:00-04:00,51.76444943343827,53.327409606933976,51.76444943343827,52.472206115722656,6897600,0.0,0.0
2013-09-20 00:00:00-04:00,52.590168065762604,53.101325289464754,51.852922719046305,51.86275100708008,6106400,0.0,0.0
2013-09-23 00:00:00-04:00,51.93155705531479,52.73761155959597,51.00754061151204,51.459716796875,4339300,0.0,0.0
2013-09-24 00:00:00-04:00,51.2827845123595,51.83326238778721,50.83060826637803,51.2532958984375,2979400,0.0,0.0
2013-09-25 00:00:00-04:00,51.16481939218899,52.255942957728244,51.11567045901996,51.57767868041992,4045800,0.0,0.0
2013-09-26 00:00:00-04:00,51.96104706902296,53.0226783046346,51.95121503221893,52.41322326660156,4141300,0.0,0.0
2013-09-27 00:00:00-04:00,52.128155322694035,52.187136295322496,51.42040240026962,51.538360595703125,3948100,0.0,0.0
2013-09-30 00:00:00-04:00,50.27030452657419,51.361428292178914,49.896765816316744,51.0272102355957,5051500,0.0,0.0
2013-10-01 00:00:00-04:00,51.253286314326786,51.92172227027203,51.04685855582627,51.734954833984375,3753300,0.0,0.0
2013-10-02 00:00:00-04:00,51.361417058435705,52.24611282348633,51.154989296531596,52.24611282348633,3207700,0.0,0.0
2013-10-03 00:00:00-04:00,52.11832710221223,52.432884790319804,50.830603988518234,51.11567306518555,3089100,0.0,0.0
2013-10-04 00:00:00-04:00,51.35159406610514,52.46237428028825,51.19431521941759,51.93156051635742,3600800,0.0,0.0
2013-10-07 00:00:00-04:00,51.528529754454645,52.29526741712381,51.13533451061071,51.272953033447266,2974800,0.0,0.0
2013-10-08 00:00:00-04:00,51.656314613055486,51.921723343681556,48.65818478533769,49.28730010986328,5746200,0.0,0.0
2013-10-09 00:00:00-04:00,49.4052645767382,49.64118472833982,47.871796715710246,49.06121826171875,4749700,0.0,0.0
2013-10-10 00:00:00-04:00,49.34628245639698,50.88958220181149,49.257812877049886,50.66349411010742,4789800,0.0,0.0
2013-10-11 00:00:00-04:00,50.66349673874808,50.99771475030851,50.03438136400454,50.20148849487305,2614300,0.0,0.0
2013-10-14 00:00:00-04:00,49.65101369027525,50.33911007948247,49.120199904154155,50.29978942871094,3866500,0.0,0.0
2013-10-15 00:00:00-04:00,50.25063617294993,50.65366343417353,49.739479006306254,49.85744094848633,3661500,0.0,0.0
2013-10-16 00:00:00-04:00,50.11302163173433,52.02986022123104,50.11302163173433,51.685813903808594,5546400,0.0,0.0
2013-10-17 00:00:00-04:00,51.60716867345464,52.19696338693621,51.36142025120009,52.10849380493164,3001700,0.0,0.0
2013-10-18 00:00:00-04:00,52.599995676263816,53.22911484721008,52.403399919530784,53.179962158203125,4548400,0.0,0.0
2013-10-21 00:00:00-04:00,55.19509882802119,55.28356841273413,53.79924579697514,54.1629524230957,4200400,0.0,0.0
2013-10-22 00:00:00-04:00,54.42835870187208,54.556148929495286,52.1084930303038,53.356895446777344,5078500,0.0,0.0
2013-10-23 00:00:00-04:00,53.032507116196584,53.12097669293577,52.07900209465458,52.43288040161133,2532500,0.0,0.0
2013-10-24 00:00:00-04:00,52.83590932370778,53.61247521651614,52.72777942093406,53.455196380615234,3193100,0.0,0.0
2013-10-25 00:00:00-04:00,53.622312889738055,53.956530943259864,52.737620689114834,53.632144927978516,2715100,0.0,0.0
2013-10-28 00:00:00-04:00,53.63213664966326,53.877885070208194,51.31227095974733,52.5803337097168,4450100,0.0,0.0
2013-10-29 00:00:00-04:00,52.83591499064475,53.170133021508754,51.90207016177561,52.786766052246094,3553400,0.0,0.0
2013-10-30 00:00:00-04:00,52.91455686054224,53.18979391839127,51.72513153950109,51.892242431640625,4280300,0.0,0.0
2013-10-31 00:00:00-04:00,51.89223527521224,52.79658762618241,51.61699450549784,52.45254135131836,3504400,0.0,0.0
2013-11-01 00:00:00-04:00,52.629483769520554,53.70094705600628,52.629483769520554,53.04233932495117,4330500,0.0,0.0
2013-11-04 00:00:00-05:00,53.57316105928607,54.72326198302877,53.22911473589903,54.634796142578125,4889200,0.0,0.0
2013-11-05 00:00:00-05:00,54.45785079287457,54.762576430547476,53.91720127476469,54.742916107177734,4262000,0.0,0.0
2013-11-06 00:00:00-05:00,54.95918469830289,54.998505351326834,53.73044241498381,54.290748596191406,4634200,0.0,0.0
2013-11-07 00:00:00-05:00,54.959180369488124,56.266563855880094,53.27826195826151,53.42570877075195,6338600,0.0,0.0
2013-11-08 00:00:00-05:00,53.42570590503097,54.60529909079974,53.42570590503097,54.546321868896484,4167400,0.0,0.0
2013-11-11 00:00:00-05:00,54.73309155819093,55.185267777104954,54.10397616668907,55.16560745239258,3391900,0.0,0.0
2013-11-12 00:00:00-05:00,55.175440523128195,56.5221409176503,55.0083296348547,55.745574951171875,6072000,0.0,0.0
2013-11-13 00:00:00-05:00,55.79472404993555,56.777717807861166,55.686597886415555,56.2370719909668,4583700,0.0,0.0
2013-11-14 00:00:00-05:00,56.119110859010526,56.70890558303301,55.77506456163465,56.02081298828125,4850200,0.0,0.0
2013-11-15 00:00:00-05:00,56.414010474564726,56.90550734749151,55.8045554020861,56.33537292480469,5295000,0.0,0.0
2013-11-18 00:00:00-05:00,57.210234474569646,57.377341604777826,54.271081641888436,54.56597900390625,15146000,0.0,0.0
2013-11-19 00:00:00-05:00,54.428360821883864,54.428360821883864,51.65631885207431,51.84309005737305,16325400,0.0,0.0
2013-11-20 00:00:00-05:00,52.55084503067619,53.868056807063624,52.42305854291388,52.69829559326172,7664600,0.0,0.0
2013-11-21 00:00:00-05:00,52.95386930877886,53.58298467371499,52.83591111530918,53.51417541503906,5691100,0.0,0.0
2013-11-22 00:00:00-05:00,53.72060513097154,54.15312099233726,53.57315458173472,53.75992202758789,3344800,0.0,0.0
2013-11-25 00:00:00-05:00,52.8555784999143,53.219285165761946,50.96822840316051,51.85292434692383,8399600,0.0,0.0
2013-11-26 00:00:00-05:00,51.66615252529724,52.2362869468066,51.11567467881963,51.41057205200195,5694000,0.0,0.0
2013-11-27 00:00:00-05:00,51.734964893191275,52.000373669935755,50.997719541064534,51.813602447509766,3770700,0.0,0.0
2013-11-29 00:00:00-05:00,50.2506384065272,51.705468676336864,50.12285192155383,51.20414352416992,5635300,0.0,0.0
2013-12-02 00:00:00-05:00,51.12550306018544,51.40074385884127,50.42757840074727,50.68315887451172,4235400,0.0,0.0
2013-12-03 00:00:00-05:00,50.31944873372013,50.91907552144401,50.17200192105228,50.75196838378906,3832700,0.0,0.0
2013-12-04 00:00:00-05:00,50.52587341586839,51.72512307877948,50.47672073515786,51.38107681274414,4090700,0.0,0.0
2013-12-05 00:00:00-05:00,51.30243675866698,52.24611350361323,51.12549760335351,52.14781188964844,4855500,0.0,0.0
2013-12-06 00:00:00-05:00,52.767107460338195,53.22911574607475,52.32475950057168,52.963706970214844,4570100,0.0,0.0
2013-12-09 00:00:00-05:00,52.70812412726439,53.091491091990754,52.02985978581189,52.76710510253906,3173600,0.0,0.0
2013-12-10 00:00:00-05:00,53.062003734542294,53.612481600657624,52.74744602528315,52.806427001953125,3986400,0.0,0.0
2013-12-11 00:00:00-05:00,52.39356369334838,52.57050286012218,50.329278414085294,50.55536651611328,6996000,0.0,0.0
2013-12-12 00:00:00-05:00,50.34894200486565,50.74213726223364,49.43475750049519,50.11302185058594,5813800,0.0,0.0
2013-12-13 00:00:00-05:00,50.46689913094728,50.919075354699,49.89676095765929,50.26047134399414,4452300,0.0,0.0
2013-12-16 00:00:00-05:00,49.857443063651296,50.35876821480331,49.26764457719915,50.28995895385742,6554600,0.0,0.0
2013-12-17 00:00:00-05:00,50.42757966402707,51.558023999747775,49.93608277890045,51.33193588256836,6232700,0.0,0.0
2013-12-18 00:00:00-05:00,51.499036318376334,52.501690283467056,50.84043237797282,52.45254135131836,5557300,0.0,0.0
2013-12-19 00:00:00-05:00,52.38373264285373,53.032508303525304,51.84308688393128,52.16747283935547,3597900,0.0,0.0
2013-12-20 00:00:00-05:00,52.27560946139445,53.288091853708316,52.255949135837795,52.806427001953125,5795000,0.0,0.0
2013-12-23 00:00:00-05:00,53.22911822421042,53.81891303147509,52.93421707075415,53.65180587768555,4289500,0.0,0.0
2013-12-24 00:00:00-05:00,53.553495755615565,54.035164313407535,53.52400714487313,53.8680534362793,1327500,0.0,0.0
2013-12-26 00:00:00-05:00,53.94669435621029,54.2317596743259,53.60264431737332,53.91720199584961,1985400,0.0,0.0
2013-12-27 00:00:00-05:00,53.96636148222147,54.00567838461936,53.40605531244587,53.52401351928711,1837300,0.0,0.0
2013-12-30 00:00:00-05:00,53.34706983100631,54.30057494286426,53.05217246388406,54.23176193237305,3743400,0.0,0.0
2013-12-31 00:00:00-05:00,54.202273945297165,54.605301226634666,53.92703689945405,54.25142288208008,3101700,0.0,0.0
2014-01-02 00:00:00-05:00,54.26125430147145,54.27108258878672,53.48468835974406,53.92703628540039,2730200,0.0,0.0
2014-01-03 00:00:00-05:00,53.995845913952486,54.448022130004766,53.59281863445833,54.182613372802734,1968700,0.0,0.0
2014-01-06 00:00:00-05:00,54.26125195801662,54.30057260522643,53.11114740098131,53.30774688720703,2532700,0.0,0.0
2014-01-07 00:00:00-05:00,53.504349549781764,54.18261388021199,53.36673102620087,54.015506744384766,2787200,0.0,0.0
2014-01-08 00:00:00-05:00,54.25142161793161,56.15843181918957,53.82873402176557,55.97166061401367,7036900,0.0,0.0
2014-01-09 00:00:00-05:00,56.04046696689121,56.04046696689121,54.7035987377063,55.33271408081055,4968100,0.0,0.0
2014-01-10 00:00:00-05:00,55.55880729039072,56.06996449120136,54.86088262671263,55.98149490356445,3517500,0.0,0.0
2014-01-13 00:00:00-05:00,56.001151396677606,56.3943466205188,54.91002780709073,55.25407409667969,5306500,0.0,0.0
2014-01-14 00:00:00-05:00,55.25407980606446,56.69908187129629,54.70360568584182,56.5319709777832,4924600,0.0,0.0
2014-01-15 00:00:00-05:00,56.52213667755972,58.832170328800224,56.49264806706271,58.704383850097656,8745500,0.0,0.0
2014-01-16 00:00:00-05:00,58.478293289814246,58.63557212221135,57.84917421040269,58.20305252075195,5644800,0.0,0.0
2014-01-17 00:00:00-05:00,58.25220062844495,58.891147985291816,57.849173391766755,58.84199905395508,4333300,0.0,0.0
2014-01-21 00:00:00-05:00,59.24503515621304,60.03142942474818,58.635580066826265,59.91347122192383,6130800,0.0,0.0
2014-01-22 00:00:00-05:00,59.95279578904005,60.40497205425684,59.47112715882294,60.100242614746094,3515900,0.0,0.0
2014-01-23 00:00:00-05:00,59.05826187133789,59.12707112869223,57.91798560701269,59.05826187133789,4875700,0.0,0.0
2014-01-24 00:00:00-05:00,58.46846101080202,58.547102301585696,57.259379288676556,57.406829833984375,4803500,0.0,0.0
2014-01-27 00:00:00-05:00,57.514957109512615,57.67223594433442,55.981489407455896,56.10927963256836,5136700,0.0,0.0
2014-01-28 00:00:00-05:00,56.620436963451155,58.41931727704674,56.30587927197381,58.36033630371094,5534700,0.0,0.0
2014-01-29 00:00:00-05:00,57.56412183908667,58.212897637229624,56.80721611628256,56.97432327270508,4077800,0.0,0.0
2014-01-30 00:00:00-05:00,58.0359501758096,60.44428554172683,57.71156044803135,59.933128356933594,5946200,0.0,0.0
2014-01-31 00:00:00-05:00,59.009102128126464,60.21818375533456,58.97961352130912,59.5005989074707,4612200,0.0,0.0
2014-02-03 00:00:00-05:00,60.06091788971899,60.15921951668298,57.08244796444759,57.47564697265625,5450000,0.0,0.0
2014-02-04 00:00:00-05:00,58.40948661262869,60.306664843213866,58.05561201376765,59.92329788208008,5948100,0.0,0.0
2014-02-05 00:00:00-05:00,59.53993064860979,60.827653800472305,58.74370436771141,60.581905364990234,4860800,0.0,0.0
2014-02-06 00:00:00-05:00,60.798161686263974,61.68285755753655,60.06091637681134,60.65071487426758,5180000,0.0,0.0
2014-02-07 00:00:00-05:00,61.004598146346964,61.60422122991114,60.17888318312513,60.50326919555664,7537900,0.0,0.0
2014-02-10 00:00:00-05:00,60.5327515291554,60.65070971869026,59.60873508663316,60.00193405151367,5846400,0.0,0.0
2014-02-11 00:00:00-05:00,60.20836576885153,60.749011568647944,60.11006789609708,60.18870544433594,6376300,0.0,0.0
2014-02-12 00:00:00-05:00,60.50326131570632,60.8079907117899,60.06091340197963,60.434452056884766,4786500,0.0,0.0
2014-02-13 00:00:00-05:00,60.14938620958243,62.24316394692926,60.13955792200529,62.056396484375,4760400,0.0,0.0
2014-02-14 00:00:00-05:00,62.39061382818311,62.459423089942575,61.338810827204505,61.73200607299805,3654800,0.0,0.0
2014-02-18 00:00:00-05:00,62.25299918768875,62.8526222561621,61.230684735176425,62.64619445800781,3780100,0.0,0.0
2014-02-19 00:00:00-05:00,62.28248309258767,62.87227782838381,61.78115419231982,61.948265075683594,4929600,0.0,0.0
2014-02-20 00:00:00-05:00,62.13503410099556,62.17435475099337,60.9357842746509,61.93843460083008,5738900,0.0,0.0
2014-02-21 00:00:00-05:00,62.27265147893883,63.55054633156052,62.27265147893883,62.50857162475586,5516500,0.0,0.0
2014-02-24 00:00:00-05:00,61.682855194962904,63.23598705397043,60.749010422126275,62.82312774658203,5698600,0.0,0.0
2014-02-25 00:00:00-05:00,62.83295785567615,62.911599154534606,62.213674501371635,62.5773811340332,4895500,0.0,0.0
2014-02-26 00:00:00-05:00,62.69534183403578,63.63901495904862,61.62387846819088,62.65602493286133,7285700,0.0,0.0
2014-02-27 00:00:00-05:00,62.43975791312105,65.22162802902992,62.42992587659171,65.09384155273438,9345800,0.0,0.0
2014-02-28 00:00:00-05:00,64.91691155903673,65.8605847086356,59.933133284802,61.309322357177734,18892500,0.0,0.0
2014-03-03 00:00:00-05:00,59.61857145998024,60.66054241800999,58.80268486094142,60.44428634643555,9303400,0.0,0.0
2014-03-04 00:00:00-05:00,61.122553585083196,62.29231483420208,60.95544269245268,61.99741744995117,7927200,0.0,0.0
2014-03-05 00:00:00-05:00,61.99741529833991,62.66585134601664,61.86962506133077,62.597042083740234,5464400,0.0,0.0
2014-03-06 00:00:00-05:00,62.66584991625066,62.78380811320126,61.66319586761183,62.06622314453125,3958800,0.0,0.0
2014-03-07 00:00:00-05:00,62.125198507847166,62.282477339519765,58.71420939303268,59.707035064697266,11239300,0.0,0.0
2014-03-10 00:00:00-04:00,59.70703582164663,59.94295219723484,58.56676334010843,58.76335906982422,6012000,0.0,0.0
2014-03-11 00:00:00-04:00,58.969787089769135,61.29948084716055,58.5077789027158,59.982269287109375,9907300,0.0,0.0
2014-03-12 00:00:00-04:00,59.37282204254526,60.48360224355244,58.62574471727346,60.47377395629883,5573400,0.0,0.0
2014-03-13 00:00:00-04:00,60.74900337573439,61.11270995566274,57.42648397716158,58.05560302734375,9256600,0.0,0.0
2014-03-14 00:00:00-04:00,57.98680027083315,58.2816976321801,56.630267908849085,57.17091369628906,6782900,0.0,0.0
2014-03-17 00:00:00-04:00,57.61325891070707,58.26203457516706,57.03329250233956,57.328189849853516,6285200,0.0,0.0
2014-03-18 00:00:00-04:00,57.49530495289483,58.61591720581055,56.99397605038612,58.61591720581055,6019300,0.0,0.0
2014-03-19 00:00:00-04:00,58.44881131704927,58.78302936401131,56.934999942584476,57.43632888793945,4918600,0.0,0.0
2014-03-20 00:00:00-04:00,57.35768028552968,58.37016633564988,56.77771385870006,58.114585876464844,4708400,0.0,0.0
2014-03-21 00:00:00-04:00,58.724042928118074,58.89115005048771,55.804550556493325,56.06012725830078,10227600,0.0,0.0
2014-03-24 00:00:00-04:00,56.531971840639216,56.571292492633475,54.72326309696458,55.40153121948242,6299000,0.0,0.0
2014-03-25 00:00:00-04:00,55.843878587931485,57.111937727803415,54.32023521280597,55.68659973144531,7581100,0.0,0.0
2014-03-26 00:00:00-04:00,56.109284837191005,56.23707132433356,54.20227456953387,54.27108383178711,6485400,0.0,0.0
2014-03-27 00:00:00-04:00,54.06465662954431,55.6964261160067,52.944044346649164,55.01816177368164,6206100,0.0,0.0
2014-03-28 00:00:00-04:00,55.11645280476033,55.971656217109285,54.64461631002217,54.80189514160156,5109500,0.0,0.0
2014-03-31 00:00:00-04:00,55.21475020634238,56.20757586911175,55.1852615974877,56.11910629272461,6520600,0.0,0.0
2014-04-01 00:00:00-04:00,56.630268582458136,57.888499339077434,56.620436545396366,57.80002975463867,5356600,0.0,0.0
2014-04-02 00:00:00-04:00,58.0457752716165,58.340672621676816,56.72856360817871,57.16108322143555,4799700,0.0,0.0
2014-04-03 00:00:00-04:00,57.08244176866405,57.24955264145263,54.59546899868008,54.79206848144531,6053200,0.0,0.0
2014-04-04 00:00:00-04:00,55.2933963881316,55.64727472498739,53.13080946831999,53.48468780517578,6496700,0.0,0.0
2014-04-07 00:00:00-04:00,53.21927692451386,54.565977208300794,52.16747399304055,53.05216979980469,6017700,0.0,0.0
2014-04-08 00:00:00-04:00,53.25860147306923,54.57581324306829,52.21662675208313,54.27108383178711,8810300,0.0,0.0
2014-04-09 00:00:00-04:00,54.81172993927379,56.12894171641025,54.34972542590199,55.98149490356445,7376700,0.0,0.0
2014-04-10 00:00:00-04:00,55.981493258157904,56.10928349206045,53.30774913244994,53.62230682373047,10912100,0.0,0.0
2014-04-11 00:00:00-04:00,52.9047195318875,53.57315553394832,51.862744881657804,51.97087478637695,6425100,0.0,0.0
2014-04-14 00:00:00-04:00,52.58034068061767,53.828739522649386,52.177313367485084,52.86540603637695,4860500,0.0,0.0
2014-04-15 00:00:00-04:00,53.0325176980163,54.43819917011924,51.980714603481076,54.290748596191406,6137700,0.0,0.0
2014-04-16 00:00:00-04:00,55.00833192263687,55.12629387802661,53.58299016851268,55.027992248535156,4516800,0.0,0.0
2014-04-17 00:00:00-04:00,54.76257954969795,55.480164519361004,54.16295277714874,55.14594650268555,3817000,0.0,0.0
2014-04-21 00:00:00-04:00,55.12629599186728,55.52932331367711,54.44802784675091,55.155784606933594,3009500,0.0,0.0
2014-04-22 00:00:00-04:00,55.067305008234456,56.42383730221196,54.998495752363866,56.10927963256836,4662900,0.0,0.0
2014-04-23 00:00:00-04:00,55.55880690770466,55.65710478225812,54.14329726508761,54.69377136230469,4229200,0.0,0.0
2014-04-24 00:00:00-04:00,55.32287946596769,55.63743712285981,52.265768722588334,53.79924011230469,6003000,0.0,0.0
2014-04-25 00:00:00-04:00,53.406048149354596,53.445365046479104,51.51869834391688,51.90206527709961,5321300,0.0,0.0
2014-04-28 00:00:00-04:00,52.137984415154826,52.22645399418938,47.458932512607916,48.29447937011719,17648300,0.0,0.0
2014-04-29 00:00:00-04:00,48.39277615823068,50.43740471713574,47.36063359235903,49.89675521850586,10347900,0.0,0.0
2014-04-30 00:00:00-04:00,49.73948662015076,50.86010274345919,48.982584665994565,50.77163314819336,6857500,0.0,0.0
2014-05-01 00:00:00-04:00,51.01737388556533,52.767101449522286,50.9092439799593,51.194313049316406,6405200,0.0,0.0
2014-05-02 00:00:00-04:00,51.19431268072837,52.137985714057656,50.742132737829365,51.548187255859375,6515700,0.0,0.0
2014-05-05 00:00:00-04:00,52.06918142614622,52.914556672040874,51.1156762651036,52.73761749267578,7025800,0.0,0.0
2014-05-06 00:00:00-04:00,52.27560286451156,52.79658830163467,50.78145205917213,50.899410247802734,6947000,0.0,0.0
2014-05-07 00:00:00-04:00,50.83060708018018,50.91907666970537,48.34363403549507,49.5723762512207,9039300,0.0,0.0
2014-05-08 00:00:00-04:00,49.36594365681532,51.19431249593045,48.72699626686277,49.29713439941406,6499300,0.0,0.0
2014-05-09 00:00:00-04:00,49.13985382205396,49.88692734018178,48.4812461318913,49.42491912841797,5307000,0.0,0.0
2014-05-12 00:00:00-04:00,50.034381767627885,52.7376144932894,49.985229081848004,52.52135467529297,6558300,0.0,0.0
2014-05-13 00:00:00-04:00,52.9440469285518,53.28809326031562,51.312277362513505,51.39091491699219,5321200,0.0,0.0
2014-05-14 00:00:00-04:00,51.14515797800258,52.11832333321338,50.84043234896064,50.997711181640625,3277300,0.0,0.0
2014-05-15 00:00:00-04:00,51.36142651729552,51.41057545777793,49.7394852326093,50.54553985595703,4762400,0.0,0.0
2014-05-16 00:00:00-04:00,50.72247171415718,51.04686142416243,49.63135189370569,50.919071197509766,4646100,0.0,0.0
2014-05-19 00:00:00-04:00,51.06653327396793,52.52136377943705,50.781464146253434,52.324764251708984,4816200,0.0,0.0
2014-05-20 00:00:00-04:00,52.9047201690351,53.22910988709926,51.499038890403746,51.990535736083984,10653800,0.0,0.0
2014-05-21 00:00:00-04:00,51.70547115049931,52.098670161078424,48.77615014613827,49.336456298828125,20536600,0.0,0.0
2014-05-22 00:00:00-04:00,49.434753938950806,53.32740808044106,49.08087560793835,52.36407470703125,13735500,0.0,0.0
2014-05-23 00:00:00-04:00,51.75462015840582,52.74744215226436,51.223802656822805,52.50169372558594,6646200,0.0,0.0
2014-05-27 00:00:00-04:00,51.9905409880875,53.681291507967984,51.95122033650337,53.435543060302734,5931300,0.0,0.0
2014-05-28 00:00:00-04:00,53.22910659226401,53.43553435471441,52.43288040161133,52.43288040161133,5945800,0.0,0.0
2014-05-29 00:00:00-04:00,52.21662287855084,54.02533138751294,52.13798533459072,53.474857330322266,6813000,0.0,0.0
2014-05-30 00:00:00-04:00,54.55614544962726,54.59546609405299,51.58750429229941,51.734954833984375,9683400,0.0,0.0
2014-06-02 00:00:00-04:00,51.734968131619254,51.95122423189981,50.761802555972736,51.489219665527344,4070400,0.0,0.0
2014-06-03 00:00:00-04:00,51.04686381476178,51.26312363155971,50.04420977754878,50.08353042602539,5793700,0.0,0.0
2014-06-04 00:00:00-04:00,49.76897261219271,50.643836414559416,49.35611330387763,50.20148849487305,4712800,0.0,0.0
2014-06-05 00:00:00-04:00,50.594689105793506,50.89941476595722,49.88693241153849,50.49638748168945,5410000,0.0,0.0
2014-06-06 00:00:00-04:00,50.86009397738027,51.40073974423243,50.712643427410015,50.919071197509766,3153900,0.0,0.0
2014-06-09 00:00:00-04:00,50.928909997562535,51.204147060914345,50.270302203340165,50.83060836791992,3931400,0.0,0.0
2014-06-10 00:00:00-04:00,50.72247255189807,52.29526469487198,50.72247255189807,52.15764617919922,6589800,0.0,0.0
2014-06-11 00:00:00-04:00,51.79394157000054,52.69829780888862,51.607174099386924,52.40340042114258,4151400,0.0,0.0
2014-06-12 00:00:00-04:00,52.26577553094452,52.65897452819092,51.73496175943249,52.13798904418945,3626800,0.0,0.0
2014-06-13 00:00:00-04:00,52.22645778769545,53.46502823432043,51.85291912132585,53.386390686035156,5127700,0.0,0.0
2014-06-16 00:00:00-04:00,52.25594054833487,53.799240227588584,51.62682523320254,53.68128204345703,6994100,0.0,0.0
2014-06-17 00:00:00-04:00,53.376561860750215,57.013639621021504,53.32741292138649,56.836700439453125,13418900,0.0,0.0
2014-06-18 00:00:00-04:00,56.610610452040234,56.954656766066634,55.77506726093407,56.77771759033203,6043400,0.0,0.0
2014-06-19 00:00:00-04:00,56.98414906164034,57.62309275119941,56.53196908539214,56.89567947387695,4735800,0.0,0.0
2014-06-20 00:00:00-04:00,56.98415096916799,56.98415096916799,56.04047408482801,56.5319709777832,5955600,0.0,0.0
2014-06-23 00:00:00-04:00,56.47299172978418,57.23972565541521,55.78489535430382,57.01363754272461,3897100,0.0,0.0
2014-06-24 00:00:00-04:00,57.10210184440633,57.22989207012329,56.10927989798912,56.48281478881836,7784300,0.0,0.0
2014-06-25 00:00:00-04:00,56.13877646886529,56.69908263438927,55.666939895256874,56.43367385864258,3233100,0.0,0.0
2014-06-26 00:00:00-04:00,56.62043769805132,56.9939763677108,55.922513045394965,56.197750091552734,3048800,0.0,0.0
2014-06-27 00:00:00-04:00,55.961834496545706,56.610610221657794,55.95200245914291,56.40418243408203,3288100,0.0,0.0
2014-06-30 00:00:00-04:00,56.374688805511724,57.632923327335284,56.374688805511724,57.09227752685547,5393200,0.0,0.0
2014-07-01 00:00:00-04:00,57.24955659267772,58.47829875748617,57.18074358161083,58.19322967529297,5288500,0.0,0.0
2014-07-02 00:00:00-04:00,58.16374171773796,58.46847114762167,57.67224481459741,57.908164978027344,3621800,0.0,0.0
2014-07-03 00:00:00-04:00,57.99663182217174,58.075273122862896,56.974317412128336,57.760711669921875,2415000,0.0,0.0
2014-07-07 00:00:00-04:00,57.72138902326215,57.72138902326215,56.21740617076522,56.3648567199707,4332400,0.0,0.0
2014-07-08 00:00:00-04:00,56.36485922371855,56.36485922371855,53.15046935673446,53.95652389526367,9256400,0.0,0.0
2014-07-09 00:00:00-04:00,54.162952241205815,54.52666261592842,53.258599822575796,53.67145538330078,4227400,0.0,0.0
2014-07-10 00:00:00-04:00,52.50169636814383,54.10397724068502,52.393566454991095,53.37656021118164,4437400,0.0,0.0
2014-07-11 00:00:00-04:00,53.573151166582434,53.858220210362134,52.83590596704231,53.288082122802734,2521500,0.0,0.0
2014-07-14 00:00:00-04:00,53.75991946773741,54.261248311412565,53.12097586772289,53.79924011230469,3004800,0.0,0.0
2014-07-15 00:00:00-04:00,53.838562580314644,54.025330023600205,52.255942206199414,52.826080322265625,4646700,0.0,0.0
2014-07-16 00:00:00-04:00,53.07182949656136,53.327406198928934,52.767100111202545,53.032508850097656,2537400,0.0,0.0
2014-07-17 00:00:00-04:00,52.708118639076304,53.35689430025006,51.587506474305556,51.74478530883789,4800100,0.0,0.0
2014-07-18 00:00:00-04:00,52.079006998591936,53.34706980131771,51.82343028051448,52.59016418457031,3597800,0.0,0.0
2014-07-21 00:00:00-04:00,52.3444140082667,52.570502107056,51.685810035683524,52.41322326660156,2662700,0.0,0.0
2014-07-22 00:00:00-04:00,52.61964823434978,53.081656444084295,52.501690047757855,52.68845748901367,2991500,0.0,0.0
2014-07-23 00:00:00-04:00,53.042335798612605,53.052167834892096,52.27560196103035,52.68845748901367,3209400,0.0,0.0
2014-07-24 00:00:00-04:00,52.786765719528645,53.779587768288934,52.757273356816434,53.14064407348633,3122800,0.0,0.0
2014-07-25 00:00:00-04:00,52.97353018975747,54.42836042392784,52.67863282807029,53.95652389526367,4911200,0.0,0.0
2014-07-28 00:00:00-04:00,53.80908209877951,54.26125834545086,52.944046507451546,53.0816650390625,4017700,0.0,0.0
2014-07-29 00:00:00-04:00,53.33723501770083,54.2219308228432,52.72777999072679,53.897544860839844,3704400,0.0,0.0
2014-07-30 00:00:00-04:00,54.15312344643391,55.52931613559938,54.10397451106873,55.29339599609375,3881200,0.0,0.0
2014-07-31 00:00:00-04:00,54.7330930329208,54.95918114846953,53.22911377522444,53.32741165161133,4291100,0.0,0.0
2014-08-01 00:00:00-04:00,53.40605401476158,53.81890960358604,52.01020089339952,52.57050704956055,4311800,0.0,0.0
2014-08-04 00:00:00-04:00,52.97352491187521,54.21209895731196,52.86539501507103,53.96635055541992,3499900,0.0,0.0
2014-08-05 00:00:00-04:00,53.691117913176726,54.38904632993794,53.11115144703136,53.37656021118164,3379200,0.0,0.0
2014-08-06 00:00:00-04:00,53.1799614219772,53.986016012859395,52.64914763639345,52.973533630371094,2606600,0.0,0.0
2014-08-07 00:00:00-04:00,53.248766346688406,53.80907619939765,52.452543858283875,52.83591079711914,2754000,0.0,0.0
2014-08-08 00:00:00-04:00,52.99318995654321,53.61247703444993,52.61965130242862,53.51417541503906,2516700,0.0,0.0
2014-08-11 00:00:00-04:00,53.75009549361322,54.241592340665406,53.53383568096678,53.93686294555664,2573500,0.0,0.0
2014-08-12 00:00:00-04:00,53.465033622382435,53.56333525492495,51.60717589030334,51.85292434692383,6298600,0.0,0.0
2014-08-13 00:00:00-04:00,52.128157830900896,52.58033780982941,51.843092490705644,51.921730041503906,4714700,0.0,0.0
2014-08-14 00:00:00-04:00,52.2461200542511,52.83591481269593,51.92173031222991,52.59999465942383,4855700,0.0,0.0
2014-08-15 00:00:00-04:00,52.924384333175794,53.130812123382846,52.1183297477566,52.71795654296875,4697000,0.0,0.0
2014-08-18 00:00:00-04:00,53.18978764194061,53.700944796074346,52.983359872912544,53.455196380615234,4757300,0.0,0.0
2014-08-19 00:00:00-04:00,53.60264202438092,54.27107800000478,53.504344160245765,54.02532958984375,4713500,0.0,0.0
2014-08-20 00:00:00-04:00,54.438192647892066,54.61513181547688,53.71077565339633,54.448020935058594,5057600,0.0,0.0
2014-08-21 00:00:00-04:00,54.70360364651323,55.09679889632499,53.95652629717082,54.76258087158203,9544200,0.0,0.0
2014-08-22 00:00:00-04:00,56.9055096677836,59.97244922994899,56.78755146342208,58.78302764892578,25342200,0.0,0.0
2014-08-25 00:00:00-04:00,58.33085483733365,58.674901182711956,57.544460512309016,58.22272491455078,7388400,0.0,0.0
2014-08-26 00:00:00-04:00,57.80986480372916,58.842007509409434,57.38717718381247,58.62574768066406,5760900,0.0,0.0
2014-08-27 00:00:00-04:00,58.40948604850076,59.569418958064745,58.311188174737104,58.566768646240234,5347600,0.0,0.0
2014-08-28 00:00:00-04:00,57.161091336474094,58.02612318614799,56.81704125437362,57.298709869384766,5848400,0.0,0.0
2014-08-29 00:00:00-04:00,57.07261969706157,58.87149634817358,56.94482945687454,58.08510208129883,5603900,0.0,0.0
2014-09-02 00:00:00-04:00,58.19323250165719,59.0877566910906,58.1047629115012,58.832176208496094,5268100,0.0,0.0
2014-09-03 00:00:00-04:00,58.98945264673353,59.34333099286088,57.82952348417235,58.026119232177734,3935200,0.0,0.0
2014-09-04 00:00:00-04:00,58.17357330107298,58.851837672169715,57.849183547619916,58.07527542114258,4244200,0.0,0.0
2014-09-05 00:00:00-04:00,57.96714697667332,58.87149949445485,57.75088713554128,58.79286193847656,2789700,0.0,0.0
2014-09-08 00:00:00-04:00,58.80268619484834,59.96261912712952,58.75353725700394,59.33350372314453,3976900,0.0,0.0
2014-09-09 00:00:00-04:00,59.471123553671205,59.89381117808816,58.56677107805967,58.645408630371094,4419500,0.0,0.0
2014-09-10 00:00:00-04:00,58.792856965657826,59.68738111946536,58.49795584366697,59.667720794677734,2744000,0.0,0.0
2014-09-11 00:00:00-04:00,59.36298994698268,60.39513259947373,59.097581193515246,60.169044494628906,4437000,0.0,0.0
2014-09-12 00:00:00-04:00,59.874151590745164,60.01177012135461,58.055614579422546,58.24238204956055,5814000,0.0,0.0
2014-09-15 00:00:00-04:00,58.144081940544524,58.144081940544524,55.86353673550544,56.59095001220703,5678500,0.0,0.0
2014-09-16 00:00:00-04:00,56.482817540848956,56.96448610751325,56.05030165942522,56.63026809692383,4062100,0.0,0.0
2014-09-17 00:00:00-04:00,56.48281641562038,57.07261487834673,56.0208119321149,56.47298812866211,4674700,0.0,0.0
2014-09-18 00:00:00-04:00,56.91534062526026,56.944829238335,56.21741220062771,56.679420471191406,3573200,0.0,0.0
2014-09-19 00:00:00-04:00,57.3281988649334,57.80003544511849,56.74823236536393,57.24956130981445,6455500,0.0,0.0
2014-09-22 00:00:00-04:00,57.062776822170925,57.239715967341674,55.6374353748834,56.345191955566406,5440900,0.0,0.0
2014-09-23 00:00:00-04:00,56.20757868039612,56.817033709421715,55.834040033653785,55.8438720703125,4010800,0.0,0.0
2014-09-24 00:00:00-04:00,55.981495796382504,56.856359649287135,55.63744572794142,56.679420471191406,4153700,0.0,0.0
2014-09-25 00:00:00-04:00,56.58111054005523,56.79736657290374,54.85103977833009,54.968997955322266,4901400,0.0,0.0
2014-09-26 00:00:00-04:00,55.057475918666874,55.71608365273779,54.88054050111741,55.59812545776367,2830800,0.0,0.0
2014-09-29 00:00:00-04:00,54.61513144324553,56.414007968332974,54.34972269367721,56.25672912597656,4540800,0.0,0.0
2014-09-30 00:00:00-04:00,56.197749769859534,56.69907867228973,55.74557355381059,56.55162811279297,3922200,0.0,0.0
2014-10-01 00:00:00-04:00,56.31571375983146,56.39435131121118,55.431017870411935,55.765235900878906,4546700,0.0,0.0
2014-10-02 00:00:00-04:00,55.45067732920335,56.12894166727689,55.24424954150579,55.67676544189453,4604400,0.0,0.0
2014-10-03 00:00:00-04:00,56.64992607476953,57.564110484994536,56.51230756137192,57.4658088684082,5317700,0.0,0.0
2014-10-06 00:00:00-04:00,57.957312273278326,58.085102514418246,56.74823037585078,57.308536529541016,3295100,0.0,0.0
2014-10-07 00:00:00-04:00,56.9251667337962,57.141426554261805,55.91268439220453,55.94217300415039,2470800,0.0,0.0
2014-10-08 00:00:00-04:00,56.03063702543751,57.07261162532056,54.99849446177565,56.91533279418945,3417000,0.0,0.0
2014-10-09 00:00:00-04:00,56.7678832042949,58.38982422434688,55.951996676075616,56.15842819213867,5436800,0.0,0.0
2014-10-10 00:00:00-04:00,56.09945457929186,56.90550917681793,53.82873760343749,53.83856964111328,5873000,0.0,0.0
2014-10-13 00:00:00-04:00,53.81891541268855,54.04500355713739,51.803778690580096,52.324764251708984,5442200,0.0,0.0
2014-10-14 00:00:00-04:00,53.00301854880251,53.3667289179822,51.528527997558506,51.823429107666016,5739700,0.0,0.0
2014-10-15 00:00:00-04:00,51.0665178789181,52.491859337968016,50.17199385976092,52.187129974365234,7010000,0.0,0.0
2014-10-16 00:00:00-04:00,51.08618311065858,53.29791890629278,50.81094232843313,52.9538688659668,5464200,0.0,0.0
2014-10-17 00:00:00-04:00,53.80908084318699,55.32288840540773,53.73043954134505,54.68394470214844,5410300,0.0,0.0
2014-10-20 00:00:00-04:00,53.818906230341,55.42118704568802,53.75992525713843,55.0771369934082,3805600,0.0,0.0
2014-10-21 00:00:00-04:00,55.44084852264292,56.472991201292565,55.07713813840111,56.266563415527344,4283700,0.0,0.0
2014-10-22 00:00:00-04:00,55.80455317350311,56.21740873035871,55.05747585658812,55.29339599609375,3960500,0.0,0.0
2014-10-23 00:00:00-04:00,55.863536783186476,57.92782216456743,55.83404442071629,56.89567947387695,5139900,0.0,0.0
2014-10-24 00:00:00-04:00,56.964493035977036,58.66507190704737,56.81704246196808,58.556941986083984,4268000,0.0,0.0
2014-10-27 00:00:00-04:00,58.36033210134953,58.36033210134953,57.41665909486869,58.10475540161133,2850900,0.0,0.0
2014-10-28 00:00:00-04:00,58.95013657613111,60.670375644137245,58.842006663313235,60.483604431152344,6107900,0.0,0.0
2014-10-29 00:00:00-04:00,60.13955613834332,60.25751433488839,59.333501587275705,59.933128356933594,3781600,0.0,0.0
2014-10-30 00:00:00-04:00,59.56941637184046,60.81781881352137,59.1958814678969,60.670372009277344,2935100,0.0,0.0
2014-10-31 00:00:00-04:00,61.918774042936825,63.501390730404694,61.86962135868936,62.90176773071289,7418900,0.0,0.0
2014-11-03 00:00:00-05:00,62.832957606702834,63.40309577169694,62.351292777485675,62.50857162475586,3815600,0.0,0.0
2014-11-04 00:00:00-05:00,62.361116634204045,62.872273788970865,61.91877248568837,62.48890686035156,2655100,0.0,0.0
2014-11-05 00:00:00-05:00,62.88210401007087,62.9214246554154,60.54257810959509,60.85713577270508,4971200,0.0,0.0
2014-11-06 00:00:00-05:00,61.0242525674349,62.37095292778558,60.82765307144082,62.01707458496094,3994200,0.0,0.0
2014-11-07 00:00:00-05:00,62.52823225018699,63.54071459999541,62.37095340216021,62.882110595703125,3639500,0.0,0.0
2014-11-10 00:00:00-05:00,62.96074758796007,63.44241238654725,62.0563914612986,63.353939056396484,2566000,0.0,0.0
2014-11-11 00:00:00-05:00,63.353940364687766,63.63900943494356,62.37095042382769,62.97057342529297,2026800,0.0,0.0
2014-11-12 00:00:00-05:00,62.70517286790894,62.84279139437569,62.184183625083065,62.68551254272461,2364200,0.0,0.0
2014-11-13 00:00:00-05:00,62.91159898085494,63.12785880229515,61.66319648859978,62.08588409423828,3025400,0.0,0.0
2014-11-14 00:00:00-05:00,62.11537107667243,62.84278807072656,61.319148572847546,62.82312774658203,3150500,0.0,0.0
2014-11-17 00:00:00-05:00,62.64618724484858,63.00989385921762,61.38795652498381,61.44693374633789,3334100,0.0,0.0
2014-11-18 00:00:00-05:00,61.44694019276866,62.24316651299123,61.102893866031344,61.407623291015625,4129800,0.0,0.0
2014-11-19 00:00:00-05:00,61.12254170104749,61.152030308792014,59.42196324102565,59.982269287109375,7256300,0.0,0.0
2014-11-20 00:00:00-05:00,58.41932054906011,58.665068993654906,56.82687167803648,57.308536529541016,15530100,0.0,0.0
2014-11-21 00:00:00-05:00,57.88850149771844,58.56676958698244,56.67941963185147,57.20040512084961,10342800,0.0,0.0
2014-11-24 00:00:00-05:00,56.31571750124569,57.2495623910468,55.83404887393392,57.10211181640625,9220400,0.0,0.0
2014-11-25 00:00:00-05:00,56.98414459308902,58.370165526144824,56.95465223293155,58.33084487915039,5882600,0.0,0.0
2014-11-26 00:00:00-05:00,58.271873856772835,58.40949239492415,57.90816718454092,58.22272491455078,3257300,0.0,0.0
2014-11-28 00:00:00-05:00,56.944823173336694,59.26468881700094,56.76788401408615,58.851829528808594,4469000,0.0,0.0
2014-12-01 00:00:00-05:00,58.085103709206116,58.79286044414098,57.9573134654376,58.07527542114258,4355400,0.0,0.0
2014-12-02 00:00:00-05:00,58.468470171250885,58.71421861871738,57.58377801026572,58.24238204956055,4939400,0.0,0.0
2014-12-03 00:00:00-05:00,58.409487333218706,58.566769934417614,57.54445552556632,57.8786735534668,3056600,0.0,0.0
2014-12-04 00:00:00-05:00,57.662413971595534,58.114590202492465,57.54445577001886,57.94748306274414,3087400,0.0,0.0
2014-12-05 00:00:00-05:00,57.976964723292745,58.13424355647587,57.564109192370736,57.84917449951172,2732000,0.0,0.0
2014-12-08 00:00:00-05:00,57.544449693107325,57.73121713836568,55.19509544826134,55.4506721496582,5057200,0.0,0.0
2014-12-09 00:00:00-05:00,54.103973039485005,55.24424555813037,52.53118090181407,55.185264587402344,6117600,0.0,0.0
2014-12-10 00:00:00-05:00,55.15577348301813,55.78488880971101,54.12363091579868,54.379207611083984,5642900,0.0,0.0
2014-12-11 00:00:00-05:00,54.55614790244249,55.3818627233913,54.2219299094436,54.5364875793457,4179300,0.0,0.0
2014-12-12 00:00:00-05:00,54.369381128785065,54.7625763461039,53.97618216164297,54.133460998535156,4477700,0.0,0.0
2014-12-15 00:00:00-05:00,54.47751017204503,55.204927174895005,54.17278451867856,54.467681884765625,4892200,0.0,0.0
2014-12-16 00:00:00-05:00,53.43553495756436,54.72325422817876,52.83590823621422,52.87522888183594,5924300,0.0,0.0
2014-12-17 00:00:00-05:00,53.26842968984024,56.276391899376584,53.17013181527293,56.030643463134766,9257500,0.0,0.0
2014-12-18 00:00:00-05:00,57.49530335819678,58.56676664482879,57.318364191609966,58.32101821899414,11006500,0.0,0.0
2014-12-19 00:00:00-05:00,58.5962506474483,59.45145405214143,58.301353309604785,58.84199905395508,9550200,0.0,0.0
2014-12-22 00:00:00-05:00,58.91080830779113,59.461286088302636,58.43897181727689,58.84199905395508,5297700,0.0,0.0
2014-12-23 00:00:00-05:00,58.97962585953641,59.82500109682822,58.86166765776796,59.47112274169922,3404100,0.0,0.0
2014-12-24 00:00:00-05:00,59.50060804064028,59.84465808888563,59.06809215836365,59.304012298583984,2309500,0.0,0.0
2014-12-26 00:00:00-05:00,59.43180368966276,60.06091911578022,58.90098614269224,59.766021728515625,3454700,0.0,0.0
2014-12-29 00:00:00-05:00,59.382650406662115,59.893807590450905,58.99928345627638,59.32366943359375,2632500,0.0,0.0
2014-12-30 00:00:00-05:00,59.23519815150551,59.785675968232475,58.006456038133706,58.419315338134766,2777100,0.0,0.0
2014-12-31 00:00:00-05:00,58.37998717511699,59.20570191899901,58.21288006912583,58.30134963989258,3232000,0.0,0.0
2015-01-02 00:00:00-05:00,58.881327301661386,59.40231279078158,57.51496283520845,58.23255157470703,2796400,0.0,0.0
2015-01-05 00:00:00-05:00,57.603424094388444,58.2325431551675,56.856350600083935,57.18073654174805,3688200,0.0,0.0
2015-01-06 00:00:00-05:00,57.1905826715365,57.55428934722129,55.58830164108342,56.22724914550781,3174900,0.0,0.0
2015-01-07 00:00:00-05:00,56.80720917076805,56.964488019275365,55.637444219535354,55.96183395385742,4284300,0.0,0.0
2015-01-08 00:00:00-05:00,56.35502334523915,57.78036102636322,56.19774077371456,57.59359359741211,3756600,0.0,0.0
2015-01-09 00:00:00-05:00,58.153907400661176,58.48812541014063,56.78754675155569,57.17091369628906,6875300,0.0,0.0
2015-01-12 00:00:00-05:00,57.455978971366804,57.603425767378994,56.54179458676326,56.74822235107422,2724500,0.0,0.0
2015-01-13 00:00:00-05:00,57.39700551552016,58.52744984868846,56.32554215837041,56.98414993286133,3509100,0.0,0.0
2015-01-14 00:00:00-05:00,56.43366891978864,56.797375543689654,55.42118659522638,56.276390075683594,3098400,0.0,0.0
2015-01-15 00:00:00-05:00,56.1780988388754,56.56146583229271,54.09414922109206,54.17279052734375,4821000,0.0,0.0
2015-01-16 00:00:00-05:00,54.025335640666846,55.75540674186898,54.01550735308183,55.67676544189453,3236700,0.0,0.0
2015-01-20 00:00:00-05:00,55.73574552148572,56.58112073351229,54.86088169735424,56.315711975097656,6521500,0.0,0.0
2015-01-21 00:00:00-05:00,56.02081230582415,57.55428006953094,55.8733617517031,56.72856521606445,3544900,0.0,0.0
2015-01-22 00:00:00-05:00,56.92516795516537,57.465813768105804,56.19775092969789,57.01363754272461,5481500,0.0,0.0
2015-01-23 00:00:00-05:00,57.01363757551061,58.0457802644129,56.797377750280646,57.62309265136719,3887300,0.0,0.0
2015-01-26 00:00:00-05:00,57.53461700998464,58.959958549363186,57.40683053563402,58.76335906982422,4753200,0.0,0.0
2015-01-27 00:00:00-05:00,57.89832877599787,57.89832877599787,56.26655943060415,56.80720520019531,4150700,0.0,0.0
2015-01-28 00:00:00-05:00,57.4363257526351,57.505135015916125,55.39169692993164,55.39169692993164,4683400,0.0,0.0
2015-01-29 00:00:00-05:00,55.834047282130705,57.26921733511066,54.900202418953086,57.1119384765625,4424500,0.0,0.0
2015-01-30 00:00:00-05:00,56.52214054993405,57.151255949126764,55.411356563958655,55.48999786376953,3817400,0.0,0.0
2015-02-02 00:00:00-05:00,55.912682457190265,56.355030370186896,54.50700117245839,56.305877685546875,3495200,0.0,0.0
2015-02-03 00:00:00-05:00,56.679417398265166,57.66241111224814,56.25672980126661,57.61326217651367,3474200,0.0,0.0
2015-02-04 00:00:00-05:00,57.44615160202418,58.458637682713835,57.22006349657946,57.98680114746094,3013100,0.0,0.0
2015-02-05 00:00:00-05:00,57.947479248518846,58.46846470852844,57.7607080460072,58.25220489501953,2513000,0.0,0.0
2015-02-06 00:00:00-05:00,58.252207838017206,58.68472748688662,57.652584801779845,58.16373825073242,2714200,0.0,0.0
2015-02-09 00:00:00-05:00,57.84917622489653,57.97696645248897,56.83669394044626,56.99397277832031,2879000,0.0,0.0
2015-02-10 00:00:00-05:00,57.50512641707988,58.163730338522825,57.229889405112445,57.79019546508789,3093700,0.0,0.0
2015-02-11 00:00:00-05:00,57.81969007893878,58.09492711949339,57.61326229852282,57.80002975463867,3413700,0.0,0.0
2015-02-12 00:00:00-05:00,58.28169799442979,60.29683435095301,58.21288873468193,60.21819305419922,5284800,0.0,0.0
2015-02-13 00:00:00-05:00,60.20836244177048,62.14486117657577,60.06091189096337,61.781150817871094,5107000,0.0,0.0
2015-02-17 00:00:00-05:00,61.51574844993254,61.54523706142241,60.7785031640982,61.01441955566406,3447200,0.0,0.0
2015-02-18 00:00:00-05:00,61.338801839400915,61.92859649658203,61.23067194395902,61.92859649658203,2534300,0.0,0.0
2015-02-19 00:00:00-05:00,61.52557292941676,61.958088787068625,60.95543481040807,61.7418327331543,2320900,0.0,0.0
2015-02-20 00:00:00-05:00,61.71234805802481,62.66585322069902,61.44693928852301,62.65602493286133,3473800,0.0,0.0
2015-02-23 00:00:00-05:00,62.0662211381696,62.36111849592496,61.309315545042736,61.5157470703125,4671400,0.0,0.0
2015-02-24 00:00:00-05:00,61.515751800931696,61.525580088689225,60.50326567001859,60.87680435180664,5481700,0.0,0.0
2015-02-25 00:00:00-05:00,60.876799055983156,61.97775093041042,60.837478408726355,61.800811767578125,7634000,0.0,0.0
2015-02-26 00:00:00-05:00,68.82921899610561,69.79255616984398,67.82656867210189,69.04547882080078,20370800,0.0,0.0
2015-02-27 00:00:00-05:00,68.66209666062579,69.21257813790669,67.83638569417263,68.20008850097656,8289500,0.0,0.0
2015-03-02 00:00:00-05:00,66.23411088449508,67.629967597729,65.53618627770139,67.29574584960938,8124800,0.0,0.0
2015-03-03 00:00:00-05:00,66.90255560231671,67.21711331820953,65.5755154727579,65.81143188476562,4945600,0.0,0.0
2015-03-04 00:00:00-05:00,65.25113270295289,65.27079678085262,63.619366720746946,63.776641845703125,9121300,0.0,0.0
2015-03-05 00:00:00-05:00,64.01254006052739,64.93654886001636,63.658661797014055,64.47454071044922,3925200,0.0,0.0
2015-03-06 00:00:00-05:00,64.07152925505186,64.81860656216143,63.18683343079665,63.46207046508789,3861800,0.0,0.0
2015-03-09 00:00:00-04:00,63.64884347333178,64.55319589728471,63.22615587305969,64.3664321899414,4567800,0.0,0.0
2015-03-10 00:00:00-04:00,63.678332302606194,63.855271473083874,62.67567825317383,62.67567825317383,3941700,0.0,0.0
2015-03-11 00:00:00-04:00,62.911599782667686,63.403096655969776,62.56755347128564,62.597042083740234,3374100,0.0,0.0
2015-03-12 00:00:00-04:00,62.577380846129984,64.2386389037249,62.577380846129984,63.84543991088867,3809500,0.0,0.0
2015-03-13 00:00:00-04:00,63.707820144289386,64.30744690923487,62.813299765210516,63.50139236450195,3248000,0.0,0.0
2015-03-16 00:00:00-04:00,63.84544360224668,65.33959836148267,63.80613045037239,65.30027770996094,4538900,0.0,0.0
2015-03-17 00:00:00-04:00,64.83825846872392,66.411046765488,64.75961717897418,66.4012222290039,5594700,0.0,0.0
2015-03-18 00:00:00-04:00,65.89990128934056,67.7675908969643,65.6148322045243,67.38422393798828,5576600,0.0,0.0
2015-03-19 00:00:00-04:00,67.13847226280133,67.77741216382938,66.9418690243224,67.70860290527344,3883100,0.0,0.0
2015-03-20 00:00:00-04:00,68.01333949174997,68.70143211212968,66.14564987974454,66.53884887695312,8649500,0.0,0.0
2015-03-23 00:00:00-04:00,66.54865914991248,67.09914062786744,66.23410151950056,66.50934600830078,3659000,0.0,0.0
2015-03-24 00:00:00-04:00,66.5290222551334,66.6764728285451,66.11616664929882,66.22429656982422,3216100,0.0,0.0
2015-03-25 00:00:00-04:00,66.15547815178545,66.19479129958638,64.41557512555077,64.66132354736328,4030100,0.0,0.0
2015-03-26 00:00:00-04:00,64.60233947822051,65.32975262977928,63.7078117178118,64.86774444580078,2971600,0.0,0.0
2015-03-27 00:00:00-04:00,64.66133394747733,65.54602990822598,64.44507410155568,65.41824340820312,2106400,0.0,0.0
2015-03-30 00:00:00-04:00,66.2537920537005,66.4110671819041,65.11351550071826,65.71314239501953,2741200,0.0,0.0
2015-03-31 00:00:00-04:00,65.3789116331616,66.80424946660965,65.32975894939584,65.6738052368164,4031700,0.0,0.0
2015-04-01 00:00:00-04:00,65.3789177849338,65.41823843571693,64.30745067512343,64.95623016357422,3713000,0.0,0.0
2015-04-02 00:00:00-04:00,65.12333291494473,65.76228032271882,64.63183606275646,65.5460205078125,2021600,0.0,0.0
2015-04-06 00:00:00-04:00,65.11349051416283,66.90253847138709,64.87757416256338,66.78458404541016,6375400,0.0,0.0
2015-04-07 00:00:00-04:00,67.07948941099872,68.56381202938547,66.83374098078586,67.04016876220703,3817100,0.0,0.0
2015-04-08 00:00:00-04:00,67.09915573931036,67.74792771705039,66.65680405027896,67.05000305175781,2566700,0.0,0.0
2015-04-09 00:00:00-04:00,67.15812794164813,67.18761655211522,65.68363742112045,66.5879898071289,2577500,0.0,0.0
2015-04-10 00:00:00-04:00,66.45038729013902,66.83375431780216,65.80161520472771,66.48970794677734,1953000,0.0,0.0
2015-04-13 00:00:00-04:00,66.60766031031467,67.15813442456317,65.86058294122932,65.93922424316406,2131000,0.0,0.0
2015-04-14 00:00:00-04:00,65.97854540920079,66.26361450620414,65.17249080719549,65.7721176147461,1938000,0.0,0.0
2015-04-15 00:00:00-04:00,66.12597856101732,66.36190243328541,65.8409170064077,66.06700134277344,2140200,0.0,0.0
2015-04-16 00:00:00-04:00,65.53619399835674,67.0500053307329,65.51653742245591,66.75511169433594,2269300,0.0,0.0
2015-04-17 00:00:00-04:00,66.01786640010269,66.01786640010269,64.32711588484541,64.6908187866211,3794200,0.0,0.0
2015-04-20 00:00:00-04:00,65.06435111475581,65.90972624101227,65.06435111475581,65.76227569580078,1945200,0.0,0.0
2015-04-21 00:00:00-04:00,66.24394000737479,66.78458950276733,65.96870299140993,66.2341079711914,2223700,0.0,0.0
2015-04-22 00:00:00-04:00,66.2341048857469,66.96152553650644,65.8802265960925,66.5584945678711,2051400,0.0,0.0
2015-04-23 00:00:00-04:00,66.21446403303214,67.90521459617149,66.11616615138053,67.30558776855469,3518400,0.0,0.0
2015-04-24 00:00:00-04:00,67.43337749954108,67.54150742443917,66.23412378677882,66.67647552490234,1910900,0.0,0.0
2015-04-27 00:00:00-04:00,67.2957534002365,67.7675937153325,66.54867602618761,66.68629455566406,2643200,0.0,0.0
2015-04-28 00:00:00-04:00,66.81409180097204,67.17779471816645,65.4378989395383,65.75245666503906,2832800,0.0,0.0
2015-04-29 00:00:00-04:00,65.18231369312711,77.12568935276283,64.76945811468224,73.38048553466797,28245800,0.0,0.0
2015-04-30 00:00:00-04:00,70.96232064622012,72.74153691963771,69.79255569316591,71.58160400390625,17492100,0.0,0.0
2015-05-01 00:00:00-04:00,72.12225879584877,73.23303910522262,70.77555457149032,72.1124267578125,9210800,0.0,0.0
2015-05-04 00:00:00-04:00,71.04095108308819,71.13925645236823,69.80238442634435,70.3823471069336,5058500,0.0,0.0
2015-05-05 00:00:00-04:00,70.28403732457112,74.88444734034705,69.79254056006363,71.51277923583984,20008500,0.0,0.0
2015-05-06 00:00:00-04:00,72.39748433224091,74.2455097073817,71.56194122378642,72.53510284423828,11122100,0.0,0.0
2015-05-07 00:00:00-04:00,72.82018101288575,73.4984416212377,72.1517449425864,73.25269317626953,4377700,0.0,0.0
2015-05-08 00:00:00-04:00,70.7755479596481,72.25003854214076,70.5396315663504,71.16874694824219,6156400,0.0,0.0
2015-05-11 00:00:00-04:00,70.26440320614923,71.05079378085749,69.9891586303711,69.9891586303711,4048500,0.0,0.0
2015-05-12 00:00:00-04:00,69.49765830412015,70.92300380660693,68.84888629926037,70.5494613647461,3575500,0.0,0.0
2015-05-13 00:00:00-04:00,71.15890937221751,71.29652788256638,69.81220537849347,70.5691146850586,4209700,0.0,0.0
2015-05-14 00:00:00-04:00,71.26704431193966,71.83718246635043,70.5789517115452,71.64057922363281,3199500,0.0,0.0
2015-05-15 00:00:00-04:00,71.97480150001897,72.06326733513801,71.02129639006354,71.16874694824219,3649300,0.0,0.0
2015-05-18 00:00:00-04:00,71.31619463368294,71.95513452730796,70.45115539369179,71.56194305419922,2856700,0.0,0.0
2015-05-19 00:00:00-04:00,71.74871183271955,71.85684174537235,69.63527376675184,70.26439666748047,5104100,0.0,0.0
2015-05-20 00:00:00-04:00,70.01864562654015,70.01864562654015,68.11163541935582,68.96684265136719,9728300,0.0,0.0
2015-05-21 00:00:00-04:00,72.25986918457471,73.4099700168057,71.08027224155975,71.67007446289062,12316000,0.0,0.0
2015-05-22 00:00:00-04:00,71.75854029883507,74.59939149973502,71.26704344747318,73.73435974121094,11304800,0.0,0.0
2015-05-26 00:00:00-04:00,72.407328629565,72.72188635305879,71.97480894739314,72.31885528564453,6547800,0.0,0.0
2015-05-27 00:00:00-04:00,71.75853424416994,73.1937040290958,71.68972499077096,72.69237518310547,3927000,0.0,0.0
2015-05-28 00:00:00-04:00,71.6799090365225,72.24021522552135,71.2965420387679,71.4439926147461,5066300,0.0,0.0
2015-05-29 00:00:00-04:00,71.32600806544046,71.68971837104836,70.44131988904334,71.51277923583984,4838100,0.0,0.0
2015-06-01 00:00:00-04:00,71.5521239736791,72.24021667586146,71.0213063892893,71.85684967041016,3191400,0.0,0.0
2015-06-02 00:00:00-04:00,71.59143853836916,72.10259200227547,71.37517870760779,71.66024780273438,2623000,0.0,0.0
2015-06-03 00:00:00-04:00,71.96497006742922,72.34833702212596,71.46364116526925,72.22055053710938,2649500,0.0,0.0
2015-06-04 00:00:00-04:00,71.670071806893,72.2303778966757,70.78537600732913,70.98197174072266,2767500,0.0,0.0
2015-06-05 00:00:00-04:00,70.775543533396,72.41714114599156,70.62809298443881,72.29918670654297,3187600,0.0,0.0
2015-06-08 00:00:00-04:00,72.03376099657487,72.03376099657487,70.02845339791527,70.61824798583984,3830600,0.0,0.0
2015-06-09 00:00:00-04:00,71.22772734050689,71.24739141561724,69.79255734298901,70.53963470458984,3236500,0.0,0.0
2015-06-10 00:00:00-04:00,70.80504630434687,72.05345270226786,70.2545721444341,71.78804016113281,2476600,0.0,0.0
2015-06-11 00:00:00-04:00,71.9256488140771,72.240206505023,71.02129639006354,71.16874694824219,2371700,0.0,0.0
2015-06-12 00:00:00-04:00,70.97214899656666,71.11959956574081,70.25456772604528,70.5494613647461,2288100,0.0,0.0
2015-06-15 00:00:00-04:00,70.0972846804856,71.43415683324531,69.52715398270514,71.3260269165039,2844600,0.0,0.0
2015-06-16 00:00:00-04:00,70.77554831074919,72.29919158674215,70.77554831074919,72.15174102783203,3434200,0.0,0.0
2015-06-17 00:00:00-04:00,72.25004357017946,74.52075682535506,72.06327235017889,73.1543960571289,7291600,0.0,0.0
2015-06-18 00:00:00-04:00,73.36081979945467,74.91395170186142,73.33133118732557,74.42245483398438,4230300,0.0,0.0
2015-06-19 00:00:00-04:00,74.21603764851888,74.65838189292234,73.68522005544587,73.72454071044922,5372600,0.0,0.0
2015-06-22 00:00:00-04:00,74.2160269524333,74.42245473671422,73.08558265786418,73.50827026367188,3112700,0.0,0.0
2015-06-23 00:00:00-04:00,73.58690501722681,73.70486695474405,72.60391137018894,72.93812561035156,3142400,0.0,0.0
2015-06-24 00:00:00-04:00,72.83984826016477,73.28220002570342,71.7487244046773,72.25005340576172,2763300,0.0,0.0
2015-06-25 00:00:00-04:00,73.05610191171968,73.38049167893686,72.12226076328602,72.3581771850586,1958200,0.0,0.0
2015-06-26 00:00:00-04:00,72.49578888302031,72.65307148246154,70.8640156622295,71.1097640991211,4089800,0.0,0.0
2015-06-29 00:00:00-04:00,70.45115263864864,70.64775586716132,68.74074579864308,68.80955505371094,2698200,0.0,0.0
2015-06-30 00:00:00-04:00,69.47800840009569,69.57630628910225,67.93470829378319,68.44586181640625,3559900,0.0,0.0
2015-07-01 00:00:00-04:00,69.37968318887565,69.83185929995423,68.95699568292139,69.34036254882812,3060700,0.0,0.0
2015-07-02 00:00:00-04:00,69.7139243091473,69.84171831357776,68.78991515985956,69.22242736816406,1562300,0.0,0.0
2015-07-06 00:00:00-04:00,68.58346783509947,68.64245255744922,67.38422180880838,67.98384857177734,3586700,0.0,0.0
2015-07-07 00:00:00-04:00,68.98650609494848,69.31089585314744,67.16796904086432,69.06514739990234,4937200,0.0,0.0
2015-07-08 00:00:00-04:00,68.83903807137308,69.29121421075311,67.89536515010447,68.20992279052734,2988500,0.0,0.0
2015-07-09 00:00:00-04:00,69.30105061213459,70.3823421004798,68.75057658162712,68.77023315429688,3297500,0.0,0.0
2015-07-10 00:00:00-04:00,69.76305341893459,70.20539751642094,69.27155664410726,69.93016052246094,2252200,0.0,0.0
2015-07-13 00:00:00-04:00,70.37251532010076,70.63792781866508,69.79255263745097,69.84170532226562,2446400,0.0,0.0
2015-07-14 00:00:00-04:00,69.99897657095822,70.78537448693434,69.99897657095822,70.5691146850586,2024100,0.0,0.0
2015-07-15 00:00:00-04:00,70.5297979119237,70.93282892839369,69.86136189653561,70.14643096923828,1722300,0.0,0.0
2015-07-16 00:00:00-04:00,70.68708646883714,71.19823993567124,70.41184191015236,71.18840789794922,2774900,0.0,0.0
2015-07-17 00:00:00-04:00,71.30635711106657,72.25003007329082,70.84434891609672,71.57176208496094,3005700,0.0,0.0
2015-07-20 00:00:00-04:00,71.65039447414632,71.94529551930874,71.1785618014606,71.53243255615234,2175900,0.0,0.0
2015-07-21 00:00:00-04:00,71.38501080255232,72.66289821316714,71.26704884941128,72.57443237304688,3620500,0.0,0.0
2015-07-22 00:00:00-04:00,72.12225737539455,73.15439635944547,71.93548615462213,72.61375427246094,3296400,0.0,0.0
2015-07-23 00:00:00-04:00,72.98727971985193,73.25268470989784,70.74605536072113,70.98197174072266,3231600,0.0,0.0
2015-07-24 00:00:00-04:00,71.47346617691294,72.92830005403371,71.03112204178875,72.66288757324219,3480300,0.0,0.0
2015-07-27 00:00:00-04:00,72.1222500293478,72.63340345038817,71.080271613938,71.22772216796875,3478400,0.0,0.0
2015-07-28 00:00:00-04:00,71.55210918731619,72.60391210023697,70.52979488415966,72.53510284423828,3435200,0.0,0.0
2015-07-29 00:00:00-04:00,71.78803014150299,72.92830645605456,71.09993753765077,72.62357330322266,2158700,0.0,0.0
2015-07-30 00:00:00-04:00,72.43681651618058,72.58425958848643,71.10976886824704,72.1124267578125,2362800,0.0,0.0
2015-07-31 00:00:00-04:00,72.16158146055716,72.88899480292436,71.76838242426618,72.05345153808594,2144600,0.0,0.0
2015-08-03 00:00:00-04:00,72.31884907276921,72.38765833450812,70.83452642709041,71.20806884765625,2581400,0.0,0.0
2015-08-04 00:00:00-04:00,71.21789352861275,71.5226266880529,70.578953596743,70.66741943359375,2089300,0.0,0.0
2015-08-05 00:00:00-04:00,71.33585995870453,72.38766302755974,71.1982414263046,71.29653930664062,2108900,0.0,0.0
2015-08-06 00:00:00-04:00,71.54228797154835,71.64058585217873,69.12412410973262,69.23225402832031,2195400,0.0,0.0
2015-08-07 00:00:00-04:00,69.25191386239132,69.52715844061126,68.29841612580908,69.21260070800781,2226200,0.0,0.0
2015-08-10 00:00:00-04:00,69.92033437229594,70.30370128895781,69.49764681038077,70.05795288085938,1814000,0.0,0.0
2015-08-11 00:00:00-04:00,69.47799371908695,70.65758313720966,69.20275668816811,70.41183471679688,2406200,0.0,0.0
2015-08-12 00:00:00-04:00,69.89085588871053,70.16609294571238,68.37704457555306,69.83187866210938,3135100,0.0,0.0
2015-08-13 00:00:00-04:00,70.22506588360713,70.70673065250554,69.54679789296216,70.18574523925781,2302900,0.0,0.0
2015-08-14 00:00:00-04:00,69.97931896750582,72.02394001957477,69.6549292694686,71.74870300292969,3246900,0.0,0.0
2015-08-17 00:00:00-04:00,71.35551540971639,72.87915877966488,70.38235366033469,72.7808609008789,3073000,0.0,0.0
2015-08-18 00:00:00-04:00,72.65306357876898,72.79068208848543,70.80503073461156,71.3456802368164,4126500,0.0,0.0
2015-08-19 00:00:00-04:00,71.30636194887012,71.69956091805177,70.51996401050681,70.81486511230469,4774900,0.0,0.0
2015-08-20 00:00:00-04:00,70.40202078835549,70.77555574379679,66.35208350980949,66.66664123535156,8168000,0.0,0.0
2015-08-21 00:00:00-04:00,67.82657895639815,70.33321639595043,67.11882214995288,67.97402954101562,13138700,0.0,0.0
2015-08-24 00:00:00-04:00,64.6416691080194,67.81673462287988,63.068880656413064,64.06169891357422,9650000,0.0,0.0
2015-08-25 00:00:00-04:00,66.44055216257989,67.04017902405596,63.91425821327751,64.07154083251953,7104000,0.0,0.0
2015-08-26 00:00:00-04:00,65.56566551362236,67.47267536352618,64.1796485348172,67.3547134399414,8044100,0.0,0.0
2015-08-27 00:00:00-04:00,68.13128902072071,69.04547343585828,67.0893181280691,68.75057983398438,4918100,0.0,0.0
2015-08-28 00:00:00-04:00,68.56381621988642,69.61561926549592,68.28857916116954,69.05531311035156,4191100,0.0,0.0
2015-08-31 00:00:00-04:00,68.6031227192557,69.01597822216495,67.85604549995857,68.18043518066406,3891900,0.0,0.0
2015-09-01 00:00:00-04:00,66.7059498103929,67.45302708565374,65.1331614674593,65.49686431884766,4373900,0.0,0.0
2015-09-02 00:00:00-04:00,66.44053913987183,66.82391357421875,65.20197250452307,66.82391357421875,3465400,0.0,0.0
2015-09-03 00:00:00-04:00,67.13846236967137,68.07230324098916,66.79440862794267,67.08930969238281,2937100,0.0,0.0
2015-09-04 00:00:00-04:00,66.13580808359703,66.81407606620733,65.40839492086681,65.98835754394531,3146000,0.0,0.0
2015-09-08 00:00:00-04:00,67.17779002375964,69.61561785077012,67.14830141087458,69.556640625,4098400,0.0,0.0
2015-09-09 00:00:00-04:00,69.81221949218403,70.11695268354593,67.67912465088996,67.85606384277344,3652800,0.0,0.0
2015-09-10 00:00:00-04:00,67.82656473427684,68.80955842607796,67.74792343901755,68.5539779663086,2861200,0.0,0.0
2015-09-11 00:00:00-04:00,68.3573975066908,68.89803965823486,67.72828200329324,68.85872650146484,3442000,0.0,0.0
2015-09-14 00:00:00-04:00,69.00616459443742,69.20276786230103,68.35739255960705,68.7014389038086,3436000,0.0,0.0
2015-09-15 00:00:00-04:00,69.42883755609907,70.48064044277454,68.95700481235195,70.05795288085938,4276400,0.0,0.0
2015-09-16 00:00:00-04:00,70.28405023427909,70.77554708906426,69.77289680514713,70.65758514404297,3330300,0.0,0.0
2015-09-17 00:00:00-04:00,70.28404862599689,71.95513489416892,70.28404862599689,71.09010314941406,4205900,0.0,0.0
2015-09-18 00:00:00-04:00,70.08744737820757,71.18839542140395,69.41901142356146,70.18574523925781,6039500,0.0,0.0
2015-09-21 00:00:00-04:00,70.53962733946972,71.40465906282469,69.8515272757507,70.91316223144531,2914000,0.0,0.0
2015-09-22 00:00:00-04:00,70.17592282241802,70.71657238177139,69.70409002484335,70.43150329589844,3460100,0.0,0.0
2015-09-23 00:00:00-04:00,70.28405172473178,71.12942693286115,69.7630662475549,70.76571655273438,2688800,0.0,0.0
2015-09-24 00:00:00-04:00,70.3332034207894,70.77554759338933,69.25190433283956,70.490478515625,3056000,0.0,0.0
2015-09-25 00:00:00-04:00,71.36534394606787,72.36800175957431,70.72639651583683,71.20806884765625,4829900,0.0,0.0
2015-09-28 00:00:00-04:00,70.72639051113372,71.45381121592618,67.79707361763819,67.86588287353516,5638500,0.0,0.0
2015-09-29 00:00:00-04:00,67.91503434017476,68.48517251301239,66.55850566999116,67.21710968017578,4660200,0.0,0.0
2015-09-30 00:00:00-04:00,67.90520602714699,68.43602352065852,66.66663187562008,68.24925231933594,4080100,0.0,0.0
2015-10-01 00:00:00-04:00,67.98384807780661,71.82734955550455,67.51200780067127,71.67007446289062,8106900,0.0,0.0
2015-10-02 00:00:00-04:00,70.46098611930161,72.76118769270231,69.94983271398361,72.67272186279297,4838600,0.0,0.0
2015-10-05 00:00:00-04:00,72.82999638496567,74.46176945401935,72.60391204385117,73.98992919921875,4169700,0.0,0.0
2015-10-06 00:00:00-04:00,73.81300009656073,73.99977131656131,72.63341054833515,73.1543960571289,2519400,0.0,0.0
2015-10-07 00:00:00-04:00,73.35100573738958,74.00960983448739,72.0043014272054,73.72454071044922,3044400,0.0,0.0
2015-10-08 00:00:00-04:00,73.70486588132515,74.6092182235141,72.8594907572127,73.81298828125,3804700,0.0,0.0
2015-10-09 00:00:00-04:00,73.95061930476308,74.41262004377191,73.46894699231756,73.97027587890625,3113600,0.0,0.0
2015-10-12 00:00:00-04:00,74.02925533681498,74.95327184203332,73.71469764349659,74.58956146240234,2594500,0.0,0.0
2015-10-13 00:00:00-04:00,75.21867520693658,76.9684103061965,74.55023918577179,75.3268051147461,5578600,0.0,0.0
2015-10-14 00:00:00-04:00,74.99258707284623,75.26782409715774,73.93095212223349,74.29466247558594,3447200,0.0,0.0
2015-10-15 00:00:00-04:00,74.89428611164921,77.00771638940033,74.61904909871303,76.37860107421875,3295300,0.0,0.0
2015-10-16 00:00:00-04:00,76.8504495955042,77.49922155313268,76.1426929147117,77.43041229248047,3613400,0.0,0.0
2015-10-19 00:00:00-04:00,77.10603473978712,77.98089860670098,76.16236160804792,76.60470581054688,4346900,0.0,0.0
2015-10-20 00:00:00-04:00,76.67350264888489,77.17483149687467,75.57254709046417,76.21149444580078,2006700,0.0,0.0
2015-10-21 00:00:00-04:00,76.10336147214237,76.2114913663523,74.02924440996402,74.5404052734375,3134700,0.0,0.0
2015-10-22 00:00:00-04:00,75.14986977947413,77.08636868216831,75.14986977947413,76.05422973632812,3280100,0.0,0.0
2015-10-23 00:00:00-04:00,76.87011302210306,78.03004601909554,75.9559284778662,77.22399139404297,3971400,0.0,0.0
2015-10-26 00:00:00-04:00,77.24365651392922,77.95141326737362,76.31963991919375,76.88977813720703,2740300,0.0,0.0
2015-10-27 00:00:00-04:00,76.71284164098343,77.28297987900498,76.00508486270124,76.42777252197266,1683800,0.0,0.0
2015-10-28 00:00:00-04:00,76.55555629877097,77.19450378417969,75.26783678946173,77.19450378417969,3266800,0.0,0.0
2015-10-29 00:00:00-04:00,77.24365400692331,77.3812725378879,76.25082817669524,76.8111343383789,1822100,0.0,0.0
2015-10-30 00:00:00-04:00,76.82095496808358,77.29278771856588,76.10336630634856,76.38843536376953,3371600,0.0,0.0
2015-11-02 00:00:00-05:00,76.38845250515097,78.46257016450744,76.18202469303728,77.85311126708984,3110000,0.0,0.0
2015-11-03 00:00:00-05:00,77.68598459247983,77.9710536422514,76.91925076878549,77.29278564453125,2398500,0.0,0.0
2015-11-04 00:00:00-05:00,77.53855731345637,78.12835966216086,76.75216668126437,77.05689239501953,2585800,0.0,0.0
2015-11-05 00:00:00-05:00,77.07653584756856,78.12833875514654,76.47690911992028,77.37142944335938,2601900,0.0,0.0
2015-11-06 00:00:00-05:00,77.2239815331335,78.27578447663456,76.85044663251561,78.05953216552734,2835100,0.0,0.0
2015-11-09 00:00:00-05:00,77.58770285250701,77.6761686968637,76.09355553940594,76.88977813720703,3088300,0.0,0.0
2015-11-10 00:00:00-05:00,76.87010543211885,77.02738802618356,75.98541708926882,76.91925811767578,2610500,0.0,0.0
2015-11-11 00:00:00-05:00,77.20432232244661,77.6564985023763,76.76197067929081,77.37142944335938,2385700,0.0,0.0
2015-11-12 00:00:00-05:00,77.13552909166434,78.39376002758664,76.8996126660909,76.96842193603516,3159800,0.0,0.0
2015-11-13 00:00:00-05:00,76.75215114067399,76.75215114067399,74.13738425643751,74.31432342529297,3922600,0.0,0.0
2015-11-16 00:00:00-05:00,74.25534000232419,75.03190587303723,72.68255168806512,74.96309661865234,4053200,0.0,0.0
2015-11-17 00:00:00-05:00,75.26782578280492,77.1551718486199,75.11055069381031,75.92642974853516,4567600,0.0,0.0
2015-11-18 00:00:00-05:00,76.44741671110584,76.72266124667213,74.5207499600224,76.03456115722656,6442500,0.0,0.0
2015-11-19 00:00:00-05:00,79.67165442981243,81.49019154981393,79.0818521209273,79.26862335205078,11602800,0.0,0.0
2015-11-20 00:00:00-05:00,79.5242050505608,80.74311534129943,78.35443995320432,79.6126708984375,5336300,0.0,0.0
2015-11-23 00:00:00-05:00,79.0720128653234,80.3499001308894,79.02286018218196,79.4062271118164,3593700,0.0,0.0
2015-11-24 00:00:00-05:00,78.93439945960712,79.42589632423818,77.78429109663874,79.02286529541016,3420300,0.0,0.0
2015-11-25 00:00:00-05:00,79.00322084874188,79.7404662588657,78.39376194316618,79.04254150390625,2487300,0.0,0.0
2015-11-27 00:00:00-05:00,78.85575666740584,79.1113371320731,78.09884731041157,78.6100082397461,2221700,0.0,0.0
2015-11-30 00:00:00-05:00,78.37409085051891,78.81643501481177,77.94157122346154,78.33477020263672,4449700,0.0,0.0
2015-12-01 00:00:00-05:00,78.98354475669947,79.72079005467671,78.29545214511283,79.63232421875,3767400,0.0,0.0
2015-12-02 00:00:00-05:00,79.39640194779788,80.54651033590092,79.0523556349667,79.50453186035156,3379800,0.0,0.0
2015-12-03 00:00:00-05:00,79.58316864622562,80.66446021078247,78.20697597331386,78.57068634033203,4769100,0.0,0.0
2015-12-04 00:00:00-05:00,78.96388680578637,80.74310302734375,78.79677967440574,80.74310302734375,4341700,0.0,0.0
2015-12-07 00:00:00-05:00,80.418725617967,80.46787831102866,78.93441028299948,79.30794525146484,2962500,0.0,0.0
2015-12-08 00:00:00-05:00,78.8459113847789,80.07465331665674,78.50186514378223,79.70111846923828,2105700,0.0,0.0
2015-12-09 00:00:00-05:00,79.45538685558617,80.01569299481508,77.87276631327083,78.35443115234375,3181000,0.0,0.0
2015-12-10 00:00:00-05:00,78.44289997852032,78.61000710700576,77.8137846127484,78.03003692626953,2032800,0.0,0.0
2015-12-11 00:00:00-05:00,76.96840241011131,77.5385330023081,75.34646145900818,75.5627212524414,4490700,0.0,0.0
2015-12-14 00:00:00-05:00,75.45459498067186,76.34911530599253,74.56006715570477,75.68067932128906,3946700,0.0,0.0
2015-12-15 00:00:00-05:00,76.3392988260308,76.54572661519884,75.66103073330211,76.05422973632812,3393500,0.0,0.0
2015-12-16 00:00:00-05:00,76.31963577702804,77.75480578266567,75.8084823159759,77.54837799072266,3749400,0.0,0.0
2015-12-17 00:00:00-05:00,77.62701655318799,77.9710628609531,76.71283207847098,77.09619903564453,2654300,0.0,0.0
2015-12-18 00:00:00-05:00,76.78164392086909,78.13817262264551,75.72000885009766,75.72000885009766,6721400,0.0,0.0
2015-12-21 00:00:00-05:00,76.96842715825939,76.99791577600085,75.13022582267448,75.97560119628906,3011600,0.0,0.0
2015-12-22 00:00:00-05:00,76.20166692021638,76.76197301890744,75.54306295326572,76.535888671875,2100400,0.0,0.0
2015-12-23 00:00:00-05:00,76.8700970376922,77.55819706211264,76.6145240997166,76.71282196044922,2652800,0.0,0.0
2015-12-24 00:00:00-05:00,76.70300445010177,77.0175621638031,76.2606602432131,76.50640869140625,1084700,0.0,0.0
2015-12-28 00:00:00-05:00,76.3392919470517,76.87010192871094,76.0640474199829,76.87010192871094,2327400,0.0,0.0
2015-12-29 00:00:00-05:00,77.16500332297385,78.40357745073408,77.1060261024865,78.08901977539062,2230200,0.0,0.0
2015-12-30 00:00:00-05:00,77.9514110251646,78.53137376499245,77.62702127255878,77.79412841796875,1814700,0.0,0.0
2015-12-31 00:00:00-05:00,77.64668182470189,78.06936947862602,77.02739840136331,77.06671905517578,2463000,0.0,0.0
2016-01-04 00:00:00-05:00,75.8281288497004,75.89693810456906,74.35363838853229,75.40544128417969,4919200,0.0,0.0
2016-01-05 00:00:00-05:00,75.75933400590954,76.64402995082813,75.36613497487375,75.73967742919922,2656800,0.0,0.0
2016-01-06 00:00:00-05:00,74.43228573705407,76.01490622747416,74.34381240236789,74.99259185791016,3484400,0.0,0.0
2016-01-07 00:00:00-05:00,73.85230937931695,74.31431758947225,72.22054383881019,73.03643035888672,6972200,0.0,0.0
2016-01-08 00:00:00-05:00,73.50827797733199,73.98011831923495,71.66025226247828,71.9846420288086,3673800,0.0,0.0
2016-01-11 00:00:00-05:00,72.48594458670776,72.57441790884249,70.63791935369684,71.93547058105469,3685100,0.0,0.0
2016-01-12 00:00:00-05:00,72.71204551191012,73.99976486474284,71.80769310380845,73.19371032714844,4108100,0.0,0.0
2016-01-13 00:00:00-05:00,73.71469345666989,74.42245010134906,70.57894873878105,71.11959075927734,4727500,0.0,0.0
2016-01-14 00:00:00-05:00,71.18841454262976,72.3680116910109,69.66477853798689,71.82736206054688,4738200,0.0,0.0
2016-01-15 00:00:00-05:00,68.68176850847114,69.84170130672729,67.020506852587,69.6549301147461,9572100,0.0,0.0
2016-01-19 00:00:00-05:00,70.63792578621839,70.96231549750931,68.71125909133818,69.59595489501953,7353700,0.0,0.0
2016-01-20 00:00:00-05:00,67.95434483124329,69.62543845012385,65.80159394817103,69.13394165039062,8083600,0.0,0.0
2016-01-21 00:00:00-05:00,69.1634470095411,69.43868408410967,67.96419332779423,68.3279037475586,4635600,0.0,0.0
2016-01-22 00:00:00-05:00,69.25191455853846,70.4216796538764,69.10447147899838,70.33321380615234,3751800,0.0,0.0
2016-01-25 00:00:00-05:00,70.01864575314896,70.18575288510317,68.61296443802584,68.73091888427734,2765100,0.0,0.0
2016-01-26 00:00:00-05:00,68.77025143349358,68.90786997769959,68.04283805702639,68.6817855834961,2931200,0.0,0.0
2016-01-27 00:00:00-05:00,68.09197676959245,68.66211496968502,65.89007277225771,66.28327178955078,5487300,0.0,0.0
2016-01-28 00:00:00-05:00,65.74261816023123,66.35207697453694,64.15999765020014,64.57286071777344,8734000,0.0,0.0
2016-01-29 00:00:00-05:00,65.35924991338027,66.94187039215157,64.99554703914441,66.90254974365234,5612300,0.0,0.0
2016-02-01 00:00:00-05:00,66.44053433377678,67.9150247450863,65.9293809577004,67.27608489990234,4396400,0.0,0.0
2016-02-02 00:00:00-05:00,66.49952756574771,66.59782543916025,63.06888153601538,63.422752380371094,7636900,0.0,0.0
2016-02-03 00:00:00-05:00,64.30744683886712,65.3690818477381,62.16452399655326,64.22880554199219,7994500,0.0,0.0
2016-02-04 00:00:00-05:00,64.563027534882,66.22428931398603,63.7274843766253,66.05717468261719,7220400,0.0,0.0
2016-02-05 00:00:00-05:00,62.0367387455438,62.1940176020996,56.76789142618893,57.51496505737305,19063800,0.0,0.0
2016-02-08 00:00:00-05:00,55.90285578639983,56.02081774107091,51.70547185319228,53.13081359863281,18025400,0.0,0.0
2016-02-09 00:00:00-05:00,52.69828876510835,57.583768274709065,51.89223429368192,56.35502624511719,16477700,0.0,0.0
2016-02-10 00:00:00-05:00,57.505134942322826,60.542585809782054,57.3871767411097,57.760711669921875,9859700,0.0,0.0
2016-02-11 00:00:00-05:00,56.21741138129975,58.832174614155,55.61778834185178,58.23255157470703,7779000,0.0,0.0
2016-02-12 00:00:00-05:00,58.9894479086966,59.500605062066185,58.09492382775563,58.665061950683594,5081600,0.0,0.0
2016-02-16 00:00:00-05:00,59.648056884234975,59.94295423867497,57.465809711697034,58.704383850097656,5726200,0.0,0.0
2016-02-17 00:00:00-05:00,59.35316698723449,63.32445910899191,58.871498372931946,62.4102783203125,9836700,0.0,0.0
2016-02-18 00:00:00-05:00,62.40044254209161,63.08853891421211,60.53275667470575,60.65071487426758,6724000,0.0,0.0
2016-02-19 00:00:00-05:00,60.699854533203585,61.2994812265397,59.62839136392011,61.083221435546875,4905600,0.0,0.0
2016-02-22 00:00:00-05:00,61.08323238042951,63.245815678557115,61.08323238042951,62.89194107055664,7453300,0.0,0.0
2016-02-23 00:00:00-05:00,62.63636156401482,62.69533878782277,61.37812704197522,61.83030700683594,5280400,0.0,0.0
2016-02-24 00:00:00-05:00,60.94560706678155,61.908940405922856,59.30400945054307,61.456764221191406,11909400,0.0,0.0
2016-02-25 00:00:00-05:00,69.30104523367247,69.63525944064327,65.99818630767048,68.23941040039062,18246100,0.0,0.0
2016-02-26 00:00:00-05:00,68.49500399649969,68.81939373010972,67.1188112627138,68.5343246459961,8364200,0.0,0.0
2016-02-29 00:00:00-05:00,67.95434493678313,67.98384104451556,66.49951860711504,66.59781646728516,7688100,0.0,0.0
2016-03-01 00:00:00-05:00,66.96153396148732,68.8685366516208,66.35207516381352,68.82921600341797,5146600,0.0,0.0
2016-03-02 00:00:00-05:00,68.4950086741211,69.35021598486532,68.33772606539443,69.23225402832031,4927600,0.0,0.0
2016-03-03 00:00:00-05:00,68.85870964189283,69.73357340896479,68.33771669664686,69.59595489501953,3241800,0.0,0.0
2016-03-04 00:00:00-05:00,69.96948628749537,70.95247990912377,69.42883679574129,69.85152435302734,4353000,0.0,0.0
2016-03-07 00:00:00-05:00,69.30106128571916,69.6549396454478,67.82657062006555,69.29122924804688,4624900,0.0,0.0
2016-03-08 00:00:00-05:00,68.60313315325047,69.69425679092326,67.99367434222924,68.63262176513672,4083700,0.0,0.0
2016-03-09 00:00:00-05:00,68.89803007625616,69.91051996400914,68.73092293445467,69.83187866210938,4255600,0.0,0.0
2016-03-10 00:00:00-05:00,70.22507086911952,71.0901026072776,68.60312979788233,69.49765014648438,4977700,0.0,0.0
2016-03-11 00:00:00-05:00,69.949833986124,70.67724721064478,69.66476491848759,70.41183471679688,3426800,0.0,0.0
2016-03-14 00:00:00-04:00,70.0972706324965,71.25720337082495,69.95965212961396,70.9917984008789,3864100,0.0,0.0
2016-03-15 00:00:00-04:00,70.55928552080218,71.1195916213572,69.88101747815523,70.48064422607422,3205300,0.0,0.0
2016-03-16 00:00:00-04:00,70.05795617446685,71.6798972440975,69.90068108570598,71.49313354492188,2985800,0.0,0.0
2016-03-17 00:00:00-04:00,71.29653567189564,71.93548311097709,70.38235118204611,71.48330688476562,3379700,0.0,0.0
2016-03-18 00:00:00-04:00,71.85684156274576,72.2893612122577,70.96232115083814,71.41449737548828,5995900,0.0,0.0
2016-03-21 00:00:00-04:00,71.26705737262448,71.43416453482402,70.47083471772812,71.02130889892578,2852100,0.0,0.0
2016-03-22 00:00:00-04:00,70.93282348380262,72.03377154253862,70.48063981722613,71.611083984375,3348100,0.0,0.0
2016-03-23 00:00:00-04:00,70.47083742958668,71.34570142964873,70.27423414327309,70.5593032836914,2945900,0.0,0.0
2016-03-24 00:00:00-04:00,70.32337298269381,71.21789338529962,69.85153268816482,71.20806884765625,2698800,0.0,0.0
2016-03-28 00:00:00-04:00,71.15890661089334,71.4439756568814,70.1955770758333,70.72638702392578,2688100,0.0,0.0
2016-03-29 00:00:00-04:00,70.32336494362511,71.45380911409137,69.50747843367027,71.07044219970703,4606100,0.0,0.0
2016-03-30 00:00:00-04:00,71.7585356286549,73.39030866880795,71.7192149831474,73.03643035888672,5181100,0.0,0.0
2016-03-31 00:00:00-04:00,72.80051674200801,73.12490648841035,72.1320806735035,72.57443237304688,4226900,0.0,0.0
2016-04-01 00:00:00-04:00,72.13208938720669,74.65838339989173,71.86668433513708,74.44213104248047,4550600,0.0,0.0
2016-04-04 00:00:00-04:00,74.56008426397747,75.1400545527293,74.12757205673596,74.4028091430664,2978100,0.0,0.0
2016-04-05 00:00:00-04:00,73.60656199192861,74.22585279271506,73.09540859252441,73.3116683959961,2365400,0.0,0.0
2016-04-06 00:00:00-04:00,73.48860797596807,74.39296034146199,73.20353891517503,74.29466247558594,2033300,0.0,0.0
2016-04-07 00:00:00-04:00,73.63606186988854,74.17670390659134,73.4099700184205,74.0390853881836,3843700,0.0,0.0
2016-04-08 00:00:00-04:00,74.43227930661814,74.64853910644888,73.03643014362413,73.57707214355469,2375700,0.0,0.0
2016-04-11 00:00:00-04:00,74.18653836237678,74.2160269744761,72.86932285798022,72.89881896972656,2151800,0.0,0.0
2016-04-12 00:00:00-04:00,73.2625232247521,73.27235526218513,72.19106363361377,73.00694274902344,2259700,0.0,0.0
2016-04-13 00:00:00-04:00,73.49844557838783,74.8943025206919,73.1838878518787,74.65837860107422,3099900,0.0,0.0
2016-04-14 00:00:00-04:00,74.70752989665603,75.28749264733867,74.37331559958079,74.85498046875,2696200,0.0,0.0
2016-04-15 00:00:00-04:00,74.95326795742176,75.23833702403708,74.58955759664084,75.01224517822266,2132900,0.0,0.0
2016-04-18 00:00:00-04:00,74.94344260890558,75.97558906291255,74.5699076777536,75.95592498779297,1916100,0.0,0.0
2016-04-19 00:00:00-04:00,76.27047219238912,76.27047219238912,74.24550771340014,74.894287109375,2365200,0.0,0.0
2016-04-20 00:00:00-04:00,74.90412340640358,75.33664307162876,74.50109985442802,74.84514617919922,2001600,0.0,0.0
2016-04-21 00:00:00-04:00,75.35630209654809,76.49657091074413,75.19901950168138,75.83796691894531,3542500,0.0,0.0
2016-04-22 00:00:00-04:00,74.93361101770294,75.56272636866169,74.06857178539975,75.17935943603516,3184500,0.0,0.0
2016-04-25 00:00:00-04:00,74.88447253107469,75.52342003980198,74.58957137330889,75.2088623046875,2456200,0.0,0.0
2016-04-26 00:00:00-04:00,75.49392592325158,75.49392592325158,74.51093213518658,74.91395568847656,1953700,0.0,0.0
2016-04-27 00:00:00-04:00,74.38314506567245,74.90413062189052,73.5279451902383,74.4028091430664,3359300,0.0,0.0
2016-04-28 00:00:00-04:00,74.09806060791016,75.33663473975345,73.68520506384459,74.09806060791016,3824800,0.0,0.0
2016-04-29 00:00:00-04:00,73.7343442719912,74.76648294352384,73.21335891879208,74.51091003417969,3228000,0.0,0.0
2016-05-02 00:00:00-04:00,75.00243054974588,76.11321085290515,74.42246030321311,75.93627166748047,3287400,0.0,0.0
2016-05-03 00:00:00-04:00,75.10073442090898,75.37597150915734,73.11508257057748,73.6262435913086,3273100,0.0,0.0
2016-05-04 00:00:00-04:00,73.0462547462906,73.36081241006167,72.28935294584487,72.73169708251953,2839900,0.0,0.0
2016-05-05 00:00:00-04:00,72.84966490866857,73.32149769264954,72.387656662104,72.55476379394531,2088600,0.0,0.0
2016-05-06 00:00:00-04:00,72.25003652861625,73.05609105792922,71.92564680959296,72.9872817993164,3080100,0.0,0.0
2016-05-09 00:00:00-04:00,72.98728752949847,74.0390905649545,72.9381348410675,73.35099792480469,2136600,0.0,0.0
2016-05-10 00:00:00-04:00,73.85231740287867,74.6878680863091,73.67537822869478,74.6288833618164,2706300,0.0,0.0
2016-05-11 00:00:00-04:00,74.69768673717451,75.61187114847081,74.49125896683618,74.50109100341797,2517500,0.0,0.0
2016-05-12 00:00:00-04:00,75.14986985696888,75.48409163476217,73.91130312068343,74.59939575195312,2730400,0.0,0.0
2016-05-13 00:00:00-04:00,74.70751008319806,76.02471784536138,74.65835740565349,75.07122039794922,3583200,0.0,0.0
2016-05-16 00:00:00-04:00,75.36612390045752,76.36878165724907,74.70751993254632,75.9952392578125,4141800,0.0,0.0
2016-05-17 00:00:00-04:00,76.14269219593196,76.2311655300193,75.26782839033513,75.46442413330078,4587700,0.0,0.0
2016-05-18 00:00:00-04:00,75.46443140142661,77.15518195249939,75.33664490615625,76.54573059082031,8010200,0.0,0.0
2016-05-19 00:00:00-04:00,80.8610610474905,81.07732085390694,78.78694381270947,79.71095275878906,13765000,0.0,0.0
2016-05-20 00:00:00-04:00,80.21228905778572,80.42854888423292,79.34725725164414,79.64215087890625,5097900,0.0,0.0
2016-05-23 00:00:00-04:00,79.41606376194662,80.70378313887859,79.33742246421035,80.34008026123047,4875800,0.0,0.0
2016-05-24 00:00:00-04:00,80.57600134211307,81.9915147851224,80.43838281289243,81.34273529052734,5805600,0.0,0.0
2016-05-25 00:00:00-04:00,81.58848230737286,82.52232338211641,80.93970282413416,82.14878845214844,4932700,0.0,0.0
2016-05-26 00:00:00-04:00,82.3945338863385,83.04331334590387,81.83422776200791,81.93252563476562,4757200,0.0,0.0
2016-05-27 00:00:00-04:00,81.70642761572552,82.37486353821832,81.59829772387774,82.34536743164062,3139700,0.0,0.0
2016-05-31 00:00:00-04:00,82.13894167403505,82.63043846720116,81.74575023921886,82.28639221191406,4484500,0.0,0.0
2016-06-01 00:00:00-04:00,80.6743016263883,82.42402940693628,80.51702651672265,82.03083038330078,4172400,0.0,0.0
2016-06-02 00:00:00-04:00,81.79489798810675,81.95218056669054,81.04782073912605,81.82438659667969,3684300,0.0,0.0
2016-06-03 00:00:00-04:00,81.58848526163693,81.59831729952157,80.72345341897702,81.1461410522461,2826900,0.0,0.0
2016-06-06 00:00:00-04:00,81.45086007155675,81.98167757922202,81.09698173311324,81.42137145996094,2585500,0.0,0.0
2016-06-07 00:00:00-04:00,81.56882201188463,81.92269285065652,81.35256219400128,81.7260971069336,2605400,0.0,0.0
2016-06-08 00:00:00-04:00,81.7162658149105,82.13895341745089,81.52950210656495,81.93252563476562,2344600,0.0,0.0
2016-06-09 00:00:00-04:00,81.40170813925468,81.87354842809569,81.24443304273898,81.32307434082031,1852100,0.0,0.0
2016-06-10 00:00:00-04:00,80.60548451176072,81.18544720292948,80.16314034051834,80.4383773803711,2322100,0.0,0.0
2016-06-13 00:00:00-04:00,79.86824770713235,81.57865485043607,79.42590348892115,80.10416412353516,4618100,0.0,0.0
2016-06-14 00:00:00-04:00,79.74044886846572,80.33024356800826,79.39639508572327,79.71095275878906,3540300,0.0,0.0
2016-06-15 00:00:00-04:00,80.43836701575597,81.20510081359286,80.35972572888915,80.59564208984375,3574400,0.0,0.0
2016-06-16 00:00:00-04:00,79.80925802366839,80.44819790590043,78.8459209325774,80.25160217285156,3045000,0.0,0.0
2016-06-17 00:00:00-04:00,80.14347906447138,80.14347906447138,78.80660696738683,79.13099670410156,5691300,0.0,0.0
2016-06-20 00:00:00-04:00,80.09434087264928,80.89056347808811,79.75028703112348,79.83876037597656,3448300,0.0,0.0
2016-06-21 00:00:00-04:00,80.18279828875833,80.47769940773719,79.84858402025283,80.24177551269531,3184200,0.0,0.0
2016-06-22 00:00:00-04:00,80.17296375094547,80.41871217588059,79.10150421805879,79.24895477294922,4222600,0.0,0.0
2016-06-23 00:00:00-04:00,79.77978893084567,80.9200579608459,79.41607848611673,80.8807373046875,2777100,0.0,0.0
2016-06-24 00:00:00-04:00,78.0595197390722,79.14081112106184,76.9978849278189,77.12567138671875,6815700,0.0,0.0
2016-06-27 00:00:00-04:00,76.1426974264398,76.36878929606351,74.22586255208657,74.77633666992188,6020700,0.0,0.0
2016-06-28 00:00:00-04:00,76.23115539550781,76.58503368551732,75.2973069914538,76.23115539550781,4781100,0.0,0.0
2016-06-29 00:00:00-04:00,76.91925650005099,78.29544917058827,76.57521020732834,77.65650177001953,5493600,0.0,0.0
2016-06-30 00:00:00-04:00,78.00054744463752,78.60017419276534,77.74496698650599,78.05953216552734,4644300,0.0,0.0
2016-07-01 00:00:00-04:00,78.23645772593557,79.47503177294621,77.98088478738825,78.47238159179688,2967300,0.0,0.0
2016-07-05 00:00:00-04:00,77.75479510740973,77.89241361647758,76.92908405300273,77.33210754394531,4163400,0.0,0.0
2016-07-06 00:00:00-04:00,77.14534434252701,77.39109275308601,76.40809911084999,77.16500091552734,4121200,0.0,0.0
2016-07-07 00:00:00-04:00,77.16501277555447,77.75480755161648,77.05688285831756,77.42059326171875,3085900,0.0,0.0
2016-07-08 00:00:00-04:00,78.07918864143339,79.72078629424661,77.95140216235127,79.51435852050781,3558900,0.0,0.0
2016-07-11 00:00:00-04:00,79.68146852040516,80.43837788438982,79.67164398295375,80.27127075195312,2928600,0.0,0.0
2016-07-12 00:00:00-04:00,80.55633107375465,81.04782792594266,79.83874986936237,80.53667449951172,3499400,0.0,0.0
2016-07-13 00:00:00-04:00,80.96919856377127,81.07732847714634,79.89773146750397,79.94688415527344,2474600,0.0,0.0
2016-07-14 00:00:00-04:00,80.60547797278862,80.62513454562055,80.0550039377393,80.17295837402344,1791700,0.0,0.0
2016-07-15 00:00:00-04:00,80.46786222225278,80.51701490548683,79.66180771488132,80.01568603515625,2253800,0.0,0.0
2016-07-18 00:00:00-04:00,80.12382106482136,80.67429515395844,79.76994272190552,80.24177551269531,2177300,0.0,0.0
2016-07-19 00:00:00-04:00,80.3105883002313,80.39906163966856,79.76994622456009,79.9862060546875,2164300,0.0,0.0
2016-07-20 00:00:00-04:00,80.65463719295877,81.32307321812817,80.03534635367652,80.74310302734375,4267800,0.0,0.0
2016-07-21 00:00:00-04:00,81.04783802148248,81.67695347067571,80.04518761797068,80.31059265136719,3195800,0.0,0.0
2016-07-22 00:00:00-04:00,80.59565942541933,81.26409550827165,79.84858953843246,81.1461410522461,2578700,0.0,0.0
2016-07-25 00:00:00-04:00,81.17561851563124,81.27391638203243,80.52683909801972,80.79225158691406,2633100,0.0,0.0
2016-07-26 00:00:00-04:00,80.60549956529435,80.79227080563797,80.04519334391178,80.36958312988281,3010000,0.0,0.0
2016-07-27 00:00:00-04:00,80.5268386908824,80.72344192233726,79.67163900790473,80.11398315429688,3570100,0.0,0.0
2016-07-28 00:00:00-04:00,80.52683200976512,81.3132298710461,80.31057222293055,80.92986297607422,2448200,0.0,0.0
2016-07-29 00:00:00-04:00,80.85124161862542,81.00852422950773,79.50453738662439,80.40889739990234,2996300,0.0,0.0
2016-08-01 00:00:00-04:00,80.38922823400186,80.40889230894099,79.18015011289756,79.64215087890625,4171900,0.0,0.0
2016-08-02 00:00:00-04:00,79.43572236605637,79.4750430159291,78.2463008310828,79.13099670410156,4267700,0.0,0.0
2016-08-03 00:00:00-04:00,79.16049596975125,79.36692378462816,78.48222779254993,79.04254150390625,2657500,0.0,0.0
2016-08-04 00:00:00-04:00,79.17032297671383,79.74046119088949,78.95406313687839,79.18997955322266,2467400,0.0,0.0
2016-08-05 00:00:00-04:00,79.49470792645371,79.94688415527344,79.28828013718693,79.94688415527344,3033500,0.0,0.0
2016-08-08 00:00:00-04:00,79.99602433395725,80.1336428515173,79.66181007692478,79.78959655761719,2682600,0.0,0.0
2016-08-09 00:00:00-04:00,79.7306292092614,80.24178269497715,79.62249928926711,79.7994384765625,2785300,0.0,0.0
2016-08-10 00:00:00-04:00,79.91739813395196,80.07467324054925,78.58052597946151,78.87541961669922,3376200,0.0,0.0
2016-08-11 00:00:00-04:00,79.05235141407009,80.2516049258895,78.83609160050965,80.09432983398438,3448600,0.0,0.0
2016-08-12 00:00:00-04:00,79.92721781895312,80.3990581093899,79.21946113312147,80.24177551269531,3275100,0.0,0.0
2016-08-15 00:00:00-04:00,78.00055321661611,78.39375221984257,76.8799409321914,77.57786560058594,10886100,0.0,0.0
2016-08-16 00:00:00-04:00,77.65650784131682,77.65650784131682,76.59487276964676,76.63419342041016,4797700,0.0,0.0
2016-08-17 00:00:00-04:00,76.10336330690097,76.13285191518808,74.57972771477999,75.0220718383789,8141600,0.0,0.0
2016-08-18 00:00:00-04:00,75.0712332712551,75.84779921182282,74.87463002700869,75.60205078125,6200200,0.0,0.0
2016-08-19 00:00:00-04:00,75.41529132912447,76.25083462337894,75.20886351522499,76.16236877441406,3289300,0.0,0.0
2016-08-22 00:00:00-04:00,76.16236354316385,76.3294706906073,75.6512025632047,75.93627166748047,4059000,0.0,0.0
2016-08-23 00:00:00-04:00,76.4965881107853,76.94876442322729,76.35896955915723,76.69318389892578,4328600,0.0,0.0
2016-08-24 00:00:00-04:00,76.67351357933212,77.35178167626718,76.26065799843568,76.49657440185547,3661700,0.0,0.0
2016-08-25 00:00:00-04:00,76.81113185110816,78.87541724837948,76.78164323823457,78.79678344726562,7495900,0.0,0.0
2016-08-26 00:00:00-04:00,79.02287711369219,79.32760281544974,78.10869250877148,78.66899871826172,4271500,0.0,0.0
2016-08-29 00:00:00-04:00,78.84591345703211,78.87540206422892,78.3642487069775,78.56084442138672,4582800,0.0,0.0
2016-08-30 00:00:00-04:00,78.63948870538076,78.85574849926392,78.00054135972032,78.47238159179688,3352700,0.0,0.0
2016-08-31 00:00:00-04:00,78.64932132964522,78.73778715527035,77.5975184603294,78.06935119628906,10307100,0.0,0.0
2016-09-01 00:00:00-04:00,74.16687299188207,75.2481720809424,72.80051232441156,74.61905670166016,27418500,0.0,0.0
2016-09-02 00:00:00-04:00,74.70752608800908,75.16953435718112,73.38048600611205,73.82283020019531,8153000,0.0,0.0
2016-09-06 00:00:00-04:00,73.65571011795063,74.33397809603558,73.28217525301832,74.13737487792969,5146000,0.0,0.0
2016-09-07 00:00:00-04:00,73.79333696348739,74.32415446291584,73.31167214905385,73.73435974121094,5566800,0.0,0.0
2016-09-08 00:00:00-04:00,73.72453697123419,73.74419354791485,73.105253560549,73.60657501220703,5122200,0.0,0.0
2016-09-09 00:00:00-04:00,73.25268327741783,74.40279154418337,72.93812561035156,72.93812561035156,6915100,0.0,0.0
2016-09-12 00:00:00-04:00,72.52528262358548,73.43946717344781,72.25004555474912,73.09542083740234,5197800,0.0,0.0
2016-09-13 00:00:00-04:00,72.39749034718696,72.74153665576455,71.41449660859556,71.81752014160156,6780300,0.0,0.0
2016-09-14 00:00:00-04:00,71.81751318523409,73.2428584679185,71.75853596651831,72.56459045410156,5828700,0.0,0.0
2016-09-15 00:00:00-04:00,72.26968887330814,73.03643020966851,72.11241379124574,72.73169708251953,4288800,0.0,0.0
2016-09-16 00:00:00-04:00,72.50561786094543,72.72187767622826,71.98463239666233,72.04360961914062,7317400,0.0,0.0
2016-09-19 00:00:00-04:00,72.46628622408981,72.52526343762491,71.36533074034537,71.75852966308594,3881800,0.0,0.0
2016-09-20 00:00:00-04:00,72.2893577957119,72.53510622138417,71.42432603721835,71.67007446289062,4833500,0.0,0.0
2016-09-21 00:00:00-04:00,71.97479924674442,72.99711358522529,70.8836756498873,72.91847229003906,6315800,0.0,0.0
2016-09-22 00:00:00-04:00,73.7245260651388,73.94078587487334,73.04625802545262,73.32149505615234,5155700,0.0,0.0
2016-09-23 00:00:00-04:00,71.84702027836386,71.95515020692514,68.9078706284254,69.19293975830078,23179200,0.0,0.0
2016-09-26 00:00:00-04:00,69.30105590860119,69.99898053623374,68.691597114213,68.99633026123047,11726700,0.0,0.0
2016-09-27 00:00:00-04:00,68.78008518862805,69.44852134844399,68.62280256295449,68.85872650146484,8179500,0.0,0.0
2016-09-28 00:00:00-04:00,69.19292256482714,70.51013795833315,68.95700618824637,70.40200805664062,7467300,0.0,0.0
2016-09-29 00:00:00-04:00,70.38235766754914,70.89351866577498,69.94001343800375,69.9891586303711,5323400,0.0,0.0
2016-09-30 00:00:00-04:00,70.0874547479238,70.56911956746941,70.03830206240723,70.116943359375,5817000,0.0,0.0
2016-10-03 00:00:00-04:00,69.93999233318735,70.28403857453216,68.83903686123836,69.3207015991211,4679900,0.0,0.0
2016-10-04 00:00:00-04:00,69.389528189787,71.70939413929128,69.02582528645671,71.39483642578125,11238200,0.0,0.0
2016-10-05 00:00:00-04:00,67.0499885770086,68.41634899995124,65.63447547712451,67.25641632080078,48274000,0.0,0.0
2016-10-06 00:00:00-04:00,69.93017190506589,70.77554709534313,69.3108885678545,70.04813385009766,18527100,0.0,0.0
2016-10-07 00:00:00-04:00,70.0383082251561,70.21524740907924,69.01599377356104,69.70409393310547,6707400,0.0,0.0
2016-10-10 00:00:00-04:00,72.32868297827991,74.44212107148857,72.32868297827991,73.82283020019531,22522700,0.0,0.0
2016-10-11 00:00:00-04:00,72.64324199526493,72.66289857106158,70.33320810731838,71.18840789794922,16425400,0.0,0.0
2016-10-12 00:00:00-04:00,71.03112893174003,71.43415246066778,70.6182658659777,71.00164031982422,6301800,0.0,0.0
2016-10-13 00:00:00-04:00,70.16607818381085,70.16607818381085,69.30104654384526,69.4288330078125,6686800,0.0,0.0
2016-10-14 00:00:00-04:00,69.77289990074235,74.86480784221385,68.43602779644229,73.00694274902344,25005600,0.0,0.0
2016-10-17 00:00:00-04:00,72.83982932299143,73.46894467074804,71.50295733409702,71.5914306640625,8777200,0.0,0.0
2016-10-18 00:00:00-04:00,72.7415178417441,72.90862493416842,71.36532546372803,71.53243255615234,5248400,0.0,0.0
2016-10-19 00:00:00-04:00,71.37517621801088,74.21602753287361,71.20806908175943,71.58160400390625,3668800,0.0,0.0
2016-10-20 00:00:00-04:00,71.72905696063597,71.72905696063597,71.02130024270284,71.35551452636719,5054500,0.0,0.0
2016-10-21 00:00:00-04:00,71.10976574295263,73.00694401959835,71.00164332789623,72.74153900146484,6789700,0.0,0.0
2016-10-24 00:00:00-04:00,73.16420980889919,74.05873003447797,73.01675927731164,73.78349304199219,6329300,0.0,0.0
2016-10-25 00:00:00-04:00,73.78349304199219,73.98009625065744,73.30182830514208,73.78349304199219,4447200,0.0,0.0
2016-10-26 00:00:00-04:00,73.38047567470763,74.86479814974474,73.06591801439973,73.67536926269531,5748200,0.0,0.0
2016-10-27 00:00:00-04:00,74.20620135851942,74.8648129175329,73.35100153504811,73.46895599365234,4019400,0.0,0.0
2016-10-28 00:00:00-04:00,73.71469928489539,74.21602819778828,73.54759214714682,73.8523178100586,4827800,0.0,0.0
2016-10-31 00:00:00-04:00,74.03908050216029,74.70751647587768,73.59673636499058,73.88180541992188,4113500,0.0,0.0
2016-11-01 00:00:00-04:00,74.6976876040663,75.77897915156906,73.96044234445351,74.1668701171875,7141700,0.0,0.0
2016-11-02 00:00:00-04:00,73.87199129179973,74.36348822986939,73.64589940044253,73.72454071044922,4084800,0.0,0.0
2016-11-03 00:00:00-04:00,73.76384619715718,74.11772451977006,72.4761268840999,72.879150390625,3883200,0.0,0.0
2016-11-04 00:00:00-04:00,72.87915563641943,73.90147003092586,72.6039185878306,73.1052474975586,4280800,0.0,0.0
2016-11-07 00:00:00-05:00,74.3536466724348,75.69051877280944,74.12756230966907,75.00242614746094,5977500,0.0,0.0
2016-11-08 00:00:00-05:00,75.06140535732516,75.7298414251869,74.70752699788967,75.24817657470703,4031100,0.0,0.0
2016-11-09 00:00:00-05:00,73.95062600317351,75.24817750391064,73.63606829086291,74.6092300415039,6880900,0.0,0.0
2016-11-10 00:00:00-05:00,74.92378833703054,75.42511727293177,71.04095834273282,72.3778305053711,10200200,0.0,0.0
2016-11-11 00:00:00-05:00,72.54493664795524,73.79333532281375,72.54493664795524,73.32149505615234,8881800,0.0,0.0
2016-11-14 00:00:00-05:00,73.63606688899092,73.76385337918052,71.30636895489938,71.52262878417969,7241700,0.0,0.0
2016-11-15 00:00:00-05:00,73.22320057308755,73.45912446714826,72.06326767605339,72.76119232177734,6216400,0.0,0.0
2016-11-16 00:00:00-05:00,72.94795873491381,73.34115769952372,71.89615581687902,72.06326293945312,10638700,0.0,0.0
2016-11-17 00:00:00-05:00,72.45646664482841,74.12756047884716,72.07309969165314,73.91130065917969,12539100,0.0,0.0
2016-11-18 00:00:00-05:00,78.21681771260627,79.00321576600402,75.94610439540054,76.44742584228516,19903000,0.0,0.0
2016-11-21 00:00:00-05:00,76.73249475449393,76.97824320810135,74.51093413362914,74.85498046875,8549800,0.0,0.0
2016-11-22 00:00:00-05:00,74.4519429494779,75.35630288007083,73.82282756276359,74.28483581542969,7873800,0.0,0.0
2016-11-23 00:00:00-05:00,73.81298730968656,73.92111720783441,72.28935169881038,72.69237518310547,8233800,0.0,0.0
2016-11-25 00:00:00-05:00,72.70221962523395,72.90864742065607,72.25004338293112,72.47613525390625,2346100,0.0,0.0
2016-11-28 00:00:00-05:00,72.29919424533531,72.67272917528258,71.55211688579354,71.68973541259766,6436900,0.0,0.0
2016-11-29 00:00:00-05:00,71.52262827285655,72.073102380073,71.17858195584628,71.68973541259766,7435000,0.0,0.0
2016-11-30 00:00:00-05:00,71.9649646363719,72.05343796520415,70.77554321289062,70.77554321289062,6261900,0.0,0.0
2016-12-01 00:00:00-05:00,70.91316286064412,70.99180415427774,67.04999743173921,67.29574584960938,10907300,0.0,0.0
2016-12-02 00:00:00-05:00,65.45754912451332,68.27874383998719,65.30027402694435,67.2466049194336,15967600,0.0,0.0
2016-12-05 00:00:00-05:00,67.91502911820169,70.25455885456422,67.85605189783846,69.59595489501953,10209600,0.0,0.0
2016-12-06 00:00:00-05:00,69.58612109694762,70.13659513879428,68.79972318032694,69.41901397705078,4234100,0.0,0.0
2016-12-07 00:00:00-05:00,69.52716415422701,70.7755631488121,69.07498034553001,70.5593032836914,4919700,0.0,0.0
2016-12-08 00:00:00-05:00,70.2250762466074,71.0409553634038,69.79255659458485,70.63793182373047,5426600,0.0,0.0
2016-12-09 00:00:00-05:00,70.77554228519936,70.99180208656978,69.40918172160958,69.95965576171875,5126800,0.0,0.0
2016-12-12 00:00:00-05:00,69.6156251689243,69.64511378490927,68.39671487710802,69.18310546875,6100900,0.0,0.0
2016-12-13 00:00:00-05:00,69.24208804045278,70.90334251951903,69.15361469560966,70.3921890258789,5895400,0.0,0.0
2016-12-14 00:00:00-05:00,70.49047827050164,70.64776086443719,69.92034011695557,70.116943359375,5071600,0.0,0.0
2016-12-15 00:00:00-05:00,69.98914203326257,70.72638724077437,68.95700324253369,69.03564453125,4740200,0.0,0.0
2016-12-16 00:00:00-05:00,69.2813947895639,69.43866987156332,68.43601966233399,68.67193603515625,7224800,0.0,0.0
2016-12-19 00:00:00-05:00,68.80956862805358,68.87837789669572,67.95436128951742,68.3279037475586,4526000,0.0,0.0
2016-12-20 00:00:00-05:00,68.77023389886168,68.86853176256709,67.95434738077876,68.67193603515625,5262100,0.0,0.0
2016-12-21 00:00:00-05:00,68.7702435257745,69.15361049764428,68.13129607277577,68.91769409179688,3515800,0.0,0.0
2016-12-22 00:00:00-05:00,68.59330361247976,68.86854066629772,68.04282950484385,68.71126556396484,3468600,0.0,0.0
2016-12-23 00:00:00-05:00,68.50484638385291,68.8194041277021,68.13130390702388,68.6817855834961,2274000,0.0,0.0
2016-12-27 00:00:00-05:00,68.6522697096637,69.23223983589146,68.45567398870455,68.66210174560547,2939700,0.0,0.0
2016-12-28 00:00:00-05:00,68.66211646162513,68.86854426276872,67.67912264685698,67.9150390625,4313700,0.0,0.0
2016-12-29 00:00:00-05:00,67.67912837178068,68.63263365270565,67.60048706003158,67.97402954101562,3229100,0.0,0.0
2016-12-30 00:00:00-05:00,68.1804416538713,68.20009822745642,67.06966150497088,67.29574584960938,4523300,0.0,0.0
2017-01-03 00:00:00-05:00,68.11162067101286,69.65492016956301,67.8265516554023,69.34036254882812,8112200,0.0,0.0
2017-01-04 00:00:00-05:00,69.87119272110375,71.82734804851229,69.55663504282879,71.56194305419922,9289500,0.0,0.0
2017-01-05 00:00:00-05:00,71.57176533782633,72.40731594099155,71.29652831545745,71.55210876464844,4695600,0.0,0.0
2017-01-06 00:00:00-05:00,71.65042434901561,72.86933467793486,71.31621002481528,72.54495239257812,4466100,0.0,0.0
2017-01-09 00:00:00-05:00,72.79069043967397,73.17405740353107,72.25987291287633,72.70221710205078,3933100,0.0,0.0
2017-01-10 00:00:00-05:00,72.85949657134903,73.03643573934441,72.19106054777163,72.72187805175781,3994800,0.0,0.0
2017-01-11 00:00:00-05:00,73.00694696812032,74.78617086396277,72.8005191679801,74.48143768310547,7591300,0.0,0.0
2017-01-12 00:00:00-05:00,73.89164095756148,74.46177915230639,72.74154002997588,73.93096160888672,4681700,0.0,0.0
2017-01-13 00:00:00-05:00,73.56725488756796,74.49127149079777,73.42963635087175,74.35365295410156,3690000,0.0,0.0
2017-01-17 00:00:00-05:00,74.01942328788594,74.01942328788594,73.10523891262963,73.74417877197266,3152500,0.0,0.0
2017-01-18 00:00:00-05:00,74.30449313296018,74.92378398831914,73.80317172580405,74.49126434326172,3969500,0.0,0.0
2017-01-19 00:00:00-05:00,74.43228637473864,74.87463055301848,74.05874395786971,74.28483581542969,3274300,0.0,0.0
2017-01-20 00:00:00-05:00,74.47160975374045,74.8254881091951,74.14722001129914,74.73701477050781,4593600,0.0,0.0
2017-01-23 00:00:00-05:00,74.41263099037411,75.65120533370607,74.41263099037411,74.86481475830078,3770900,0.0,0.0
2017-01-24 00:00:00-05:00,75.02207909439595,76.1426913155667,74.65836872450318,75.79864501953125,3730300,0.0,0.0
2017-01-25 00:00:00-05:00,76.2114893321017,77.25346010342581,75.93625233587613,77.13550567626953,5690400,0.0,0.0
2017-01-26 00:00:00-05:00,77.65651329119858,77.73515459824439,75.96576268795289,76.6243667602539,4121000,0.0,0.0
2017-01-27 00:00:00-05:00,76.8602796441469,77.2338145495026,76.59486714589286,76.87993621826172,2219300,0.0,0.0
2017-01-30 00:00:00-05:00,76.47690911992028,77.44023869900855,75.78880906378228,77.37142944335938,4964000,0.0,0.0
2017-01-31 00:00:00-05:00,77.11586662815712,78.63951013691918,76.84062954262161,77.75481414794922,7835200,0.0,0.0
2017-02-01 00:00:00-05:00,77.56803442673902,77.95140135968447,76.132857062796,77.24364471435547,6199700,0.0,0.0
2017-02-02 00:00:00-05:00,76.99791137716251,78.89508983984582,76.5653916759348,78.76729583740234,7676100,0.0,0.0
2017-02-03 00:00:00-05:00,79.02286354477464,79.33742123118408,78.45272539451791,78.8459243774414,4975400,0.0,0.0
2017-02-06 00:00:00-05:00,78.65914275900674,78.75744811645754,78.00053886210307,78.39373779296875,2664200,0.0,0.0
2017-02-07 00:00:00-05:00,78.9147336369795,79.16048206385084,78.18732039334147,78.8459243774414,3628200,0.0,0.0
2017-02-08 00:00:00-05:00,78.63949833183801,79.45538492694611,78.27578795218035,79.32759094238281,2568000,0.0,0.0
2017-02-09 00:00:00-05:00,79.32759541961444,80.585833763642,79.12116762480026,79.65198516845703,5147500,0.0,0.0
2017-02-10 00:00:00-05:00,80.02553281528436,80.6054955861341,79.17032546711921,79.26862335205078,3061900,0.0,0.0
2017-02-13 00:00:00-05:00,79.79942445469877,79.9173863920507,79.09166782987985,79.53401947021484,4327500,0.0,0.0
2017-02-14 00:00:00-05:00,79.5733347405847,79.91738852546753,79.18996780851475,79.5438461303711,4809500,0.0,0.0
2017-02-15 00:00:00-05:00,79.84857767546623,81.42136601920302,79.51435593387106,80.28108978271484,5271900,0.0,0.0
2017-02-16 00:00:00-05:00,80.13364158818266,80.3302448242023,79.13099133324567,79.44554901123047,5234700,0.0,0.0
2017-02-17 00:00:00-05:00,79.19981483118123,80.08451080322266,78.8852570966385,80.08451080322266,3674100,0.0,0.0
2017-02-21 00:00:00-05:00,80.29092047941866,81.01833367007573,79.90755356139356,80.78241729736328,4325000,0.0,0.0
2017-02-22 00:00:00-05:00,80.60547888671074,80.9888458082734,80.32040982971482,80.68412017822266,2741400,0.0,0.0
2017-02-23 00:00:00-05:00,80.9298586755593,81.71624899540663,80.43836191328768,80.67427825927734,5595200,0.0,0.0
2017-02-24 00:00:00-05:00,80.0255259278913,80.42854947131886,79.59300627183974,80.38922882080078,4434200,0.0,0.0
2017-02-27 00:00:00-05:00,80.24177852232903,80.52684761479482,79.52419727202482,80.15331268310547,3289300,0.0,0.0
2017-02-28 00:00:00-05:00,80.11398803324522,80.43837776016625,79.31776552139077,79.96653747558594,10533000,0.0,0.0
2017-03-01 00:00:00-05:00,81.46068801178127,82.96466712470401,80.71361072378986,82.38469696044922,14319200,0.0,0.0
2017-03-02 00:00:00-05:00,82.1389553290026,82.27657385399546,80.94953379176594,81.26409149169922,5884800,0.0,0.0
2017-03-03 00:00:00-05:00,80.60548700256292,81.1854497116532,80.26144069211556,80.82174682617188,6217200,0.0,0.0
2017-03-06 00:00:00-05:00,80.36956402284136,81.31323703978718,80.23194550993132,81.09697723388672,5328500,0.0,0.0
2017-03-07 00:00:00-05:00,81.94234976563945,82.95483200668258,81.40170026816678,81.5589828491211,5431800,0.0,0.0
2017-03-08 00:00:00-05:00,81.5491646473869,82.4141964904461,81.52950807125607,82.0603256225586,3732400,0.0,0.0
2017-03-09 00:00:00-05:00,81.77524266901901,82.15860958563538,81.40170028898011,81.86370849609375,3646900,0.0,0.0
2017-03-10 00:00:00-05:00,82.1389431540474,82.52231005965297,81.8243855007391,82.08979797363281,3930000,0.0,0.0
2017-03-13 00:00:00-04:00,82.05049943927911,82.31590448404424,81.66713243036942,82.18811798095703,3463700,0.0,0.0
2017-03-14 00:00:00-04:00,82.0013246494529,82.19792787004936,81.32306416242169,82.08979797363281,2933500,0.0,0.0
2017-03-15 00:00:00-04:00,82.13895942672941,82.34538722451693,81.58848529929607,82.0603256225586,3074100,0.0,0.0
2017-03-16 00:00:00-04:00,82.5223198631228,82.57147254902264,81.85388383297817,82.0996322631836,3762100,0.0,0.0
2017-03-17 00:00:00-04:00,82.51249356493219,82.55181421288363,81.60813366134263,81.61796569824219,7828200,0.0,0.0
2017-03-20 00:00:00-04:00,81.61796745309289,82.20776218575199,81.40170763453361,81.49018096923828,3428700,0.0,0.0
2017-03-21 00:00:00-04:00,81.58847721033047,81.7654163765556,79.98620017703658,80.16313934326172,4206200,0.0,0.0
2017-03-22 00:00:00-04:00,80.30076983798817,80.5760069154673,79.76012022176282,80.48753356933594,3057000,0.0,0.0
2017-03-23 00:00:00-04:00,80.60547671130031,80.99867565860174,80.07465925739031,80.13363647460938,3056700,0.0,0.0
2017-03-24 00:00:00-04:00,80.48753486514858,80.85124529461466,79.90757208535868,80.22212982177734,3701800,0.0,0.0
2017-03-27 00:00:00-04:00,79.62250296490927,80.39906901724083,79.13100603302712,80.22212982177734,3403000,0.0,0.0
2017-03-28 00:00:00-04:00,80.05501042774887,80.94953080722222,79.9173919078299,80.74310302734375,3216000,0.0,0.0
2017-03-29 00:00:00-04:00,80.64479730541792,81.03799625247275,80.2712624305212,80.97901153564453,2874000,0.0,0.0
2017-03-30 00:00:00-04:00,80.85122682534379,81.18544106284628,80.62513498848021,81.15595245361328,3483000,0.0,0.0
2017-03-31 00:00:00-04:00,80.87089836253807,81.51967788429886,80.79226455658184,81.087158203125,3174000,0.0,0.0
2017-04-03 00:00:00-04:00,81.20511842504094,81.5688288309457,80.16314739683743,80.91021728515625,4224200,0.0,0.0
2017-04-04 00:00:00-04:00,81.33289101391082,81.71625793042918,81.12646325114297,81.5589828491211,4441500,0.0,0.0
2017-04-05 00:00:00-04:00,81.77524903031208,84.95031450975344,81.59830986275227,83.88867950439453,13289300,0.0,0.0
2017-04-06 00:00:00-04:00,83.96732947737088,83.99681809173677,82.93519047632648,83.55447387695312,5014400,0.0,0.0
2017-04-07 00:00:00-04:00,83.25957267269725,83.40702324406577,82.39454082012824,82.94501495361328,4876400,0.0,0.0
2017-04-10 00:00:00-04:00,82.69925077780094,83.17109101654081,82.4338457995165,82.80738067626953,3401300,0.0,0.0
2017-04-11 00:00:00-04:00,82.64028857712844,82.83688433753377,81.88338664995567,82.4338607788086,2536200,0.0,0.0
2017-04-12 00:00:00-04:00,82.40435511014513,82.65010350961498,81.78506434370767,81.95217895507812,3098400,0.0,0.0
2017-04-13 00:00:00-04:00,81.78507207575383,82.63044724982444,81.71626281738281,81.71626281738281,2594700,0.0,0.0
2017-04-17 00:00:00-04:00,81.83421784930441,82.79755488479215,81.58846944735456,82.76805877685547,2960800,0.0,0.0
2017-04-18 00:00:00-04:00,82.57146125190792,82.96466018636998,82.10945306638843,82.28639221191406,2498200,0.0,0.0
2017-04-19 00:00:00-04:00,82.65010175868886,82.7778882238335,81.93251314759463,82.07996368408203,2840600,0.0,0.0
2017-04-20 00:00:00-04:00,82.52231536110243,82.92534636448241,82.04065056407825,82.62062072753906,4012300,0.0,0.0
2017-04-21 00:00:00-04:00,82.58130345570068,82.9646704016016,82.22742512107726,82.36504364013672,2946100,0.0,0.0
2017-04-24 00:00:00-04:00,83.07280055770649,83.21041907717732,82.3257232379742,82.73857879638672,3193800,0.0,0.0
2017-04-25 00:00:00-04:00,83.13177665486756,83.6822507252977,82.91551684158522,83.3087158203125,3016500,0.0,0.0
2017-04-26 00:00:00-04:00,83.3087219340206,83.67243232847282,82.95484357716094,83.50531768798828,2165000,0.0,0.0
2017-04-27 00:00:00-04:00,83.92800637115283,84.85202292572217,83.83954053064167,84.3900146484375,2944500,0.0,0.0
2017-04-28 00:00:00-04:00,84.32119664508045,84.7537162640372,83.82969980522836,84.6554183959961,2919200,0.0,0.0
2017-05-01 00:00:00-04:00,84.78321011647459,85.4024934731046,84.78321011647459,85.18624114990234,3290000,0.0,0.0
2017-05-02 00:00:00-04:00,85.31401602471377,85.71703950364135,84.6455800721777,85.6089096069336,3503200,0.0,0.0
2017-05-03 00:00:00-04:00,85.49095763861445,85.57942346593705,84.72422380323344,85.0781021118164,2786700,0.0,0.0
2017-05-04 00:00:00-04:00,85.2746987107716,85.64823359602968,84.82252253399193,85.0486068725586,2140100,0.0,0.0
2017-05-05 00:00:00-04:00,84.96997373154032,85.50079120390757,84.75371392802258,85.49095916748047,2595800,0.0,0.0
2017-05-08 00:00:00-04:00,85.45163701327152,85.68755338583333,85.14691138622725,85.38282775878906,2168400,0.0,0.0
2017-05-09 00:00:00-04:00,85.54993364416714,86.12990378043064,85.42214717329709,85.64823150634766,2887000,0.0,0.0
2017-05-10 00:00:00-04:00,85.893996950246,86.12992086585439,85.42216411832452,85.82518768310547,2920700,0.0,0.0
2017-05-11 00:00:00-04:00,85.89398644013497,86.45429254676164,85.0977639464146,86.21837615966797,2731600,0.0,0.0
2017-05-12 00:00:00-04:00,86.47395391432073,87.76167321564829,86.08075494837175,87.5257568359375,5586600,0.0,0.0
2017-05-15 00:00:00-04:00,87.7518570005084,88.4104685745685,87.53560465491094,88.2728500366211,4053900,0.0,0.0
2017-05-16 00:00:00-04:00,88.4792590334267,88.74466401457393,87.88946435337466,88.22367858886719,6422300,0.0,0.0
2017-05-17 00:00:00-04:00,88.22366681883766,88.22366681883766,86.08074068414359,86.34614562988281,5619200,0.0,0.0
2017-05-18 00:00:00-04:00,86.38548454151892,86.89664547056016,85.68755990732329,86.25769805908203,10180000,0.0,0.0
2017-05-19 00:00:00-04:00,89.40327363299102,89.45242631763962,84.96997746468661,85.91365051269531,15733500,0.0,0.0
2017-05-22 00:00:00-04:00,86.05127458333385,87.53559725967897,85.39267056456217,87.4274673461914,6058400,0.0,0.0
2017-05-23 00:00:00-04:00,87.22103895159499,87.73219240300585,86.66073281270454,86.98511505126953,4344600,0.0,0.0
2017-05-24 00:00:00-04:00,86.92613962533454,88.19420249215527,86.82784174798779,88.07624053955078,4577200,0.0,0.0
2017-05-25 00:00:00-04:00,88.43993960221422,90.24864431248933,88.38096238329328,89.71782684326172,7407100,0.0,0.0
2017-05-26 00:00:00-04:00,89.38362960952698,89.55073676136145,88.92162130768644,89.28533172607422,5284500,0.0,0.0
2017-05-30 00:00:00-04:00,88.9609257614406,89.5212318447036,88.93143715173936,89.31480407714844,4626500,0.0,0.0
2017-05-31 00:00:00-04:00,89.14770119608698,89.42293823258562,87.95827971713399,88.11555480957031,6030100,0.0,0.0
2017-06-01 00:00:00-04:00,88.46943252048584,89.09854788510422,87.80099650812296,88.51858520507812,4890600,0.0,0.0
2017-06-02 00:00:00-04:00,88.70534531128575,89.54088841795564,88.30232181262464,89.31480407714844,4969200,0.0,0.0
2017-06-05 00:00:00-04:00,89.45242335977404,90.31745508360024,89.20667494395049,89.82595825195312,5537300,0.0,0.0
2017-06-06 00:00:00-04:00,89.45242997057365,90.38627101985819,89.25583422324439,89.55072784423828,4296700,0.0,0.0
2017-06-07 00:00:00-04:00,89.8947697628938,90.42558725434277,89.07889070162926,89.8357925415039,3484000,0.0,0.0
2017-06-08 00:00:00-04:00,89.8357843974197,90.06187622499563,89.04938651849452,89.69816589355469,3804900,0.0,0.0
2017-06-09 00:00:00-04:00,89.54089384325131,89.668687825895,83.78055757664627,85.78585815429688,11672200,0.0,0.0
2017-06-12 00:00:00-04:00,84.65542402030354,85.3631732170086,82.12913039560867,84.71440124511719,9281600,0.0,0.0
2017-06-13 00:00:00-04:00,86.33633973411082,86.80817251721207,85.32385740824057,85.78585815429688,5308000,0.0,0.0
2017-06-14 00:00:00-04:00,86.19872197092546,86.59191346041324,84.59643740263971,85.68756103515625,3554800,0.0,0.0
2017-06-15 00:00:00-04:00,84.52764224507379,84.9110092610403,83.45618250805153,84.8028793334961,6661600,0.0,0.0
2017-06-16 00:00:00-04:00,84.61610162504245,85.5007974772327,84.39984180565739,84.53746032714844,8005000,0.0,0.0
2017-06-19 00:00:00-04:00,85.21573394019951,86.21838430480405,85.14692467497811,86.05127716064453,4835500,0.0,0.0
2017-06-20 00:00:00-04:00,86.13973523498379,86.29701782682127,85.31402412677727,85.44181060791016,3095500,0.0,0.0
2017-06-21 00:00:00-04:00,86.01195325575446,86.30685438106161,84.9601502416414,86.07093048095703,3794700,0.0,0.0
2017-06-22 00:00:00-04:00,86.3756669573632,87.48644723929237,85.75637607038935,86.96546173095703,4413000,0.0,0.0
2017-06-23 00:00:00-04:00,86.78851767752258,87.34882380593416,86.0217837649222,87.11290740966797,4890900,0.0,0.0
2017-06-26 00:00:00-04:00,87.28984029312849,88.27283395634099,86.20854126387756,86.611572265625,4866500,0.0,0.0
2017-06-27 00:00:00-04:00,86.50343857889301,87.76166921282443,85.62857485687363,86.18888092041016,5370800,0.0,0.0
2017-06-28 00:00:00-04:00,86.77867487270156,86.96544605887968,85.21571862935649,86.59190368652344,4257800,0.0,0.0
2017-06-29 00:00:00-04:00,86.1593879445699,86.17904451613354,84.37033994644682,85.32384490966797,5215600,0.0,0.0
2017-06-30 00:00:00-04:00,85.3238539059814,85.76619805943793,84.83235706896455,85.12725067138672,3943500,0.0,0.0
2017-07-03 00:00:00-04:00,85.53030074772643,85.6187665982838,83.67244288953958,84.63577270507812,2741300,0.0,0.0
2017-07-05 00:00:00-04:00,84.81269413348288,86.02177966860921,84.63575496979723,86.01194763183594,4719800,0.0,0.0
2017-07-06 00:00:00-04:00,85.1469167480876,85.98245989074638,84.87167221317885,85.37300109863281,3275000,0.0,0.0
2017-07-07 00:00:00-04:00,85.71703288658601,86.94577480009582,85.70720835102267,86.42478942871094,2454300,0.0,0.0
2017-07-10 00:00:00-04:00,86.36582634873862,87.13256022828568,85.9824594089651,86.99494171142578,2332100,0.0,0.0
2017-07-11 00:00:00-04:00,86.75903019533054,87.14239715662342,86.17905998488291,86.84749603271484,2414700,0.0,0.0
2017-07-12 00:00:00-04:00,87.70270740521532,88.87247241868997,87.33899700195789,88.86264038085938,4273500,0.0,0.0
2017-07-13 00:00:00-04:00,89.0199069621902,89.2263347389777,87.9779360413638,88.04674530029297,3211100,0.0,0.0
2017-07-14 00:00:00-04:00,88.26300124836658,88.63653613767302,88.01725283443294,88.46942901611328,1978000,0.0,0.0
2017-07-17 00:00:00-04:00,88.44978299584648,88.72502005234746,87.7518508173153,87.77151489257812,2485700,0.0,0.0
2017-07-18 00:00:00-04:00,87.48644130822883,87.87964029718397,87.11290639352727,87.75184631347656,3813100,0.0,0.0
2017-07-19 00:00:00-04:00,87.83048323923671,88.5972171047275,87.28984121852613,88.03691101074219,4463000,0.0,0.0
2017-07-20 00:00:00-04:00,88.18437274689707,89.08872524143163,87.89930364542796,89.00025939941406,3481000,0.0,0.0
2017-07-21 00:00:00-04:00,88.80365861492382,89.08872772433782,88.01726805414346,88.16471862792969,2928700,0.0,0.0
2017-07-24 00:00:00-04:00,88.12539347316303,88.2826685774258,87.4471253681835,88.14505004882812,2393500,0.0,0.0
2017-07-25 00:00:00-04:00,88.20404139378437,89.27550108964482,87.72236900790136,89.08872985839844,3346000,0.0,0.0
2017-07-26 00:00:00-04:00,89.08871299329844,89.64901908131995,88.61688023477848,89.52123260498047,3638100,0.0,0.0
2017-07-27 00:00:00-04:00,89.69817741684099,90.56320919507023,87.57490737075975,88.97076416015625,3572100,0.0,0.0
2017-07-28 00:00:00-04:00,88.4694443263431,89.57040011116632,88.17454317872952,89.07890319824219,2108800,0.0,0.0
2017-07-31 00:00:00-04:00,89.26566102467909,89.50158492703379,88.3416519892218,89.2558364868164,3002900,0.0,0.0
2017-08-01 00:00:00-04:00,89.81614410896749,90.21916765774154,89.34430379613848,89.66869354248047,3157500,0.0,0.0
2017-08-02 00:00:00-04:00,89.79649068030162,89.79649068030162,87.4766244914371,88.36132049560547,3636900,0.0,0.0
2017-08-03 00:00:00-04:00,88.46943787785453,88.89212549214572,87.89929970050414,88.81348419189453,2351400,0.0,0.0
2017-08-04 00:00:00-04:00,89.06906391019957,89.32464438401821,88.71518556172674,88.91178131103516,1987600,0.0,0.0
2017-08-07 00:00:00-04:00,89.01007492186562,89.15751796453748,88.58738736703204,88.96092224121094,1903300,0.0,0.0
2017-08-08 00:00:00-04:00,88.64638768201918,89.34431243122135,88.01727220387502,88.72502899169922,2366700,0.0,0.0
2017-08-09 00:00:00-04:00,88.11555443973336,88.93144100853475,88.09589786562887,88.58739471435547,3055400,0.0,0.0
2017-08-10 00:00:00-04:00,88.14504814898262,88.39079658755989,86.0611061896215,86.13973999023438,3961500,0.0,0.0
2017-08-11 00:00:00-04:00,86.06110752342704,87.15223120759255,85.77603843030163,86.78852081298828,2881500,0.0,0.0
2017-08-14 00:00:00-04:00,87.77150641239591,89.1083784145058,87.58473521368089,88.71517944335938,4906900,0.0,0.0
2017-08-15 00:00:00-04:00,88.8134854194858,89.56056278290399,88.55790493996035,89.15753173828125,2531700,0.0,0.0
2017-08-16 00:00:00-04:00,89.5015834855479,90.82862354141946,89.27549162434448,90.67134094238281,4273700,0.0,0.0
2017-08-17 00:00:00-04:00,90.43542067406476,90.91708548862334,89.20667854534105,89.33446502685547,3630500,0.0,0.0
2017-08-18 00:00:00-04:00,89.27548417790373,89.79646961937499,88.74466669990102,89.21650695800781,3046800,0.0,0.0
2017-08-21 00:00:00-04:00,89.40327862913989,90.23882931697909,89.02974370373502,90.19950866699219,3512500,0.0,0.0
2017-08-22 00:00:00-04:00,90.85810167728245,91.85092734519236,90.48456679711211,91.36925506591797,11254400,0.0,0.0
2017-08-23 00:00:00-04:00,90.57304390226126,93.02069625005444,89.74733274865284,91.48722839355469,12034900,0.0,0.0
2017-08-24 00:00:00-04:00,92.10652216227251,92.70614901997008,91.76247580940867,92.54887390136719,5494400,0.0,0.0
2017-08-25 00:00:00-04:00,92.54886277021147,93.61049781677472,92.27362572102406,92.49971008300781,5311000,0.0,0.0
2017-08-28 00:00:00-04:00,92.48004762515563,92.58817753040773,91.2709620935398,92.06719207763672,5536100,0.0,0.0
2017-08-29 00:00:00-04:00,91.1726637327554,92.51936777293949,90.92691531299056,92.23429870605469,3242800,0.0,0.0
2017-08-30 00:00:00-04:00,92.23429811253537,93.5613380707968,91.99837423133371,93.24678039550781,3808100,0.0,0.0
2017-08-31 00:00:00-04:00,93.32543153116762,94.03318825011817,92.74546130327585,93.86607360839844,5098200,0.0,0.0
2017-09-01 00:00:00-04:00,94.12163210235546,94.5344875920801,93.57115811605595,94.37721252441406,3679600,0.0,0.0
2017-09-05 00:00:00-04:00,93.73826474852035,94.84904475091159,93.51217293405628,94.54431915283203,4069500,0.0,0.0
2017-09-06 00:00:00-04:00,94.5246743212285,94.68194940763762,93.63014648724187,94.1904525756836,4105200,0.0,0.0
2017-09-07 00:00:00-04:00,94.45586853742108,95.86154994008436,94.24944074397858,95.08499145507812,4917300,0.0,0.0
2017-09-08 00:00:00-04:00,94.97686369021646,95.53716985643317,94.74093977838494,94.79009246826172,3316400,0.0,0.0
2017-09-11 00:00:00-04:00,95.3012471870498,96.54965352957939,95.3012471870498,96.04832458496094,4471500,0.0,0.0
2017-09-12 00:00:00-04:00,95.93035515975038,95.95985127155336,94.51484927873572,95.20294189453125,4743200,0.0,0.0
2017-09-13 00:00:00-04:00,95.24225472755761,95.25208676401837,93.73827563385753,93.98402404785156,5610300,0.0,0.0
2017-09-14 00:00:00-04:00,93.75793982941298,94.1118181743055,92.90274007896188,93.67930603027344,5054600,0.0,0.0
2017-09-15 00:00:00-04:00,93.88573787210396,93.99386778769654,92.56852230927036,93.02069854736328,6081700,0.0,0.0
2017-09-18 00:00:00-04:00,93.32542593209912,94.54433604180346,93.12882268882623,94.11181640625,5990700,0.0,0.0
2017-09-19 00:00:00-04:00,94.33791342789884,94.57382983310032,93.54169087306425,93.72845458984375,3521000,0.0,0.0
2017-09-20 00:00:00-04:00,93.46303384361278,93.73827085330588,92.45055162953628,93.5908203125,3362600,0.0,0.0
2017-09-21 00:00:00-04:00,93.20745974864087,93.48269677706291,92.56851236143454,93.24678039550781,2896100,0.0,0.0
2017-09-22 00:00:00-04:00,93.1779660221982,93.72844004881692,92.95187419003915,93.3254165649414,2254400,0.0,0.0
2017-09-25 00:00:00-04:00,93.25663250089688,93.27628907873716,90.54356728040064,90.89744567871094,5821100,0.0,0.0
2017-09-26 00:00:00-04:00,91.36927252077236,92.07702927074132,90.55339335033649,90.76964569091797,4558200,0.0,0.0
2017-09-27 00:00:00-04:00,91.32995378408287,92.06719910361994,91.04488469390421,91.62484741210938,2945100,0.0,0.0
2017-09-28 00:00:00-04:00,91.62483422643459,91.66415487110896,90.85810040439979,91.02520751953125,3017600,0.0,0.0
2017-09-29 00:00:00-04:00,91.19232091496565,91.88042099468645,91.04487786184022,91.83126831054688,4629700,0.0,0.0
2017-10-02 00:00:00-04:00,92.12617030188726,93.22711844059155,91.86075780441624,92.3424301147461,2755900,0.0,0.0
2017-10-03 00:00:00-04:00,92.56853139779122,93.82676235769742,92.35227154537333,93.73829650878906,4996800,0.0,0.0
2017-10-04 00:00:00-04:00,93.58101111699726,94.10200415495709,93.1190103091918,93.89556884765625,3128300,0.0,0.0
2017-10-05 00:00:00-04:00,93.87590550740573,94.24944044201241,93.06985091193536,94.10199737548828,3956300,0.0,0.0
2017-10-06 00:00:00-04:00,93.92505157665425,94.92770185659336,93.84641028028541,94.68195343017578,4402900,0.0,0.0
2017-10-09 00:00:00-04:00,94.69178196112703,95.11446953890093,94.34773567681027,94.63279724121094,2031300,0.0,0.0
2017-10-10 00:00:00-04:00,94.63280831961352,94.81957953852735,93.60066934583355,93.76777648925781,2028900,0.0,0.0
2017-10-11 00:00:00-04:00,93.76775382554989,94.37721252441406,93.21727983925038,94.37721252441406,2640800,0.0,0.0
2017-10-12 00:00:00-04:00,94.50500817099307,95.5764751409189,94.21010707844378,95.09480285644531,3118600,0.0,0.0
2017-10-13 00:00:00-04:00,95.49783248609968,95.96966522786613,95.04565631705427,95.2914047241211,2496000,0.0,0.0
2017-10-16 00:00:00-04:00,95.30123763862301,95.92052847864706,95.27174902712602,95.49784088134766,2544300,0.0,0.0
2017-10-17 00:00:00-04:00,95.31107356678143,95.35039421693163,94.29859119926684,95.07515716552734,2528300,0.0,0.0
2017-10-18 00:00:00-04:00,95.32089694178575,95.41919480840471,94.41654456945697,94.79991149902344,2876700,0.0,0.0
2017-10-19 00:00:00-04:00,94.76061197079648,95.57649869489066,94.47554284431845,95.53717803955078,2534100,0.0,0.0
2017-10-20 00:00:00-04:00,95.8812065787882,97.49331564985687,95.67477880135648,97.21807861328125,4588800,0.0,0.0
2017-10-23 00:00:00-04:00,97.3851829728848,97.74889333209907,96.62828114382943,96.76589965820312,4024900,0.0,0.0
2017-10-24 00:00:00-04:00,96.5791390546418,97.0411473319969,96.14661939079492,96.98217010498047,3651400,0.0,0.0
2017-10-25 00:00:00-04:00,96.72658200808581,97.93566006463557,96.63810867487787,97.8963394165039,4687200,0.0,0.0
2017-10-26 00:00:00-04:00,98.12242653065317,99.0464429680155,97.61127312891543,98.34851837158203,3863300,0.0,0.0
2017-10-27 00:00:00-04:00,99.00712134813703,100.24569544353766,98.47630387867962,98.98745727539062,4030400,0.0,0.0
2017-10-30 00:00:00-04:00,98.98745727539062,99.26270179631571,98.21089889377409,98.98745727539062,2374600,0.0,0.0
2017-10-31 00:00:00-04:00,99.41015729526038,100.70770877213177,99.12508820190224,100.59957885742188,5111800,0.0,0.0
2017-11-01 00:00:00-04:00,101.90695985479901,102.15270829131565,99.57726947639556,100.2162094116211,3760800,0.0,0.0
2017-11-02 00:00:00-04:00,100.31449871211626,101.61204994902587,100.02942967147717,100.85514068603516,3212600,0.0,0.0
2017-11-03 00:00:00-04:00,101.11073027568717,101.31715804802104,99.97045400986585,100.9632797241211,3265500,0.0,0.0
2017-11-06 00:00:00-05:00,101.16970422033428,101.38596402234197,99.85249633486396,100.67820739746094,7046800,0.0,0.0
2017-11-07 00:00:00-05:00,103.15536122652888,103.21433844861255,100.01960892520312,100.97311401367188,5277100,0.0,0.0
2017-11-08 00:00:00-05:00,101.19919910987265,103.46008763525232,101.15005392432332,103.24382781982422,6674500,0.0,0.0
2017-11-09 00:00:00-05:00,102.55573107172994,102.66386097506502,100.66838503112096,101.83814239501953,5128600,0.0,0.0
2017-11-10 00:00:00-05:00,101.65137605427914,103.58786722808233,101.08123794236731,103.45024871826172,4675700,0.0,0.0
2017-11-13 00:00:00-05:00,103.21433759285027,104.15801063659873,103.21433759285027,103.98107147216797,4609500,0.0,0.0
2017-11-14 00:00:00-05:00,103.84346117287019,104.5708744621388,103.27332298684875,104.42343139648438,4366800,0.0,0.0
2017-11-15 00:00:00-05:00,104.07936808168101,105.18032370255246,103.21433634362624,103.63702392578125,4148400,0.0,0.0
2017-11-16 00:00:00-05:00,104.42342550781979,105.5342057044452,104.37427282227529,105.2098159790039,3708500,0.0,0.0
2017-11-17 00:00:00-05:00,105.36709084341803,106.0355268196946,104.91491466823776,105.75045776367188,4407900,0.0,0.0
2017-11-20 00:00:00-05:00,106.85141279388998,107.14631390541498,105.1901585312631,105.54403686523438,5578500,0.0,0.0
2017-11-21 00:00:00-05:00,106.90056197711826,107.3330815932804,105.95688895065715,106.94971466064453,10682700,0.0,0.0
2017-11-22 00:00:00-05:00,105.03288594625658,105.66200137778277,104.24649540667262,105.01322937011719,9009600,0.0,0.0
2017-11-24 00:00:00-05:00,105.5735071728449,105.7701028800126,104.60034567296736,105.3277587890625,4000000,0.0,0.0
2017-11-27 00:00:00-05:00,104.97389144799833,105.45555623046968,104.05970706514256,104.76746368408203,5144200,0.0,0.0
2017-11-28 00:00:00-05:00,104.29565010347227,105.07221617559487,103.99092439782667,104.64952850341797,4794300,0.0,0.0
2017-11-29 00:00:00-05:00,103.95158781386783,104.07937429995994,101.04192724877537,101.76934051513672,6851000,0.0,0.0
2017-11-30 00:00:00-05:00,101.82831734097792,102.73267727630714,101.02226277880082,102.54590606689453,5201800,0.0,0.0
2017-12-01 00:00:00-05:00,102.09372811353867,103.0472332195881,101.08124578431817,102.06423950195312,4797600,0.0,0.0
2017-12-04 00:00:00-05:00,102.82114443132625,102.95876295592787,98.13226755820645,98.15192413330078,9116000,0.0,0.0
2017-12-05 00:00:00-05:00,97.85703356744526,99.93115103831215,97.00182628099462,98.97764587402344,5323800,0.0,0.0
2017-12-06 00:00:00-05:00,98.55495638209543,101.57274692238816,98.29937590484161,101.16971588134766,4571000,0.0,0.0
2017-12-07 00:00:00-05:00,101.88729248058029,102.36895726519951,100.89446680238257,102.3001480102539,3900100,0.0,0.0
2017-12-08 00:00:00-05:00,103.21435330704448,103.55839965147172,101.45479343166188,101.6808853149414,4171500,0.0,0.0
2017-12-11 00:00:00-05:00,102.61470308300282,102.93909277654161,101.61205289346466,102.76215362548828,3357200,0.0,0.0
2017-12-12 00:00:00-05:00,103.16519032474832,103.27332023644668,101.52359257390522,101.9069595336914,4683600,0.0,0.0
2017-12-13 00:00:00-05:00,102.0544089629239,102.82114287399048,101.94627905242507,102.17237091064453,4067500,0.0,0.0
2017-12-14 00:00:00-05:00,102.4279492461612,103.41094302971227,102.17237626218406,102.46726989746094,4464900,0.0,0.0
2017-12-15 00:00:00-05:00,102.97842344166334,103.85328724598874,101.55307805846978,103.6861801147461,7261100,0.0,0.0
2017-12-18 00:00:00-05:00,103.60753405300434,104.0793668135958,103.00790731586586,103.29297637939453,3931400,0.0,0.0
2017-12-19 00:00:00-05:00,102.81129777902963,103.38143587113072,101.72018177469276,102.4869155883789,3942100,0.0,0.0
2017-12-20 00:00:00-05:00,102.48692874451571,102.7228451406313,101.06158333129291,101.63172149658203,3673500,0.0,0.0
2017-12-21 00:00:00-05:00,101.96594851973332,102.2706741929028,101.57274950618238,101.85781860351562,2486800,0.0,0.0
2017-12-22 00:00:00-05:00,101.53342301467599,101.73985079749588,100.2850167809334,100.8846435546875,3538300,0.0,0.0
2017-12-26 00:00:00-05:00,100.42264579737602,100.85515795062024,99.59692714182398,100.79618072509766,2524600,0.0,0.0
2017-12-27 00:00:00-05:00,100.8453197828104,101.06157959610978,100.35382293427429,100.90430450439453,2038600,0.0,0.0
2017-12-28 00:00:00-05:00,100.89445773120612,101.15003815501673,100.61922073616958,101.04190826416016,2719400,0.0,0.0
2017-12-29 00:00:00-05:00,100.86498234815903,101.41545641040041,100.47178337528092,100.49144744873047,2498800,0.0,0.0
2018-01-02 00:00:00-05:00,101.13038985478535,102.9194381011591,100.5307630936711,102.6343765258789,4669200,0.0,0.0
2018-01-03 00:00:00-05:00,103.11604557520718,104.33495572176304,102.84080852595075,103.4994125366211,3888700,0.0,0.0
2018-01-04 00:00:00-05:00,104.19732483448726,105.82909786097075,103.97123299962469,104.86576080322266,4540200,0.0,0.0
2018-01-05 00:00:00-05:00,105.92741290850208,106.45823045505075,105.37693128635117,106.26162719726562,3368400,0.0,0.0
2018-01-08 00:00:00-05:00,106.16332230624414,107.28393455283829,105.7406347044834,107.00869750976562,2933600,0.0,0.0
2018-01-09 00:00:00-05:00,107.14631927327625,107.48053355007784,106.40907395717572,107.29376983642578,3302300,0.0,0.0
2018-01-10 00:00:00-05:00,106.83175271996943,107.62797519549831,106.38940856681928,106.94971466064453,3113300,0.0,0.0
2018-01-11 00:00:00-05:00,107.14631577511958,107.53951476413197,106.82192604671083,107.24461364746094,3668100,0.0,0.0
2018-01-12 00:00:00-05:00,107.3724084775904,108.82723499886346,107.05785078383025,108.36522674560547,5749500,0.0,0.0
2018-01-16 00:00:00-05:00,108.96485966947195,109.5448299029823,106.38942075013188,107.03819274902344,5790800,0.0,0.0
2018-01-17 00:00:00-05:00,107.88356342156017,108.50284678050801,107.3724099744417,108.16863250732422,4254700,0.0,0.0
2018-01-18 00:00:00-05:00,108.35540549836918,110.2624082936026,108.3455734608649,109.86920928955078,3842800,0.0,0.0
2018-01-19 00:00:00-05:00,110.30172630416747,110.4884975140428,109.71193156202867,110.0264892578125,3120900,0.0,0.0
2018-01-22 00:00:00-05:00,109.73157969562875,111.03896306488922,109.12212842548213,110.97015380859375,2214700,0.0,0.0
2018-01-23 00:00:00-05:00,111.25523175987972,111.82536992882433,110.76373489002685,111.314208984375,2816800,0.0,0.0
2018-01-24 00:00:00-05:00,111.69755807415441,111.90398582651184,110.5867780258561,110.93082427978516,4975500,0.0,0.0
2018-01-25 00:00:00-05:00,111.35353600776749,111.54030722888938,109.99700726919919,110.05598449707031,4715100,0.0,0.0
2018-01-26 00:00:00-05:00,110.80304312350103,111.9826324791098,110.12477511922056,111.76637268066406,3927400,0.0,0.0
2018-01-29 00:00:00-05:00,111.76639097937047,112.46432317031136,110.93084775737961,111.37319946289062,3181500,0.0,0.0
2018-01-30 00:00:00-05:00,110.5081519512444,111.52063428059903,109.93801379502536,110.3213882446289,3737700,0.0,0.0
2018-01-31 00:00:00-05:00,111.13726581883331,112.57243572729008,110.7244102629033,111.97281646728516,4181800,0.0,0.0
2018-02-01 00:00:00-05:00,111.37319737137688,112.32669503054669,110.61628796710777,110.82271575927734,4302800,0.0,0.0
2018-02-02 00:00:00-05:00,110.12478400622096,110.43934169307765,108.82723261048125,108.89604187011719,4403800,0.0,0.0
2018-02-05 00:00:00-05:00,107.29376547460218,109.71192911314841,105.67182434518853,105.81927490234375,6124000,0.0,0.0
2018-02-06 00:00:00-05:00,103.22417039667165,107.75577194748723,101.92661901442024,107.70661926269531,6857900,0.0,0.0
2018-02-07 00:00:00-05:00,107.21513716915162,110.38037851442049,106.95955667242274,108.17847442626953,4515400,0.0,0.0
2018-02-08 00:00:00-05:00,108.22760521845555,108.30624651462392,102.23134512908292,102.26083374023438,6803800,0.0,0.0
2018-02-09 00:00:00-05:00,103.52889430718483,106.27144758042392,100.62906594461323,105.1606674194336,6615800,0.0,0.0
2018-02-12 00:00:00-05:00,105.86842876636653,107.6181640219096,104.45292280072881,106.7039794921875,4624100,0.0,0.0
2018-02-13 00:00:00-05:00,106.17316214630253,106.24197141212765,104.12853324800258,105.85860443115234,7542800,0.0,0.0
2018-02-14 00:00:00-05:00,104.91492834499519,107.36258073176522,104.91492834499519,107.16597747802734,7428000,0.0,0.0
2018-02-15 00:00:00-05:00,110.40002091252599,111.50097656502909,108.1784605328571,111.19625091552734,8341900,0.0,0.0
2018-02-16 00:00:00-05:00,110.92100975357019,112.20873664961655,110.75390261808954,110.940673828125,4667300,0.0,0.0
2018-02-20 00:00:00-05:00,110.537637334132,113.2998547001302,110.37053020690823,112.40532684326172,4287800,0.0,0.0
2018-02-21 00:00:00-05:00,112.81818841641112,113.70288428372427,112.22839367141806,112.53312683105469,4976500,0.0,0.0
2018-02-22 00:00:00-05:00,112.57244003468412,113.04428033069172,110.56713940068128,111.07829284667969,4763400,0.0,0.0
2018-02-23 00:00:00-05:00,111.69757563630981,113.00495910644531,110.82271181034473,113.00495910644531,4173500,0.0,0.0
2018-02-26 00:00:00-05:00,114.135404097485,114.81367218002889,113.4079908275803,114.66622161865234,5418900,0.0,0.0
2018-02-27 00:00:00-05:00,115.305167294843,115.60989295063752,113.7913560537577,114.4892807006836,5908200,0.0,0.0
2018-02-28 00:00:00-05:00,115.01025548135081,116.14069966336172,114.24352164475188,114.27301025390625,9684400,0.0,0.0
2018-03-01 00:00:00-05:00,118.85378277884712,120.38725069174849,116.04241993876295,117.3989486694336,15555500,0.0,0.0
2018-03-02 00:00:00-05:00,116.63220951319676,120.24962680002481,115.63938372940682,119.84659576416016,10627500,0.0,0.0
2018-03-05 00:00:00-05:00,117.95924097177934,120.84924477547483,117.62502672218965,120.4167251586914,10121300,0.0,0.0
2018-03-06 00:00:00-05:00,120.78043199794818,122.56948013389052,120.66247006054176,122.36305236816406,8154800,0.0,0.0
2018-03-07 00:00:00-05:00,121.28176608753363,123.63112054836508,121.08517033753446,123.1986083984375,6750400,0.0,0.0
2018-03-08 00:00:00-05:00,123.62128774827099,125.12526688422133,123.56230302749583,124.2110824584961,6127900,0.0,0.0
2018-03-09 00:00:00-05:00,125.02696529376085,125.33169092671542,124.10294885880644,125.24322509765625,5637800,0.0,0.0
2018-03-12 00:00:00-04:00,125.6953988470705,126.01978104699192,124.62393188476562,124.62393188476562,5609800,0.0,0.0
2018-03-13 00:00:00-04:00,125.7150674098809,125.93132723021824,123.59180485492149,124.57479858398438,4641800,0.0,0.0
2018-03-14 00:00:00-04:00,124.88935313924017,126.67839388154907,124.35853563892627,125.81336212158203,5402400,0.0,0.0
2018-03-15 00:00:00-04:00,125.82319139213361,126.27537508588811,124.51580799415953,125.05645751953125,4603500,0.0,0.0
2018-03-16 00:00:00-04:00,125.12526434875639,125.77403626696368,123.5524759868106,123.82771301269531,6662900,0.0,0.0
2018-03-19 00:00:00-04:00,122.90371367167984,123.62130244586119,121.37024574284808,122.85456848144531,6830400,0.0,0.0
2018-03-20 00:00:00-04:00,122.47118688691464,124.67309827181431,122.33356836281429,122.99217987060547,7113600,0.0,0.0
2018-03-21 00:00:00-04:00,119.492714425693,121.91087808143564,118.15584236403328,119.63033294677734,14824000,0.0,0.0
2018-03-22 00:00:00-04:00,118.35243547002143,118.60801591570498,115.44277520260795,116.0325698852539,10950500,0.0,0.0
2018-03-23 00:00:00-04:00,116.0030899271465,116.07189918692596,112.36600869690498,112.48397064208984,10902100,0.0,0.0
2018-03-26 00:00:00-04:00,116.22918854684708,117.23184645486772,113.08361128563045,116.94677734375,13171700,0.0,0.0
2018-03-27 00:00:00-04:00,118.04772711746219,118.11654388619907,110.8030672874887,111.87452697753906,8304700,0.0,0.0
2018-03-28 00:00:00-04:00,111.22573964961326,112.90665799168798,109.44651593694199,110.9603271484375,6489500,0.0,0.0
2018-03-29 00:00:00-04:00,111.97281217931057,115.26583946299341,110.60644408285343,114.3221664428711,7794700,0.0,0.0
2018-04-02 00:00:00-04:00,113.93880676754449,115.67870236863031,111.67791819020539,113.33917999267578,6461300,0.0,0.0
2018-04-03 00:00:00-04:00,114.77435416689477,115.45261476537226,112.65108403345063,114.50894165039062,5193300,0.0,0.0
2018-04-04 00:00:00-04:00,112.12025809016308,117.64468533811656,112.06128086854027,117.44808959960938,6389300,0.0,0.0
2018-04-05 00:00:00-04:00,118.35244363359361,118.98155900509649,116.65186122335666,117.01557159423828,5052400,0.0,0.0
2018-04-06 00:00:00-04:00,116.09155193221727,116.95659116908075,112.99512034497837,114.12556457519531,5385500,0.0,0.0
2018-04-09 00:00:00-04:00,115.1478840571788,117.20234483708266,115.1478840571788,115.19703674316406,4104200,0.0,0.0
2018-04-10 00:00:00-04:00,116.89761773828184,118.07721476620542,115.67870755911005,117.45792388916016,3693000,0.0,0.0
2018-04-11 00:00:00-04:00,117.30064442784338,118.65717308493467,116.84846820881295,117.13353729248047,3059400,0.0,0.0
2018-04-12 00:00:00-04:00,117.95924885280994,119.65983132361599,117.3104693842889,119.33544158935547,4419900,0.0,0.0
2018-04-13 00:00:00-04:00,119.86626368314988,119.86626368314988,116.48476268711362,116.98609161376953,4933100,0.0,0.0
2018-04-16 00:00:00-04:00,118.89309150061355,118.92258761292581,116.64204240451073,117.37928771972656,4464700,0.0,0.0
2018-04-17 00:00:00-04:00,118.35243019879856,121.75358713354277,117.9690632971709,121.25225830078125,5524600,0.0,0.0
2018-04-18 00:00:00-04:00,121.4292221490198,122.61864373956843,120.15133471685934,122.3434066772461,4321800,0.0,0.0
2018-04-19 00:00:00-04:00,121.93055399478853,122.402386827278,121.08517871195993,121.95021057128906,3657000,0.0,0.0
2018-04-20 00:00:00-04:00,121.9010576932904,122.26476058297312,119.97439083288161,120.73129272460938,2971000,0.0,0.0
2018-04-23 00:00:00-04:00,121.09501845673037,122.451547311029,119.17817589126373,119.81712341308594,3932700,0.0,0.0
2018-04-24 00:00:00-04:00,121.24243439952598,121.42920559477426,114.92179236669216,115.87528991699219,5379300,0.0,0.0
2018-04-25 00:00:00-04:00,115.7671656407159,116.21934934588747,113.08359701885105,115.32482147216797,5080500,0.0,0.0
2018-04-26 00:00:00-04:00,116.6813498332714,119.9940413204033,116.15053983203481,118.77513122558594,4998800,0.0,0.0
2018-04-27 00:00:00-04:00,119.56151612268489,119.57134815918235,117.5168950103557,118.17549896240234,3801200,0.0,0.0
2018-04-30 00:00:00-04:00,118.81445674413631,119.63033585334584,117.74298966149324,118.93241119384766,2788300,0.0,0.0
2018-05-01 00:00:00-04:00,118.82428561848346,121.22279284544531,118.37210937891066,121.01636505126953,3873900,0.0,0.0
2018-05-02 00:00:00-04:00,120.21030723424975,121.86173704312117,119.66965766898194,120.73129272460938,3671000,0.0,0.0
2018-05-03 00:00:00-04:00,120.53468333603944,122.87420550905924,119.60083487438278,122.29424285888672,4435600,0.0,0.0
2018-05-04 00:00:00-04:00,122.26475910076412,123.69992906612991,120.88857385976068,122.99217987060547,6341200,0.0,0.0
2018-05-07 00:00:00-04:00,123.65078182379156,125.51847140508899,123.32639209395447,124.81071472167969,4342000,0.0,0.0
2018-05-08 00:00:00-04:00,124.43717005170737,126.76687534210426,124.34870421770707,126.56044006347656,4467800,0.0,0.0
2018-05-09 00:00:00-04:00,126.68823751719245,127.53361273026927,125.1645942262722,127.52377319335938,4605300,0.0,0.0
2018-05-10 00:00:00-04:00,127.74003186686103,128.77217828041782,126.85534351198031,128.3986358642578,3772400,0.0,0.0
2018-05-11 00:00:00-04:00,127.78917173852302,128.6247223226842,126.69804821063009,128.40846252441406,3233200,0.0,0.0
2018-05-14 00:00:00-04:00,128.5657344882177,128.77216975698266,124.99747769370752,125.51846313476562,4169800,0.0,0.0
2018-05-15 00:00:00-04:00,124.77139181860986,126.40315747619456,123.94567320300021,125.95098876953125,2933100,0.0,0.0
2018-05-16 00:00:00-04:00,126.52113141781219,126.7767043915626,125.74455796027631,126.58010864257812,2439900,0.0,0.0
2018-05-17 00:00:00-04:00,126.99295637790337,127.25836887226438,123.4148599697477,123.90635681152344,5557000,0.0,0.0
2018-05-18 00:00:00-04:00,123.91618459383409,125.54795775109419,123.72942088882789,124.8008804321289,3612300,0.0,0.0
2018-05-21 00:00:00-04:00,125.82318605368204,126.16723982776462,123.85719877159326,124.22090911865234,2887200,0.0,0.0
2018-05-22 00:00:00-04:00,124.50597798856636,124.88934490802941,123.12978539323025,123.30672454833984,2789800,0.0,0.0
2018-05-23 00:00:00-04:00,122.75624293030498,125.91165161132812,122.4613493384123,125.91165161132812,4303900,0.0,0.0
2018-05-24 00:00:00-04:00,126.61941516217966,127.1797287667033,125.22356591840158,126.55061340332031,5972400,0.0,0.0
2018-05-25 00:00:00-04:00,126.54078404556375,127.05194500670852,125.44966785852789,125.78388214111328,4031800,0.0,0.0
2018-05-29 00:00:00-04:00,124.59445777510663,125.37102373733123,123.97517441266547,124.72224426269531,8141900,0.0,0.0
2018-05-30 00:00:00-04:00,130.05007840872187,130.29582685053757,125.66591960704037,127.1010971069336,14170900,0.0,0.0
2018-05-31 00:00:00-04:00,127.16988260397994,128.76234250276522,126.2262171077223,127.13056945800781,6408300,0.0,0.0
2018-06-01 00:00:00-04:00,127.67122339267547,128.6443775320174,126.16724426888055,128.3003387451172,6132800,0.0,0.0
2018-06-04 00:00:00-04:00,128.1725737125774,130.54159260570745,127.39601513313669,130.39413452148438,4860700,0.0,0.0
2018-06-05 00:00:00-04:00,130.8757816940073,132.34044771879454,130.70867456354867,131.839111328125,5123200,0.0,0.0
2018-06-06 00:00:00-04:00,132.04555838097863,133.40209461886712,131.8391230841845,133.24481201171875,4766900,0.0,0.0
2018-06-07 00:00:00-04:00,133.24480690071752,133.44140265246446,128.50676978735544,130.6497039794922,6564100,0.0,0.0
2018-06-08 00:00:00-04:00,129.4602598471552,131.40658306145417,128.59523564040717,131.25914001464844,3486600,0.0,0.0
2018-06-11 00:00:00-04:00,131.6032171861123,132.3797757028341,130.993750819281,131.70150756835938,3443100,0.0,0.0
2018-06-12 00:00:00-04:00,132.66483867293505,135.16163611493255,132.36009802119642,133.94271850585938,5319900,0.0,0.0
2018-06-13 00:00:00-04:00,134.05082542367361,135.15178839763075,133.2939311907364,134.17861938476562,5809300,0.0,0.0
2018-06-14 00:00:00-04:00,134.6701428247313,137.37337561865837,134.56201291300243,136.05616760253906,6494900,0.0,0.0
2018-06-15 00:00:00-04:00,135.72195332966595,136.58697762420258,134.47354707594087,136.05616760253906,7711100,0.0,0.0
2018-06-18 00:00:00-04:00,134.67997012834397,137.80589809569716,134.58167975157727,137.4225311279297,4202400,0.0,0.0
2018-06-19 00:00:00-04:00,135.73176458043562,137.33404902485188,134.89621398075155,137.14727783203125,4833700,0.0,0.0
2018-06-20 00:00:00-04:00,137.61911936998575,139.7030612349573,136.4591939920997,136.5771484375,5341400,0.0,0.0
2018-06-21 00:00:00-04:00,136.7049517620525,137.67810600169832,134.78810189753685,135.53518676757812,3912800,0.0,0.0
2018-06-22 00:00:00-04:00,134.9256943103029,134.9650224533742,131.6719879382221,132.71395874023438,7466000,0.0,0.0
2018-06-25 00:00:00-04:00,131.95708847015482,132.5960284179621,129.43078729335585,130.92494201660156,6969800,0.0,0.0
2018-06-26 00:00:00-04:00,132.46822296446106,134.83724133393923,131.5442215043367,133.1759796142578,7043100,0.0,0.0
2018-06-27 00:00:00-04:00,134.3555561465344,135.08297679998287,130.83645230772433,130.95440673828125,6851600,0.0,0.0
2018-06-28 00:00:00-04:00,131.71134027958647,133.5790224377289,130.92494226589164,132.82211303710938,6333700,0.0,0.0
2018-06-29 00:00:00-04:00,133.96238307768593,135.36807189813624,133.58884066398835,134.08033752441406,5229500,0.0,0.0
2018-07-02 00:00:00-04:00,133.83456732353335,138.08110670649427,132.99903179630127,138.04177856445312,6399200,0.0,0.0
2018-07-03 00:00:00-04:00,138.20892185298425,138.35636491000923,135.36807062638457,135.495849609375,3164700,0.0,0.0
2018-07-05 00:00:00-04:00,136.8916994939509,137.51099033482092,135.86939262897377,137.39303588867188,5576700,0.0,0.0
2018-07-06 00:00:00-04:00,137.8058863402805,139.3196900071455,136.64594599874303,138.99530029296875,5045800,0.0,0.0
2018-07-09 00:00:00-04:00,140.22404592580597,140.44030574070646,137.50116416424794,139.34918212890625,5183100,0.0,0.0
2018-07-10 00:00:00-04:00,139.88003799063608,141.06945223571597,139.10346439325951,140.02748107910156,3643700,0.0,0.0
2018-07-11 00:00:00-04:00,138.80855792973082,143.16321316468506,138.6217867121062,142.77984619140625,6168000,0.0,0.0
2018-07-12 00:00:00-04:00,143.32046959170043,146.1711450262521,143.32046959170043,145.6403350830078,4681000,0.0,0.0
2018-07-13 00:00:00-04:00,145.23733471928057,145.4830831705822,142.93713281492785,145.09971618652344,3941800,0.0,0.0
2018-07-16 00:00:00-04:00,145.32579396310328,146.16134465930708,144.32315112681204,144.4607696533203,3592100,0.0,0.0
2018-07-17 00:00:00-04:00,142.93710924883055,144.9325851444615,140.64673226039903,144.5197296142578,5133900,0.0,0.0
2018-07-18 00:00:00-04:00,144.51972816681467,145.6698289178546,143.28114658931594,145.32577514648438,2908100,0.0,0.0
2018-07-19 00:00:00-04:00,144.50009653392405,145.4830903878963,144.1167295308467,144.65737915039062,3590600,0.0,0.0
2018-07-20 00:00:00-04:00,144.93259755979523,145.40443034911905,144.19535226428567,144.37228393554688,2462200,0.0,0.0
2018-07-23 00:00:00-04:00,144.37226910728307,145.12917839940084,142.3374801002997,145.050537109375,2538100,0.0,0.0
2018-07-24 00:00:00-04:00,146.023695896453,146.31859696341985,142.71099740974861,143.51705932617188,4052300,0.0,0.0
2018-07-25 00:00:00-04:00,143.64489384632728,146.8101351936048,143.51709984805785,146.33828735351562,4056900,0.0,0.0
2018-07-26 00:00:00-04:00,145.46339502229662,146.2203043268493,143.20250664461116,145.0603790283203,3414300,0.0,0.0
2018-07-27 00:00:00-04:00,145.7288204121898,145.7583090241341,139.95865201925187,141.46263122558594,5924400,0.0,0.0
2018-07-30 00:00:00-04:00,141.09890699397636,141.28567819407783,133.21530843704286,135.6826171875,9522000,0.0,0.0
2018-07-31 00:00:00-04:00,136.32157578045164,137.41269952080364,133.08753271180748,134.81759643554688,7442900,0.0,0.0
2018-08-01 00:00:00-04:00,135.65314248172115,138.50381846169157,135.1714701267863,135.3385772705078,5098100,0.0,0.0
2018-08-02 00:00:00-04:00,134.71929018391373,138.89701342749078,134.42438907274368,138.73973083496094,3779200,0.0,0.0
2018-08-03 00:00:00-04:00,139.12307543577052,139.329510680223,136.06596490619333,138.6414031982422,3463500,0.0,0.0
2018-08-06 00:00:00-04:00,138.49400970171504,140.42068434165895,138.25808576642706,140.28306579589844,3247300,0.0,0.0
2018-08-07 00:00:00-04:00,141.0890690333754,142.15070391245146,140.3026711600644,141.9835968017578,3928300,0.0,0.0
2018-08-08 00:00:00-04:00,142.00327003816037,143.16319535170342,140.72537528646728,142.70118713378906,3026700,0.0,0.0
2018-08-09 00:00:00-04:00,142.82898800058072,144.35263123960752,142.62255272332686,143.34014892578125,3572600,0.0,0.0
2018-08-10 00:00:00-04:00,142.46526227459128,144.50006632660603,141.8951391578503,143.035400390625,2748500,0.0,0.0
2018-08-13 00:00:00-04:00,143.1533791006769,144.67700735507972,141.76735436671007,141.99343872070312,2880400,0.0,0.0
2018-08-14 00:00:00-04:00,143.69401063907762,144.2739883165872,142.1114051949161,144.077392578125,3474700,0.0,0.0
2018-08-15 00:00:00-04:00,143.5957319562559,145.36512374500728,141.15791160247318,142.5734100341797,4476900,0.0,0.0
2018-08-16 00:00:00-04:00,144.01839707001517,144.4116035372581,142.7503418364778,143.2516632080078,3704000,0.0,0.0
2018-08-17 00:00:00-04:00,143.02560481968123,143.52692628218932,141.50196135610727,142.55377197265625,2865600,0.0,0.0
2018-08-20 00:00:00-04:00,142.74051306768294,143.57604866212841,141.86564932803262,143.2320098876953,2882200,0.0,0.0
2018-08-21 00:00:00-04:00,143.92009285635484,146.2596073643738,142.88794660317126,143.0550537109375,4063700,0.0,0.0
2018-08-22 00:00:00-04:00,143.11406921936614,144.6966898979073,142.58325914674106,143.9692840576172,4245300,0.0,0.0
2018-08-23 00:00:00-04:00,144.332924556257,145.8172392093773,143.58585496250646,145.31591796875,6196300,0.0,0.0
2018-08-24 00:00:00-04:00,145.97458144280816,149.7886022425698,145.97458144280816,149.7099609375,4882000,0.0,0.0
2018-08-27 00:00:00-04:00,152.0789638744742,152.24607100569924,147.64565263114574,149.10047912597656,5814800,0.0,0.0
2018-08-28 00:00:00-04:00,149.444518380606,150.7912148360147,148.9825101807096,150.38819885253906,5266900,0.0,0.0
2018-08-29 00:00:00-04:00,150.72243268760715,152.33454182908073,150.44719563901126,152.1674346923828,9018600,0.0,0.0
2018-08-30 00:00:00-04:00,148.550015482761,151.12546939019728,146.95757035626676,149.55267333984375,14441000,0.0,0.0
2018-08-31 00:00:00-04:00,149.55265559674794,151.25323043743705,149.31673171739675,150.08346557617188,6210500,0.0,0.0
2018-09-04 00:00:00-04:00,149.5231626698964,150.73224064316668,148.93336048819296,150.60446166992188,5310900,0.0,0.0
2018-09-05 00:00:00-04:00,149.79841115967415,150.1817781073516,144.57871694926047,146.12200927734375,7287400,0.0,0.0
2018-09-06 00:00:00-04:00,146.2203241521212,146.6233552000351,144.57872634642956,146.29896545410156,4190300,0.0,0.0
2018-09-07 00:00:00-04:00,145.32578454410105,148.83507924155572,144.99157028699872,147.87173461914062,3866800,0.0,0.0
2018-09-10 00:00:00-04:00,147.44903855112904,149.00217022378263,145.48305137044733,148.74659729003906,3872300,0.0,0.0
2018-09-11 00:00:00-04:00,148.51068966542383,151.13528103866793,148.05850596474096,150.24075317382812,4151000,0.0,0.0
2018-09-12 00:00:00-04:00,150.24074937532427,153.12092863672848,149.22826709211927,152.72772216796875,5180800,0.0,0.0
2018-09-13 00:00:00-04:00,153.21924632722272,156.07976202546624,153.17010863424676,155.48995971679688,6213500,0.0,0.0
2018-09-14 00:00:00-04:00,155.26384470679366,156.0895557766284,153.66157524970092,154.81167602539062,4615300,0.0,0.0
2018-09-17 00:00:00-04:00,154.3300293307181,155.7357032899285,151.99049924554802,152.285400390625,3899600,0.0,0.0
2018-09-18 00:00:00-04:00,152.1280826700729,155.34247591089493,152.1182581339127,153.3470001220703,3749600,0.0,0.0
2018-09-19 00:00:00-04:00,153.7107176794671,154.65439821648474,149.79840701409447,150.2997283935547,5546000,0.0,0.0
2018-09-20 00:00:00-04:00,150.68312201629936,153.41585874312537,149.07101268783344,152.8555450439453,4655600,0.0,0.0
2018-09-21 00:00:00-04:00,154.39884173805524,155.273705610861,152.32472424194788,152.8751983642578,17991600,0.0,0.0
2018-09-24 00:00:00-04:00,152.73756976687028,156.20753641564508,150.7224296310703,156.07974243164062,5082100,0.0,0.0
2018-09-25 00:00:00-04:00,156.29600687841298,156.43362540399454,154.49712650876498,156.168212890625,5699600,0.0,0.0
2018-09-26 00:00:00-04:00,156.3549713186249,157.21017101485958,154.67406053641935,155.63739013671875,4079700,0.0,0.0
2018-09-27 00:00:00-04:00,156.3451542799688,158.3406303330817,156.2271848339629,157.70167541503906,3930300,0.0,0.0
2018-09-28 00:00:00-04:00,157.27899030817898,158.12436548105717,156.23701939727422,156.3254852294922,4607700,0.0,0.0
2018-10-01 00:00:00-04:00,157.38712110441094,158.44875609491257,156.31566157670503,157.14137268066406,4297600,0.0,0.0
2018-10-02 00:00:00-04:00,156.5613980649068,156.86612368723505,154.03509726172217,154.5855712890625,4137000,0.0,0.0
2018-10-03 00:00:00-04:00,155.86349258197586,157.04308212738832,154.34968874856727,156.39431762695312,3561600,0.0,0.0
2018-10-04 00:00:00-04:00,155.5096143128485,156.13872973740345,151.16478356837598,152.26573181152344,6206400,0.0,0.0
2018-10-05 00:00:00-04:00,152.2263803085285,153.93679446904358,149.87702634629264,152.4328155517578,4963600,0.0,0.0
2018-10-08 00:00:00-04:00,151.6169555264455,151.9904829374558,143.12389045541957,146.12200927734375,10238700,0.0,0.0
2018-10-09 00:00:00-04:00,145.79763193332562,148.30425385427145,144.70650833271765,145.9745635986328,5593300,0.0,0.0
2018-10-10 00:00:00-04:00,145.01122944260734,145.08003119942154,135.20094188116414,135.4663543701172,13660600,0.0,0.0
2018-10-11 00:00:00-04:00,135.10267836662706,139.74241058056236,134.12950904657293,136.8720703125,10499300,0.0,0.0
2018-10-12 00:00:00-04:00,143.29100170800498,146.22031885398326,140.7843646706493,144.2445068359375,9371700,0.0,0.0
2018-10-15 00:00:00-04:00,144.2051696813724,144.2051696813724,138.91667388890116,139.53594970703125,6040800,0.0,0.0
2018-10-16 00:00:00-04:00,142.9960729176996,145.3945795795737,141.5608957350189,144.9325714111328,5383100,0.0,0.0
2018-10-17 00:00:00-04:00,145.8271413506107,145.8271413506107,142.94696161583636,144.50991821289062,3377900,0.0,0.0
2018-10-18 00:00:00-04:00,143.60555741492365,145.08004808178742,139.02480281003605,140.41082763671875,5338200,0.0,0.0
2018-10-19 00:00:00-04:00,141.16773531014766,142.89779893825423,137.99266964633432,138.10079956054688,5141600,0.0,0.0
2018-10-22 00:00:00-04:00,139.29020924728638,141.3545020904691,136.83272490982793,140.51895141601562,4234900,0.0,0.0
2018-10-23 00:00:00-04:00,136.95067547732629,139.5556025161956,135.43685693454444,138.26788330078125,6462000,0.0,0.0
2018-10-24 00:00:00-04:00,138.82818924239936,139.09360172818447,130.7381556879755,130.9937286376953,7251500,0.0,0.0
2018-10-25 00:00:00-04:00,131.4164316894354,139.28038138138234,131.3967676154033,138.405517578125,7792900,0.0,0.0
2018-10-26 00:00:00-04:00,133.44141641911858,136.84258177247472,130.3548163004456,133.21533203125,7457000,0.0,0.0
2018-10-29 00:00:00-04:00,135.75142985237542,137.176767653287,126.34417336763201,128.76234436035156,9212500,0.0,0.0
2018-10-30 00:00:00-04:00,128.2216968770641,130.72833373859706,125.85267852953369,129.92227172851562,10037900,0.0,0.0
2018-10-31 00:00:00-04:00,132.6254992067936,136.351053476657,132.4780561615135,134.9060516357422,6666400,0.0,0.0
2018-11-01 00:00:00-04:00,136.04631487101443,137.42251497766395,134.09016711122106,137.21607971191406,4668800,0.0,0.0
2018-11-02 00:00:00-04:00,137.75674981211816,138.15978086784276,133.78546148056174,134.46371459960938,4481400,0.0,0.0
2018-11-05 00:00:00-05:00,135.0043550578647,135.0043550578647,131.19034959121407,133.1366729736328,4629900,0.0,0.0
2018-11-06 00:00:00-05:00,133.09736571794727,135.65315581268746,130.7185223217273,131.67202758789062,4667100,0.0,0.0
2018-11-07 00:00:00-05:00,134.52268610998843,139.88982300378666,134.1098155803492,139.378662109375,5804000,0.0,0.0
2018-11-08 00:00:00-05:00,140.78436875446735,141.1873997994688,138.28755618234118,139.4573211669922,3986700,0.0,0.0
2018-11-09 00:00:00-05:00,138.661084899177,138.661084899177,132.75329833332367,134.59149169921875,5252500,0.0,0.0
2018-11-12 00:00:00-05:00,133.43157811670375,134.33593057418935,127.86782984634134,128.2806854248047,7571200,0.0,0.0
2018-11-13 00:00:00-05:00,129.24401676348245,131.49508089784496,126.7570437237157,129.91246032714844,6176300,0.0,0.0
2018-11-14 00:00:00-05:00,131.927595820249,132.645177047248,126.39333629048646,127.1502456665039,5729600,0.0,0.0
2018-11-15 00:00:00-05:00,127.00277421710848,130.689000336022,124.15209868486569,130.23683166503906,6468700,0.0,0.0
2018-11-16 00:00:00-05:00,129.60772953118726,131.20017457685103,127.86782642618432,130.2958221435547,5126900,0.0,0.0
2018-11-19 00:00:00-05:00,129.36198783405482,130.01075233132835,118.37210954120052,118.95207977294922,14284700,0.0,0.0
2018-11-20 00:00:00-05:00,112.38568185546258,122.81524657149627,111.66809308863135,118.61785888671875,13829500,0.0,0.0
2018-11-21 00:00:00-05:00,122.0878241307355,123.61146748528382,119.54187384756914,121.48819732666016,7311300,0.0,0.0
2018-11-23 00:00:00-05:00,119.26662695599802,121.60614925300541,118.65716816450093,119.95471954345703,3009600,0.0,0.0
2018-11-26 00:00:00-05:00,122.36306799754311,124.79105631386858,121.55701340475818,124.26024627685547,9321200,0.0,0.0
2018-11-27 00:00:00-05:00,123.0216705983634,125.43983434868258,121.61598922118407,125.37102508544922,10558800,0.0,0.0
2018-11-28 00:00:00-05:00,136.12497506510442,138.49399368535998,129.7256909283504,138.2482452392578,25705400,0.0,0.0
2018-11-29 00:00:00-05:00,137.4716660428112,140.45013556099846,136.90152793381498,137.3438720703125,7763000,0.0,0.0
2018-11-30 00:00:00-05:00,136.52803247513273,140.78439818328667,135.92840555090555,140.33221435546875,9401400,0.0,0.0
2018-12-03 00:00:00-05:00,143.81197750312495,144.56888683189158,140.13557576269443,141.6985321044922,7358900,0.0,0.0
2018-12-04 00:00:00-05:00,140.3027092804995,142.7307053119176,136.43955061469816,136.8720703125,6978400,0.0,0.0
2018-12-06 00:00:00-05:00,132.50755956994593,139.6440887451172,130.49241939672893,139.6440887451172,9186600,0.0,0.0
2018-12-07 00:00:00-05:00,139.48681043990769,139.94881871332993,132.448586422122,133.63800048828125,6225300,0.0,0.0
2018-12-10 00:00:00-05:00,132.86141458257842,137.1177785425652,130.91507651358688,134.93553161621094,5897000,0.0,0.0
2018-12-11 00:00:00-05:00,138.1990940199475,138.3072239373542,133.28412504563286,134.46371459960938,4548700,0.0,0.0
2018-12-12 00:00:00-05:00,139.37868226086024,141.58059374035554,137.1767857806598,137.7075958251953,6794300,0.0,0.0
2018-12-13 00:00:00-05:00,139.09360916850628,141.18739055859058,137.20626305602906,138.73973083496094,5122800,0.0,0.0
2018-12-14 00:00:00-05:00,136.51814637626754,138.31702633779668,134.06066254892568,134.7094268798828,5354400,0.0,0.0
2018-12-17 00:00:00-05:00,132.02587035140127,133.19563515597892,127.75968165177053,128.6050567626953,8392400,0.0,0.0
2018-12-18 00:00:00-05:00,129.89277076360034,131.40657427364337,127.91695907207259,130.06971740722656,6668400,0.0,0.0
2018-12-19 00:00:00-05:00,129.73552101500812,134.17865731036278,127.29770052521599,128.92947387695312,7350700,0.0,0.0
2018-12-20 00:00:00-05:00,127.05193211589153,130.07955442580243,120.55434334349394,125.55778503417969,12265100,0.0,0.0
2018-12-21 00:00:00-05:00,126.38351130579107,127.18955836628908,120.37741150446543,120.81976318359375,12568600,0.0,0.0
2018-12-24 00:00:00-05:00,119.07985325244802,122.71692685201116,118.11652365024108,119.2666244506836,4721500,0.0,0.0
2018-12-26 00:00:00-05:00,120.43639097962529,128.67387590676796,120.04319947924678,128.61489868164062,8110900,0.0,0.0
2018-12-27 00:00:00-05:00,126.60960260674199,132.9007568359375,125.66592197271525,132.9007568359375,7967700,0.0,0.0
2018-12-28 00:00:00-05:00,133.6871463162508,134.55218559218878,130.35479819554538,132.38958740234375,7276200,0.0,0.0
2018-12-31 00:00:00-05:00,133.68715037744252,135.62364927035344,132.20283521049777,134.64065551757812,5467700,0.0,0.0
2019-01-02 00:00:00-05:00,131.1313663513118,134.50304287031577,130.78732752238162,133.24481201171875,4783900,0.0,0.0
2019-01-03 00:00:00-05:00,131.20997983697666,132.48787450036372,127.88747171132044,128.18235778808594,6365700,0.0,0.0
2019-01-04 00:00:00-05:00,131.22965687524214,136.9506873184528,129.97142615907842,135.6138153076172,6650600,0.0,0.0
2019-01-07 00:00:00-05:00,138.6217868087314,140.9514772634115,136.42969988373991,139.80137634277344,9064800,0.0,0.0
2019-01-08 00:00:00-05:00,142.2686674300549,143.96925725199893,140.45996270542628,143.24183654785156,9057300,0.0,0.0
2019-01-09 00:00:00-05:00,144.39195156024059,144.99157834863723,142.07208570669061,143.50726318359375,5445900,0.0,0.0
2019-01-10 00:00:00-05:00,141.3250044265462,144.70650505819214,141.3151648902784,144.5393829345703,5116900,0.0,0.0
2019-01-11 00:00:00-05:00,144.06757168641843,145.51257380002792,143.1337305583982,145.04074096679688,5185200,0.0,0.0
2019-01-14 00:00:00-05:00,143.27133728212607,144.23466694535279,142.2391908575933,143.5662384033203,5815500,0.0,0.0
2019-01-15 00:00:00-05:00,143.86114850037976,147.31145133553153,143.3204989110068,146.65284729003906,5350400,0.0,0.0
2019-01-16 00:00:00-05:00,146.61351228746,147.24262768952505,145.28647972024015,146.01388549804688,3936800,0.0,0.0
2019-01-17 00:00:00-05:00,146.01389462089094,148.15682893635096,145.17835887805867,147.2721405029297,3743200,0.0,0.0
2019-01-18 00:00:00-05:00,149.2479380483701,150.6634514025993,147.68498163611443,149.91636657714844,6151200,0.0,0.0
2019-01-22 00:00:00-05:00,147.78326120332113,148.8055829952044,144.8932574829523,146.41690063476562,5203300,0.0,0.0
2019-01-23 00:00:00-05:00,147.1836287747114,148.23543913527942,145.1390002694802,147.2032928466797,3335400,0.0,0.0
2019-01-24 00:00:00-05:00,147.39990641568812,147.94055596558727,144.0282451305521,144.37228393554688,6734700,0.0,0.0
2019-01-25 00:00:00-05:00,146.00406760889774,147.3409397740754,145.04073788671377,147.19349670410156,4600800,0.0,0.0
2019-01-28 00:00:00-05:00,145.65015864884438,145.67964725664527,143.61536971412417,144.82444763183594,4054700,0.0,0.0
2019-01-29 00:00:00-05:00,144.56890168677987,145.48307869785495,142.18021901393186,142.71102905273438,3915100,0.0,0.0
2019-01-30 00:00:00-05:00,144.6868380968184,147.1443222278214,143.59571454268138,146.6233367919922,4653400,0.0,0.0
2019-01-31 00:00:00-05:00,146.4857305641421,150.77158384797187,146.1810049062319,149.38555908203125,8615900,0.0,0.0
2019-02-01 00:00:00-05:00,149.80823368789785,153.29786431827517,148.5008652679551,153.21922302246094,5959200,0.0,0.0
2019-02-04 00:00:00-05:00,153.3666792350032,156.1976908538492,152.76705248600265,155.0377655029297,5264700,0.0,0.0
2019-02-05 00:00:00-05:00,155.6472388609657,157.16105775311647,155.13609287076778,156.28619384765625,4575600,0.0,0.0
2019-02-06 00:00:00-05:00,156.2960109456454,156.39431632331653,152.4426771297939,155.44081115722656,4205100,0.0,0.0
2019-02-07 00:00:00-05:00,153.30770913592025,154.38899324220338,150.75191943144372,152.2952117919922,4545500,0.0,0.0
2019-02-08 00:00:00-05:00,150.30959424996337,154.0351343677148,150.1129984784536,154.00564575195312,3018700,0.0,0.0
2019-02-11 00:00:00-05:00,155.50959546622806,158.75347757441844,154.89031965415674,157.19052124023438,7125500,0.0,0.0
2019-02-12 00:00:00-05:00,158.50774164007385,160.611347657837,157.30848806927207,160.02154541015625,5631700,0.0,0.0
2019-02-13 00:00:00-05:00,160.66050490874036,160.7882988992033,157.54441644340204,157.6721954345703,5296000,0.0,0.0
2019-02-14 00:00:00-05:00,156.75802612304688,157.71153133111372,154.04496857184466,156.75802612304688,5061100,0.0,0.0
2019-02-15 00:00:00-05:00,158.25217946583024,158.47826384317645,155.40148840654973,156.3451690673828,5282000,0.0,0.0
2019-02-19 00:00:00-05:00,156.9447601636697,158.73380069766057,156.43359929711866,157.87860107421875,3883200,0.0,0.0
2019-02-20 00:00:00-05:00,157.60339354860017,158.7436699260051,154.53645777420934,155.8438262939453,7047200,0.0,0.0
2019-02-21 00:00:00-05:00,155.01809763416065,157.7508188169856,154.62490616873131,156.915283203125,4463000,0.0,0.0
2019-02-22 00:00:00-05:00,157.74100031720204,158.95991790555243,157.47558781826817,158.56671142578125,4175000,0.0,0.0
2019-02-25 00:00:00-05:00,159.7463274468677,160.28697707195388,158.19319534175466,158.6158905029297,5076700,0.0,0.0
2019-02-26 00:00:00-05:00,158.0752077969534,160.60150869853476,157.1511913582317,160.22796630859375,4496300,0.0,0.0
2019-02-27 00:00:00-05:00,159.53003023206574,160.74894773774102,157.7704782272265,160.34591674804688,4278300,0.0,0.0
2019-02-28 00:00:00-05:00,160.227988135347,161.8007842026512,159.41210148787124,160.86692810058594,6908100,0.0,0.0
2019-03-01 00:00:00-05:00,162.34140013392087,163.32439381320418,158.9992276240749,161.73194885253906,6919900,0.0,0.0
2019-03-04 00:00:00-05:00,162.74442170934654,162.9705060426754,152.77686697911994,155.8044891357422,17886300,0.0,0.0
2019-03-05 00:00:00-05:00,157.20035025748902,158.14403080649723,152.16742732756114,154.30052185058594,16042900,0.0,0.0
2019-03-06 00:00:00-05:00,154.45782549347288,157.52476144698755,153.6222747372496,154.12359619140625,7436300,0.0,0.0
2019-03-07 00:00:00-05:00,153.43548422147933,154.9099747828988,152.17725347567819,152.95382690429688,6916500,0.0,0.0
2019-03-08 00:00:00-05:00,149.4346948752311,152.7670426596148,147.69479196147378,152.42298889160156,4800700,0.0,0.0
2019-03-11 00:00:00-04:00,153.24872450576277,155.08693307632393,150.82072866599535,154.96896362304688,5699500,0.0,0.0
2019-03-12 00:00:00-04:00,155.31301977299225,156.65971647378115,154.4873085841565,155.5882568359375,4082100,0.0,0.0
2019-03-13 00:00:00-04:00,156.1485585487307,159.24498276953184,155.91263465599303,157.09222412109375,5230600,0.0,0.0
2019-03-14 00:00:00-04:00,158.2128438664576,158.84195927763488,157.02342980748384,157.93760681152344,3247200,0.0,0.0
2019-03-15 00:00:00-04:00,157.90807559931153,159.42187899306802,156.48273802092658,158.76327514648438,6743700,0.0,0.0
2019-03-18 00:00:00-04:00,158.6551817484026,160.55236744366047,158.14403580917667,159.19583129882812,3575500,0.0,0.0
2019-03-19 00:00:00-04:00,159.7561260266195,161.82040361230335,158.85177370346867,161.1421356201172,4379000,0.0,0.0
2019-03-20 00:00:00-04:00,161.05369883240218,162.14482253845173,158.76332150351277,160.72930908203125,4391000,0.0,0.0
2019-03-21 00:00:00-04:00,160.39507910731328,164.15012221471213,159.98222355611594,164.1107940673828,4277800,0.0,0.0
2019-03-22 00:00:00-04:00,163.13762172748804,163.6586071268321,158.6060207072997,158.7534637451172,5614300,0.0,0.0
2019-03-25 00:00:00-04:00,157.5050728197111,158.85178435803553,156.51225460471716,158.14402770996094,3795400,0.0,0.0
2019-03-26 00:00:00-04:00,158.68466978688687,159.31380017004963,154.71338173858229,156.68919372558594,6910300,0.0,0.0
2019-03-27 00:00:00-04:00,156.29599976155683,156.59090087417323,149.7787466698387,152.4819793701172,8218700,0.0,0.0
2019-03-28 00:00:00-04:00,153.04230628343504,153.8188647814908,150.8993720115418,152.5409698486328,4424800,0.0,0.0
2019-03-29 00:00:00-04:00,154.2022214428774,155.80450602065568,152.78670807346515,155.6767120361328,4913100,0.0,0.0
2019-04-01 00:00:00-04:00,157.37731421591081,158.93043122878336,155.81434266614204,158.43893432617188,4601100,0.0,0.0
2019-04-02 00:00:00-04:00,158.12437302129004,158.25216700678322,156.20753823536265,157.7803192138672,3158400,0.0,0.0
2019-04-03 00:00:00-04:00,159.02872004180782,160.36559207761084,157.91793235785056,159.85443115234375,3819100,0.0,0.0
2019-04-04 00:00:00-04:00,159.94293483554333,160.0314006816052,153.17993239418138,155.82418823242188,6295200,0.0,0.0
2019-04-05 00:00:00-04:00,156.9153054410362,157.514932260335,155.332684819562,155.86349487304688,4315300,0.0,0.0
2019-04-08 00:00:00-04:00,155.70620765028806,156.08957462180302,153.7893727927132,155.7750244140625,2848400,0.0,0.0
2019-04-09 00:00:00-04:00,154.36932360975786,155.65705795250605,153.98595666781873,154.30052185058594,5642900,0.0,0.0
2019-04-10 00:00:00-04:00,155.50960745633458,157.65254162002887,154.96895789673547,157.51492309570312,3414700,0.0,0.0
2019-04-11 00:00:00-04:00,157.4362833905689,158.09488740646145,156.31567110991227,157.99658203125,2578400,0.0,0.0
2019-04-12 00:00:00-04:00,159.24498402104538,159.73648088530786,156.78749969973296,157.9769287109375,2844200,0.0,0.0
2019-04-15 00:00:00-04:00,158.26200539514346,159.2744878321998,156.77769012317137,157.3674774169922,2608400,0.0,0.0
2019-04-16 00:00:00-04:00,157.31830446229336,157.53456427529377,155.06725549879863,155.99127197265625,3004800,0.0,0.0
2019-04-17 00:00:00-04:00,156.3451398967586,156.3451398967586,152.43282944802442,152.69822692871094,4765500,0.0,0.0
2019-04-18 00:00:00-04:00,152.26571421578586,153.55344852908692,150.565139358307,153.33718872070312,4391500,0.0,0.0
2019-04-22 00:00:00-04:00,152.80636711709556,156.43361625697327,152.63925998861012,156.06007385253906,2943300,0.0,0.0
2019-04-23 00:00:00-04:00,157.0430808297808,158.6551900283595,155.7160482268923,158.4880828857422,3418400,0.0,0.0
2019-04-24 00:00:00-04:00,159.12700307574812,159.72662975027094,156.68916823546004,156.84645080566406,3384900,0.0,0.0
2019-04-25 00:00:00-04:00,159.24499240569048,161.10285005045176,158.26199862540847,160.3164520263672,5498400,0.0,0.0
2019-04-26 00:00:00-04:00,159.6578432575511,163.23593991166857,158.53723098124215,163.1376495361328,3342900,0.0,0.0
2019-04-29 00:00:00-04:00,163.87489916114998,164.71043487201192,162.51836294913397,162.5478515625,4509700,0.0,0.0
2019-04-30 00:00:00-04:00,162.3807575442723,163.6094998648152,160.8374499900084,162.5380401611328,3581800,0.0,0.0
2019-05-01 00:00:00-04:00,163.18678189244437,163.39321717312492,159.38260099966507,159.39242553710938,2707700,0.0,0.0
2019-05-02 00:00:00-04:00,158.94026233391685,159.9330806247725,156.91529760247795,159.077880859375,3181100,0.0,0.0
2019-05-03 00:00:00-04:00,159.8151097894337,160.71946214962657,158.12435950754926,160.5621795654297,3131000,0.0,0.0
2019-05-06 00:00:00-04:00,155.92243046164512,160.07066439896823,155.1753607712457,159.7364501953125,2520600,0.0,0.0
2019-05-07 00:00:00-04:00,158.5863745794404,158.92058883583658,152.11827426784555,154.23170471191406,6541900,0.0,0.0
2019-05-08 00:00:00-04:00,154.43814650535657,155.24419356946507,152.40334227161645,154.19239807128906,4061300,0.0,0.0
2019-05-09 00:00:00-04:00,152.01999055043458,154.42833744510463,149.79842988355736,153.65176391601562,5809300,0.0,0.0
2019-05-10 00:00:00-04:00,153.62225589872287,157.8786204657051,151.75457384822622,157.2200164794922,4462200,0.0,0.0
2019-05-13 00:00:00-04:00,152.28538958330716,154.23171300381708,150.18178356334545,150.5454864501953,5694600,0.0,0.0
2019-05-14 00:00:00-04:00,152.41316055063703,155.8929512919983,150.31937938463878,155.38180541992188,4954000,0.0,0.0
2019-05-15 00:00:00-04:00,151.20408639775613,153.72054767455072,149.1201297159856,152.42298889160156,7783800,0.0,0.0
2019-05-16 00:00:00-04:00,154.0941005616091,156.73835624700308,153.24872530530428,155.78485107421875,5048100,0.0,0.0
2019-05-17 00:00:00-04:00,153.523950691335,154.48729532827795,150.56514501890823,151.94134521484375,5314000,0.0,0.0
2019-05-20 00:00:00-04:00,149.87705937224422,153.43549197381932,149.1201499793371,153.32736206054688,5437600,0.0,0.0
2019-05-21 00:00:00-04:00,154.6838997740303,155.1557325823846,152.54096556235186,153.13076782226562,3803100,0.0,0.0
2019-05-22 00:00:00-04:00,153.21921870654378,155.49977122303682,153.1897300963558,154.95912170410156,3170100,0.0,0.0
2019-05-23 00:00:00-04:00,153.37650002271525,153.68122565832812,149.56247981088026,151.09596252441406,4508200,0.0,0.0
2019-05-24 00:00:00-04:00,152.25589715083072,154.26119774599994,151.538315932865,151.88235473632812,3151700,0.0,0.0
2019-05-28 00:00:00-04:00,152.70806382796027,155.12621971710772,151.7643833594908,152.55078125,4934100,0.0,0.0
2019-05-29 00:00:00-04:00,151.14511677286438,151.44001790391337,148.6286551199297,150.2899169921875,4359500,0.0,0.0
2019-05-30 00:00:00-04:00,151.69560930032802,153.21923767968957,151.28273870798398,153.0128173828125,4418100,0.0,0.0
2019-05-31 00:00:00-04:00,150.06382515998195,151.85286593390788,148.68762494997586,148.8350830078125,5326900,0.0,0.0
2019-06-03 00:00:00-04:00,148.13718826206016,148.13718826206016,140.95150474207628,142.63243103027344,8835200,0.0,0.0
2019-06-04 00:00:00-04:00,143.566240184034,148.35341494664897,140.0864339095098,148.2452850341797,12375100,0.0,0.0
2019-06-05 00:00:00-04:00,154.47745886192283,155.804506398791,151.92168416032032,155.7455291748047,12072400,0.0,0.0
2019-06-06 00:00:00-04:00,155.8044855917414,157.27897599166326,154.6543848797174,156.6007080078125,5601200,0.0,0.0
2019-06-07 00:00:00-04:00,157.12171593612132,160.2181552193455,156.78750166406613,158.52740478515625,7175300,0.0,0.0
2019-06-10 00:00:00-04:00,150.8698573565667,154.77234324753684,148.26493025018272,150.19158935546875,29856300,0.0,0.0
2019-06-11 00:00:00-04:00,152.66874762323243,153.06195409888372,146.25962456340366,147.59649658203125,15214300,0.0,0.0
2019-06-12 00:00:00-04:00,148.54019875645025,149.72962789448547,147.5965180767508,148.70730590820312,7161300,0.0,0.0
2019-06-13 00:00:00-04:00,149.57234326004001,149.65098456556018,147.69482146389603,148.7662811279297,5173800,0.0,0.0
2019-06-14 00:00:00-04:00,148.47137522453968,149.39539178567406,146.93790731427197,147.45889282226562,6248200,0.0,0.0
2019-06-17 00:00:00-04:00,147.64563451834704,148.70726939762068,147.32124483307246,147.73410034179688,4491800,0.0,0.0
2019-06-18 00:00:00-04:00,149.29709252823795,150.34888801981825,147.9405563809179,148.02902221679688,7317800,0.0,0.0
2019-06-19 00:00:00-04:00,149.11032972437522,151.84305124815816,147.9503892578364,151.51866149902344,8095300,0.0,0.0
2019-06-20 00:00:00-04:00,153.63206826369807,155.59805552920946,152.77686860297422,154.52659606933594,10153600,0.0,0.0
2019-06-21 00:00:00-04:00,154.0056376040695,155.10658586571373,153.28805632634032,154.17274475097656,9706900,0.0,0.0
2019-06-24 00:00:00-04:00,154.71336072347825,155.04757494466588,149.9163471985099,149.9654998779297,6378200,0.0,0.0
2019-06-25 00:00:00-04:00,150.23093117299297,150.36854969303843,146.06303242415444,146.80027770996094,7362500,0.0,0.0
2019-06-26 00:00:00-04:00,148.70729781920002,148.8056031969052,146.38743189872866,146.50538635253906,5844900,0.0,0.0
2019-06-27 00:00:00-04:00,147.34092139581182,148.19612109357843,145.945072176753,148.1273193359375,6832800,0.0,0.0
2019-06-28 00:00:00-04:00,147.86190835756318,149.18895583256702,147.05586133516982,149.14962768554688,6936600,0.0,0.0
2019-07-01 00:00:00-04:00,151.94135412209255,152.1084612629601,149.26760986962253,151.4400177001953,6476400,0.0,0.0
2019-07-02 00:00:00-04:00,151.66611533419604,151.7349321037289,149.98520424124263,151.49900817871094,4736300,0.0,0.0
2019-07-03 00:00:00-04:00,151.91183860857637,153.1012675759502,151.53831120502133,152.94398498535156,3885400,0.0,0.0
2019-07-05 00:00:00-04:00,151.33191142141368,152.17728679502827,149.97539000741588,151.95120239257812,3940900,0.0,0.0
2019-07-08 00:00:00-04:00,150.90919002890914,151.07629715024822,149.45434862085213,150.2112579345703,4717400,0.0,0.0
2019-07-09 00:00:00-04:00,149.49367015064857,151.56778726968946,149.10046370669997,151.3318634033203,4979100,0.0,0.0
2019-07-10 00:00:00-04:00,151.94135559246,153.74022100832826,151.94135559246,153.61244201660156,4966300,0.0,0.0
2019-07-11 00:00:00-04:00,154.15307917524683,156.59089935052086,153.9564684358865,156.19769287109375,7083200,0.0,0.0
2019-07-12 00:00:00-04:00,156.68919123528343,156.90545105123508,154.72320381702747,155.3916473388672,4348000,0.0,0.0
2019-07-15 00:00:00-04:00,156.060057566059,157.12169244737404,154.80182696582452,156.93492126464844,3603700,0.0,0.0
2019-07-16 00:00:00-04:00,157.23968350142013,158.86161715466488,154.13341971773443,154.4578094482422,6913100,0.0,0.0
2019-07-17 00:00:00-04:00,154.99844584229461,157.20035722132752,154.97879676697133,155.54893493652344,4160500,0.0,0.0
2019-07-18 00:00:00-04:00,154.3300053692626,155.8831371595181,153.55344697378135,155.2933349609375,3724000,0.0,0.0
2019-07-19 00:00:00-04:00,157.01360709172044,158.00644050272956,153.6321057696341,154.08428955078125,5218800,0.0,0.0
2019-07-22 00:00:00-04:00,154.96894424105145,156.34514436233397,154.47744741187046,155.01809692382812,2909500,0.0,0.0
2019-07-23 00:00:00-04:00,155.29336385293155,155.75537216127364,152.63928346411885,153.59278869628906,4865800,0.0,0.0
2019-07-24 00:00:00-04:00,153.32735832686595,157.52474576803814,153.05212128147372,157.0332489013672,4110500,0.0,0.0
2019-07-25 00:00:00-04:00,157.39695481456485,158.38978810391137,155.97161687362436,156.6400604248047,6934500,0.0,0.0
2019-07-26 00:00:00-04:00,156.8464654608895,158.08504706786096,156.0305789259252,157.24949645996094,4979100,0.0,0.0
2019-07-29 00:00:00-04:00,157.67218251650343,158.45858047155522,152.87518348934492,153.55345153808594,8880500,0.0,0.0
2019-07-30 00:00:00-04:00,152.69820502074415,155.52923106956592,151.99044850853872,154.29066467285156,4241600,0.0,0.0
2019-07-31 00:00:00-04:00,154.71339484008968,155.20489174408632,149.70995995723476,151.87254333496094,7454200,0.0,0.0
2019-08-01 00:00:00-04:00,152.09861873417515,155.09675267146457,147.8520935339065,148.2452850341797,26124700,0.0,0.0
2019-08-02 00:00:00-04:00,147.2524478255108,147.35073818830233,142.83880105549068,143.22216796875,13138900,0.0,0.0
2019-08-05 00:00:00-04:00,138.9363327695906,141.30535130256334,137.42252899706477,140.39117431640625,13070100,0.0,0.0
2019-08-06 00:00:00-04:00,141.34464455266524,142.4947602755019,139.54577944611836,140.37149047851562,6694000,0.0,0.0
2019-08-07 00:00:00-04:00,138.5332995395979,140.6664091387793,136.6951060593577,139.23123168945312,7635500,0.0,0.0
2019-08-08 00:00:00-04:00,141.07925965750852,142.4947729817203,139.89967022042987,141.37416076660156,8670300,0.0,0.0
2019-08-09 00:00:00-04:00,141.16771708597793,142.01309221542505,139.2803710991572,140.93179321289062,5286700,0.0,0.0
2019-08-12 00:00:00-04:00,139.14277569378345,139.55563129076984,137.66828499056277,138.32688903808594,4389500,0.0,0.0
2019-08-13 00:00:00-04:00,138.53329262047473,142.5340841121099,138.04179577870883,141.43313598632812,5205800,0.0,0.0
2019-08-14 00:00:00-04:00,138.88716427974478,139.93897467029623,135.52532784335398,137.3438720703125,8607800,0.0,0.0
2019-08-15 00:00:00-04:00,138.70040837739552,140.86299138200823,137.37336096584386,139.712890625,6647700,0.0,0.0
2019-08-16 00:00:00-04:00,140.62704573544795,142.86826968403378,140.09623585258933,141.44293212890625,5341100,0.0,0.0
2019-08-19 00:00:00-04:00,143.12386996230535,143.65467989104974,140.4501262487752,141.2266845703125,4632100,0.0,0.0
2019-08-20 00:00:00-04:00,141.70834430342194,144.00854545696637,140.62704547092318,143.0648651123047,6259200,0.0,0.0
2019-08-21 00:00:00-04:00,144.40177889961018,145.86644501753187,143.67437310892385,144.87362670898438,6142400,0.0,0.0
2019-08-22 00:00:00-04:00,146.94772090053948,147.35073688321216,142.99608236858705,145.71897888183594,11744500,0.0,0.0
2019-08-23 00:00:00-04:00,155.01809624659467,155.72585287746674,148.08798798555986,148.9923553466797,26531900,0.0,0.0
2019-08-26 00:00:00-04:00,150.89934825765778,152.57044944488146,148.94320051385128,152.5016326904297,8975400,0.0,0.0
2019-08-27 00:00:00-04:00,151.63659653158373,153.24870553337126,149.93602170026168,150.95834350585938,6516500,0.0,0.0
2019-08-28 00:00:00-04:00,149.90654406371004,150.1817811086048,148.3042594814845,149.24794006347656,5326800,0.0,0.0
2019-08-29 00:00:00-04:00,150.79124042802454,153.3470302655008,150.06383462759584,153.27821350097656,5979900,0.0,0.0
2019-08-30 00:00:00-04:00,153.75987131172784,155.52926295498864,151.08612727286564,153.41583251953125,7591000,0.0,0.0
2019-09-03 00:00:00-04:00,151.5874555195097,152.67857905768903,149.1791091069146,150.1326141357422,4953800,0.0,0.0
2019-09-04 00:00:00-04:00,151.4694874626292,152.285373989534,149.72959950697324,149.86721801757812,3604500,0.0,0.0
2019-09-05 00:00:00-04:00,152.01015276489525,152.10845813952557,149.36589717985885,151.1549530029297,5065400,0.0,0.0
2019-09-06 00:00:00-04:00,151.35154556365598,151.43018686184428,148.20596863259394,148.50086975097656,4722300,0.0,0.0
2019-09-09 00:00:00-04:00,149.08084427608685,149.5625016416663,145.5715491876329,146.99688720703125,6265500,0.0,0.0
2019-09-10 00:00:00-04:00,146.23998667233207,149.08083805424917,145.22750429395535,147.10501098632812,6249700,0.0,0.0
2019-09-11 00:00:00-04:00,147.53755255289016,152.020002388704,146.5054059461259,151.4695281982422,6242400,0.0,0.0
2019-09-12 00:00:00-04:00,152.40331715207864,154.1333954423058,151.78404139981924,152.11825561523438,4993500,0.0,0.0
2019-09-13 00:00:00-04:00,151.69559515130155,152.27555783511204,150.14246330366996,150.3783721923828,3763500,0.0,0.0
2019-09-16 00:00:00-04:00,149.07099533927826,151.4793420125055,148.7859337530903,150.40786743164062,2592300,0.0,0.0
2019-09-17 00:00:00-04:00,150.3980467912212,150.84039098780704,149.1496405036746,150.2211151123047,3028500,0.0,0.0
2019-09-18 00:00:00-04:00,149.75909574111103,150.30956981155674,148.00936816035428,150.1719512939453,2951200,0.0,0.0
2019-09-19 00:00:00-04:00,150.9091974489804,151.62677865219996,150.17195217190326,150.9878387451172,2947000,0.0,0.0
2019-09-20 00:00:00-04:00,152.05930176878076,154.21206042710645,151.0074912830332,152.5606231689453,11733000,0.0,0.0
2019-09-23 00:00:00-04:00,151.52846168233427,152.5606079910877,150.3587118649923,152.01995849609375,3642200,0.0,0.0
2019-09-24 00:00:00-04:00,151.6562747463949,153.61243771117336,148.52052227994818,149.46420288085938,4120800,0.0,0.0
2019-09-25 00:00:00-04:00,149.46418245274626,150.60445864820514,146.36774355986873,150.38819885253906,3445000,0.0,0.0
2019-09-26 00:00:00-04:00,149.82790887977487,150.79123857622022,149.25777069228425,149.749267578125,3837300,0.0,0.0
2019-09-27 00:00:00-04:00,150.51599766904985,150.54548628150224,144.25433230342165,145.7386474609375,5858200,0.0,0.0
2019-09-30 00:00:00-04:00,145.43390085394176,146.4365585308025,144.90309090695197,145.9155731201172,3671200,0.0,0.0
2019-10-01 00:00:00-04:00,146.94775186498472,147.60635592587408,144.74584030374174,145.17835998535156,3172900,0.0,0.0
2019-10-02 00:00:00-04:00,143.57605400832836,144.00857362593135,140.76469149320192,141.76734924316406,4432400,0.0,0.0
2019-10-03 00:00:00-04:00,141.5511250398597,144.5590840470692,139.66377850591053,144.50010681152344,3660900,0.0,0.0
2019-10-04 00:00:00-04:00,145.75830641139166,146.38742178708253,143.72351722724056,145.51255798339844,3259000,0.0,0.0
2019-10-07 00:00:00-04:00,144.77534574932906,146.7904863187567,144.5001086470879,146.26950073242188,2704700,0.0,0.0
2019-10-08 00:00:00-04:00,145.0309044015504,145.8173024725834,143.3303292599397,143.4286346435547,2613200,0.0,0.0
2019-10-09 00:00:00-04:00,144.76548466486884,145.3356228039552,144.11670523080917,144.54922485351562,2273000,0.0,0.0
2019-10-10 00:00:00-04:00,144.34280035709494,145.05055706540807,143.03541685421916,143.9201202392578,2687400,0.0,0.0
2019-10-11 00:00:00-04:00,145.6206796925819,148.1469805897709,145.57152700989204,146.8297576904297,4663900,0.0,0.0
2019-10-14 00:00:00-04:00,146.85924630018502,147.7242855177895,146.26945910578524,146.8297576904297,1556900,0.0,0.0
2019-10-15 00:00:00-04:00,147.1148188505065,150.36852511345393,147.07549070875433,150.14244079589844,3942600,0.0,0.0
2019-10-16 00:00:00-04:00,144.75565790854043,148.28461696029794,143.3401594719305,144.47059631347656,8988600,0.0,0.0
2019-10-17 00:00:00-04:00,145.0702135742054,145.52238228136457,143.03540939410823,143.68418884277344,5024400,0.0,0.0
2019-10-18 00:00:00-04:00,143.8119795346383,143.9495980509678,139.97829515238536,141.63955688476562,6080000,0.0,0.0
2019-10-21 00:00:00-04:00,141.64939169492203,142.72085117911516,140.5680926746308,142.09173583984375,3358000,0.0,0.0
2019-10-22 00:00:00-04:00,142.58322873119596,143.477756532443,139.72271367408766,139.90948486328125,4460500,0.0,0.0
2019-10-23 00:00:00-04:00,139.69325026037362,143.09441542613897,139.08379890090907,142.66189575195312,4761400,0.0,0.0
2019-10-24 00:00:00-04:00,144.09704921523684,146.25963245040867,143.91027800414255,145.6010284423828,5280100,0.0,0.0
2019-10-25 00:00:00-04:00,144.5492244204033,148.0978322242388,143.81197915644267,147.93072509765625,4991400,0.0,0.0
2019-10-28 00:00:00-04:00,148.62864888473828,152.28538675803298,146.88874578390596,152.1575927734375,7576700,0.0,0.0
2019-10-29 00:00:00-04:00,152.1477432658554,153.47479058246583,151.79386498137873,152.4524688720703,5477300,0.0,0.0
2019-10-30 00:00:00-04:00,153.09145919370704,155.7258753674101,152.37386292311157,155.5882568359375,4724500,0.0,0.0
2019-10-31 00:00:00-04:00,153.89749133459063,155.58824169922048,152.57045883862799,153.8286895751953,4578300,0.0,0.0
2019-11-01 00:00:00-04:00,155.2245419335964,157.36746104365363,154.08426561850297,157.02342224121094,4771100,0.0,0.0
2019-11-04 00:00:00-05:00,158.20301046283996,158.50773611377636,154.0252871854226,154.91981506347656,5748100,0.0,0.0
2019-11-05 00:00:00-05:00,154.90999034585965,156.41396966966062,152.82604827613181,155.46046447753906,4015000,0.0,0.0
2019-11-06 00:00:00-05:00,156.23704290706323,157.27901397475873,155.06727784073868,156.22720336914062,4207400,0.0,0.0
2019-11-07 00:00:00-05:00,156.227162047193,158.38975991677717,155.39162650602785,156.7874755859375,3802300,0.0,0.0
2019-11-08 00:00:00-05:00,156.5417633699089,158.46843782645917,156.20754907620272,158.37013244628906,3265300,0.0,0.0
2019-11-11 00:00:00-05:00,158.4782429777122,159.4710611990778,157.52473790402829,159.02871704101562,3541200,0.0,0.0
2019-11-12 00:00:00-05:00,159.2449721465732,161.57466230968453,158.84194114810035,160.09034729003906,3710600,0.0,0.0
2019-11-13 00:00:00-05:00,160.2771219866901,161.62381852400281,159.26463969962688,159.83477783203125,5389700,0.0,0.0
2019-11-14 00:00:00-05:00,160.2574507957012,160.79810029373553,159.62833547052287,160.27711486816406,3820700,0.0,0.0
2019-11-15 00:00:00-05:00,160.9357544475432,161.14217475659865,158.25218543475168,160.43443298339844,3693000,0.0,0.0
2019-11-18 00:00:00-05:00,161.21097016628866,161.21097016628866,159.13685281600672,160.00189208984375,5556700,0.0,0.0
2019-11-19 00:00:00-05:00,160.85709617821453,161.65331871349204,159.08770443354553,161.17166137695312,4952900,0.0,0.0
2019-11-20 00:00:00-05:00,160.6604772567566,163.51115271252755,159.49071246651454,161.4075469970703,8450300,0.0,0.0
2019-11-21 00:00:00-05:00,162.50853834265413,163.08850107100128,159.45142709754137,160.1100311279297,5724200,0.0,0.0
2019-11-22 00:00:00-05:00,160.20830585624708,160.70964223287527,158.6355249669429,160.04119873046875,3761900,0.0,0.0
2019-11-25 00:00:00-05:00,160.99470428637935,161.84990399126482,158.70432720387086,158.9599151611328,5509300,0.0,0.0
2019-11-26 00:00:00-05:00,158.81247290643628,159.84461937665696,158.56672446111207,159.7758026123047,5881400,0.0,0.0
2019-11-27 00:00:00-05:00,159.1663060822311,160.0608337690961,158.37008374530595,158.76327514648438,4012800,0.0,0.0
2019-11-29 00:00:00-05:00,158.861611798456,160.6310034509802,158.5765502263268,160.11984252929688,2432500,0.0,0.0
2019-12-02 00:00:00-05:00,160.32628627846262,160.43441619070086,155.41131753907743,158.26199340820312,5117400,0.0,0.0
2019-12-03 00:00:00-05:00,154.29069467594272,159.09753317314787,153.53378534222932,158.82229614257812,6216400,0.0,0.0
2019-12-04 00:00:00-05:00,157.65255190078975,157.95727758171878,151.87254350359683,153.76971435546875,17803300,0.0,0.0
2019-12-05 00:00:00-05:00,153.09143113114382,156.2173436298645,152.60975885963552,155.5292510986328,7126600,0.0,0.0
2019-12-06 00:00:00-05:00,155.4113110332639,156.7874962229643,154.90997464328518,155.3228302001953,4751200,0.0,0.0
2019-12-09 00:00:00-05:00,154.70354374209768,156.19768327423955,154.388978577883,154.8018341064453,3709000,0.0,0.0
2019-12-10 00:00:00-05:00,154.3398305955832,154.98861001706132,153.51411951331636,153.74020385742188,4074700,0.0,0.0
2019-12-11 00:00:00-05:00,154.1727366451159,154.21206479484695,152.83586454085233,153.7303924560547,4867500,0.0,0.0
2019-12-12 00:00:00-05:00,153.1209552719976,156.2861966494624,152.6687715040902,155.8929901123047,5353900,0.0,0.0
2019-12-13 00:00:00-05:00,156.15841586970765,158.74369469793166,155.8536901521734,158.3898162841797,5742300,0.0,0.0
2019-12-16 00:00:00-05:00,158.1145495630593,159.97240713737858,158.0850609507125,159.20567321777344,5370000,0.0,0.0
2019-12-17 00:00:00-05:00,159.24497421969937,159.60867707709406,157.02341392971326,158.8812713623047,4789600,0.0,0.0
2019-12-18 00:00:00-05:00,159.04839088153764,160.50321742379265,158.73382568359375,158.73382568359375,4144800,0.0,0.0
2019-12-19 00:00:00-05:00,158.8419385731622,160.56217744192102,158.09486880704657,160.55235290527344,4185400,0.0,0.0
2019-12-20 00:00:00-05:00,161.92856437465932,162.36108404628064,160.847280194901,161.7516326904297,8586700,0.0,0.0
2019-12-23 00:00:00-05:00,161.25028467878636,162.0661712736366,160.5720316052955,160.9553985595703,4368600,0.0,0.0
2019-12-24 00:00:00-05:00,160.53270158839126,161.05368705866871,160.1100214895711,160.47372436523438,1238000,0.0,0.0
2019-12-26 00:00:00-05:00,160.62115671986277,161.73194434627737,160.49337774463555,161.7122802734375,2155500,0.0,0.0
2019-12-27 00:00:00-05:00,162.0563619474918,162.6461642398735,161.11268127954017,162.17431640625,3409900,0.0,0.0
2019-12-30 00:00:00-05:00,162.05636402967863,162.13500533629298,158.45860299837415,159.67752075195312,3197100,0.0,0.0
2019-12-31 00:00:00-05:00,159.28429749341703,160.48355104459228,159.0483885976409,159.8740997314453,3273500,0.0,0.0
2020-01-02 00:00:00-05:00,161.13234820063735,164.22878779136738,160.79813389539152,164.150146484375,5189300,0.0,0.0
2020-01-03 00:00:00-05:00,162.25294676677476,163.93387268716577,162.1939695413741,163.3440704345703,3205400,0.0,0.0
2020-01-06 00:00:00-05:00,162.1939508687217,170.7165039417267,161.65330136596745,170.500244140625,8836200,0.0,0.0
2020-01-07 00:00:00-05:00,170.2840301702725,173.86212738884868,169.16341771718263,173.00692749023438,8272700,0.0,0.0
2020-01-08 00:00:00-05:00,172.250007460483,175.80845538305516,171.7781746141354,174.31430053710938,7225100,0.0,0.0
2020-01-09 00:00:00-05:00,175.79861515355998,176.84058622648968,174.27497169816655,176.5457000732422,5952900,0.0,0.0
2020-01-10 00:00:00-05:00,176.78158918575966,177.6073003209152,175.65115239353204,177.13546752929688,5111800,0.0,0.0
2020-01-13 00:00:00-05:00,178.17743876105564,181.31319117127566,178.04965977520152,180.72340393066406,6202600,0.0,0.0
2020-01-14 00:00:00-05:00,180.3793326516646,180.72338642483166,178.94415533986998,179.02279663085938,4342300,0.0,0.0
2020-01-15 00:00:00-05:00,178.59030155948702,179.97632637987255,177.54833055952443,177.98085021972656,3886600,0.0,0.0
2020-01-16 00:00:00-05:00,179.13091571916112,179.99595486854037,177.8825246731971,179.58309936523438,3485300,0.0,0.0
2020-01-17 00:00:00-05:00,180.1139293575188,180.22205926323363,178.27573595966024,179.1309356689453,4577000,0.0,0.0
2020-01-21 00:00:00-05:00,178.4231665669765,182.83681332053465,178.4133420305217,182.11923217773438,6302400,0.0,0.0
2020-01-22 00:00:00-05:00,182.23722344263624,183.26936995209527,179.5831431320954,179.64212036132812,4781800,0.0,0.0
2020-01-23 00:00:00-05:00,180.09430185767977,181.16576150675024,178.2167800877558,180.8511962890625,4369000,0.0,0.0
2020-01-24 00:00:00-05:00,181.85382095209113,182.9646085501126,178.0496404162723,179.01296997070312,4653600,0.0,0.0
2020-01-27 00:00:00-05:00,175.72978489915297,178.6394378010539,174.28478298528634,177.6367950439453,4239400,0.0,0.0
2020-01-28 00:00:00-05:00,178.05944617986069,180.73318976271852,177.28288789627567,179.74037170410156,3445300,0.0,0.0
2020-01-29 00:00:00-05:00,180.87082831373723,180.9691336766682,178.53129866947071,178.6787567138672,2785500,0.0,0.0
2020-01-30 00:00:00-05:00,177.8235518302062,182.77784840815661,177.46967350320978,182.51243591308594,3715700,0.0,0.0
2020-01-31 00:00:00-05:00,181.71621640851598,182.86631724030042,177.715424840464,179.20957946777344,4193300,0.0,0.0
2020-02-03 00:00:00-05:00,180.14342308774386,182.7090372878048,178.75741334692904,182.26669311523438,4755200,0.0,0.0
2020-02-04 00:00:00-05:00,184.802809678321,186.46407137797578,183.47576222612648,185.13702392578125,3983200,0.0,0.0
2020-02-05 00:00:00-05:00,187.16201367522677,187.30947174492587,179.75024701678063,182.3355255126953,6162700,0.0,0.0
2020-02-06 00:00:00-05:00,183.65268767943465,184.37026877477868,181.10673797183026,183.55438232421875,4102700,0.0,0.0
2020-02-07 00:00:00-05:00,183.67240281597827,185.44177970746654,182.49279822259214,182.56161499023438,3713100,0.0,0.0
2020-02-10 00:00:00-05:00,183.0039344166989,186.05122087122376,182.4043076627167,185.9037628173828,3873500,0.0,0.0
2020-02-11 00:00:00-05:00,188.22362638823213,189.32458951368952,185.44175246295586,185.89393615722656,4299200,0.0,0.0
2020-02-12 00:00:00-05:00,186.48375503472954,187.2799775899443,183.593750945954,186.23800659179688,4535400,0.0,0.0
2020-02-13 00:00:00-05:00,185.29432727174483,187.80096440711014,185.21568596953907,185.43194580078125,3132100,0.0,0.0
2020-02-14 00:00:00-05:00,186.12986304827797,187.01455137833983,184.90112092358453,186.7196502685547,3599400,0.0,0.0
2020-02-18 00:00:00-05:00,187.7026677194752,188.2433173226107,185.70719145641672,187.8402862548828,4957000,0.0,0.0
2020-02-19 00:00:00-05:00,188.73479659061348,190.62214275660435,188.53820084402375,189.58999633789062,3903200,0.0,0.0
2020-02-20 00:00:00-05:00,190.70080123635964,192.39155180808956,186.54274157415307,190.07168579101562,5451200,0.0,0.0
2020-02-21 00:00:00-05:00,188.57751497804705,188.7741107256631,183.54459184246497,186.27731323242188,5242100,0.0,0.0
2020-02-24 00:00:00-05:00,175.7494334772729,183.96726124343627,175.7494334772729,182.77784729003906,8463300,0.0,0.0
2020-02-25 00:00:00-05:00,185.264854445111,186.74916977757755,176.3785815294745,178.1873016357422,11361100,0.0,0.0
2020-02-26 00:00:00-05:00,173.53768703091202,179.5634427197508,171.28663824137396,175.82806396484375,13923100,0.0,0.0
2020-02-27 00:00:00-05:00,169.281358556812,175.2972754455437,167.15808847868524,169.2223663330078,9927300,0.0,0.0
2020-02-28 00:00:00-05:00,162.18415121288294,168.8488479256193,160.34594262151703,167.50213623046875,12640800,0.0,0.0
2020-03-02 00:00:00-05:00,169.27153311636462,173.78347115865608,165.72292481964735,173.7539825439453,7761000,0.0,0.0
2020-03-03 00:00:00-05:00,175.37589471601999,175.3857192524396,164.24839977780655,166.4896240234375,8323500,0.0,0.0
2020-03-04 00:00:00-05:00,169.3206630047542,172.82011813924709,166.74522433821483,172.70216369628906,5846300,0.0,0.0
2020-03-05 00:00:00-05:00,169.6352366213045,170.7951620328593,165.24125341107677,166.7157440185547,5797500,0.0,0.0
2020-03-06 00:00:00-05:00,162.85256823562875,164.7202653082873,155.84381819318295,161.28961181640625,9757700,0.0,0.0
2020-03-09 00:00:00-04:00,149.12016140674902,155.02796394027123,148.078190344072,148.6385040283203,9657100,0.0,0.0
2020-03-10 00:00:00-04:00,154.55610178721545,158.72400065121727,148.43205497703804,158.59620666503906,11443900,0.0,0.0
2020-03-11 00:00:00-04:00,154.99844125886278,156.90545145941908,147.59649980981666,151.94134521484375,10341300,0.0,0.0
2020-03-12 00:00:00-04:00,141.88533914715893,148.65816667193948,137.7174545160921,138.19911193847656,13213000,0.0,0.0
2020-03-13 00:00:00-04:00,146.92807702305393,146.95756563561253,133.0187214592672,145.26681518554688,13765400,0.0,0.0
2020-03-16 00:00:00-04:00,131.73097944212702,139.1427602893675,121.29159121883781,122.18611907958984,13845300,0.0,0.0
2020-03-17 00:00:00-04:00,124.84018497141089,135.66293891446298,120.82956935509151,133.1169891357422,12191500,0.0,0.0
2020-03-18 00:00:00-04:00,123.40504123639876,131.15102959794956,113.32935489381057,129.99110412597656,12988200,0.0,0.0
2020-03-19 00:00:00-04:00,129.35211790021424,141.551071479644,126.66854970321421,137.08828735351562,10444000,0.0,0.0
2020-03-20 00:00:00-04:00,138.0319589220912,143.71366070586237,132.3109439941765,136.98016357421875,12450100,0.0,0.0
2020-03-23 00:00:00-04:00,136.40021608941026,141.27587200148284,131.80963678270737,138.1302947998047,11898300,0.0,0.0
2020-03-24 00:00:00-04:00,142.17039226913423,151.5186575243949,140.74503931809411,151.02716064453125,11834400,0.0,0.0
2020-03-25 00:00:00-04:00,150.07364678558068,155.3326690945429,144.46076114298174,144.55905151367188,10639300,0.0,0.0
2020-03-26 00:00:00-04:00,145.7779749900742,152.4426713632504,145.2176613572746,152.09861755371094,8573100,0.0,0.0
2020-03-27 00:00:00-04:00,148.0683242949874,148.87437121211934,142.44559994884065,143.51705932617188,8273500,0.0,0.0
2020-03-30 00:00:00-04:00,145.2078389812536,150.39804481817245,144.06756262332436,147.30162048339844,7650400,0.0,0.0
2020-03-31 00:00:00-04:00,146.4955544439275,149.36589433682641,140.35184362882856,141.53143310546875,10429700,0.0,0.0
2020-04-01 00:00:00-04:00,135.96768322435292,136.69508889561476,130.83645538437995,131.78012084960938,8737600,0.0,0.0
2020-04-02 00:00:00-04:00,131.7309801791545,133.08751628330035,127.82849399489467,132.0357208251953,8150500,0.0,0.0
2020-04-03 00:00:00-04:00,132.16351269632398,133.87392729883223,129.42096660882635,132.02589416503906,6004400,0.0,0.0
2020-04-06 00:00:00-04:00,136.6361408160241,147.30162974994266,135.94804814270893,145.04074096679688,12296800,0.0,0.0
2020-04-07 00:00:00-04:00,147.77346262079135,148.23547091569813,142.05243139413898,142.60292053222656,7859500,0.0,0.0
2020-04-08 00:00:00-04:00,143.81199599244772,149.57234026252593,142.5341010521214,148.55001831054688,7665500,0.0,0.0
2020-04-09 00:00:00-04:00,149.79840668163482,153.44531984353108,149.1004745673455,151.9216766357422,7094600,0.0,0.0
2020-04-13 00:00:00-04:00,151.49898491830368,152.66874982639536,147.44905565605788,149.9065399169922,5138600,0.0,0.0
2020-04-14 00:00:00-04:00,153.06196656111646,156.0895741740241,152.5114774503841,155.0279541015625,7334300,0.0,0.0
2020-04-15 00:00:00-04:00,152.4426725810853,154.59543129391255,151.3810375309529,152.9833221435547,4042600,0.0,0.0
2020-04-16 00:00:00-04:00,154.33003033881778,155.3130241626319,151.62679732332893,154.38900756835938,4391500,0.0,0.0
2020-04-17 00:00:00-04:00,157.27899245073687,160.48354652217495,154.94930217483426,159.85443115234375,7312900,0.0,0.0
2020-04-20 00:00:00-04:00,158.016253292157,161.51570881898877,157.79016891804235,159.9920654296875,4686000,0.0,0.0
2020-04-21 00:00:00-04:00,157.27898977409777,157.36745560601528,145.48306554104042,147.99952697753906,13737900,0.0,0.0
2020-04-22 00:00:00-04:00,151.38104296902338,153.05212940453677,148.10767186334925,151.51866149902344,6660900,0.0,0.0
2020-04-23 00:00:00-04:00,150.8895285605467,153.80902096456063,148.92354121773826,149.13980102539062,6281400,0.0,0.0
2020-04-24 00:00:00-04:00,150.9779917174912,151.8725195424583,148.72694284952806,151.36135864257812,6710500,0.0,0.0
2020-04-27 00:00:00-04:00,152.89484195661592,155.7455328438953,151.57763392557703,154.94931030273438,5036400,0.0,0.0
2020-04-28 00:00:00-04:00,156.78751909941732,158.07523864323053,151.55798461694093,151.83323669433594,4731800,0.0,0.0
2020-04-29 00:00:00-04:00,155.19505342664465,159.1368528469758,153.85818136649715,157.70167541503906,5256700,0.0,0.0
2020-04-30 00:00:00-04:00,158.88128110540399,162.4888662883611,157.28882106603308,159.19583129882812,6830700,0.0,0.0
2020-05-01 00:00:00-04:00,155.79468077209657,157.44610302934475,152.61960024295203,153.71072387695312,4276900,0.0,0.0
2020-05-04 00:00:00-04:00,152.93415184275162,159.26463326485123,152.44265502425682,158.72398376464844,5974200,0.0,0.0
2020-05-05 00:00:00-04:00,159.76596768876428,161.34858817374692,157.52474321304018,160.47372436523438,5264800,0.0,0.0
2020-05-06 00:00:00-04:00,161.64349079012717,162.89189702261984,160.14933612600254,160.88658142089844,4112600,0.0,0.0
2020-05-07 00:00:00-04:00,163.66846256064224,168.35734703920906,163.19662975126087,167.01063537597656,6460900,0.0,0.0
2020-05-08 00:00:00-04:00,170.0087562003066,173.08553125909478,168.2393645530915,172.90858459472656,5403400,0.0,0.0
2020-05-11 00:00:00-04:00,172.57439000885887,180.182767459435,171.19820468155342,179.5634765625,8696000,0.0,0.0
2020-05-12 00:00:00-04:00,179.88784299724776,179.90750707060147,173.9997054687945,174.52069091796875,5904600,0.0,0.0
2020-05-13 00:00:00-04:00,172.190988863746,172.23031700774962,163.44235173446486,166.75503540039062,12534900,0.0,0.0
2020-05-14 00:00:00-04:00,165.57544051900976,165.7032344838002,161.77126017558072,164.15992736816406,7442300,0.0,0.0
2020-05-15 00:00:00-04:00,164.4253536828886,168.79967246936192,163.35387919418966,168.4163055419922,5673800,0.0,0.0
2020-05-18 00:00:00-04:00,171.04092752207882,173.98990903108017,169.20273384790923,169.56643676757812,6398300,0.0,0.0
2020-05-19 00:00:00-04:00,169.81217592732642,175.1694890421067,169.81217592732642,173.0462188720703,5264000,0.0,0.0
2020-05-20 00:00:00-04:00,175.53320573451407,176.0935043870557,171.92560537814919,173.92108154296875,4951200,0.0,0.0
2020-05-21 00:00:00-04:00,173.92107775024962,175.2579498560818,171.9550902416314,172.27947998046875,4429700,0.0,0.0
2020-05-22 00:00:00-04:00,173.59671245219943,175.60201322036383,172.46626057368488,174.82545471191406,4965100,0.0,0.0
2020-05-26 00:00:00-04:00,178.90485239334862,178.90485239334862,173.22315003926158,173.51805114746094,8353600,0.0,0.0
2020-05-27 00:00:00-04:00,173.2919390651997,173.60650422397717,168.45561224368842,173.5966796875,6340200,0.0,0.0
2020-05-28 00:00:00-04:00,176.93885784049806,181.6572303827699,174.08818224167382,178.02015686035156,10275200,0.0,0.0
2020-05-29 00:00:00-04:00,171.3358170177447,172.02390965651182,167.78720891000143,171.81747436523438,19588900,0.0,0.0
2020-06-01 00:00:00-04:00,170.15620959813003,174.50103980228755,169.74333905899866,173.3607635498047,5711600,0.0,0.0
2020-06-02 00:00:00-04:00,171.8764646206185,171.92560230909288,168.30819247858597,171.26699829101562,8571800,0.0,0.0
2020-06-03 00:00:00-04:00,171.85678601567108,172.93807005869274,169.90062320249905,172.01406860351562,6004000,0.0,0.0
2020-06-04 00:00:00-04:00,172.02391537460042,172.44659550985924,167.10894636389756,168.5244598388672,7301600,0.0,0.0
2020-06-05 00:00:00-04:00,167.21706772969077,171.22768403721443,164.15995656141953,170.92295837402344,8232200,0.0,0.0
2020-06-08 00:00:00-04:00,170.67720648915665,173.56721046116132,169.72370136916072,173.54754638671875,4592600,0.0,0.0
2020-06-09 00:00:00-04:00,173.00688288879232,173.00688288879232,170.57888736648914,171.59136962890625,4025600,0.0,0.0
2020-06-10 00:00:00-04:00,173.25263943105583,179.39635004917838,173.05604369113462,179.00315856933594,8127200,0.0,0.0
2020-06-11 00:00:00-04:00,173.63599103461132,175.39554300051324,169.0749012746166,169.12405395507812,6521200,0.0,0.0
2020-06-12 00:00:00-04:00,172.90859275617387,174.6681599492581,168.9373046487922,172.1320343017578,5443800,0.0,0.0
2020-06-15 00:00:00-04:00,169.07493533958942,175.8575866296572,168.35735405800892,175.57252502441406,6000000,0.0,0.0
2020-06-16 00:00:00-04:00,176.94871252883243,179.3963725457787,174.98272488449513,177.4107208251953,5824100,0.0,0.0
2020-06-17 00:00:00-04:00,177.89238335607615,179.6421110627907,177.60730676381343,178.3150634765625,5038600,0.0,0.0
2020-06-18 00:00:00-04:00,178.81638375751808,185.78580534221854,178.53130719098667,184.46859741210938,8677800,0.0,0.0
2020-06-19 00:00:00-04:00,186.27731268193523,187.99755171725656,182.33551320645915,183.7706756591797,11841000,0.0,0.0
2020-06-22 00:00:00-04:00,183.849320723812,189.2262977614444,183.81983211111742,188.3907470703125,6252200,0.0,0.0
2020-06-23 00:00:00-04:00,188.73480698834146,190.7892604020817,185.38279457689484,185.8448028564453,6950800,0.0,0.0
2020-06-24 00:00:00-04:00,184.32114474122642,186.08071187771068,180.91015537537618,182.3944854736328,4903100,0.0,0.0
2020-06-25 00:00:00-04:00,182.9744408549361,185.55971900286937,181.3033546183418,185.13702392578125,4022400,0.0,0.0
2020-06-26 00:00:00-04:00,184.80283939934833,185.01909924114227,179.90753434272153,180.0549774169922,7595700,0.0,0.0
2020-06-29 00:00:00-04:00,180.20240995994266,180.5857768980274,176.93886371836535,180.2122344970703,3972100,0.0,0.0
2020-06-30 00:00:00-04:00,180.33020541908598,184.69470018953797,180.01565521002988,184.14422607421875,4478900,0.0,0.0
2020-07-01 00:00:00-04:00,184.90113858848855,189.5408704945406,184.27202316051344,188.62667846679688,4754600,0.0,0.0
2020-07-02 00:00:00-04:00,189.87508924417372,192.06716125573408,189.0198744240763,189.25579833984375,4200300,0.0,0.0
2020-07-06 00:00:00-04:00,191.13329532711566,196.05808831024095,190.54349311388083,194.35751342773438,5794200,0.0,0.0
2020-07-07 00:00:00-04:00,194.29854449661656,196.81500604844342,192.8732065863249,193.04031372070312,5431500,0.0,0.0
2020-07-08 00:00:00-04:00,194.63273813287825,197.7783147392077,193.99379827508827,196.87396240234375,4233700,0.0,0.0
2020-07-09 00:00:00-04:00,198.58440268207212,199.3708006863158,192.31289772232918,197.326171875,6062800,0.0,0.0
2020-07-10 00:00:00-04:00,196.6577281652589,197.31633218099213,193.72841097605735,195.497802734375,3783200,0.0,0.0
2020-07-13 00:00:00-04:00,196.59873370034148,196.85430665440643,184.8322982884326,185.13702392578125,5555400,0.0,0.0
2020-07-14 00:00:00-04:00,182.82699367568893,186.7294796514563,180.18273836724632,186.33627319335938,5854700,0.0,0.0
2020-07-15 00:00:00-04:00,187.78130049834206,188.83311104207078,183.57408832201668,184.89129638671875,7681800,0.0,0.0
2020-07-16 00:00:00-04:00,183.24967614511718,183.6821957550449,178.83602921563676,182.3551483154297,7350000,0.0,0.0
2020-07-17 00:00:00-04:00,183.95741730379348,185.195983810422,180.2417027846162,184.58653259277344,4324300,0.0,0.0
2020-07-20 00:00:00-04:00,184.70451984370797,191.98850713965243,184.08524397999574,191.77224731445312,5729000,0.0,0.0
2020-07-21 00:00:00-04:00,192.66677068447584,193.15826754846685,186.25764737823076,187.55520629882812,5376800,0.0,0.0
2020-07-22 00:00:00-04:00,187.5355331041374,188.60699261569945,185.65801157516984,188.0565185546875,2833000,0.0,0.0
2020-07-23 00:00:00-04:00,188.22362192602336,191.26108373664536,184.32113589361947,185.3336181640625,3639500,0.0,0.0
2020-07-24 00:00:00-04:00,182.89581747403543,185.7268443163599,181.2443951488758,185.2845001220703,3908400,0.0,0.0
2020-07-27 00:00:00-04:00,186.6705079176542,188.30228114941133,185.44176572493848,187.71249389648438,3015700,0.0,0.0
2020-07-28 00:00:00-04:00,187.75180383848326,189.68830270105408,185.83496905046226,186.27731323242188,3114200,0.0,0.0
2020-07-29 00:00:00-04:00,186.91624848419207,191.25125435735436,186.5230569988001,190.31741333007812,3747800,0.0,0.0
2020-07-30 00:00:00-04:00,186.85727511966647,188.65615545110197,184.1835309657694,188.4398956298828,3587400,0.0,0.0
2020-07-31 00:00:00-04:00,189.7178019200153,191.6739649665015,187.42742458396705,191.53634643554688,3734000,0.0,0.0
2020-08-03 00:00:00-04:00,194.43616150081925,201.3072780282768,193.2270834207622,199.7344970703125,6557500,0.0,0.0
2020-08-04 00:00:00-04:00,199.54772816703772,199.93109512364302,195.51744785458683,197.98477172851562,4480300,0.0,0.0
2020-08-05 00:00:00-04:00,199.35113025194016,200.4324143488988,198.15187670856696,199.19384765625,3559100,0.0,0.0
2020-08-06 00:00:00-04:00,199.518249132693,206.37954153125764,198.9579354772909,204.2562713623047,5113300,0.0,0.0
2020-08-07 00:00:00-04:00,203.1061414175988,203.42070658255574,195.20287913921342,197.63087463378906,5423400,0.0,0.0
2020-08-10 00:00:00-04:00,196.99195829304435,198.05359343345972,192.3915543505399,193.80706787109375,5528200,0.0,0.0
2020-08-11 00:00:00-04:00,190.32722981163178,192.50947696156655,188.4595478361312,188.72496032714844,5015400,0.0,0.0
2020-08-12 00:00:00-04:00,189.71779596918267,192.09663907209335,188.8527566592899,189.34425354003906,3980300,0.0,0.0
2020-08-13 00:00:00-04:00,190.03237020151604,194.70159079048153,189.94388935931343,191.8214111328125,4711600,0.0,0.0
2020-08-14 00:00:00-04:00,191.90004655985925,192.15561954241815,189.2459663588588,190.16998291015625,2833000,0.0,0.0
2020-08-17 00:00:00-04:00,192.0179953086161,193.7185852936901,191.11364285955133,193.39419555664062,3574500,0.0,0.0
2020-08-18 00:00:00-04:00,195.94013921129428,201.31711603778794,195.61574948509718,200.54054260253906,7284800,0.0,0.0
2020-08-19 00:00:00-04:00,200.53071780732893,203.578004322746,196.62823155986044,201.62184143066406,7080700,0.0,0.0
2020-08-20 00:00:00-04:00,200.3833029346251,206.53683905468492,200.04907362513885,205.94703674316406,5175100,0.0,0.0
2020-08-21 00:00:00-04:00,206.36968968771924,206.42866690694868,202.74244071218172,204.00067138671875,5727800,0.0,0.0
2020-08-24 00:00:00-04:00,205.32772676570255,205.7307427791371,201.66114950253402,204.9148712158203,5699000,0.0,0.0
2020-08-25 00:00:00-04:00,209.59393452443922,214.63669740485633,207.2150913818291,212.3758087158203,27096500,0.0,0.0
2020-08-26 00:00:00-04:00,247.67511933609387,273.2427821466743,245.2274594248632,267.6888732910156,63253400,0.0,0.0
2020-08-27 00:00:00-04:00,262.4593403423332,273.5475090265151,256.40409503273173,271.620849609375,22817100,0.0,0.0
2020-08-28 00:00:00-04:00,266.6665557070082,271.0605391738866,262.85253497978255,266.4896240234375,28068000,0.0,0.0
2020-08-31 00:00:00-04:00,265.4082869245634,270.0381786413102,261.38784647431424,268.0132141113281,16010100,0.0,0.0
2020-09-01 00:00:00-04:00,266.39129448784723,277.1354085012939,265.978423931698,276.46697998046875,13293600,0.0,0.0
2020-09-02 00:00:00-04:00,278.64922363314815,279.6617059380066,264.002623592527,271.9845275878906,12963800,0.0,0.0
2020-09-03 00:00:00-04:00,265.9784260178902,267.1285418630082,253.03241559967205,260.503173828125,14000600,0.0,0.0
2020-09-04 00:00:00-04:00,258.50770163066073,261.1519571613404,239.06407187328867,250.36849975585938,14374300,0.0,0.0
2020-09-08 00:00:00-04:00,236.47880802595168,249.36584138334342,236.05611292384842,237.16690063476562,15229600,0.0,0.0
2020-09-09 00:00:00-04:00,242.20966355057945,249.13977276119167,238.82817751665507,246.17112731933594,9988600,0.0,0.0
2020-09-10 00:00:00-04:00,250.47662650014829,252.14772781762443,242.7699593626597,243.58584594726562,5945000,0.0,0.0
2020-09-11 00:00:00-04:00,246.45618173244068,247.02631987851436,235.3778385305595,238.9657745361328,5455200,0.0,0.0
2020-09-14 00:00:00-04:00,242.1211821700275,244.6376437078571,239.88978221295307,242.44557189941406,4255200,0.0,0.0
2020-09-15 00:00:00-04:00,247.09513090875197,247.65544453859118,244.28376822051834,247.3998565673828,4133600,0.0,0.0
2020-09-16 00:00:00-04:00,250.3390338763016,251.08610377837303,245.97453892368964,246.3382568359375,5441200,0.0,0.0
2020-09-17 00:00:00-04:00,241.93441642018266,244.58851153880335,237.20621889292855,240.3714599609375,5279500,0.0,0.0
2020-09-18 00:00:00-04:00,240.9612712522473,243.8905885309597,234.65045295415393,238.65122985839844,6595600,0.0,0.0
2020-09-21 00:00:00-04:00,234.9060253971884,240.96127069704434,232.7729306891403,240.88262939453125,5561600,0.0,0.0
2020-09-22 00:00:00-04:00,242.5438705216072,244.34275078943605,237.15705425535816,243.56617736816406,3600800,0.0,0.0
2020-09-23 00:00:00-04:00,244.26412167056495,244.5393587198702,231.34758443079042,231.97669982910156,7507900,0.0,0.0
2020-09-24 00:00:00-04:00,231.8292516331694,235.87919624398558,229.65684375875432,233.5101776123047,4166800,0.0,0.0
2020-09-25 00:00:00-04:00,233.35288540372608,239.80132199530559,231.05268363160062,238.61190795898438,5117800,0.0,0.0
2020-09-28 00:00:00-04:00,243.34991566461542,244.35257342891018,238.0909084190586,242.4750518798828,4088300,0.0,0.0
2020-09-29 00:00:00-04:00,241.0890321446455,243.68413494154726,240.34196232407916,243.24179077148438,3983700,0.0,0.0
2020-09-30 00:00:00-04:00,242.45538112313295,251.06641521567119,242.0327010474527,247.0459747314453,8188500,0.0,0.0
2020-10-01 00:00:00-04:00,248.87435798744548,250.33902411919564,246.54466752893143,249.1397705078125,4318000,0.0,0.0
2020-10-02 00:00:00-04:00,245.50269191258957,250.6142564720719,243.00589435829323,243.635009765625,4494500,0.0,0.0
2020-10-05 00:00:00-04:00,245.74843168669284,248.97264991047874,244.76543795994607,247.25241088867188,3403500,0.0,0.0
2020-10-06 00:00:00-04:00,248.43199748626526,252.9144614277702,244.76543512772847,245.88604736328125,4448100,0.0,0.0
2020-10-07 00:00:00-04:00,247.9110405526601,256.30580124852327,247.9110405526601,255.55874633789062,4963200,0.0,0.0
2020-10-08 00:00:00-04:00,259.70694234648147,260.11978289301777,252.70800214361518,255.79461669921875,4150400,0.0,0.0
2020-10-09 00:00:00-04:00,258.4290579248416,261.5254823220897,257.05287263701905,261.4566955566406,4225000,0.0,0.0
2020-10-12 00:00:00-04:00,265.4083632810938,265.4083632810938,260.7784702323522,262.5281982421875,4317000,0.0,0.0
2020-10-13 00:00:00-04:00,261.88920477687907,264.2188951352713,259.73644609159777,262.2922058105469,3713200,0.0,0.0
2020-10-14 00:00:00-04:00,265.4083309973781,265.5656136081704,254.349650539154,257.37725830078125,5129500,0.0,0.0
2020-10-15 00:00:00-04:00,253.72051017809113,256.0895287879237,249.70008421667413,253.337158203125,5256800,0.0,0.0
2020-10-16 00:00:00-04:00,254.83128320562122,258.0555014178091,254.0940379132131,254.15301513671875,3092300,0.0,0.0
2020-10-19 00:00:00-04:00,255.34246838582814,257.03321885091026,250.17191161498377,250.67323303222656,3242300,0.0,0.0
2020-10-20 00:00:00-04:00,251.76437117316183,254.77232984807227,249.72958177513812,251.61692810058594,2989300,0.0,0.0
2020-10-21 00:00:00-04:00,252.08877183312646,253.91712590052447,247.56699435657094,249.90650939941406,2794000,0.0,0.0
2020-10-22 00:00:00-04:00,249.5722764713308,250.87965992670644,241.94425055801463,245.42404174804688,3685700,0.0,0.0
2020-10-23 00:00:00-04:00,245.84672697115374,246.30873520371048,242.6126693432567,246.25958251953125,3159600,0.0,0.0
2020-10-26 00:00:00-04:00,241.12836882312186,243.89057884868674,233.3430601569946,237.8648223876953,5864100,0.0,0.0
2020-10-27 00:00:00-04:00,243.7824312511701,247.46865753016965,241.59035955706042,246.04331970214844,4285600,0.0,0.0
2020-10-28 00:00:00-04:00,240.44028314997013,241.2758188583971,233.9623427790419,234.3751983642578,4425400,0.0,0.0
2020-10-29 00:00:00-04:00,238.39564301215452,238.39564301215452,233.09730742047785,233.1071319580078,4589000,0.0,0.0
2020-10-30 00:00:00-04:00,231.8095923454698,233.70676307529467,224.77135352536953,228.31996154785156,5741200,0.0,0.0
2020-11-02 00:00:00-05:00,231.1214940734909,234.44401786863628,225.09575236720536,228.4969024658203,3953400,0.0,0.0
2020-11-03 00:00:00-05:00,231.10184437714491,236.84252446988828,229.31278849246888,233.09732055664062,4151400,0.0,0.0
2020-11-04 00:00:00-05:00,241.83615879517578,248.57949741857766,239.10343700603266,246.47589111328125,6505400,0.0,0.0
2020-11-05 00:00:00-05:00,253.72048443442668,256.48272427489457,251.09590810711498,255.79461669921875,8961700,0.0,0.0
2020-11-06 00:00:00-05:00,255.5784022584064,257.29864150437646,250.16211151798439,255.72584533691406,3798600,0.0,0.0
2020-11-09 00:00:00-05:00,256.51220279091257,266.3126505982177,252.87511431733222,254.87059020996094,8777500,0.0,0.0
2020-11-10 00:00:00-05:00,253.6713555596175,254.5953720511186,238.76916724822345,243.44822692871094,6863200,0.0,0.0
2020-11-11 00:00:00-05:00,249.1987263461965,252.37379178285602,246.93785284598366,249.85733032226562,4163400,0.0,0.0
2020-11-12 00:00:00-05:00,243.192632243218,250.63390165589018,242.17032540809439,245.17828369140625,5607000,0.0,0.0
2020-11-13 00:00:00-05:00,248.54010952839772,249.47395049101274,243.34990428427753,245.26673889160156,5160000,0.0,0.0
2020-11-16 00:00:00-05:00,245.27658644598205,249.17907254299723,243.95936351954794,245.64028930664062,5712600,0.0,0.0
2020-11-17 00:00:00-05:00,249.42480949672728,253.87775444890357,246.2005915848314,251.81349182128906,5090700,0.0,0.0
2020-11-18 00:00:00-05:00,252.03956683489187,258.1931167072343,251.4989323247355,252.78665161132812,5880500,0.0,0.0
2020-11-19 00:00:00-05:00,252.47211314394772,262.54779916101563,251.312187709449,260.1492919921875,8084600,0.0,0.0
2020-11-20 00:00:00-05:00,259.10730591929064,260.51297971136825,253.4354430668023,253.65170288085938,7286100,0.0,0.0
2020-11-23 00:00:00-05:00,256.78748917399236,257.28879562856986,250.28005981572554,253.258544921875,5383600,0.0,0.0
2020-11-24 00:00:00-05:00,255.57837211111703,257.8490852480634,253.43545296000036,256.4040832519531,5797300,0.0,0.0
2020-11-25 00:00:00-05:00,259.2449399242049,261.57463019903594,240.88260976439463,242.6225128173828,26394900,0.0,0.0
2020-11-27 00:00:00-05:00,246.73140015084405,247.55711119693703,242.8289142552877,243.41871643066406,7395000,0.0,0.0
2020-11-30 00:00:00-05:00,241.305292600092,243.41873808378008,232.0553331551402,241.61985778808594,18966400,0.0,0.0
2020-12-01 00:00:00-05:00,240.8334655740611,242.50455192716515,234.6406020308693,237.24554443359375,18872000,0.0,0.0
2020-12-02 00:00:00-05:00,221.6454277577334,222.15658871032062,211.96294826705932,217.02536010742188,52225500,0.0,0.0
2020-12-03 00:00:00-05:00,222.26473051726623,222.26473051726623,216.38643174548238,217.21214294433594,21395300,0.0,0.0
2020-12-04 00:00:00-05:00,220.0136509242996,224.71235947774625,218.0476635797849,222.01895141601562,20504800,0.0,0.0
2020-12-07 00:00:00-05:00,224.2307135479692,225.96077721485088,222.4023445025839,223.8276824951172,12864100,0.0,0.0
2020-12-08 00:00:00-05:00,224.76152860279703,225.59707934081442,221.8223867111519,223.98497009277344,12116800,0.0,0.0
2020-12-09 00:00:00-05:00,224.1717282785737,224.94828674343225,216.32744233268812,216.81893920898438,15651800,0.0,0.0
2020-12-10 00:00:00-05:00,216.81892584968375,220.49531265831064,216.41589483612296,219.1289520263672,9258600,0.0,0.0
2020-12-11 00:00:00-05:00,218.1459543348734,218.95201634721673,216.2389442074203,218.637451171875,8214400,0.0,0.0
2020-12-14 00:00:00-05:00,219.29605976782915,219.66960217161807,216.70095701359128,217.50701904296875,8508500,0.0,0.0
2020-12-15 00:00:00-05:00,218.29341269185457,218.3622144494989,214.48921696860492,216.4060516357422,10766800,0.0,0.0
2020-12-16 00:00:00-05:00,217.7134260814096,220.19057424142758,216.5043481101537,219.81703186035156,8821400,0.0,0.0
2020-12-17 00:00:00-05:00,221.07528408916795,222.87416441670734,220.68209259650868,222.07794189453125,9946900,0.0,0.0
2020-12-18 00:00:00-05:00,223.1592093686957,223.9456072418477,220.5837559591407,223.56222534179688,11845400,0.0,0.0
2020-12-21 00:00:00-05:00,221.07526879930165,223.57208110281636,220.88851260274592,222.6185760498047,9219000,0.0,0.0
2020-12-22 00:00:00-05:00,223.13955062710738,227.92672473285816,222.7463591807853,227.23863220214844,10339600,0.0,0.0
2020-12-23 00:00:00-05:00,228.54601005095523,229.21443849359468,223.24767519211122,223.56222534179688,7090500,0.0,0.0
2020-12-24 00:00:00-05:00,224.41745584311747,225.29231960157983,221.00646663894227,221.9403076171875,6146300,0.0,0.0
2020-12-28 00:00:00-05:00,223.3558276711576,223.96527895980972,218.2737520885529,220.8197021484375,6422500,0.0,0.0
2020-12-29 00:00:00-05:00,221.14411258471054,221.46850233305003,217.10400753618387,218.6768035888672,6122400,0.0,0.0
2020-12-30 00:00:00-05:00,219.33540937724655,219.83673081089128,217.81176600139563,218.61781311035156,4724000,0.0,0.0
2020-12-31 00:00:00-05:00,218.4900172437939,219.001163176128,216.425724442473,218.74559020996094,6011100,0.0,0.0
2021-01-04 00:00:00-05:00,218.85370092977197,219.94482445778002,212.05138681796487,216.56332397460938,10319900,0.0,0.0
2021-01-05 00:00:00-05:00,215.75730101088095,219.20760363243483,214.2828104034879,217.75277709960938,8657200,0.0,0.0
2021-01-06 00:00:00-05:00,214.29265038149444,216.7108217515443,212.1104029253723,212.47410583496094,9789800,0.0,0.0
2021-01-07 00:00:00-05:00,213.33912345389345,216.90739541716292,212.81813798809242,214.27296447753906,8443100,0.0,0.0
2021-01-08 00:00:00-05:00,216.25861545383322,218.53916805282546,215.49188156262218,218.263916015625,7301700,0.0,0.0
2021-01-11 00:00:00-05:00,215.89492732078213,216.82876840595236,212.55273949057462,214.53839111328125,7199000,0.0,0.0
2021-01-12 00:00:00-05:00,214.29264830396423,214.58754944369107,210.44913894785591,211.85482788085938,10736000,0.0,0.0
2021-01-13 00:00:00-05:00,213.30964852331454,215.17733069039068,211.8646464785356,214.46957397460938,6839200,0.0,0.0
2021-01-14 00:00:00-05:00,214.51871975851992,215.76712600857692,211.8843037340217,211.93345642089844,6548000,0.0,0.0
2021-01-15 00:00:00-05:00,212.49372824666239,214.1648143946005,209.36781574632676,209.5152587890625,8525600,0.0,0.0
2021-01-19 00:00:00-05:00,211.6876902925758,213.58486085323665,210.065741756974,213.07369995117188,7753800,0.0,0.0
2021-01-20 00:00:00-05:00,218.21476839136406,220.81969559552,216.22911699464746,219.64010620117188,9857700,0.0,0.0
2021-01-21 00:00:00-05:00,219.88587835994878,220.91802481618956,217.06469104561253,218.3917236328125,6785900,0.0,0.0
2021-01-22 00:00:00-05:00,221.0752814804723,223.91613272940117,219.94484470294563,221.9304962158203,10186100,0.0,0.0
2021-01-25 00:00:00-05:00,225.7838324599854,226.38345923583185,217.55617973177382,222.07794189453125,8213500,0.0,0.0
2021-01-26 00:00:00-05:00,223.92595852708968,224.0340884295548,220.7213895991016,222.41213989257812,5021000,0.0,0.0
2021-01-27 00:00:00-05:00,219.89568617837563,223.93579085757196,217.81174434847648,220.9573211669922,7641100,0.0,0.0
2021-01-28 00:00:00-05:00,221.17358075072434,225.69535773467874,221.17358075072434,222.6480712890625,7246000,0.0,0.0
2021-01-29 00:00:00-05:00,220.83937171439993,224.8991255597176,219.22726262102222,221.72406005859375,6473000,0.0,0.0
2021-02-01 00:00:00-05:00,223.34601065249194,225.99025117091458,220.92783949151618,224.5747528076172,5696700,0.0,0.0
2021-02-02 00:00:00-05:00,227.5335336767648,231.93734088015196,227.44506785108442,230.21710205078125,7134900,0.0,0.0
2021-02-03 00:00:00-05:00,231.0035155255997,231.98650920868738,228.31010743419395,230.8265838623047,5357600,0.0,0.0
2021-02-04 00:00:00-05:00,231.51465966617428,234.17856395472398,231.4655069857226,233.9328155517578,4770700,0.0,0.0
2021-02-05 00:00:00-05:00,235.08295029565855,235.28938558371112,232.38955700894587,234.82737731933594,5020000,0.0,0.0
2021-02-08 00:00:00-05:00,235.43683741728708,237.00963348216828,233.09732239487724,234.86669921875,4336400,0.0,0.0
2021-02-09 00:00:00-05:00,235.48598435481335,235.9971453133086,232.2224528489464,232.67462158203125,5157200,0.0,0.0
2021-02-10 00:00:00-05:00,233.41187142492296,234.16878083974797,229.981232712227,232.6942901611328,5535600,0.0,0.0
2021-02-11 00:00:00-05:00,234.86667735094207,238.75933899947557,234.52263855579707,237.1374053955078,6091600,0.0,0.0
2021-02-12 00:00:00-05:00,236.852318907718,237.4519456391013,234.84701844498122,236.2821807861328,4314400,0.0,0.0
2021-02-16 00:00:00-05:00,240.83343747702037,246.9574835444913,239.6538481300526,244.3623809814453,10837600,0.0,0.0
2021-02-17 00:00:00-05:00,244.3624038835192,245.2569317635293,241.32495690559696,243.44822692871094,5879200,0.0,0.0
2021-02-18 00:00:00-05:00,241.78695830230424,243.7922588233568,238.4447857674522,242.80926513671875,4152800,0.0,0.0
2021-02-19 00:00:00-05:00,243.78242610292654,245.1487866815156,241.79677472277007,242.36691284179688,4647700,0.0,0.0
2021-02-22 00:00:00-05:00,240.10606307425257,240.36165106487348,236.29205728393006,236.85235595703125,5055000,0.0,0.0
2021-02-23 00:00:00-05:00,231.2591174659481,234.89620654862432,225.11540617669115,231.63265991210938,8641600,0.0,0.0
2021-02-24 00:00:00-05:00,231.5245168946692,237.39299078609508,227.5728778171852,236.38050842285156,6128300,0.0,0.0
2021-02-25 00:00:00-05:00,234.47349252786088,236.26254831086413,225.8624728781137,227.1501922607422,8828900,0.0,0.0
2021-02-26 00:00:00-05:00,225.48891835534886,226.58004193383056,212.6608479054404,212.81813049316406,20372900,0.0,0.0
2021-03-01 00:00:00-05:00,216.16033537939893,216.45523652575068,211.373160267776,213.84046936035156,14027700,0.0,0.0
2021-03-02 00:00:00-05:00,214.68582786554435,214.88243861394056,209.7118819167216,209.8396759033203,10211500,0.0,0.0
2021-03-03 00:00:00-05:00,209.21056870022423,209.69224105378868,201.90691709065203,202.49671936035156,11459000,0.0,0.0
2021-03-04 00:00:00-05:00,203.32240400862264,205.53413973246242,198.08304602734484,201.8380889892578,12800500,0.0,0.0
2021-03-05 00:00:00-05:00,206.43853585245157,208.73875289226768,199.7640141196699,207.17578125,11406000,0.0,0.0
2021-03-08 00:00:00-05:00,209.98712679325,211.24535763356047,204.04002641492252,204.18746948242188,9576400,0.0,0.0
2021-03-09 00:00:00-05:00,208.5716181957302,212.12022642920832,207.57879985313812,207.93267822265625,9732200,0.0,0.0
2021-03-10 00:00:00-05:00,211.06840383240845,212.47407759290246,208.1685754808989,208.3553466796875,7186400,0.0,0.0
2021-03-11 00:00:00-05:00,211.34365527953756,214.4597436528136,210.7047153446892,212.27749633789062,6431000,0.0,0.0
2021-03-12 00:00:00-05:00,209.8199920063953,210.21319846674635,205.740574350568,208.60108947753906,6114600,0.0,0.0
2021-03-15 00:00:00-04:00,208.24723497354776,209.31869457683945,205.9371936276487,209.1810760498047,5733700,0.0,0.0
2021-03-16 00:00:00-04:00,211.18635206869118,213.00489632006887,209.84948010533654,210.8324737548828,5311000,0.0,0.0
2021-03-17 00:00:00-04:00,209.88882722247462,211.1568825453182,207.2740602785062,209.49562072753906,5805100,0.0,0.0
2021-03-18 00:00:00-04:00,207.11676447062845,207.78520796973848,204.8558760166544,205.91751098632812,5580100,0.0,0.0
2021-03-19 00:00:00-04:00,206.24189335727092,209.13189706084222,205.5144876626935,208.59124755859375,7088400,0.0,0.0
2021-03-22 00:00:00-04:00,207.88349321367832,213.28995829677905,207.7753633120446,211.5107421875,5002500,0.0,0.0
2021-03-23 00:00:00-04:00,211.10771930331126,213.73231065369018,210.68503921659513,211.34364318847656,4578000,0.0,0.0
2021-03-24 00:00:00-04:00,211.47147701913664,211.6189201005919,205.84875085710144,205.96670532226562,4617700,0.0,0.0
2021-03-25 00:00:00-04:00,202.6638092281843,204.6297966272055,200.89441756920652,201.94622802734375,7977200,0.0,0.0
2021-03-26 00:00:00-04:00,202.14283891119234,205.8487296357813,201.28763912832358,205.53416442871094,7333200,0.0,0.0
2021-03-29 00:00:00-04:00,205.4555292185629,208.05063225665785,202.48689873511532,207.18560791015625,5686900,0.0,0.0
2021-03-30 00:00:00-04:00,205.09179320583186,207.69672036171957,203.833562541936,206.4286651611328,4717900,0.0,0.0
2021-03-31 00:00:00-04:00,206.8612175460092,210.0362833182745,206.53682779229118,208.2668914794922,6838000,0.0,0.0
2021-04-01 00:00:00-04:00,209.96745856750115,215.2068017453996,209.74135921889666,215.00038146972656,7763500,0.0,0.0
2021-04-05 00:00:00-04:00,215.87525736482993,218.0673292206973,215.2068138172797,216.54368591308594,5553200,0.0,0.0
2021-04-06 00:00:00-04:00,216.08168689911486,217.78226183624304,214.5383795578464,217.330078125,5448500,0.0,0.0
2021-04-07 00:00:00-04:00,218.18530267196977,218.8930443833957,215.65900149634084,217.03518676757812,4403400,0.0,0.0
2021-04-08 00:00:00-04:00,219.20761185501533,221.87153158531973,218.66696227883236,220.63294982910156,6169100,0.0,0.0
2021-04-09 00:00:00-04:00,220.51499794101457,227.37629037146598,219.82690529027502,227.3468017578125,7319300,0.0,0.0
2021-04-12 00:00:00-04:00,225.61671370282755,225.94110341724254,223.2870084809913,224.86962890625,6205700,0.0,0.0
2021-04-13 00:00:00-04:00,225.10556891868853,229.51921625924197,224.61407204332022,228.05455017089844,5397100,0.0,0.0
2021-04-14 00:00:00-04:00,228.89008853315548,229.17515010582923,223.78834884167074,224.14222717285156,4617600,0.0,0.0
2021-04-15 00:00:00-04:00,225.96076147958573,229.1161779185613,225.59705860318033,229.03753662109375,5073900,0.0,0.0
2021-04-16 00:00:00-04:00,230.02054840577864,230.02054840577864,225.98044330175662,227.96609497070312,5088700,0.0,0.0
2021-04-19 00:00:00-04:00,226.90445260862455,228.25114926710066,224.97777822924832,226.58006286621094,4257700,0.0,0.0
2021-04-20 00:00:00-04:00,226.08855251487208,227.5138903895636,223.03144148741663,224.083251953125,4081200,0.0,0.0
2021-04-21 00:00:00-04:00,223.2476975955998,226.8651071761068,222.81517797199714,226.63902282714844,4024000,0.0,0.0
2021-04-22 00:00:00-04:00,226.08857128271572,229.91241651878636,225.11540203266568,227.41561889648438,4975400,0.0,0.0
2021-04-23 00:00:00-04:00,228.97856550038213,231.4852025515257,227.80880054322884,229.5388641357422,5447100,0.0,0.0
2021-04-26 00:00:00-04:00,230.0598546455211,231.78993327511392,228.46740954264095,231.45571899414062,3459600,0.0,0.0
2021-04-27 00:00:00-04:00,231.45568600342517,231.88819059988145,227.9660556278627,230.22694396972656,3445200,0.0,0.0
2021-04-28 00:00:00-04:00,231.00351432682254,234.2768850744327,229.55851242023894,232.85154724121094,4274500,0.0,0.0
2021-04-29 00:00:00-04:00,233.28404196568698,233.62808071669397,228.22161606469183,230.37437438964844,4140800,0.0,0.0
2021-04-30 00:00:00-04:00,228.84092676342104,230.51201298348536,225.616708762572,226.40310668945312,5024800,0.0,0.0
2021-05-03 00:00:00-04:00,226.84544587581382,227.52371388542653,219.2763978685861,219.95465087890625,5835700,0.0,0.0
2021-05-04 00:00:00-04:00,217.90021953754663,218.2246092701608,210.71453773128562,213.486572265625,6727500,0.0,0.0
2021-05-05 00:00:00-04:00,215.09871423614555,215.83595959889743,211.18638804498306,211.7368621826172,4205800,0.0,0.0
2021-05-06 00:00:00-04:00,212.13987030451554,214.56786596986782,209.86915723270442,214.34178161621094,5200000,0.0,0.0
2021-05-07 00:00:00-04:00,216.75992972749515,217.48735044624735,211.43210581252373,212.81813049316406,5774700,0.0,0.0
2021-05-10 00:00:00-04:00,211.83516887289778,212.28735263120274,209.60376869471233,210.25254821777344,5263700,0.0,0.0
2021-05-11 00:00:00-04:00,205.44569779442682,212.88696782807776,205.35723195501592,211.89413452148438,6097900,0.0,0.0
2021-05-12 00:00:00-04:00,209.71187328708947,209.7413618982766,205.44568421002282,206.95948791503906,5482500,0.0,0.0
2021-05-13 00:00:00-04:00,209.34818852552644,211.97278014327225,206.8907040520609,208.25706481933594,5337000,0.0,0.0
2021-05-14 00:00:00-04:00,210.54741532643507,214.5580312761253,210.5080871802646,213.95840454101562,4429000,0.0,0.0
2021-05-17 00:00:00-04:00,212.90661290591373,214.0174006441961,209.20073726454197,211.4026336669922,3816100,0.0,0.0
2021-05-18 00:00:00-04:00,211.7761669513275,213.65368853432383,210.15421833278603,210.68504333496094,3540600,0.0,0.0
2021-05-19 00:00:00-04:00,212.17919513507883,217.8314088831832,210.86197218388367,217.57582092285156,8092100,0.0,0.0
2021-05-20 00:00:00-04:00,219.18792153221145,222.97245311300426,218.57847026438336,219.9743194580078,6705500,0.0,0.0
2021-05-21 00:00:00-04:00,221.3800324302183,221.9403310766728,218.65713550118284,218.7947540283203,4913600,0.0,0.0
2021-05-24 00:00:00-04:00,221.17359774461133,223.7293875404891,220.39703926777543,223.1297607421875,5288300,0.0,0.0
2021-05-25 00:00:00-04:00,224.1225860158841,225.81333654893,222.43183548283824,223.8375244140625,6256300,0.0,0.0
2021-05-26 00:00:00-04:00,224.59441255010725,226.32449118624473,224.40764133377016,225.7740020751953,5807100,0.0,0.0
2021-05-27 00:00:00-04:00,225.6167206270713,225.6167206270713,221.55695180305273,221.98947143554688,15344100,0.0,0.0
2021-05-28 00:00:00-04:00,235.15174460851202,239.35895627450233,233.78538402071553,234.05079650878906,17810800,0.0,0.0
2021-06-01 00:00:00-04:00,233.95251247722567,234.3457039774697,228.50673370244527,232.18312072753906,8103900,0.0,0.0
2021-06-02 00:00:00-04:00,230.41371455384984,234.23755940163142,229.92221770966563,230.62997436523438,5543900,0.0,0.0
2021-06-03 00:00:00-04:00,228.92940093806982,229.214462509818,225.52823615502535,226.9142608642578,5109000,0.0,0.0
2021-06-04 00:00:00-04:00,227.69084093298298,233.84437624123652,227.58271102344574,233.44134521484375,6177600,0.0,0.0
2021-06-07 00:00:00-04:00,232.57629955436835,235.39748648114525,231.8292147937834,234.09010314941406,3510800,0.0,0.0
2021-06-08 00:00:00-04:00,234.73892891198997,237.67807085547804,231.6621534333839,232.39939880371094,5827300,0.0,0.0
2021-06-09 00:00:00-04:00,234.80768756832398,234.80768756832398,231.50482831570937,232.07496643066406,3350900,0.0,0.0
2021-06-10 00:00:00-04:00,231.98652418777553,236.2035607608215,231.15097350348321,236.1052703857422,4659500,0.0,0.0
2021-06-11 00:00:00-04:00,234.96500522841902,236.28221331169917,234.35555387630626,236.22323608398438,4624200,0.0,0.0
2021-06-14 00:00:00-04:00,236.60659386442458,242.44557916989476,236.39033403834833,242.07203674316406,6764700,0.0,0.0
2021-06-15 00:00:00-04:00,241.03988324177155,241.18732629183336,237.89429151371817,238.45460510253906,5135300,0.0,0.0
2021-06-16 00:00:00-04:00,237.88448582337688,240.84329159027712,235.40733739103356,238.26785278320312,5099300,0.0,0.0
2021-06-17 00:00:00-04:00,237.88446493793234,242.97636488033163,237.0980670126591,240.27313232421875,5170200,0.0,0.0
2021-06-18 00:00:00-04:00,237.73705283825495,241.82629558329498,236.96047934870796,238.65122985839844,7822200,0.0,0.0
2021-06-21 00:00:00-04:00,239.30981382913544,240.5582200308798,234.82736494645837,240.32229614257812,5895100,0.0,0.0
2021-06-22 00:00:00-04:00,239.65385395329275,240.5582063079189,236.79333884290267,238.9755859375,4457200,0.0,0.0
2021-06-23 00:00:00-04:00,239.6047096400796,240.34195490051061,236.7540339661303,237.72718811035156,4482400,0.0,0.0
2021-06-24 00:00:00-04:00,239.21153407505653,243.4777233326205,238.57257914061677,239.6243896484375,4987300,0.0,0.0
2021-06-25 00:00:00-04:00,240.0372359517864,240.04706048912053,236.8916590861057,237.75668334960938,15409300,0.0,0.0
2021-06-28 00:00:00-04:00,240.0569187566836,243.37942754938555,239.45729194805628,240.41079711914062,4274900,0.0,0.0
2021-06-29 00:00:00-04:00,240.28298784863483,242.5831895586966,238.30716086751264,241.6296844482422,3871900,0.0,0.0
2021-06-30 00:00:00-04:00,241.30527388689202,242.4357255693733,239.35895068482148,240.11585998535156,4168800,0.0,0.0
2021-07-01 00:00:00-04:00,240.34194898302454,242.39640212501234,238.49391610927094,240.81378173828125,3899600,0.0,0.0
2021-07-02 00:00:00-04:00,242.72078850208533,244.72610393318152,241.65915356785075,243.97901916503906,4056200,0.0,0.0
2021-07-06 00:00:00-04:00,244.76544421155018,248.61877791890103,244.15599288517512,245.9941864013672,5590200,0.0,0.0
2021-07-07 00:00:00-04:00,248.69739931127856,249.18889614786212,243.64481243117135,244.21495056152344,5101400,0.0,0.0
2021-07-08 00:00:00-04:00,240.67617722339793,242.38659168470392,237.62890571099894,241.61985778808594,5159600,0.0,0.0
2021-07-09 00:00:00-04:00,241.41342627225364,243.78244475865012,239.93893567895535,240.89244079589844,4213500,0.0,0.0
2021-07-12 00:00:00-04:00,243.0157074706141,243.05502061953268,237.7370360197874,238.7790069580078,5604500,0.0,0.0
2021-07-13 00:00:00-04:00,238.16951220507102,242.9567012257509,237.56988551045694,239.87010192871094,6699800,0.0,0.0
2021-07-14 00:00:00-04:00,240.3419790051443,241.96391274104394,235.79071300784926,238.3071746826172,6375700,0.0,0.0
2021-07-15 00:00:00-04:00,237.11772326789145,237.9139457037357,231.8095636960682,233.5396270751953,7912600,0.0,0.0
2021-07-16 00:00:00-04:00,234.24741937314232,236.78354511029255,233.7264338728012,234.3751983642578,7288100,0.0,0.0
2021-07-19 00:00:00-04:00,232.48785567198414,234.44401871213765,230.3252723357144,233.5101776123047,8843000,0.0,0.0
2021-07-20 00:00:00-04:00,234.64060181911216,239.0444095572612,232.25193423992917,236.02662658691406,8487000,0.0,0.0
2021-07-21 00:00:00-04:00,237.33399552432485,238.84779918561844,234.21790737143823,237.9925994873047,15323100,0.0,0.0
2021-07-22 00:00:00-04:00,239.3589694675489,244.47053378280822,239.20168687340706,244.05767822265625,7868700,0.0,0.0
2021-07-23 00:00:00-04:00,245.74842193695716,246.298896002209,242.48487569397355,244.02818298339844,5877300,0.0,0.0
2021-07-26 00:00:00-04:00,243.97905423871688,244.25429129834944,241.63953923184005,243.38926696777344,3960700,0.0,0.0
2021-07-27 00:00:00-04:00,243.00589384055064,243.91024629920733,237.0882672096573,239.36880493164062,6352500,0.0,0.0
2021-07-28 00:00:00-04:00,239.6735234541547,241.89508374522683,238.86746144632124,239.81114196777344,4100200,0.0,0.0
2021-07-29 00:00:00-04:00,239.3491207601078,241.97371191272535,239.3491207601078,239.88975524902344,3271100,0.0,0.0
2021-07-30 00:00:00-04:00,238.86746902767837,240.086386615055,237.52077245886005,237.81565856933594,3748400,0.0,0.0
2021-08-02 00:00:00-04:00,238.18920814688454,238.34649074340317,234.81754685504538,236.7638702392578,3525700,0.0,0.0
2021-08-03 00:00:00-04:00,237.27504532197386,238.91664314784387,234.97482845883445,237.029296875,3077900,0.0,0.0
2021-08-04 00:00:00-04:00,237.5109411045468,240.48941091730956,235.59410632395105,240.017578125,4121600,0.0,0.0
2021-08-05 00:00:00-04:00,240.518911438399,246.63313396386462,239.39829912661915,246.29891967773438,5235200,0.0,0.0
2021-08-06 00:00:00-04:00,244.9915123852639,247.79305039263454,244.98168784814052,246.32838439941406,4045400,0.0,0.0
2021-08-09 00:00:00-04:00,247.14424887189517,248.12724247093982,243.63496952293752,245.07997131347656,3312200,0.0,0.0
2021-08-10 00:00:00-04:00,246.6036280076445,246.97717041839954,238.90678543409314,239.25083923339844,4430600,0.0,0.0
2021-08-11 00:00:00-04:00,240.50908351037,241.96391008777445,236.01680978849254,238.15972900390625,3999200,0.0,0.0
2021-08-12 00:00:00-04:00,238.37599956310436,244.20514567234662,237.81568589024278,244.16583251953125,4467400,0.0,0.0
2021-08-13 00:00:00-04:00,247.42934892258197,249.45431352911174,244.63763543660266,247.28189086914062,5986400,0.0,0.0
2021-08-16 00:00:00-04:00,245.91554125714885,246.7314278583487,240.31247995902922,244.9620361328125,4047500,0.0,0.0
2021-08-17 00:00:00-04:00,244.03803365160803,244.96205021691966,241.75749585147042,242.78964233398438,3472600,0.0,0.0
2021-08-18 00:00:00-04:00,243.78242164670772,252.43275364118912,243.5071846286629,246.94766235351562,8306700,0.0,0.0
2021-08-19 00:00:00-04:00,244.9325507294609,251.09592573778434,244.1559922671517,248.7662353515625,6600800,0.0,0.0
2021-08-20 00:00:00-04:00,248.69739497868903,253.4845692838411,248.31402805280428,251.774169921875,5510700,0.0,0.0
2021-08-23 00:00:00-04:00,252.62938103034668,257.4067160154898,252.20670093878948,256.0895080566406,7603900,0.0,0.0
2021-08-24 00:00:00-04:00,257.4657313162023,258.03585448101023,254.65435364525774,255.24415588378906,6685200,0.0,0.0
2021-08-25 00:00:00-04:00,256.42371944996563,257.4460412866751,254.34961716439116,256.4139099121094,9701000,0.0,0.0
2021-08-26 00:00:00-04:00,265.2116671419577,270.5395057710842,262.81316030506207,263.2358703613281,18987000,0.0,0.0
2021-08-27 00:00:00-04:00,263.30468289865917,266.3028317376491,260.91601536363004,261.997314453125,7992500,0.0,0.0
2021-08-30 00:00:00-04:00,261.2896089901935,263.0294974125518,260.2476378447912,260.4638977050781,5730000,0.0,0.0
2021-08-31 00:00:00-04:00,260.2672616373477,262.23324926764445,258.2324872389193,260.7587585449219,5901500,0.0,0.0
2021-09-01 00:00:00-04:00,261.7417417342561,268.61288862224,261.0733131667528,263.75689697265625,7189000,0.0,0.0
2021-09-02 00:00:00-04:00,264.4253012506142,264.680889208248,259.43170653046394,259.65777587890625,4498300,0.0,0.0
2021-09-03 00:00:00-04:00,259.11716473398104,262.86236861170215,257.34775794225664,262.5379638671875,7356700,0.0,0.0
2021-09-07 00:00:00-04:00,262.00719724394116,263.3440545217695,259.5792011597568,260.6997985839844,4672500,0.0,0.0
2021-09-08 00:00:00-04:00,259.13686359139456,259.84462044432996,257.13154750831177,258.15386962890625,3851500,0.0,0.0
2021-09-09 00:00:00-04:00,257.36743620421294,259.2252788312799,256.02073953833815,256.3057861328125,4126500,0.0,0.0
2021-09-10 00:00:00-04:00,256.56136827192444,257.14133098351306,252.13789640516708,252.8260040283203,5280900,0.0,0.0
2021-09-13 00:00:00-04:00,252.62937962102887,253.30764767048203,247.901182347853,249.7885284423828,5258200,0.0,0.0
2021-09-14 00:00:00-04:00,249.78854018620345,250.7715339274424,248.69741653345642,250.0441131591797,4097500,0.0,0.0
2021-09-15 00:00:00-04:00,250.2111900346095,252.38361253970317,248.64823377489486,251.80364990234375,4764600,0.0,0.0
2021-09-16 00:00:00-04:00,251.18437417777548,256.77761062415095,250.66338872664005,255.93222045898438,5122600,0.0,0.0
2021-09-17 00:00:00-04:00,254.86078348686945,257.2494811425714,254.28082076345044,256.099365234375,7049400,0.0,0.0
2021-09-20 00:00:00-04:00,252.22634404634397,254.80178268097126,250.6044104785949,253.82862854003906,5985500,0.0,0.0
2021-09-21 00:00:00-04:00,255.0573762907527,258.0849836844283,253.386275002944,253.5828857421875,6040600,0.0,0.0
2021-09-22 00:00:00-04:00,254.49705420046217,255.9322165536285,251.8527988382791,254.76248168945312,4355600,0.0,0.0
2021-09-23 00:00:00-04:00,265.40829701229535,274.63862218548906,261.8695137190807,273.1346130371094,15617200,0.0,0.0
2021-09-24 00:00:00-04:00,273.7637416710508,281.4900576470774,273.4786651023815,280.7724914550781,13368300,0.0,0.0
2021-09-27 00:00:00-04:00,277.63674779524393,278.93430670118545,274.2945751575722,274.9236755371094,5941100,0.0,0.0
2021-09-28 00:00:00-04:00,270.4313952364,271.99438169230154,265.44763973990683,267.6495361328125,7127100,0.0,0.0
2021-09-29 00:00:00-04:00,268.8389833745256,270.00874847739715,264.6612594352963,265.89984130859375,4361900,0.0,0.0
2021-09-30 00:00:00-04:00,266.0472608081009,269.5958839565129,265.8408405137113,266.6075744628906,5224200,0.0,0.0
2021-10-01 00:00:00-04:00,266.8827914835494,271.64047742618806,264.19920786361564,270.578857421875,4756000,0.0,0.0
2021-10-04 00:00:00-04:00,270.53956129656876,270.61818760306676,261.6139905788011,266.2536926269531,6393800,0.0,0.0
2021-10-05 00:00:00-04:00,267.48243818119545,268.89795170421655,266.4208180382252,267.1482238769531,4050400,0.0,0.0
2021-10-06 00:00:00-04:00,265.08391307595264,270.80491336925746,262.9508036377194,270.5886535644531,4745500,0.0,0.0
2021-10-07 00:00:00-04:00,272.1909530033853,274.74674265571406,269.4189035343536,269.910400390625,5374200,0.0,0.0
2021-10-08 00:00:00-04:00,270.85415037107435,272.2106867666997,267.639741086155,267.84619140625,2683300,0.0,0.0
2021-10-11 00:00:00-04:00,267.1580445379631,271.57167694799296,266.89264702062087,269.09454345703125,2693000,0.0,0.0
2021-10-12 00:00:00-04:00,271.71910817926835,275.975457331613,271.32588673451426,274.2552185058594,5970100,0.0,0.0
2021-10-13 00:00:00-04:00,275.23829645367954,280.2515714245189,273.8621109711299,279.57330322265625,6573500,0.0,0.0
2021-10-14 00:00:00-04:00,281.1361755165928,285.6972803159029,279.81896766470186,285.0877990722656,5433900,0.0,0.0
2021-10-15 00:00:00-04:00,287.5158533622339,287.88939581432294,284.399779746084,286.6999816894531,5119300,0.0,0.0
2021-10-18 00:00:00-04:00,285.8348904610895,288.26288596051273,283.8000864193548,286.7392578125,5163300,0.0,0.0
2021-10-19 00:00:00-04:00,287.13246879460945,290.5041300214685,286.4050330499069,287.3683776855469,3631200,0.0,0.0
2021-10-20 00:00:00-04:00,288.12524614993686,290.38614947972565,283.0530254590862,285.1566162109375,4487900,0.0,0.0
2021-10-21 00:00:00-04:00,284.5471944251485,286.61148724482297,283.3675899571666,284.88140869140625,2828500,0.0,0.0
2021-10-22 00:00:00-04:00,284.0851701843176,288.017144858149,283.2791081765215,287.5846252441406,2927000,0.0,0.0
2021-10-25 00:00:00-04:00,288.3120579762715,290.1109533573276,286.7589410339471,288.9215393066406,2993500,0.0,0.0
2021-10-26 00:00:00-04:00,290.7499276906108,293.28603869346705,288.6266573168139,290.09130859375,3601400,0.0,0.0
2021-10-27 00:00:00-04:00,291.487120823326,294.1018876666121,290.071607494651,290.1305847167969,3742700,0.0,0.0
2021-10-28 00:00:00-04:00,290.0519875048906,293.7283747140365,288.53816865464637,293.3056945800781,3450400,0.0,0.0
2021-10-29 00:00:00-04:00,292.932122039355,295.6648433201814,291.23153214211845,294.5933837890625,4251900,0.0,0.0
2021-11-01 00:00:00-04:00,296.37265468448237,299.6754997204477,294.6229267788261,297.6112365722656,3825100,0.0,0.0
2021-11-02 00:00:00-04:00,296.58885010655894,298.2796004120286,294.31813713797743,297.7979431152344,4177500,0.0,0.0
2021-11-03 00:00:00-04:00,298.7809234763963,298.7809234763963,293.1188706128015,297.73895263671875,3260200,0.0,0.0
2021-11-04 00:00:00-04:00,298.33862181495573,303.1651250296513,297.2573226224981,302.8014221191406,3833800,0.0,0.0
2021-11-05 00:00:00-04:00,303.2535222599039,306.10419766878914,298.1812717399406,302.0247802734375,4681800,0.0,0.0
2021-11-08 00:00:00-05:00,301.9756784736847,306.09442450158963,300.6977686567703,304.688720703125,3893000,0.0,0.0
2021-11-09 00:00:00-05:00,304.7280392118028,306.4482781428372,301.9953179955888,304.4429626464844,3126500,0.0,0.0
2021-11-10 00:00:00-05:00,301.35634966803474,303.34198590441287,292.8239725749541,294.5736999511719,4350900,0.0,0.0
2021-11-11 00:00:00-05:00,296.37264244968975,300.5503662653156,296.37264244968975,297.8274841308594,2681900,0.0,0.0
2021-11-12 00:00:00-05:00,299.3215975089137,301.9953417145198,296.50041024021306,301.4350280761719,3803700,0.0,0.0
2021-11-15 00:00:00-05:00,301.6808248168726,302.52621517828607,298.07325396832704,300.2947998046875,3595300,0.0,0.0
2021-11-16 00:00:00-05:00,298.90873285896976,302.3492110594572,297.5718757289603,301.8675537109375,2989400,0.0,0.0
2021-11-17 00:00:00-05:00,302.5458293697301,304.6297714177291,302.02484385773033,302.78173828125,3864700,0.0,0.0
2021-11-18 00:00:00-05:00,300.95335296532585,301.769224531996,294.4852376593725,297.8372497558594,4443100,0.0,0.0
2021-11-19 00:00:00-05:00,300.51095647341646,300.7960330088778,295.97937050616474,296.0481872558594,4758900,0.0,0.0
2021-11-22 00:00:00-05:00,296.70680798660976,300.2947289094028,291.6738851580952,291.7918395996094,4474700,0.0,0.0
2021-11-23 00:00:00-05:00,288.6560763935513,291.4281256580815,283.4068939556493,286.4640197753906,6431100,0.0,0.0
2021-11-24 00:00:00-05:00,281.1755138740775,284.5275258422058,278.3838154897535,284.2522888183594,5091400,0.0,0.0
2021-11-26 00:00:00-05:00,279.6616634416025,282.6794608232156,278.22650126607465,279.3765869140625,4195300,0.0,0.0
2021-11-29 00:00:00-05:00,284.5962969539535,293.31547540564145,279.85829058953254,291.6935119628906,8215600,0.0,0.0
2021-11-30 00:00:00-05:00,291.15295397325724,294.1805618645483,278.5804540964801,280.1139221191406,13597600,0.0,0.0
2021-12-01 00:00:00-05:00,266.6468972264239,272.2302945896198,247.18361775745004,247.22293090820312,30723100,0.0,0.0
2021-12-02 00:00:00-05:00,248.52044358698646,258.11444050912814,247.85200015432187,256.7579345703125,12200800,0.0,0.0
2021-12-03 00:00:00-05:00,257.10200683363803,257.2986175857657,247.41952726312957,253.9269561767578,8944000,0.0,0.0
2021-12-06 00:00:00-05:00,251.74469727976924,254.8214724181085,246.44636173761103,254.34962463378906,7123000,0.0,0.0
2021-12-07 00:00:00-05:00,260.95535369804384,265.63441357781585,259.1171601734445,262.4494934082031,7401200,0.0,0.0
2021-12-08 00:00:00-05:00,263.74702367579164,263.93379486906815,260.070637026511,261.7810363769531,4586500,0.0,0.0
2021-12-09 00:00:00-05:00,261.5156711397352,262.14477155367615,258.17349831928897,259.8249206542969,3967000,0.0,0.0
2021-12-10 00:00:00-05:00,261.57461509469647,265.9685978904856,259.9428420431651,261.50579833984375,3480100,0.0,0.0
2021-12-13 00:00:00-05:00,261.27971562981236,265.9587752802076,260.1099507172135,261.24041748046875,3625700,0.0,0.0
2021-12-14 00:00:00-05:00,257.54434015870476,257.6917832086968,248.9922982754308,251.24334716796875,7227300,0.0,0.0
2021-12-15 00:00:00-05:00,250.51590645659982,255.76508829306493,247.61606355134876,255.61764526367188,6484900,0.0,0.0
2021-12-16 00:00:00-05:00,255.57833898143238,256.9053863566298,247.93064988416214,248.81533813476562,6556700,0.0,0.0
2021-12-17 00:00:00-05:00,246.96733908539508,249.5820908908511,242.5930051829946,248.6285858154297,12119400,0.0,0.0
2021-12-20 00:00:00-05:00,245.64030592508772,247.2622396018931,242.3079577351121,243.00588989257812,5580100,0.0,0.0
2021-12-21 00:00:00-05:00,243.78244151134936,248.7072346276192,241.07920879297754,248.25506591796875,5428200,0.0,0.0
2021-12-22 00:00:00-05:00,249.11026000601436,249.93597110872116,245.2667510646119,248.5008087158203,4982400,0.0,0.0
2021-12-23 00:00:00-05:00,246.95748528212806,249.9851074602,245.09962792277622,248.8350067138672,3769500,0.0,0.0
2021-12-27 00:00:00-05:00,249.08079941902636,254.0350815919627,248.93335634813053,253.90728759765625,3531800,0.0,0.0
2021-12-28 00:00:00-05:00,255.31295482532997,256.3450861717822,250.60440678115745,251.10572814941406,3293700,0.0,0.0
2021-12-29 00:00:00-05:00,251.64638957342828,252.06906966875394,248.81536289095325,250.21121215820312,2592700,0.0,0.0
2021-12-30 00:00:00-05:00,250.9583043565482,253.51407907623297,250.1325932163098,250.98779296875,2950600,0.0,0.0
2021-12-31 00:00:00-05:00,250.14241128398962,252.12804778425755,249.3167001651083,249.80819702148438,3169300,0.0,0.0
2022-01-03 00:00:00-05:00,250.67321091649046,252.33448762147978,244.421370562112,251.11557006835938,4316800,0.0,0.0
2022-01-04 00:00:00-05:00,252.48193003574355,252.50157910964447,239.2606531802275,244.00851440429688,7240700,0.0,0.0
2022-01-05 00:00:00-05:00,232.15363420527777,234.14911033560708,223.44430890273574,223.79818725585938,18882500,0.0,0.0
2022-01-06 00:00:00-05:00,224.16188234722048,230.4923643332244,222.20573443490946,225.2530059814453,9376100,0.0,0.0
2022-01-07 00:00:00-05:00,224.61404780369944,228.32976258055243,222.20571637415287,224.42727661132812,6286700,0.0,0.0
2022-01-10 00:00:00-05:00,221.66508463800196,225.92144926045626,215.16749552602494,225.724853515625,7803800,0.0,0.0
2022-01-11 00:00:00-05:00,224.90899155992554,232.3305979847344,222.70707997847222,230.8462677001953,7635300,0.0,0.0
2022-01-12 00:00:00-05:00,232.96949859002322,235.2107229461357,231.75058104575612,233.78538513183594,6718900,0.0,0.0
2022-01-13 00:00:00-05:00,233.4610010240601,234.72905628256484,224.0439196881007,224.74185180664062,6680300,0.0,0.0
2022-01-14 00:00:00-05:00,224.15204592868471,229.32258724602283,223.73919038617115,227.29762268066406,5805100,0.0,0.0
2022-01-18 00:00:00-05:00,224.5649307554231,226.80615542092946,221.46850628313788,222.215576171875,6032000,0.0,0.0
2022-01-19 00:00:00-05:00,223.60157121513885,228.2609666086067,222.32367644485004,222.42198181152344,5332600,0.0,0.0
2022-01-20 00:00:00-05:00,225.17437686124083,227.464739011369,218.70627643482194,219.14862060546875,5663700,0.0,0.0
2022-01-21 00:00:00-05:00,219.26658133996577,220.94750723578693,214.53838384839452,214.91192626953125,9128400,0.0,0.0
2022-01-24 00:00:00-05:00,208.77803834561942,219.58114487071038,203.9810241289496,219.23709106445312,11664300,0.0,0.0
2022-01-25 00:00:00-05:00,217.2416157243384,220.0922915599175,211.0192635735857,211.72702026367188,9092700,0.0,0.0
2022-01-26 00:00:00-05:00,215.87527483367688,217.6938194123867,205.51452650224692,207.4116973876953,10029600,0.0,0.0
2022-01-27 00:00:00-05:00,210.43930888708977,219.3550546154866,208.4536572642861,209.12210083007812,9462100,0.0,0.0
2022-01-28 00:00:00-05:00,210.65554431763323,218.50965406073166,207.29370780067114,218.35238647460938,8254900,0.0,0.0
2022-01-31 00:00:00-05:00,219.15845597923283,228.94908043688045,218.4801878843667,228.67384338378906,7084200,0.0,0.0
2022-02-01 00:00:00-05:00,228.4182490437159,228.821280074264,222.471148955734,228.17250061035156,6387100,0.0,0.0
2022-02-02 00:00:00-05:00,229.7649565849789,230.50220187200262,219.22726274917633,221.18341064453125,9378900,0.0,0.0
2022-02-03 00:00:00-05:00,214.3614505963104,217.03517975123552,206.82187546336766,209.15158081054688,12826600,0.0,0.0
2022-02-04 00:00:00-05:00,211.33379528476084,217.90018520325472,209.56440383989099,215.50167846679688,6176500,0.0,0.0
2022-02-07 00:00:00-05:00,215.27561204291675,217.6741189788069,212.9754104729734,213.28013610839844,3922300,0.0,0.0
2022-02-08 00:00:00-05:00,211.9334649047792,214.23366674946539,208.54212436535056,213.73233032226562,5628700,0.0,0.0
2022-02-09 00:00:00-05:00,217.37922767939494,218.41137407119243,211.90396053321922,218.263916015625,6107700,0.0,0.0
2022-02-10 00:00:00-05:00,213.99773507233786,218.21478663376956,212.13987749612014,213.96824645996094,5312600,0.0,0.0
2022-02-11 00:00:00-05:00,213.91906367131048,216.18977650057644,202.60481266952004,204.36436462402344,8165600,0.0,0.0
2022-02-14 00:00:00-05:00,202.300105360905,206.3303705094353,201.15000453806792,202.889892578125,7005900,0.0,0.0
2022-02-15 00:00:00-05:00,206.1829428389025,210.92098000034466,204.9738647040597,210.60641479492188,6353000,0.0,0.0
2022-02-16 00:00:00-05:00,207.41166315103428,208.80751235431563,204.66911742754127,208.1390838623047,7072700,0.0,0.0
2022-02-17 00:00:00-05:00,204.78708583256847,206.18293513103734,196.10724938565886,196.62823486328125,8820100,0.0,0.0
2022-02-18 00:00:00-05:00,196.99191707440352,199.15451505568907,192.46031584882454,193.49246215820312,6691800,0.0,0.0
2022-02-22 00:00:00-05:00,192.20477599187,198.03393700966663,190.23878839721124,191.81158447265625,8434800,0.0,0.0
2022-02-23 00:00:00-05:00,193.01082784017564,195.61575526483898,186.89660554602457,187.29962158203125,7784300,0.0,0.0
2022-02-24 00:00:00-05:00,181.59826539580655,201.4154074093593,181.30336427968265,200.81578063964844,11792600,0.0,0.0
2022-02-25 00:00:00-05:00,201.23846362082085,204.92468985215288,198.1813527329978,204.5511474609375,5853600,0.0,0.0
2022-02-28 00:00:00-05:00,204.25625313283524,208.07027346637975,203.43054202947823,206.9496612548828,7904700,0.0,0.0
2022-03-01 00:00:00-05:00,209.77085115211403,210.74402032215175,204.91487483713433,205.33755493164062,12587300,0.0,0.0
2022-03-02 00:00:00-05:00,212.42494281669724,213.61435678427733,197.7291751235381,206.81204223632812,16670100,0.0,0.0
2022-03-03 00:00:00-05:00,206.81207480773406,208.03099257739146,200.7470045734961,201.2679901123047,6559900,0.0,0.0
2022-03-04 00:00:00-05:00,201.21878722113738,202.87022427123952,195.87129962925155,199.55752563476562,6813600,0.0,0.0
2022-03-07 00:00:00-05:00,199.99008443627793,201.44491105193606,192.70609682120124,192.8928680419922,7043500,0.0,0.0
2022-03-08 00:00:00-05:00,190.97601391585388,193.84635370610815,185.98240414399996,188.8134307861328,8229000,0.0,0.0
2022-03-09 00:00:00-05:00,194.9768045779972,201.73979097146267,193.8660169075732,199.7050018310547,6881300,0.0,0.0
2022-03-10 00:00:00-05:00,195.71405390537905,197.7783316993834,194.17074657908879,196.74618530273438,5604200,0.0,0.0
2022-03-11 00:00:00-05:00,201.28764729972252,201.28764729972252,194.26907207445907,194.5344696044922,5196900,0.0,0.0
2022-03-14 00:00:00-04:00,194.86869275827522,196.75603901994364,188.5578744772697,189.83575439453125,5665500,0.0,0.0
2022-03-15 00:00:00-04:00,195.1537366502632,196.5594254307339,189.46220976809718,192.80438232421875,5276300,0.0,0.0
2022-03-16 00:00:00-04:00,195.2815156309436,202.39837982131533,193.97413231989705,202.07400512695312,6043400,0.0,0.0
2022-03-17 00:00:00-04:00,201.14015397691256,207.0970930401609,199.11518947678974,206.83169555664062,5842600,0.0,0.0
2022-03-18 00:00:00-04:00,205.67176832889643,215.84575915713765,204.76741592183177,215.0790252685547,12220600,0.0,0.0
2022-03-21 00:00:00-04:00,214.47940182246336,215.37392970605825,207.02830763690656,210.08541870117188,6448700,0.0,0.0
2022-03-22 00:00:00-04:00,210.0854368949639,218.0771813176118,209.00413771133924,214.49908447265625,7018800,0.0,0.0
2022-03-23 00:00:00-04:00,210.23287864804263,210.29185587599883,204.76743553444095,207.5198211669922,8404700,0.0,0.0
2022-03-24 00:00:00-04:00,208.7387337669565,210.46879740827632,206.3008984095988,210.34100341796875,4150300,0.0,0.0
2022-03-25 00:00:00-04:00,210.6260826331458,212.18903915236584,204.93454021511042,207.44117736816406,3656500,0.0,0.0
2022-03-28 00:00:00-04:00,206.80223303661435,211.71720186057198,205.74059797072417,211.618896484375,4290900,0.0,0.0
2022-03-29 00:00:00-04:00,214.90208094691408,218.38188709394916,213.08355157565796,217.52667236328125,5370400,0.0,0.0
2022-03-30 00:00:00-04:00,215.97353651327566,216.11115502116388,209.7708341238981,211.28465270996094,4951200,0.0,0.0
2022-03-31 00:00:00-04:00,210.8521321555396,213.10318095275628,208.18821283724253,208.70921325683594,7141300,0.0,0.0
2022-04-01 00:00:00-04:00,208.8664957265818,210.39013895086583,206.46798871534145,208.64041137695312,6007900,0.0,0.0
2022-04-04 00:00:00-04:00,210.97993928006238,217.24160424984282,210.45895382727997,215.128173828125,7843600,0.0,0.0
2022-04-05 00:00:00-04:00,214.29263066708734,214.5580431709268,205.12129747210818,206.56629943847656,7304600,0.0,0.0
2022-04-06 00:00:00-04:00,201.72014212268365,201.9757150828424,194.71139229937802,197.40480041503906,7171300,0.0,0.0
2022-04-07 00:00:00-04:00,195.7337205295253,199.27250420695262,194.81954349577867,196.75604248046875,5246000,0.0,0.0
2022-04-08 00:00:00-04:00,195.2618966826914,196.73638744952586,193.27624491688488,193.81689453125,3897700,0.0,0.0
2022-04-11 00:00:00-04:00,190.90722647638424,193.7480778688106,188.8920862500837,192.12612915039062,5173800,0.0,0.0
2022-04-12 00:00:00-04:00,196.35298513722964,197.69968166230194,191.27090967476943,191.4969940185547,4832200,0.0,0.0
2022-04-13 00:00:00-04:00,188.7249480545468,193.748045987536,186.10035692312,192.39151000976562,8733000,0.0,0.0
2022-04-14 00:00:00-04:00,192.98131711443318,193.10909608712763,186.0020563246037,186.18882751464844,5126700,0.0,0.0
2022-04-18 00:00:00-04:00,185.09767509001355,186.12982124279065,182.37477895346387,183.82960510253906,4899500,0.0,0.0
2022-04-19 00:00:00-04:00,184.0557445261941,188.9313848451712,182.36499417383934,188.13516235351562,6120400,0.0,0.0
2022-04-20 00:00:00-04:00,189.60966941344674,190.01270046262943,182.91548417897553,183.06292724609375,6015400,0.0,0.0
2022-04-21 00:00:00-04:00,185.56953711986785,186.93589767184304,173.7343003602466,174.21595764160156,9119500,0.0,0.0
2022-04-22 00:00:00-04:00,174.67799317204776,176.0050407859023,168.19024316917907,168.51461791992188,8843900,0.0,0.0
2022-04-25 00:00:00-04:00,166.8041828236749,171.78795246967115,166.35199917763765,171.6011962890625,7988900,0.0,0.0
2022-04-26 00:00:00-04:00,169.68435829516594,170.76565730498862,164.70058831185673,167.18756103515625,8073300,0.0,0.0
2022-04-27 00:00:00-04:00,168.09194058471178,174.21598778749836,167.7282376767883,171.7093505859375,9644600,0.0,0.0
2022-04-28 00:00:00-04:00,178.32487367872906,183.7509875847981,175.93619141632377,182.58123779296875,10614800,0.0,0.0
2022-04-29 00:00:00-04:00,179.4651750766931,182.20772102329778,172.31880635661895,172.9479217529297,7110800,0.0,0.0
2022-05-02 00:00:00-04:00,172.11235115424012,174.75660642001557,170.1758525023262,174.55018615722656,6278400,0.0,0.0
2022-05-03 00:00:00-04:00,173.94072703344364,177.32222766059562,173.1346800230884,175.32675170898438,5047700,0.0,0.0
2022-05-04 00:00:00-04:00,176.65383502074042,182.81719578765967,171.76835428569785,182.32569885253906,7563100,0.0,0.0
2022-05-05 00:00:00-04:00,177.42056452144243,179.14080375055744,166.9320219929824,169.36984252929688,8379400,0.0,0.0
2022-05-06 00:00:00-04:00,166.60760560399936,169.49759444774895,162.76409668350917,166.81402587890625,7232700,0.0,0.0
2022-05-09 00:00:00-04:00,163.88473071553304,167.39401084998448,159.37279268582606,160.8177947998047,9997800,0.0,0.0
2022-05-10 00:00:00-04:00,164.5728008001862,168.34749294748514,160.50320754778414,164.30738830566406,8598700,0.0,0.0
2022-05-11 00:00:00-04:00,162.68546410910938,167.08927186827265,158.09488513929935,158.52740478515625,7220100,0.0,0.0
2022-05-12 00:00:00-04:00,154.26119531601327,164.01250609364624,152.01014632556104,157.6918487548828,10187500,0.0,0.0
2022-05-13 00:00:00-04:00,160.76865779012803,165.81140637430588,159.25483876149698,164.07151794433594,6499700,0.0,0.0
2022-05-16 00:00:00-04:00,161.9383694235879,163.28506584217473,159.12700715609049,161.3289031982422,5065800,0.0,0.0
2022-05-17 00:00:00-04:00,164.48434001178046,166.22424308587304,155.57841936021524,160.945556640625,7317700,0.0,0.0
2022-05-18 00:00:00-04:00,160.05102881500093,161.7221149733913,153.53377629805684,154.65438842773438,7454400,0.0,0.0
2022-05-19 00:00:00-04:00,152.5901090329604,156.5417479373668,152.09861217915392,152.95382690429688,8382200,0.0,0.0
2022-05-20 00:00:00-04:00,156.04040849367138,157.9965561459635,151.92166293539012,156.93492126464844,9068700,0.0,0.0
2022-05-23 00:00:00-04:00,157.12171908996478,157.99658293690192,153.25856081057898,157.59356689453125,6148800,0.0,0.0
2022-05-24 00:00:00-04:00,155.08689540880172,155.69634660541305,151.92165500182932,154.26116943359375,6928400,0.0,0.0
2022-05-25 00:00:00-04:00,152.67857220248632,159.1368323147047,152.67857220248632,156.93492126464844,7436800,0.0,0.0
2022-05-26 00:00:00-04:00,156.97427713641096,160.90625220652242,154.89033514902616,159.69717407226562,6697700,0.0,0.0
2022-05-27 00:00:00-04:00,157.9376117782437,162.42006109875487,157.52475618285925,162.2922821044922,7883600,0.0,0.0
2022-05-31 00:00:00-04:00,164.12064226192746,164.4351924606888,156.64005926264068,157.51492309570312,18114600,0.0,0.0
2022-06-01 00:00:00-04:00,174.98267850388422,181.28367083368587,171.40458253956618,173.07568359375,37037400,0.0,0.0
2022-06-02 00:00:00-04:00,172.02389012958795,186.8965889731369,171.72898903236435,185.1959991455078,19231200,0.0,0.0
2022-06-03 00:00:00-04:00,181.8538619646943,186.41495282156666,180.67427234640405,181.76539611816406,9224000,0.0,0.0
2022-06-06 00:00:00-04:00,185.71699504439152,187.18166107687765,178.6099546974066,179.7600555419922,5811700,0.0,0.0
2022-06-07 00:00:00-04:00,178.6197966252106,185.39262280018707,178.6197966252106,183.96726989746094,6331100,0.0,0.0
2022-06-08 00:00:00-04:00,183.81983644165592,187.31929189060457,182.23721585948593,185.97259521484375,6226200,0.0,0.0
2022-06-09 00:00:00-04:00,185.323812597815,189.4032307070491,183.43646637623934,183.92796325683594,8467700,0.0,0.0
2022-06-10 00:00:00-04:00,180.50715301798468,180.8217032286429,174.18649519905668,175.4152374267578,7855800,0.0,0.0
2022-06-13 00:00:00-04:00,167.64960304827406,169.74336973590115,162.25296144644142,163.2064666748047,10726200,0.0,0.0
2022-06-14 00:00:00-04:00,165.86051673591575,166.7452200331395,159.3924166265297,161.65330505371094,8576200,0.0,0.0
2022-06-15 00:00:00-04:00,163.89453798810075,168.58342221091203,161.87939787143517,165.68359375,7740700,0.0,0.0
2022-06-16 00:00:00-04:00,160.94553567684886,164.06162354534516,155.92243785114164,157.13153076171875,8090900,0.0,0.0
2022-06-17 00:00:00-04:00,155.8634834923685,163.40304360462272,155.48011653748415,160.48355102539062,13074600,0.0,0.0
2022-06-21 00:00:00-04:00,162.243131107375,166.47000748416417,162.09567303650965,163.99285888671875,6736800,0.0,0.0
2022-06-22 00:00:00-04:00,161.89906219995942,167.55127607305567,161.41740487814792,164.602294921875,5864500,0.0,0.0
2022-06-23 00:00:00-04:00,166.21437926570974,170.44125461947317,164.27788073153545,170.10704040527344,7258000,0.0,0.0
2022-06-24 00:00:00-04:00,174.6976191463542,183.23983570308485,173.54751846485294,182.75816345214844,12107100,0.0,0.0
2022-06-27 00:00:00-04:00,182.9449659805048,183.40697423933207,177.40088187387184,178.22659301757812,6170600,0.0,0.0
2022-06-28 00:00:00-04:00,177.22395072340268,179.22926653295386,168.52446434159793,168.54412841796875,6668600,0.0,0.0
2022-06-29 00:00:00-04:00,169.56643006495696,170.8246609257852,165.2019352042674,167.7085723876953,5430400,0.0,0.0
2022-06-30 00:00:00-04:00,162.24313116361478,164.65146299563213,158.3701331565467,162.23329162597656,9539400,0.0,0.0
2022-07-01 00:00:00-04:00,161.9580527678111,166.27339494130115,161.2601355707972,165.3395538330078,4561600,0.0,0.0
2022-07-05 00:00:00-04:00,163.27529166117958,169.419003493715,161.8106253605564,169.27154541015625,4614200,0.0,0.0
2022-07-06 00:00:00-04:00,170.56906914157395,172.08287282318,167.92481371786633,169.79249572753906,4085100,0.0,0.0
2022-07-07 00:00:00-04:00,171.20800601762275,173.9309026883129,170.225012345822,173.63600158691406,4000100,0.0,0.0
2022-07-08 00:00:00-04:00,171.09005823841403,173.60651973631906,169.90062924953406,172.51539611816406,2869200,0.0,0.0
2022-07-11 00:00:00-04:00,171.04092752714067,173.32148042716443,168.34751901575996,171.39480590820312,3689300,0.0,0.0
2022-07-12 00:00:00-04:00,169.28135048864644,170.43145130965965,161.5550194608993,163.5013427734375,7073000,0.0,0.0
2022-07-13 00:00:00-04:00,159.64802069743905,163.01968210589786,158.4291030312006,160.70965576171875,6225900,0.0,0.0
2022-07-14 00:00:00-04:00,158.29147551149927,158.9599190322012,154.96895198052817,158.30130004882812,6096100,0.0,0.0
2022-07-15 00:00:00-04:00,160.92592282713534,164.75959267670586,159.46125665419933,164.53350830078125,6037700,0.0,0.0
2022-07-18 00:00:00-04:00,166.07677617958774,169.70402519191708,164.26807144150635,165.03480529785156,3818200,0.0,0.0
2022-07-19 00:00:00-04:00,168.0132898986923,171.13921782236915,164.95617873715565,170.85414123535156,4373400,0.0,0.0
2022-07-20 00:00:00-04:00,173.10518273112118,180.37932952988461,172.62351045688197,179.34718322753906,5654000,0.0,0.0
2022-07-21 00:00:00-04:00,177.58763343536788,182.3748076309395,176.85038821021203,182.1978759765625,3886000,0.0,0.0
2022-07-22 00:00:00-04:00,181.92264128625803,184.37028586553834,177.85303319201884,179.36685180664062,3804700,0.0,0.0
2022-07-25 00:00:00-04:00,178.73774795989266,178.89503055320935,172.10254042219344,174.2749481201172,4407900,0.0,0.0
2022-07-26 00:00:00-04:00,174.09802936072023,174.11769343616623,166.8730190620271,167.56112670898438,3886500,0.0,0.0
2022-07-27 00:00:00-04:00,171.8862765948164,179.1309352634287,171.3849552145244,177.2337646484375,4960900,0.0,0.0
2022-07-28 00:00:00-04:00,175.3759427644871,178.78693274813887,172.93810712822253,178.2069549560547,4562100,0.0,0.0
2022-07-29 00:00:00-04:00,178.72791981278849,181.28369440574426,177.15512390997466,180.8905029296875,4751400,0.0,0.0
2022-08-01 00:00:00-04:00,178.2167571389658,182.03076241688566,176.7029384725429,179.86817932128906,3997100,0.0,0.0
2022-08-02 00:00:00-04:00,177.73508128601037,181.99144563423556,176.3785452352741,180.66439819335938,4317900,0.0,0.0
2022-08-03 00:00:00-04:00,182.37481452875085,187.43722593324196,182.2175319416053,186.42474365234375,5786300,0.0,0.0
2022-08-04 00:00:00-04:00,185.35327730630712,188.3219222820568,184.065558045104,188.01719665527344,3759700,0.0,0.0
2022-08-05 00:00:00-04:00,183.81982480756412,188.5381976420555,183.11206813242572,186.9359130859375,4090300,0.0,0.0
2022-08-08 00:00:00-04:00,187.84024863217482,191.0644665296252,185.86443684113914,186.52304077148438,3396800,0.0,0.0
2022-08-09 00:00:00-04:00,183.13171401796143,183.94760052074835,176.76191957365535,179.14076232910156,5851700,0.0,0.0
2022-08-10 00:00:00-04:00,184.96010637680723,186.34613115497297,183.0432715768409,185.40245056152344,4179200,0.0,0.0
2022-08-11 00:00:00-04:00,188.86255652076085,189.2262593363354,183.1513663661326,183.55438232421875,4175100,0.0,0.0
2022-08-12 00:00:00-04:00,183.45610595616785,186.7884537617053,182.35514289111202,186.66065979003906,3846200,0.0,0.0
2022-08-15 00:00:00-04:00,185.83497889854306,188.84293749442404,185.6875208305461,187.810791015625,2768500,0.0,0.0
2022-08-16 00:00:00-04:00,186.3264705406256,187.60436543076673,183.19071804073823,186.36578369140625,3835900,0.0,0.0
2022-08-17 00:00:00-04:00,184.52759537786662,186.20850635842473,183.29885314090515,184.76351928710938,3181300,0.0,0.0
2022-08-18 00:00:00-04:00,185.21566582917112,185.36312387950784,183.43644968321018,184.73399353027344,2791600,0.0,0.0
2022-08-19 00:00:00-04:00,182.0701134052226,182.28637324184237,178.49201656200674,180.644775390625,4346100,0.0,0.0
2022-08-22 00:00:00-04:00,176.93887543463364,177.51883814872764,173.06587765023292,173.97023010253906,5182900,0.0,0.0
2022-08-23 00:00:00-04:00,172.88897302126597,175.08104523227667,171.93546773231355,173.00692749023438,5076800,0.0,0.0
2022-08-24 00:00:00-04:00,173.66548944266194,178.1479381667132,173.06586270549676,176.9486846923828,11438800,0.0,0.0
2022-08-25 00:00:00-04:00,165.7130653305589,171.17850742723388,162.74442041499873,170.95242309570312,24025600,0.0,0.0
2022-08-26 00:00:00-04:00,171.00158969794091,173.30179134328128,161.8302567281781,162.4200439453125,11074700,0.0,0.0
2022-08-29 00:00:00-04:00,161.48620443054088,163.00002313371812,157.32814526403587,157.4854278564453,9329900,0.0,0.0
2022-08-30 00:00:00-04:00,159.38260078515972,161.06352664208703,155.68654980641716,156.95460510253906,8079400,0.0,0.0
2022-08-31 00:00:00-04:00,157.0725663799771,158.46843071917178,153.31753801475432,153.46498107910156,9166100,0.0,0.0
2022-09-01 00:00:00-04:00,152.23621417304457,152.68839782915134,148.30423976940753,150.91900634765625,9924000,0.0,0.0
2022-09-02 00:00:00-04:00,153.7992060439434,155.97161379397318,150.3587279789115,151.07630920410156,7315700,0.0,0.0
2022-09-06 00:00:00-04:00,150.28007728404987,151.8037054752919,148.25511272084407,149.13980102539062,6373700,0.0,0.0
2022-09-07 00:00:00-04:00,148.71713093288966,151.44002805995297,147.92090832516647,150.6732940673828,6211400,0.0,0.0
2022-09-08 00:00:00-04:00,149.72960678918093,154.3594986920099,149.19878179439317,154.23170471191406,6659200,0.0,0.0
2022-09-09 00:00:00-04:00,155.90280080104884,160.51302847666324,155.77500682520844,159.82493591308594,5642300,0.0,0.0
2022-09-12 00:00:00-04:00,160.90625262559522,162.84275155261219,159.97241154387052,162.81326293945312,6353400,0.0,0.0
2022-09-13 00:00:00-04:00,155.5587437056291,158.51754916562433,155.12622410365395,155.4113006591797,5463200,0.0,0.0
2022-09-14 00:00:00-04:00,155.8929981718563,158.90095708996725,155.3228599129737,157.55426025390625,6037300,0.0,0.0
2022-09-15 00:00:00-04:00,154.1334176187607,157.12171191474403,151.68575786696732,152.14776611328125,7012200,0.0,0.0
2022-09-16 00:00:00-04:00,149.33642647103326,149.62150309206203,147.01656034499877,148.9333953857422,9882300,0.0,0.0
2022-09-19 00:00:00-04:00,148.14698470353167,150.92884362965205,147.8422440621096,150.23092651367188,4874800,0.0,0.0
2022-09-20 00:00:00-04:00,148.4320768464382,149.00221510046592,146.31864599039622,147.2524871826172,5505700,0.0,0.0
2022-09-21 00:00:00-04:00,148.6483134061475,150.69294216935404,145.00140005943382,145.11936950683594,6164400,0.0,0.0
2022-09-22 00:00:00-04:00,146.9673812202826,150.26041608213018,146.61350289184313,147.59649658203125,12405100,0.0,0.0
2022-09-23 00:00:00-04:00,145.55190427688905,147.29179256449484,142.32767070031483,144.50991821289062,9175800,0.0,0.0
2022-09-26 00:00:00-04:00,144.5000629873437,148.61880867918268,142.87812950454966,143.83163452148438,7862400,0.0,0.0
2022-09-27 00:00:00-04:00,145.84676451211524,148.04867570992386,143.7726472898608,146.35792541503906,7046600,0.0,0.0
2022-09-28 00:00:00-04:00,143.51706831277744,148.31408197122462,143.19267861873075,147.61614990234375,7908400,0.0,0.0
2022-09-29 00:00:00-04:00,145.92541785108293,146.44640333386758,142.54391698216764,144.3133087158203,8602500,0.0,0.0
2022-09-30 00:00:00-04:00,143.5268931855282,146.10234667176306,141.3053330020756,141.393798828125,7575600,0.0,0.0
2022-10-03 00:00:00-04:00,142.51441079635921,146.4267362025866,141.45277588707833,145.38475036621094,6819900,0.0,0.0
2022-10-04 00:00:00-04:00,149.12015547481468,154.74288117360558,148.648322653735,153.0816192626953,8017900,0.0,0.0
2022-10-05 00:00:00-04:00,149.6116264968476,154.29068574425492,149.35605355448286,153.57308959960938,4256200,0.0,0.0
2022-10-06 00:00:00-04:00,153.07176556483236,155.55873818869563,151.8135349487787,152.81619262695312,3853900,0.0,0.0
2022-10-07 00:00:00-04:00,149.21843026526173,150.56512668652655,146.73145767744833,147.73410034179688,5956700,0.0,0.0
2022-10-10 00:00:00-04:00,148.05851264395332,148.39274191575035,142.12123704101288,143.1632080078125,5497800,0.0,0.0
2022-10-11 00:00:00-04:00,142.0524268673735,142.50461060942624,137.14729746607156,140.1454315185547,7415000,0.0,0.0
2022-10-12 00:00:00-04:00,139.88984229803995,141.00063006815125,137.20627348101064,139.87017822265625,5707100,0.0,0.0
2022-10-13 00:00:00-04:00,136.59681845286437,143.8513021471009,135.2501068123623,142.96661376953125,6548600,0.0,0.0
2022-10-14 00:00:00-04:00,144.82447514960685,145.18817804778533,139.58511651161467,139.80137634277344,5736300,0.0,0.0
2022-10-17 00:00:00-04:00,143.58590851640858,146.46607308958252,143.45811452534804,144.67701721191406,6288200,0.0,0.0
2022-10-18 00:00:00-04:00,153.78934586239626,156.26649393648938,149.3167219784007,150.91900634765625,16354800,0.0,0.0
2022-10-19 00:00:00-04:00,149.27743950052079,153.29788055433966,148.07818586110218,151.05665588378906,6220500,0.0,0.0
2022-10-20 00:00:00-04:00,152.36401851593502,158.5568816232155,150.9878333806696,154.82150268554688,9203400,0.0,0.0
2022-10-21 00:00:00-04:00,154.82151446412612,157.70167893036898,152.1870984335406,157.44610595703125,8335500,0.0,0.0
2022-10-24 00:00:00-04:00,158.438908405223,158.82229032586116,155.70618727372596,157.9179229736328,6259200,0.0,0.0
2022-10-25 00:00:00-04:00,158.95008621978434,163.2064509530395,158.94026168203987,162.45938110351562,5804500,0.0,0.0
2022-10-26 00:00:00-04:00,157.0823913366516,161.32891618792627,156.00109230082379,157.19052124023438,6617500,0.0,0.0
2022-10-27 00:00:00-04:00,159.0483890545769,161.85975173190644,156.6105687956913,157.0332489013672,4987700,0.0,0.0
2022-10-28 00:00:00-04:00,156.79730252012035,160.3164213807408,155.48009470616682,160.24761962890625,5055400,0.0,0.0
2022-10-31 00:00:00-04:00,159.3629276919784,161.21096057640855,158.26197959025473,159.82493591308594,4878100,0.0,0.0
2022-11-01 00:00:00-04:00,162.19396639132998,162.8820590064647,156.92511936797925,157.10206604003906,4545900,0.0,0.0
2022-11-02 00:00:00-04:00,156.7973338135936,157.05292179816814,147.40975513227346,147.45889282226562,7238200,0.0,0.0
2022-11-03 00:00:00-04:00,146.46605240126496,147.8619015705431,143.64486545344377,143.84146118164062,5999400,0.0,0.0
2022-11-04 00:00:00-04:00,144.00857939772055,144.45092357007323,133.72645852840566,137.39303588867188,14265300,0.0,0.0
2022-11-07 00:00:00-05:00,138.22857148836903,142.46527200273246,136.41004211407906,142.1310577392578,7379900,0.0,0.0
2022-11-08 00:00:00-05:00,142.62254655656452,148.9825167379117,142.6127220197081,144.59837341308594,9101800,0.0,0.0
2022-11-09 00:00:00-05:00,143.36964343107675,143.8414762279631,139.52613429571915,139.6440887451172,5588500,0.0,0.0
2022-11-10 00:00:00-05:00,148.43206700355756,153.7107390237109,147.18366065081102,153.64193725585938,8777900,0.0,0.0
2022-11-11 00:00:00-05:00,153.82865929648227,157.2003198255327,152.93413160536215,155.0475616455078,7382500,0.0,0.0
2022-11-14 00:00:00-05:00,153.17009334170743,157.4362826173516,152.01997745470047,155.9617919921875,6580100,0.0,0.0
2022-11-15 00:00:00-05:00,159.91343939034167,162.43974089622668,158.01626837560326,159.31382751464844,8116100,0.0,0.0
2022-11-16 00:00:00-05:00,157.27899347074901,158.08505551194756,151.2139240849485,152.4819793701172,6454700,0.0,0.0
2022-11-17 00:00:00-05:00,147.63584505729978,149.17913756375935,145.81730048033802,147.14434814453125,7357900,0.0,0.0
2022-11-18 00:00:00-05:00,149.25776380339946,149.7296115915209,143.17303023764052,145.5223846435547,7555700,0.0,0.0
2022-11-21 00:00:00-05:00,143.53674327715373,144.8342871525116,140.96128960151682,142.3866424560547,8015900,0.0,0.0
2022-11-22 00:00:00-05:00,142.73067983325222,146.83960122959547,140.4894554349898,146.71180725097656,7017700,0.0,0.0
2022-11-23 00:00:00-05:00,145.10955883034526,150.30960510831045,145.0407570550298,149.6510009765625,5558900,0.0,0.0
2022-11-25 00:00:00-05:00,149.48386516068905,151.4203490280921,148.80559708056848,150.74209594726562,3023700,0.0,0.0
2022-11-28 00:00:00-05:00,149.41504739567054,152.67859378844764,149.41504739567054,151.07630920410156,7931700,0.0,0.0
2022-11-29 00:00:00-05:00,150.12280098667455,151.40069581290018,148.68762356660406,149.10047912597656,6398100,0.0,0.0
2022-11-30 00:00:00-05:00,148.1863090527039,157.52474975585938,147.57685772237744,157.52474975585938,14591500,0.0,0.0
2022-12-01 00:00:00-05:00,145.04075646952117,145.08006962678604,139.66377850591053,144.50010681152344,33721500,0.0,0.0
2022-12-02 00:00:00-05:00,141.83616523965313,142.74053271231676,140.35185003868253,142.10157775878906,15086700,0.0,0.0
2022-12-05 00:00:00-05:00,140.37152464972706,141.93448126994713,130.62022746668254,131.65235900878906,20294600,0.0,0.0
2022-12-06 00:00:00-05:00,130.45311169618464,132.2618166592169,128.68371988482923,131.0035858154297,16981800,0.0,0.0
2022-12-07 00:00:00-05:00,130.2466838620408,131.4754261626261,127.80886333748236,128.2610321044922,12915900,0.0,0.0
2022-12-08 00:00:00-05:00,126.24587561382836,129.22436036953516,124.85985837553822,127.91697692871094,15156900,0.0,0.0
2022-12-09 00:00:00-05:00,127.53362853174944,131.10188603663062,126.17709220798704,128.8803253173828,10287500,0.0,0.0
2022-12-12 00:00:00-05:00,128.87050121511194,131.80964326082588,128.72304313634055,130.8463134765625,11852400,0.0,0.0
2022-12-13 00:00:00-05:00,135.05351711134028,137.50117706455592,131.76048189309913,133.31361389160156,12579800,0.0,0.0
2022-12-14 00:00:00-05:00,132.7139775099575,134.9355529296369,130.96424987811616,132.45840454101562,9611800,0.0,0.0
2022-12-15 00:00:00-05:00,129.43078834658493,131.83912009161037,127.47462533772868,128.22171020507812,10807300,0.0,0.0
2022-12-16 00:00:00-05:00,126.72754770192878,127.67122826626098,124.73207166413769,126.08860778808594,15464700,0.0,0.0
2022-12-19 00:00:00-05:00,125.59709945564381,127.37632311991345,125.03679335686137,126.81600952148438,9441400,0.0,0.0
2022-12-20 00:00:00-05:00,125.33170760999603,127.7793675348315,125.0269819364785,126.26554870605469,8455500,0.0,0.0
2022-12-21 00:00:00-05:00,125.78389685046582,129.9124756746669,124.44702456449384,128.0841064453125,9313200,0.0,0.0
2022-12-22 00:00:00-05:00,126.48180474547789,127.33700451315913,124.19142749479109,126.99296569824219,9968600,0.0,0.0
2022-12-23 00:00:00-05:00,126.54076118571137,127.6515487469672,125.42014908825833,127.23869323730469,5821300,0.0,0.0
2022-12-27 00:00:00-05:00,126.37368005054392,129.50943266058104,125.47915959574105,128.43797302246094,8300800,0.0,0.0
2022-12-28 00:00:00-05:00,127.50412731895611,128.9098011973038,125.99030852764919,126.28520965576172,6249800,0.0,0.0
2022-12-29 00:00:00-05:00,127.49428167730687,130.68901124708935,127.29768593440977,130.28598022460938,7628800,0.0,0.0
2022-12-30 00:00:00-05:00,128.3888205232394,130.38429673271492,128.14307207380355,130.33514404296875,5630200,0.0,0.0
2023-01-03 00:00:00-05:00,132.89094613301734,134.62100997633823,130.76767573487595,132.4879150390625,8196400,0.0,0.0
2023-01-04 00:00:00-05:00,138.81836415778088,139.4376549557378,135.27958102558813,137.21607971191406,14322600,0.0,0.0
2023-01-05 00:00:00-05:00,135.29924175647605,136.2330826990662,131.95706943585063,134.02134704589844,8493500,0.0,0.0
2023-01-06 00:00:00-05:00,135.2403031987484,139.24108059095343,133.24482677229562,138.12046813964844,9145700,0.0,0.0
2023-01-09 00:00:00-05:00,140.16506240609937,146.66265109990093,140.16506240609937,144.59837341308594,13679700,0.0,0.0
2023-01-10 00:00:00-05:00,143.33028712486797,146.74127594329352,143.1238668789721,144.9325714111328,6527700,0.0,0.0
2023-01-11 00:00:00-05:00,142.80933344732355,144.53939707964793,141.11858296603845,142.435791015625,13595000,0.0,0.0
2023-01-12 00:00:00-05:00,145.3257990073413,147.2721375203226,141.49212920776293,147.05587768554688,11678000,0.0,0.0
2023-01-13 00:00:00-05:00,143.71367009422409,147.4097358554251,143.60554019165082,146.96737670898438,8378100,0.0,0.0
2023-01-17 00:00:00-05:00,147.05587135814562,147.9307351978062,143.61539322475994,145.94508361816406,9407600,0.0,0.0
2023-01-18 00:00:00-05:00,146.32845277544294,146.99688133743223,142.81915782711548,142.9764404296875,7812600,0.0,0.0
2023-01-19 00:00:00-05:00,141.0792688681351,144.1855177554044,140.72539051397854,143.9201202392578,7070100,0.0,0.0
2023-01-20 00:00:00-05:00,141.8459922738127,148.95303244303818,141.8459922738127,148.67779541015625,10127100,0.0,0.0
2023-01-23 00:00:00-05:00,154.67406449608396,155.1852104199362,150.62412025776533,153.21922302246094,19922900,0.0,0.0
2023-01-24 00:00:00-05:00,153.24871679352955,157.4854323771501,151.8725315686766,152.22640991210938,6390200,0.0,0.0
2023-01-25 00:00:00-05:00,148.63848911764268,153.74021399768927,147.27212842735614,153.51412963867188,9390500,0.0,0.0
2023-01-26 00:00:00-05:00,155.49978907629935,162.3610814881749,155.41132323557838,162.28244018554688,13354600,0.0,0.0
2023-01-27 00:00:00-05:00,162.24312294356497,164.3958816759375,160.81778499269151,161.72213745117188,9872300,0.0,0.0
2023-01-30 00:00:00-05:00,161.27978315525468,163.60947341865355,160.62116417852377,161.94821166992188,8169800,0.0,0.0
2023-01-31 00:00:00-05:00,161.48621495287944,165.15277750648593,161.48621495287944,165.11346435546875,6421300,0.0,0.0
2023-02-01 00:00:00-05:00,164.87753911838993,170.13656173262106,164.1599578735952,168.8979949951172,8853900,0.0,0.0
2023-02-02 00:00:00-05:00,172.7218392035035,175.79859945557936,169.95961415394135,171.67002868652344,10667100,0.0,0.0
2023-02-03 00:00:00-05:00,167.12858287262802,172.10252829114197,166.97130029039778,168.1312255859375,6481700,0.0,0.0
2023-02-06 00:00:00-05:00,165.14294817851763,168.2590365317327,164.50400824778268,166.1750946044922,4310600,0.0,0.0
2023-02-07 00:00:00-05:00,164.72025881467104,168.80950114032865,163.7765782784157,168.36715698242188,6179200,0.0,0.0
2023-02-08 00:00:00-05:00,167.10894215567114,169.51727391040862,166.35203274728116,166.7452392578125,7694500,0.0,0.0
2023-02-09 00:00:00-05:00,170.38229059450245,172.3974305702388,169.08473178110597,170.70668029785156,11512300,0.0,0.0
2023-02-10 00:00:00-05:00,164.80872870209623,166.85335741488703,162.51835156227716,164.18943786621094,11273700,0.0,0.0
2023-02-13 00:00:00-05:00,165.41819241382336,168.24921930539497,164.11080888401548,168.1705780029297,8820300,0.0,0.0
2023-02-14 00:00:00-05:00,165.35921131434048,169.85148499266953,164.99550842333875,167.0696258544922,8393100,0.0,0.0
2023-02-15 00:00:00-05:00,165.9784803973248,168.6915374159236,165.37885368315386,168.19021606445312,4997000,0.0,0.0
2023-02-16 00:00:00-05:00,166.11613803058196,167.4726593597343,165.10365555332723,165.2510986328125,7483500,0.0,0.0
2023-02-17 00:00:00-05:00,162.22345020662829,164.26807891635184,159.972401218115,162.36106872558594,8084500,0.0,0.0
2023-02-21 00:00:00-05:00,160.9554016467748,161.71229603300552,158.70433756495618,158.87144470214844,5210800,0.0,0.0
2023-02-22 00:00:00-05:00,160.33609972456225,162.19395717955632,159.35310604468614,160.58184814453125,4343700,0.0,0.0
2023-02-23 00:00:00-05:00,162.4790038986786,162.65595054451828,158.82228154306355,161.3289031982422,4679400,0.0,0.0
2023-02-24 00:00:00-05:00,157.85892343540536,159.62831474501766,156.9447466750252,159.44154357910156,6569900,0.0,0.0
2023-02-27 00:00:00-05:00,161.05370853881917,161.9679006175603,159.46126330401975,160.36561584472656,6891200,0.0,0.0
2023-02-28 00:00:00-05:00,159.7659711633781,161.65331734191344,158.78297742460177,160.82760620117188,6912600,0.0,0.0
2023-03-01 00:00:00-05:00,160.2181596334102,165.12328893579422,160.20832009618246,164.50401306152344,15841200,0.0,0.0
2023-03-02 00:00:00-05:00,189.83575737998441,190.61233087964146,182.05044830343084,183.41680908203125,37712500,0.0,0.0
2023-03-03 00:00:00-05:00,184.8716456677552,186.5427320781997,181.15591541490605,183.259521484375,12087200,0.0,0.0
2023-03-06 00:00:00-05:00,181.92266164114355,185.78581990295643,180.50714823247202,180.67425537109375,10770300,0.0,0.0
2023-03-07 00:00:00-05:00,181.32302002728963,182.99410627619454,179.91733127134435,180.20240783691406,9024300,0.0,0.0
2023-03-08 00:00:00-05:00,180.18275314496117,181.75553410846263,178.7082625545757,179.8386993408203,6749100,0.0,0.0
2023-03-09 00:00:00-05:00,179.98615070856664,180.71355643990117,175.50368688102066,175.68063354492188,7102400,0.0,0.0
2023-03-10 00:00:00-05:00,175.46435044324326,176.3097255047342,168.78983077116888,170.2348175048828,14109000,0.0,0.0
2023-03-13 00:00:00-04:00,168.09191162438773,174.08817879900982,167.1089179891574,172.52520751953125,9154800,0.0,0.0
2023-03-14 00:00:00-04:00,176.93885780091722,182.15855170615743,176.06399404842884,179.7797088623047,10138100,0.0,0.0
2023-03-15 00:00:00-04:00,176.11316609078978,180.73323377471914,175.17932501626592,179.7993927001953,7716900,0.0,0.0
2023-03-16 00:00:00-04:00,180.18275586784716,184.4587696450069,179.8681906708169,184.11473083496094,8369500,0.0,0.0
2023-03-17 00:00:00-04:00,182.87614027760415,184.46860026180016,181.04777140633718,181.70639038085938,10493300,0.0,0.0
2023-03-20 00:00:00-04:00,181.07730237819888,182.3650219123534,179.54381938405365,182.099609375,5513200,0.0,0.0
2023-03-21 00:00:00-04:00,182.70904242030858,186.06105468759753,181.74571275087072,185.47125244140625,6982000,0.0,0.0
2023-03-22 00:00:00-04:00,186.76880344533993,188.18431677660212,183.23985965375581,183.33815002441406,6575600,0.0,0.0
2023-03-23 00:00:00-04:00,184.21302170413418,187.3192855363243,182.4239808889272,184.25234985351562,8685000,0.0,0.0
2023-03-24 00:00:00-04:00,183.3283189913881,187.08336200095277,182.92528798787697,186.82777404785156,6102700,0.0,0.0
2023-03-27 00:00:00-04:00,185.7071834049785,188.84293596791676,185.6973588669094,188.00738525390625,7776500,0.0,0.0
2023-03-28 00:00:00-04:00,187.92871527788446,189.5506637694986,187.92871527788446,189.02967834472656,4899000,0.0,0.0
2023-03-29 00:00:00-04:00,189.85542016944086,194.07245693260074,189.59984718355977,193.2958984375,8085200,0.0,0.0
2023-03-30 00:00:00-04:00,194.40664672224247,194.79983815898714,192.16542253435568,193.2565460205078,6932500,0.0,0.0
2023-03-31 00:00:00-04:00,194.13144295595063,196.59875189245494,193.6399460762195,196.3824920654297,6634300,0.0,0.0
2023-04-03 00:00:00-04:00,194.84901240108562,195.5469295284352,192.20475694837313,193.1484375,5340800,0.0,0.0
2023-04-04 00:00:00-04:00,194.78020029029275,195.3208498380168,193.2762210934474,193.8463592529297,4659100,0.0,0.0
2023-04-05 00:00:00-04:00,194.63278123250953,194.91784284775594,190.43539331622787,191.988525390625,3953700,0.0,0.0
2023-04-06 00:00:00-04:00,190.70077423989954,190.7695909972757,186.37560804036139,189.2754364013672,6304700,0.0,0.0
2023-04-10 00:00:00-04:00,187.34877137499112,189.27544568521435,186.06105198875605,188.2334747314453,5263800,0.0,0.0
2023-04-11 00:00:00-04:00,185.84478046348076,187.22098059819206,184.1245415445614,185.67767333984375,4907700,0.0,0.0
2023-04-12 00:00:00-04:00,187.0637099490215,188.6266663809785,186.3068005765925,187.0833740234375,5033400,0.0,0.0
2023-04-13 00:00:00-04:00,187.2111340048276,191.07430677389218,187.2111340048276,190.72042846679688,4716400,0.0,0.0
2023-04-14 00:00:00-04:00,188.5873362226561,191.8508673145546,187.93855681908784,191.33970642089844,5073800,0.0,0.0
2023-04-17 00:00:00-04:00,191.84107773557201,194.16094375345912,191.7132837390479,193.72842407226562,5413500,0.0,0.0
2023-04-18 00:00:00-04:00,195.69439047363514,196.7166973369792,193.7087389706336,195.12425231933594,4679000,0.0,0.0
2023-04-19 00:00:00-04:00,192.96165556539012,195.6845521625763,192.40134198792856,195.53709411621094,3665100,0.0,0.0
2023-04-20 00:00:00-04:00,193.82671802122204,196.67740915458864,193.47285463842027,194.15110778808594,3620000,0.0,0.0
2023-04-21 00:00:00-04:00,193.6792457719501,195.73369898667207,193.12877170477992,195.64523315429688,4860100,0.0,0.0
2023-04-24 00:00:00-04:00,195.07513073960797,195.38969597805385,190.75978824501564,191.60516357421875,4449700,0.0,0.0
2023-04-25 00:00:00-04:00,190.67129627077122,190.81873933153008,187.38810079065868,187.4274139404297,5010000,0.0,0.0
2023-04-26 00:00:00-04:00,189.34423876561357,191.06447771400641,187.3291137112166,188.26295471191406,4007600,0.0,0.0
2023-04-27 00:00:00-04:00,190.86790015710957,194.1510957772225,189.98321175624383,192.60780334472656,4794400,0.0,0.0
2023-04-28 00:00:00-04:00,192.81418252067695,195.27166644268044,191.94915837964996,194.99642944335938,4094600,0.0,0.0
2023-05-01 00:00:00-04:00,194.39685720981592,195.66492766831277,193.76774174956262,194.4263458251953,2882900,0.0,0.0
2023-05-02 00:00:00-04:00,194.65240884929304,195.03577577691098,189.64895971795534,190.54348754882812,6051000,0.0,0.0
2023-05-03 00:00:00-04:00,190.90722288036818,192.46033980674727,189.28527419249997,189.3344268798828,3779900,0.0,0.0
2023-05-04 00:00:00-04:00,188.63647439466686,191.25124108907272,187.51586223982045,189.1083221435547,4386500,0.0,0.0
2023-05-05 00:00:00-04:00,190.6516096330816,194.74086669283972,189.96351709881756,194.22970581054688,4284400,0.0,0.0
2023-05-08 00:00:00-04:00,195.34053173086158,197.0902595181615,192.74542866435985,194.5344696044922,4169400,0.0,0.0
2023-05-09 00:00:00-04:00,193.43350067634609,200.33412070688087,193.43350067634609,197.7586669921875,6996800,0.0,0.0
2023-05-10 00:00:00-04:00,201.45472254320103,202.771930444259,199.58702559460463,201.3662567138672,6535600,0.0,0.0
2023-05-11 00:00:00-04:00,199.45924580263934,200.334109554156,195.1733928740281,200.0097198486328,5366300,0.0,0.0
2023-05-12 00:00:00-04:00,199.9703898502011,200.49139028100305,196.72652282360886,198.37794494628906,4733600,0.0,0.0
2023-05-15 00:00:00-04:00,200.28497165383342,201.9069053018647,199.0365654221275,199.8721160888672,4518200,0.0,0.0
2023-05-16 00:00:00-04:00,198.49591374539932,202.17231564063619,198.31898207629337,201.08119201660156,4423200,0.0,0.0
2023-05-17 00:00:00-04:00,202.98820242315804,205.92735903474517,201.31711610524744,205.81922912597656,5772200,0.0,0.0
2023-05-18 00:00:00-04:00,205.9371869666541,210.24270431494344,205.770079832038,209.69223022460938,5165500,0.0,0.0
2023-05-19 00:00:00-04:00,209.33836740853914,209.61360447412181,206.35988237867105,206.78257751464844,6091600,0.0,0.0
2023-05-22 00:00:00-04:00,205.61280552488415,209.20074179288144,205.4850115347278,206.68426513671875,3890800,0.0,0.0
2023-05-23 00:00:00-04:00,204.2071230784309,206.07480516762013,202.95871684025403,203.12582397460938,4256800,0.0,0.0
2023-05-24 00:00:00-04:00,202.5360238904457,206.63512099170703,201.92657257051548,205.50466918945312,4894000,0.0,0.0
2023-05-25 00:00:00-04:00,208.41434266795704,208.71906833582355,204.89522318237056,206.34022521972656,6496700,0.0,0.0
2023-05-26 00:00:00-04:00,209.18105093812306,212.474070653741,208.93530252654145,211.77615356445312,6933300,0.0,0.0
2023-05-30 00:00:00-04:00,215.5410336295291,218.36222075962846,212.06122751851305,215.1478271484375,10421000,0.0,0.0
2023-05-31 00:00:00-04:00,215.8162784195609,221.17359129780445,213.36861860945265,219.58114624023438,19624000,0.0,0.0
2023-06-01 00:00:00-04:00,204.67895447995255,211.69752907169755,202.55568443556905,209.27935791015625,20907400,0.0,0.0
2023-06-02 00:00:00-04:00,209.27937153508688,212.46427680901232,206.85137567797577,209.40716552734375,11026900,0.0,0.0
2023-06-05 00:00:00-04:00,206.8906728636829,208.70921709962326,203.5386609473546,206.29104614257812,7804400,0.0,0.0
2023-06-06 00:00:00-04:00,205.00334850629076,209.77085916965453,204.82640183256927,209.230224609375,6796000,0.0,0.0
2023-06-07 00:00:00-04:00,211.2257101510903,212.97543789532645,201.29746688383563,202.23130798339844,9323900,0.0,0.0
2023-06-08 00:00:00-04:00,201.88728674284428,206.8022561153019,201.36630118930745,205.96670532226562,5548600,0.0,0.0
2023-06-09 00:00:00-04:00,207.10693532513798,214.94139594609925,207.10693532513798,211.6483612060547,7676700,0.0,0.0
2023-06-12 00:00:00-04:00,212.474094967779,216.6419939048934,208.53229539468362,210.05593872070312,11568300,0.0,0.0
2023-06-13 00:00:00-04:00,211.83513297190152,212.55271414133148,204.38403925585172,205.42601013183594,11698900,0.0,0.0
2023-06-14 00:00:00-04:00,204.16778095900008,208.10959515014616,201.53336513983675,205.8388671875,8963400,0.0,0.0
2023-06-15 00:00:00-04:00,204.4135385599291,209.70204950825635,203.84340040942632,208.31602478027344,7905400,0.0,0.0
2023-06-16 00:00:00-04:00,209.90848012773608,210.01661004090454,207.0184910835233,208.15875244140625,13672700,0.0,0.0
2023-06-20 00:00:00-04:00,205.1016216384316,213.35877740129732,205.0623084916286,213.28013610839844,9522900,0.0,0.0
2023-06-21 00:00:00-04:00,212.83778853535406,214.0960192029033,204.53149522246824,206.025634765625,7971600,0.0,0.0
2023-06-22 00:00:00-04:00,206.0649741831118,210.32133870510808,205.5341491853726,209.6627197265625,5689800,0.0,0.0
2023-06-23 00:00:00-04:00,206.92018191143845,207.41167878058675,204.53151432703885,206.51715087890625,14037600,0.0,0.0
2023-06-26 00:00:00-04:00,205.46534551476157,208.14891409167856,203.82374785052988,203.8335723876953,4771500,0.0,0.0
2023-06-27 00:00:00-04:00,204.60030953150724,206.9005112055677,203.99085823307078,205.2687530517578,4014800,0.0,0.0
2023-06-28 00:00:00-04:00,204.8657467126455,208.5912867105159,204.06952411410956,208.56179809570312,4775900,0.0,0.0
2023-06-29 00:00:00-04:00,208.29636612389578,209.03361142400294,206.15344698457872,206.8513641357422,3838300,0.0,0.0
2023-06-30 00:00:00-04:00,208.25705382913853,210.2132167665321,207.3723654650959,207.66725158691406,5984200,0.0,0.0
2023-07-03 00:00:00-04:00,206.98900857334908,208.35536933496454,206.35005361331773,208.05062866210938,2400000,0.0,0.0
2023-07-05 00:00:00-04:00,206.91037510887452,210.97012939649653,206.5171685802762,210.18374633789062,5069300,0.0,0.0
2023-07-06 00:00:00-04:00,207.6082703803653,208.88616521447733,204.29558634826736,206.56629943847656,4250900,0.0,0.0
2023-07-07 00:00:00-04:00,206.20258142162334,208.50278295455308,205.72090913510345,206.025634765625,3022200,0.0,0.0
2023-07-10 00:00:00-04:00,205.4456688585327,209.24984941035012,204.7772403891797,209.1908721923828,3820100,0.0,0.0
2023-07-11 00:00:00-04:00,218.28357042521478,218.56864698711408,213.54554876876773,217.40870666503906,10028100,0.0,0.0
2023-07-12 00:00:00-04:00,218.1263140956804,224.21104800250995,217.84125249876053,223.41482543945312,8923500,0.0,0.0
2023-07-13 00:00:00-04:00,224.3781379294139,227.03223293502037,223.72937348292396,226.45225524902344,5800300,0.0,0.0
2023-07-14 00:00:00-04:00,225.7936497684441,228.2511340171196,224.27000653440663,225.42994689941406,4278700,0.0,0.0
2023-07-17 00:00:00-04:00,225.3414914960444,226.3637983911209,223.93580264110818,224.12257385253906,3557900,0.0,0.0
2023-07-18 00:00:00-04:00,223.18874241865348,225.71502865252072,221.6356104347183,223.75888061523438,5092700,0.0,0.0
2023-07-19 00:00:00-04:00,230.00086461953194,234.16876335970838,227.29763191052618,230.3842315673828,8516300,0.0,0.0
2023-07-20 00:00:00-04:00,227.16983461387844,229.5290133336508,223.4541198806261,224.2798309326172,5303000,0.0,0.0
2023-07-21 00:00:00-04:00,226.08855932033288,226.88478184674787,223.42463969560825,224.18154907226562,3529700,0.0,0.0
2023-07-24 00:00:00-04:00,223.3951226974015,223.71951238903554,219.73838526353492,221.8223419189453,5363200,0.0,0.0
2023-07-25 00:00:00-04:00,222.038622617973,223.65073169226125,221.36035456245224,222.18606567382812,3203700,0.0,0.0
2023-07-26 00:00:00-04:00,220.6427804537904,223.64089934740963,219.3255574488538,221.7437286376953,4856700,0.0,0.0
2023-07-27 00:00:00-04:00,224.1618809088415,226.22617371687298,220.2004174242587,221.32102966308594,4299600,0.0,0.0
2023-07-28 00:00:00-04:00,222.15658871923708,223.44430813891725,220.17093713353705,221.76339721679688,4238700,0.0,0.0
2023-07-31 00:00:00-04:00,218.5686587593504,221.54712851898273,217.9788565300139,221.18341064453125,5571900,0.0,0.0
2023-08-01 00:00:00-04:00,220.0824664924605,220.9868189277725,217.86090605349585,220.4560089111328,4212600,0.0,0.0
2023-08-02 00:00:00-04:00,218.204933260615,219.06014796320028,215.07902055251773,216.75010681152344,5127000,0.0,0.0
2023-08-03 00:00:00-04:00,212.52324993389746,214.49907700984215,210.95046890251209,211.89413452148438,5515200,0.0,0.0
2023-08-04 00:00:00-04:00,212.7296992887021,213.55541050971425,209.44650348184743,210.94064331054688,4800400,0.0,0.0
2023-08-07 00:00:00-04:00,211.6483900351828,213.2015220197037,210.72437347483412,212.38563537597656,3615200,0.0,0.0
2023-08-08 00:00:00-04:00,209.91831033731114,210.5474257134385,207.54929188998236,207.9818115234375,4843800,0.0,0.0
2023-08-09 00:00:00-04:00,208.05061204572402,208.06045158234002,201.42524406140106,202.3590850830078,7847500,0.0,0.0
2023-08-10 00:00:00-04:00,204.63960304727055,206.76287285006626,202.9292037610953,204.7084197998047,4004700,0.0,0.0
2023-08-11 00:00:00-04:00,202.62450128056497,205.93718533316692,202.00521043420432,205.15078735351562,2930800,0.0,0.0
2023-08-14 00:00:00-04:00,204.36438636429682,208.49297194684317,203.59765247023392,208.45364379882812,3304700,0.0,0.0
2023-08-15 00:00:00-04:00,206.75307444411771,208.758375067336,204.3054146399404,205.22943115234375,4076400,0.0,0.0
2023-08-16 00:00:00-04:00,204.46269742564428,206.1239592421147,203.430551001281,203.46987915039062,2759600,0.0,0.0
2023-08-17 00:00:00-04:00,203.05701189347513,203.41087521933045,199.9310841881142,200.37342834472656,4062700,0.0,0.0
2023-08-18 00:00:00-04:00,197.5522470734665,202.00520737925552,196.79533771706073,201.3466033935547,4267200,0.0,0.0
2023-08-21 00:00:00-04:00,202.49671924718538,205.85855618428639,200.74699151382802,205.47518920898438,4023300,0.0,0.0
2023-08-22 00:00:00-04:00,206.28125186925087,206.53682485371286,202.4967197956816,203.24378967285156,3153200,0.0,0.0
2023-08-23 00:00:00-04:00,204.46269859846498,207.40185529056382,203.61732337928802,205.573486328125,3833200,0.0,0.0
2023-08-24 00:00:00-04:00,207.4214795906058,208.38482414342812,201.94621289426013,202.0150146484375,3960300,0.0,0.0
2023-08-25 00:00:00-04:00,202.01503778116273,207.20524352003093,201.98554916895392,205.90769958496094,3068800,0.0,0.0
2023-08-28 00:00:00-04:00,206.87102432412644,209.84949408066512,206.07480181485485,208.1194305419922,4086900,0.0,0.0
2023-08-29 00:00:00-04:00,203.2339430153788,208.84684351890246,203.00785866914202,208.3553466796875,5850400,0.0,0.0
2023-08-30 00:00:00-04:00,208.16857136370152,211.9235993414036,205.86835480220688,211.38294982910156,9946000,0.0,0.0
2023-08-31 00:00:00-04:00,224.1225586782276,224.89911708448508,217.43819866515867,217.69378662109375,19268400,0.0,0.0
2023-09-01 00:00:00-04:00,219.69910264296033,220.16111090439017,216.76978547418992,217.76260375976562,5600900,0.0,0.0
2023-09-05 00:00:00-04:00,215.6000168772928,216.5731860709866,213.90926645958115,214.9709014892578,5807300,0.0,0.0
2023-09-06 00:00:00-04:00,215.73762850501075,218.4310366423328,215.29528433993903,217.85105895996094,5066700,0.0,0.0
2023-09-07 00:00:00-04:00,216.03253295617083,218.94218595311204,215.58034924755893,218.74559020996094,4201900,0.0,0.0
2023-09-08 00:00:00-04:00,219.52213913686452,221.6355693885582,219.0699554787347,220.93763732910156,4578900,0.0,0.0
2023-09-11 00:00:00-04:00,222.16639457300255,222.97245658429836,219.00115374688215,221.47830200195312,4418000,0.0,0.0
2023-09-12 00:00:00-04:00,219.6499483139624,220.96715632639638,217.4971896223892,217.89039611816406,4002300,0.0,0.0
2023-09-13 00:00:00-04:00,217.4185400827439,218.0869836005791,214.58752841693519,215.0790252685547,4173600,0.0,0.0
2023-09-14 00:00:00-04:00,215.68847204637513,216.81892378099454,214.62683706920174,215.05935668945312,4297200,0.0,0.0
2023-09-15 00:00:00-04:00,215.14782919020416,215.46239437806267,209.82984460170292,210.9602813720703,9939000,0.0,0.0
2023-09-18 00:00:00-04:00,210.9111235653202,212.70017927941367,210.53758116363178,211.34364318847656,4279400,0.0,0.0
2023-09-19 00:00:00-04:00,210.74400376685753,212.3856013292849,208.65022253487467,212.03172302246094,4001500,0.0,0.0
2023-09-20 00:00:00-04:00,211.5402602480978,213.48658374918259,209.29903561065598,209.40716552734375,2990900,0.0,0.0
2023-09-21 00:00:00-04:00,206.23206645465282,208.28651954033515,204.5314916755377,205.0623016357422,4957300,0.0,0.0
2023-09-22 00:00:00-04:00,205.75039907858144,206.15343007608104,202.37873804895935,202.91937255859375,3848300,0.0,0.0
2023-09-25 00:00:00-04:00,201.5137093943827,203.01768856211436,200.40292170867872,202.83091735839844,4067300,0.0,0.0
2023-09-26 00:00:00-04:00,201.9757345204162,202.92923969330405,197.85698815492444,199.04641723632812,5404500,0.0,0.0
2023-09-27 00:00:00-04:00,199.53787553226616,200.46187691347362,197.522735659795,199.28228759765625,4123800,0.0,0.0
2023-09-28 00:00:00-04:00,197.34580154428028,201.66114310651355,196.15638761671616,199.7443084716797,4344000,0.0,0.0
2023-09-29 00:00:00-04:00,201.5923552457845,204.2562598451964,198.6630381403952,199.3314666748047,4405100,0.0,0.0
2023-10-02 00:00:00-04:00,197.38512096577676,201.6218210481266,197.10988395341707,200.24563598632812,3745700,0.0,0.0
2023-10-03 00:00:00-04:00,199.30201150590418,200.1080736966138,194.0626522641811,196.43167114257812,4622400,0.0,0.0
2023-10-04 00:00:00-04:00,197.463781251517,199.29215015196783,196.11706966938632,198.4369354248047,3656400,0.0,0.0
2023-10-05 00:00:00-04:00,198.56474516401516,198.71218823248833,195.11444236808958,198.57456970214844,3592600,0.0,0.0
2023-10-06 00:00:00-04:00,197.0705709931127,204.72810024643212,196.49060831519063,203.8335723876953,4989200,0.0,0.0
2023-10-09 00:00:00-04:00,201.40559136180835,204.73793961610195,201.2089956092032,203.6959686279297,2781100,0.0,0.0
2023-10-10 00:00:00-04:00,204.10884054931117,205.66197261803742,202.75230424892968,203.3617706298828,4503500,0.0,0.0
2023-10-11 00:00:00-04:00,203.7058028385229,205.64230184218945,200.93376809678654,203.332275390625,3971000,0.0,0.0
2023-10-12 00:00:00-04:00,204.29560511263367,205.03285046934124,199.81315574373872,202.18215942382812,3548500,0.0,0.0
2023-10-13 00:00:00-04:00,201.62186350207287,203.61733976149867,199.75418123932704,201.11070251464844,3677500,0.0,0.0
2023-10-16 00:00:00-04:00,202.3394176681689,205.9273536383444,201.55301971585007,204.98367309570312,3623200,0.0,0.0
2023-10-17 00:00:00-04:00,202.9783729521599,208.33568557611184,202.49670064311755,206.27139282226562,4006100,0.0,0.0
2023-10-18 00:00:00-04:00,205.32773091840605,206.06497620081208,200.7174880192066,201.3466033935547,3380800,0.0,0.0
2023-10-19 00:00:00-04:00,202.93904380196312,207.3625153960934,202.03469140930056,204.77725219726562,4995900,0.0,0.0
2023-10-20 00:00:00-04:00,203.83357653654707,204.5708218198825,198.68268409056458,200.2653045654297,5539100,0.0,0.0
2023-10-23 00:00:00-04:00,196.5004350095019,200.1080350948424,194.4853099200478,198.56472778320312,4564100,0.0,0.0
2023-10-24 00:00:00-04:00,200.26533688142672,201.15986490271715,197.51295104630788,200.74700927734375,3959600,0.0,0.0
2023-10-25 00:00:00-04:00,199.74430534631048,200.27513031336974,192.10644053701182,193.70872497558594,4490000,0.0,0.0
2023-10-26 00:00:00-04:00,194.06263758727604,196.26454913750007,190.3862353112857,192.91253662109375,5149100,0.0,0.0
2023-10-27 00:00:00-04:00,193.94464719381847,194.93746536546647,192.08678982355912,193.22706604003906,3168600,0.0,0.0
2023-10-30 00:00:00-04:00,195.61575204418534,197.1688839357077,193.72840588467932,195.88116455078125,3438300,0.0,0.0
2023-10-31 00:00:00-04:00,197.0115808296978,198.47624673297628,195.28151744674614,197.41461181640625,3425400,0.0,0.0
2023-11-01 00:00:00-04:00,197.50310400677557,201.01239892159657,197.08042389060532,200.4422607421875,3593600,0.0,0.0
2023-11-02 00:00:00-04:00,202.80143953697828,204.71827436260963,202.4475611846083,204.57083129882812,4963600,0.0,0.0
2023-11-03 00:00:00-04:00,205.82901139730362,206.60556967405606,203.67625320070266,203.94166564941406,3861900,0.0,0.0
2023-11-06 00:00:00-05:00,204.6691363322811,204.9345338466444,201.20899411481037,203.89256286621094,3729700,0.0,0.0
2023-11-07 00:00:00-05:00,205.93720951288708,209.71190225925892,205.4063994388924,208.23741149902344,5467100,0.0,0.0
2023-11-08 00:00:00-05:00,208.80752879883792,208.9058341727194,206.0846319346982,207.87368774414062,3433500,0.0,0.0
2023-11-09 00:00:00-05:00,209.9379773454446,209.94780188296272,205.51450557667545,206.43850708007812,4731400,0.0,0.0
2023-11-10 00:00:00-05:00,205.8388741053306,210.62606360815286,205.2884000350226,209.9969482421875,4112600,0.0,0.0
2023-11-13 00:00:00-05:00,208.9549917813949,212.4642717220675,208.1587542325064,211.618896484375,3306600,0.0,0.0
2023-11-14 00:00:00-05:00,215.27561431839888,217.48735008194407,214.24346796221917,217.4185333251953,4743800,0.0,0.0
2023-11-15 00:00:00-05:00,216.99585998770925,217.60531128393703,213.95841304456337,215.6884765625,4800700,0.0,0.0
2023-11-16 00:00:00-05:00,216.25862204278704,218.98151889285538,215.2166510819225,217.6839599609375,3712300,0.0,0.0
2023-11-17 00:00:00-05:00,217.4087330532086,219.0011781809202,216.6321745648033,217.4578857421875,3634900,0.0,0.0
2023-11-20 00:00:00-05:00,217.66430266361746,222.2548967556558,216.8680801121012,221.3013916015625,4599300,0.0,0.0
2023-11-21 00:00:00-05:00,220.19060751908913,222.12710647266042,219.73842377895843,220.5051727294922,3852300,0.0,0.0
2023-11-22 00:00:00-05:00,220.4854936458746,221.85185431205517,219.41403409454972,220.03330993652344,3893600,0.0,0.0
2023-11-24 00:00:00-05:00,220.54446861649515,220.67226259812927,218.342557313928,220.5641326904297,1869100,0.0,0.0
2023-11-27 00:00:00-05:00,221.66507995574483,222.3728366216224,220.43633782738706,220.96714782714844,4885500,0.0,0.0
2023-11-28 00:00:00-05:00,219.80722084436607,221.69456693975624,218.45068474484142,221.09494018554688,5535300,0.0,0.0
2023-11-29 00:00:00-05:00,224.7222026561424,227.56305400465203,223.39515508879495,226.4326171875,12327400,0.0,0.0
2023-11-30 00:00:00-05:00,244.81458111341195,248.20590633877615,239.50640619609575,247.61610412597656,24425700,0.0,0.0
2023-12-01 00:00:00-05:00,245.74840252216046,258.94999950599066,245.45350143927544,255.57833862304688,14538200,0.0,0.0
2023-12-04 00:00:00-05:00,248.50082282038395,250.78136051910386,245.60099425983714,246.397216796875,11429200,0.0,0.0
2023-12-05 00:00:00-05:00,245.73860106050407,247.39002328086025,244.41155356255862,246.75108337402344,5771500,0.0,0.0
2023-12-06 00:00:00-05:00,247.24257327685882,249.66072931717818,244.6179819651497,244.89321899414062,5374800,0.0,0.0
2023-12-07 00:00:00-05:00,244.51967559024257,246.46599885845532,242.69130676274182,244.61798095703125,6568200,0.0,0.0
2023-12-08 00:00:00-05:00,244.32313222095468,247.80292396140786,243.78248258632735,246.54469299316406,4605800,0.0,0.0
2023-12-11 00:00:00-05:00,245.74842088787145,249.2085628537748,245.46335931933055,247.81271362304688,4766000,0.0,0.0
2023-12-12 00:00:00-05:00,247.51781543522677,252.21650909874228,246.7510815529638,252.0887451171875,5827600,0.0,0.0
2023-12-13 00:00:00-05:00,253.13074094690714,254.71334655251295,250.82069953626808,252.9439697265625,6567600,0.0,0.0
2023-12-14 00:00:00-05:00,252.13789826295044,254.36928328824175,248.91367994514556,252.8358154296875,6613200,0.0,0.0
2023-12-15 00:00:00-05:00,250.6731840428998,257.8490400796245,250.1816872595528,257.151123046875,13739500,0.0,0.0
2023-12-18 00:00:00-05:00,255.40145452178717,261.07331790845706,255.26382099143063,259.1073303222656,7498500,0.0,0.0
2023-12-19 00:00:00-05:00,260.9553311053117,262.0464396810721,259.2547412545671,259.84454345703125,4665500,0.0,0.0
2023-12-20 00:00:00-05:00,257.21013666350683,260.4147057440132,255.65698980910955,255.82411193847656,4510500,0.0,0.0
2023-12-21 00:00:00-05:00,260.24753330041585,263.7961254930307,259.7461970078265,262.70501708984375,5160700,0.0,0.0
2023-12-22 00:00:00-05:00,262.71494493044685,263.5897938542822,260.78825539294206,261.8105773925781,3110600,0.0,0.0
2023-12-26 00:00:00-05:00,261.0143587889461,261.9973526502382,260.11983077533927,261.692626953125,3218800,0.0,0.0
2023-12-27 00:00:00-05:00,261.41734814177977,262.4691586051236,260.88652314181206,262.18408203125,3387000,0.0,0.0
2023-12-28 00:00:00-05:00,261.9678440452627,262.3807146348824,260.7882395022835,261.0634765625,2958700,0.0,0.0
2023-12-29 00:00:00-05:00,260.5031407221399,261.132241020082,258.1832602519307,258.6649475097656,3706600,0.0,0.0
2024-01-02 00:00:00-05:00,256.1091755448516,256.1288246184816,249.4543042936436,251.774169921875,4741400,0.0,0.0
2024-01-03 00:00:00-05:00,249.18890204213545,249.8376814816022,247.4883271471333,247.55712890625,5097100,0.0,0.0
2024-01-04 00:00:00-05:00,247.54729358841658,248.34351604795347,245.59113081798807,246.9673309326172,4489800,0.0,0.0
2024-01-05 00:00:00-05:00,246.93786132826128,249.59194139741706,245.91553945022144,246.84938049316406,3676000,0.0,0.0
2024-01-08 00:00:00-05:00,247.92084913965203,257.1118312893112,247.11478710123464,256.4335632324219,6626000,0.0,0.0
2024-01-09 00:00:00-05:00,255.0868640473054,259.4415189198201,254.37910738642142,256.89556884765625,4571800,0.0,0.0
2024-01-10 00:00:00-05:00,258.79273240410015,261.9284846076846,258.2815864957784,259.63812255859375,5128300,0.0,0.0
2024-01-11 00:00:00-05:00,263.44230808156914,268.3179483688476,260.591632389359,266.76483154296875,9012600,0.0,0.0
2024-01-12 00:00:00-05:00,266.6174337760776,270.5592187309271,266.45031162154464,267.3055114746094,4847600,0.0,0.0
2024-01-16 00:00:00-05:00,265.1134274785894,266.95162099897107,263.16708904599136,264.6120910644531,5858700,0.0,0.0
2024-01-17 00:00:00-05:00,263.72739775370997,267.2759907403071,259.63814021331854,266.8238220214844,4706500,0.0,0.0
2024-01-18 00:00:00-05:00,268.3572571539127,271.00151238070066,267.51189704351765,269.79241943359375,4752400,0.0,0.0
2024-01-19 00:00:00-05:00,271.8076239166039,277.2042502528283,270.8442791977932,276.1033020019531,7413600,0.0,0.0
2024-01-22 00:00:00-05:00,278.9637798530922,280.86095042187037,275.4053475949653,275.5331115722656,6735900,0.0,0.0
2024-01-23 00:00:00-05:00,276.0541236411512,276.91916294728037,271.021200403951,272.06317138671875,6573800,0.0,0.0
2024-01-24 00:00:00-05:00,275.2185815765078,276.1818961846897,271.9845239667586,272.1712951660156,7037800,0.0,0.0
2024-01-25 00:00:00-05:00,273.87188892503985,275.09082163922494,272.15164977060306,274.2847595214844,4178000,0.0,0.0
2024-01-26 00:00:00-05:00,274.5305112542239,278.5214637403432,273.9505485036252,275.1792907714844,4877400,0.0,0.0
2024-01-29 00:00:00-05:00,276.6144079749723,283.2496151332138,276.2212165134603,282.96453857421875,5762300,0.0,0.0
2024-01-30 00:00:00-05:00,282.73848662111743,284.3702597854003,281.64734799983864,282.8367919921875,4810900,0.0,0.0
2024-01-31 00:00:00-05:00,279.21934530203356,280.77249212953404,276.04429488632974,276.3096923828125,4557300,0.0,0.0
2024-02-01 00:00:00-05:00,277.2141258070085,280.20240573374934,276.5751557582244,278.9736633300781,3218300,0.0,0.0
2024-02-02 00:00:00-05:00,280.34986369016264,283.25951714541145,278.3445477959948,280.8020324707031,3629600,0.0,0.0
2024-02-05 00:00:00-05:00,281.3819730937714,284.13434371324394,276.57511904928305,283.2103271484375,5274800,0.0,0.0
2024-02-06 00:00:00-05:00,283.043187327792,283.7312948660519,277.1157369575636,280.96905517578125,4207200,0.0,0.0
2024-02-07 00:00:00-05:00,282.4632359997098,284.87155248289673,280.34980561696665,283.9278869628906,3621400,0.0,0.0
2024-02-08 00:00:00-05:00,284.38008886797627,288.12529277401666,284.0655536569576,286.98504638671875,4488400,0.0,0.0
2024-02-09 00:00:00-05:00,288.262919160996,290.2190671373398,286.1003208967551,286.3460693359375,4376300,0.0,0.0
2024-02-12 00:00:00-05:00,285.8741932676614,286.05112490815094,282.11915068260936,282.4337158203125,3750000,0.0,0.0
2024-02-13 00:00:00-05:00,275.6412770962768,278.6099073793401,271.7191416894029,276.3686828613281,4956600,0.0,0.0
2024-02-14 00:00:00-05:00,280.15315729497837,284.5373000586583,279.79929402192516,284.2325744628906,3850700,0.0,0.0
2024-02-15 00:00:00-05:00,286.38532606715717,287.0341053846371,283.11197087293414,286.9751281738281,3986500,0.0,0.0
2024-02-16 00:00:00-05:00,287.0341319285894,287.1029486804242,282.98420308608274,284.79290771484375,4159400,0.0,0.0
2024-02-20 00:00:00-05:00,284.57671927367335,285.9037669694865,279.3176961820236,281.5196228027344,4295500,0.0,0.0
2024-02-21 00:00:00-05:00,275.30707559520204,278.74755383058744,273.6261346297864,278.7278747558594,3797200,0.0,0.0
2024-02-22 00:00:00-05:00,287.0341334415816,289.6194114295447,286.44433127725875,288.65606689453125,5264300,0.0,0.0
2024-02-23 00:00:00-05:00,292.93210505635017,292.93210505635017,286.1297758603621,287.8205261230469,4416800,0.0,0.0
2024-02-26 00:00:00-05:00,290.5631063463455,298.6629648950992,289.98314365885824,295.281494140625,8719300,0.0,0.0
2024-02-27 00:00:00-05:00,296.45119919929846,296.61832131209076,291.5559102289335,294.4065856933594,6178800,0.0,0.0
2024-02-28 00:00:00-05:00,294.48519537779714,295.76310499571406,291.5657033257469,294.6719665527344,12490800,0.0,0.0
2024-02-29 00:00:00-05:00,294.8981334294654,305.25889625022563,289.7767442451787,303.5681457519531,21737800,0.0,0.0
2024-03-01 00:00:00-05:00,301.77907548535546,313.2899236783681,301.40553306771676,311.4910583496094,9450200,0.0,0.0
2024-03-04 00:00:00-05:00,309.220337293654,312.24794470873184,308.20785497642544,309.2891540527344,9350000,0.0,0.0
2024-03-05 00:00:00-05:00,306.01577122761364,307.2346738355055,291.103773359998,293.66937255859375,9015300,0.0,0.0
2024-03-06 00:00:00-05:00,299.4690126095062,300.6879451473118,297.59149111851025,298.6039733886719,8270000,0.0,0.0
2024-03-07 00:00:00-05:00,300.7961127779966,301.55300722961186,296.6183889894133,297.2770080566406,6788900,0.0,0.0
2024-03-08 00:00:00-05:00,297.06068024122914,303.6172308052674,297.06068024122914,300.0882873535156,4851600,0.0,0.0
2024-03-11 00:00:00-04:00,297.49326719018615,302.378717727947,295.1438975365333,300.7961120605469,4895500,0.0,0.0
2024-03-12 00:00:00-04:00,301.4940444626289,303.7844370016894,298.7023454439319,301.40557861328125,4832000,0.0,0.0
2024-03-13 00:00:00-04:00,300.2047466313773,302.8918359967921,298.3444470619879,299.8897705078125,5548800,0.4,0.0
2024-03-14 00:00:00-04:00,300.20469625794453,304.62409348585174,297.25186317999754,298.5511169433594,4828800,0.0,0.0
2024-03-15 00:00:00-04:00,294.25966434947964,295.3325234801237,289.15126048263426,289.70245361328125,11885100,0.0,0.0
2024-03-18 00:00:00-04:00,294.90928724425504,296.2380681809461,291.36588142566967,295.7853088378906,5240500,0.0,0.0
2024-03-19 00:00:00-04:00,293.4919634802918,297.0255173738296,291.95649243011314,296.7105712890625,3329900,0.0,0.0
2024-03-20 00:00:00-04:00,297.2223634414303,302.1929542322669,295.962489080246,301.2677307128906,4946600,0.0,0.0
2024-03-21 00:00:00-04:00,303.09847537627815,306.89777285552003,301.53347744795536,303.5414123535156,6083900,0.0,0.0
2024-03-22 00:00:00-04:00,304.45677020784115,305.3524664747584,301.828735663126,302.9311218261719,3779000,0.0,0.0
2024-03-25 00:00:00-04:00,298.92522635907153,302.8721605251474,297.7834603289898,301.24810791015625,4141200,0.0,0.0
2024-03-26 00:00:00-04:00,302.6457192045202,303.1378580564633,300.0964435559876,301.0216369628906,3893900,0.0,0.0
2024-03-27 00:00:00-04:00,302.6063528215272,304.43709501209514,293.9348682768941,296.6416320800781,3859900,0.0,0.0
2024-03-28 00:00:00-04:00,295.2833530548889,298.0393190016241,294.919175058832,296.4447937011719,4892300,0.0,0.0
2024-04-01 00:00:00-04:00,296.94673649422265,298.7381290857863,295.2734524185387,297.5077819824219,2918100,0.0,0.0
2024-04-02 00:00:00-04:00,292.82262325286865,299.6731878098217,290.2536728081759,299.2204284667969,4746100,0.0,0.0
2024-04-03 00:00:00-04:00,299.2105527499666,302.33072611227345,298.334561262458,299.9487609863281,3047400,0.0,0.0
2024-04-04 00:00:00-04:00,303.41343748274517,306.405619906439,287.50750708138594,289.51544189453125,8351000,0.0,0.0
2024-04-05 00:00:00-04:00,288.9248995865176,298.64956857740253,288.6886525004713,297.1632995605469,4918200,0.0,0.0
2024-04-08 00:00:00-04:00,296.36604521282544,298.7283058744591,294.8108695011229,296.98614501953125,3142900,0.0,0.0
2024-04-09 00:00:00-04:00,298.5511036134063,300.79525545093645,294.5450863741237,297.61602783203125,2997700,0.0,0.0
2024-04-10 00:00:00-04:00,293.75774398211655,296.1889115363115,293.4624425967762,294.9093322753906,3036400,0.0,0.0
2024-04-11 00:00:00-04:00,294.7616924333919,296.3562177632399,291.74980457972873,294.44671630859375,3468600,0.0,0.0
2024-04-12 00:00:00-04:00,292.2025539163403,293.1671570011287,288.88554244288684,289.6926574707031,3820000,0.0,0.0
2024-04-15 00:00:00-04:00,278.4915630366649,281.9759148580112,267.3889106580971,268.6094055175781,18365100,0.0,0.0
2024-04-16 00:00:00-04:00,270.45983716016565,276.1489613161425,268.156630844885,273.0484924316406,7624300,0.0,0.0
2024-04-17 00:00:00-04:00,273.37333529197707,274.58400792682,270.51893537952907,271.9756774902344,4199400,0.0,0.0
2024-04-18 00:00:00-04:00,271.9756217888621,271.9854441401961,265.50891007853295,267.6448059082031,5918200,0.0,0.0
2024-04-19 00:00:00-04:00,268.2058966856135,268.85552375580266,264.5050319130238,266.1192321777344,4913600,0.0,0.0
2024-04-22 00:00:00-04:00,274.99738326699656,275.30250697565776,265.3219158721492,269.5050964355469,6747200,0.0,0.0
2024-04-23 00:00:00-04:00,270.62714447340085,272.34963031374275,266.15851565416693,272.3299255371094,6285200,0.0,0.0
2024-04-24 00:00:00-04:00,273.62925789215126,274.55448152689513,269.80040241933995,271.84771728515625,3938800,0.0,0.0
2024-04-25 00:00:00-04:00,267.3298459271458,269.27869666998396,265.0463143122869,268.84564208984375,4811900,0.0,0.0
2024-04-26 00:00:00-04:00,270.67633722317754,272.54645863643856,269.16054132415263,269.9775085449219,3754600,0.0,0.0
2024-04-29 00:00:00-04:00,270.56814252755174,272.93040327201606,268.9243853626505,271.4047546386719,3576400,0.0,0.0
2024-04-30 00:00:00-04:00,270.1941043938248,270.2925081421132,264.14077198537626,264.711669921875,5218000,0.0,0.0
2024-05-01 00:00:00-04:00,264.7904051495396,269.69211944799633,262.35923776176384,264.4656066894531,3761000,0.0,0.0
2024-05-02 00:00:00-04:00,266.17821732126697,268.7865472786771,263.72737540401,267.85150146484375,3859900,0.0,0.0
2024-05-03 00:00:00-04:00,272.4677428139425,273.30438481334727,269.0522982104054,269.357421875,4041600,0.0,0.0
2024-05-06 00:00:00-04:00,271.8280272390072,272.77292556508297,269.75118535442806,271.2965087890625,3744800,0.0,0.0
2024-05-07 00:00:00-04:00,271.2571149416949,274.4953973100246,269.76102350125603,272.8221130371094,3507700,0.0,0.0
2024-05-08 00:00:00-04:00,271.39490369030267,275.5387044372753,271.39490369030267,274.5839538574219,3283300,0.0,0.0
2024-05-09 00:00:00-04:00,267.8908560715608,271.02085172937603,266.8081446698031,270.84368896484375,4709700,0.0,0.0
2024-05-10 00:00:00-04:00,271.7591143410364,275.24346626302435,270.64687558925954,272.3201599121094,2912300,0.0,0.0
2024-05-13 00:00:00-04:00,272.78276846032026,273.43236538591424,270.8634147031944,273.1567687988281,2998700,0.0,0.0
2024-05-14 00:00:00-04:00,272.6054860502866,274.4756072794307,270.7156900848781,272.447998046875,3056800,0.0,0.0
2024-05-15 00:00:00-04:00,275.3418417798143,283.2751178575915,275.3320194282281,283.01922607421875,5828500,0.0,0.0
2024-05-16 00:00:00-04:00,284.8696592242814,285.4602018017787,280.10572882214973,280.20416259765625,3559200,0.0,0.0
2024-05-17 00:00:00-04:00,282.5270772825806,282.82234857523963,279.7907864987787,281.1195373535156,3478900,0.0,0.0
2024-05-20 00:00:00-04:00,281.50342574608976,283.1963846129268,280.62740416392415,282.5566101074219,2799300,0.0,0.0
2024-05-21 00:00:00-04:00,282.28100519835783,282.7042373931031,278.83603330687896,279.29864501953125,3492100,0.0,0.0
2024-05-22 00:00:00-04:00,278.954169555983,282.5763045814938,278.3832716217713,279.35772705078125,3309200,0.0,0.0
2024-05-23 00:00:00-04:00,282.17272432499055,282.4877003986117,273.09768271346155,274.19024658203125,5456600,0.0,0.0
2024-05-24 00:00:00-04:00,266.67039966244863,270.63703832987864,264.3081387505354,268.009033203125,8325100,0.0,0.0
2024-05-28 00:00:00-04:00,268.8062847708236,268.93424569638154,262.9596719838622,265.5876770019531,9294100,0.0,0.0
2024-05-29 00:00:00-04:00,263.78640706014215,268.5798343525426,263.5600123897397,267.3494873046875,13397900,0.0,0.0
2024-05-30 00:00:00-04:00,219.88765419451116,221.551086077128,208.66689329829012,214.5823974609375,66763300,0.0,0.0
2024-05-31 00:00:00-04:00,215.6651089105602,230.93125215003465,212.66305862302158,230.75408935546875,36807400,0.0,0.0
2024-06-03 00:00:00-04:00,230.93124003955248,237.20109949656225,226.5905865925599,232.89979553222656,19962700,0.0,0.0
2024-06-04 00:00:00-04:00,232.0139599619796,236.80738795401604,228.54929796423895,231.16748046875,11197500,0.0,0.0
2024-06-05 00:00:00-04:00,231.93524205547237,233.1951165567281,227.90954907850858,232.81124877929688,10772100,0.0,0.0
2024-06-06 00:00:00-04:00,236.10857311411178,242.87055707026718,235.68532583300245,238.9432830810547,11693800,0.0,0.0
2024-06-07 00:00:00-04:00,238.5200413022451,240.09487677240472,236.51210617776582,238.04759216308594,6883800,0.0,0.0
2024-06-10 00:00:00-04:00,237.98851809251735,239.80943799517343,236.64989970941718,238.03773498535156,7656900,0.0,0.0
2024-06-11 00:00:00-04:00,237.36842099290354,239.9176967093025,232.5454511041335,237.2010955810547,7264400,0.0,0.0
2024-06-12 00:00:00-04:00,236.77785384067977,238.39206875472175,231.19700078385992,232.0926971435547,10260100,0.0,0.0
2024-06-13 00:00:00-04:00,231.81710636648936,231.9450522647236,225.06496021195568,225.42913818359375,13566700,0.0,0.0
2024-06-14 00:00:00-04:00,225.7440748260469,231.55130669086773,225.5964241738932,228.29335021972656,8833700,0.0,0.0
2024-06-17 00:00:00-04:00,226.65947070323,228.19494153353895,224.1889390487084,226.8563232421875,10563700,0.0,0.0
2024-06-18 00:00:00-04:00,226.85634450685419,228.63788493257647,225.6259972494341,228.16543579101562,7119800,0.0,0.0
2024-06-20 00:00:00-04:00,229.1890842896221,239.93739571406888,229.1890842896221,237.9983673095703,14809600,0.0,0.0
2024-06-21 00:00:00-04:00,236.787709975498,241.51223124915634,236.41367961742677,241.2071075439453,15719600,0.0,0.0
2024-06-24 00:00:00-04:00,239.3665206487026,240.56734076653305,236.03965687777358,236.16761779785156,7545700,0.0,0.0
2024-06-25 00:00:00-04:00,237.97867413536616,239.27792797957395,236.09870002089278,237.958984375,6037800,0.0,0.0
2024-06-26 00:00:00-04:00,237.67355373824785,239.7799075601064,236.1282304340868,239.32713317871094,4524700,0.0,0.0
2024-06-27 00:00:00-04:00,241.14804748455384,254.53423082186325,240.60669172111733,248.8746337890625,12869000,0.0,0.0
2024-06-28 00:00:00-04:00,249.51439459880424,256.0893623637826,249.19941852870713,253.05780029296875,12619300,0.0,0.0
2024-07-01 00:00:00-04:00,254.09130981990901,255.40041612411747,250.52822896530833,252.1818084716797,5871700,0.0,0.0
2024-07-02 00:00:00-04:00,251.0400637661464,253.6779361626889,250.06562330678946,252.16213989257812,5130600,0.0,0.0
2024-07-03 00:00:00-04:00,252.93973623610339,257.11306476624935,252.90035671097655,256.8473205566406,4755700,0.0,0.0
2024-07-05 00:00:00-04:00,258.58948170813136,261.6308967042584,257.2114987056788,259.0520935058594,6562100,0.0,0.0
2024-07-08 00:00:00-04:00,257.27054155353915,258.70757876103283,253.14641508221808,253.32357788085938,6539300,0.0,0.0
2024-07-09 00:00:00-04:00,252.45607535607135,253.35316605223687,247.5270254328761,248.84800720214844,7014900,0.4,0.0
2024-07-10 00:00:00-04:00,247.63546204481744,251.184383962169,242.61769289572115,249.0057373046875,8947700,0.0,0.0
2024-07-11 00:00:00-04:00,249.0156044346396,251.79558072801345,247.35943586308946,247.5565948486328,5341800,0.0,0.0
2024-07-12 00:00:00-04:00,248.0494754251509,251.66739585390764,246.14686959059088,250.3661346435547,4705500,0.0,0.0
2024-07-15 00:00:00-04:00,252.38705971923028,252.75183468207214,248.54240682220953,249.27191162109375,4404300,0.0,0.0
2024-07-16 00:00:00-04:00,250.17883930982137,253.13626905818455,249.08458970123638,252.39691162109375,4780400,0.0,0.0
2024-07-17 00:00:00-04:00,250.3956861152552,251.9434147024746,246.0679817482608,247.65513610839844,5625300,0.0,0.0
2024-07-18 00:00:00-04:00,248.56214186178784,248.86774056616838,242.23324323608523,243.84011840820312,6351600,0.0,0.0
2024-07-19 00:00:00-04:00,245.1216193679066,245.45680615748154,241.69100521521574,244.11610412597656,4468900,0.0,0.0
2024-07-22 00:00:00-04:00,245.22021033443042,251.9532936936094,244.48085291633666,250.47457885742188,5647600,0.0,0.0
2024-07-23 00:00:00-04:00,252.948961203229,253.67845090959776,250.14926466890108,252.42648315429688,3905500,0.0,0.0
2024-07-24 00:00:00-04:00,250.0309543423519,252.2785995724594,245.36806297227184,246.23558044433594,5204100,0.0,0.0
2024-07-25 00:00:00-04:00,251.1252184773391,260.33266425925626,248.14806837774626,252.87994384765625,7155800,0.0,0.0
2024-07-26 00:00:00-04:00,254.50653131512027,260.73682643613114,253.42213450964238,258.9820861816406,6127300,0.0,0.0
2024-07-29 00:00:00-04:00,258.98212547248716,262.3043002152409,254.85157934441628,254.92059326171875,5101400,0.0,0.0
2024-07-30 00:00:00-04:00,255.93596439439995,257.04993440785154,251.49981979292215,254.2699432373047,3944300,0.0,0.0
2024-07-31 00:00:00-04:00,252.57438013634155,258.11462770838745,251.72659794852115,255.12762451171875,4647700,0.0,0.0
2024-08-01 00:00:00-04:00,256.2120070687744,259.62290116636893,246.19618913209925,249.4690704345703,5527400,0.0,0.0
2024-08-02 00:00:00-04:00,244.2738428579558,244.48086956771914,237.6984922436056,240.508056640625,6504500,0.0,0.0
2024-08-05 00:00:00-04:00,229.0233825671635,238.38857740960202,228.91494286729724,235.61843872070312,6899300,0.0,0.0
2024-08-06 00:00:00-04:00,237.66889950550507,240.38974439158318,234.65232369030102,235.0367889404297,5673900,0.0,0.0
2024-08-07 00:00:00-04:00,239.16732758965423,243.03170038494034,236.25919154936844,236.6337890625,4035500,0.0,0.0
2024-08-08 00:00:00-04:00,239.78840887250252,245.89055960404684,239.63067567613462,245.5849609375,4474300,0.0,0.0
2024-08-09 00:00:00-04:00,245.1708951096279,249.3605867742915,244.92444265876534,248.94654846191406,2975300,0.0,0.0
2024-08-12 00:00:00-04:00,249.01559974537466,250.48444694593883,245.4863983142223,247.743896484375,3679700,0.0,0.0
2024-08-13 00:00:00-04:00,249.4098960736248,252.15044629745577,249.4098960736248,250.98719787597656,4031600,0.0,0.0
2024-08-14 00:00:00-04:00,251.76598983784044,254.05306098457586,250.2577018937512,251.69699096679688,4145200,0.0,0.0
2024-08-15 00:00:00-04:00,254.24040950245202,259.15962217956246,252.6039611859792,259.06103515625,5167900,0.0,0.0
2024-08-16 00:00:00-04:00,258.03574764931307,259.8595020259184,255.99511388601093,259.1792907714844,3494900,0.0,0.0
2024-08-19 00:00:00-04:00,259.3665517463533,261.6240645019113,257.9174102076538,261.61419677734375,4501300,0.0,0.0
2024-08-20 00:00:00-04:00,261.1903349986976,261.7325183890439,257.3259471020506,258.12445068359375,5731300,0.0,0.0
2024-08-21 00:00:00-04:00,257.3949995630859,258.42025039689725,255.5022311071676,257.3851318359375,4648200,0.0,0.0
2024-08-22 00:00:00-04:00,257.7893038477593,259.5243389997506,253.61931689772527,254.92059326171875,5111400,0.0,0.0
2024-08-23 00:00:00-04:00,258.2723271628616,261.8311165608219,257.0006540473621,260.2538146972656,4711300,0.0,0.0
2024-08-26 00:00:00-04:00,260.1947041925726,263.50701148420893,259.50462513121425,261.51568603515625,3818300,0.0,0.0
2024-08-27 00:00:00-04:00,255.96550566190086,260.7072483395795,255.7190532146846,260.4509582519531,5276400,0.0,0.0
2024-08-28 00:00:00-04:00,258.1145659985954,261.41703483656755,253.7079950011343,255.2261505126953,10981900,0.0,0.0
2024-08-29 00:00:00-04:00,267.16436098575383,268.0910247344491,252.6433697652493,253.36302185058594,14301700,0.0,0.0
2024-08-30 00:00:00-04:00,253.78692610810936,255.45294739715635,247.43830736885496,249.31134033203125,10507700,0.0,0.0
2024-09-03 00:00:00-04:00,249.03531495302244,250.0901388630033,243.1401754224616,244.54002380371094,6190400,0.0,0.0
2024-09-04 00:00:00-04:00,242.97255326919503,245.93983548216215,241.6811447812999,244.16537475585938,4706500,0.0,0.0
2024-09-05 00:00:00-04:00,242.48950492161643,244.9737499783009,241.52341547156428,242.6275177001953,4083600,0.0,0.0
2024-09-06 00:00:00-04:00,244.22456439387204,246.45248948358784,238.0139586504324,240.508056640625,6259400,0.0,0.0
2024-09-09 00:00:00-04:00,243.0021335048457,245.82155034111585,241.2966866377209,242.2726287841797,4588800,0.0,0.0
2024-09-10 00:00:00-04:00,243.62322908685158,243.83024076230976,239.8574276824333,242.6669921875,3544800,0.0,0.0
2024-09-11 00:00:00-04:00,241.3361300097106,246.4722064370974,238.57585915776193,246.02859497070312,4822200,0.0,0.0
2024-09-12 00:00:00-04:00,247.8227587453341,250.53373606425816,246.02859248715168,249.774658203125,5219700,0.0,0.0
2024-09-13 00:00:00-04:00,248.95643360078148,253.18555159033028,248.86771431704807,250.9576416015625,4998900,0.0,0.0
2024-09-16 00:00:00-04:00,250.95764316937885,254.1516577418614,250.95764316937885,253.26443481445312,5367000,0.0,0.0
2024-09-17 00:00:00-04:00,255.0487401633464,255.68951058554032,251.14492631577053,251.56883239746094,5423400,0.0,0.0
2024-09-18 00:00:00-04:00,252.76355193041852,252.88203002430376,247.78727613077635,249.23867797851562,4436700,0.4,0.0
2024-09-19 00:00:00-04:00,257.4238642886256,266.13236520080676,254.7876063450393,262.6272277832031,11022800,0.0,0.0
2024-09-20 00:00:00-04:00,262.64701112526376,266.9025200729128,258.01630145952277,263.427001953125,11463200,0.0,0.0
2024-09-23 00:00:00-04:00,263.8712957398402,264.67105291601325,258.92462495022477,260.8697204589844,6034000,0.0,0.0
2024-09-24 00:00:00-04:00,266.4186922794457,269.01544763072616,262.9234680135159,267.02099609375,7154500,0.0,0.0
2024-09-25 00:00:00-04:00,267.0308813310491,273.54741754080595,265.97440144226994,270.6248474121094,7920000,0.0,0.0
2024-09-26 00:00:00-04:00,272.6390601683866,275.1173373979977,269.26228390281386,272.27374267578125,5253400,0.0,0.0
2024-09-27 00:00:00-04:00,272.76737747471304,274.32738898027907,271.582536487676,273.142578125,5220100,0.0,0.0
2024-09-30 00:00:00-04:00,270.48662009698745,272.25396846380625,265.7374325652287,270.2496337890625,5059700,0.0,0.0
2024-10-01 00:00:00-04:00,270.67420449175813,271.2271222913872,266.28045148324,267.4455261230469,4369900,0.0,0.0
2024-10-02 00:00:00-04:00,270.2594969314665,278.4348158511885,267.42578571888527,275.9466857910156,8512300,0.0,0.0
2024-10-03 00:00:00-04:00,275.46287231289955,277.5659487084617,274.2188222936495,277.3586120605469,3868400,0.0,0.0
2024-10-04 00:00:00-04:00,280.27128643084876,284.2503660957415,277.9115176664149,284.11212158203125,6129900,0.0,0.0
2024-10-07 00:00:00-04:00,282.95691930136394,284.52684435443956,279.7973931547602,280.97235107421875,4794700,0.0,0.0
2024-10-08 00:00:00-04:00,282.3842612740871,288.9304466974319,280.50828794232484,287.88385009765625,5211200,0.0,0.0
2024-10-09 00:00:00-04:00,287.1433604701359,287.8838787114154,283.4506223506894,284.280029296875,4851000,0.0,0.0
2024-10-10 00:00:00-04:00,284.2799716059039,286.5607649156457,281.02167392644543,286.50152587890625,3965500,0.0,0.0
2024-10-11 00:00:00-04:00,285.5536550017889,286.5706320245945,282.6804410522875,284.45770263671875,3597000,0.0,0.0
2024-10-14 00:00:00-04:00,286.25474654624423,288.75276022514623,284.60584599318156,287.9530029296875,3642500,0.0,0.0
2024-10-15 00:00:00-04:00,289.74994201001175,289.86842009649354,284.35897815275894,284.7045593261719,3850800,0.0,0.0
2024-10-16 00:00:00-04:00,283.9146794087513,287.2420999906038,280.636674920083,287.1828308105469,3497000,0.0,0.0
2024-10-17 00:00:00-04:00,288.2689169702626,289.6314752817607,286.43244629425226,287.4296569824219,2830000,0.0,0.0
2024-10-18 00:00:00-04:00,288.34792592213023,290.9841538767417,286.48180556911854,289.2365417480469,3087900,0.0,0.0
2024-10-21 00:00:00-04:00,285.34633411388234,289.2167889972083,284.39847929558755,287.6073913574219,2712600,0.0,0.0
2024-10-22 00:00:00-04:00,286.086844888922,288.2491602944817,284.01338804542837,284.6847839355469,3100100,0.0,0.0
2024-10-23 00:00:00-04:00,284.092404505855,284.65517542069983,279.04699165388723,280.8341064453125,3227100,0.0,0.0
2024-10-24 00:00:00-04:00,282.9371600039279,285.25745613243635,281.5746018462608,283.1346435546875,3210700,0.0,0.0
2024-10-25 00:00:00-04:00,286.33369626761163,290.6583272599078,285.1784746488326,286.7878723144531,3351200,0.0,0.0
2024-10-28 00:00:00-04:00,289.88819635582126,292.32697082442206,288.7922137552008,290.0560302734375,3867800,0.0,0.0
2024-10-29 00:00:00-04:00,290.28313498797434,296.7997011875263,289.1081770310534,295.111328125,4280700,0.0,0.0
2024-10-30 00:00:00-04:00,293.31428322420254,295.75305731701343,292.6033846590014,292.6527404785156,2826500,0.0,0.0
2024-10-31 00:00:00-04:00,288.90080086384614,292.34666878143344,285.88934251051086,287.68634033203125,4301800,0.0,0.0
2024-11-01 00:00:00-04:00,286.5607927940997,293.2353093473973,286.33368970999913,290.9940185546875,3527500,0.0,0.0
2024-11-04 00:00:00-05:00,294.2226957209251,296.38501137937783,289.2168153485035,294.2424621582031,5107900,0.0,0.0
2024-11-05 00:00:00-05:00,293.679617566316,295.0322925218731,291.0137402603826,293.7289733886719,4456100,0.0,0.0
2024-11-06 00:00:00-05:00,301.1440159244286,304.65900596205506,299.23842331757777,303.0199890136719,5874900,0.0,0.0
2024-11-07 00:00:00-05:00,303.61245105997966,308.24316044766306,302.13141471334563,306.8509826660156,5722600,0.0,0.0
2024-11-08 00:00:00-05:00,306.1104754139715,318.72890433221784,305.52793804599,317.8797912597656,8485000,0.0,0.0
2024-11-11 00:00:00-05:00,321.138006551103,340.5198378705644,321.138006551103,337.40966796875,13954200,0.0,0.0
2024-11-12 00:00:00-05:00,335.00059582804874,344.4495859295676,334.2304580425884,336.8370666503906,7659700,0.0,0.0
2024-11-13 00:00:00-05:00,341.1320518427314,343.7880462053909,334.4871243269854,337.39984130859375,6902900,0.0,0.0
2024-11-14 00:00:00-05:00,338.11075062906076,341.62574139588776,326.637659741992,327.4571533203125,7630600,0.0,0.0
2024-11-15 00:00:00-05:00,322.7967888965877,326.08470633351226,320.08155569880046,321.1479187011719,7093000,0.0,0.0
2024-11-18 00:00:00-05:00,322.8659435949925,322.8659435949925,316.1617768797807,318.1759948730469,4250400,0.0,0.0
2024-11-19 00:00:00-05:00,314.9671075736397,320.5950585391039,312.00503446166186,319.3410949707031,5469900,0.0,0.0
2024-11-20 00:00:00-05:00,321.1775772101323,323.12267297866424,317.9390453354551,321.5823974609375,3763500,0.0,0.0
2024-11-21 00:00:00-05:00,327.16092545814604,338.6043956803142,324.44569223515697,331.534912109375,8364200,0.0,0.0
2024-11-22 00:00:00-05:00,334.6648496618329,338.4760352964524,331.5349130074252,337.6960144042969,5649400,0.0,0.0
2024-11-25 00:00:00-05:00,340.6383034634046,343.4522780835841,334.0131437372836,334.82275390625,7117200,0.0,0.0
2024-11-26 00:00:00-05:00,337.6565281921569,339.4633791564788,334.85243651216416,338.8413391113281,4492800,0.0,0.0
2024-11-27 00:00:00-05:00,332.20629794031083,333.1146801035548,324.72214130486776,325.8378601074219,7471500,0.0,0.0
2024-11-29 00:00:00-05:00,325.1762779246006,327.79276897143234,323.11270460344815,325.81805419921875,3517600,0.0,0.0
2024-12-02 00:00:00-05:00,327.8027613608621,330.27115564821804,325.9366408163733,326.8252868652344,6063400,0.0,0.0
2024-12-03 00:00:00-05:00,323.2608490441073,328.5925736756064,319.5582583094884,327.2398986816406,12632400,0.0,0.0
2024-12-04 00:00:00-05:00,362.17261119810746,364.3349265875827,352.1410551320798,363.2192077636719,24733100,0.0,0.0
2024-12-05 00:00:00-05:00,356.2188587354475,360.8298317914245,352.1608336334279,356.811279296875,10942100,0.0,0.0
2024-12-06 00:00:00-05:00,360.37561629994536,362.5083121868735,356.52492794789197,357.4135437011719,5738900,0.0,0.0
2024-12-09 00:00:00-05:00,357.1272106993297,357.1272106993297,346.35513703310477,347.1252746582031,6475000,0.0,0.0
2024-12-10 00:00:00-05:00,346.90810880974965,350.99575372333953,343.037653647943,344.41009521484375,6033000,0.0,0.0
2024-12-11 00:00:00-05:00,349.0210390384675,355.64623043162305,347.4314077171775,350.3638610839844,7546600,0.0,0.0
2024-12-12 00:00:00-05:00,350.5119393429571,355.4487272210269,348.45824884365527,353.5036315917969,5422000,0.0,0.0
2024-12-13 00:00:00-05:00,359.3981865679934,360.18806063961284,348.04357353081775,349.8306884765625,5538000,0.0,0.0
2024-12-16 00:00:00-05:00,346.34527692686896,353.5431218355771,346.1280570626412,352.7137451171875,5482300,0.0,0.0
2024-12-17 00:00:00-05:00,352.38795231663556,352.71379722699794,344.69642750122665,346.5329284667969,6911000,0.0,0.0
2024-12-18 00:00:00-05:00,350.41763783473704,350.6845177004979,331.37942309074754,333.3465270996094,8400000,0.4,0.0
2024-12-19 00:00:00-05:00,337.76504166232553,339.5739543598419,331.56722681731725,332.3580322265625,7423400,0.0,0.0
2024-12-20 00:00:00-05:00,328.9082004182483,342.46033958716737,327.3266499400111,339.69256591796875,14932300,0.0,0.0
2024-12-23 00:00:00-05:00,338.3087242005645,339.89030498535186,332.80285985682673,338.95123291015625,5330300,0.0,0.0
2024-12-24 00:00:00-05:00,339.0500674181276,340.97762359964395,336.90504351442036,340.4635925292969,1811000,0.0,0.0
2024-12-26 00:00:00-05:00,340.90843423494726,340.90843423494726,337.10276404832547,337.7848205566406,3483300,0.0,0.0
2024-12-27 00:00:00-05:00,336.43063487384995,338.3285078217774,331.4091177765759,334.5525207519531,3220400,0.0,0.0
2024-12-30 00:00:00-05:00,329.6298090769706,334.216359823894,327.7912128806694,331.8736572265625,3411100,0.0,0.0
2024-12-31 00:00:00-05:00,332.3975812536122,333.26745220283436,328.5820466045134,330.47991943359375,3026000,0.0,0.0
2025-01-02 00:00:00-05:00,332.437133308158,335.01709286845846,324.0350172437165,326.8522033691406,4807100,0.0,0.0
2025-01-03 00:00:00-05:00,328.2756004590998,329.60016563329293,325.47817335159056,329.0663757324219,4101200,0.0,0.0
2025-01-06 00:00:00-05:00,330.17346334391164,332.72376933175275,323.51108985794446,326.7236633300781,5785300,0.0,0.0
2025-01-07 00:00:00-05:00,326.6940357495126,327.6825199726579,319.1914441157773,321.18817138671875,4643100,0.0,0.0
2025-01-08 00:00:00-05:00,323.96579060802145,325.01358140970797,319.38910409714833,323.1354675292969,3788200,0.0,0.0
2025-01-10 00:00:00-05:00,319.0529604749826,319.0529604749826,312.3806936704164,314.18963623046875,6540000,0.0,0.0
2025-01-13 00:00:00-05:00,310.97713482721866,316.85859770758407,310.18632936887,315.3956604003906,4583000,0.0,0.0
2025-01-14 00:00:00-05:00,321.25732626067054,326.1404400331239,317.7976319778633,319.81414794921875,5935200,0.0,0.0
2025-01-15 00:00:00-05:00,326.0811615032152,327.71215434386943,317.0859495594818,317.4615783691406,6042700,0.0,0.0
2025-01-16 00:00:00-05:00,319.2210873437114,323.94604057432156,315.8701114534401,316.31494140625,5047700,0.0,0.0
2025-01-17 00:00:00-05:00,324.93451595966076,325.7747335332278,319.3495864600512,320.8224182128906,6303600,0.0,0.0
2025-01-21 00:00:00-05:00,325.6066582537073,325.7252715197611,318.7367118215333,323.0761413574219,6397200,0.0,0.0
2025-01-22 00:00:00-05:00,327.4353628887087,331.369540523756,323.5110797479705,328.7895812988281,7259300,0.0,0.0
2025-01-23 00:00:00-05:00,328.50293677613485,331.5968971097563,325.804394250449,330.8061218261719,4355900,0.0,0.0
2025-01-24 00:00:00-05:00,332.42720998209984,334.75015378462393,327.96916694634353,330.03509521484375,3299100,0.0,0.0
2025-01-27 00:00:00-05:00,328.5325970116179,349.083192149995,326.6940308638127,343.1028747558594,15661100,0.0,0.0
2025-01-28 00:00:00-05:00,350.6845300225502,362.8626626497762,346.4241655186757,355.8049011230469,12099300,0.0,0.0
2025-01-29 00:00:00-05:00,354.6285643165268,356.03219484132165,347.4521601186634,349.9233703613281,6266700,0.0,0.0
2025-01-30 00:00:00-05:00,336.97422901100924,343.99247226575136,336.08459934010193,339.6134948730469,7591100,0.0,0.0
2025-01-31 00:00:00-05:00,343.9924832269431,345.47520944774885,336.183464497261,337.7650451660156,5778000,0.0,0.0
2025-02-03 00:00:00-05:00,332.101041513887,337.52781017809076,327.44528932747255,335.3333740234375,4549400,0.0,0.0
2025-02-04 00:00:00-05:00,341.6398781151791,342.9347899043463,334.76993155296583,340.17694091796875,4965600,0.0,0.0
2025-02-05 00:00:00-05:00,341.73879795815037,344.032088804596,334.9676743796594,343.92333984375,4521000,0.0,0.0
2025-02-06 00:00:00-05:00,333.59362955770166,333.59362955770166,325.31012785815375,327.00042724609375,13240600,0.0,0.0
2025-02-07 00:00:00-05:00,328.17671891673126,329.9757672060883,319.9920718323211,322.0777587890625,7626100,0.0,0.0
2025-02-10 00:00:00-05:00,324.14374717326245,327.9296283281833,322.8883529521552,323.4320373535156,5981900,0.0,0.0
2025-02-11 00:00:00-05:00,320.28858632781265,322.68073096686044,317.5603909027652,320.6642150878906,5455900,0.0,0.0
2025-02-12 00:00:00-05:00,315.8700929184305,323.2343117823756,313.31981712609394,322.36444091796875,5643400,0.0,0.0
2025-02-13 00:00:00-05:00,322.44355243852476,326.5457557631872,319.49785871449257,326.051513671875,4312100,0.0,0.0
2025-02-14 00:00:00-05:00,324.2524336864947,324.71702241379325,318.90473115861687,322.77960205078125,5879700,0.0,0.0
2025-02-18 00:00:00-05:00,324.80595763695055,325.3694007632366,319.2803356339954,325.17169189453125,5262100,0.0,0.0
2025-02-19 00:00:00-05:00,325.9427800313224,325.9427800313224,319.15189820438326,320.79278564453125,5012000,0.0,0.0
2025-02-20 00:00:00-05:00,318.5291226846192,320.71369437465654,314.54553276874356,314.76300048828125,6393100,0.0,0.0
2025-02-21 00:00:00-05:00,315.2968046931363,315.2968046931363,303.32624541260617,306.2323913574219,7353200,0.0,0.0
2025-02-24 00:00:00-05:00,307.9227065421186,309.12865840911076,300.02469768802047,304.7694396972656,6652900,0.0,0.0
2025-02-25 00:00:00-05:00,302.7232477085877,304.8682714225958,297.158077544538,302.3575134277344,7360100,0.0,0.0
2025-02-26 00:00:00-05:00,309.0594390928769,310.0874709926421,302.9209613426107,303.7908020019531,12638500,0.0,0.0
2025-02-27 00:00:00-05:00,292.9273868621589,301.40859768897855,289.29966695601746,291.50396728515625,16691400,0.0,0.0
2025-02-28 00:00:00-05:00,292.55176388343796,298.5024578398109,288.7856416427993,294.4200134277344,10863100,0.0,0.0
2025-03-03 00:00:00-05:00,297.53371637375443,299.57988571626504,287.7081819313764,289.6851501464844,6298200,0.0,0.0
2025-03-04 00:00:00-05:00,286.660407876029,288.29140071519856,278.9897611017668,284.0310363769531,9096300,0.0,0.0
2025-03-05 00:00:00-05:00,283.9124572199738,289.3095729633866,282.3308763325515,288.6077575683594,6612600,0.0,0.0
2025-03-06 00:00:00-05:00,284.91080834854716,294.6473534668001,281.5499379766507,282.7558898925781,10396800,0.0,0.0
2025-03-07 00:00:00-05:00,279.91893238302794,284.98986086334855,272.00119491034366,279.6322937011719,8248100,0.0,0.0
2025-03-10 00:00:00-04:00,273.78043106167195,275.1445438898427,267.6024056921593,269.7572937011719,10040200,0.0,0.0
2025-03-11 00:00:00-04:00,270.56785841984254,277.22036701107476,268.867664628049,273.8594970703125,8313400,0.0,0.0
2025-03-12 00:00:00-04:00,278.60428331468285,282.63728565736193,275.87605721554604,281.3028259277344,7463900,0.0,0.0
2025-03-13 00:00:00-04:00,278.80195695978307,279.3060935557017,266.64361334808865,268.6106872558594,9494500,0.0,0.0
2025-03-14 00:00:00-04:00,271.8331403866514,276.6668423445477,269.5398499260608,276.1824645996094,6976900,0.0,0.0
2025-03-17 00:00:00-04:00,274.1758558560803,279.4741468183126,272.9007028002634,277.5169372558594,4484300,0.0,0.0
2025-03-18 00:00:00-04:00,276.7952948332896,277.2697780405489,272.76229315307387,275.5201721191406,5881700,0.0,0.0
2025-03-19 00:00:00-04:00,274.3043578561869,278.970004356819,274.0967846264915,276.172607421875,5245400,0.0,0.0
2025-03-20 00:00:00-04:00,273.8694268851367,279.6224121027663,273.8694268851367,275.8167419433594,5504700,0.0,0.0
2025-03-21 00:00:00-04:00,273.0292088496889,278.6042741442186,270.89407938579313,277.388427734375,9804100,0.0,0.0
2025-03-24 00:00:00-04:00,280.4724950390346,283.4577366057825,279.9584941189071,282.66693115234375,6763800,0.0,0.0
2025-03-25 00:00:00-04:00,282.32092470164855,287.1052142135673,282.32092470164855,285.286376953125,4301700,0.0,0.0
2025-03-26 00:00:00-04:00,285.0195462091146,285.71149725344725,276.3604144899756,277.7541809082031,5070300,0.0,0.0
2025-03-27 00:00:00-04:00,277.30935139309355,277.66519120671086,272.83151940822296,274.61077880859375,3757200,0.0,0.0
2025-03-28 00:00:00-04:00,273.5234579216889,274.0177000278076,266.0900675054756,266.861083984375,4973400,0.0,0.0
2025-03-31 00:00:00-04:00,261.5034399987918,265.35855187713645,256.20518003866044,265.2695617675781,7585800,0.0,0.0
2025-04-01 00:00:00-04:00,265.76384458190455,267.7012953120197,262.7588743668874,267.08843994140625,4598200,0.0,0.0
2025-04-02 00:00:00-04:00,262.897235937865,270.47892263715283,262.689662713003,268.4129943847656,5396900,0.0,0.0
2025-04-03 00:00:00-04:00,257.1442933687838,259.54630272651195,251.51980079408338,252.2908172607422,8872600,0.0,0.0
2025-04-04 00:00:00-04:00,244.84752453156582,247.4076948976997,236.77161071751894,237.98744201660156,9705000,0.0,0.0
2025-04-07 00:00:00-04:00,227.3513539620959,250.03706213430823,227.3513539620959,241.39772033691406,11965200,0.0,0.0
2025-04-08 00:00:00-04:00,251.02554571723277,254.42594867390014,237.50308984752223,241.1802520751953,9340300,0.0,0.0
2025-04-09 00:00:00-04:00,238.1258054239199,265.08178520528634,238.1258054239199,262.1163330078125,12491100,0.0,0.0
2025-04-10 00:00:00-04:00,257.4097104562182,258.6373470992913,245.65797197071066,252.5783233642578,9692300,0.416,0.0
2025-04-11 00:00:00-04:00,251.7367954136667,253.85547468957546,245.21243794636035,252.4595184326172,6089000,0.0,0.0
2025-04-14 00:00:00-04:00,257.4097080425117,257.4097080425117,250.61805129527303,252.01400756835938,6038100,0.0,0.0
2025-04-15 00:00:00-04:00,251.83579451679154,254.16238831935667,251.27148108587912,252.3902130126953,5227700,0.0,0.0
2025-04-16 00:00:00-04:00,249.42009601430442,254.05346344365145,244.23231010008894,247.35092163085938,7190900,0.0,0.0
2025-04-17 00:00:00-04:00,247.28163428774863,249.0537945054991,244.34122213605195,244.796630859375,5566900,0.0,0.0
2025-04-21 00:00:00-04:00,238.03467342987338,240.0642530240193,230.45099879024664,233.90621948242188,9240000,0.0,0.0
2025-04-22 00:00:00-04:00,235.85658331580024,241.78691222063023,233.2527954721082,240.96517944335938,7145300,0.0,0.0
2025-04-23 00:00:00-04:00,250.0933271653285,255.2217283211393,247.0143105062503,247.9845428466797,5818900,0.0,0.0
2025-04-24 00:00:00-04:00,255.6276242320335,262.3400754261026,254.43956747358968,262.0628662109375,7857600,0.0,0.0
2025-04-25 00:00:00-04:00,262.08269671786053,266.3497554130662,261.56788815659445,265.1815185546875,5651700,0.0,0.0
2025-04-28 00:00:00-04:00,265.47850342114094,266.8150598564511,260.7065162496383,262.9935302734375,4977700,0.0,0.0
2025-04-29 00:00:00-04:00,262.75590339841057,265.90421488123275,262.5282141473929,265.0924072265625,3139800,0.0,0.0
2025-04-30 00:00:00-04:00,262.1618787938235,266.19133806878403,260.37982364516705,266.0329284667969,4624100,0.0,0.0
2025-05-01 00:00:00-04:00,270.67618751441483,271.8642443411204,266.3200295057281,266.646728515625,5208900,0.0,0.0
2025-05-02 00:00:00-04:00,271.7256287300308,273.5671138179322,269.53765475817636,272.3394470214844,4323400,0.0,0.0
2025-05-05 00:00:00-04:00,270.64649734302185,273.4186199672366,269.59706020087106,269.91387939453125,4219600,0.0,0.0
2025-05-06 00:00:00-04:00,267.1318861990769,272.0622528870195,265.8646395940643,270.6365966796875,4681600,0.0,0.0
2025-05-07 00:00:00-04:00,270.98314128363836,276.01254843630477,270.98314128363836,275.4581298828125,4267600,0.0,0.0
2025-05-08 00:00:00-04:00,276.4283148701089,280.2300545974685,275.6065971789169,276.9530334472656,4789900,0.0,0.0
2025-05-09 00:00:00-04:00,278.814330761447,279.66577864567444,271.15145087112035,272.6761169433594,4324200,0.0,0.0
2025-05-12 00:00:00-04:00,282.1606163701095,286.09106546282413,280.4082613137376,285.94256591796875,5937400,0.0,0.0
2025-05-13 00:00:00-04:00,288.1008479426412,289.8235031382954,286.0514635256141,286.2890930175781,6711600,0.0,0.0
2025-05-14 00:00:00-04:00,290.5759883417264,293.1005717257169,286.3782392687697,287.8434753417969,7926200,0.0,0.0
2025-05-15 00:00:00-04:00,286.6851039458715,289.0611873878031,285.0812483779062,287.8632507324219,4635600,0.0,0.0
2025-05-16 00:00:00-04:00,288.1899287975655,289.2591859075245,286.8335826494932,288.24932861328125,3846000,0.0,0.0
2025-05-19 00:00:00-04:00,285.22975355625186,287.01180861947967,284.05160674645384,284.7644348144531,5781200,0.0,0.0
2025-05-20 00:00:00-04:00,285.2198549410891,285.56637405436,282.36854255486526,285.1901550292969,4032300,0.0,0.0
2025-05-21 00:00:00-04:00,281.5765273169115,284.76444880352335,278.30938592244087,279.4677429199219,5689800,0.0,0.0
2025-05-22 00:00:00-04:00,279.6854965168378,283.49714560942056,278.230140689253,280.5963439941406,6642700,0.0,0.0
2025-05-23 00:00:00-04:00,276.2204194136174,277.9430747265732,268.94363888098036,270.4089050292969,8887800,0.0,0.0
2025-05-27 00:00:00-04:00,270.44852736238744,275.80460305916444,267.59721484246774,274.428466796875,10958000,0.0,0.0
2025-05-28 00:00:00-04:00,274.9432849201275,276.0323321306658,270.85442551947347,273.280029296875,12758600,0.0,0.0
2025-05-29 00:00:00-04:00,260.9639315353864,265.12210033265166,251.9644959917955,264.2607727050781,28053100,0.0,0.0
2025-05-30 00:00:00-04:00,265.40918894109205,267.0526545023712,258.10273896797963,262.7261962890625,12388500,0.0,0.0
2025-06-02 00:00:00-04:00,260.4886956917858,261.1619440082328,256.5582766732531,259.0135498046875,9213500,0.0,0.0
2025-06-03 00:00:00-04:00,259.3897811404899,262.1123838051324,258.75614274512765,261.8351745605469,7838500,0.0,0.0
2025-06-04 00:00:00-04:00,261.55795337698316,262.85489980640233,259.013550297099,260.5481262207031,7372500,0.0,0.0
2025-06-05 00:00:00-04:00,261.0827257866551,266.0725221976128,261.0134461385129,264.47857666015625,8642900,0.0,0.0
2025-06-06 00:00:00-04:00,267.2803687223913,272.1612453169144,265.5378934214904,271.775146484375,7507000,0.0,0.0
2025-06-09 00:00:00-04:00,270.13171770725023,271.46827427496237,266.97349590145535,269.5376892089844,5728300,0.0,0.0
2025-06-10 00:00:00-04:00,269.3594709112455,271.02272641939106,264.18156465839434,265.5478210449219,6309700,0.0,0.0
2025-06-11 00:00:00-04:00,265.8250268352924,266.82497422095787,262.76581506828785,263.2608337402344,6568100,0.0,0.0
2025-06-12 00:00:00-04:00,262.0629108242506,266.33984941296524,260.77584408123784,264.2508850097656,8054000,0.0,0.0
2025-06-13 00:00:00-04:00,260.85501321234227,263.05289701229395,255.42959846117705,255.8256072998047,7659300,0.0,0.0
2025-06-16 00:00:00-04:00,257.7958172207237,261.35004736658954,257.3700782356646,261.25103759765625,7177000,0.0,0.0
2025-06-17 00:00:00-04:00,261.2213489508209,267.8050909859561,259.488783667178,260.1422119140625,9110100,0.0,0.0
2025-06-18 00:00:00-04:00,262.5775888633263,262.85523768410314,255.30912100353595,257.32208251953125,7628000,0.416,0.0
2025-06-20 00:00:00-04:00,258.50209044825556,260.6637869405405,257.0840993762802,258.4425964355469,12859200,0.0,0.0
2025-06-23 00:00:00-04:00,258.4525384870847,262.5181041652862,256.57838618424154,261.19927978515625,9283800,0.0,0.0
2025-06-24 00:00:00-04:00,263.4799075829207,271.08554716776433,263.212184566631,268.89410400390625,9713900,0.0,0.0
2025-06-25 00:00:00-04:00,269.7171612362035,271.7003756570579,264.73930393398103,265.51275634765625,6074300,0.0,0.0
2025-06-26 00:00:00-04:00,266.52417084493493,268.7354657024598,262.93455777308077,268.46771240234375,6708000,0.0,0.0
2025-06-27 00:00:00-04:00,269.5783698109102,271.8690107163253,267.16877112229685,271.12530517578125,21741400,0.0,0.0
2025-06-30 00:00:00-04:00,272.1565010204925,274.060400141214,268.13057824814024,270.4013671875,8541900,0.0,0.0
2025-07-01 00:00:00-04:00,269.79648597277975,271.70038519869985,268.36859938015414,269.6279296875,6256800,0.0,0.0
2025-07-02 00:00:00-04:00,269.2412024769318,269.42961028434075,263.42047248343687,266.9505920410156,6115200,0.0,0.0
2025-07-03 00:00:00-04:00,267.4365164104032,272.42430020794757,267.05970077273724,269.8659362792969,5031800,0.0,0.0
2025-07-07 00:00:00-04:00,269.23131484747046,271.70040740629304,265.95899251380695,267.53564453125,6283500,0.0,0.0
2025-07-08 00:00:00-04:00,268.5173199587112,274.4768586040423,267.4662187562488,271.3533020019531,6661200,0.0,0.0
2025-07-09 00:00:00-04:00,272.05737212145146,273.24731302023173,267.1092612359074,268.6462707519531,6373600,0.0,0.0
2025-07-10 00:00:00-04:00,268.62644021465525,269.21148495278027,261.00097684212255,261.7546081542969,7244600,0.0,0.0
2025-07-11 00:00:00-04:00,260.3762112490156,260.7431313410721,255.10088382239738,255.90408325195312,7011200,0.0,0.0
2025-07-14 00:00:00-04:00,256.42962686008923,260.0291658223091,255.33885289253013,257.50054931640625,6533900,0.0,0.0
2025-07-15 00:00:00-04:00,258.80949248618043,259.6126919384973,255.07114404439156,255.41818237304688,5201500,0.0,0.0
2025-07-16 00:00:00-04:00,256.75688155933517,256.80648008326114,252.3839046845891,255.78512573242188,5649500,0.0,0.0
2025-07-17 00:00:00-04:00,255.82476122547868,258.01623517741075,254.49601105624748,257.69891357421875,5837400,0.0,0.0
2025-07-18 00:00:00-04:00,258.1153574351595,260.77288788820994,256.94526813218806,260.17791748046875,6381200,0.0,0.0
2025-07-21 00:00:00-04:00,261.40751604242786,262.0917275120132,259.44415292227313,260.0787658691406,6714700,0.0,0.0
2025-07-22 00:00:00-04:00,260.7927019466809,263.6584613718957,259.8010947149445,261.37774658203125,5001400,0.0,0.0
2025-07-23 00:00:00-04:00,261.70500304753335,266.2267297611283,260.29690741429135,264.977294921875,5620700,0.0,0.0
2025-07-24 00:00:00-04:00,265.73089586280713,267.0397943065968,263.41053875522016,265.4532470703125,5877100,0.0,0.0
2025-07-25 00:00:00-04:00,265.76066615693856,268.82472889809685,264.7690589166368,266.8514099121094,4015400,0.0,0.0
2025-07-28 00:00:00-04:00,267.2381670843331,268.07111358413067,264.3525862128273,267.98187255859375,4533700,0.0,0.0
2025-07-29 00:00:00-04:00,269.32056302231416,271.7004146162973,265.06655900639174,265.1459045410156,5137100,0.0,0.0
2025-07-30 00:00:00-04:00,264.6302022584461,265.522642664695,261.1199043816543,262.5874938964844,3928200,0.0,0.0
2025-07-31 00:00:00-04:00,262.77592963555514,262.8156024000277,255.69583911912252,256.1618957519531,7340300,0.0,0.0
2025-08-01 00:00:00-04:00,252.84995114673217,253.84155844780153,248.03073905830612,248.6356201171875,7646900,0.0,0.0
2025-08-04 00:00:00-04:00,248.89341797832662,251.37243608568048,248.53643876563865,250.2023468017578,4403500,0.0,0.0
2025-08-05 00:00:00-04:00,250.88654878440252,251.16419760827037,244.9369051917035,245.4128875732422,6761000,0.0,0.0
2025-08-06 00:00:00-04:00,247.27709955536525,248.1596294185707,244.94683155422675,247.0787811279297,5834700,0.0,0.0
2025-08-07 00:00:00-04:00,248.58601709552786,250.88653798436223,234.98116478875298,238.8583526611328,10010200,0.0,0.0
2025-08-08 00:00:00-04:00,239.26490752535122,240.9109791974381,235.83395490165054,238.491455078125,8812000,0.0,0.0
2025-08-11 00:00:00-04:00,236.91482334565538,239.84006196619484,229.62651849082587,230.72718811035156,10740100,0.0,0.0
2025-08-12 00:00:00-04:00,231.04447878319624,231.70885379491153,224.579195569484,229.71572875976562,13178000,0.0,0.0
2025-08-13 00:00:00-04:00,231.0543993011561,235.35798625481127,227.68294071182618,235.04066467285156,10209200,0.0,0.0
2025-08-14 00:00:00-04:00,235.01091607920839,235.01091607920839,230.91557333270472,231.411376953125,7544800,0.0,0.0
2025-08-15 00:00:00-04:00,234.16804025691314,242.44796664238922,232.660808168228,240.40525817871094,12942800,0.0,0.0
2025-08-18 00:00:00-04:00,237.75769184865842,242.46782662847767,237.48004300893777,241.9224395751953,8809200,0.0,0.0
2025-08-19 00:00:00-04:00,242.94377179649786,246.4143971078764,241.40677756102795,243.9353790283203,8642200,0.0,0.0
2025-08-20 00:00:00-04:00,243.63790160806272,245.4922174796425,242.3983925287271,244.38160705566406,8195100,0.0,0.0
2025-08-21 00:00:00-04:00,242.98343697487053,244.22294605314545,238.0055794106412,243.76681518554688,5646800,0.0,0.0
2025-08-22 00:00:00-04:00,243.71723270760194,247.43575995633137,242.06125038852153,246.20616149902344,6694300,0.0,0.0
2025-08-25 00:00:00-04:00,247.27709900892046,247.27709900892046,244.71875044769482,245.78968811035156,4957700,0.0,0.0
2025-08-26 00:00:00-04:00,244.62951556201295,246.74164393279872,240.8118365716835,241.69436645507812,8862300,0.0,0.0
2025-08-27 00:00:00-04:00,243.68747902495997,248.26869962807308,243.54865461670582,248.0604705810547,6506900,0.0,0.0
2025-08-28 00:00:00-04:00,250.36098574965544,253.50437880982565,248.1893635249137,252.39378356933594,8461200,0.0,0.0
2025-08-29 00:00:00-04:00,253.25649299496558,255.4777138776314,250.74772778964623,254.099365234375,7363200,0.0,0.0
2025-09-02 00:00:00-04:00,252.6813650825579,252.84993649828658,246.66230185102276,250.73780822753906,9312500,0.0,0.0
2025-09-03 00:00:00-04:00,252.9193503303781,255.83467815350872,248.4472069461515,254.29769897460938,17417900,0.0,0.0
2025-09-04 00:00:00-04:00,238.04522124907393,243.16191801606882,232.65087567742583,241.96206665039062,30967500,0.0,0.0
2025-09-05 00:00:00-04:00,242.7751874576992,249.02231571173567,242.30913087309693,248.65541076660156,13029400,0.0,0.0
2025-09-08 00:00:00-04:00,248.69510709432694,250.817146053316,245.22448163882999,250.15277099609375,12602200,0.0,0.0
2025-09-09 00:00:00-04:00,249.21073936742002,253.196989586861,249.10166196555122,249.94451904296875,10901900,0.0,0.0
2025-09-10 00:00:00-04:00,250.62873430496745,251.85833275119066,239.70121809194185,240.5341796875,11363600,0.0,0.0
2025-09-11 00:00:00-04:00,241.654694578086,245.09557309952766,241.456376145385,244.21304321289062,6944900,0.0,0.0
2025-09-12 00:00:00-04:00,244.03454433091446,245.5120294137481,239.22524323331209,240.72256469726562,8386400,0.0,0.0
2025-09-15 00:00:00-04:00,241.20845766123387,242.65621086833335,238.81868061582657,240.48458862304688,7244600,0.0,0.0
2025-09-16 00:00:00-04:00,240.4845948654329,240.64324052631798,235.24890978807878,237.30152893066406,8779800,0.0,0.0
2025-09-17 00:00:00-04:00,238.3703397912324,241.380140328441,237.78427642154801,240.5954132080078,10124000,0.416,0.0
2025-09-18 00:00:00-04:00,242.5324313580229,245.64155644916735,241.3304905574327,242.65162658691406,9344400,0.0,0.0
2025-09-19 00:00:00-04:00,244.38002688916262,245.5521536952295,241.72782701521152,245.44288635253906,11813900,0.0,0.0
2025-09-22 00:00:00-04:00,243.6449370886138,248.81027032255375,241.53907407684787,248.02554321289062,7523800,0.0,0.0
2025-09-23 00:00:00-04:00,248.0752418629596,249.6844381137545,242.50263744375127,242.9297637939453,7669800,0.0,0.0
2025-09-24 00:00:00-04:00,244.03236557275451,247.1812325805079,241.39009345595196,244.2509002685547,6707100,0.0,0.0
2025-09-25 00:00:00-04:00,242.87014957159818,243.0290866405082,237.89355196330317,239.34381103515625,8145500,0.0,0.0
2025-09-26 00:00:00-04:00,239.0855711988149,242.89997025375462,238.74784126476882,241.8072967529297,4974600,0.0,0.0
2025-09-29 00:00:00-04:00,243.0886994915912,244.18137296250734,241.25102551516156,243.46617126464844,6373500,0.0,0.0
2025-09-30 00:00:00-04:00,243.41649224222758,243.5754293150353,234.23808090807282,235.42015075683594,10801100,0.0,0.0
2025-10-01 00:00:00-04:00,234.9135667280067,240.85369989534703,231.95342044940543,234.118896484375,10016600,0.0,0.0
2025-10-02 00:00:00-04:00,233.86059874725305,237.80413564307892,232.04281100226157,237.28761291503906,7679200,0.0,0.0
2025-10-03 00:00:00-04:00,237.15848318140038,241.19141663780366,236.91014969115807,238.75775146484375,8849800,0.0,0.0
2025-10-06 00:00:00-04:00,237.73461588037736,248.80035546815884,233.84074861837047,244.14161682128906,13922600,0.0,0.0
2025-10-07 00:00:00-04:00,244.83693705054466,245.71107573860073,235.96647254015522,238.14187622070312,8387400,0.0,0.0
2025-10-08 00:00:00-04:00,238.14188282520314,239.71135225997946,234.07913551523035,238.8272705078125,7120200,0.0,0.0
2025-10-09 00:00:00-04:00,237.67502439238638,244.3204311088745,235.56914605901795,243.6946258544922,7929100,0.0,0.0
2025-10-10 00:00:00-04:00,244.87670255962956,247.38983637358723,239.11536231325954,240.06895446777344,7988300,0.0,0.0
2025-10-13 00:00:00-04:00,241.27088966661475,247.68783384308819,240.75435175331094,247.09182739257812,8276500,0.0,0.0
2025-10-14 00:00:00-04:00,246.45607783496052,246.62494278137268,237.95314196225053,238.1716766357422,9123900,0.0,0.0
2025-10-15 00:00:00-04:00,239.26435640804658,239.71136883497303,234.3274852014847,235.00296020507812,8389200,0.0,0.0
2025-10-16 00:00:00-04:00,251.502226767664,255.02855018612635,241.05234930561232,244.3601531982422,24869700,0.0,0.0
2025-10-17 00:00:00-04:00,244.92638176253496,249.1083095871451,240.54577500406694,241.4596405029297,10851200,0.0,0.0
2025-10-20 00:00:00-04:00,243.3668228990331,253.6974901347749,242.6714921507363,252.5849609375,9963900,0.0,0.0
2025-10-21 00:00:00-04:00,252.803504151519,265.3493174789288,252.3068371492567,261.65411376953125,13354700,0.0,0.0
2025-10-22 00:00:00-04:00,260.45219504085867,260.6508436585594,254.80012197961886,254.92926025390625,9370000,0.0,0.0
2025-10-23 00:00:00-04:00,255.8828429735078,256.83643511999617,252.42602976053433,253.34983825683594,6110100,0.0,0.0
2025-10-24 00:00:00-04:00,255.70406384102688,256.77685127408165,252.3068480604129,253.13131713867188,5490800,0.0,0.0
2025-10-27 00:00:00-04:00,255.36628193866443,256.37950198225155,253.22069209738177,253.76702880859375,4942400,0.0,0.0
2025-10-28 00:00:00-04:00,253.76703478712363,257.11456547193757,252.44589876600384,252.56509399414062,6435600,0.0,0.0
2025-10-29 00:00:00-04:00,250.32014608533427,251.8796876041973,247.37987103363267,249.78375244140625,7904200,0.0,0.0
2025-10-30 00:00:00-04:00,248.8301503215196,257.5516210443747,248.33348335480997,254.93914794921875,7767800,0.0,0.0
2025-10-31 00:00:00-04:00,253.1014986048366,260.07470731869716,250.94596570863703,258.6741027832031,6878300,0.0,0.0
2025-11-03 00:00:00-05:00,258.2668364864311,259.8164350802179,253.39950601547787,259.597900390625,7054300,0.0,0.0
2025-11-04 00:00:00-05:00,256.42915700663156,257.5317734711582,251.77043344263768,252.743896484375,6792200,0.0,0.0
2025-11-05 00:00:00-05:00,253.00217497539637,255.1179661572175,250.33010400358867,250.99563598632812,5241200,0.0,0.0
2025-11-06 00:00:00-05:00,248.8698969843938,248.8698969843938,232.91695515840684,237.67503356933594,11041800,0.0,0.0
2025-11-07 00:00:00-05:00,234.57581342279897,239.36369048401153,234.21821258355044,238.2809600830078,5741500,0.0,0.0
2025-11-10 00:00:00-05:00,238.40016231598756,240.29743391211673,233.5129608073587,240.09877014160156,6486600,0.0,0.0
2025-11-11 00:00:00-05:00,240.28748850142182,244.06216073227503,239.55243104205852,242.8701629638672,5762800,0.0,0.0
2025-11-12 00:00:00-05:00,244.10190309241432,246.77395882568126,242.05562231648304,244.38003540039062,4278200,0.0,0.0
2025-11-13 00:00:00-05:00,243.61514734572077,244.26080834007698,238.31074777515673,238.8272705078125,5542100,0.0,0.0
2025-11-14 00:00:00-05:00,236.72140870347638,243.54560801776142,235.83734210358054,242.03575134277344,5512900,0.0,0.0
2025-11-17 00:00:00-05:00,240.4563629000066,241.21129126539054,234.01954782098028,235.449951171875,5280900,0.0,0.0
2025-11-18 00:00:00-05:00,234.66520653536534,236.20486195826885,228.73500192608202,231.94346618652344,8045100,0.0,0.0
2025-11-19 00:00:00-05:00,230.45347770213408,230.73160999713977,223.5597376250506,226.36094665527344,9710700,0.0,0.0
2025-11-20 00:00:00-05:00,227.72181650075206,229.52969163233666,221.8114823100099,223.86767578125,7521100,0.0,0.0
2025-11-21 00:00:00-05:00,223.3610831021723,227.15561108785266,220.4804205745986,225.59608459472656,7479300,0.0,0.0
2025-11-24 00:00:00-05:00,225.82455195092598,227.31455297750702,223.53988067875352,225.3080291748047,8563300,0.0,0.0
2025-11-25 00:00:00-05:00,225.28814473872015,233.065951449845,225.0100124430054,232.55934143066406,10233000,0.0,0.0
2025-11-26 00:00:00-05:00,228.9734038653133,231.2680180268392,224.49347319743302,226.62913513183594,8506600,0.0,0.0
2025-11-28 00:00:00-05:00,227.47347671724094,231.0097431878008,227.10594800250274,229.00320434570312,3691500,0.0,0.0
2025-12-01 00:00:00-05:00,227.14566609018732,232.6884711929492,227.07614059733578,231.27793884277344,5634700,0.0,0.0
2025-12-02 00:00:00-05:00,231.46669462111421,235.07248676074187,230.07601791667327,233.1454315185547,7626200,0.0,0.0
2025-12-03 00:00:00-05:00,233.7910747516482,237.66507102212515,231.6057431335055,237.12867736816406,13782000,0.0,0.0
2025-12-04 00:00:00-05:00,242.06555158644403,247.31035360573722,236.016151496486,245.8104248046875,20912100,0.0,0.0
2025-12-05 00:00:00-05:00,249.15796006210823,260.1343033980639,247.83682407085763,258.8330383300781,15852400,0.0,0.0
2025-12-08 00:00:00-05:00,260.13432890054503,262.51832458554105,254.63124971135136,257.79998779296875,10805400,0.0,0.0
2025-12-09 00:00:00-05:00,258.2668091334806,260.50181036636644,257.27347525219795,259.2799987792969,8045900,0.0,0.0
2025-12-10 00:00:00-05:00,259.0117983873967,264.157260395403,257.4224581829772,262.4388122558594,8894700,0.0,0.0
2025-12-11 00:00:00-05:00,261.7434937420645,266.11415702445385,259.0316811670522,260.6011657714844,7783800,0.0,0.0
2025-12-12 00:00:00-05:00,261.76337370648054,262.7269089319525,259.1707864287312,260.48199462890625,6006600,0.0,0.0
2025-12-15 00:00:00-05:00,259.468759033079,260.5316336613609,251.40289200910016,252.88296508789062,10271800,0.0,0.0
2025-12-16 00:00:00-05:00,252.3068168853155,254.15441859162476,250.42941637382975,253.21075439453125,6145300,0.0,0.0
2025-12-17 00:00:00-05:00,254.62128807905603,260.223706328179,254.5418346981557,256.41925048828125,6269000,0.0,0.0
2025-12-18 00:00:00-05:00,257.11173830886,258.7533789592764,254.86317005082404,256.54461669921875,5654200,0.416,0.0
2025-12-19 00:00:00-05:00,259.36026809551663,260.7133987167576,254.2064997708628,258.59417724609375,20732100,0.0,0.0
2025-12-22 00:00:00-05:00,259.30057460108554,263.290283203125,257.10177149732687,263.290283203125,5664200,0.0,0.0
2025-12-23 00:00:00-05:00,261.38994696336636,262.9022408344935,259.2010726049517,262.0963439941406,4745100,0.0,0.0
2025-12-24 00:00:00-05:00,261.8973621911715,264.9517966936607,261.2207817362974,263.9170837402344,2076600,0.0,0.0
2025-12-26 00:00:00-05:00,263.45939159438825,266.55366246487364,263.45939159438825,264.73291015625,2456400,0.0,0.0
2025-12-29 00:00:00-05:00,263.36984748352836,267.74756558580185,263.36984748352836,264.8821716308594,4300100,0.0,0.0
2025-12-30 00:00:00-05:00,265.3100049300543,266.9217986247408,263.98672121364575,264.5737609863281,3291800,0.0,0.0
2025-12-31 00:00:00-05:00,263.9469286938932,264.75282548967914,263.0514911833619,263.56884765625,3367900,0.0,0.0
2026-01-02 00:00:00-05:00,263.6584060515341,264.0364871145308,251.20178578649464,252.3360137939453,9680600,0.0,0.0
2026-01-05 00:00:00-05:00,252.33599739410624,258.27577438911044,251.03263193832322,254.962646484375,6421500,0.0,0.0
2026-01-06 00:00:00-05:00,253.90801598279512,262.2157339851939,253.70903154338274,261.56903076171875,6103300,0.0,0.0
2026-01-07 00:00:00-05:00,262.16597425294316,266.4740393315776,262.16597425294316,264.772705078125,5976200,0.0,0.0
2026-01-08 00:00:00-05:00,263.0614317758581,263.8573998812952,259.09164142768844,259.2110290527344,5243500,0.0,0.0
2026-01-09 00:00:00-05:00,258.68371725089617,259.7085015316362,255.2113955316752,258.6240234375,5174400,0.0,0.0
2026-01-12 00:00:00-05:00,257.68876210747294,260.23579918033846,254.47511886175104,258.08673095703125,4927700,0.0,0.0
2026-01-13 00:00:00-05:00,256.35556599825145,259.5891124457121,239.1431464877683,239.839599609375,13661000,0.0,0.0
2026-01-14 00:00:00-05:00,237.9691070776633,241.01362810825754,235.26289146414467,238.35714721679688,10149300,0.0,0.0
2026-01-15 00:00:00-05:00,235.82005408936993,237.63083216537777,230.49713321363143,232.34771728515625,11489600,0.0,0.0
2026-01-16 00:00:00-05:00,231.77065077031696,231.77065077031696,225.29361413959407,225.96022033691406,13902600,0.0,0.0
2026-01-20 00:00:00-05:00,222.40829024601106,226.7860237285318,218.24945937823261,218.95587158203125,13050800,0.0,0.0
2026-01-21 00:00:00-05:00,219.0354531203157,222.2590556230766,217.85149041771174,220.45822143554688,12616600,0.0,0.0
2026-01-22 00:00:00-05:00,221.1148825581443,227.56207234781587,219.99059849237156,226.9352569580078,9483000,0.0,0.0
2026-01-23 00:00:00-05:00,225.631887371227,229.68128960740884,225.50254065972533,226.8954620361328,9408000,0.0,0.0
2026-01-26 00:00:00-05:00,228.2684791094572,229.7807881997724,226.43779794733553,228.23863220214844,7239600,0.0,0.0
2026-01-27 00:00:00-05:00,230.76575614031773,234.5465208568135,225.12446356034792,227.37301635742188,9838400,0.0,0.0
2026-01-28 00:00:00-05:00,228.22867657571544,230.68617302822608,226.5173831306909,226.80592346191406,8465900,0.0,0.0
2026-01-29 00:00:00-05:00,215.57306934234734,216.1799817205514,207.7230144205324,212.99618530273438,18555600,0.0,0.0
2026-01-30 00:00:00-05:00,213.07578362115376,214.4587459115801,209.96162489992233,211.21524047851562,11090400,0.0,0.0
2026-02-02 00:00:00-05:00,213.2648234781596,215.79195762501485,208.73785557506747,209.74273681640625,7950900,0.0,0.0
2026-02-03 00:00:00-05:00,203.96215839054668,204.51932088198188,192.13235381115655,195.38580322265625,20194200,0.0,0.0
2026-02-04 00:00:00-05:00,192.33132733492616,199.65406648164677,186.33185662106087,198.4302978515625,23010000,0.0,0.0
2026-02-05 00:00:00-05:00,193.00790751721436,198.54970082096247,187.83422100387264,189.0082550048828,21956300,0.0,0.0
2026-02-06 00:00:00-05:00,190.6598526107087,193.614817806995,186.17267536666094,190.3812713623047,13652600,0.0,0.0
2026-02-09 00:00:00-05:00,188.34164940956356,194.21177388952142,184.78971566942653,193.04769897460938,12112000,0.0,0.0
2026-02-10 00:00:00-05:00,190.92847090617403,198.09203195316294,189.7842990292034,192.4706268310547,13393000,0.0,0.0
2026-02-11 00:00:00-05:00,192.17213318074323,192.6895048269234,180.8895478564994,184.0634002685547,16350200,0.0,0.0
2026-02-12 00:00:00-05:00,185.01855696072852,187.36660972255456,179.32751408344743,184.49122619628906,16849100,0.0,0.0
2026-02-13 00:00:00-05:00,185.4961130882416,192.47061811270197,183.36694786837012,188.75950622558594,14822900,0.0,0.0
2026-02-17 00:00:00-05:00,190.00318391536615,192.02290548914857,182.24266967276117,183.35699462890625,13692900,0.0,0.0
2026-02-18 00:00:00-05:00,182.94908565557333,187.1875133215944,180.93930794808088,186.8392791748047,9852900,0.0,0.0
2026-02-19 00:00:00-05:00,185.65532471483155,186.00354369553665,182.30237535695642,184.35194396972656,9565100,0.0,0.0
2026-02-20 00:00:00-05:00,184.38178882736634,190.75932542059104,182.79982697292309,184.22259521484375,10816200,0.0,0.0
2026-02-23 00:00:00-05:00,180.3522971382107,181.54621891828097,173.6862199497409,177.25804138183594,15498600,0.0,0.0
2026-02-24 00:00:00-05:00,176.74068088999576,187.71483930683232,175.3875654052501,184.48129272460938,15564700,0.0,0.0
2026-02-25 00:00:00-05:00,182.07353407400996,191.6249386554261,181.33727497360252,190.77923583984375,21875100,0.0,0.0
2026-02-26 00:00:00-05:00,195.76385728556096,200.02218770640036,190.36135504465778,198.46014404296875,26680500,0.0,0.0
2026-02-27 00:00:00-05:00,190.93843889578375,194.92813237973576,188.95850801668388,193.80384826660156,16346500,0.0,0.0
2026-03-02 00:00:00-05:00,191.52544101617923,194.94802794961853,189.71464774125104,191.97315979003906,9932700,0.0,0.0
2026-03-03 00:00:00-05:00,189.78429376791524,197.66419551961366,188.62021892543535,195.05746459960938,13208900,0.0,0.0
2026-03-04 00:00:00-05:00,194.11227085764915,195.47533008338826,191.12745899524472,192.1024932861328,11583700,0.0,0.0
2026-03-05 00:00:00-05:00,193.37601435449176,203.38508116961694,193.25662673651044,200.37042236328125,15860900,0.0,0.0
2026-03-06 00:00:00-05:00,199.7734673796906,201.9324948273444,196.37078340395692,201.0867919921875,9657400,0.0,0.0
2026-03-09 00:00:00-04:00,197.55475326030083,202.63888360956764,194.87836942107964,197.78358459472656,10754800,0.0,0.0
2026-03-10 00:00:00-04:00,196.2613420240266,198.55966012327272,189.6350706142157,193.92324829101562,14467400,0.0,0.0
2026-03-11 00:00:00-04:00,195.4056830590209,198.5397447176623,190.32155275999426,193.14718627929688,9580000,0.0,0.0
2026-03-12 00:00:00-04:00,193.14718190935727,203.8228548323795,192.17213242968643,198.27110290527344,26309700,0.0,0.0
2026-03-13 00:00:00-04:00,198.71882100521472,199.9823956164078,190.77922566888657,191.853759765625,14834700,0.0,0.0
2026-03-16 00:00:00-04:00,194.16202379103672,197.62441680693874,194.16202379103672,197.33587646484375,13419600,0.0,0.0
2026-03-17 00:00:00-04:00,197.2164841210229,201.35542716975343,193.4655660342646,194.3212127685547,11559300,0.0,0.0
2026-03-18 00:00:00-04:00,192.4208813209107,195.15695908891587,191.6647343849253,193.3561248779297,10525100,0.0,0.0
2026-03-19 00:00:00-04:00,194.5997914321279,199.38543762680524,192.32139159468133,194.00283813476562,9254300,0.0,0.0
2026-03-20 00:00:00-04:00,192.23184176984265,194.6793790179939,189.03808636764919,194.39085388183594,20201100,0.0,0.0
2026-03-23 00:00:00-04:00,196.09219798916334,197.04734452173435,191.0279705387624,194.19186401367188,13976200,0.0,0.0
2026-03-24 00:00:00-04:00,191.16726893579764,191.16726893579764,181.36712960098163,182.09344482421875,18631400,0.0,0.0
2026-03-25 00:00:00-04:00,184.75985899559834,186.4413055109877,178.93948472871847,181.03880310058594,12565200,0.0,0.0
2026-03-26 00:00:00-04:00,180.26275252839085,186.52091733450015,178.621111875675,184.70018005371094,10330700,0.0,0.0
2026-03-27 00:00:00-04:00,183.06846482845245,183.1779085396875,177.91469685574646,178.40220642089844,9902000,0.0,0.0
2026-03-30 00:00:00-04:00,179.18821288326532,185.44636178828011,178.67084123908901,184.09324645996094,11617700,0.0,0.0
2026-03-31 00:00:00-04:00,183.9639169002118,187.5456975682965,181.3870327098191,185.72496032714844,11041400,0.0,0.0
2026-04-01 00:00:00-04:00,185.904046779924,188.02325297618086,182.08347588248927,185.29713439941406,11677700,0.0,0.0
2026-04-02 00:00:00-04:00,184.36190410150488,186.6303601693813,180.66073574201388,186.2323760986328,11635500,0.0,0.0
2026-04-06 00:00:00-04:00,186.55074279287547,187.18750205434696,182.670493415399,184.09324645996094,14391000,0.0,0.0
2026-04-07 00:00:00-04:00,184.01366814096977,185.635420952666,181.09850886120205,182.03375244140625,12344600,0.0,0.0
2026-04-08 00:00:00-04:00,185.5558006932337,185.82443800673013,174.89007195360898,175.47708129882812,13472100,0.0,0.0
2026-04-09 00:00:00-04:00,172.72420647519016,173.84131838786436,166.6897779521393,170.41018676757812,20855400,0.44,0.0
2026-04-10 00:00:00-04:00,170.81910867689837,170.81910867689837,163.09904400673946,164.53533935546875,18109300,0.0,0.0
2026-04-13 00:00:00-04:00,166.619956593861,172.95360029090386,165.3432529892489,172.37510681152344,12390800,0.0,0.0
2026-04-14 00:00:00-04:00,174.7589572577855,177.043055331393,170.06107568452117,170.86898803710938,13123600,0.0,0.0
2026-04-15 00:00:00-04:00,173.77150333531898,179.15759592410797,172.43495657566135,177.14280700683594,14340300,0.0,0.0
2026-04-16 00:00:00-04:00,183.52632111625425,184.07490827218808,178.110307097372,180.75347900390625,11866700,0.0,0.0
2026-04-17 00:00:00-04:00,184.95263583877443,187.49607435707364,180.56396895114642,181.67111206054688,17225700,0.0,0.0
2026-04-20 00:00:00-04:00,182.03018257545776,188.5134493521179,181.65115595519515,185.7904815673828,14382300,0.0,0.0
2026-04-21 00:00:00-04:00,186.11962956244392,193.0617034585096,183.6260654751631,186.62831115722656,12073700,0.0,0.0
2026-04-22 00:00:00-04:00,187.71551415547867,190.6579169337777,186.5485279099638,189.3114013671875,14565900,0.0,0.0
2026-04-23 00:00:00-04:00,177.1028943275062,178.40951948170152,170.21067949758992,172.85386657714844,22719900,0.0,0.0
2026-04-24 00:00:00-04:00,175.1678853418476,177.99060171835484,173.95102484824358,177.70135498046875,10817600,0.0,0.0
2026-04-27 00:00:00-04:00,177.80110048089864,183.81557625727,177.0530312030464,179.71615600585938,11907000,0.0,0.0
2026-04-28 00:00:00-04:00,181.96035356599296,183.94523608351813,180.8532257080078,180.8532257080078,8711700,0.0,0.0
2026-04-29 00:00:00-04:00,178.73867491279825,181.3120349373997,176.89344657675792,180.75347900390625,6882800,0.0,0.0
2026-04-30 00:00:00-04:00,177.84099390142072,178.2299892905901,172.55463498794632,176.07554626464844,14408300,0.0,0.0
2026-05-01 00:00:00-04:00,181.72099297636592,185.56107283738152,178.28984609060575,183.3468017578125,12324400,0.0,0.0
2026-05-04 00:00:00-04:00,183.76570439500526,189.8200700827938,183.4963952122052,185.00250244140625,8444700,0.0,0.0
2026-05-05 00:00:00-04:00,185.07234103647374,186.90760066542114,180.63379973078258,186.50863647460938,9740800,0.0,0.0
2026-05-06 00:00:00-04:00,185.04241142277664,186.61834578100024,179.11770060829897,180.7235565185547,11303400,0.0,0.0
2026-05-07 00:00:00-04:00,184.124779650284,188.09452944504443,183.52631817712086,185.86029052734375,13955100,0.0,0.0
2026-05-08 00:00:00-04:00,179.2174384093688,181.40180307799002,176.424658688263,181.35194396972656,15123900,0.0,0.0
2026-05-11 00:00:00-04:00,179.44684925985885,182.03017799627492,175.85611089377323,177.0330810546875,11145000,0.0,0.0
2026-05-12 00:00:00-04:00,177.12285121084105,177.12285121084105,170.1408715639692,170.86898803710938,10214000,0.0,0.0
2026-05-13 00:00:00-04:00,169.34293028258335,169.34293028258335,164.32588034308353,165.41307067871094,11951900,0.0,0.0
2026-05-14 00:00:00-04:00,165.57265575496632,168.91403772698095,163.90695676738676,167.14859008789062,9749400,0.0,0.0
2026-05-15 00:00:00-04:00,168.81429606378455,175.5169978399782,168.56493964419258,173.06332397460938,13883400,0.0,0.0
2026-05-18 00:00:00-04:00,172.44492791304103,180.31461604297994,171.35773755745888,179.01795959472656,13671200,0.0,0.0
2026-05-19 00:00:00-04:00,184.5237517741468,186.9574728813163,178.34968434723106,178.95811462402344,17510800,0.0,0.0
2026-05-20 00:00:00-04:00,175.58680682610913,179.84581866392838,172.89376058285282,179.63636779785156,13025300,0.0,0.0
2026-05-21 00:00:00-04:00,174.9285262709738,176.8834721439062,171.54725371549097,175.8561248779297,10949100,0.0,0.0
2026-05-22 00:00:00-04:00,179.37702645340687,182.87800024900952,177.22258338219103,179.6064453125,10176700,0.0,0.0
2026-05-26 00:00:00-04:00,177.97065222996923,181.89054296636203,177.22258298908204,178.61898803710938,13617200,0.0,0.0
2026-05-27 00:00:00-04:00,177.54176834680115,183.44652645648864,176.4346252500155,177.0530242919922,18524900,0.0,0.0
2026-05-28 00:00:00-04:00,177.97065294973012,182.01022991075956,171.20810820232109,175.7164764404297,22559400,0.0,0.0
2026-05-29 00:00:00-04:00,179.77600433561167,193.64021475971825,179.55656947541652,190.60804748535156,33998900,0.0,0.0
2026-06-01 00:00:00-04:00,198.23835028616782,210.79593571576444,197.69974712536995,209.0604248046875,27594800,0.0,0.0
2026-06-02 00:00:00-04:00,200.50251206369967,203.86383169496713,195.25604330898832,200.32296752929688,19216600,0.0,0.0
2026-06-03 00:00:00-04:00,196.76216711815474,197.1711000779736,189.24156900766266,190.1193084716797,14154400,0.0,0.0
2026-06-04 00:00:00-04:00,197.30077344378492,197.58005141962244,185.63089590640553,188.26409912109375,14453600,0.0,0.0
2026-06-05 00:00:00-04:00,189.311394256529,192.01440928569218,184.35418748403288,185.1820526123047,13183900,0.0,0.0
2026-06-08 00:00:00-04:00,183.4365624142317,184.54370553959797,181.24222893877382,182.08006286621094,11177800,0.0,0.0
2026-06-09 00:00:00-04:00,179.03791597928875,181.99030279452822,171.1183533610167,174.8986053466797,15427800,0.0,0.0
2026-06-10 00:00:00-04:00,170.16082742346865,175.07812872997366,169.59228747941,170.47999572753906,10820500,0.0,0.0
2026-06-11 00:00:00-04:00,168.27000427246094,168.97999572753906,163.30999755859375,166.4499969482422,16666000,0.44,0.0
2026-06-12 00:00:00-04:00,164.74000549316406,166.5399932861328,161.39999389648438,165.88999938964844,13589400,0.0,0.0
2026-06-15 00:00:00-04:00,166.02999877929688,169.9499969482422,164.1699981689453,164.5500030517578,13541800,0.0,0.0
2026-06-16 00:00:00-04:00,164.05999755859375,166.3000030517578,160.5,161.7100067138672,16385300,0.0,0.0
2026-06-17 00:00:00-04:00,160.25,161.42999267578125,154.22999572753906,155.02000427246094,19986200,0.0,0.0
2026-06-18 00:00:00-04:00,152.72999572753906,154.47000122070312,149.8000030517578,151.77999877929688,57940800,0.0,0.0
2026-06-22 00:00:00-04:00,150.16000366210938,153.8699951171875,146.32000732421875,150.1199951171875,20502800,0.0,0.0
2026-06-23 00:00:00-04:00,151.64999389648438,155.17999267578125,150.85000610351562,153.4199981689453,20720700,0.0,0.0
2026-06-24 00:00:00-04:00,151.80999755859375,157.05999755859375,150.39999389648438,152.75999450683594,13146800,0.0,0.0
2026-06-25 00:00:00-04:00,150.00999450683594,154.0,148.77999877929688,150.19000244140625,11324700,0.0,0.0
2026-06-26 00:00:00-04:00,151.49000549316406,158.4600067138672,151.49000549316406,158.3699951171875,21267900,0.0,0.0
2026-06-29 00:00:00-04:00,160.27000427246094,161.75999450683594,157.6999969482422,157.92999267578125,12664100,0.0,0.0
2026-06-30 00:00:00-04:00,155.08999633789062,157.69000244140625,154.07000732421875,156.66000366210938,13690500,0.0,0.0
2026-07-01 00:00:00-04:00,162.22000122070312,165.80999755859375,161.1999969482422,163.22999572753906,14164600,0.0,0.0
2026-07-02 00:00:00-04:00,163.0,167.2100067138672,162.0,166.11000061035156,10486300,0.0,0.0
2026-07-06 00:00:00-04:00,163.99000549316406,167.72000122070312,162.3699951171875,165.64999389648438,10595500,0.0,0.0
2026-07-07 00:00:00-04:00,169.22000122070312,172.3800048828125,167.67999267578125,169.52000427246094,13057900,0.0,0.0
2026-07-08 00:00:00-04:00,167.3699951171875,167.52999877929688,164.77999877929688,166.5800018310547,9792400,0.0,0.0
2026-07-09 00:00:00-04:00,158.3300018310547,163.8000030517578,156.47999572753906,162.5,13858600,0.0,0.0
2026-07-10 00:00:00-04:00,165.60000610351562,166.3000030517578,162.4199981689453,163.32000732421875,8321500,0.0,0.0
2026-07-13 00:00:00-04:00,165.9199981689453,172.75999450683594,165.9199981689453,171.22000122070312,14020700,0.0,0.0
2026-07-14 00:00:00-04:00,162.49000549316406,171.35000610351562,161.47000122070312,167.55999755859375,13507900,0.0,0.0
2026-07-15 00:00:00-04:00,170.52000427246094,172.8000030517578,166.55999755859375,167.0,13328100,0.0,0.0
2026-07-16 00:00:00-04:00,170.83999633789062,174.5399932861328,166.8800048828125,172.67999267578125,12057500,0.0,0.0
2026-07-17 00:00:00-04:00,171.5,175.42999267578125,169.75,170.77000427246094,10191500,0.0,0.0
2026-07-20 00:00:00-04:00,167.86000061035156,175.38999938964844,166.5,173.7899932861328,13426500,0.0,0.0
2026-07-21 00:00:00-04:00,167.05999755859375,172.42999267578125,166.92999267578125,170.05999755859375,12831800,0.0,0.0
2026-07-22 00:00:00-04:00,169.47000122070312,169.57000732421875,162.2100067138672,163.0,12194500,0.0,0.0
2026-07-23 00:00:00-04:00,165.0500030517578,165.8800048828125,155.14999389648438,156.92999267578125,12775000,0.0,0.0
2026-07-24 00:00:00-04:00,160.3800048828125,164.4499969482422,159.5500030517578,163.66000366210938,10899100,0.0,0.0
2026-07-27 00:00:00-04:00,168.0,176.9499969482422,167.13999938964844,173.60000610351562,17312000,0.0,0.0
2026-07-28 00:00:00-04:00,176.91000366210938,184.5399932861328,176.91000366210938,181.5,17204600,0.0,0.0
2026-07-29 00:00:00-04:00,182.00999450683594,190.17999267578125,182.00999450683594,188.3800048828125,18139500,0.0,0.0
2026-07-30 00:00:00-04:00,180.99000549316406,182.50999450683594,175.89999389648438,180.7100067138672,12182400,0.0,0.0
2026-07-31 00:00:00-04:00,177.6999969482422,184.4499969482422,177.02999877929688,184.02000427246094,9691500,0.0,0.0
2026-08-03 00:00:00-04:00,188.99000549316406,193.6999969482422,185.89999389648438,185.9499969482422,12908000,0.0,0.0
2026-08-04 00:00:00-04:00,183.08999633789062,191.2899932861328,183.0,190.99000549316406,9326900,0.0,0.0
2026-08-05 00:00:00-04:00,193.27999877929688,194.94000244140625,190.42999267578125,192.97999572753906,9605500,0.0,0.0
2026-08-06 00:00:00-04:00,183.44000244140625,187.02000427246094,183.0,186.77000427246094,13297600,0.0,0.0
2026-08-07 00:00:00-04:00,191.08999633789062,194.6999969482422,190.60000610351562,192.74000549316406,11392800,0.0,0.0
2026-08-10 00:00:00-04:00,190.1699981689453,198.17999267578125,190.0,197.50999450683594,9706600,0.0,0.0
2026-08-11 00:00:00-04:00,196.94000244140625,199.38999938964844,195.5,197.47000122070312,11171600,0.0,0.0
2026-08-12 00:00:00-04:00,192.0,196.5,191.77999877929688,193.32000732421875,12787900,0.0,0.0
2026-08-13 00:00:00-04:00,196.83999633789062,202.99000549316406,191.38999938964844,201.3699951171875,15043700,0.0,0.0
