Date,Open,High,Low,Close,Volume,Dividends,Stock Splits
2006-08-08 00:00:00-04:00,3.7932039928477606,3.8125613300536934,3.717457611559788,3.732606887817383,7664800,0.0,0.0
2006-08-09 00:00:00-04:00,3.766272477388837,3.771322343776133,3.685476541519165,3.685476541519165,6882400,0.0,0.0
2006-08-10 00:00:00-04:00,3.665277490212951,3.774688696283356,3.665277490212951,3.750281810760498,5800000,0.0,0.0
2006-08-11 00:00:00-04:00,3.8117195283090792,3.9556373196960166,3.7839457504689102,3.9093480110168457,14607200,0.0,0.0
2006-08-14 00:00:00-04:00,3.9430121157759506,3.9539533282271173,3.851274998426294,3.8807320594787598,5054400,0.0,0.0
2006-08-15 00:00:00-04:00,3.847910420121735,3.9598464019511828,3.8277112745670117,3.897566318511963,7867200,0.0,0.0
2006-08-16 00:00:00-04:00,3.9236565614189995,3.9808871002499453,3.888308457405227,3.9556384086608887,15787200,0.0,0.0
2006-08-17 00:00:00-04:00,3.6274044630106856,3.948905261903403,3.6189883394802194,3.8049874305725098,39456800,0.0,0.0
2006-08-18 00:00:00-04:00,3.8049867170905634,3.820135993448353,3.7090415141942104,3.73934006690979,11964000,0.0,0.0
2006-08-21 00:00:00-04:00,3.7006250190944034,3.7098829449411506,3.6139374306648597,3.6248786449432373,12586400,0.0,0.0
2006-08-22 00:00:00-04:00,3.618988708330053,3.688843760759825,3.6122555519758057,3.67032790184021,8999200,0.0,0.0
2006-08-23 00:00:00-04:00,3.719983886930986,3.7342913629121757,3.6400294192905673,3.6728527545928955,10399200,0.0,0.0
2006-08-24 00:00:00-04:00,3.6854766466095232,3.6880014193479096,3.534825666165116,3.554183006286621,11295200,0.0,0.0
2006-08-25 00:00:00-04:00,3.5348258571586357,3.550816620456625,3.4742287397270357,3.523043155670166,13466400,0.0,0.0
2006-08-28 00:00:00-04:00,3.5222008945658527,3.6004720540943826,3.521359410734732,3.5827980041503906,6683200,0.0,0.0
2006-08-29 00:00:00-04:00,3.5870055882607583,3.6459194012916676,3.5289335800034856,3.6282453536987305,6012000,0.0,0.0
2006-08-30 00:00:00-04:00,3.6282458802136595,3.6745351967929407,3.5651239973179574,3.669485330581665,11145600,0.0,0.0
2006-08-31 00:00:00-04:00,3.68884349323259,3.6947348440880132,3.6476037161900847,3.6762189865112305,3318400,0.0,0.0
2006-09-01 00:00:00-04:00,3.6846346386624935,3.701467205118254,3.6139381163918998,3.6408700942993164,6332800,0.0,0.0
2006-09-05 00:00:00-04:00,3.642554175966148,3.7334498619808425,3.632454762316039,3.7183005809783936,6214400,0.0,0.0
2006-09-06 00:00:00-04:00,3.6678017265241762,3.7292403100230027,3.6433945256528166,3.674534559249878,11133600,0.0,0.0
2006-09-07 00:00:00-04:00,3.658545304118386,3.7098844990997786,3.5701743902365393,3.677060842514038,8399200,0.0,0.0
2006-09-08 00:00:00-04:00,3.749439977656145,3.8007791631559313,3.711566781709211,3.76627254486084,12696000,0.0,0.0
2006-09-11 00:00:00-04:00,3.76795696696442,3.858010859382095,3.71325118735909,3.8378117084503174,10446400,0.0,0.0
2006-09-12 00:00:00-04:00,3.8378108767218926,4.024651778393975,3.8167702462112363,3.979203939437866,12341600,0.0,0.0
2006-09-13 00:00:00-04:00,3.97920350543309,4.039800617432013,3.9034574364889445,4.035592555999756,8590400,0.0,0.0
2006-09-14 00:00:00-04:00,4.018759168351532,4.023809033671468,3.9017733507357684,3.9707865715026855,11056000,0.0,0.0
2006-09-15 00:00:00-04:00,4.010343551635742,4.022967734941816,3.9379637448847795,4.010343551635742,14955200,0.0,0.0
2006-09-18 00:00:00-04:00,4.001927210014093,4.097030934396716,3.9867779328184714,4.052424907684326,10916800,0.0,0.0
2006-09-19 00:00:00-04:00,4.044009102791874,4.048217164665256,3.930389826937858,4.037276268005371,9942400,0.0,0.0
2006-09-20 00:00:00-04:00,4.0061353236971255,4.12648773796405,4.0061353236971255,4.0709404945373535,14860000,0.0,0.0
2006-09-21 00:00:00-04:00,4.187085976485221,4.187085976485221,4.0852493895876245,4.111339569091797,14238400,0.0,0.0
2006-09-22 00:00:00-04:00,4.1113394866600075,4.1113394866600075,3.762906661745448,3.9665801525115967,35704000,0.0,0.0
2006-09-25 00:00:00-04:00,3.9977194403032863,4.073465831804523,3.9017742251047296,4.038117408752441,13921600,0.0,0.0
2006-09-26 00:00:00-04:00,4.048216103324594,4.102080372767462,4.000243504225262,4.060840606689453,9628000,0.0,0.0
2006-09-27 00:00:00-04:00,4.059157697248987,4.094506117339052,3.961529201414003,3.9733119010925293,12991200,0.0,0.0
2006-09-28 00:00:00-04:00,3.9766786434346635,4.032225887834111,3.8925161324625015,3.925339460372925,18363200,0.0,0.0
2006-09-29 00:00:00-04:00,3.934597713508068,3.965737755249121,3.8891498767695403,3.8950412273406982,5998400,0.0,0.0
2006-10-02 00:00:00-04:00,3.9303879362286542,3.935437479625818,3.852958286576811,3.8807320594787598,7277600,0.0,0.0
2006-10-03 00:00:00-04:00,3.8756835071023352,4.000243982919848,3.841176890970825,3.982569932937622,9816000,0.0,0.0
2006-10-04 00:00:00-04:00,3.982570162003039,4.05663326468708,3.9623713383057186,4.038117408752441,5933600,0.0,0.0
2006-10-05 00:00:00-04:00,4.060841137096962,4.102922392403666,4.004452409092138,4.059157848358154,5426400,0.0,0.0
2006-10-06 00:00:00-04:00,4.05915822972351,4.060841518620466,3.959004948263589,4.006977558135986,6384800,0.0,0.0
2006-10-09 00:00:00-04:00,3.997718941992704,4.0515828932108375,3.9522711127569763,4.044008255004883,4200000,0.0,0.0
2006-10-10 00:00:00-04:00,4.066733448127965,4.0692582213055335,3.9648968632747525,4.038959980010986,13952000,0.0,0.0
2006-10-11 00:00:00-04:00,4.038958913796257,4.178668664704934,4.008660359445425,4.128170967102051,14608800,0.0,0.0
2006-10-12 00:00:00-04:00,4.132379897377277,4.267040131583913,4.115547649024186,4.2308502197265625,12948800,0.0,0.0
2006-10-13 00:00:00-04:00,4.288081012645533,4.431157379355738,4.283872950312351,4.352886199951172,24780000,0.0,0.0
2006-10-16 00:00:00-04:00,4.380657964455794,4.392440662827972,4.335210138402149,4.356250762939453,5661600,0.0,0.0
2006-10-17 00:00:00-04:00,4.3562509466518655,4.374766799762971,4.272088444953337,4.304912090301514,5338400,0.0,0.0
2006-10-18 00:00:00-04:00,4.336053868110748,4.370560494828532,4.258624168491213,4.2906060218811035,5908800,0.0,0.0
2006-10-19 00:00:00-04:00,4.290605247042643,4.3469943026008755,4.232533223606137,4.315012454986572,5388800,0.0,0.0
2006-10-20 00:00:00-04:00,4.306596064002952,4.3537271915454765,4.235058049266809,4.313329219818115,6804000,0.0,0.0
2006-10-23 00:00:00-04:00,4.292287949445338,4.4008576628667395,4.250206695039012,4.3840250968933105,7506400,0.0,0.0
2006-10-24 00:00:00-04:00,4.354567683324926,4.437888374555705,4.240948121117805,4.283871173858643,11533600,0.0,0.0
2006-10-25 00:00:00-04:00,4.267040120221233,4.313329445178086,4.155103806854814,4.181194305419922,7942400,0.0,0.0
2006-10-26 00:00:00-04:00,4.2190674070741,4.354569121731435,4.2182256020457345,4.339419841766357,7327200,0.0,0.0
2006-10-27 00:00:00-04:00,4.33941947122377,4.38655027504214,4.286396995873581,4.346152305603027,6628800,0.0,0.0
2006-10-30 00:00:00-05:00,4.325954537354393,4.340262014561776,4.2468415469690095,4.283031463623047,10313600,0.0,0.0
2006-10-31 00:00:00-05:00,4.2872382762095,4.313328770694788,4.229166258095866,4.297338008880615,9998400,0.0,0.0
2006-11-01 00:00:00-05:00,4.309121074647976,4.3310031885151075,4.195501480372872,4.215700626373291,6600000,0.0,0.0
2006-11-02 00:00:00-05:00,4.182877213210784,4.2720892769097265,4.124804870254801,4.23337459564209,7436800,0.0,0.0
2006-11-03 00:00:00-05:00,4.375609759924714,4.5279437227470885,4.375609759924714,4.504378318786621,19126400,0.0,0.0
2006-11-06 00:00:00-05:00,4.523735080618967,4.552350347924597,4.460613195773121,4.482495307922363,6737600,0.0,0.0
2006-11-07 00:00:00-05:00,4.482495255423531,4.5851736229743185,4.408432475897739,4.463979721069336,9868800,0.0,0.0
2006-11-08 00:00:00-05:00,4.452196886845766,4.5329928190192845,4.422739815849205,4.483336925506592,6965600,0.0,0.0
2006-11-09 00:00:00-05:00,4.504377946095822,4.504377946095822,4.368034758519821,4.375609397888184,11314400,0.0,0.0
2006-11-10 00:00:00-05:00,4.3764502451575815,4.4126401478692046,4.343626919687616,4.400857448577881,10802400,0.0,0.0
2006-11-13 00:00:00-05:00,4.410956859248376,4.498485941204602,4.400015643740228,4.400857448577881,10700000,0.0,0.0
2006-11-14 00:00:00-05:00,4.403382297654564,4.475762104338102,4.325111141222782,4.469028949737549,12220800,0.0,0.0
2006-11-15 00:00:00-05:00,4.473238481423192,4.531310510031149,4.4210574830228735,4.43789005279541,6547200,0.0,0.0
2006-11-16 00:00:00-05:00,4.456405709076099,4.456405709076099,4.355410616086375,4.39917516708374,9756000,0.0,0.0
2006-11-17 00:00:00-05:00,4.395807932244062,4.39664973714865,4.312487225741975,4.3545684814453125,13632800,0.0,0.0
2006-11-20 00:00:00-05:00,4.483337139861409,4.483337139861409,4.266197700577021,4.3057541847229,22174400,0.0,0.0
2006-11-21 00:00:00-05:00,4.267039532364371,4.623046928754775,4.186243595819281,4.460613250732422,40560000,0.0,0.0
2006-11-22 00:00:00-05:00,4.485021037466889,4.728250683519738,4.485021037466889,4.6575541496276855,18607200,0.0,0.0
2006-11-24 00:00:00-05:00,4.65755305565069,4.813253562017402,4.65671157186175,4.767806053161621,12698400,0.0,0.0
2006-11-27 00:00:00-05:00,4.767807101215005,4.780431287151012,4.612948044596309,4.629780292510986,13477600,0.0,0.0
2006-11-28 00:00:00-05:00,4.629780974095224,4.695427970634132,4.558242946762557,4.578442096710205,11149600,0.0,0.0
2006-11-29 00:00:00-05:00,4.599481234147029,4.6878518041723884,4.597797945444561,4.64577054977417,9834400,0.0,0.0
2006-11-30 00:00:00-05:00,4.645771456921171,4.73161727118258,4.603690194306042,4.717309474945068,12468000,0.0,0.0
2006-12-01 00:00:00-05:00,4.704684472528621,4.729933161506129,4.590223406705782,4.677752494812012,12235200,0.0,0.0
2006-12-04 00:00:00-05:00,4.662604228404453,4.77959009217969,4.662604228404453,4.735825538635254,6208800,0.0,0.0
2006-12-05 00:00:00-05:00,4.740033745309577,4.831770917427034,4.708893698570133,4.776223659515381,7396000,0.0,0.0
2006-12-06 00:00:00-05:00,4.776222537598696,4.916773777991034,4.769489382558475,4.836819648742676,10467200,0.0,0.0
2006-12-07 00:00:00-05:00,4.8368194127013915,4.881425438975282,4.788846809071683,4.814095497131348,8781600,0.0,0.0
2006-12-08 00:00:00-05:00,4.824195402923504,4.915932558424139,4.809046124323068,4.8637518882751465,8603200,0.0,0.0
2006-12-11 00:00:00-05:00,4.86291110986635,4.863752914996588,4.782956959441526,4.816621780395508,4446400,0.0,0.0
2006-12-12 00:00:00-05:00,4.814096039827144,4.851127431752256,4.728250233903249,4.746766090393066,7372800,0.0,0.0
2006-12-13 00:00:00-05:00,4.757706352166987,4.797262832647302,4.690376411709149,4.736665725708008,7944000,0.0,0.0
2006-12-14 00:00:00-05:00,4.73498308451059,4.80988799463257,4.729091733980871,4.796422004699707,7160800,0.0,0.0
2006-12-15 00:00:00-05:00,4.796421614016864,4.842710930574767,4.76275648139957,4.7635979652404785,7248000,0.0,0.0
2006-12-18 00:00:00-05:00,4.784638930261387,4.816620776397632,4.6474542596501305,4.6676530838012695,11616800,0.0,0.0
2006-12-19 00:00:00-05:00,4.65503015649428,4.655871640621848,4.534677699811757,4.633147716522217,17598400,0.0,0.0
2006-12-20 00:00:00-05:00,4.633987956785308,4.713942085142315,4.621363451752885,4.642404079437256,7730400,0.0,0.0
2006-12-21 00:00:00-05:00,4.6373542871571765,4.708892615057432,4.6373542871571765,4.670177936553955,7573600,0.0,0.0
2006-12-22 00:00:00-05:00,4.665127915049991,4.685326737486568,4.638195937764894,4.6499786376953125,2655200,0.0,0.0
2006-12-26 00:00:00-05:00,4.620522973341489,4.640721800523257,4.578441708815809,4.630622386932373,3079200,0.0,0.0
2006-12-27 00:00:00-05:00,4.645771255501648,4.721517332292142,4.6398799046753165,4.688694000244141,5771200,0.0,0.0
2006-12-28 00:00:00-05:00,4.687010972495215,4.733300618788335,4.657554216721919,4.695427417755127,4487200,0.0,0.0
2006-12-29 00:00:00-05:00,4.6794359228273406,4.711417769907405,4.630621828809428,4.6381964683532715,5423200,0.0,0.0
2007-01-03 00:00:00-05:00,4.638196551318072,4.640721324193004,4.489228851660873,4.620522499084473,15924800,0.0,0.0
2007-01-04 00:00:00-05:00,4.648295242036839,4.721516533530142,4.613788626868318,4.663444519042969,19406400,0.0,0.0
2007-01-05 00:00:00-05:00,4.663444781481435,4.718150542754895,4.65502865869529,4.670177936553955,10751200,0.0,0.0
2007-01-08 00:00:00-05:00,4.671019838490618,4.68616911770522,4.554875471530176,4.586857318878174,10454400,0.0,0.0
2007-01-09 00:00:00-05:00,4.591065064960099,4.76780653662597,4.588540292282783,4.742557525634766,12871200,0.0,0.0
2007-01-10 00:00:00-05:00,4.733300571710569,4.77369854539267,4.702160206140457,4.766965389251709,6720000,0.0,0.0
2007-01-11 00:00:00-05:00,4.799787125324862,4.888158004463098,4.787162943344006,4.883108139038086,8252000,0.0,0.0
2007-01-12 00:00:00-05:00,4.883949515908665,4.899940595544162,4.819144355783692,4.851126194000244,5542400,0.0,0.0
2007-01-16 00:00:00-05:00,4.8645931633490544,4.9159323473961765,4.835136412365217,4.855335235595703,4962400,0.0,0.0
2007-01-17 00:00:00-05:00,4.8435524021074645,4.901624739671998,4.83429447460851,4.844394207000732,4578400,0.0,0.0
2007-01-18 00:00:00-05:00,4.839344162935958,4.864592850879509,4.773697510071827,4.784638404846191,5757600,0.0,0.0
2007-01-19 00:00:00-05:00,4.773698105614368,4.773698105614368,4.676911081859194,4.715625762939453,6128000,0.0,0.0
2007-01-22 00:00:00-05:00,4.706369035695734,4.718993544991509,4.586858384195387,4.633147716522217,12960800,0.0,0.0
2007-01-23 00:00:00-05:00,4.628938890381489,4.680278082170813,4.616314383167717,4.62220573425293,6670400,0.0,0.0
2007-01-24 00:00:00-05:00,4.643246187314435,4.740875021103158,4.643246187314435,4.692902088165283,6088800,0.0,0.0
2007-01-25 00:00:00-05:00,4.7055271382798995,4.7088937166037,4.464822246056058,4.5161614418029785,14985600,0.0,0.0
2007-01-26 00:00:00-05:00,4.5363607185033015,4.538043686658039,4.30154717120294,4.397492408752441,23704000,0.0,0.0
2007-01-29 00:00:00-05:00,4.397491153898451,4.491753075340345,4.379817103825814,4.46734619140625,9475200,0.0,0.0
2007-01-30 00:00:00-05:00,4.473238292481283,4.509428203594538,4.41853252329486,4.438731670379639,9476800,0.0,0.0
2007-01-31 00:00:00-05:00,4.438732204226301,4.517003065825265,4.420216343926229,4.496804237365723,7724000,0.0,0.0
2007-02-01 00:00:00-05:00,4.517844566568475,4.565817182245956,4.502695285717211,4.531310558319092,13054400,0.0,0.0
2007-02-02 00:00:00-05:00,4.552350071092393,4.602847447476479,4.516160166963819,4.5363593101501465,8032800,0.0,0.0
2007-02-05 00:00:00-05:00,4.536359641902513,4.548142342516859,4.4538800954930755,4.460613250732422,4761600,0.0,0.0
2007-02-06 00:00:00-05:00,4.4707131984365915,4.4774463544830345,4.400858470254772,4.438731670379639,6634400,0.0,0.0
2007-02-07 00:00:00-05:00,4.448831505739314,4.543935257069307,4.42694906756554,4.520369529724121,7500800,0.0,0.0
2007-02-08 00:00:00-05:00,4.506902379312239,4.5212101730654135,4.458088290102904,4.481653690338135,4455200,0.0,0.0
2007-02-09 00:00:00-05:00,4.4723961290738,4.532151439452296,4.4622967168679555,4.505219459533691,9247200,0.0,0.0
2007-02-12 00:00:00-05:00,4.536359532880251,4.544775655672658,4.443780576891253,4.463979721069336,7309600,0.0,0.0
2007-02-13 00:00:00-05:00,4.481654450315417,4.538043187884561,4.469871748199748,4.512794494628906,6283200,0.0,0.0
2007-02-14 00:00:00-05:00,4.521210774636406,4.558242168655347,4.515319423793723,4.538043022155762,7787200,0.0,0.0
2007-02-15 00:00:00-05:00,4.607898099392567,4.607898099392567,4.517844226148162,4.52205228805542,5329600,0.0,0.0
2007-02-16 00:00:00-05:00,4.5220516239119455,4.550666890155002,4.494278162559434,4.52289342880249,8016000,0.0,0.0
2007-02-20 00:00:00-05:00,4.5228934550570425,4.570866060352624,4.50690237258885,4.537200927734375,5933600,0.0,0.0
2007-02-21 00:00:00-05:00,4.529626197594314,4.727407964837788,4.529626197594314,4.655869960784912,12452800,0.0,0.0
2007-02-22 00:00:00-05:00,4.655870588862578,4.6583953617295455,4.445464288494406,4.570866584777832,12582400,0.0,0.0
2007-02-23 00:00:00-05:00,4.56160754519835,4.580964881591134,4.485861167092273,4.530467510223389,6705600,0.0,0.0
2007-02-26 00:00:00-05:00,4.546459637217258,4.559083823329502,4.49007057854133,4.492595672607422,5396800,0.0,0.0
2007-02-27 00:00:00-05:00,4.406748560754156,4.472395208156543,4.358775961336342,4.388232707977295,7116000,0.0,0.0
2007-02-28 00:00:00-05:00,4.397492218487473,4.463138889537956,4.30070517999367,4.408433437347412,7252000,0.0,0.0
2007-03-01 00:00:00-05:00,4.317537680783036,4.451356114961289,4.267040291719555,4.390758991241455,8226400,0.0,0.0
2007-03-02 00:00:00-05:00,4.384025641356125,4.439572891228845,4.307437761667154,4.316695690155029,5709600,0.0,0.0
2007-03-05 00:00:00-05:00,4.283871992720944,4.375609143718057,4.199709480652198,4.303229331970215,6351200,0.0,0.0
2007-03-06 00:00:00-05:00,4.325953714332936,4.39244186202156,4.313329207742119,4.358777046203613,4760000,0.0,0.0
2007-03-07 00:00:00-05:00,4.363825771167421,4.426106166350312,4.342785144843462,4.359617710113525,6049600,0.0,0.0
2007-03-08 00:00:00-05:00,4.405066511050033,4.55319241175863,4.386550653066003,4.5245771408081055,7842400,0.0,0.0
2007-03-09 00:00:00-05:00,4.52457660294825,4.570024437476679,4.513635707307878,4.56160831451416,6910400,0.0,0.0
2007-03-12 00:00:00-04:00,4.533834911912936,4.626413877554552,4.5321516229680485,4.614631175994873,4426400,0.0,0.0
2007-03-13 00:00:00-04:00,4.591907305803143,4.591907305803143,4.524577031507552,4.538043022155762,4496800,0.0,0.0
2007-03-14 00:00:00-04:00,4.532151014132657,4.5329928190192845,4.389916488469619,4.483336925506592,5252800,0.0,0.0
2007-03-15 00:00:00-04:00,4.483337256462748,4.568341256180842,4.474920812247651,4.558241844177246,4846400,0.0,0.0
2007-03-16 00:00:00-04:00,4.569184013402397,4.595274193270404,4.460614268309316,4.49848747253418,5856000,0.0,0.0
2007-03-19 00:00:00-04:00,4.516161471738224,4.581808144214561,4.497645611889172,4.580124855041504,5823200,0.0,2.0
2007-03-20 00:00:00-04:00,4.580123157881672,4.664285659020734,4.57170703618955,4.654186248779297,6427600,0.0,0.0
2007-03-21 00:00:00-04:00,4.642405084479887,4.667653778956367,4.591907695526928,4.650821208953857,4846000,0.0,0.0
2007-03-22 00:00:00-04:00,4.671018813739445,4.69626749987309,4.5447750620167575,4.598639011383057,5526000,0.0,0.0
2007-03-23 00:00:00-04:00,4.6121059013238,4.6592370267702075,4.541409373681453,4.60032320022583,5724400,0.0,0.0
2007-03-26 00:00:00-04:00,4.633987949668243,4.733299737870303,4.570024261815476,4.708050727844238,7596000,0.0,0.0
2007-03-27 00:00:00-04:00,5.160844537092694,5.290454865722357,5.091831311937566,5.245007038116455,36956800,0.0,0.0
2007-03-28 00:00:00-04:00,5.238275115187138,5.551359455080125,5.206293269345684,5.487395763397217,20805600,0.0,0.0
2007-03-29 00:00:00-04:00,5.4873965686502935,5.4873965686502935,5.351053684242772,5.457098007202148,12156000,0.0,0.0
2007-03-30 00:00:00-04:00,5.445313872996672,5.539576110731185,5.3779842535654145,5.4823455810546875,7696800,0.0,0.0
2007-04-02 00:00:00-04:00,5.4958126731038925,5.622056449893945,5.482346362033942,5.542943477630615,7650800,0.0,0.0
2007-04-03 00:00:00-04:00,5.553042625267081,5.633838556838277,5.539576315617389,5.58670711517334,6009600,0.0,0.0
2007-04-04 00:00:00-04:00,5.561459386870839,5.618689925241036,5.524427673187458,5.5513596534729,5212400,0.0,0.0
2007-04-05 00:00:00-04:00,5.5378939194086865,5.623739404902229,5.532843731714441,5.608590126037598,4191200,0.0,0.0
2007-04-09 00:00:00-04:00,5.62205601919187,5.630472141911309,5.507594952302286,5.571557998657227,4532000,0.0,0.0
2007-04-10 00:00:00-04:00,5.590075222981539,5.761766865365246,5.529478097186211,5.733151912689209,7423600,0.0,0.0
2007-04-11 00:00:00-04:00,5.815630125604361,5.849295262732552,5.645622114165167,5.780282020568848,9722400,0.0,0.0
2007-04-12 00:00:00-04:00,5.780280805853511,5.788696927839656,5.655720017288149,5.7079010009765625,5889600,0.0,0.0
2007-04-13 00:00:00-04:00,5.716318559833975,5.746617120287192,5.596807928106901,5.687703609466553,5085200,0.0,0.0
2007-04-16 00:00:00-04:00,5.707902219771715,5.77354888423355,5.585025014631266,5.694436550140381,6413200,0.0,0.0
2007-04-17 00:00:00-04:00,5.711269270785056,5.807214502501127,5.6658214280602115,5.714635848999023,7720400,0.0,0.0
2007-04-18 00:00:00-04:00,5.7112666149160205,5.738198585994637,5.630470701680172,5.642253398895264,4162400,0.0,0.0
2007-04-19 00:00:00-04:00,5.576608718470393,5.613639790393716,5.490762589051504,5.5597758293151855,7272800,0.0,0.0
2007-04-20 00:00:00-04:00,5.6809689202434726,5.773547544596024,5.6372047014599,5.731466293334961,6918400,0.0,0.0
2007-04-23 00:00:00-04:00,5.739883183965224,6.0344519822472025,5.739883183965224,5.882959842681885,9291600,0.0,0.0
2007-04-24 00:00:00-04:00,5.891376095287224,5.891376095287224,5.724734031778266,5.748300075531006,7319600,0.0,0.0
2007-04-25 00:00:00-04:00,5.753349473750009,5.807213431016805,5.659087227478604,5.692752361297607,8018000,0.0,0.0
2007-04-26 00:00:00-04:00,5.70958444465627,5.77018155538406,5.662453643916432,5.728100299835205,7824000,0.0,0.0
2007-04-27 00:00:00-04:00,5.729784720756127,5.736517876703261,5.6338394958912925,5.657404899597168,9876800,0.0,0.0
2007-04-30 00:00:00-04:00,5.689387045661317,5.733151921966165,5.571559372214094,5.5833420753479,6036000,0.0,0.0
2007-05-01 00:00:00-04:00,5.622056588762828,5.652355147309562,5.446998393183718,5.638888835906982,8882000,0.0,0.0
2007-05-02 00:00:00-04:00,5.6405714781083445,5.728100570844235,5.628788777365919,5.689385890960693,7223200,0.0,0.0
2007-05-03 00:00:00-04:00,5.578292499134768,5.697803140059629,5.5631432177422395,5.654038906097412,9219600,0.0,0.0
2007-05-04 00:00:00-04:00,5.67255387492491,5.674236842766807,5.563142344038942,5.596807479858398,6704800,0.0,0.0
2007-05-07 00:00:00-04:00,5.613640358778145,5.637206405981511,5.54631072166735,5.606907844543457,11877200,0.0,0.0
2007-05-08 00:00:00-04:00,5.596808263459919,5.667504480680706,5.509279154918125,5.6321563720703125,7112000,0.0,0.0
2007-05-09 00:00:00-04:00,5.611956855210894,5.664137848732284,5.568192627370651,5.638888835906982,5039200,0.0,0.0
2007-05-10 00:00:00-04:00,5.640571560554927,5.701168675035431,5.500862117377358,5.541259765625,5690400,0.0,0.0
2007-05-11 00:00:00-04:00,5.569875577027338,5.5867078241164485,5.438582251826883,5.494129180908203,8081200,0.0,0.0
2007-05-14 00:00:00-04:00,5.536210374430523,5.601857036244472,5.495812725056889,5.5513596534729,7761600,0.0,0.0
2007-05-15 00:00:00-04:00,5.5513585353744705,5.940189524408386,5.5513585353744705,5.768497943878174,15605600,0.0,0.0
2007-05-16 00:00:00-04:00,5.787015241676298,5.953656677070975,5.763449838053543,5.933457851409912,10438400,0.0,0.0
2007-05-17 00:00:00-04:00,5.928406615088059,6.228024905045109,5.928406615088059,5.992369651794434,13776000,0.0,0.0
2007-05-18 00:00:00-04:00,6.004152559831237,6.026034990051949,5.861076563861885,5.990686893463135,11480000,0.0,0.0
2007-05-21 00:00:00-04:00,6.026035397413167,6.374468126448873,6.026035397413167,6.2448577880859375,19506800,0.0,0.0
2007-05-22 00:00:00-04:00,6.286940711070972,6.34585486712013,6.093367278047253,6.3424882888793945,13271200,0.0,0.0
2007-05-23 00:00:00-04:00,6.190994288006716,6.286939502034528,5.99573728235778,6.034451961517334,22241200,0.0,0.0
2007-05-24 00:00:00-04:00,6.037819904845661,6.101783609368923,5.856029168449505,5.926725387573242,12748800,0.0,0.0
2007-05-25 00:00:00-04:00,5.930090778609391,6.039502305852682,5.901475831486429,6.02435302734375,6572400,0.0,0.0
2007-05-29 00:00:00-04:00,6.096733528380138,6.103466042390362,5.989005598907233,6.063068389892578,8673200,0.0,0.0
2007-05-30 00:00:00-04:00,6.009202799307036,6.1505958290122225,5.96712154811036,6.130396366119385,6937600,0.0,0.0
2007-05-31 00:00:00-04:00,6.172478453192175,6.291989710777721,6.162379362487075,6.224659442901611,17145600,0.0,0.0
2007-06-01 00:00:00-04:00,6.251592602706964,6.362687116214664,6.251592602706964,6.3424882888793945,8202000,0.0,0.0
2007-06-04 00:00:00-04:00,6.406451433392176,6.461998364254695,6.312189177186913,6.440115928649902,8198800,0.0,0.0
2007-06-05 00:00:00-04:00,6.440114497203799,6.453580806001,6.354269026002953,6.419915676116943,7040800,0.0,0.0
2007-06-06 00:00:00-04:00,6.371101057049293,6.394667096657116,6.244857305783252,6.295355319976807,5462800,0.0,0.0
2007-06-07 00:00:00-04:00,6.377834328630696,6.377834328630696,6.096731878849193,6.130396366119385,6544000,0.0,0.0
2007-06-08 00:00:00-04:00,6.1068316828555105,6.285256439969281,6.096732592336154,6.273473739624023,5400000,0.0,0.0
2007-06-11 00:00:00-04:00,6.244858800375278,6.270107813514942,6.153963765712457,6.21287727355957,3978800,0.0,0.0
2007-06-12 00:00:00-04:00,6.185945046642962,6.206143871086364,6.095049373484076,6.120298385620117,5590400,0.0,0.0
2007-06-13 00:00:00-04:00,6.16742963939128,6.286940269043595,6.153963969484236,6.231393337249756,5360800,0.0,0.0
2007-06-14 00:00:00-04:00,6.2179265447712915,6.33743780729801,6.212876999209969,6.271790504455566,7034800,0.0,0.0
2007-06-15 00:00:00-04:00,6.389618399021242,6.7111192014842285,6.372786151773387,6.600024700164795,13245600,0.0,0.0
2007-06-18 00:00:00-04:00,6.817164382357984,6.929941855285862,6.711119423286314,6.76330041885376,14488000,0.0,0.0
2007-06-19 00:00:00-04:00,6.761615753787516,6.830629628499926,6.669037121091567,6.741416931152344,9126400,0.0,0.0
2007-06-20 00:00:00-04:00,6.771714954616329,6.815479816017722,6.667353630065918,6.667353630065918,6679200,0.0,0.0
2007-06-21 00:00:00-04:00,6.638738566084313,6.7582498184391495,6.549526510845725,6.741416931152344,8609600,0.0,0.0
2007-06-22 00:00:00-04:00,6.738050455840861,6.800331176582698,6.623589388991384,6.743100643157959,7596400,0.0,0.0
2007-06-25 00:00:00-04:00,6.743100117119048,6.820529467444789,6.694285710218882,6.729633808135986,8621600,0.0,0.0
2007-06-26 00:00:00-04:00,6.741418876987774,6.756568158864073,6.623591200406469,6.6505231857299805,10896800,0.0,0.0
2007-06-27 00:00:00-04:00,6.615174703598766,6.802015622202459,6.606758579053647,6.796966075897217,8023600,0.0,0.0
2007-06-28 00:00:00-04:00,6.791914206091537,6.817163215585447,6.610123520905931,6.719534397125244,9085600,0.0,0.0
2007-06-29 00:00:00-04:00,6.719533653814409,6.798646608842181,6.5495256873030785,6.581507205963135,7270000,0.0,0.0
2007-07-02 00:00:00-04:00,6.5916082250312025,6.766666412353515,6.5831921018560795,6.766666412353516,5043600,0.0,0.0
2007-07-03 00:00:00-04:00,6.77339871656881,6.882809588314532,6.746466740527359,6.808746814727783,3930800,0.0,0.0
2007-07-05 00:00:00-04:00,6.808747995347965,6.993905282475135,6.717852319656124,6.9871721267700195,10054000,0.0,0.0
2007-07-06 00:00:00-04:00,6.9854889441257475,7.034303358323401,6.919842283291893,6.993905067443848,6941600,0.0,0.0
2007-07-09 00:00:00-04:00,7.0427191674736145,7.2851069756111295,7.007371065849002,7.280057430267334,14075200,0.0,0.0
2007-07-10 00:00:00-04:00,7.406302779748911,7.406302779748911,7.086484902870636,7.0915350914001465,8712800,0.0,0.0
2007-07-11 00:00:00-04:00,7.088166882352651,7.152130571434405,6.99895482486871,7.027569770812988,7340800,0.0,0.0
2007-07-12 00:00:00-04:00,7.1049998529755625,7.16728058069614,6.987172195414747,7.140347957611084,8340800,0.0,0.0
2007-07-13 00:00:00-04:00,7.145398481249165,7.190846321677132,7.046086676338225,7.069652080535889,6658000,0.0,0.0
2007-07-16 00:00:00-04:00,7.035986886646008,7.142031846807195,7.0090549046171935,7.081434726715088,4695200,0.0,0.0
2007-07-17 00:00:00-04:00,7.079749905062653,7.1336138550170265,6.998953980131092,7.004003524780273,2922400,0.0,0.0
2007-07-18 00:00:00-04:00,6.953507193367106,7.1150990674313475,6.844095667449781,7.086483478546143,9935600,0.0,0.0
2007-07-19 00:00:00-04:00,7.142031760983925,7.1790634766194605,6.997272118527661,7.01410436630249,5072000,0.0,0.0
2007-07-20 00:00:00-04:00,7.002322805525757,7.105001203168165,6.904694596726043,7.057870388031006,4552800,0.0,0.0
2007-07-23 00:00:00-04:00,7.103318624913095,7.131933580786055,6.913111101496086,6.916477680206299,4889200,0.0,0.0
2007-07-24 00:00:00-04:00,6.9434064205543695,7.246391299574955,6.906374714169887,7.004003524780273,7830000,0.0,0.0
2007-07-25 00:00:00-04:00,7.052819147750082,7.131931476717986,6.950140774763161,7.071334362030029,6957200,0.0,0.0
2007-07-26 00:00:00-04:00,6.985490296352542,7.163915098936753,6.78013350867158,6.9114274978637695,8762400,0.0,0.0
2007-07-27 00:00:00-04:00,6.867659294286137,7.0645998616280465,6.780130224590717,6.800329685211182,7153600,0.0,0.0
2007-07-30 00:00:00-04:00,6.8070636750419276,6.916475196451077,6.6909196407392795,6.8541951179504395,8771600,0.0,0.0
2007-07-31 00:00:00-04:00,7.032618805048402,7.1033156440771785,6.766665619638535,6.791913986206055,7746800,0.0,0.0
2007-08-01 00:00:00-04:00,6.771716496351676,6.877761454696658,6.657255414162286,6.749834060668945,11194800,0.0,0.0
2007-08-02 00:00:00-04:00,6.773399891059717,6.993905282475135,6.766666735354602,6.9871721267700195,7012000,0.0,0.0
2007-08-03 00:00:00-04:00,6.667355861363094,6.8356809246962325,6.320605999737531,6.657256126403809,25260400,0.0,0.0
2007-08-06 00:00:00-04:00,6.7330019996155235,6.926576063948112,6.589925963967336,6.833996772766113,10832000,0.0,0.0
2007-08-07 00:00:00-04:00,6.833997274843707,7.315407055921711,6.800332776059665,7.197579383850098,12259600,0.0,0.0
2007-08-08 00:00:00-04:00,7.229560596634316,7.534228508093467,7.153814200210276,7.413034915924072,8939200,0.0,0.0
2007-08-09 00:00:00-04:00,7.253125961484546,7.253125961484546,6.791915071760165,6.892910480499268,13578000,0.0,0.0
2007-08-10 00:00:00-04:00,6.648838246318287,6.874393797320786,6.596657259301869,6.712801933288574,11581200,0.0,0.0
2007-08-13 00:00:00-04:00,6.874394903021077,7.035986793044259,6.733001838723519,6.849145889282227,6788400,0.0,0.0
2007-08-14 00:00:00-04:00,6.894594026647821,6.936675289958087,6.690920866332322,6.744784832000732,7792000,0.0,0.0
2007-08-15 00:00:00-04:00,6.714485923136304,6.859245564160331,6.6101245753249,6.655572414398193,8548800,0.0,0.0
2007-08-16 00:00:00-04:00,6.520910743762798,6.584873781064133,6.29535521941931,6.56130838394165,13521200,0.0,0.0
2007-08-17 00:00:00-04:00,6.744780953825025,6.84072612763627,6.522592062671745,6.716166019439697,9318000,0.0,0.0
2007-08-20 00:00:00-04:00,6.859245731712563,7.0662854644755795,6.780132753381087,7.0157880783081055,7671200,0.0,0.0
2007-08-21 00:00:00-04:00,7.066286545062585,7.280059466567498,7.019155729713509,7.231245040893555,7677200,0.0,0.0
2007-08-22 00:00:00-04:00,7.365902963496643,7.376002696364336,7.268274780878385,7.3086724281311035,10826400,0.0,0.0
2007-08-23 00:00:00-04:00,7.75304887124174,8.224358690545353,7.690768165831088,7.987020492553711,36215600,0.0,0.0
2007-08-24 00:00:00-04:00,8.146933126043916,8.385954402010544,7.929793645465236,8.320307731628418,16282000,0.0,0.0
2007-08-27 00:00:00-04:00,8.34050595743401,8.389320375211195,8.126733070511353,8.199112892150879,8902800,0.0,0.0
2007-08-28 00:00:00-04:00,8.180595872216436,8.183962449734151,7.813647270202637,7.813647270202637,9943600,0.0,0.0
2007-08-29 00:00:00-04:00,7.912958787168503,8.369120072424627,7.912958787168503,8.355653762817383,9858800,0.0,0.0
2007-08-30 00:00:00-04:00,8.256343742969994,8.471800248011567,8.081285533282816,8.21931266784668,11760800,0.0,0.0
2007-08-31 00:00:00-04:00,8.33208950539794,8.503781123774381,8.256343108745236,8.439817428588867,8497600,0.0,0.0
2007-09-04 00:00:00-04:00,8.500413718943287,8.751218287436114,8.47853128601489,8.60645866394043,7339200,0.0,0.0
2007-09-05 00:00:00-04:00,8.500416452520343,8.502099420774964,8.301792808795684,8.360706329345703,7518000,0.0,0.0
2007-09-06 00:00:00-04:00,8.416254093749483,8.49705005599637,8.2512955905651,8.424670219421387,5309200,0.0,0.0
2007-09-07 00:00:00-04:00,8.256341301470153,8.273174187102263,8.03415234799774,8.114948272705078,8721200,0.0,0.0
2007-09-10 00:00:00-04:00,8.157031095930462,8.300107761891955,7.987023091984302,8.21594524383545,6490800,0.0,0.0
2007-09-11 00:00:00-04:00,8.266441698529137,8.4970467923333,8.266441698529137,8.446549415588379,6751200,0.0,0.0
2007-09-12 00:00:00-04:00,8.444866809058343,8.498731411708716,8.357338354760504,8.475165367126465,4645200,0.0,0.0
2007-09-13 00:00:00-04:00,8.497047172731007,8.532395273824024,8.382586104526842,8.384269714355469,6732400,0.0,0.0
2007-09-14 00:00:00-04:00,8.360704487441685,8.752902141614861,8.315257291377748,8.729336738586426,15742800,0.0,0.0
2007-09-17 00:00:00-04:00,8.655271948727286,8.830330118142992,8.596358450418624,8.65190601348877,7458800,0.0,0.0
2007-09-18 00:00:00-04:00,8.744485742680142,8.808449436107216,8.611508810224324,8.788249969482422,10555200,0.0,0.0
2007-09-19 00:00:00-04:00,8.832015732135623,9.074403577179723,8.820233029800022,8.990241050720215,11312800,0.0,0.0
2007-09-20 00:00:00-04:00,8.980139390370079,9.210745125728522,8.938058136165704,9.172030448913574,11533600,0.0,0.0
2007-09-21 00:00:00-04:00,9.276392035459924,9.421151656653931,9.209061770031877,9.305006980895996,14216800,0.0,0.0
2007-09-24 00:00:00-04:00,9.565910026950165,9.565910026950165,9.313422527775312,9.454814910888672,15665200,0.0,0.0
2007-09-25 00:00:00-04:00,9.340357801040309,9.623143309256479,9.19223156941535,9.599577903747559,13652800,0.0,0.0
2007-09-26 00:00:00-04:00,9.601261671532834,9.969893325422003,9.594528514959999,9.894146919250488,15681200,0.0,0.0
2007-09-27 00:00:00-04:00,9.740970017811982,9.754436329407927,9.266293449909252,9.559179306030273,20450800,0.0,0.0
2007-09-28 00:00:00-04:00,9.604626308904338,9.678689089911368,9.446400371962968,9.485115051269531,10254400,0.0,0.0
2007-10-01 00:00:00-04:00,9.549079491381354,9.611359576711926,9.244410936251239,9.451451301574707,10108400,0.0,0.0
2007-10-02 00:00:00-04:00,9.458183090911014,9.735919643917926,9.427884534506296,9.695521354675293,8101200,0.0,0.0
2007-10-03 00:00:00-04:00,9.500264530121967,9.614725602710946,9.453133726859106,9.52888011932373,9836400,0.0,0.0
2007-10-04 00:00:00-04:00,9.574328017646279,9.594526841733082,9.099651477897682,9.195596694946289,8743200,0.0,0.0
2007-10-05 00:00:00-04:00,9.274707774560145,9.555810874562868,9.224210400088632,9.547394752502441,9329600,0.0,0.0
2007-10-08 00:00:00-04:00,9.569276594752509,9.746018369550947,9.47669796735411,9.535612106323242,4688800,0.0,0.0
2007-10-09 00:00:00-04:00,9.629875749813346,9.912661879115735,9.607993956101312,9.882363319396973,11420800,0.0,0.0
2007-10-10 00:00:00-04:00,9.889093820688661,10.006921449952694,9.762850069786253,9.926125526428223,8718800,0.0,0.0
2007-10-11 00:00:00-04:00,9.953058823991597,9.998506657410893,9.42620132040014,9.60294246673584,6229600,0.0,0.0
2007-10-12 00:00:00-04:00,9.582741792682267,9.677004018837698,9.43124904388048,9.66185474395752,8033200,0.0,0.0
2007-10-15 00:00:00-04:00,9.779681943767306,10.013654225976113,9.641655499361475,9.766216278076172,11118400,0.0,0.0
2007-10-16 00:00:00-04:00,9.67700717415417,9.964842848621316,9.67700717415417,9.783051490783691,7624000,0.0,0.0
2007-10-17 00:00:00-04:00,10.011974123700652,10.124752243651617,9.715722311519073,9.848698616027832,12518000,0.0,0.0
2007-10-18 00:00:00-04:00,9.830184357964056,9.953061582174957,9.73255550902134,9.828500747680664,5218800,0.0,0.0
2007-10-19 00:00:00-04:00,9.84869690494302,9.926126904247129,9.544029021424791,9.550762176513672,4996400,0.0,0.0
2007-10-22 00:00:00-04:00,9.40936871776442,9.762850997019818,8.963307165367333,9.55412769317627,10362000,0.0,0.0
2007-10-23 00:00:00-04:00,9.631558291118113,10.12138409607377,9.535613076691368,10.107917785644531,9815200,0.0,0.0
2007-10-24 00:00:00-04:00,10.208914897563554,10.234163270684027,9.587795030319292,9.784735679626465,7404000,0.0,0.0
2007-10-25 00:00:00-04:00,9.831865047073187,9.877312882551962,9.400952736025912,9.52888011932373,8461200,0.0,0.0
2007-10-26 00:00:00-04:00,9.85879414032953,9.922757813253785,9.59452397006658,9.668586730957031,13177200,0.0,0.0
2007-10-29 00:00:00-04:00,9.904244275373609,10.008605608751127,9.756118076892973,9.80829906463623,9931200,0.0,0.0
2007-10-30 00:00:00-04:00,9.779683761830498,9.931176542199177,9.675322425414862,9.678689002990723,4704000,0.0,0.0
2007-10-31 00:00:00-04:00,9.730870981366301,9.973258812485152,9.717404669694046,9.968209266662598,9824000,0.0,0.0
2007-11-01 00:00:00-04:00,9.889095010032952,10.183663797565847,9.737602233886719,9.737602233886719,9021200,0.0,0.0
2007-11-02 00:00:00-04:00,9.92275917677188,10.006921679302414,9.31847238291828,9.515412330627441,8757600,0.0,0.0
2007-11-05 00:00:00-05:00,9.510365777117373,9.64165911688407,9.325208470158744,9.591161727905273,6502400,0.0,0.0
2007-11-06 00:00:00-05:00,9.616409256456329,9.922760763280005,9.616409256456329,9.878995895385742,7791200,0.0,0.0
2007-11-07 00:00:00-05:00,9.648388540536017,9.974938795564798,9.49184624578853,9.496895790100098,7603200,0.0,0.0
2007-11-08 00:00:00-05:00,9.510363807956653,9.628191452583225,8.837063715357951,9.392536163330078,12534800,0.0,0.0
2007-11-09 00:00:00-05:00,9.005390527654027,9.14678360087539,8.722604381211301,8.884196281433105,13440800,0.0,0.0
2007-11-12 00:00:00-05:00,8.614875550287111,8.879145810237297,8.46506636826416,8.752902030944824,11782000,0.0,0.0
2007-11-13 00:00:00-05:00,8.816864869752981,9.262925794689957,8.816864869752981,9.161931037902832,8614000,0.0,0.0
2007-11-14 00:00:00-05:00,9.46154949888526,9.582743722331212,9.032320813659524,9.067668914794922,9347200,0.0,0.0
2007-11-15 00:00:00-05:00,9.19728065857053,9.520465089497124,9.067670292604422,9.414420127868652,12091200,0.0,0.0
2007-11-16 00:00:00-05:00,9.370654820266646,9.370654820266646,8.837064743041992,9.257877349853516,15406800,0.0,0.0
2007-11-19 00:00:00-05:00,9.367290807185917,9.367290807185917,8.635076335775041,8.919546127319336,21253200,0.0,0.0
2007-11-20 00:00:00-05:00,8.303474370924896,8.939742804352358,7.988706089890128,8.586259841918945,46295600,0.0,0.0
2007-11-21 00:00:00-05:00,8.46506474581829,8.46506474581829,8.205844081248102,8.301789283752441,14115200,0.0,0.0
2007-11-23 00:00:00-05:00,8.490315394524835,8.529030079444528,8.308524672201536,8.44150161743164,4015200,0.0,0.0
2007-11-26 00:00:00-05:00,8.584575962827598,8.911126268293568,8.508829575910262,8.665371894836426,15294000,0.0,0.0
2007-11-27 00:00:00-05:00,8.808447994347844,9.062618474404747,8.778149441478948,8.944790840148926,12078000,0.0,0.0
2007-11-28 00:00:00-05:00,9.145099588837196,9.434618216489337,9.114801030740836,9.387487411499023,13355200,0.0,0.0
2007-11-29 00:00:00-05:00,9.525513726122322,9.525513726122322,9.156882131800767,9.402636528015137,9410000,0.0,0.0
2007-11-30 00:00:00-05:00,9.60125864562547,9.698886816726732,9.485113978729943,9.670271873474121,17945600,0.0,0.0
2007-12-03 00:00:00-05:00,9.762851622710006,9.910977827120961,9.594526594732248,9.695521354675293,10230000,0.0,0.0
2007-12-04 00:00:00-05:00,9.592845061720316,9.708989117236637,9.44471883515508,9.629876136779785,8308400,0.0,0.0
2007-12-05 00:00:00-05:00,9.767902110507462,9.847015086764925,9.624826079765622,9.746020317077637,6776800,0.0,0.0
2007-12-06 00:00:00-05:00,9.91602568946744,10.118015817179364,9.604624697405374,10.040586471557617,28446800,0.0,0.0
2007-12-07 00:00:00-05:00,10.198814333429139,10.734088019038309,10.170198742356042,10.230795860290527,14952800,0.0,0.0
2007-12-10 00:00:00-05:00,10.250995358772343,10.442885804740945,10.07425355022424,10.099502563476562,9276800,0.0,0.0
2007-12-11 00:00:00-05:00,10.144950596418358,10.1701989680453,9.690472843933387,9.783051490783691,10792400,0.0,0.0
2007-12-12 00:00:00-05:00,10.0136555223258,10.112967307826612,9.73255241064358,9.867212295532227,10628000,0.0,0.0
2007-12-13 00:00:00-05:00,9.803249858453603,9.931176596490596,9.614725365828846,9.687105178833008,71285200,0.0,0.0
2007-12-14 00:00:00-05:00,9.67869092281598,10.006924917315915,9.577696143943296,9.798201560974121,14204400,0.0,0.0
2007-12-17 00:00:00-05:00,9.762850281369177,9.93117528622037,9.72918515197715,9.78809928894043,14002400,0.0,0.0
2007-12-18 00:00:00-05:00,9.878996182580957,10.296442196958706,9.862163935737854,10.261094093322754,16019200,0.0,0.0
2007-12-19 00:00:00-05:00,10.348621849979029,10.424368235186193,10.136532613507947,10.262776374816895,10536800,0.0,0.0
2007-12-20 00:00:00-05:00,10.31832396384301,10.468133134223278,10.217329205101642,10.452983856201172,9072400,0.0,0.0
2007-12-21 00:00:00-05:00,10.52536330444138,10.564077982022567,10.306540906669492,10.343572616577148,16519200,0.0,0.0
2007-12-24 00:00:00-05:00,10.555664082624403,10.688641030655281,10.41932119853754,10.654975891113281,5382000,0.0,0.0
2007-12-26 00:00:00-05:00,10.718938002782899,10.718938002782899,10.40753695293499,10.584278106689453,6859200,0.0,0.0
2007-12-27 00:00:00-05:00,10.525365047184074,10.60447802522815,10.345257297171944,10.469818115234375,8374000,0.0,0.0
2007-12-28 00:00:00-05:00,10.474866812206985,10.60279419791432,10.42268582039096,10.486649513244629,7000000,0.0,0.0
2007-12-31 00:00:00-05:00,10.422685877387693,10.527047861590448,10.39743750735855,10.454668045043945,8378400,0.0,0.0
2008-01-02 00:00:00-05:00,10.461399356866014,10.48496475491705,9.97157361616155,10.14999771118164,9398800,0.0,0.0
2008-01-03 00:00:00-05:00,10.149999676432722,10.336840571597843,10.057421033831815,10.11801815032959,9843200,0.0,0.0
2008-01-04 00:00:00-05:00,9.922760977570466,9.922760977570466,9.54907919304366,9.6012601852417,16070400,0.0,0.0
2008-01-07 00:00:00-05:00,9.518777685813408,9.746016798739507,9.400950068974932,9.513728141784668,13208800,0.0,0.0
2008-01-08 00:00:00-05:00,9.60294405296792,9.946327311895056,9.402637472981649,9.443035125732422,12886400,0.0,0.0
2008-01-09 00:00:00-05:00,9.419468962005428,9.527196883469399,8.91954403632988,9.276392936706543,26118800,0.0,0.0
2008-01-10 00:00:00-05:00,9.111435026119262,9.266293762034408,8.458333660225714,8.79835033416748,40060000,0.0,0.0
2008-01-11 00:00:00-05:00,8.752899173640822,9.005386649803539,8.68556892315389,8.77309799194336,19846000,0.0,0.0
2008-01-14 00:00:00-05:00,8.810133900892698,9.086186903912619,8.800034165864226,9.040739059448242,13277600,0.0,0.0
2008-01-15 00:00:00-05:00,8.996972118701937,8.996972118701937,8.466748068230988,8.552594184875488,15774400,0.0,0.0
2008-01-16 00:00:00-05:00,8.328722725758295,8.727652882319072,8.328722725758295,8.636757850646973,19882400,0.0,0.0
2008-01-17 00:00:00-05:00,8.646856508780727,9.030638009264239,8.310206452772501,8.369120597839355,18054400,0.0,0.0
2008-01-18 00:00:00-05:00,8.428033038848566,8.74953377614234,8.256341454864764,8.301789283752441,15501200,0.0,0.0
2008-01-22 00:00:00-05:00,7.8422611537992255,8.596357016946948,7.53422612001388,8.495362281799316,24653200,0.0,0.0
2008-01-23 00:00:00-05:00,8.263075342870396,8.77309995326583,8.03751978805527,8.761317253112793,23099200,0.0,0.0
2008-01-24 00:00:00-05:00,8.828650004076673,8.917862085238475,8.586261493585463,8.823599815368652,14777600,0.0,0.0
2008-01-25 00:00:00-05:00,8.926275698127718,9.008755241315026,8.308523176503689,8.348920822143555,14676800,0.0,0.0
2008-01-28 00:00:00-05:00,8.343871619458895,8.522296381000983,8.081284343585281,8.508830070495605,10268000,0.0,0.0
2008-01-29 00:00:00-05:00,8.547547268960358,8.547547268960358,8.263078117847213,8.360706329345703,9950400,0.0,0.0
2008-01-30 00:00:00-05:00,8.335455373746047,8.428034009726124,8.130098636325172,8.261392593383789,9477600,0.0,0.0
2008-01-31 00:00:00-05:00,8.146932558916456,8.810133015157323,8.114950388929572,8.678839683532715,12497200,0.0,0.0
2008-02-01 00:00:00-05:00,8.72765216072077,8.91449303845332,8.635073526757607,8.84043025970459,8606400,0.0,0.0
2008-02-04 00:00:00-05:00,9.121533635319583,9.256194180252141,8.744485907413805,8.752902030944824,9960000,0.0,0.0
2008-02-05 00:00:00-05:00,8.584577096452795,8.742802403934032,8.308524131774902,8.308524131774902,8459200,0.0,0.0
2008-02-06 00:00:00-05:00,8.380903421880582,8.561011153129225,8.254659649017944,8.29505729675293,10170800,0.0,0.0
2008-02-07 00:00:00-05:00,8.21089694083348,8.372489500596542,7.9466266248446065,8.276543617248535,11981600,0.0,0.0
2008-02-08 00:00:00-05:00,8.247927390914962,8.557645506380622,8.151982164471006,8.456650733947754,7503600,0.0,0.0
2008-02-11 00:00:00-05:00,8.308524511218325,8.508831088124124,8.205846128716416,8.456650733947754,10498800,0.0,0.0
2008-02-12 00:00:00-05:00,8.490309740584143,8.507142619845675,8.195741095648561,8.264754295349121,13856400,0.0,0.0
2008-02-13 00:00:00-05:00,8.311889636965219,8.337138004607404,7.78503214650324,7.965139865875244,18358000,0.0,0.0
2008-02-14 00:00:00-05:00,7.965139570224304,7.988704969325902,7.554426769331821,7.702552318572998,21073600,0.0,0.0
2008-02-15 00:00:00-05:00,7.6133403406606694,8.032469909947567,7.450064870866047,8.01732063293457,28404800,0.0,0.0
2008-02-19 00:00:00-05:00,8.079600503676795,8.101482934831427,7.803547589205271,7.887710094451904,13709200,0.0,0.0
2008-02-20 00:00:00-05:00,7.840577903938917,7.840577903938917,7.514027030651135,7.699184894561768,15053600,0.0,0.0
2008-02-21 00:00:00-05:00,7.741268634796142,7.907910059706169,7.6655222406965615,7.741268634796143,9418800,0.0,0.0
2008-02-22 00:00:00-05:00,7.788400173187256,7.83384801393078,7.581360437872831,7.788400173187256,9797200,0.0,0.0
2008-02-25 00:00:00-05:00,7.80186361321224,7.803547222819142,7.57462511655904,7.753049850463867,10012800,0.0,0.0
2008-02-26 00:00:00-05:00,7.682353938331406,7.978606338058837,7.635223137419362,7.9297919273376465,9491200,0.0,0.0
2008-02-27 00:00:00-05:00,7.897810857754968,8.054353202055273,7.828797614512507,7.980290412902832,6761200,0.0,0.0
2008-02-28 00:00:00-05:00,7.907909099376159,7.9112756767172,7.571259070579682,7.584725379943848,11685200,0.0,0.0
2008-02-29 00:00:00-05:00,7.556112698629008,7.556112698629008,7.1151011711444685,7.130250453948975,16601600,0.0,0.0
2008-03-03 00:00:00-05:00,7.120149480625276,7.209362193684882,6.864295327786094,7.194212913513184,12508800,0.0,0.0
2008-03-04 00:00:00-05:00,7.113415107264996,7.347387425903289,7.069650884318602,7.33897066116333,11981200,0.0,0.0
2008-03-05 00:00:00-05:00,7.389469366608986,7.628490610466498,7.310356393899697,7.613341331481934,14798000,0.0,0.0
2008-03-06 00:00:00-05:00,7.591457698260528,7.65878795914051,7.283423263690655,7.298572540283203,9648000,0.0,0.0
2008-03-07 00:00:00-05:00,7.222828668065161,7.419769332227302,7.054503599462282,7.1841139793396,7842400,0.0,0.0
2008-03-10 00:00:00-04:00,7.175694732754299,7.382734400016162,7.140345995722157,7.293522357940674,12572800,0.0,0.0
2008-03-11 00:00:00-04:00,7.6318581053916,7.8927618151600285,7.529179717947005,7.889395236968994,13702000,0.0,0.0
2008-03-12 00:00:00-04:00,7.886029443873731,8.071187410159297,7.766518795685182,7.785034656524658,8811600,0.0,0.0
2008-03-13 00:00:00-04:00,7.687402408916546,7.988704311734325,7.490462467970937,7.939889907836914,9716400,0.0,0.0
2008-03-14 00:00:00-04:00,8.130098171778629,8.290007065939356,7.803547870797307,8.256341934204102,20089200,0.0,0.0
2008-03-17 00:00:00-04:00,7.761467635646113,8.18564681013858,7.576309707847611,7.911276817321777,16108400,0.0,0.0
2008-03-18 00:00:00-04:00,8.2462436008165,8.332089084614859,7.522445449475858,8.17218017578125,35311200,0.0,0.0
2008-03-19 00:00:00-04:00,8.219311066787368,8.414568065062603,7.901176238378194,7.907909393310547,15634000,0.0,0.0
2008-03-20 00:00:00-04:00,7.9095928418081805,8.44823238323265,7.9095928418081805,8.446549415588379,17160800,0.0,0.0
2008-03-24 00:00:00-04:00,8.498730191159625,9.215794464202505,8.498730191159625,9.087867736816406,21702800,0.0,0.0
2008-03-25 00:00:00-04:00,9.129950704921612,9.13163367284022,8.879146105849246,9.064303398132324,13272800,0.0,0.0
2008-03-26 00:00:00-04:00,9.007073054955558,9.062620629125123,8.79161719853589,8.917860984802246,9238000,0.0,0.0
2008-03-27 00:00:00-04:00,8.954892025552706,9.170347865723063,8.954892025552706,9.08955192565918,10036800,0.0,0.0
2008-03-28 00:00:00-04:00,9.057568885051124,9.057568885051124,8.658638154943725,8.734384536743164,11335200,0.0,0.0
2008-03-31 00:00:00-04:00,8.667057136567552,8.835382187141246,8.567745331044707,8.70408821105957,13848000,0.0,0.0
2008-04-01 00:00:00-04:00,8.875778749402922,9.400952662890276,8.875778749402922,9.370654106140137,17945200,0.0,0.0
2008-04-02 00:00:00-04:00,9.397586727348289,9.565911757245045,9.209062231545419,9.370654106140137,13132000,0.0,0.0
2008-04-03 00:00:00-04:00,9.3319396600353,9.560861809165687,9.197279761167144,9.493532180786133,8529200,0.0,0.0
2008-04-04 00:00:00-04:00,9.426199601302596,9.5810582865403,9.325204862417909,9.496895790100098,6052000,0.0,0.0
2008-04-07 00:00:00-04:00,9.607995748812328,9.607995748812328,9.350457943150069,9.436304092407227,6571600,0.0,0.0
2008-04-08 00:00:00-04:00,9.301640349547066,9.400952137318365,9.146781638911953,9.316789627075195,7986800,0.0,0.0
2008-04-09 00:00:00-04:00,9.249461556424542,9.365605608892597,8.911127848885565,9.037371635437012,13598000,0.0,0.0
2008-04-10 00:00:00-04:00,9.020537156188686,9.352137625651112,9.020537156188686,9.289856910705566,12056400,0.0,0.0
2008-04-11 00:00:00-04:00,9.143414915365637,9.331938755507789,9.113116360793455,9.18044662475586,6223200,0.0,0.0
2008-04-14 00:00:00-04:00,9.158566762514242,9.384122375336748,9.032322963742896,9.239362716674805,6964000,0.0,0.0
2008-04-15 00:00:00-04:00,9.340355869867732,9.414418649312733,9.215795069505358,9.400952339172363,8661200,0.0,0.0
2008-04-16 00:00:00-04:00,9.466600089881052,9.58611070859175,9.402636397878675,9.537296295166016,9032000,0.0,0.0
2008-04-17 00:00:00-04:00,9.576011173056733,9.818399635283441,9.49689820084562,9.6012601852417,8637600,0.0,0.0
2008-04-18 00:00:00-04:00,9.783051776736986,9.953060437696148,9.434618972806128,9.533930778503418,18530400,0.0,0.0
2008-04-21 00:00:00-04:00,9.140049823724565,9.392537391463415,9.064303424981093,9.353822708129883,12316000,0.0,0.0
2008-04-22 00:00:00-04:00,9.299956217914987,9.33025476917917,9.131631218495711,9.232625961303711,7740400,0.0,0.0
2008-04-23 00:00:00-04:00,9.092918722293147,9.372338262530636,9.092918722293147,9.293225288391113,9008400,0.0,0.0
2008-04-24 00:00:00-04:00,9.28648969737653,9.554126466016951,9.27470699905535,9.421150207519531,7333600,0.0,0.0
2008-04-25 00:00:00-04:00,9.486799566316872,9.501948845935269,9.34203992598754,9.456501007080078,8757200,0.0,0.0
2008-04-28 00:00:00-04:00,9.45986849852526,9.45986849852526,9.234312892486114,9.278077125549316,10067200,0.0,0.0
2008-04-29 00:00:00-04:00,9.325207046878926,9.476699190693498,9.16193156006226,9.195596694946289,8226800,0.0,0.0
2008-04-30 00:00:00-04:00,9.242727855690752,9.426202173684329,9.118167044439078,9.264610290527344,10017200,0.0,0.0
2008-05-01 00:00:00-04:00,9.2999603706798,9.628194394537397,9.21579783338858,9.491850852966309,10534000,0.0,0.0
2008-05-02 00:00:00-04:00,9.528879091203258,9.557494035208569,8.978456221493703,9.087867736816406,13057600,0.0,0.0
2008-05-05 00:00:00-04:00,9.119850474377069,9.128266597729906,8.847164096669015,8.879145622253418,10268000,0.0,0.0
2008-05-06 00:00:00-04:00,8.811814331782724,9.150147973563158,8.769733077777822,9.072718620300293,9750000,0.0,0.0
2008-05-07 00:00:00-04:00,9.039056353827895,9.039056353827895,8.752903607469555,8.783202171325684,11799200,0.0,0.0
2008-05-08 00:00:00-04:00,8.833697245329844,8.916176790204755,8.554277729185783,8.59467601776123,11374400,0.0,0.0
2008-05-09 00:00:00-04:00,8.540812112363726,8.724286416615705,8.426351043173003,8.623291015625,8953200,0.0,0.0
2008-05-12 00:00:00-04:00,8.705771150173069,9.161931847964265,8.623291599220835,9.10638427734375,14618800,0.0,0.0
2008-05-13 00:00:00-04:00,9.160247480136528,9.247776569500182,9.059252722775623,9.190546035766602,8144800,0.0,0.0
2008-05-14 00:00:00-04:00,9.284810127725171,9.40432076420855,9.190547864551572,9.252828598022461,7578000,0.0,0.0
2008-05-15 00:00:00-04:00,9.276394292874494,9.426203495693589,9.166982745455819,9.333624839782715,11836400,0.0,0.0
2008-05-16 00:00:00-04:00,9.279758805825342,9.34203888526995,8.80003209942445,9.067668914794922,10736800,0.0,0.0
2008-05-19 00:00:00-04:00,9.028955527437734,9.08786967986504,8.722603989564872,8.786567687988281,8378800,0.0,0.0
2008-05-20 00:00:00-04:00,8.693987900715673,8.71923626949829,8.50546340817188,8.682205200195312,11591600,0.0,0.0
2008-05-21 00:00:00-04:00,8.722601357938323,8.902709054696945,8.557642936706543,8.557642936706543,13868000,0.0,0.0
2008-05-22 00:00:00-04:00,7.8675137917107145,8.308525280599195,7.424818692597289,8.222679138183594,69192800,0.0,0.0
2008-05-23 00:00:00-04:00,8.266443137375942,8.416252326042036,8.040887549353652,8.31020736694336,21610000,0.0,0.0
2008-05-27 00:00:00-04:00,8.278225463063185,8.367437528190115,8.125049703374591,8.3320894241333,15632800,0.0,0.0
2008-05-28 00:00:00-04:00,8.396052719146994,8.488631357698845,8.288324802133275,8.465065956115723,12170000,0.0,0.0
2008-05-29 00:00:00-04:00,8.426351421939646,8.529029153170846,8.246243687169038,8.279908180236816,16644800,0.0,0.0
2008-05-30 00:00:00-04:00,8.28664074388518,8.377536409738376,8.126731844797295,8.348920822143555,11706400,0.0,0.0
2008-06-02 00:00:00-04:00,8.318625576293329,8.392689026279726,8.086337416179415,8.274861335754395,12183200,0.0,0.0
2008-06-03 00:00:00-04:00,8.288326800132442,8.330408067991929,8.069503693575761,8.151983261108398,14062400,0.0,0.0
2008-06-04 00:00:00-04:00,8.140197712183134,8.148613834391455,7.8304796633106015,7.975239276885986,15030000,0.0,0.0
2008-06-05 00:00:00-04:00,8.047619240727176,8.10316616207329,7.901176014586831,8.005537986755371,16022000,0.0,0.0
2008-06-06 00:00:00-04:00,7.865827188792335,7.966822574261136,7.574625015258789,7.574625015258789,18682000,0.0,0.0
2008-06-09 00:00:00-04:00,7.658790721038517,7.82206624518175,7.561161871766714,7.714338302612305,14682800,0.0,0.0
2008-06-10 00:00:00-04:00,7.685720355260548,7.729484577748924,7.46353138116174,7.512345790863037,16049600,0.0,0.0
2008-06-11 00:00:00-04:00,7.507295428240979,7.520761737682139,7.155496120452881,7.155496120452881,19711600,0.0,0.0
2008-06-12 00:00:00-04:00,7.253124825261649,7.5443270202732915,7.162229164268244,7.224509239196777,18547600,0.0,0.0
2008-06-13 00:00:00-04:00,7.327188979176587,7.535912316815264,7.325506011260145,7.492147445678711,18588400,0.0,0.0
2008-06-16 00:00:00-04:00,7.673938304851617,8.168813672305033,7.652055870700661,8.069501876831055,26889200,0.0,0.0
2008-06-17 00:00:00-04:00,8.108215447248352,8.125048333563052,7.766515881421886,7.887710094451904,14980000,0.0,0.0
2008-06-18 00:00:00-04:00,7.815330447378439,7.998804738228651,7.709285508822342,7.852362155914307,14089200,0.0,0.0
2008-06-19 00:00:00-04:00,7.8321636052215835,8.079601610002815,7.778299645856955,8.069501876831055,15765600,0.0,0.0
2008-06-20 00:00:00-04:00,7.9937562137021745,7.9937562137021745,7.645322799682617,7.645322799682617,17922400,0.0,0.0
2008-06-23 00:00:00-04:00,7.6486868866986955,7.73116640971405,7.51234406337316,7.699184894561768,14428000,0.0,0.0
2008-06-24 00:00:00-04:00,7.657106084938601,7.845629943369652,7.566210412404165,7.641956806182861,10932000,0.0,0.0
2008-06-25 00:00:00-04:00,7.731168109359578,7.906226281761194,7.650372177968597,7.746317386627197,10594400,0.0,0.0
2008-06-26 00:00:00-04:00,7.6436417238429355,7.6436417238429355,7.312041116549692,7.327190399169922,10815600,0.0,0.0
2008-06-27 00:00:00-04:00,7.327185656155978,7.40124905307201,7.189159233678201,7.2093586921691895,15141600,0.0,0.0
2008-06-30 00:00:00-04:00,7.1554948659846795,7.2649063636311695,6.778447257260111,6.800329685211182,20155600,0.0,0.0
2008-07-01 00:00:00-04:00,6.7414176452403565,6.877761157215258,6.60675774322697,6.859245300292969,20770800,0.0,0.0
2008-07-02 00:00:00-04:00,6.901327110622161,7.138665407522608,6.785183056261216,6.80201530456543,15804800,0.0,0.0
2008-07-03 00:00:00-04:00,6.807062674164686,6.89964193656418,6.450213858918419,6.527643203735352,8804800,0.0,0.0
2008-07-07 00:00:00-04:00,6.568043165007833,6.711119192755735,6.522595326966846,6.625273704528809,14674400,0.0,0.0
2008-07-08 00:00:00-04:00,6.566359200621294,6.87102773899665,6.41486705743672,6.852511882781982,15121600,0.0,0.0
2008-07-09 00:00:00-04:00,6.884494804868385,6.978756421959971,6.613491371511861,6.628640651702881,13638800,0.0,0.0
2008-07-10 00:00:00-04:00,6.616857709965744,6.776765988058333,6.482197161095439,6.551210403442383,10499200,0.0,0.0
2008-07-11 00:00:00-04:00,6.478831053136679,6.818847067884013,6.332387806447415,6.611807346343994,16315600,0.0,0.0
2008-07-14 00:00:00-04:00,6.741417346330098,6.9013262538034486,6.692602933355564,6.778449058532715,13985200,0.0,0.0
2008-07-15 00:00:00-04:00,6.749834165759659,7.1773799416467,6.502396781914375,6.936675071716309,19512800,0.0,0.0
2008-07-16 00:00:00-04:00,6.960239429620407,7.217777150904831,6.820529994719867,7.195894718170166,10628400,0.0,0.0
2008-07-17 00:00:00-04:00,7.195893552409166,7.534226510591015,7.051133953646669,7.293522357940674,10802800,0.0,0.0
2008-07-18 00:00:00-04:00,7.549378003879499,7.650373416044259,7.2632259413520694,7.616708278656006,17629200,0.0,0.0
2008-07-21 00:00:00-04:00,7.621756479926198,7.707602597227068,7.2093607065278515,7.246391773223877,10062000,0.0,0.0
2008-07-22 00:00:00-04:00,7.180745115384362,7.396200929144558,7.015786677710591,7.312038421630859,12102800,0.0,0.0
2008-07-23 00:00:00-04:00,7.305307403799358,7.6655229069256166,7.209362176970742,7.445016860961914,16638000,0.0,0.0
2008-07-24 00:00:00-04:00,7.362538299758513,7.483731904560193,7.133616118753253,7.163914680480957,8073200,0.0,0.0
2008-07-25 00:00:00-04:00,7.221143973585539,7.291840177285366,6.958556698181129,6.992221832275391,11425600,0.0,0.0
2008-07-28 00:00:00-04:00,6.978756846868818,6.993906127982218,6.647156914667515,6.830631256103516,15166400,0.0,0.0
2008-07-29 00:00:00-04:00,6.830628303898616,7.06964947803911,6.706067530567167,6.98548698425293,10380800,0.0,0.0
2008-07-30 00:00:00-04:00,7.022520296570078,7.120148477842019,6.670720966226347,6.904692649841309,13275600,0.0,0.0
2008-07-31 00:00:00-04:00,6.818847656249999,7.064602723137551,6.796965861544596,6.81884765625,7168800,0.0,0.0
2008-08-01 00:00:00-04:00,6.882809865105327,6.882809865105327,6.576458384523108,6.704385757446289,7149600,0.0,0.0
2008-08-04 00:00:00-04:00,6.690919831206178,6.7346840557502485,6.534377504541311,6.63705587387085,7437200,0.0,0.0
2008-08-05 00:00:00-04:00,6.695969189983655,7.248075700451463,6.695969189983655,7.22114372253418,9434800,0.0,0.0
2008-08-06 00:00:00-04:00,7.170645392725004,7.322138163291875,7.01578668690907,7.200943946838379,8805600,0.0,0.0
2008-08-07 00:00:00-04:00,7.13866362154307,7.13866362154307,6.948456181168573,6.972021579742432,8546400,0.0,0.0
2008-08-08 00:00:00-04:00,6.938358940001328,7.480365177922559,6.933308751740831,7.443334102630615,11020000,0.0,0.0
2008-08-11 00:00:00-04:00,7.359171699410204,8.027421739238093,7.317090435149367,7.704237937927246,20922800,0.0,0.0
2008-08-12 00:00:00-04:00,7.673938233040315,7.673938233040315,7.525812025119202,7.599875450134277,12188400,0.0,0.0
2008-08-13 00:00:00-04:00,7.572944367745295,7.574627335736337,7.30530750953158,7.441650390625,10420800,0.0,0.0
2008-08-14 00:00:00-04:00,7.4601642802590655,7.574625336715933,7.295205849979214,7.47868013381958,9440000,0.0,0.0
2008-08-15 00:00:00-04:00,7.532547168697376,7.5965108775182335,7.243027831822217,7.273326396942139,13044000,0.0,0.0
2008-08-18 00:00:00-04:00,7.318773492172087,7.466899723961685,7.148765465019396,7.436601161956787,14777600,0.0,0.0
2008-08-19 00:00:00-04:00,7.397885636639264,7.577993378075832,7.281740948086045,7.413034915924072,12618400,0.0,0.0
2008-08-20 00:00:00-04:00,7.488782200814965,7.488782200814965,7.197579282002199,7.325506687164307,11106400,0.0,0.0
2008-08-21 00:00:00-04:00,6.997271986360455,7.3827364889487095,6.716169472754009,7.318772792816162,45804800,0.0,0.0
2008-08-22 00:00:00-04:00,7.404618789368573,7.5325455371929095,7.288474100862051,7.433233737945557,10726000,0.0,0.0
2008-08-25 00:00:00-04:00,7.3507534221182,7.431549997949452,7.204310832378435,7.281740188598633,8637600,0.0,0.0
2008-08-26 00:00:00-04:00,7.256490707397461,7.276689527202403,7.086482101221563,7.256490707397461,12825600,0.0,0.0
2008-08-27 00:00:00-04:00,7.254808425903319,7.347387704683595,7.20936123354994,7.25480842590332,7100800,0.0,0.0
2008-08-28 00:00:00-04:00,7.281742402947871,7.4551176654267906,7.281742402947871,7.421452522277832,6842800,0.0,0.0
2008-08-29 00:00:00-04:00,7.406300441807518,7.532544199338328,7.345703335455296,7.38441801071167,6734800,0.0,0.0
2008-09-02 00:00:00-04:00,7.463532143786983,7.781666360021432,7.463532143786983,7.638590335845947,15146000,0.0,0.0
2008-09-03 00:00:00-04:00,7.65205430382366,7.658787457892782,7.345702856876661,7.389467716217041,9074000,0.0,0.0
2008-09-04 00:00:00-04:00,7.32213950785456,7.500564287940865,7.276691668338923,7.394519329071045,11927600,0.0,0.0
2008-09-05 00:00:00-04:00,7.323821854199933,7.423133648688465,7.133615030503672,7.344021320343018,10644000,0.0,0.0
2008-09-08 00:00:00-04:00,7.451749115366843,7.803548451872883,7.271641385597193,7.453432083129883,14582800,0.0,0.0
2008-09-09 00:00:00-04:00,7.497196537484028,7.606607415110316,7.2480755851837335,7.330554485321045,11334000,0.0,0.0
2008-09-10 00:00:00-04:00,7.330556337218192,7.448384009289805,7.1336163224730935,7.197579383850098,9796800,0.0,0.0
2008-09-11 00:00:00-04:00,7.078068899886346,7.221145591312655,6.990539788476045,7.187480449676514,9519200,0.0,0.0
2008-09-12 00:00:00-04:00,7.083118325747202,7.083118325747202,6.802015161781953,6.936675071716309,13232000,0.0,0.0
2008-09-15 00:00:00-04:00,6.616857169818726,7.012420734034634,6.438432406607094,6.547843933105469,16810000,0.0,0.0
2008-09-16 00:00:00-04:00,6.399717793275407,6.839046229504181,6.335754101329051,6.746467590332031,14190400,0.0,0.0
2008-09-17 00:00:00-04:00,6.653889344349183,6.729635748951655,6.303773557233182,6.32902193069458,19856800,0.0,0.0
2008-09-18 00:00:00-04:00,6.431699368402574,6.561309721098992,5.894742743325167,6.478830814361572,25745600,0.0,0.0
2008-09-19 00:00:00-04:00,6.83568013436099,7.004005178232537,6.228026623247251,6.34585428237915,23282800,0.0,0.0
2008-09-22 00:00:00-04:00,6.384569587398275,6.384569587398275,6.0731684827429975,6.106832981109619,12012400,0.0,0.0
2008-09-23 00:00:00-04:00,6.142180432596021,6.206143479650672,5.810579928528809,5.8812761306762695,13957200,0.0,0.0
2008-09-24 00:00:00-04:00,5.896426919140645,5.896426919140645,5.603541660770567,5.824047088623047,18436400,0.0,0.0
2008-09-25 00:00:00-04:00,5.896426202835286,6.228026751569435,5.854344941000358,6.066434860229492,12844800,0.0,0.0
2008-09-26 00:00:00-04:00,5.9334574501164505,6.101782484162307,5.874543945044019,6.086633205413818,7502400,0.0,0.0
2008-09-29 00:00:00-04:00,6.1236638598578725,6.167428078616843,5.521060033925925,5.756715297698975,17368000,0.0,0.0
2008-09-30 00:00:00-04:00,5.881276202151123,5.8913759349130785,5.669186951022221,5.75839900970459,10832400,0.0,0.0
2008-10-01 00:00:00-04:00,5.701169173605582,6.100099998119255,5.701169173605582,6.066434860229492,14468400,0.0,0.0
2008-10-02 00:00:00-04:00,6.059699104446322,6.101780348227199,5.88969116209946,6.027717590332031,14665600,0.0,0.0
2008-10-03 00:00:00-04:00,6.135446721306645,6.46704655320433,5.888008752003501,5.938506126403809,16381600,0.0,0.0
2008-10-06 00:00:00-04:00,5.706218083266919,5.805529864632391,5.260156550906469,5.741566181182861,16781600,0.0,0.0
2008-10-07 00:00:00-04:00,5.724735264359368,5.874545113837803,5.1692626699135635,5.175995826721191,15159600,0.0,0.0
2008-10-08 00:00:00-04:00,4.977370832457897,5.263523497318833,4.928556743190149,5.085098743438721,24096800,0.0,0.0
2008-10-09 00:00:00-04:00,5.14569643363495,5.3763018802458555,4.8511276129363425,4.896575450897217,12377600,0.0,0.0
2008-10-10 00:00:00-04:00,4.541409905170547,5.078366920317619,4.44209809707284,4.898259162902832,17067600,0.0,0.0
2008-10-13 00:00:00-04:00,5.320752713221664,5.65235312884056,5.112029776835177,5.642253398895264,11892800,0.0,0.0
2008-10-14 00:00:00-04:00,5.889693325524247,6.201094387044244,4.962222012330445,5.110348224639893,17392400,0.0,0.0
2008-10-15 00:00:00-04:00,5.076682964988819,5.078366253843835,4.662603538290745,4.6676530838012695,10457200,0.0,0.0
2008-10-16 00:00:00-04:00,4.768648709094921,5.260157873651059,4.581807798685377,5.186094760894775,19504800,0.0,0.0
2008-10-17 00:00:00-04:00,5.063216848023806,5.561459099685029,5.031235002690892,5.359468936920166,15007600,0.0,0.0
2008-10-20 00:00:00-04:00,5.423432284379231,5.714634488409472,5.29213865478517,5.58670711517334,9182800,0.0,0.0
2008-10-21 00:00:00-04:00,5.588391469534659,5.642255431092322,5.086782605156216,5.127180576324463,11535200,0.0,0.0
2008-10-22 00:00:00-04:00,5.112031086357608,5.118763920324767,4.521210217495914,4.751815319061279,11143600,0.0,0.0
2008-10-23 00:00:00-04:00,4.7114171597480965,4.829244799380763,4.2434734996453125,4.556558132171631,13702000,0.0,0.0
2008-10-24 00:00:00-04:00,4.086930724559775,4.450512664089472,4.05494888772441,4.3310017585754395,10107600,0.0,0.0
2008-10-27 00:00:00-04:00,4.256939839404969,4.490911510592615,4.208125430307249,4.243473529815674,7350800,0.0,0.0
2008-10-28 00:00:00-04:00,4.37140061939287,4.866276264190674,4.125646246234497,4.866276264190674,10413200,0.0,0.0
2008-10-29 00:00:00-04:00,4.7938965473741,5.268573057834194,4.662603235747393,4.953805446624756,12296800,0.0,0.0
2008-10-30 00:00:00-04:00,5.12718001373274,5.297188324403644,4.93024004629268,4.953805446624756,8937200,0.0,0.0
2008-10-31 00:00:00-04:00,4.686169490167151,4.864593956031635,4.4639804720991965,4.6104230880737305,18198800,0.0,0.0
2008-11-03 00:00:00-05:00,4.676069281049863,4.676069281049863,4.4656630011060985,4.5397257804870605,12913200,0.0,0.0
2008-11-04 00:00:00-05:00,4.630622531136347,4.713101773648649,4.573391983914818,4.6710205078125,10694800,0.0,0.0
2008-11-05 00:00:00-05:00,4.603689911337069,4.603689911337069,4.238424561446852,4.2552571296691895,9225600,0.0,0.0
2008-11-06 00:00:00-05:00,4.216541186745194,4.288920989232542,3.960687426792342,4.007818222045898,12471200,0.0,0.0
2008-11-07 00:00:00-05:00,4.049900687322682,4.2569407466183335,4.0330681178033005,4.224958896636963,11724800,0.0,0.0
2008-11-10 00:00:00-05:00,4.331005189582221,4.453882448115721,4.049902230945979,4.120598793029785,6611600,0.0,0.0
2008-11-11 00:00:00-05:00,4.0616834551587795,4.097031883824882,3.8883088531610337,3.9404895305633545,7261600,0.0,0.0
2008-11-12 00:00:00-05:00,3.6913680716975636,3.757014732659534,3.5617577175969077,3.70988392829895,12023600,0.0,0.0
2008-11-13 00:00:00-05:00,3.671168912217258,4.191293294459515,3.5684908594986333,4.179510593414307,11899200,0.0,0.0
2008-11-14 00:00:00-05:00,4.097030948204468,4.398332562328893,3.9186065196990967,3.9186065196990967,17737200,0.0,0.0
2008-11-17 00:00:00-05:00,3.9152401422795995,4.081881879450201,3.8209782176391047,3.8293943405151367,10797200,0.0,0.0
2008-11-18 00:00:00-05:00,3.82771155566316,3.920290524760461,3.613938667500968,3.738499164581299,10996000,0.0,0.0
2008-11-19 00:00:00-05:00,3.7199834553878053,3.7822635405174214,3.4186814791003317,3.4607627391815186,14096000,0.0,0.0
2008-11-20 00:00:00-05:00,3.218375218647868,3.3648178378805302,2.8463766771692462,2.945688486099243,34066000,0.0,0.0
2008-11-21 00:00:00-05:00,3.142629612968338,3.142629612968338,2.8564768160829304,3.0264852046966553,23882400,0.0,0.0
2008-11-24 00:00:00-05:00,3.0853978694439195,3.460762619313802,2.98776936227923,3.401848793029785,17435600,0.0,0.0
2008-11-25 00:00:00-05:00,3.46917843884197,3.644236276238564,3.336201531435361,3.4792778491973877,13656400,0.0,0.0
2008-11-26 00:00:00-05:00,3.41026478935398,3.7300822486658944,3.3345184053609955,3.7031502723693848,15137600,0.0,0.0
2008-11-28 00:00:00-05:00,3.7031504335879113,3.7873129434421817,3.5870060800937584,3.6779017448425293,3492400,0.0,0.0
2008-12-01 00:00:00-05:00,3.644237615130369,3.644237615130369,3.215008825200227,3.2570900917053223,16041200,0.0,0.0
2008-12-02 00:00:00-05:00,3.300853987517938,3.358084524208183,3.1224292220462244,3.1998589038848877,13370000,0.0,0.0
2008-12-03 00:00:00-05:00,3.1140133116236255,3.3244196164630595,3.046683358285915,3.172927141189575,17088000,0.0,0.0
2008-12-04 00:00:00-05:00,3.107280272546336,3.570174160590455,3.0315341925900308,3.3967995643615723,14238800,0.0,0.0
2008-12-05 00:00:00-05:00,3.3934325077103806,3.6425534698152457,3.2032253690767427,3.580273389816284,16196400,0.0,0.0
2008-12-08 00:00:00-05:00,3.7671155955065845,4.224960072832146,3.664437502857254,4.208127498626709,19515600,0.0,0.0
2008-12-09 00:00:00-05:00,4.1071303900632286,4.208125465444803,3.8462267396274488,3.9101901054382324,20840800,0.0,0.0
2008-12-10 00:00:00-05:00,3.8310770460050203,4.090297379562715,3.6981001416393013,4.0549492835998535,17691200,0.0,0.0
2008-12-11 00:00:00-05:00,4.019602057548195,4.164361703458956,3.794046785648354,3.8445441722869873,12814800,0.0,0.0
2008-12-12 00:00:00-05:00,3.723350121411922,4.120597007667577,3.723350121411922,4.061683177947998,11752800,0.0,0.0
2008-12-15 00:00:00-05:00,4.071783481942285,4.152579437472175,3.7940471841491696,3.8916757106781006,9152400,0.0,0.0
2008-12-16 00:00:00-05:00,3.9556383310692387,4.35961835173349,3.9489051755484805,4.324270248413086,13348800,0.0,0.0
2008-12-17 00:00:00-05:00,4.216540716330825,4.462295359659917,4.137428089513863,4.320902347564697,13346400,0.0,0.0
2008-12-18 00:00:00-05:00,4.337736008616567,4.384866810547105,4.012868656203316,4.105447292327881,12953600,0.0,0.0
2008-12-19 00:00:00-05:00,4.162678299196232,4.238424698111872,4.056633661768882,4.140796184539795,9903600,0.0,0.0
2008-12-22 00:00:00-05:00,4.182877205630177,4.182877205630177,3.773847317092486,3.8950412273406982,8427200,0.0,0.0
2008-12-23 00:00:00-05:00,3.962371870508388,3.964054838497116,3.6981012696946305,3.733449697494507,7179600,0.0,0.0
2008-12-24 00:00:00-05:00,3.698100667034752,3.937122214301712,3.698100667034752,3.9236562252044678,3049200,0.0,0.0
2008-12-26 00:00:00-05:00,3.943855641849752,3.943855641849752,3.827711277202803,3.8950412273406982,2639600,0.0,0.0
2008-12-29 00:00:00-05:00,3.903456818434448,3.903456818434448,3.6156209030686215,3.6947338581085205,8405200,0.0,0.0
2008-12-30 00:00:00-05:00,3.6964174849579883,3.785629865961293,3.650969971102073,3.7267160415649414,6538400,0.0,0.0
2008-12-31 00:00:00-05:00,3.7149330302814785,3.7654307274223293,3.6122546683774535,3.6459197998046875,10700000,0.0,0.0
2009-01-02 00:00:00-05:00,3.6577029241792474,3.9977195710661717,3.541558881484372,3.9034576416015625,13963600,0.0,0.0
2009-01-05 00:00:00-05:00,3.9118752429634447,4.122281615676977,3.8714772579290035,4.0111870765686035,13637600,0.0,0.0
2009-01-06 00:00:00-05:00,4.048216210220659,4.129012455991216,3.8967237711143707,3.9590041637420654,13866000,0.0,0.0
2009-01-07 00:00:00-05:00,3.942172480134654,3.942172480134654,3.7469154579087154,3.8058292865753174,11122800,0.0,0.0
2009-01-08 00:00:00-05:00,4.155945013190097,4.401699398898045,3.871475627208634,4.3057541847229,42152000,0.0,0.0
2009-01-09 00:00:00-05:00,4.305755831196109,4.50269620125193,4.186245170241067,4.398334503173828,18159600,0.0,0.0
2009-01-12 00:00:00-05:00,4.374767208020557,4.388233196706802,4.201392322762465,4.287238121032715,14668400,0.0,0.0
2009-01-13 00:00:00-05:00,4.24010760777511,4.3411026902761245,4.075148833899829,4.147528648376465,12873600,0.0,0.0
2009-01-14 00:00:00-05:00,4.113863346350689,4.113863346350689,3.8765251072395412,3.943855047225952,16432400,0.0,0.0
2009-01-15 00:00:00-05:00,3.9674225125176314,4.132381031671926,3.8192965673913486,4.0111870765686035,23565200,0.0,0.0
2009-01-16 00:00:00-05:00,4.129013373932321,4.192976748288953,3.9186070725486744,4.154262065887451,15144800,0.0,0.0
2009-01-20 00:00:00-05:00,4.137428779335258,4.20475871987908,3.858009285287536,3.8798913955688477,13612400,0.0,0.0
2009-01-21 00:00:00-05:00,4.034749622208772,4.113862567640234,3.8277099755455333,4.112179279327393,10744800,0.0,0.0
2009-01-22 00:00:00-05:00,4.071781058067909,4.208124191993259,3.9068223457404314,4.095346450805664,14352800,0.0,0.0
2009-01-23 00:00:00-05:00,4.054949680288714,4.420214979577198,3.915239929190603,4.344468593597412,16519200,0.0,0.0
2009-01-26 00:00:00-05:00,4.373084624595854,4.54982611579407,4.324270528130892,4.470713138580322,17713600,0.0,0.0
2009-01-27 00:00:00-05:00,4.4841791894749266,4.583490993778109,4.374767972156631,4.438731670379639,10235600,0.0,0.0
2009-01-28 00:00:00-05:00,4.586856568057509,4.751815002442831,4.546458603782805,4.736665725708008,11984800,0.0,0.0
2009-01-29 00:00:00-05:00,4.65418630701481,4.655869595585189,4.4101152432902655,4.430314064025879,10453600,0.0,0.0
2009-01-30 00:00:00-05:00,4.445464079062173,4.529626595244425,4.157628427825042,4.1710944175720215,15813200,0.0,0.0
2009-02-02 00:00:00-05:00,4.125646767393555,4.34783576874227,4.081882218483273,4.285555362701416,11117200,0.0,0.0
2009-02-03 00:00:00-05:00,4.287238115718632,4.3562513477819085,4.204758894985802,4.3124871253967285,11142800,0.0,0.0
2009-02-04 00:00:00-05:00,4.322587578600188,4.5313106138184605,4.228325635191355,4.374768257141113,11842800,0.0,0.0
2009-02-05 00:00:00-05:00,4.362985135101045,4.620522566925127,4.336053153857884,4.563292026519775,11081600,0.0,0.0
2009-02-06 00:00:00-05:00,4.6238884747304025,4.766964814942891,4.544775825932683,4.714784145355225,9702400,0.0,0.0
2009-02-09 00:00:00-05:00,4.647453682066338,4.75518158696275,4.580123420451598,4.615471839904785,6362000,0.0,0.0
2009-02-10 00:00:00-05:00,4.571707198139888,4.701317531538494,4.386549624863946,4.527942657470703,13442000,0.0,0.0
2009-02-11 00:00:00-05:00,4.558242186616408,4.570024888348201,4.386550564384301,4.462296962738037,8349200,0.0,0.0
2009-02-12 00:00:00-05:00,4.431998228496148,4.558242006734043,4.320903729331165,4.543092727661133,10009200,0.0,0.0
2009-02-13 00:00:00-05:00,4.514477594505297,4.585174125291815,4.361301831310266,4.418532371520996,14056800,0.0,0.0
2009-02-17 00:00:00-05:00,4.29733883313242,4.364668791914891,4.157629048263329,4.211493015289307,13674800,0.0,0.0
2009-02-18 00:00:00-05:00,4.243473264150086,4.2973375359715815,4.14416180558243,4.186243057250977,8056000,0.0,0.0
2009-02-19 00:00:00-05:00,4.738349424883942,4.782113970236936,4.430314639678393,4.482495307922363,30934000,0.0,0.0
2009-02-20 00:00:00-05:00,4.400016755278882,4.554875815916589,4.307438105127293,4.490912437438965,21009200,0.0,0.0
2009-02-23 00:00:00-05:00,4.575074879887388,4.5952737059622635,4.391600550925418,4.413482666015625,14442800,0.0,0.0
2009-02-24 00:00:00-05:00,4.4723955153703585,4.7080504678487625,4.428630973744379,4.605372428894043,16203600,0.0,0.0
2009-02-25 00:00:00-05:00,4.570025118551966,4.894892521770874,4.522894309250692,4.765282154083252,20710000,0.0,0.0
2009-02-26 00:00:00-05:00,4.8359781974689175,4.847760898596419,4.541409385063296,4.54477596282959,16187600,0.0,0.0
2009-02-27 00:00:00-05:00,4.453880864962121,4.639038492324023,4.411799600609624,4.531310558319092,12968800,0.0,0.0
2009-03-02 00:00:00-05:00,4.435365642226741,4.556559576596666,4.361302521806713,4.391601085662842,11168000,0.0,0.0
2009-03-03 00:00:00-05:00,4.458929869493442,4.51616040362351,4.317536822943215,4.37308406829834,9038000,0.0,0.0
2009-03-04 00:00:00-05:00,4.467346282418887,4.665969540668637,4.460613127365758,4.595273017883301,11398000,0.0,0.0
2009-03-05 00:00:00-05:00,4.489227954305599,4.52794262890369,3.76038068606279,3.948904514312744,60038400,0.0,0.0
2009-03-06 00:00:00-05:00,4.00613521918995,4.071782193203159,3.672851767324066,3.76711368560791,27643200,0.0,0.0
2009-03-09 00:00:00-04:00,3.73344758449639,3.881573404871435,3.6711672093615335,3.8546414375305176,18562000,0.0,0.0
2009-03-10 00:00:00-04:00,3.9522713270914904,4.273772084282605,3.9135566501857415,4.243473529815674,16247600,0.0,0.0
2009-03-11 00:00:00-04:00,4.230007275007317,4.398332281623763,4.149211348884497,4.251889705657959,13239600,0.0,0.0
2009-03-12 00:00:00-04:00,4.250207259902162,4.288921942048182,4.0431675377600165,4.275455951690674,12505200,0.0,0.0
2009-03-13 00:00:00-04:00,4.292288088065097,4.393283166112823,4.223274854294292,4.319220066070557,13562800,0.0,0.0
2009-03-16 00:00:00-04:00,4.37645108131275,4.37645108131275,4.083565547474518,4.108814239501953,10923600,0.0,0.0
2009-03-17 00:00:00-04:00,4.100397161491256,4.211491637398751,4.019600916332153,4.199708938598633,12678800,0.0,0.0
2009-03-18 00:00:00-04:00,4.174460726800135,4.339419504596634,4.0970313650433186,4.179510593414307,18758400,0.0,0.0
2009-03-19 00:00:00-04:00,4.228324097300099,4.354567845987485,4.078514630540707,4.2788214683532715,14676000,0.0,0.0
2009-03-20 00:00:00-04:00,4.344468443342924,4.364667585923772,4.123962768862277,4.1828765869140625,14899200,0.0,0.0
2009-03-23 00:00:00-04:00,4.2872385035071705,4.536359798009137,4.2586232348642525,4.4808125495910645,21946000,0.0,0.0
2009-03-24 00:00:00-04:00,4.420215525915831,4.6996350626483085,4.342785841671242,4.553192138671875,25125200,0.0,0.0
2009-03-25 00:00:00-04:00,4.607056102652255,4.607056102652255,4.292288162784104,4.517843723297119,25804400,0.0,0.0
2009-03-26 00:00:00-04:00,4.745083788555149,4.788848345054441,4.3411036868638435,4.411799907684326,43962800,0.0,0.0
2009-03-27 00:00:00-04:00,4.3882342461591515,4.711418372973468,4.34615298131903,4.684486389160156,22048800,0.0,0.0
2009-03-30 00:00:00-04:00,4.575073986670776,4.608738797241188,4.430314370159985,4.556558132171631,13361600,0.0,0.0
2009-03-31 00:00:00-04:00,4.598639732029449,4.874692676318835,4.571707753125827,4.716467380523682,21632000,0.0,0.0
2009-04-01 00:00:00-04:00,4.803996627675663,4.803996627675663,4.642404427979353,4.746766090393066,16029200,0.0,0.0
2009-04-02 00:00:00-04:00,4.8326116157302055,5.135596872302506,4.79726351237676,5.066583633422852,17236400,0.0,0.0
2009-04-03 00:00:00-04:00,5.058167146401695,5.2668904712185665,4.908357968786633,5.012719631195068,28170800,0.0,0.0
2009-04-06 00:00:00-04:00,4.834294211764455,4.9403391487355615,4.713100319137671,4.817461967468262,24378400,0.0,0.0
2009-04-07 00:00:00-04:00,4.733298692383239,4.9706368941909975,4.63567021448398,4.923505783081055,15189200,0.0,0.0
2009-04-08 00:00:00-04:00,4.938656252687262,5.10698127746582,4.92855684109581,5.10698127746582,10800000,0.0,0.0
2009-04-09 00:00:00-04:00,5.219760024985666,5.4638311635482095,5.086783076642044,5.457098007202148,13712000,0.0,0.0
2009-04-13 00:00:00-04:00,5.433531386573447,5.524427050583758,5.357785320952681,5.435214996337891,15403200,0.0,0.0
2009-04-14 00:00:00-04:00,5.3948166720732305,5.4335313489706625,5.280355930079233,5.3005547523498535,12311200,0.0,0.0
2009-04-15 00:00:00-04:00,5.3005555826003485,5.393134549180987,5.234908918356554,5.369568824768066,8244400,0.0,0.0
2009-04-16 00:00:00-04:00,5.473930304957482,5.473930304957482,4.938656633516925,4.999253749847412,36771600,0.0,0.0
2009-04-17 00:00:00-04:00,5.091832427811353,5.140646843208944,4.689535687491973,4.852810859680176,34494400,0.0,0.0
2009-04-20 00:00:00-04:00,4.766965755175474,4.8107303102875285,4.682803223280273,4.780431747436523,11553600,0.0,0.0
2009-04-21 00:00:00-04:00,4.778746910469741,5.049750278133681,4.71983341406843,5.016085147857666,12638400,0.0,0.0
2009-04-22 00:00:00-04:00,4.970638736897484,5.192827746827081,4.859544231932684,5.026185989379883,16529200,0.0,0.0
2009-04-23 00:00:00-04:00,5.026186065226851,5.155796108938614,4.989154348976731,5.133913993835449,12307200,0.0,0.0
2009-04-24 00:00:00-04:00,5.187777294397527,5.332536920735198,5.066583390218823,5.270256519317627,10360000,0.0,0.0
2009-04-27 00:00:00-04:00,5.169261728087762,5.250057989785495,5.0699502517062385,5.130547046661377,9435200,0.0,0.0
2009-04-28 00:00:00-04:00,5.066584348031076,5.14738029942428,4.93529068622619,4.994204521179199,9591600,0.0,0.0
2009-04-29 00:00:00-04:00,5.0413335719131025,5.1877761332190255,5.007668445538129,5.06489896774292,11000800,0.0,0.0
2009-04-30 00:00:00-04:00,5.175995327217169,5.23154258130122,5.0413354146057,5.076683521270752,13025600,0.0,0.0
2009-05-01 00:00:00-04:00,5.066583878661122,5.075000002422778,4.884792844340306,4.938656806945801,10718000,0.0,0.0
2009-05-04 00:00:00-04:00,4.9874709026615776,5.098565726853588,4.886476133303545,4.938656806945801,14536000,0.0,0.0
2009-05-05 00:00:00-04:00,4.963905402845991,4.984104548957891,4.803996807099469,4.896575450897217,13023600,0.0,0.0
2009-05-06 00:00:00-04:00,4.898259255000063,4.898259255000063,4.548143146988589,4.630622386932373,27962400,0.0,0.0
2009-05-07 00:00:00-04:00,4.659235734027289,4.711416390578006,4.362983715678535,4.529625415802002,23629600,0.0,0.0
2009-05-08 00:00:00-04:00,4.583492168183899,4.6356731777502675,4.3579365197078435,4.398334503173828,19250400,0.0,0.0
2009-05-11 00:00:00-04:00,4.4084333063647545,4.5228943958090575,4.250207663835596,4.487545967102051,15956400,0.0,0.0
2009-05-12 00:00:00-04:00,4.536360029850039,4.544776153564453,4.302388002145745,4.418532371520996,12664400,0.0,0.0
2009-05-13 00:00:00-04:00,4.339419210101903,4.362984610593055,4.224958143051446,4.319220066070557,13865600,0.0,0.0
2009-05-14 00:00:00-04:00,4.3209043961380385,4.524577569020075,4.253574434898299,4.371401786804199,19002000,0.0,0.0
2009-05-15 00:00:00-04:00,4.357935038112002,4.575074486605805,4.356251749241369,4.455563545227051,16987200,0.0,0.0
2009-05-18 00:00:00-04:00,4.517843033622425,4.517843033622425,4.3057534947232385,4.423581123352051,17980000,0.0,0.0
2009-05-19 00:00:00-04:00,4.405066131430512,4.416848832385106,4.3158537482600625,4.346152305603027,15981600,0.0,0.0
2009-05-20 00:00:00-04:00,4.369717739151909,4.56665804225264,4.352885492554627,4.455563545227051,22625600,0.0,0.0
2009-05-21 00:00:00-04:00,3.937121988886039,3.9707871202289406,3.6779016333418473,3.76711368560791,93280800,0.0,0.0
2009-05-22 00:00:00-04:00,3.8630603972996376,3.9169243671091567,3.767114839890024,3.7957301139831543,29644400,0.0,0.0
2009-05-26 00:00:00-04:00,3.78563064636836,3.979204405529127,3.748599247911687,3.9320735931396484,26845200,0.0,0.0
2009-05-27 00:00:00-04:00,3.9388056755825493,3.9388056755825493,3.69978411784692,3.704833984375,31670000,0.0,0.0
2009-05-28 00:00:00-04:00,3.7570130756154008,3.975835717400331,3.7570130756154008,3.960686445236206,28178400,0.0,0.0
2009-05-29 00:00:00-04:00,3.9893026855837603,4.199708938598633,3.9741534096823323,4.199708938598633,28922800,0.0,0.0
2009-06-01 00:00:00-04:00,4.236740737804717,4.460613000059882,4.208125471754606,4.342785358428955,22536000,0.0,0.0
2009-06-02 00:00:00-04:00,4.304071934690994,4.346153201664594,4.026335636876157,4.093665599822998,28647600,0.0,0.0
2009-06-03 00:00:00-04:00,4.113863473070864,4.145844994890493,4.0330672215439085,4.068415641784668,17809600,0.0,0.0
2009-06-04 00:00:00-04:00,4.100398376622104,4.122280492156333,3.930390035278501,4.1155476570129395,26048400,0.0,0.0
2009-06-05 00:00:00-04:00,4.155945280167072,4.20307608535544,3.967421096250003,4.021285057067871,22467600,0.0,0.0
2009-06-08 00:00:00-04:00,3.955636740473664,4.120595131746744,3.9404874676981363,4.095346450805664,15417600,0.0,0.0
2009-06-09 00:00:00-04:00,4.113865532552772,4.236742778459557,4.113865532552772,4.208127498626709,13499200,0.0,0.0
2009-06-10 00:00:00-04:00,4.236740323549643,4.26367229825119,4.120595981990184,4.199708938598633,17362000,0.0,0.0
2009-06-11 00:00:00-04:00,4.2013929280389295,4.290605316596806,4.120596984281536,4.142479419708252,15526400,0.0,0.0
2009-06-12 00:00:00-04:00,4.123963314143077,4.1458454271990295,3.9606881474892845,4.059999942779541,25776000,0.0,0.0
2009-06-15 00:00:00-04:00,4.026334904259894,4.026334904259894,3.9051409930075534,3.9842536449432373,17307600,0.0,0.0
2009-06-16 00:00:00-04:00,3.9909875987284438,3.9909875987284438,3.8378117975431576,3.869793653488159,17450000,0.0,0.0
2009-06-17 00:00:00-04:00,3.8563272732308977,3.979204495532146,3.8176125847339986,3.911874532699585,13238800,0.0,0.0
2009-06-18 00:00:00-04:00,3.913558123126218,3.980888091141123,3.819296167905351,3.8378117084503174,13021200,0.0,0.0
2009-06-19 00:00:00-04:00,3.8647432040406775,3.910191047065014,3.812562525598609,3.863060235977173,16404000,0.0,0.0
2009-06-22 00:00:00-04:00,3.851276613297058,3.851276613297058,3.6930513134559906,3.6964175701141357,16922000,0.0,0.0
2009-06-23 00:00:00-04:00,3.617304582361319,3.703150379689757,3.440563442661559,3.6795849800109863,53730400,0.0,0.0
2009-06-24 00:00:00-04:00,3.713249230322381,3.788995605076793,3.6492858746832217,3.674534559249878,17768400,0.0,0.0
2009-06-25 00:00:00-04:00,3.6442372275308283,3.8091956976327896,3.6375043925544985,3.738499164581299,16520800,0.0,0.0
2009-06-26 00:00:00-04:00,3.723349148638269,3.7923623730905973,3.6829508660303345,3.7317652702331543,11630000,0.0,0.0
2009-06-29 00:00:00-04:00,3.7401813918280395,3.8226606034648594,3.6593854687210885,3.7317652702331543,13016800,0.0,0.0
2009-06-30 00:00:00-04:00,3.741865375750696,3.8108786130285277,3.6711688496301713,3.704833984375,14904800,0.0,0.0
2009-07-01 00:00:00-04:00,3.7469152302108415,3.797412611110925,3.7199832509235278,3.7805800437927246,14216800,0.0,0.0
2009-07-02 00:00:00-04:00,3.738498634519232,3.738498634519232,3.5146263651069427,3.5466082096099854,23488000,0.0,0.0
2009-07-06 00:00:00-04:00,3.486010940402784,3.5870060145946265,3.4792781066857223,3.5415585041046143,13345600,0.0,0.0
2009-07-07 00:00:00-04:00,3.5432419479239674,3.5567079382222926,3.432147447699151,3.443930149078369,12082400,0.0,0.0
2009-07-08 00:00:00-04:00,3.4439298955240654,3.5365088529317776,3.403531927603331,3.524726152420044,15794400,0.0,0.0
2009-07-09 00:00:00-04:00,3.5381920408099536,3.5684905961499505,3.418681108197133,3.48264479637146,13632400,0.0,0.0
2009-07-10 00:00:00-04:00,3.4523461401542517,3.5045268055736987,3.408581597170219,3.440563440322876,11711600,0.0,0.0
2009-07-13 00:00:00-04:00,3.4472963157544303,3.541558557654497,3.369866961037763,3.5398752689361572,12709600,0.0,0.0
2009-07-14 00:00:00-04:00,3.538192048922729,3.647603249303421,3.4725450718507127,3.6408700942993164,16020800,0.0,0.0
2009-07-15 00:00:00-04:00,3.679584798494163,3.6964170425460843,3.5937390054005656,3.6425530910491943,14714400,0.0,0.0
2009-07-16 00:00:00-04:00,3.6055225454326565,3.7418657445849215,3.5516585813751966,3.7283997535705566,17691200,0.0,0.0
2009-07-17 00:00:00-04:00,3.6745354570908466,3.7317659939880907,3.607205508110124,3.6964175701141357,17236400,0.0,0.0
2009-07-20 00:00:00-04:00,3.7132493911761526,3.790679057729767,3.704833269640838,3.760380506515503,13197200,0.0,0.0
2009-07-21 00:00:00-04:00,3.77553081991039,3.8647428885026716,3.704834287996095,3.8580100536346436,19525600,0.0,0.0
2009-07-22 00:00:00-04:00,3.8394932688252523,4.004452017497673,3.824343992711923,3.975836753845215,20105200,0.0,0.0
2009-07-23 00:00:00-04:00,3.9775199840576105,4.073465512796843,3.8950407648013488,4.02296781539917,23842400,0.0,0.0
2009-07-24 00:00:00-04:00,3.948904817676533,4.081881737669662,3.9270227063262,4.065049171447754,21429600,0.0,0.0
2009-07-27 00:00:00-04:00,4.046532213814788,4.058314909708134,3.8967227803089246,3.960686445236206,22301200,0.0,0.0
2009-07-28 00:00:00-04:00,3.925340827397,3.9573226825995595,3.8209794572375504,3.8378117084503174,23062800,0.0,0.0
2009-07-29 00:00:00-04:00,3.81424555102432,3.852960234899869,3.677902352431772,3.6812689304351807,27248400,0.0,0.0
2009-07-30 00:00:00-04:00,3.7183009185508658,3.8108795810333524,3.612255941906243,3.6156225204467773,24278400,0.0,0.0
2009-07-31 00:00:00-04:00,3.6173042717678148,3.7603805883635473,3.6173042717678148,3.684634208679199,19539600,0.0,0.0
2009-08-03 00:00:00-04:00,3.70988392682498,3.8681092286219685,3.70988392682498,3.8479104042053223,17851600,0.0,0.0
2009-08-04 00:00:00-04:00,3.938806314362797,4.139113224365031,3.8883089251106036,4.110497951507568,34184000,0.0,0.0
2009-08-05 00:00:00-04:00,4.112180292658198,4.182876813946615,4.0364339051868585,4.065049171447754,21148000,0.0,0.0
2009-08-06 00:00:00-04:00,4.122280436112329,4.181194267825225,4.0600003474007815,4.127330303192139,16098000,0.0,0.0
2009-08-07 00:00:00-04:00,4.147529203037668,4.2687234466683535,4.098715104617744,4.235058307647705,14760800,0.0,0.0
2009-08-10 00:00:00-04:00,4.26198990141966,4.293971748464604,4.019601757337374,4.066732883453369,18084000,0.0,0.0
2009-08-11 00:00:00-04:00,4.065048640938811,4.184559556568548,4.048216076913636,4.157627582550049,15786400,0.0,0.0
2009-08-12 00:00:00-04:00,4.142479023149823,4.364668007739832,4.1290130338126865,4.315853595733643,23210000,0.0,0.0
2009-08-13 00:00:00-04:00,4.3444686883360175,4.453879887428115,4.251890055501436,4.431997776031494,26032400,0.0,0.0
2009-08-14 00:00:00-04:00,4.346151715219139,4.4875447495763785,4.336052304494901,4.4505133628845215,31286800,0.0,0.0
2009-08-17 00:00:00-04:00,4.251889973564176,4.349518470710984,4.213175296656104,4.2232747077941895,19117600,0.0,0.0
2009-08-18 00:00:00-04:00,4.2434737560236755,4.25525677754243,4.056633195275127,4.1306962966918945,29814000,0.0,0.0
2009-08-19 00:00:00-04:00,4.078515853284598,4.277139462135723,4.065049862229668,4.238424777984619,26332000,0.0,0.0
2009-08-20 00:00:00-04:00,3.911874258235392,4.05663390895974,3.8731595724547847,3.9404895305633545,67452800,0.0,0.0
2009-08-21 00:00:00-04:00,3.9741537677743506,4.011185156062083,3.874841981718463,3.893357515335083,29613600,0.0,0.0
2009-08-24 00:00:00-04:00,3.9068235952509767,3.913556750217726,3.7536478513569222,3.797412395477295,29498400,0.0,0.0
2009-08-25 00:00:00-04:00,3.815928787445108,3.844544057970682,3.7570149574154508,3.7755308151245117,27330800,0.0,0.0
2009-08-26 00:00:00-04:00,3.777213572686046,3.8613760834434165,3.7132498847199247,3.797412395477295,20362800,0.0,0.0
2009-08-27 00:00:00-04:00,3.7873130765234553,3.916923423306451,3.7536479429769996,3.8748421669006348,20830400,0.0,0.0
2009-08-28 00:00:00-04:00,3.9101912027144814,3.967421750788903,3.87484309299153,3.950589179992676,21142000,0.0,0.0
2009-08-31 00:00:00-04:00,4.091981264929777,4.11386369795466,3.984253351744224,4.0061354637146,30459600,0.0,0.0
2009-09-01 00:00:00-04:00,3.9808867047723715,4.070099081982484,3.918606626443492,3.925339460372925,17736000,0.0,0.0
2009-09-02 00:00:00-04:00,3.9202895713046106,3.9926690547058157,3.861375754581073,3.948904514312744,17472400,0.0,0.0
2009-09-03 00:00:00-04:00,3.9337564319305423,4.039801068720455,3.8933581387153393,4.0313849449157715,11936000,0.0,0.0
2009-09-04 00:00:00-04:00,4.026334179854417,4.063365565810873,3.945538253556074,4.049899578094482,12266800,0.0,0.0
2009-09-08 00:00:00-04:00,4.115546542101448,4.213175033142059,4.08524798952773,4.196342468261719,18980000,0.0,0.0
2009-09-09 00:00:00-04:00,4.228325744949394,4.275456557349936,4.174461454834433,4.216542720794678,14990400,0.0,0.0
2009-09-10 00:00:00-04:00,4.2316918423967635,4.240108287903678,4.108814627486933,4.211493015289307,14457200,0.0,0.0
2009-09-11 00:00:00-04:00,4.22159094058037,4.22159094058037,4.130695608531551,4.157627582550049,12579600,0.0,0.0
2009-09-14 00:00:00-04:00,4.125646862258166,4.359618570413693,4.081882312341567,4.307437896728516,27324000,0.0,0.0
2009-09-15 00:00:00-04:00,4.319219536411282,4.349518088215585,4.253572888204934,4.265355587005615,14134800,0.0,0.0
2009-09-16 00:00:00-04:00,4.27545577882095,4.373084285229103,4.208125829755762,4.346152305603027,17892000,0.0,0.0
2009-09-17 00:00:00-04:00,4.346151935859438,4.374767201909549,4.304070681141892,4.342785358428955,14788400,0.0,0.0
2009-09-18 00:00:00-04:00,4.361300885357588,4.598639118436996,4.322586210981111,4.509427070617676,36131600,0.0,0.0
2009-09-21 00:00:00-04:00,4.507743623499928,4.556557706637379,4.400015404993613,4.423581123352051,17578800,0.0,0.0
2009-09-22 00:00:00-04:00,4.457246627373369,4.4808123494147445,4.374767402864829,4.416848659515381,9724800,0.0,0.0
2009-09-23 00:00:00-04:00,4.418532719829085,4.581807908563126,4.378134744917196,4.487545967102051,18429600,0.0,0.0
2009-09-24 00:00:00-04:00,4.511111613705209,4.5380435984216,4.388234393304848,4.41516637802124,13425600,0.0,0.0
2009-09-25 00:00:00-04:00,4.388233024208871,4.4420969768365035,4.337735648884086,4.383183479309082,10657200,0.0,0.0
2009-09-28 00:00:00-04:00,4.394967657615406,4.457247753401428,4.352886390333924,4.411799907684326,10503200,0.0,0.0
2009-09-29 00:00:00-04:00,4.430314112221559,4.554874578294446,4.426947535044178,4.509427070617676,11655200,0.0,0.0
2009-09-30 00:00:00-04:00,4.529626650262284,4.549825795655358,4.405066163326155,4.455563545227051,17042000,0.0,0.0
2009-10-01 00:00:00-04:00,4.467346581023567,4.512794096451958,4.364668206981687,4.379817485809326,18036000,0.0,0.0
2009-10-02 00:00:00-04:00,4.332685469694226,4.410115136789459,4.31080336091667,4.3225860595703125,12916000,0.0,0.0
2009-10-05 00:00:00-04:00,4.31417139000862,4.393284378148332,4.277139990298378,4.3815016746521,12717600,0.0,0.0
2009-10-06 00:00:00-04:00,4.425265301172993,4.511110786047221,4.29397165897822,4.4808125495910645,10194000,0.0,0.0
2009-10-07 00:00:00-04:00,4.433681226386503,4.482495317152798,4.393283258528514,4.416848659515381,16032800,0.0,0.0
2009-10-08 00:00:00-04:00,4.553191391187278,4.654186461378412,4.490911317289973,4.6070556640625,29264000,0.0,0.0
2009-10-09 00:00:00-04:00,4.6053732964513525,4.6053732964513525,4.506061495025352,4.538043022155762,15445200,0.0,0.0
2009-10-12 00:00:00-04:00,4.556559255278102,4.6188396678187775,4.487546007385622,4.52121114730835,10214000,0.0,0.0
2009-10-13 00:00:00-04:00,4.516160161955788,4.633987801460646,4.480812062737023,4.602005958557129,17388400,0.0,0.0
2009-10-14 00:00:00-04:00,4.644088394481334,4.755182907521361,4.644088394481334,4.7400336265563965,19975200,0.0,0.0
2009-10-15 00:00:00-04:00,4.723200540776677,4.8174627945010275,4.667653290321576,4.686169147491455,23774800,0.0,0.0
2009-10-16 00:00:00-04:00,4.6575536717257,4.723200331798682,4.600323134873272,4.6676530838012695,15250800,0.0,0.0
2009-10-19 00:00:00-04:00,4.696269072774784,4.7635990320331985,4.676070245524545,4.7400336265563965,9785600,0.0,0.0
2009-10-20 00:00:00-04:00,4.57170866722261,4.573391956372467,4.2872392219881235,4.317537784576416,50180000,0.0,0.0
2009-10-21 00:00:00-04:00,4.319219536411282,4.401698749070516,4.256939465306404,4.265355587005615,29969200,0.0,0.0
2009-10-22 00:00:00-04:00,4.275454731512751,4.336051831354917,4.189608947087829,4.248522758483887,22136400,0.0,0.0
2009-10-23 00:00:00-04:00,4.332685854809476,4.332685854809476,4.134062285409037,4.169410705566406,19331600,0.0,0.0
2009-10-26 00:00:00-04:00,4.192976280974212,4.246840236756465,4.02465125862742,4.053266525268555,24907600,0.0,0.0
2009-10-27 00:00:00-04:00,4.063366496642192,4.154262175340959,4.0347512260578995,4.140796184539795,28021600,0.0,0.0
2009-10-28 00:00:00-04:00,4.157628501724975,4.167727913951092,4.070099406286559,4.078515529632568,19852400,0.0,0.0
2009-10-29 00:00:00-04:00,4.1104950467432575,4.1660422640889365,4.0768299303288815,4.1323771476745605,14058800,0.0,0.0
2009-10-30 00:00:00-04:00,4.1155483584275085,4.125647773391126,4.041485232900213,4.088616371154785,26188000,0.0,0.0
2009-11-02 00:00:00-05:00,4.115546653574074,4.147528174553046,4.007818428054677,4.071782112121582,16268800,0.0,0.0
2009-11-03 00:00:00-05:00,4.049900163246014,4.097031287590377,3.9792036372567283,4.036434173583984,11898000,0.0,0.0
2009-11-04 00:00:00-05:00,4.085249406448114,4.098715398812013,3.987620881546206,3.996037006378174,13658000,0.0,0.0
2009-11-05 00:00:00-05:00,4.024650993390941,4.123962775714966,3.9943524399965633,4.071782112121582,12047200,0.0,0.0
2009-11-06 00:00:00-05:00,4.046532543063072,4.150893847513588,4.022966828304559,4.145843982696533,9437600,0.0,0.0
2009-11-09 00:00:00-05:00,4.206442031480787,4.3091203920295245,4.182876632425463,4.292287826538086,12618800,0.0,0.0
2009-11-10 00:00:00-05:00,4.381501133602341,4.381501133602341,4.19466022679246,4.238424777984619,17291600,0.0,0.0
2009-11-11 00:00:00-05:00,4.230006571736538,4.230006571736538,4.039799487147296,4.112179279327393,24894000,0.0,0.0
2009-11-12 00:00:00-05:00,4.066732968990013,4.177827470478046,4.065049680051765,4.144162654876709,17740800,0.0,0.0
2009-11-13 00:00:00-05:00,4.1492114964350195,4.192976038238148,3.9455383852924264,3.987619638442993,30455600,0.0,0.0
2009-11-16 00:00:00-05:00,4.002768727530852,4.152577878983355,4.0010854389572375,4.10713005065918,17727200,0.0,0.0
2009-11-17 00:00:00-05:00,4.093664764366036,4.098714630951915,3.9539549993685843,4.034750938415527,13722800,0.0,0.0
2009-11-18 00:00:00-05:00,4.06504869372432,4.073465136373424,4.006134879398425,4.0549492835998535,16356400,0.0,0.0
2009-11-19 00:00:00-05:00,4.123963356018066,4.149212047048088,4.03980083854831,4.123963356018066,28052000,0.0,0.0
2009-11-20 00:00:00-05:00,4.108814958017117,4.3175380075606125,4.108814958017117,4.2906060218811035,24193200,0.0,0.0
2009-11-23 00:00:00-05:00,4.3427854665617085,4.384866722327053,4.2872382217936345,4.319220066070557,18866400,0.0,0.0
2009-11-24 00:00:00-05:00,4.332686494015591,4.359618474749516,4.236741272519165,4.2552571296691895,15699200,0.0,0.0
2009-11-25 00:00:00-05:00,4.2687212709467035,4.32931804082196,4.224956740947999,4.30911922454834,12368400,0.0,0.0
2009-11-27 00:00:00-05:00,4.1980276341341805,4.285556432755135,4.164362489319079,4.261991024017334,7013600,0.0,0.0
2009-11-30 00:00:00-05:00,4.2603067127211025,4.267039868490839,3.9977197377376084,4.108814239501953,32250400,0.0,0.0
2009-12-01 00:00:00-05:00,4.147529767189992,4.176145042933461,3.9926706845290876,4.012869834899902,24110000,0.0,0.0
2009-12-02 00:00:00-05:00,3.886625372824854,3.9320732127072198,3.595423117675562,3.6812689304351807,82857600,0.0,0.0
2009-12-03 00:00:00-05:00,3.7300834384609187,3.7536488449734673,3.593740224838257,3.593740224838257,32134000,0.0,0.0
2009-12-04 00:00:00-05:00,3.637504406902603,3.6610698109945368,3.531459446379799,3.5903732776641846,28291600,0.0,0.0
2009-12-07 00:00:00-05:00,3.5718566987255165,3.703150325858289,3.553341165413276,3.6913676261901855,29156400,0.0,0.0
2009-12-08 00:00:00-05:00,3.5600750832021153,3.617305631350805,3.5146272383096995,3.593740224838257,24618400,0.0,0.0
2009-12-09 00:00:00-05:00,3.5920554519813623,3.5920554519813623,3.4826442684371894,3.504526376724243,25552400,0.0,0.0
2009-12-10 00:00:00-05:00,3.5213606678786475,3.5701747738729166,3.5129445423448593,3.5651252269744873,21166400,0.0,0.0
2009-12-11 00:00:00-05:00,3.763747438750015,3.7873128381164145,3.610571700759443,3.6560192108154297,43557200,0.0,0.0
2009-12-14 00:00:00-05:00,3.696417531090058,3.768797345875647,3.656019562128117,3.750281810760498,18072000,0.0,0.0
2009-12-15 00:00:00-05:00,3.7267164835016766,3.7586983327187866,3.6896850882876113,3.7553317546844482,15962000,0.0,0.0
2009-12-16 00:00:00-05:00,3.7687968918583272,3.7923626117047795,3.7418649157947925,3.7772133350372314,13728400,0.0,0.0
2009-12-17 00:00:00-05:00,3.76879767676765,3.814245516235497,3.72335015835435,3.8125622272491455,16027200,0.0,0.0
2009-12-18 00:00:00-05:00,3.812561060777804,3.8293936244367677,3.7502809926104224,3.7839457988739014,17775600,0.0,0.0
2009-12-21 00:00:00-05:00,3.783946561034273,3.82602781813044,3.775530438036845,3.8075122833251953,9394400,0.0,0.0
2009-12-22 00:00:00-05:00,3.807511461318353,3.812561005604855,3.728398509582432,3.7401812076568604,12574000,0.0,0.0
2009-12-23 00:00:00-05:00,3.726716097220975,3.7485985311214693,3.691367994687972,3.704833984375,14990800,0.0,0.0
2009-12-24 00:00:00-05:00,3.7031506955323064,3.7233498405901075,3.6981008290042268,3.704833984375,3045600,0.0,0.0
2009-12-28 00:00:00-05:00,3.733448268653799,3.778896092265338,3.726715115057526,3.7435476779937744,12622400,0.0,0.0
2009-12-29 00:00:00-05:00,3.758697244602138,3.758697244602138,3.7182992830486628,3.7317652702331543,9635200,0.0,0.0
2009-12-30 00:00:00-05:00,3.7283986931734168,3.7351318472928923,3.7098831614537775,3.7317652702331543,6336000,0.0,0.0
2009-12-31 00:00:00-05:00,3.716616260353427,3.7334488258016223,3.6930508613586426,3.6930508613586426,8567200,0.0,0.0
2010-01-04 00:00:00-05:00,3.714931736554118,3.863057877983539,3.703149040974264,3.8546414375305176,26702800,0.0,0.0
2010-01-05 00:00:00-05:00,3.856325808756325,3.996035548973324,3.8546425201929315,3.9590041637420654,21269600,0.0,0.0
2010-01-06 00:00:00-05:00,3.9489048182634803,4.056633049467008,3.908506851957594,4.0448503494262695,21471200,0.0,0.0
2010-01-07 00:00:00-05:00,3.36818407404574,3.563441093898722,3.268872275200142,3.443930149078369,164761200,0.0,0.0
2010-01-08 00:00:00-05:00,3.474229142321009,3.573540953595709,3.405215893273109,3.415315628051758,47872400,0.0,0.0
2010-01-11 00:00:00-05:00,3.457395849026857,3.4658119710795567,3.3850160435775223,3.4203641414642334,28085200,0.0,0.0
2010-01-12 00:00:00-05:00,3.4775950602803998,3.5011604615136753,3.416997947332534,3.4961109161376953,28486000,0.0,0.0
2010-01-13 00:00:00-05:00,3.506209503822489,3.517992201669647,3.4708614102810156,3.499476671218872,17787600,0.0,0.0
2010-01-14 00:00:00-05:00,3.48769448050162,3.5062103364035884,3.432147233850229,3.4506630897521973,27087600,0.0,0.0
2010-01-15 00:00:00-05:00,3.4489798009379715,3.4792783574850055,3.43551381147868,3.4506630897521973,24515200,0.0,0.0
2010-01-19 00:00:00-05:00,3.4759111673827583,3.5028431415557857,3.4338299176055953,3.502843141555786,16406800,0.0,0.0
2010-01-20 00:00:00-05:00,3.475911725844605,3.4961108702469255,3.4321471805183332,3.4523463249206543,16296800,0.0,0.0
2010-01-21 00:00:00-05:00,3.438880258736373,3.4759116480819054,3.422047692286766,3.437196969985962,17704000,0.0,0.0
2010-01-22 00:00:00-05:00,3.437196977720208,3.440563555228605,3.363133877807987,3.3715503215789795,13537600,0.0,0.0
2010-01-25 00:00:00-05:00,3.3866993347799417,3.415314599257196,3.3496676271890964,3.354717493057251,14026400,0.0,0.0
2010-01-26 00:00:00-05:00,3.337885520573519,3.3749169136853365,3.2857048482217452,3.305903673171997,25002400,0.0,0.0
2010-01-27 00:00:00-05:00,3.3109531344897927,3.3681836665981577,3.28233786843561,3.356400966644287,26276000,0.0,0.0
2010-01-28 00:00:00-05:00,3.3681835345111177,3.3681835345111177,3.3244189927883783,3.3429348468780518,17192800,0.0,0.0
2010-01-29 00:00:00-05:00,3.3564014776095545,3.3732340462723904,3.319369762340407,3.3277862071990967,18107600,0.0,0.0
2010-02-01 00:00:00-05:00,3.363133615116365,3.378282891666351,3.3092696634072922,3.354717493057251,22914400,0.0,0.0
2010-02-02 00:00:00-05:00,3.3564004668488163,3.416997246310292,3.3429344801846606,3.405214548110962,17193200,0.0,0.0
2010-02-03 00:00:00-05:00,3.411948357170521,3.4624457365945602,3.376599934730087,3.4523463249206543,13012000,0.0,0.0
2010-02-04 00:00:00-05:00,3.427097753007336,3.4371971650283863,3.3614507722342086,3.383333206176758,20178400,0.0,0.0
2010-02-05 00:00:00-05:00,3.3951152437974907,3.4186806409278754,3.346300839965172,3.3917486667633057,13127200,0.0,0.0
2010-02-08 00:00:00-05:00,3.3900664057519876,3.3900664057519876,3.3109537477968685,3.3143203258514404,16622400,0.0,0.0
2010-02-09 00:00:00-05:00,3.1948094183913627,3.2234246901495385,3.075298785260166,3.167877435684204,44096400,0.0,0.0
2010-02-10 00:00:00-05:00,3.167876142801173,3.2486720579479798,3.1628265987635147,3.226789951324463,22481600,0.0,0.0
2010-02-11 00:00:00-05:00,3.2301571079823583,3.2857043497503273,3.2200573759849203,3.258772373199463,16944400,0.0,0.0
2010-02-12 00:00:00-05:00,3.236889360454207,3.2419392255462927,3.1645095660731157,3.226789951324463,19654800,0.0,0.0
2010-02-16 00:00:00-05:00,3.228474521471817,3.2402572236436105,3.172927267622966,3.1964926719665527,15120800,0.0,0.0
2010-02-17 00:00:00-05:00,3.1914419814594437,3.252039086770905,3.1897590139158787,3.2453062534332275,12235200,0.0,0.0
2010-02-18 00:00:00-05:00,3.236889941659958,3.2823377724859166,3.2166911197736336,3.268871784210205,9183200,0.0,0.0
2010-02-19 00:00:00-05:00,3.2537225363011877,3.2722383907409403,3.23688997054273,3.2503559589385986,11946800,0.0,0.0
2010-02-22 00:00:00-05:00,3.2570893850828253,3.2570893850828253,3.1981755605460735,3.211641550064087,10532800,0.0,0.0
2010-02-23 00:00:00-05:00,3.1998594945076846,3.2217416114907786,3.167877642558935,3.1762940883636475,14362000,0.0,0.0
2010-02-24 00:00:00-05:00,3.1880758879375852,3.194808721618696,3.1544107563685633,3.174609899520874,15390400,0.0,0.0
2010-02-25 00:00:00-05:00,2.9423211400597302,2.9507375833134515,2.8817243539053474,2.947371006011963,65709600,0.0,0.0
2010-02-26 00:00:00-05:00,2.960837376370575,2.9911359338861727,2.8834076937135436,2.895190715789795,27936800,0.0,0.0
2010-03-01 00:00:00-05:00,2.910340195984972,2.959154292318554,2.9052903290313408,2.944005012512207,18755200,0.0,0.0
2010-03-02 00:00:00-05:00,2.959154292318554,2.984402984977617,2.9221228978222316,2.944005012512207,13546400,0.0,0.0
2010-03-03 00:00:00-05:00,2.9557880099805427,3.0197517135725196,2.9406387286589997,3.0046024322509766,18618800,0.0,0.0
2010-03-04 00:00:00-05:00,3.0096517418969073,3.058466160327291,2.969253768568945,2.9945027828216553,19592400,0.0,0.0
2010-03-05 00:00:00-05:00,3.0046019219294475,3.0550993037213954,2.9877693543139574,3.043316602706909,17628800,0.0,0.0
2010-03-08 00:00:00-05:00,3.0517327140772936,3.1325289741054165,3.044999879690088,3.1089632511138916,14404400,0.0,0.0
2010-03-09 00:00:00-05:00,3.1005470063336436,3.1274789849358533,3.0096513377603022,3.039949893951416,20690400,0.0,0.0
2010-03-10 00:00:00-05:00,3.0349000534707926,3.0887640054368055,3.019750776848541,3.07698130607605,15324000,0.0,0.0
2010-03-11 00:00:00-05:00,3.0702491656852304,3.319370186342297,3.0534165948722753,3.2570900917053223,70812800,0.0,0.0
2010-03-12 00:00:00-05:00,3.287388127848223,3.3395688000524553,3.218374887530019,3.2335238456726074,19390800,0.0,0.0
2010-03-15 00:00:00-04:00,3.230157685562326,3.2739222355465802,3.154411287309859,3.265505790710449,16786000,0.0,0.0
2010-03-16 00:00:00-04:00,3.2806554951429194,3.2806554951429194,3.2150088221938247,3.2671895027160645,14022800,0.0,0.0
2010-03-17 00:00:00-04:00,3.2638218856254344,3.351350969070913,3.2436230639407744,3.3429348468780518,29221600,0.0,0.0
2010-03-18 00:00:00-04:00,3.6240386938919036,3.72166721683333,3.5398761630439646,3.561758279800415,75227200,0.0,0.0
2010-03-19 00:00:00-04:00,3.5533413887023926,3.5987889015560377,3.5179929664223275,3.5533413887023926,31450800,0.0,0.0
2010-03-22 00:00:00-04:00,3.642553461306776,3.7048338622147687,3.6021554935777433,3.6358206272125244,32534400,0.0,0.0
2010-03-23 00:00:00-04:00,3.6274041676789412,3.7536479366847675,3.6105719219884365,3.7368156909942627,29708800,0.0,0.0
2010-03-24 00:00:00-04:00,3.713250038242373,3.713250038242373,3.6223546898147307,3.6543362140655518,22520800,0.0,0.0
2010-03-25 00:00:00-04:00,3.7031507287901833,3.736815863837357,3.656019603935044,3.666119337081909,17515200,0.0,0.0
2010-03-26 00:00:00-04:00,3.6728517187721907,3.7031502723693848,3.630770465677084,3.7031502723693848,11542800,0.0,0.0
2010-03-29 00:00:00-04:00,3.7267166702337353,3.7536486537488,3.65770342234456,3.6644365787506104,13868000,0.0,0.0
2010-03-30 00:00:00-04:00,3.664436630022145,3.7115674413056627,3.6459207707010073,3.6728527545928955,11360400,0.0,0.0
2010-03-31 00:00:00-04:00,3.6459208437218833,3.706517969219563,3.6459208437218833,3.688002109527588,17516000,0.0,0.0
2010-04-01 00:00:00-04:00,3.689684694899505,3.783946622429062,3.689684694899505,3.7704806327819824,15999600,0.0,0.0
2010-04-05 00:00:00-04:00,3.7805797224385107,3.8142448542133316,3.7620641889114004,3.810878276824951,12947600,0.0,0.0
2010-04-06 00:00:00-04:00,3.799095869942937,3.810878570656262,3.760381190155007,3.788996458053589,10560400,0.0,0.0
2010-04-07 00:00:00-04:00,3.7687968112683947,3.819294506098566,3.7586974007241496,3.8176112174987793,17577200,0.0,0.0
2010-04-08 00:00:00-04:00,3.8108794340936223,3.9085079606225532,3.785630738122355,3.8916757106781006,17962800,0.0,0.0
2010-04-09 00:00:00-04:00,3.9068237119627574,3.935438979317291,3.8361275090269196,3.9219729900360107,14136400,0.0,0.0
2010-04-12 00:00:00-04:00,3.933756930251033,3.9775211648448057,3.903458367028741,3.950589179992676,17782800,0.0,0.0
2010-04-13 00:00:00-04:00,3.9455385442527926,3.987619799098756,3.9085068345134677,3.982569932937622,18796000,0.0,0.0
2010-04-14 00:00:00-04:00,3.9977198075879503,4.0414843576923,3.9792039499521943,4.0313849449157715,20700800,0.0,0.0
2010-04-15 00:00:00-04:00,4.039801413921755,4.189610613617224,4.021285554703818,4.110497951507568,28872400,0.0,0.0
2010-04-16 00:00:00-04:00,4.292288489754247,4.300704613273129,4.135746152288602,4.176144123077393,44103600,0.0,0.0
2010-04-19 00:00:00-04:00,4.2165428099928155,4.32090449304594,4.203076817442857,4.258624076843262,47649600,0.0,0.0
2010-04-20 00:00:00-04:00,4.288921942048182,4.300704643479185,4.2316914027651364,4.275455951690674,27440000,0.0,0.0
2010-04-21 00:00:00-04:00,4.268723074377588,4.268723074377588,4.1694112760880335,4.231691360473633,28300400,0.0,0.0
2010-04-22 00:00:00-04:00,4.208125906952633,4.236741175962091,4.1744607712752,4.2131757736206055,40112000,0.0,0.0
2010-04-23 00:00:00-04:00,4.2064430335436285,4.253574163936381,4.186244206985706,4.245157718658447,26032800,0.0,0.0
2010-04-26 00:00:00-04:00,4.231691401290156,4.299021674108766,4.199709874861305,4.285555362701416,21112000,0.0,0.0
2010-04-27 00:00:00-04:00,4.263672900429888,4.334369424269868,4.113863729862469,4.1306962966918945,24509600,0.0,0.0
2010-04-28 00:00:00-04:00,4.139113366253588,4.219909320248607,4.110498092415196,4.1609954833984375,14573600,0.0,0.0
2010-04-29 00:00:00-04:00,4.206441402435303,4.253572514552286,4.155944034567018,4.206441402435303,13401600,0.0,0.0
2010-04-30 00:00:00-04:00,4.218224201049259,4.231690187539706,4.075147893929239,4.091980457305908,16750000,0.0,0.0
2010-05-03 00:00:00-04:00,4.140796006732491,4.2603066298291745,4.091981591515289,4.231691360473633,13205200,0.0,0.0
2010-05-04 00:00:00-04:00,4.258623409987476,4.258623409987476,4.120596927700249,4.164361476898193,19578400,0.0,0.0
2010-05-05 00:00:00-04:00,4.107130734846768,4.18792667351285,3.992669661209224,4.125646591186523,17316800,0.0,0.0
2010-05-06 00:00:00-04:00,4.086932011220837,4.112180702543134,3.7183000905407977,3.9017744064331055,26537200,0.0,0.0
2010-05-07 00:00:00-04:00,3.8731591603115993,3.9303896988776184,3.689684843330161,3.800779342651367,28214400,0.0,0.0
2010-05-10 00:00:00-04:00,3.9724706906316927,4.028017936548786,3.8580096212135584,3.9219729900360107,19441200,0.0,0.0
2010-05-11 00:00:00-04:00,3.8529612687974755,3.918608273261357,3.7418667333104585,3.861377716064453,25358000,0.0,0.0
2010-05-12 00:00:00-04:00,3.836127721629119,3.910190506253541,3.750281914807854,3.8950412273406982,20704000,0.0,0.0
2010-05-13 00:00:00-04:00,3.8899910220172274,3.9472215501920713,3.812561351699421,3.8176112174987793,14396400,0.0,0.0
2010-05-14 00:00:00-04:00,3.6526530560971473,3.753647811078675,3.5129433025812378,3.6779017448425293,37874000,0.0,0.0
2010-05-17 00:00:00-04:00,3.674535793449817,3.711567188515357,3.58364043426911,3.7082009315490723,20410800,0.0,0.0
2010-05-18 00:00:00-04:00,3.7334485317080555,3.7721632044511106,3.5870056412152747,3.6038382053375244,17028000,0.0,0.0
2010-05-19 00:00:00-04:00,3.5937393790907493,3.6189880688485583,3.484328176103904,3.580273389816284,25809600,0.0,0.0
2010-05-20 00:00:00-04:00,3.6274036551167246,3.846226349772606,3.4691783848130044,3.4708616733551025,58545600,0.0,0.0
2010-05-21 00:00:00-04:00,3.4456144756020777,3.63582200703094,3.413632939671791,3.585324287414551,24071200,0.0,0.0
2010-05-24 00:00:00-04:00,3.588690175594097,3.63077143998156,3.5348262085468756,3.5819573402404785,19369200,0.0,0.0
2010-05-25 00:00:00-04:00,3.4994782185085955,3.7031513909020077,3.4775957804990645,3.688002109527588,32569200,0.0,0.0
2010-05-26 00:00:00-04:00,3.716616318958289,3.7368154620255267,3.637503677475123,3.6459197998046875,20909200,0.0,0.0
2010-05-27 00:00:00-04:00,3.800779744992597,3.874842859398384,3.787313753378323,3.868109703063965,19578400,0.0,0.0
2010-05-28 00:00:00-04:00,3.8580093920759664,3.8967240688284632,3.750281484223978,3.836127281188965,15776800,0.0,0.0
2010-06-01 00:00:00-04:00,3.8041454542558304,3.8159281540952152,3.6795849800109863,3.6795849800109863,16959200,0.0,0.0
2010-06-02 00:00:00-04:00,3.6913682289879675,3.743548902205417,3.6509702573627285,3.7250330448150635,14154800,0.0,0.0
2010-06-03 00:00:00-04:00,3.7317654252365138,3.827710628043025,3.7082000269484507,3.8176112174987793,13562000,0.0,0.0
2010-06-04 00:00:00-04:00,3.7300832484367605,3.788997082771428,3.6274048606264695,3.6644365787506104,16968000,0.0,0.0
2010-06-07 00:00:00-04:00,3.666119333624409,3.7098838807226526,3.5516582598373914,3.5583910942077637,17799600,0.0,0.0
2010-06-08 00:00:00-04:00,3.556707489629982,3.5735400556435026,3.450662869537443,3.53314208984375,25142000,0.0,0.0
2010-06-09 00:00:00-04:00,3.5482913671504686,3.607205187670543,3.514626235123428,3.53314208984375,15337600,0.0,0.0
2010-06-10 00:00:00-04:00,3.593739115261358,3.644236491069781,3.5432414183984497,3.573539972305298,14132800,0.0,0.0
2010-06-11 00:00:00-04:00,3.5415584702783396,3.708200196628724,3.509576627527916,3.6459197998046875,20270000,0.0,0.0
2010-06-14 00:00:00-04:00,3.6526534516238813,3.7317661038739725,3.6375041725253165,3.6829516887664795,17182000,0.0,0.0
2010-06-15 00:00:00-04:00,3.6913675067730427,3.7300821818742316,3.332835057032184,3.486010789871216,86314800,0.0,0.0
2010-06-16 00:00:00-04:00,3.462446011281852,3.465812589125072,3.278971692535305,3.305903673171997,40100400,0.0,0.0
2010-06-17 00:00:00-04:00,3.3075864603024727,3.3328351481870975,3.231840396648598,3.258772373199463,26484400,0.0,0.0
2010-06-18 00:00:00-04:00,3.2570895694539805,3.2789716832639706,3.2150083096963185,3.2335238456726074,24309600,0.0,0.0
2010-06-21 00:00:00-04:00,3.285704384222362,3.285704384222362,3.1544107563685633,3.174609899520874,19453600,0.0,0.0
2010-06-22 00:00:00-04:00,3.1746102991214284,3.231840837359903,3.1544111534265724,3.169560432434082,19208800,0.0,0.0
2010-06-23 00:00:00-04:00,3.157777966695532,3.2032258071071333,3.119063282369154,3.1796600818634033,14618800,0.0,0.0
2010-06-24 00:00:00-04:00,3.166193680441698,3.189759402631555,3.0752983324521406,3.0921308994293213,24058000,0.0,0.0
2010-06-25 00:00:00-04:00,3.09886409965925,3.15272806350562,3.055099548770437,3.115696668624878,25433200,0.0,0.0
2010-06-28 00:00:00-04:00,3.0837140324935897,3.1813425223064407,3.058465346017838,3.1560938358306885,21330400,0.0,0.0
2010-06-29 00:00:00-04:00,3.1241126952127503,3.1241126952127503,3.023117605621195,3.083714723587036,27437600,0.0,0.0
2010-06-30 00:00:00-04:00,3.088765086610844,3.1779771678864215,3.070249226245909,3.162828207015991,32174400,0.0,0.0
2010-07-01 00:00:00-04:00,3.144311187944482,3.2537223784859557,3.1392613221455314,3.2099578380584717,39145600,0.0,0.0
2010-07-02 00:00:00-04:00,3.2015428237415486,3.2284748085445716,3.0702491570358736,3.075299024581909,22867200,0.0,0.0
2010-07-06 00:00:00-04:00,3.0971808433532715,3.171243954951168,3.071932150165561,3.0971808433532715,16960800,0.0,0.0
2010-07-07 00:00:00-04:00,3.112329296113967,3.171243111927033,3.0938134428729973,3.1560938358306885,16324400,0.0,0.0
2010-07-08 00:00:00-04:00,3.172927141189575,3.230157681790265,3.14936141673047,3.172927141189575,16996400,0.0,0.0
2010-07-09 00:00:00-04:00,3.1645103740728335,3.2150080747240706,3.125795694978375,3.2032253742218018,10320000,0.0,0.0
2010-07-12 00:00:00-04:00,3.1981752414099214,3.272238336895722,3.196491952756326,3.2520391941070557,15144400,0.0,0.0
2010-07-13 00:00:00-04:00,3.282338088735019,3.3176861909690745,3.2469899865009637,3.2840213775634766,12702800,0.0,0.0
2010-07-14 00:00:00-04:00,3.282338088735019,3.3429352023414185,3.228474130442449,3.2840213775634766,15780000,0.0,0.0
2010-07-15 00:00:00-04:00,3.2806552224333303,3.300854369921819,3.2284745462486906,3.285705089569092,13475600,0.0,0.0
2010-07-16 00:00:00-04:00,3.265506297073308,3.273922743214528,3.1695610584455474,3.189760208129883,17426800,0.0,0.0
2010-07-19 00:00:00-04:00,3.196492548326887,3.2739222355465802,3.196492548326887,3.265505790710449,15486400,0.0,0.0
2010-07-20 00:00:00-04:00,3.2217404817994444,3.3345182476008555,3.2116410714296895,3.3328349590301514,11388000,0.0,0.0
2010-07-21 00:00:00-04:00,3.339569182207449,3.373234322287776,3.3008544958532724,3.3092706203460693,16517200,0.0,0.0
2010-07-22 00:00:00-04:00,3.34125150545659,3.3850160464881087,3.319369074413592,3.364816904067993,13131600,0.0,0.0
2010-07-23 00:00:00-04:00,3.3530345859087056,3.4506630897521973,3.3311524734327995,3.4506630897521973,12521600,0.0,0.0
2010-07-26 00:00:00-04:00,3.440563901345863,3.516309976577759,3.418681466394434,3.516309976577759,7603600,0.0,0.0
2010-07-27 00:00:00-04:00,3.5365095559043835,3.5365095559043835,3.4085824715326583,3.415315628051758,13526000,0.0,0.0
2010-07-28 00:00:00-04:00,3.4186814732498365,3.4809618793274058,3.363134222879911,3.3681840896606445,11020000,0.0,0.0
2010-07-29 00:00:00-04:00,3.373234694219231,3.395116812945958,3.273922873192214,3.322736978530884,14032400,0.0,0.0
2010-07-30 00:00:00-04:00,3.284021672807604,3.3782836082940535,3.2655058150844543,3.3749170303344727,9482400,0.0,0.0
2010-08-02 00:00:00-04:00,3.405215186569417,3.5617575115500473,3.405215186569417,3.5533413887023926,18259600,0.0,0.0
2010-08-03 00:00:00-04:00,3.5499751484480058,3.5499751484480058,3.452346637288153,3.477595329284668,9780400,0.0,0.0
2010-08-04 00:00:00-04:00,3.5028439965569658,3.617305075258105,3.480961882595647,3.5785903930664062,14005600,0.0,0.0
2010-08-05 00:00:00-04:00,3.568491120419169,3.571857377353559,3.5028441338530687,3.5567080974578857,8965600,0.0,0.0
2010-08-06 00:00:00-04:00,3.5230427855298814,3.534825485780429,3.440563562721545,3.529775619506836,10918000,0.0,0.0
2010-08-09 00:00:00-04:00,3.5617579992851605,3.6021559723839776,3.5129439021862128,3.528092861175537,13735200,0.0,0.0
2010-08-10 00:00:00-04:00,3.492745148176271,3.523043711673763,3.435514599582028,3.4557137489318848,14230000,0.0,0.0
2010-08-11 00:00:00-04:00,3.4169976211277806,3.4287806416740616,3.3277855700873156,3.3429348468780518,17867600,0.0,0.0
2010-08-12 00:00:00-04:00,3.3143191099118554,3.390065162023098,3.2722378628319087,3.31768536567688,14706400,0.0,0.0
2010-08-13 00:00:00-04:00,3.3025374717419282,3.3227362970307617,3.2756051695992507,3.294121026992798,9609200,0.0,0.0
2010-08-16 00:00:00-04:00,3.2772882653872455,3.354717947242877,3.2234243063856862,3.3378853797912598,8584000,0.0,0.0
2010-08-17 00:00:00-04:00,3.3665009852093783,3.401849091447892,3.3261030119134123,3.3698675632476807,6376800,0.0,0.0
2010-08-18 00:00:00-04:00,3.351350654483876,3.5129428180651145,3.351350654483876,3.494426965713501,13283200,0.0,0.0
2010-08-19 00:00:00-04:00,3.260455344888443,3.3109527157484036,3.1729262690803544,3.2082743644714355,47737200,0.0,0.0
2010-08-20 00:00:00-04:00,3.191442894601573,3.2183751988216267,3.1241129366878497,3.166194200515747,16035600,0.0,0.0
2010-08-23 00:00:00-04:00,3.186392634350551,3.1964920455107033,3.0837142708831125,3.1005468368530273,11727200,0.0,0.0
2010-08-24 00:00:00-04:00,3.0702483889508443,3.119062799853521,3.0248005555699735,3.087080955505371,13345600,0.0,0.0
2010-08-25 00:00:00-04:00,3.053415716348164,3.1241122365782132,3.0332168940278597,3.1005468368530273,13495600,0.0,0.0
2010-08-26 00:00:00-04:00,3.1089630672881032,3.134212077647145,3.0651985226681355,3.087080955505371,13732000,0.0,0.0
2010-08-27 00:00:00-04:00,3.1039138158233173,3.1039138158233173,3.0130181404589447,3.085397958755493,13263600,0.0,0.0
2010-08-30 00:00:00-04:00,3.058466048722962,3.0635159156001435,2.989452806674187,3.0079686641693115,11451600,0.0,0.0
2010-08-31 00:00:00-04:00,2.992819382917359,3.0517328911788,2.979353392306953,3.0180680751800537,16536400,0.0,0.0
2010-09-01 00:00:00-04:00,3.056782163561556,3.1089628268968212,3.039949598308557,3.07698130607605,12469200,0.0,0.0
2010-09-02 00:00:00-04:00,3.0803478232610364,3.142628223657404,3.0803478232610364,3.1140129566192627,7676800,0.0,0.0
2010-09-03 00:00:00-04:00,3.1459949448951328,3.215008182482571,3.1459949448951328,3.1998589038848877,7668000,0.0,0.0
2010-09-07 00:00:00-04:00,3.191441932685848,3.1931252212581605,3.1476777140235934,3.1560938358306885,6510400,0.0,0.0
2010-09-08 00:00:00-04:00,3.1426288882932396,3.177976996846108,3.114013615203243,3.125796318054199,8611600,0.0,0.0
2010-09-09 00:00:00-04:00,3.1459953712826576,3.159461362855188,3.082031670522214,3.0938143730163574,8307200,0.0,0.0
2010-09-10 00:00:00-04:00,3.1072801828225125,3.1190632056819494,3.066882210468078,3.071932077407837,12256400,0.0,0.0
2010-09-13 00:00:00-04:00,3.1055964377174465,3.1779759194136545,3.1022298606000978,3.139261245727539,10225200,0.0,0.0
2010-09-14 00:00:00-04:00,3.149361267052995,3.1964923926766957,3.129162442538928,3.1325290203094482,12170800,0.0,0.0
2010-09-15 00:00:00-04:00,3.1123297444604834,3.147678167462226,3.0904476319771295,3.129162311553955,8092800,0.0,0.0
2010-09-16 00:00:00-04:00,3.2907544831097573,3.400166018597664,3.2385738093439147,3.265505790710449,44586000,0.0,0.0
2010-09-17 00:00:00-04:00,3.304220070372932,3.304220070372932,3.2082748583370146,3.260455846786499,20073200,0.0,0.0
2010-09-20 00:00:00-04:00,3.2789713261734015,3.3227358700818144,3.263822048626086,3.2924373149871826,15766800,0.0,0.0
2010-09-21 00:00:00-04:00,3.2924371834969364,3.3244190260478423,3.2486726413363507,3.2789711952209473,13212800,0.0,0.0
2010-09-22 00:00:00-04:00,3.270554966332267,3.289070820003615,3.2469895678810783,3.2823376655578613,10188800,0.0,0.0
2010-09-23 00:00:00-04:00,3.267189124089156,3.34125223438115,3.2486732662525206,3.289071559906006,11340800,0.0,0.0
2010-09-24 00:00:00-04:00,3.3412515583964035,3.3732334006289504,3.302536882620126,3.353034257888794,11678800,0.0,0.0
2010-09-27 00:00:00-04:00,3.3732338578231347,3.3749168256463085,3.3227361546557344,3.3362021446228027,5881200,0.0,0.0
2010-09-28 00:00:00-04:00,3.3547180000190204,3.3681839899812562,3.284021472453652,3.346301555633545,10490400,0.0,0.0
2010-09-29 00:00:00-04:00,3.3362019071684266,3.3580843399665072,3.307586640393284,3.3160030841827393,6109200,0.0,0.0
2010-09-30 00:00:00-04:00,3.3311516729547215,3.361449901166557,3.258771876608503,3.31768536567688,8918000,0.0,0.0
2010-10-01 00:00:00-04:00,3.3580847307777733,3.374916978206602,3.284021622083674,3.3665008544921875,11784400,0.0,0.0
2010-10-04 00:00:00-04:00,3.344619248692917,3.3665013663099126,3.3025379816140434,3.3479855060577393,8826400,0.0,0.0
2010-10-05 00:00:00-04:00,3.379966993041668,3.465812807116061,3.374917125959214,3.4068989753723145,12304400,0.0,0.0
2010-10-06 00:00:00-04:00,3.4018487930297856,3.4254145161761067,3.378283390937989,3.401848793029785,9574800,0.0,0.0
2010-10-07 00:00:00-04:00,3.410264787755675,3.427097353196725,3.3412515583964035,3.353034257888794,8383200,0.0,0.0
2010-10-08 00:00:00-04:00,3.353035228596275,3.400166361264835,3.3395692365559113,3.379967212677002,8096400,0.0,0.0
2010-10-11 00:00:00-04:00,3.379966854350459,3.4321475278431217,3.364817574779276,3.428781270980835,9967200,0.0,0.0
2010-10-12 00:00:00-04:00,3.39511535192832,3.400165217640431,3.282337586126909,3.3328349590301514,21450800,0.0,0.0
2010-10-13 00:00:00-04:00,3.3463011664142477,3.3463011664142477,3.236889970565244,3.2402565479278564,20300800,0.0,0.0
2010-10-14 00:00:00-04:00,3.240257259605152,3.2655059532612936,3.139262163926028,3.167877435684204,22972000,0.0,0.0
2010-10-15 00:00:00-04:00,3.1695605336871306,3.188076391077702,3.0635158983014485,3.083714723587036,30591200,0.0,0.0
2010-10-18 00:00:00-04:00,3.102231009384932,3.1375791190434312,3.0180684766118397,3.075299024581909,25016000,0.0,0.0
2010-10-19 00:00:00-04:00,3.0449995938904526,3.142628091250569,3.0399497277831307,3.1005468368530273,28256400,0.0,0.0
2010-10-20 00:00:00-04:00,3.1106467827628133,3.2200579987943465,3.0820315120110693,3.1914427280426025,22742800,0.0,0.0
2010-10-21 00:00:00-04:00,3.196492165561957,3.216691309695377,3.183026176491179,3.204908609390259,13030400,0.0,0.0
2010-10-22 00:00:00-04:00,3.2116418405105196,3.2251078312463366,3.1847098590388856,3.220057964324951,9695200,0.0,0.0
2010-10-25 00:00:00-04:00,3.2402576097310685,3.265506306115457,3.2015429205380337,3.236891031265259,12758000,0.0,0.0
2010-10-26 00:00:00-04:00,3.221741240726195,3.2789717813937163,3.198175837294113,3.265505790710449,8827200,0.0,0.0
2010-10-27 00:00:00-04:00,3.248672616942921,3.2655051824251378,3.203225107511765,3.262138605117798,13015600,0.0,0.0
2010-10-28 00:00:00-04:00,3.2840220735132792,3.297488065940134,3.2436240962327143,3.2671895027160645,8272400,0.0,0.0
2010-10-29 00:00:00-04:00,3.2587735193250373,3.3092709128544517,3.23015824404381,3.3075876235961914,9536000,0.0,0.0
2010-11-01 00:00:00-04:00,3.322735766961825,3.3362017553576937,3.225107270828156,3.2503559589385986,9892000,0.0,0.0
2010-11-02 00:00:00-04:00,3.268872045042278,3.319369424841896,3.2436233551424687,3.295804023742676,7034400,0.0,0.0
2010-11-03 00:00:00-04:00,3.3042195900632905,3.341251295328871,3.258772084321511,3.2907536029815674,10092400,0.0,0.0
2010-11-04 00:00:00-04:00,3.305902042059324,3.361449264847644,3.305902042059324,3.3580830097198486,11070400,0.0,0.0
2010-11-05 00:00:00-04:00,3.3446180827023553,3.4270972988967445,3.34125150545659,3.364816904067993,14497200,0.0,0.0
2010-11-08 00:00:00-05:00,3.36818463684015,3.494428437376641,3.3261033699946525,3.4557137489318848,14281600,0.0,0.0
2010-11-09 00:00:00-05:00,3.4658129974732725,3.4809622784981435,3.393433170588794,3.3984830379486084,15514000,0.0,0.0
2010-11-10 00:00:00-05:00,3.403531418889045,3.4287804259883163,3.3749161557570706,3.3900654315948486,16176400,0.0,0.0
2010-11-11 00:00:00-05:00,3.3665010105783724,3.5600747544757176,3.334519161082602,3.5516586303710938,29224000,0.0,0.0
2010-11-12 00:00:00-05:00,3.536508162178948,3.5684900009315923,3.4742277731400555,3.5062096118927,13454000,0.0,0.0
2010-11-15 00:00:00-05:00,3.526409502732268,3.541558781098631,3.48264495645772,3.487694501876831,8705200,0.0,0.0
2010-11-16 00:00:00-05:00,3.4674955416906936,3.570173587512597,3.4590790978990604,3.5095767974853516,23330800,0.0,0.0
2010-11-17 00:00:00-05:00,3.607205862937397,3.7250332049802632,3.5314594622241198,3.5348260402679443,46576000,0.0,0.0
2010-11-18 00:00:00-05:00,3.4506630666239695,3.6476033618051766,3.376599964567021,3.433830499649048,44690400,0.0,0.0
2010-11-19 00:00:00-05:00,3.4270974031092836,3.433830236751072,3.349667729374553,3.3866994380950928,14322800,0.0,0.0
2010-11-22 00:00:00-05:00,3.3850158086497104,3.4759111405175367,3.3732331101718858,3.4304633140563965,13339600,0.0,0.0
2010-11-23 00:00:00-05:00,3.4085819485157414,3.442247083836472,3.3833332575524553,3.401848793029785,8614400,0.0,0.0
2010-11-24 00:00:00-05:00,3.425414085388183,3.4506627731761363,3.3934322429610515,3.4254140853881836,7475200,0.0,0.0
2010-11-26 00:00:00-05:00,3.4220478220193886,3.489377769315846,3.408581832560097,3.4506630897521973,4770000,0.0,0.0
2010-11-29 00:00:00-05:00,3.4304636594029345,3.443929647740998,3.3799662833988178,3.3866994380950928,10330400,0.0,0.0
2010-11-30 00:00:00-05:00,3.3665002460307374,3.410264787755675,3.347984391940134,3.353034257888794,12746000,0.0,0.0
2010-12-01 00:00:00-05:00,3.4035317604779163,3.450662881265057,3.349667805895181,3.4119482040405273,17286400,0.0,0.0
2010-12-02 00:00:00-05:00,3.42036433789959,3.573540079648014,3.400165515391279,3.5600740909576416,21618400,0.0,0.0
2010-12-03 00:00:00-05:00,3.556708139486092,3.603839268724511,3.536509313422878,3.5903732776641846,15067200,0.0,0.0
2010-12-06 00:00:00-05:00,3.588690577131809,3.6004732811099314,3.53819318263854,3.5769078731536865,8966800,0.0,0.0
2010-12-07 00:00:00-05:00,3.6038387597687263,3.6290874493092478,3.595422636940054,3.608888626098633,12620400,0.0,0.0
2010-12-08 00:00:00-05:00,3.61730555437976,3.6391879922940005,3.570174421302961,3.5886902809143066,10954000,0.0,0.0
2010-12-09 00:00:00-05:00,3.615621115300749,3.659385656155591,3.6021551274265264,3.6425530910491943,10022800,0.0,0.0
2010-12-10 00:00:00-05:00,3.6593851843669687,3.7485975431909786,3.6593851843669687,3.7435476779937744,14664800,0.0,0.0
2010-12-13 00:00:00-05:00,3.763747731712541,3.763747731712541,3.6627526506239527,3.6896846294403076,14086800,0.0,0.0
2010-12-14 00:00:00-05:00,3.657703107451484,3.6812688317893096,3.58532328759049,3.659386396408081,16030000,0.0,0.0
2010-12-15 00:00:00-05:00,3.6526529299640216,3.7014670170455166,3.6223543760940324,3.629087209701538,15179200,0.0,0.0
2010-12-16 00:00:00-05:00,3.6391872568730386,3.6644359469332444,3.5853229780755504,3.6543362140655518,9459600,0.0,0.0
2010-12-17 00:00:00-05:00,3.6442364576689092,3.6762182999501767,3.6206710586482296,3.6476030349731445,9826000,0.0,0.0
2010-12-20 00:00:00-05:00,3.667802779949244,3.6745356146086743,3.573540526280932,3.5785903930664062,13609200,0.0,0.0
2010-12-21 00:00:00-05:00,3.5971055826327403,3.647602956897456,3.5853225623201292,3.6425530910491943,7195200,0.0,0.0
2010-12-22 00:00:00-05:00,3.6476023985660686,3.6728510818336595,3.6122539851478996,3.6526522636413574,5863600,0.0,0.0
2010-12-23 00:00:00-05:00,3.656018711634438,3.755330482625252,3.6492858789009546,3.7401812076568604,12488400,0.0,0.0
2010-12-27 00:00:00-05:00,3.7250320108476527,3.7755297021533223,3.7166158894905994,3.7452311515808105,7621600,0.0,0.0
2010-12-28 00:00:00-05:00,3.7435492763440115,3.7957299547765135,3.7199838708044113,3.790680408477783,7936000,0.0,0.0
2010-12-29 00:00:00-05:00,3.7957292922949826,3.810878570656262,3.770480602044355,3.788996458053589,7957600,0.0,0.0
2010-12-30 00:00:00-05:00,3.79236369829084,3.8714763605129816,3.7839472527004605,3.863060235977173,12323200,0.0,0.0
2010-12-31 00:00:00-05:00,3.8630591798917817,3.869792013468888,3.827710760184901,3.851276159286499,6328800,0.0,0.0
2011-01-03 00:00:00-05:00,3.8832580801722347,3.91019005713402,3.8546428145185265,3.856326103210449,9595200,0.0,0.0
2011-01-04 00:00:00-05:00,3.866425142209159,3.8681084307390847,3.782262642039617,3.7873125076293945,11084000,0.0,0.0
2011-01-05 00:00:00-05:00,3.7856292745735085,3.8125612493380623,3.6829509201246067,3.684634208679199,24244800,0.0,0.0
2011-01-06 00:00:00-05:00,3.5836402055768533,3.588689751231316,3.459079395191267,3.4725453853607178,45365600,0.0,0.0
2011-01-07 00:00:00-05:00,3.470862226094255,3.5280924403672795,3.396799123719587,3.4961109161376953,23160800,0.0,0.0
2011-01-10 00:00:00-05:00,3.4759130149895583,3.4927455880585976,3.416999169775235,3.4843294620513916,14912000,0.0,0.0
2011-01-11 00:00:00-05:00,3.4775957002582674,3.4843288567380197,3.3850170460436755,3.3984830379486084,17895600,0.0,0.0
2011-01-12 00:00:00-05:00,3.4085813346005316,3.4961104138260617,3.400165212813428,3.4792778491973877,18063200,0.0,0.0
2011-01-13 00:00:00-05:00,3.4725435539165908,3.5348239262622734,3.462444146879634,3.467494010925293,14550400,0.0,0.0
2011-01-14 00:00:00-05:00,3.465812664902315,3.472545499681429,3.420364826188766,3.428781270980835,16853600,0.0,0.0
2011-01-18 00:00:00-05:00,3.4371973947183627,3.464129375943901,3.386700010184114,3.428781270980835,11729200,0.0,0.0
2011-01-19 00:00:00-05:00,3.4203647463199336,3.454029882593013,3.3866999311013872,3.443930149078369,15343600,0.0,0.0
2011-01-20 00:00:00-05:00,3.4388809928708666,3.538192802964741,3.4388809928708666,3.5365095138549805,19676800,0.0,0.0
2011-01-21 00:00:00-05:00,3.565124337721444,3.5701738833603596,3.501160643822596,3.517993211746216,17216000,0.0,0.0
2011-01-24 00:00:00-05:00,3.507893189562413,3.5499744415283203,3.4489793725992475,3.5499744415283203,11408800,0.0,0.0
2011-01-25 00:00:00-05:00,3.5331422739344864,3.54997484082505,3.5028437177423735,3.5449249744415283,11108400,0.0,0.0
2011-01-26 00:00:00-05:00,3.5466080491287872,3.576906603491789,3.5230426495373375,3.5415585041046143,8602800,0.0,0.0
2011-01-27 00:00:00-05:00,3.5432416320718745,3.576906765343973,3.5264093864903305,3.5466082096099854,13016400,0.0,0.0
2011-01-28 00:00:00-05:00,3.546608132211681,3.565123987212711,3.479278188191344,3.531458854675293,13380400,0.0,0.0
2011-01-31 00:00:00-05:00,3.5499747871480962,3.56512406501509,3.5062102423161705,3.5466082096099854,8538000,0.0,0.0
2011-02-01 00:00:00-05:00,3.558391305032538,3.5651244608563526,3.4540299581997416,3.4590795040130615,16999600,0.0,0.0
2011-02-02 00:00:00-05:00,3.4439300643593493,3.4439300643593493,3.321052865778035,3.3362021446228027,30396000,0.0,0.0
2011-02-03 00:00:00-05:00,3.3311520721261516,3.3984820113113154,3.230157002821169,3.2823376655578613,25717600,0.0,0.0
2011-02-04 00:00:00-05:00,3.314320232334742,3.4220481586049694,3.314320232334742,3.3749170303344727,23932800,0.0,0.0
2011-02-07 00:00:00-05:00,3.390065431594849,3.411947861606956,3.3749161557570706,3.3900654315948486,14493200,0.0,0.0
2011-02-08 00:00:00-05:00,3.3900663893683873,3.393432967406689,3.339569003012068,3.3698675632476807,18070400,0.0,0.0
2011-02-09 00:00:00-05:00,3.373233617733024,3.38669960674165,3.304220062877502,3.3160030841827393,15080800,0.0,0.0
2011-02-10 00:00:00-05:00,3.2958043327570166,3.480961944473498,3.2840216311026613,3.428781270980835,24326000,0.0,0.0
2011-02-11 00:00:00-05:00,3.4119483888238777,3.4355137899664494,3.3782832548591943,3.4136316776275635,16693600,0.0,0.0
2011-02-14 00:00:00-05:00,3.310952715685625,3.36649995205231,3.2924368632119116,3.3446178436279297,19096800,0.0,0.0
2011-02-15 00:00:00-05:00,3.3294692483223294,3.3917493303677335,3.3294692483223294,3.3732337951660156,17814400,0.0,0.0
2011-02-16 00:00:00-05:00,3.3883824831197105,3.4186810378361225,3.3631337945408646,3.4119482040405273,17260400,0.0,0.0
2011-02-17 00:00:00-05:00,3.396799620522303,3.4641295775037313,3.3766004729005945,3.385016918182373,12615200,0.0,0.0
2011-02-18 00:00:00-05:00,3.3951143845606033,3.427096216182477,3.3429337379544544,3.3580830097198486,14541600,0.0,0.0
2011-02-22 00:00:00-05:00,3.364817524984869,3.3715506807188826,3.292437706116898,3.3126368522644043,21687200,0.0,0.0
2011-02-23 00:00:00-05:00,3.316003430131411,3.349668245637873,3.289071449304427,3.3126368522644043,16189600,0.0,0.0
2011-02-24 00:00:00-05:00,3.3109533567097613,3.319369479797532,3.2739219656472485,3.2840213775634766,14920000,0.0,0.0
2011-02-25 00:00:00-05:00,3.3025371709716356,3.3463013954632377,3.280654737671324,3.341251850128174,9886000,0.0,0.0
2011-02-28 00:00:00-05:00,3.3664991291209008,3.3681824172119863,3.326101178097975,3.3580830097198486,8912400,0.0,0.0
2011-03-01 00:00:00-05:00,3.3580847975359913,3.374917045299443,3.3092703800692522,3.3193697929382324,15414400,0.0,0.0
2011-03-02 00:00:00-05:00,3.309269929151175,3.354717762450725,3.3008538064162223,3.3160030841827393,11159600,0.0,0.0
2011-03-03 00:00:00-05:00,3.3362027087060335,3.395116545168522,3.305904145893635,3.388383388519287,13021200,0.0,0.0
2011-03-04 00:00:00-05:00,3.3698674844496463,3.3900663100980415,3.353034915706287,3.3749170303344727,9802800,0.0,0.0
2011-03-07 00:00:00-05:00,3.386698906258074,3.413630878704885,3.3143191099118554,3.31768536567688,14274400,0.0,0.0
2011-03-08 00:00:00-05:00,3.3160033201994628,3.3715505689454357,3.2756050292437324,3.3362021446228027,9460400,0.0,0.0
2011-03-09 00:00:00-05:00,3.336201906684861,3.347984606933888,3.3160030837021015,3.3261024951934814,15137200,0.0,0.0
2011-03-10 00:00:00-05:00,3.310953301893463,3.3294691576454283,3.2823380343924766,3.295804023742676,20054400,0.0,0.0
2011-03-11 00:00:00-05:00,3.2739222443216565,3.3513516106943406,3.2739222443216565,3.3277862071990967,13231600,0.0,0.0
2011-03-14 00:00:00-04:00,3.3075868758109666,3.3850165589125036,3.297487463599297,3.3362021446228027,16224400,0.0,0.0
2011-03-15 00:00:00-04:00,3.2705561106007797,3.482645734028636,3.268872821400409,3.4557137489318848,26211600,0.0,0.0
2011-03-16 00:00:00-04:00,3.4422472278405474,3.509577180244187,3.420364792650278,3.4573965072631836,21472400,0.0,0.0
2011-03-17 00:00:00-04:00,3.499477331924694,3.587006098623884,3.484328054388306,3.531458854675293,17913200,0.0,0.0
2011-03-18 00:00:00-04:00,3.5617579992851605,3.5634412882960964,3.4691793510655233,3.528092861175537,22613600,0.0,0.0
2011-03-21 00:00:00-04:00,3.5533412812682372,3.573540103913706,3.5213594375159976,3.566807270050049,14425600,0.0,0.0
2011-03-22 00:00:00-04:00,3.570174759604866,3.585324042348829,3.5331433579277385,3.5381932258605957,10503600,0.0,0.0
2011-03-23 00:00:00-04:00,3.5280923780504145,3.565124089110912,3.4826448651967694,3.5533413887023926,15660000,0.0,0.0
2011-03-24 00:00:00-04:00,3.740182638793346,3.770481200323514,3.6206720028183126,3.657703399658203,36630400,0.0,0.0
2011-03-25 00:00:00-04:00,3.6762183538826916,3.711566452932291,3.6526529545162925,3.6560192108154297,20421600,0.0,0.0
2011-03-28 00:00:00-04:00,3.6694853006756607,3.709883587927626,3.6694853006756607,3.6981005668640137,11341600,0.0,0.0
2011-03-29 00:00:00-04:00,3.6930502072330724,3.780578954162232,3.6880003421767182,3.7570135593414307,15980000,0.0,0.0
2011-03-30 00:00:00-04:00,3.790679745128896,3.834444291368569,3.745231910066022,3.8091952800750732,14192400,0.0,0.0
2011-03-31 00:00:00-04:00,3.7990965330120483,3.8125625248996156,3.7485991436973136,3.790680408477783,11223200,0.0,0.0
2011-04-01 00:00:00-04:00,3.8176120812628382,3.876525911367175,3.7974129345496634,3.8580100536346436,21412000,0.0,0.0
2011-04-04 00:00:00-04:00,3.8580092094402194,3.895040595747675,3.78226282715852,3.799095392227173,10445200,0.0,0.0
2011-04-05 00:00:00-04:00,3.7990968799192313,4.038118498540277,3.7923640438879374,3.9691052436828613,26934800,0.0,0.0
2011-04-06 00:00:00-04:00,3.9691038616852428,4.076831769113097,3.9640539956291287,4.02296781539917,19400000,0.0,0.0
2011-04-07 00:00:00-04:00,4.02970107192975,4.108813715813632,4.0196013395624055,4.0448503494262695,19617200,0.0,0.0
2011-04-08 00:00:00-04:00,4.043166639540529,4.070098614272409,3.962370715344892,4.007818222045898,15777600,0.0,0.0
2011-04-11 00:00:00-04:00,3.996035999119302,4.051583243750716,3.9808867213966885,3.9977192878723145,15544400,0.0,0.0
2011-04-12 00:00:00-04:00,3.9775201966428737,4.065049286633389,3.9640542074946796,4.0061354637146,15611600,0.0,0.0
2011-04-13 00:00:00-04:00,4.0313847362014466,4.317537104454968,4.0263348695473535,4.268723011016846,64732400,0.0,0.0
2011-04-14 00:00:00-04:00,4.253573784293311,4.4101161208909,4.2333746384836575,4.277139186859131,42023200,0.0,0.0
2011-04-15 00:00:00-04:00,4.250207171298622,4.457246889124637,4.208125912176854,4.443780899047852,43878800,0.0,0.0
2011-04-18 00:00:00-04:00,4.411799008900487,4.484178825247954,4.314170501538782,4.4000163078308105,38931600,0.0,0.0
2011-04-19 00:00:00-04:00,4.396650349388344,4.475763005547544,4.389917193432048,4.470713138580322,17207200,0.0,0.0
2011-04-20 00:00:00-04:00,4.511110311116013,4.534676031729159,4.428631091606227,4.435364246368408,20801600,0.0,0.0
2011-04-21 00:00:00-04:00,4.420215070158054,4.526259691648373,4.376450526367836,4.46734619140625,21595200,0.0,0.0
2011-04-25 00:00:00-04:00,4.462297070421318,4.472396483427352,4.391600537269977,4.458930492401123,17385600,0.0,0.0
2011-04-26 00:00:00-04:00,4.453880259854488,4.480812560751246,4.406749455657843,4.425265312194824,14800000,0.0,0.0
2011-04-27 00:00:00-04:00,4.44378122618249,4.477446364380018,4.398333385932192,4.413482666015625,17640400,0.0,0.0
2011-04-28 00:00:00-04:00,4.394965965929868,4.458929326313283,4.394965965929868,4.4101152420043945,11770000,0.0,0.0
2011-04-29 00:00:00-04:00,4.357934155531241,4.389915995487172,4.31080336091667,4.3225860595703125,21600000,0.0,0.0
2011-05-02 00:00:00-04:00,4.403383218576481,4.4555638934258885,4.314170827788194,4.339419841766357,15980000,0.0,0.0
2011-05-03 00:00:00-04:00,4.324270926609131,4.400017011770127,4.324270926609131,4.352886199951172,12833600,0.0,0.0
2011-05-04 00:00:00-04:00,4.341101912342871,4.394965861076359,4.283871386549926,4.3225860595703125,12828400,0.0,0.0
2011-05-05 00:00:00-04:00,4.312487225741975,4.400015993603495,4.307437359477954,4.3545684814453125,13301200,0.0,0.0
2011-05-06 00:00:00-04:00,4.3882337398007145,4.405066308005367,4.268723115551298,4.285555362701416,12817600,0.0,0.0
2011-05-09 00:00:00-04:00,4.290604167873443,4.312486597441576,4.255256072338781,4.288920879364014,7954400,0.0,0.0
2011-05-10 00:00:00-04:00,4.30575470383184,4.357935378681248,4.283872588912589,4.339419841766357,9244800,0.0,0.0
2011-05-11 00:00:00-04:00,4.327636081046279,4.354568379435643,4.277138703807021,4.342785358428955,8936000,0.0,0.0
2011-05-12 00:00:00-04:00,4.339419677326386,4.3747677818690365,4.29733841703016,4.364668369293213,10474000,0.0,0.0
2011-05-13 00:00:00-04:00,4.472396209778147,4.660920393664816,4.462296797390058,4.497644901275635,22156000,0.0,0.0
2011-05-16 00:00:00-04:00,4.49596146079005,4.499328038490755,4.40001624370161,4.457246780395508,17397600,0.0,0.0
2011-05-17 00:00:00-04:00,4.406748980738116,4.474078923087483,4.379817003798369,4.435364246368408,11913600,0.0,0.0
2011-05-18 00:00:00-04:00,4.4589305876728735,4.511111263882611,4.430315315998909,4.490912437438965,14644000,0.0,0.0
2011-05-19 00:00:00-04:00,4.2838714368783215,4.615471575823641,4.132378677967526,4.598639011383057,55522800,0.0,0.0
2011-05-20 00:00:00-04:00,4.6205225888893136,4.750132628842687,4.580124295777994,4.692902088165283,30978000,0.0,0.0
2011-05-23 00:00:00-04:00,4.652503383380084,4.7215166149065855,4.613788706388046,4.655869960784912,16475600,0.0,0.0
2011-05-24 00:00:00-04:00,4.6693344052400105,4.824193383052093,4.6457690133080805,4.649135589599609,24013200,0.0,0.0
2011-05-25 00:00:00-04:00,4.62557266365636,4.7097351953286575,4.529627428918674,4.6710205078125,20483600,0.0,0.0
2011-05-26 00:00:00-04:00,4.6642873511725185,4.697952492263269,4.627255952816356,4.6710205078125,10902400,0.0,0.0
2011-05-27 00:00:00-04:00,4.699633814063043,4.751814471960723,4.682801250564114,4.748447895050049,9684000,0.0,0.0
2011-05-31 00:00:00-04:00,4.765280241618044,4.793895501947232,4.652502488680004,4.709733009338379,19066400,0.0,0.0
2011-06-01 00:00:00-04:00,4.699636339009502,4.71646891155197,4.618840376071195,4.623889923095703,15425600,0.0,0.0
2011-06-02 00:00:00-04:00,4.682801998380334,4.682801998380334,4.5531916561113395,4.588540077209473,12416000,0.0,0.0
2011-06-03 00:00:00-04:00,4.539726106568477,4.573391242199395,4.426948319575787,4.499328136444092,12872000,0.0,0.0
2011-06-06 00:00:00-04:00,4.499327395723598,4.548141802246701,4.4622960094696555,4.472395420074463,8754400,0.0,0.0
2011-06-07 00:00:00-04:00,4.48417957707859,4.4942793120212565,4.406750202178955,4.406750202178955,11732400,0.0,0.0
2011-06-08 00:00:00-04:00,4.4050667488060355,4.437048599489741,4.317537642226719,4.421899318695068,13476400,0.0,0.0
2011-06-09 00:00:00-04:00,4.411798838410694,4.485861940770948,4.379817314187333,4.460613250732422,10146400,0.0,0.0
2011-06-10 00:00:00-04:00,4.447147107770833,4.4656629629852675,4.388233285678592,4.420215129852295,14767600,0.0,0.0
2011-06-13 00:00:00-04:00,4.440414485811198,4.460613632202149,4.379817688747425,4.418532371520996,8031200,0.0,0.0
2011-06-14 00:00:00-04:00,4.452197659412086,4.463980361433502,4.371401392163922,4.448831081390381,12146000,0.0,0.0
2011-06-15 00:00:00-04:00,4.410116783379335,4.448831470854489,4.369718485691389,4.396650791168213,13243200,0.0,0.0
2011-06-16 00:00:00-04:00,4.403382087724841,4.437047217013671,4.376450112715565,4.4101152420043945,13257600,0.0,0.0
2011-06-17 00:00:00-04:00,4.43368079764114,4.472395472962782,4.42021480965733,4.4505133628845215,12077600,0.0,0.0
2011-06-20 00:00:00-04:00,4.433681421092121,4.511110782623291,4.4168488534817945,4.511110782623291,8456800,0.0,0.0
2011-06-21 00:00:00-04:00,4.541409990558287,4.6356722542551,4.5161612960537925,4.630622386932373,7831200,0.0,0.0
2011-06-22 00:00:00-04:00,4.598639501722407,4.608738913041843,4.460613036490295,4.46734619140625,15025200,0.0,0.0
2011-06-23 00:00:00-04:00,4.4286312525564,4.4622963854818245,4.357934730256611,4.420215129852295,14934000,0.0,0.0
2011-06-24 00:00:00-04:00,4.430315611168729,4.4370487678015795,4.35793578263848,4.396650791168213,12753600,0.0,0.0
2011-06-27 00:00:00-04:00,4.386550113382685,4.410115835477914,4.325953321984477,4.341102600097656,15545200,0.0,0.0
2011-06-28 00:00:00-04:00,4.371400560345641,4.448830234838281,4.341102327079293,4.435364246368408,10897600,0.0,0.0
2011-06-29 00:00:00-04:00,4.460614075998193,4.507745208229895,4.371401678898583,4.374768257141113,13839600,0.0,0.0
2011-06-30 00:00:00-04:00,4.394967728766407,4.49427954684285,4.374768578880268,4.489229679107666,12476400,0.0,0.0
2011-07-01 00:00:00-04:00,4.495962075823019,4.548143074158571,4.4622972573742965,4.532993793487549,12165200,0.0,0.0
2011-07-05 00:00:00-04:00,4.600322194209429,4.6205213352848125,4.539725092037734,4.612104892730713,16248400,0.0,0.0
2011-07-06 00:00:00-04:00,4.593590949594904,4.620522932971667,4.55655923166093,4.596957206726074,7729600,0.0,0.0
2011-07-07 00:00:00-04:00,4.620523579491098,4.679437100712044,4.581808567047119,4.581808567047119,16264000,0.0,0.0
2011-07-08 00:00:00-04:00,4.5346762363094495,4.553191770631791,4.475762413700443,4.519526958465576,8712800,0.0,0.0
2011-07-11 00:00:00-04:00,4.470712893907924,4.5026947408409415,4.34783569392124,4.368034839630127,14364800,0.0,0.0
2011-07-12 00:00:00-04:00,4.273772632747269,4.2788224994913175,4.155945298210264,4.176144123077393,32717200,0.0,0.0
2011-07-13 00:00:00-04:00,4.179510615057316,4.206442595029978,4.071782695166666,4.078515529632568,28590800,0.0,0.0
2011-07-14 00:00:00-04:00,4.100399494178814,4.110498910173763,4.0010876605736545,4.0111870765686035,27652400,0.0,0.0
2011-07-15 00:00:00-04:00,4.014551107778806,4.036433215389645,3.938804733251974,3.9707865715026855,16677200,0.0,0.0
2011-07-18 00:00:00-04:00,3.9808869694629205,3.990986381555833,3.9017743194684806,3.9421722888946533,22974800,0.0,0.0
2011-07-19 00:00:00-04:00,3.9707884720342124,4.034751858095876,3.9522726113866744,3.9909873008728027,13097600,0.0,0.0
2011-07-20 00:00:00-04:00,4.03811712791789,4.049899827764308,3.910190076198447,3.9186065196990967,14250000,0.0,0.0
2011-07-21 00:00:00-04:00,3.935438871794324,3.955638015691623,3.906823605221609,3.925339460372925,17092400,0.0,0.0
2011-07-22 00:00:00-04:00,3.920290937824968,3.980887743214968,3.8731598038064488,3.950589179992676,11617200,0.0,0.0
2011-07-25 00:00:00-04:00,3.9051419062597095,4.007819984687453,3.9034586169668475,3.9775214195251465,13225200,0.0,0.0
2011-07-26 00:00:00-04:00,3.980887854634127,4.033068536613765,3.9522725797960168,3.999403715133667,9678400,0.0,0.0
2011-07-27 00:00:00-04:00,3.967421109998813,3.9994029572407017,3.9236565614189995,3.9556384086608887,16062000,0.0,0.0
2011-07-28 00:00:00-04:00,3.938805128780651,4.0263342101224255,3.9236558523540177,3.9657371044158936,16191600,0.0,0.0
2011-07-29 00:00:00-04:00,3.925340685788348,3.990987362102817,3.88830928497973,3.9691052436828613,13779600,0.0,0.0
2011-08-01 00:00:00-04:00,4.007819586390277,4.009502875515854,3.8647432212619868,3.8899922370910645,13510000,0.0,0.0
2011-08-02 00:00:00-04:00,3.863059257978141,3.9320724890745264,3.856326103210449,3.856326103210449,18875600,0.0,0.0
2011-08-03 00:00:00-04:00,3.8495935082108934,3.891674764954957,3.782263240576784,3.846226930618286,19775200,0.0,0.0
2011-08-04 00:00:00-04:00,3.8007793437431974,3.8192952006535608,3.6829516887664795,3.6829516887664795,23584400,0.0,0.0
2011-08-05 00:00:00-04:00,3.716616921121924,3.7772140390870526,3.6189884094306284,3.7250330448150635,29738800,0.0,0.0
2011-08-08 00:00:00-04:00,3.642553769890063,3.666119493852612,3.4254146348194987,3.4607627391815186,23076800,0.0,0.0
2011-08-09 00:00:00-04:00,3.4826454236509172,3.6004727676846366,3.4035324435570944,3.5954232215881348,19598000,0.0,0.0
2011-08-10 00:00:00-04:00,3.516310014957282,3.566807720050915,3.440563938898639,3.4573965072631836,15165200,0.0,0.0
2011-08-11 00:00:00-04:00,3.4742284134583405,3.6593860051796763,3.445613146364548,3.608888626098633,11655200,0.0,0.0
2011-08-12 00:00:00-04:00,3.6156215630513895,3.6156215630513895,3.4456132444268257,3.487694501876831,17011600,0.0,0.0
2011-08-15 00:00:00-04:00,3.4977936476468243,3.5398748980326187,3.459078653290503,3.5264089107513428,14981200,0.0,0.0
2011-08-16 00:00:00-04:00,3.496110643755887,3.6173045391548957,3.4742282119831223,3.6004719734191895,14374800,0.0,0.0
2011-08-17 00:00:00-04:00,3.605522353712805,3.622354921849345,3.3900661878850684,3.443930149078369,21244800,0.0,0.0
2011-08-18 00:00:00-04:00,3.1493615269399133,3.607205867767334,3.087081438318542,3.607205867767334,56232000,0.0,0.0
2011-08-19 00:00:00-04:00,3.5466086378379607,3.8596933234859243,3.5348259360863996,3.6307711601257324,32240000,0.0,0.0
2011-08-22 00:00:00-04:00,3.698099682992572,3.698099682992572,3.5381911451453165,3.637502908706665,22248400,0.0,0.0
2011-08-23 00:00:00-04:00,3.6644361518579833,3.800779342651367,3.6055223243865484,3.800779342651367,20627200,0.0,0.0
2011-08-24 00:00:00-04:00,3.788996357384582,3.947221971034911,3.788996357384582,3.930389404296875,20480800,0.0,0.0
2011-08-25 00:00:00-04:00,3.9455380978433823,3.975836649273131,3.782262642039617,3.7873125076293945,14174800,0.0,0.0
2011-08-26 00:00:00-04:00,3.76879683599741,3.873158482487623,3.7132495960578784,3.8344438076019287,12893600,0.0,0.0
2011-08-29 00:00:00-04:00,3.8613770176487976,3.8883090019226074,3.8108793063444706,3.8883090019226074,15113600,0.0,0.0
2011-08-30 00:00:00-04:00,3.88494245969559,4.034751663741426,3.871476467433656,3.9320735931396484,14685200,0.0,0.0
2011-08-31 00:00:00-04:00,3.9556381838597976,4.048216821443221,3.9337560713407296,4.028017997741699,17735600,0.0,0.0
2011-09-01 00:00:00-04:00,4.012869018985133,4.033067844194427,3.8782091140747075,3.878209114074707,10999200,0.0,0.0
2011-09-02 00:00:00-04:00,3.8209787227170477,3.846227415737163,3.7216669185906492,3.7283997535705566,10083200,0.0,0.0
2011-09-06 00:00:00-04:00,3.63077053244387,3.8613759449096645,3.63077053244387,3.8394935131073,16112800,0.0,0.0
2011-09-07 00:00:00-04:00,3.883258418220524,3.9270229648568713,3.8428604492610923,3.9085071086883545,12966000,0.0,0.0
2011-09-08 00:00:00-04:00,3.8916745236318486,3.9404886114796507,3.856326103210449,3.856326103210449,9410400,0.0,0.0
2011-09-09 00:00:00-04:00,3.83107743862142,3.942171924539109,3.83107743862142,3.893357515335083,15778400,0.0,0.0
2011-09-12 00:00:00-04:00,3.852959861237321,3.9186068417191007,3.7889964906485165,3.9085071086883545,16685600,0.0,0.0
2011-09-13 00:00:00-04:00,3.9068232893940613,3.942171708093144,3.8361270941048455,3.900090456008911,11058800,0.0,0.0
2011-09-14 00:00:00-04:00,3.933755244079701,4.059998989356201,3.9118728151079507,4.024650573730469,14910800,0.0,0.0
2011-09-15 00:00:00-04:00,4.053266721200958,4.147528648376465,4.033067576278949,4.147528648376465,18059600,0.0,0.0
2011-09-16 00:00:00-04:00,4.179510116566332,4.221591370386394,4.140795440104953,4.189609527587891,13714000,0.0,0.0
2011-09-19 00:00:00-04:00,4.1037642207251235,4.117230210711455,4.006135713060591,4.078515529632568,12439600,0.0,0.0
2011-09-20 00:00:00-04:00,4.078515431409642,4.123963266914436,4.031384628119797,4.036434173583984,10584800,0.0,0.0
2011-09-21 00:00:00-04:00,4.019602512212648,4.085249507533786,3.9421731344679607,3.945539712905884,12878800,0.0,0.0
2011-09-22 00:00:00-04:00,3.8394941022029916,3.908507343452442,3.7536482926124353,3.8058292865753174,15713600,0.0,0.0
2011-09-23 00:00:00-04:00,3.7856298804056348,3.8596929833880558,3.768797313220378,3.788996458053589,10035200,0.0,0.0
2011-09-26 00:00:00-04:00,3.8226612141680283,3.9775202520569835,3.810878513631017,3.974153995513916,8322000,0.0,0.0
2011-09-27 00:00:00-04:00,4.036434390143668,4.127330066029923,3.982570428605682,4.019601821899414,10263200,0.0,0.0
2011-09-28 00:00:00-04:00,4.044849954148337,4.1003971925224585,3.9505877209250984,3.9590041637420654,9391200,0.0,0.0
2011-09-29 00:00:00-04:00,4.021284841634998,4.081881954835987,3.93375607052242,4.038117408752441,12208000,0.0,0.0
2011-09-30 00:00:00-04:00,3.9825709468809425,4.016236087750494,3.886625712773672,3.8883090019226074,10776400,0.0,0.0
2011-10-03 00:00:00-04:00,3.871475141566874,3.9101898159294697,3.792362504253595,3.8664252758026123,19232800,0.0,0.0
2011-10-04 00:00:00-04:00,3.804146278392606,4.004453182220459,3.730083164858393,4.004453182220459,15200000,0.0,0.0
2011-10-05 00:00:00-04:00,4.014552485532782,4.036434600653343,3.9118741028369883,4.017919063568115,12040400,0.0,0.0
2011-10-06 00:00:00-04:00,3.999402204421636,4.0717820087926615,3.9943523386325626,4.049899578094482,15905200,0.0,0.0
2011-10-07 00:00:00-04:00,4.095346450805664,4.14752710089115,4.054948497089057,4.095346450805664,16062800,0.0,0.0
2011-10-10 00:00:00-04:00,4.152579951546301,4.211493796808966,4.0886165590970185,4.137430667877197,13271600,0.0,0.0
2011-10-11 00:00:00-04:00,4.1290135211330075,4.201393021703524,4.086932259356067,4.194660186767578,11053600,0.0,0.0
2011-10-12 00:00:00-04:00,4.208126558272253,4.388234323597573,4.192977276978107,4.317537784576416,24020400,0.0,0.0
2011-10-13 00:00:00-04:00,4.277139568605478,4.3175375427758835,4.223275603044938,4.245157718658447,10555600,0.0,0.0
2011-10-14 00:00:00-04:00,4.277139570896235,4.288922273237094,4.196343622512152,4.235058307647705,11832000,0.0,0.0
2011-10-17 00:00:00-04:00,4.231691230416639,4.236741096990484,4.0111855268977505,4.080198764801025,23942800,0.0,0.0
2011-10-18 00:00:00-04:00,4.076830674189513,4.238422812986618,4.0667312658441945,4.2047576904296875,14472400,0.0,0.0
2011-10-19 00:00:00-04:00,4.187926024789784,4.209808455447932,4.147528061714516,4.186243057250977,11357600,0.0,0.0
2011-10-20 00:00:00-04:00,4.186244898623933,4.22832616880246,4.154263043392961,4.218226432800293,7989600,0.0,0.0
2011-10-21 00:00:00-04:00,4.273772997394075,4.35961881304024,4.214859485626221,4.214859485626221,18337600,0.0,0.0
2011-10-24 00:00:00-04:00,4.230007794029623,4.3057541847229,4.184560280668167,4.3057541847229,18266000,0.0,0.0
2011-10-25 00:00:00-04:00,4.275454102686445,4.383182300011871,4.246838845420153,4.30911922454834,14421600,0.0,0.0
2011-10-26 00:00:00-04:00,4.324270705979527,4.3411032755080114,4.199710205156041,4.214859485626221,17634000,0.0,0.0
2011-10-27 00:00:00-04:00,4.337736495346795,4.384867302565803,4.2518906836991865,4.361301898956299,10923200,0.0,0.0
2011-10-28 00:00:00-04:00,4.357934259501262,4.487544589892448,4.349518137706288,4.4101152420043945,12758000,0.0,0.0
2011-10-31 00:00:00-04:00,4.379817826420467,4.400016652391797,4.300704848378197,4.304071426391602,15808400,0.0,0.0
2011-11-01 00:00:00-04:00,4.19129375986452,4.258623716923895,4.1273303809217525,4.214859485626221,15141600,0.0,0.0
2011-11-02 00:00:00-04:00,4.250207590388756,4.273772995083156,4.209809616174975,4.224958896636963,13692400,0.0,0.0
2011-11-03 00:00:00-04:00,4.255256435398045,4.352884929893472,4.1896094621470885,4.347835063934326,10368400,0.0,0.0
2011-11-04 00:00:00-04:00,4.3293197939991295,4.357935062853301,4.288921824038156,4.324270248413086,10893200,0.0,0.0
2011-11-07 00:00:00-05:00,4.327635389240893,4.339418408363977,4.260305456666919,4.283871173858643,7739200,0.0,0.0
2011-11-08 00:00:00-05:00,4.293971483456237,4.327636296271823,4.22832482556951,4.315853595733643,7874000,0.0,0.0
2011-11-09 00:00:00-05:00,4.2249587466157035,4.292288701247898,4.186244062834009,4.194660186767578,7390400,0.0,0.0
2011-11-10 00:00:00-05:00,4.240107987093835,4.240107987093835,4.110497624973539,4.140796184539795,13498800,0.0,0.0
2011-11-11 00:00:00-05:00,4.184560395982635,4.2838721904930095,4.160994673198373,4.236741065979004,9797200,0.0,0.0
2011-11-14 00:00:00-05:00,4.181193782894975,4.181193782894975,4.043167309267212,4.147528648376465,12884400,0.0,0.0
2011-11-15 00:00:00-05:00,4.123962702063798,4.12564599067281,3.95900427103432,3.9657371044158936,28351600,0.0,0.0
2011-11-16 00:00:00-05:00,3.906824468112587,3.9152409137014237,3.7435492763440115,3.790680408477783,46004000,0.0,0.0
2011-11-17 00:00:00-05:00,3.736815457242432,3.8445433639845104,3.661069072155354,3.6913676261901855,28222800,0.0,0.0
2011-11-18 00:00:00-05:00,3.704833972442599,3.8378105800418956,3.6913679827989423,3.7805800437927246,24363600,0.0,0.0
2011-11-21 00:00:00-05:00,3.714933890942199,3.8613768292071353,3.684635329849139,3.824345111846924,22012800,0.0,0.0
2011-11-22 00:00:00-05:00,3.807512663607105,3.8277114892401305,3.7687976592104735,3.7755308151245117,15705200,0.0,0.0
2011-11-23 00:00:00-05:00,3.751965612441795,3.7637483148677484,3.6795857877628673,3.7216670513153076,15152000,0.0,0.0
2011-11-25 00:00:00-05:00,3.6930501105781315,3.7081993842962797,3.6122538770632016,3.6206703186035156,7029200,0.0,0.0
2011-11-28 00:00:00-05:00,3.709883500035722,3.7856295644660194,3.709883500035722,3.763747453689575,13752000,0.0,0.0
2011-11-29 00:00:00-05:00,3.792362950384284,3.9118735647073835,3.7873130840259597,3.8293943405151367,19185200,0.0,0.0
2011-11-30 00:00:00-05:00,3.916924406649368,3.942173102620635,3.8209791693257995,3.8916757106781006,13308800,0.0,0.0
2011-12-01 00:00:00-05:00,3.8883090380247185,3.957322288498952,3.856327186007158,3.9320735931396484,9447600,0.0,0.0
2011-12-02 00:00:00-05:00,3.994352913122591,4.014552058129566,3.8933578301967526,3.9085071086883545,8672400,0.0,0.0
2011-12-05 00:00:00-05:00,3.94722267132106,3.990986903127961,3.9017748293817047,3.9859373569488525,10777600,0.0,0.0
2011-12-06 00:00:00-05:00,3.9606877739022193,3.9775200187939537,3.927022642009767,3.928705930709839,8608400,0.0,0.0
2011-12-07 00:00:00-05:00,3.9118732543501795,4.0347504364967595,3.8933574002264955,3.987619638442993,14136800,0.0,0.0
2011-12-08 00:00:00-05:00,3.965738719219976,4.012869856300155,3.940490021912761,3.9674220085144043,12201600,0.0,0.0
2011-12-09 00:00:00-05:00,3.970787918671075,4.091981837976999,3.970787918671075,4.0734663009643555,13990400,0.0,0.0
2011-12-12 00:00:00-05:00,4.054949027070367,4.166043494574669,4.01118449122709,4.159310340881348,16758800,0.0,0.0
2011-12-13 00:00:00-05:00,4.139112379931068,4.1475285027379085,4.03475072343191,4.051583290100098,16990800,0.0,0.0
2011-12-14 00:00:00-05:00,4.033067340783421,4.044850361915037,3.940488707845067,3.9539546966552734,13432000,0.0,0.0
2011-12-15 00:00:00-05:00,3.984253245838248,4.041483778460448,3.9775200909158728,3.9893031120300293,13529200,0.0,0.0
2011-12-16 00:00:00-05:00,4.009501861986334,4.02633442793256,3.901773953617674,3.928705930709839,10618800,0.0,0.0
2011-12-19 00:00:00-05:00,3.948905806665355,3.9539556741129966,3.810879306975576,3.8159291744232178,8103200,0.0,0.0
2011-12-20 00:00:00-05:00,3.8832592178623515,3.9590056259180817,3.8815759286772704,3.950589179992676,7109600,0.0,0.0
2011-12-21 00:00:00-05:00,3.9522723298360445,3.985937470241597,3.908507775730655,3.962372064590454,5641600,0.0,0.0
2011-12-22 00:00:00-05:00,3.980887456381878,4.053267280852295,3.9640548867984804,4.004453182220459,7314800,0.0,0.0
2011-12-23 00:00:00-05:00,4.021284896053317,4.0431673299184725,3.99603620556273,4.026334762573242,6116400,0.0,0.0
2011-12-27 00:00:00-05:00,4.017918639427886,4.039800752238523,3.969104226232168,4.026334762573242,4909200,0.0,0.0
2011-12-28 00:00:00-05:00,4.043167167293256,4.066732567996016,3.996036044833233,4.051583290100098,7046000,0.0,0.0
2011-12-29 00:00:00-05:00,4.048217594324567,4.102081883606204,4.0280187667667064,4.098715305328369,5242800,0.0,0.0
2011-12-30 00:00:00-05:00,4.086932191438206,4.098714893171213,4.061683177947998,4.061683177947998,4189200,0.0,0.0
2012-01-03 00:00:00-05:00,4.112181113866906,4.139113096778518,3.9977200259652754,4.004453182220459,10252800,0.0,0.0
2012-01-04 00:00:00-05:00,3.997719802374013,4.070099622796248,3.987620389610656,4.061683177947998,8317600,0.0,0.0
2012-01-05 00:00:00-05:00,4.038116870202,4.255256282843361,4.016234760605829,4.251889705657959,14776000,0.0,0.0
2012-01-06 00:00:00-05:00,4.243473264150086,4.246839841336643,4.157627793274186,4.186243057250977,15113600,0.0,0.0
2012-01-09 00:00:00-05:00,4.15089519106844,4.157628346337224,3.9354390382851014,4.038117408752441,27824000,0.0,0.0
2012-01-10 00:00:00-05:00,4.049900260779799,4.0919815196188996,3.9472222075294705,4.078515529632568,15462400,0.0,0.0
2012-01-11 00:00:00-05:00,4.0700992440626536,4.1239632018610966,4.0700992440626536,4.103764057159424,14062000,0.0,0.0
2012-01-12 00:00:00-05:00,4.118914411577739,4.123964279336173,4.043168321528812,4.0701003074646,12018400,0.0,0.0
2012-01-13 00:00:00-05:00,4.038117584238843,4.03980087312919,3.908507229172861,3.9573216438293457,16946400,0.0,0.0
2012-01-17 00:00:00-05:00,3.9977191921725628,4.007818603394372,3.8883079942818966,3.9101901054382324,11883600,0.0,0.0
2012-01-18 00:00:00-05:00,3.9152405204838368,4.049900425835273,3.8883085394135497,4.043167591094971,9771600,0.0,0.0
2012-01-19 00:00:00-05:00,4.0246519561383876,4.189610429574056,4.0246519561383876,4.181194305419922,13097200,0.0,0.0
2012-01-20 00:00:00-05:00,4.199707380503312,4.208123499079734,4.1239610290981386,4.1323771476745605,10272800,0.0,0.0
2012-01-23 00:00:00-05:00,4.132379522579612,4.18624380400963,4.132379522579612,4.167727947235107,6712000,0.0,0.0
2012-01-24 00:00:00-05:00,4.150895432883863,4.181193991249438,4.129013319094579,4.16604471206665,6417600,0.0,0.0
2012-01-25 00:00:00-05:00,4.162679644588425,4.208127498626709,4.105449084922729,4.208127498626709,10460400,0.0,0.0
2012-01-26 00:00:00-05:00,4.179509691044658,4.179509691044658,3.8125611437245444,4.157627582550049,24179200,0.0,0.0
2012-01-27 00:00:00-05:00,4.140796734413081,4.1424800236185755,4.090299021412009,4.093665599822998,13709200,0.0,0.0
2012-01-30 00:00:00-05:00,4.065050257374976,4.070100124906906,3.947222904454511,3.996037006378174,21557600,0.0,0.0
2012-01-31 00:00:00-05:00,4.002770132778447,4.0111862575466875,3.9101911550548936,3.9320735931396484,17175200,0.0,0.0
2012-02-01 00:00:00-05:00,3.945538658146555,3.9893032029762243,3.900090824547917,3.9236562252044678,13552000,0.0,0.0
2012-02-02 00:00:00-05:00,3.945539031035656,3.9606883103336123,3.9085073167275244,3.916923761367798,13637600,0.0,0.0
2012-02-03 00:00:00-05:00,3.9573218249707827,4.006135920807143,3.95227195806859,3.979203939437866,10115200,0.0,0.0
2012-02-06 00:00:00-05:00,3.972471381060387,3.982570794513031,3.908507680066322,3.9404895305633545,14635600,0.0,0.0
2012-02-07 00:00:00-05:00,3.927023808479837,4.0010869280099985,3.927023808479837,3.994353771209717,11467200,0.0,0.0
2012-02-08 00:00:00-05:00,4.083565911721118,4.352886066497214,4.065050052757301,4.122280597686768,34136000,0.0,0.0
2012-02-09 00:00:00-05:00,4.13742903644195,4.13742903644195,4.039800536322991,4.053266525268555,15364800,0.0,0.0
2012-02-10 00:00:00-05:00,3.9539545200368615,3.974153662877148,3.8142447719762047,3.851276159286499,32256400,0.0,0.0
2012-02-13 00:00:00-05:00,3.8731604211835857,3.8815765473959276,3.7940477432018116,3.861377716064453,22461200,0.0,0.0
2012-02-14 00:00:00-05:00,3.8512771332824816,3.8714762812311747,3.810879158439661,3.868109703063965,15697200,0.0,0.0
2012-02-15 00:00:00-05:00,3.8714753559429544,3.8798914782949483,3.836127256799195,3.8394935131073,14384400,0.0,0.0
2012-02-16 00:00:00-05:00,3.853048860991237,3.9276022283461245,3.853048860991237,3.9038808345794678,11904800,0.0375,0.0
2012-02-17 00:00:00-05:00,3.9292962455289633,3.9496287742768525,3.897102697968468,3.9276018142700195,7900000,0.0,0.0
2012-02-21 00:00:00-05:00,3.95301816040169,4.024182666805011,3.9259079030270683,3.947934865951538,8568000,0.0,0.0
2012-02-22 00:00:00-05:00,3.961489577880685,3.9784335677522153,3.873381412272235,3.892019510269165,9381600,0.0,0.0
2012-02-23 00:00:00-05:00,3.888630582372396,3.995377158493737,3.880158426693119,3.946239948272705,7327600,0.0,0.0
2012-02-24 00:00:00-05:00,3.934378829781818,3.9513228175276884,3.847964783139596,3.851353645324707,10578400,0.0,0.0
2012-02-27 00:00:00-05:00,3.849660196473728,3.9411575597391875,3.8445772250788255,3.8971033096313477,8053600,0.0,0.0
2012-02-28 00:00:00-05:00,3.8937143788559845,3.9648788857647257,3.8818536815678217,3.9530181884765625,9181200,0.0,0.0
2012-02-29 00:00:00-05:00,3.9581013253514254,3.969962022167296,3.8564377019329266,3.8598265647888184,12888400,0.0,0.0
2012-03-01 00:00:00-05:00,3.878465535625051,4.042821866089291,3.8750769951875066,4.039433002471924,19594000,0.0,0.0
2012-03-02 00:00:00-05:00,4.039432791417913,4.11229173948542,3.9970729679535304,4.044516086578369,15591200,0.0,0.0
2012-03-05 00:00:00-05:00,4.044515976232305,4.159734421440898,3.998767290575775,4.093653202056885,20442400,0.0,0.0
2012-03-06 00:00:00-05:00,4.039433827951305,4.064849663915768,4.015712424141789,4.030961990356445,6191200,0.0,0.0
2012-03-07 00:00:00-05:00,4.046208877836313,4.0597640040047205,4.014015655173656,4.04959774017334,9006400,0.0,0.0
2012-03-08 00:00:00-05:00,4.068237029930718,4.129235272324242,4.061459303807096,4.1021246910095215,13078400,0.0,0.0
2012-03-09 00:00:00-05:00,4.0546810336788806,4.086874579521237,3.9919883731626813,4.04959774017334,20076800,0.0,0.0
2012-03-12 00:00:00-04:00,4.04959816245264,4.075013986271224,3.991988789434658,4.027571201324463,8457200,0.0,0.0
2012-03-13 00:00:00-04:00,4.078404797975476,4.078404797975476,3.9869077238674264,4.030961990356445,13164000,0.0,0.0
2012-03-14 00:00:00-04:00,4.025876976810109,4.056376096231206,3.953018041121876,3.9818227291107178,13883200,0.0,0.0
2012-03-15 00:00:00-04:00,3.981822410377643,4.034348487854004,3.947934430804667,4.034348487854004,11116400,0.0,0.0
2012-03-16 00:00:00-04:00,4.042820869514314,4.049598271898563,3.9852114949393598,3.9919888973236084,15375600,0.0,0.0
2012-03-19 00:00:00-04:00,4.005544723733679,4.091958800664456,3.99198959342178,4.058071136474609,14823600,0.0,0.0
2012-03-20 00:00:00-04:00,4.061460054148872,4.119069444123736,4.000462123665946,4.068237781524658,14239600,0.0,0.0
2012-03-21 00:00:00-04:00,4.071625561821172,4.193621713505721,4.066542267641911,4.1800665855407715,17963600,0.0,0.0
2012-03-22 00:00:00-04:00,4.276647332725636,4.366450266300895,3.8971033892498337,3.9242136478424072,44606800,0.0,0.0
2012-03-23 00:00:00-04:00,3.9462398931347256,4.025876216329066,3.888630528039351,4.00215482711792,15335600,0.0,0.0
2012-03-26 00:00:00-04:00,4.0411264423948525,4.0800973948897665,3.985211499151793,4.032654285430908,12685600,0.0,0.0
2012-03-27 00:00:00-04:00,4.047904440728155,4.061459570686341,3.9987672158221548,4.025877475738525,8856400,0.0,0.0
2012-03-28 00:00:00-04:00,4.020793673007786,4.025876967292535,3.930991069568802,3.980128288269043,12501600,0.0,0.0
2012-03-29 00:00:00-04:00,3.9326850641293167,4.008932860297595,3.7378299800300674,3.8276329040527344,35629600,0.0,0.0
2012-03-30 00:00:00-04:00,3.8666038123315203,3.8666038123315203,3.6971645544857585,3.7005534172058105,19977200,0.0,0.0
2012-04-02 00:00:00-04:00,3.6836101906030074,3.8377999213603973,3.664971764957673,3.8056063652038574,20012000,0.0,0.0
2012-04-03 00:00:00-04:00,3.8106892366579053,3.8530490551932486,3.7158033336290717,3.7344417572021484,15712400,0.0,0.0
2012-04-04 00:00:00-04:00,3.724274282971112,3.7717173848003136,3.680220043382502,3.719191312789917,11406000,0.0,0.0
2012-04-05 00:00:00-04:00,3.698859514463758,3.746302629785551,3.668360391984018,3.681915521621704,11237600,0.0,0.0
2012-04-09 00:00:00-04:00,3.6514156515106464,3.741218568960437,3.631083122807116,3.7022476196289062,10108000,0.0,0.0
2012-04-10 00:00:00-04:00,3.6869984232341317,3.7191919738828245,3.609056193744625,3.6293890476226807,11930400,0.0,0.0
2012-04-11 00:00:00-04:00,3.612445461968816,3.6463334478418328,3.5480586766258257,3.603973627090454,19562000,0.0,0.0
2012-04-12 00:00:00-04:00,3.609056255971483,3.678526329551365,3.6005844218977425,3.6531105041503906,8414800,0.0,0.0
2012-04-13 00:00:00-04:00,3.642943822876577,3.642943822876577,3.5785570509969036,3.5971951484680176,8956000,0.0,0.0
2012-04-16 00:00:00-04:00,3.609055298101661,3.695469340073855,3.5531403677878495,3.6768312454223633,13710000,0.0,0.0
2012-04-17 00:00:00-04:00,3.6971654128976845,3.7615525268091976,3.6937765493908024,3.753080368041992,16022400,0.0,0.0
2012-04-18 00:00:00-04:00,3.736135404143931,3.7903562366440666,3.710719580797456,3.776801109313965,15372800,0.0,0.0
2012-04-19 00:00:00-04:00,3.7700233840590496,3.819160922617999,3.749690531474033,3.776801109313965,14128400,0.0,0.0
2012-04-20 00:00:00-04:00,3.8005229961421043,3.8479657863842402,3.7632461487464037,3.792050838470459,12587200,0.0,0.0
2012-04-23 00:00:00-04:00,3.7564691251353057,3.7971345165264827,3.7005541715749612,3.7903571128845215,11351200,0.0,0.0
2012-04-24 00:00:00-04:00,3.788662513592158,3.827633471554061,3.7547745273419366,3.7751073837280273,14316400,0.0,0.0
2012-04-25 00:00:00-04:00,3.817467105296712,3.831022234806989,3.768329558834595,3.8259389400482178,8114000,0.0,0.0
2012-04-26 00:00:00-04:00,3.819161536882969,3.8615213570000573,3.8073005157791693,3.8259389400482178,6651600,0.0,0.0
2012-04-27 00:00:00-04:00,3.8564368046247486,3.8564368046247486,3.7717171920183516,3.842881679534912,10965200,0.0,0.0
2012-04-30 00:00:00-04:00,3.8394941668305664,3.859827023200997,3.7683296543037423,3.856438159942627,6708400,0.0,0.0
2012-05-01 00:00:00-04:00,3.8564376239280795,3.9106581358066177,3.7971338178685246,3.8733816146850586,12510000,0.0,0.0
2012-05-02 00:00:00-04:00,3.844577233317322,3.8716874914141224,3.8140781121634797,3.8581323623657227,6326800,0.0,0.0
2012-05-03 00:00:00-04:00,3.8496596747598932,3.859826262531437,3.722580236233113,3.8089942932128906,10063600,0.0,0.0
2012-05-04 00:00:00-04:00,3.790355841860068,3.8123828002848703,3.6988584995269775,3.6988584995269775,7302000,0.0,0.0
2012-05-07 00:00:00-04:00,3.6768319798052187,3.727663627268809,3.566696205001217,3.5734739303588867,11707600,0.0,0.0
2012-05-08 00:00:00-04:00,3.5429753037528,3.654805202218874,3.507393210231675,3.5768632888793945,17536000,0.0,0.0
2012-05-09 00:00:00-04:00,3.531114727471534,3.583640815364174,3.507393330974172,3.542975425720215,16157600,0.0,0.0
2012-05-10 00:00:00-04:00,3.563307884499647,3.5955011123879443,3.5378917360260664,3.570085287094116,10103600,0.0,0.0
2012-05-11 00:00:00-04:00,3.532808736364174,3.598889946230779,3.417589984570273,3.444700241088867,20427200,0.0,0.0
2012-05-14 00:00:00-04:00,3.414201733679634,3.59380729610316,3.400646602990685,3.5378923416137695,12568800,0.0,0.0
2012-05-15 00:00:00-04:00,3.520947850045545,3.5412803797503667,3.449783349719205,3.493837594985962,12344400,0.0,0.0
2012-05-16 00:00:00-04:00,3.512476391415617,3.575169070687673,3.505698987893658,3.5311148166656494,13711600,0.0,0.0
2012-05-17 00:00:00-04:00,3.3786195532318546,3.422673807676058,3.12784915692025,3.1380157470703125,48078800,0.0,0.0
2012-05-18 00:00:00-04:00,3.1295428033510215,3.2769550917404215,3.0719334330084718,3.2312064170837402,19713200,0.0,0.0
2012-05-21 00:00:00-04:00,3.2329013955362518,3.261706085582876,3.2074855685962365,3.2159574031829834,19206400,0.0,0.0
2012-05-22 00:00:00-04:00,3.243067238357707,3.2667889538277888,3.21087401258644,3.226123571395874,14009200,0.0,0.0
2012-05-23 00:00:00-04:00,3.2091797031526044,3.266789077914332,3.165125456383063,3.232901096343994,22000000,0.0,0.0
2012-05-24 00:00:00-04:00,3.260226525698426,3.27901263910045,3.2021606531291016,3.2738890647888184,19172800,0.0375,0.0
2012-05-25 00:00:00-04:00,3.284135841246349,3.371234648869092,3.282427983166614,3.333662748336792,12567200,0.0,0.0
2012-05-29 00:00:00-04:00,3.3473245416481414,3.3780653287548947,3.2960897878900357,3.366110324859619,10799200,0.0,0.0
2012-05-30 00:00:00-04:00,3.3319553324276536,3.61032972155395,3.261934770569485,3.357572555541992,26932000,0.0,0.0
2012-05-31 00:00:00-04:00,3.3251231961022083,3.3712343834021694,3.2431479691737866,3.2755966186523438,11325600,0.0,0.0
2012-06-01 00:00:00-04:00,3.2055766424519265,3.321708397484999,3.1867905274493253,3.27901291847229,14711600,0.0,0.0
2012-06-04 00:00:00-04:00,3.2755972019735164,3.290967600477344,3.21753132445698,3.27901291847229,14632400,0.0,0.0
2012-06-05 00:00:00-04:00,3.2619351412585704,3.352449361598057,3.2533958487562686,3.3370792865753174,8927200,0.0,0.0
2012-06-06 00:00:00-04:00,3.3592802004929143,3.3780663149292574,3.2773049614371974,3.3046300411224365,11188400,0.0,0.0
2012-06-07 00:00:00-04:00,3.330247017383454,3.3524485208401376,3.190205912873521,3.2106995582580566,18900000,0.0,0.0
2012-06-08 00:00:00-04:00,3.2038680723178286,3.251687115453527,3.1919133929690493,3.249979257583618,9390800,0.0,0.0
2012-06-11 00:00:00-04:00,3.2755968083216853,3.3182922822033745,3.1184774514074447,3.1218931674957275,12740000,0.0,0.0
2012-06-12 00:00:00-04:00,3.1287248539725594,3.1850828769150965,3.099691913320908,3.1714203357696533,16974400,0.0,0.0
2012-06-13 00:00:00-04:00,3.1492184769311855,3.1884982376209203,3.086029027601085,3.092860460281372,11235600,0.0,0.0
2012-06-14 00:00:00-04:00,3.1082312885891166,3.1167702548815597,2.969897689318615,3.0296714305877686,34551200,0.0,0.0
2012-06-15 00:00:00-04:00,2.980144342782165,3.0587038619420506,2.922078469602845,3.04504132270813,33386400,0.0,0.0
2012-06-18 00:00:00-04:00,3.046748961707376,3.1167695109629103,3.0125924532088,3.1116459369659424,13329200,0.0,0.0
2012-06-19 00:00:00-04:00,3.132140438424478,3.1867906006983864,3.118477897856001,3.1372640132904053,14520800,0.0,0.0
2012-06-20 00:00:00-04:00,3.142386932327529,3.1492183647644993,3.094568208231249,3.0979835987091064,9554000,0.0,0.0
2012-06-21 00:00:00-04:00,3.1065222594652733,3.1065222594652733,2.990390537505366,2.998929500579834,11077200,0.0,0.0
2012-06-22 00:00:00-04:00,3.0296707182061424,3.0365021502263354,2.9852673872967115,3.021131753921509,14879600,0.0,0.0
2012-06-25 00:00:00-04:00,2.9955141912343213,3.005761012346958,2.9203700763469906,2.9357404708862305,10786400,0.0,0.0
2012-06-26 00:00:00-04:00,2.973312957856824,3.014300576214235,2.9357410557976893,2.9852676391601562,8789600,0.0,0.0
2012-06-27 00:00:00-04:00,2.9938069467843373,3.0501649630610923,2.985267655990504,3.0433335304260254,8732000,0.0,0.0
2012-06-28 00:00:00-04:00,3.033086772905784,3.060411852556595,2.993807011625324,3.041625738143921,6937200,0.0,0.0
2012-06-29 00:00:00-04:00,3.0843214484924735,3.150926620188982,3.048457400897996,3.135556221008301,14131200,0.0,0.0
2012-07-02 00:00:00-04:00,3.149218532277626,3.1577574975374154,3.050165036857103,3.0706586837768555,8324800,0.0,0.0
2012-07-03 00:00:00-04:00,3.0843213835644776,3.1919141755643134,3.0587041607161662,3.1372640132904053,5462400,0.0,0.0
2012-07-05 00:00:00-04:00,3.1304319587522653,3.185082110178244,3.109937989097225,3.120185136795044,6496000,0.0,0.0
2012-07-06 00:00:00-04:00,3.092860892187709,3.1236016920605603,3.074074775434148,3.09627628326416,6242400,0.0,0.0
2012-07-09 00:00:00-04:00,3.121893084528373,3.159464983279128,2.945987619544052,2.992098808288574,11924000,0.0,0.0
2012-07-10 00:00:00-04:00,3.005761714592868,3.0467493343600554,2.986975600046832,2.997222423553467,7181200,0.0,0.0
2012-07-11 00:00:00-04:00,2.986975342342083,3.027962958573016,2.9374487615491036,2.9391562938690186,10302400,0.0,0.0
2012-07-12 00:00:00-04:00,2.9272014464597205,2.9459875583149526,2.8862138325633406,2.92037034034729,8160400,0.0,0.0
2012-07-13 00:00:00-04:00,2.9408638232703517,2.971604613443238,2.85547288423037,2.8742589950561523,11265200,0.0,0.0
2012-07-16 00:00:00-04:00,2.8571805143020867,2.8691351926960658,2.793991406865182,2.829855442047119,11256400,0.0,0.0
2012-07-17 00:00:00-04:00,2.84010369936066,2.8708445026327283,2.821317906270512,2.8588898181915283,6441600,0.0,0.0
2012-07-18 00:00:00-04:00,2.848642117485934,2.9272016343959653,2.8383952947891085,2.886214017868042,7468000,0.0,0.0
2012-07-19 00:00:00-04:00,2.901584509592681,2.9289095881708085,2.86059689172549,2.869135856628418,10988800,0.0,0.0
2012-07-20 00:00:00-04:00,2.852057343385927,2.882797806192365,2.775205372018422,2.7837443351745605,7732400,0.0,0.0
2012-07-23 00:00:00-04:00,2.7547118006358953,2.771790055145219,2.712016490103198,2.7564196586608887,8456400,0.0,0.0
2012-07-24 00:00:00-04:00,2.7530043842362613,2.7956998594364846,2.6419960509934937,2.686399221420288,15271200,0.0,0.0
2012-07-25 00:00:00-04:00,2.701769593632322,2.730802529530319,2.6710289625235046,2.693230628967285,10493600,0.0,0.0
2012-07-26 00:00:00-04:00,2.7308022659902838,2.7427569456638805,2.6932303690531807,2.727386713027954,9646400,0.0,0.0
2012-07-27 00:00:00-04:00,2.749588552301526,2.792284025704529,2.7239711705375407,2.7564196586608887,7937200,0.0,0.0
2012-07-30 00:00:00-04:00,2.7666669457884936,2.7734980524910022,2.710308768224815,2.7359261512756348,7613600,0.0,0.0
2012-07-31 00:00:00-04:00,2.727387023592028,2.747880832310496,2.705185356762776,2.7359261512756348,6473600,0.0,0.0
2012-08-01 00:00:00-04:00,2.7393418641007847,3.140679073159244,2.7154321763200797,2.7444651126861572,30748800,0.0,0.0
2012-08-02 00:00:00-04:00,2.723971151899128,2.7512963915011373,2.6163785401153117,2.689814805984497,15403600,0.0,0.0
2012-08-03 00:00:00-04:00,2.7222629585575153,2.75300391039947,2.708600421874614,2.7154316902160645,9270800,0.0,0.0
2012-08-06 00:00:00-04:00,2.7478804192482604,2.795699461940159,2.712016218664481,2.734217882156372,10794000,0.0,0.0
2012-08-07 00:00:00-04:00,2.7342182591535704,2.9032923011305325,2.7308025429744904,2.8708436489105225,11186400,0.0,0.0
2012-08-08 00:00:00-04:00,2.8588891688632048,2.8810909998462924,2.846934487137225,2.8571813106536865,5980000,0.0,0.0
2012-08-09 00:00:00-04:00,2.852057494231613,2.8827979586639176,2.821316704058727,2.8742589950561523,6773200,0.0,0.0
2012-08-10 00:00:00-04:00,2.8725520403257554,3.029671430587768,2.8383958494152997,3.0296714305877686,18812000,0.0,0.0
2012-08-13 00:00:00-04:00,3.162880608636044,3.2192386180173944,3.0057612604000687,3.0552878379821777,21730400,0.0,0.0
2012-08-14 00:00:00-04:00,3.068949848030258,3.089443814162753,2.9374480659170215,2.951110601425171,20002400,0.0,0.0
2012-08-15 00:00:00-04:00,2.952818839647217,3.0125922366112636,2.9101233699639932,2.9118309020996094,18440000,0.0,0.0
2012-08-16 00:00:00-04:00,2.954526932096109,3.1184777361573524,2.8349797897558338,3.0706586837768555,44530800,0.0,0.0
2012-08-17 00:00:00-04:00,3.0740746893907867,3.2004532764213045,3.033087065954457,3.1714203357696533,24764000,0.0,0.0
2012-08-20 00:00:00-04:00,3.205576054901239,3.3456171482762582,3.1611727257778384,3.3285388946533203,27220800,0.0,0.0
2012-08-21 00:00:00-04:00,3.326831036716967,3.3404935744671986,3.229485414528995,3.3285388946533203,20158400,0.0,0.0
2012-08-22 00:00:00-04:00,3.328539384277736,3.338786207662557,3.1782514469180048,3.2089922428131104,18076400,0.0,0.0
2012-08-23 00:00:00-04:00,3.220946137320094,3.2533944577331133,3.2089914586689225,3.2277772426605225,10826000,0.0,0.0
2012-08-24 00:00:00-04:00,3.2295081582604723,3.2450845907044195,3.1654720071972005,3.1879711151123047,12168800,0.0625,0.0
2012-08-27 00:00:00-04:00,3.2018170097039382,3.205278512723916,3.137780524262737,3.141242027282715,8438000,0.0,0.0
2012-08-28 00:00:00-04:00,3.1464348309022756,3.1654727707273995,3.127396891077152,3.139511823654175,8153200,0.0,0.0
2012-08-29 00:00:00-04:00,3.148165316628007,3.2364316709380025,3.1048975153058795,3.220855236053467,14051600,0.0,0.0
2012-08-30 00:00:00-04:00,3.2243162393705234,3.3489277118803353,3.2052786322648315,3.3160440921783447,13877200,0.0,0.0
2012-08-31 00:00:00-04:00,3.32123634724897,3.3281590234407328,3.2710455419034714,3.3021984100341797,15605600,0.0,0.0
2012-09-04 00:00:00-04:00,3.4354624953882955,3.579111540943436,3.4320009930599715,3.5323822498321533,28348800,0.0,0.0
2012-09-05 00:00:00-04:00,3.537575598378605,3.5877660772476068,3.521999163186503,3.5566132068634033,17060000,0.0,0.0
2012-09-06 00:00:00-04:00,3.5912275970304774,3.655264089790931,3.539306366224698,3.6448795795440674,13804400,0.0,0.0
2012-09-07 00:00:00-04:00,3.6552644997188315,3.7764141618879643,3.639688062708816,3.748722791671753,13737600,0.0,0.0
2012-09-10 00:00:00-04:00,3.729684306558812,3.778144362418651,3.6864165056469598,3.736607313156128,13571200,0.0,0.0
2012-09-11 00:00:00-04:00,3.7244922391205706,3.8179505138562866,3.717569232788312,3.7677600383758545,12690000,0.0,0.0
2012-09-12 00:00:00-04:00,3.7850675996652265,3.833527328370914,3.7850675996652265,3.8196816444396973,8313200,0.0,0.0
2012-09-13 00:00:00-04:00,3.819680532111664,3.899293439112469,3.7764127411632185,3.8733325004577637,11631600,0.0,0.0
2012-09-14 00:00:00-04:00,3.8906398218327567,4.117363292178281,3.8906398218327567,4.006597518920898,15521600,0.0,0.0
2012-09-17 00:00:00-04:00,3.99448267005606,3.99448267005606,3.856025863337696,3.8577566146850586,13833600,0.0,0.0
2012-09-18 00:00:00-04:00,3.895831581423148,3.947752793784743,3.835256613596609,3.881985902786255,7451200,0.0,0.0
2012-09-19 00:00:00-04:00,3.8889095329470877,3.975445128224917,3.859487417348342,3.9512152671813965,11372800,0.0,0.0
2012-09-20 00:00:00-04:00,3.9287159904809936,3.947753596159198,3.856026080336445,3.935638666152954,7367600,0.0,0.0
2012-09-21 00:00:00-04:00,3.954677622202262,3.9737152327919634,3.850834819475861,3.8594882488250732,13615600,0.0,0.0
2012-09-24 00:00:00-04:00,3.8733332885674816,3.875064040170422,3.783336515964367,3.8300654888153076,11012000,0.0,0.0
2012-09-25 00:00:00-04:00,3.8248739496674946,3.826604701444898,3.608534929099278,3.613726854324341,18663200,0.0,0.0
2012-09-26 00:00:00-04:00,3.62238004394959,3.676032020189028,3.547959379752285,3.655263662338257,15690800,0.0,0.0
2012-09-27 00:00:00-04:00,3.6604563556895187,3.677763544272233,3.599881360703602,3.620650053024292,7704400,0.0,0.0
2012-09-28 00:00:00-04:00,3.611996384159998,3.639687752012378,3.556613318348094,3.634495496749878,12090400,0.0,0.0
2012-10-01 00:00:00-04:00,3.707184452741465,3.738337315974873,3.6656474117992732,3.6760315895080566,10143600,0.0,0.0
2012-10-02 00:00:00-04:00,3.6725709670079474,3.7175695213389988,3.6431488480263807,3.6916089057922363,11360000,0.0,0.0
2012-10-03 00:00:00-04:00,3.6916095973571945,3.7227624738921645,3.674302407048078,3.6864173412323,8414400,0.0,0.0
2012-10-04 00:00:00-04:00,3.714108368829058,3.8889103475170956,3.7106471951743636,3.871603488922119,14410400,0.0,0.0
2012-10-05 00:00:00-04:00,3.892371199375369,4.063711645605038,3.8750640135718735,3.994483232498169,16248000,0.0,0.0
2012-10-08 00:00:00-04:00,3.9806365351523123,4.037750002669782,3.951214425818644,4.023904323577881,11357600,0.0,0.0
2012-10-09 00:00:00-04:00,4.032559259526436,4.238514101997961,4.006598642769523,4.151978492736816,19618400,0.0,0.0
2012-10-10 00:00:00-04:00,4.15024679512322,4.15024679512322,3.9512150052021306,3.9737141132354736,14328800,0.0,0.0
2012-10-11 00:00:00-04:00,4.013520059599541,4.139861919831976,3.9512143399859476,3.956406593322754,16682800,0.0,0.0
2012-10-12 00:00:00-04:00,3.96159882387577,3.996213188592333,3.909677606907972,3.9408304691314697,9075600,0.0,0.0
2012-10-15 00:00:00-04:00,3.9650609745215784,4.027366709153443,3.926985431194939,3.9425618648529053,7262400,0.0,0.0
2012-10-16 00:00:00-04:00,3.9615991628206837,3.9910212763149335,3.9425615576941047,3.9719836711883545,5444000,0.0,0.0
2012-10-17 00:00:00-04:00,3.9771763828205855,3.9840993897699177,3.925255151129156,3.9702537059783936,6500000,0.0,0.0
2012-10-18 00:00:00-04:00,3.966791820328378,4.079288031559603,3.9425619585543905,4.056788921356201,9088000,0.0,0.0
2012-10-19 00:00:00-04:00,4.042943721952314,4.079288518955797,3.9633307907286905,4.001406669616699,9161200,0.0,0.0
2012-10-22 00:00:00-04:00,3.991020972097437,4.023904585874341,3.9615988608459016,4.015251159667969,6562000,0.0,0.0
2012-10-23 00:00:00-04:00,3.971983980701582,4.061980749484785,3.9079474945392625,3.9979445934295654,10731200,0.0,0.0
2012-10-24 00:00:00-04:00,3.980637503405248,4.042943239527605,3.914870594248289,4.029097557067871,11906400,0.0,0.0
2012-10-25 00:00:00-04:00,4.049866664823924,4.151978715642701,4.042943987367096,4.105249404907227,8462800,0.0,0.0
2012-10-26 00:00:00-04:00,4.096595756839712,4.101788012235493,3.9460236514335953,3.980638027191162,9349200,0.0,0.0
2012-10-31 00:00:00-04:00,3.9892908102650857,4.022174428900649,3.937369585141228,3.9512152671813965,7060400,0.0,0.0
2012-11-01 00:00:00-04:00,3.9529475217082974,4.094865899107681,3.942563338756622,4.084481716156006,6469200,0.0,0.0
2012-11-02 00:00:00-04:00,4.082749744491862,4.14332473214657,4.082749744491862,4.120825290679932,9767600,0.0,0.0
2012-11-05 00:00:00-05:00,4.126018097492049,4.203900282051174,4.0948652236684,4.105249404907227,7708400,0.0,0.0
2012-11-06 00:00:00-05:00,4.134670283272687,4.1762073258422445,4.113901927041444,4.139862537384033,5580400,0.0,0.0
2012-11-07 00:00:00-05:00,4.117364195058172,4.1364018034574,4.020444080941366,4.049866199493408,7892400,0.0,0.0
2012-11-08 00:00:00-05:00,4.039481292806724,4.053326973746051,3.817950067670421,3.8975629806518555,11655200,0.0,0.0
2012-11-09 00:00:00-05:00,3.845641255158096,3.926984915831582,3.70545370074121,3.826603651046753,13927200,0.0,0.0
2012-11-12 00:00:00-05:00,3.831795917308435,4.0239050376430825,3.830065165851437,3.996213674545288,11094400,0.0,0.0
2012-11-13 00:00:00-05:00,3.975444447345847,4.027365993684139,3.868140512439386,4.025635242462158,13159200,0.0,0.0
2012-11-14 00:00:00-05:00,4.046404457425661,4.1969765446884155,4.015251919126195,4.063711643218994,25697200,0.0,0.0
2012-11-15 00:00:00-05:00,4.157171227019865,4.3060122676220365,3.980638484565579,4.240245342254639,43767600,0.0,0.0
2012-11-16 00:00:00-05:00,4.266205386188923,4.434084676104313,4.266205386188923,4.421969413757324,29376000,0.0,0.0
2012-11-19 00:00:00-05:00,4.477351402776335,4.537926049403292,4.378700556611577,4.486004829406738,23256000,0.0,0.0
2012-11-20 00:00:00-05:00,4.491198565444516,4.582926106380273,4.460045691124003,4.58119535446167,11994400,0.0,0.0
2012-11-21 00:00:00-05:00,4.574271376260004,4.700613259429813,4.544849262223891,4.686767578125,22854400,0.0,0.0
2012-11-23 00:00:00-05:00,4.7300356858168024,4.845993398192112,4.664268777802749,4.685037136077881,10151600,0.0,0.0
2012-11-26 00:00:00-05:00,4.686784497664565,4.714733987288573,4.613417004105493,4.685037612915039,9468400,0.0625,0.0
2012-11-27 00:00:00-05:00,4.690277001430378,4.807315582590579,4.655339982236484,4.660580635070801,12588400,0.0,0.0
2012-11-28 00:00:00-05:00,4.655341649219433,4.672810165071499,4.5837210340917665,4.618658065795898,14475600,0.0,0.0
2012-11-29 00:00:00-05:00,4.641366282226133,4.660581680411083,4.515593584649457,4.578479766845703,10922800,0.0,0.0
2012-11-30 00:00:00-05:00,4.597695676264093,4.641366798315513,4.554024554212672,4.58546781539917,10282000,0.0,0.0
2012-12-03 00:00:00-05:00,4.620404746679665,4.622151298321946,4.505113013604801,4.5121002197265625,9694400,0.0,0.0
2012-12-04 00:00:00-05:00,4.512100830659687,4.583721452322202,4.4684297036369705,4.520834922790527,14253200,0.0,0.0
2012-12-05 00:00:00-05:00,4.508606751174448,4.597695884170027,4.436986134426201,4.536556243896484,11141200,0.0,0.0
2012-12-06 00:00:00-05:00,4.543543882367521,4.702506750621306,4.5400501124053125,4.653594970703125,9926800,0.0,0.0
2012-12-07 00:00:00-05:00,4.66232785254391,4.789847415301869,4.641365572892675,4.768885135650635,10037200,0.0,0.0
2012-12-10 00:00:00-05:00,4.77587217396432,4.812555743038698,4.714732558989595,4.793340682983398,10475600,0.0,0.0
2012-12-11 00:00:00-05:00,4.793341999483882,4.861468836866947,4.781114139767352,4.840506553649902,9984800,0.0,0.0
2012-12-12 00:00:00-05:00,4.857974546099265,4.924354824842351,4.843999803182428,4.861468315124512,11078000,0.0,0.0
2012-12-13 00:00:00-05:00,4.861469524153377,4.952305542295459,4.7968361138488325,4.8230390548706055,17790000,0.0,0.0
2012-12-14 00:00:00-05:00,4.730455275848801,4.870202713894958,4.730455275848801,4.805569648742676,10138000,0.0,0.0
2012-12-17 00:00:00-05:00,4.819544639898915,4.835266269134005,4.772379752193646,4.807316780090332,9475200,0.0,0.0
2012-12-18 00:00:00-05:00,4.861469084493266,4.863215969282349,4.7881015892728085,4.842253684997559,13050400,0.0,0.0
2012-12-19 00:00:00-05:00,4.856227858657175,4.891164883959121,4.7304551673016695,4.812556743621826,17166000,0.0,0.0
2012-12-20 00:00:00-05:00,4.782861689234819,4.796836436567305,4.522581811927102,4.5645060539245605,17246400,0.0,0.0
2012-12-21 00:00:00-05:00,4.519086052182093,4.561010272630596,4.421262537951498,4.466680526733398,14838000,0.0,0.0
2012-12-24 00:00:00-05:00,4.470175973415103,4.512100209604256,4.4544543431961445,4.468429088592529,2161600,0.0,0.0
2012-12-26 00:00:00-05:00,4.4858974742736635,4.564505289917421,4.300732019815161,4.347896575927734,8402400,0.0,0.0
2012-12-27 00:00:00-05:00,4.353137002631294,4.367111746893987,4.178452532755534,4.3094658851623535,9706800,0.0,0.0
2012-12-28 00:00:00-05:00,4.279770159830835,4.319947514020132,4.248326897183825,4.285010814666748,5726000,0.0,0.0
2012-12-31 00:00:00-05:00,4.260552825118082,4.3950599062072095,4.24483120092927,4.382832050323486,8393600,0.0,0.0
2013-01-02 00:00:00-05:00,4.468428059336225,4.519086707969553,4.365364210833508,4.482402801513672,19592400,0.0,0.0
2013-01-03 00:00:00-05:00,4.468427809188369,4.487643203550708,4.178451675351459,4.255312919616699,42571200,0.0,0.0
2013-01-04 00:00:00-05:00,4.2657938860773665,4.396807211407526,4.255312913342506,4.332173824310303,16160000,0.0,0.0
2013-01-07 00:00:00-05:00,4.307718923096686,4.353136924430586,4.1697183676296845,4.3234405517578125,15935600,0.0,0.0
2013-01-08 00:00:00-05:00,4.005515825782781,4.185440655966029,3.9583509286110674,4.050933837890625,44524800,0.0,0.0
2013-01-09 00:00:00-05:00,4.038704343240301,4.0736410308440085,3.933893614060935,3.949615240097046,17327600,0.0,0.0
2013-01-10 00:00:00-05:00,3.9845522718164625,3.996780130192994,3.912931672881791,3.9810588359832764,15601200,0.0,0.0
2013-01-11 00:00:00-05:00,3.9618432092011258,4.061413288116455,3.895462934468151,4.061413288116455,21068400,0.0,0.0
2013-01-14 00:00:00-05:00,4.050932543060778,4.080628913285978,3.9915398026103786,4.019489288330078,14018800,0.0,0.0
2013-01-15 00:00:00-05:00,4.000274440034351,4.04918621333734,3.974071835230113,4.045692443847656,11430000,0.0,0.0
2013-01-16 00:00:00-05:00,4.04045257690596,4.073642727156755,4.014249966996074,4.029971599578857,10560000,0.0,0.0
2013-01-17 00:00:00-05:00,4.057920238495624,4.152250014092065,4.0456923786629435,4.103338241577148,10398400,0.0,0.0
2013-01-18 00:00:00-05:00,4.110326282697723,4.112073167627877,4.050933527809432,4.066655158996582,8466000,0.0,0.0
2013-01-22 00:00:00-05:00,4.078881953621351,4.094603580697007,4.043944930523414,4.073641300201416,7628400,0.0,0.0
2013-01-23 00:00:00-05:00,4.075389530710839,4.103339025146802,4.015996771738354,4.043946266174316,7164800,0.0,0.0
2013-01-24 00:00:00-05:00,4.0509339588811315,4.112073605205624,4.036959211137042,4.0998454093933105,9199200,0.0,0.0
2013-01-25 00:00:00-05:00,4.120806980963961,4.153997126028272,4.08761683589965,4.141768932342529,8050400,0.0,0.0
2013-01-28 00:00:00-05:00,4.14875629021985,4.157490380715055,4.110325825583071,4.15399694442749,6575600,0.0,0.0
2013-01-29 00:00:00-05:00,4.1312875453325475,4.230857637427838,4.096350852118577,4.195920944213867,9616400,0.0,0.0
2013-01-30 00:00:00-05:00,4.190680069808248,4.2256170943682,4.119059469326088,4.12954044342041,8915600,0.0,0.0
2013-01-31 00:00:00-05:00,4.133034229078946,4.140021767292607,3.9426281441507682,4.052679538726807,20644000,0.0,0.0
2013-02-01 00:00:00-05:00,4.243086418551763,4.333922100057325,4.098097972113709,4.312960147857666,17624800,0.0,0.0
2013-02-04 00:00:00-05:00,4.297237976539277,4.489390957846547,4.250073090246876,4.410782814025879,17586400,0.0,0.0
2013-02-05 00:00:00-05:00,4.419515995632391,4.718226547561225,4.4055412544019505,4.683289527893066,23107200,0.0,0.0
2013-02-06 00:00:00-05:00,4.360123551305701,4.40728843103084,4.148755534527626,4.402048110961914,39911200,0.0,0.0
2013-02-07 00:00:00-05:00,4.391567734341956,4.445720163204268,4.353137268567848,4.438732624053955,11059600,0.0,0.0
2013-02-08 00:00:00-05:00,4.464934387524984,4.585466749664878,4.461440951792807,4.552276611328125,13020800,0.0,0.0
2013-02-11 00:00:00-05:00,4.569745097703668,4.643112578623944,4.540048728445839,4.576732635498047,11470400,0.0,0.0
2013-02-12 00:00:00-05:00,4.5924547873516515,4.594201338815768,4.43698538549517,4.515593528747559,13946800,0.0,0.0
2013-02-13 00:00:00-05:00,4.534808931185178,4.585467590205388,4.4876443749059165,4.547037124633789,10458400,0.0,0.0
2013-02-14 00:00:00-05:00,4.526076004076458,4.566253364755539,4.491138965895516,4.49812650680542,6522800,0.0,0.0
2013-02-15 00:00:00-05:00,4.543543492908525,4.543543492908525,4.391567844421813,4.431745529174805,12339200,0.0,0.0
2013-02-19 00:00:00-05:00,4.409036415359308,4.461441961410981,4.290250910796578,4.45445442199707,13305200,0.0,0.0
2013-02-20 00:00:00-05:00,4.475416135348207,4.540049200749317,4.414276506023569,4.424757480621338,9223600,0.0,0.0
2013-02-21 00:00:00-05:00,4.491137958415428,4.515594012929668,4.2098961635674845,4.319947242736816,16028800,0.0,0.0
2013-02-22 00:00:00-05:00,4.351389235925241,4.393313460215295,4.298984038858704,4.335667610168457,10165600,0.0,0.0
2013-02-25 00:00:00-05:00,4.3828324995627845,4.402047894026257,4.298984050750732,4.298984050750732,6154800,0.0,0.0
2013-02-26 00:00:00-05:00,4.326934354148445,4.405542164871077,4.153996770737636,4.330428123474121,10722000,0.0,0.0
2013-02-27 00:00:00-05:00,4.316452333110061,4.4352378050867065,4.30247759130011,4.4090352058410645,13807200,0.0,0.0
2013-02-28 00:00:00-05:00,4.423010082353566,4.482402820150692,4.375845202364531,4.377592086791992,10794400,0.0,0.0
2013-03-01 00:00:00-05:00,4.351981991512507,4.389072923218859,4.230112605473991,4.247774600982666,14103600,0.06875,0.0
2013-03-04 00:00:00-05:00,4.231878387837156,4.251306986475849,4.125905070959451,4.1576972007751465,13199200,0.0,0.0
2013-03-05 00:00:00-05:00,4.200086678016689,4.302527800071683,4.180658078993529,4.291930198669434,13888000,0.0,0.0
2013-03-06 00:00:00-05:00,4.339618526183074,4.373176924547841,4.256606000629151,4.31135892868042,8697600,0.0,0.0
2013-03-07 00:00:00-05:00,4.304293730326145,4.373176449648513,4.2707353356056075,4.334319591522217,5027600,0.0,0.0
2013-03-08 00:00:00-05:00,4.357280731201172,4.412033657648521,4.291930203340041,4.357280731201172,5762400,0.0,0.0
2013-03-11 00:00:00-04:00,4.355515053449247,4.463254990896095,4.302528386736935,4.461488723754883,8355600,0.0,0.0
2013-03-12 00:00:00-04:00,4.4632541608409,4.5109423541417595,4.415565967540039,4.500344753265381,6461200,0.0,0.0
2013-03-13 00:00:00-04:00,4.491514797706115,4.567462603861748,4.487982263261428,4.53037166595459,5648400,0.0,0.0
2013-03-14 00:00:00-04:00,4.539203012018992,4.539203012018992,4.436761871065649,4.487982273101807,6496000,0.0,0.0
2013-03-15 00:00:00-04:00,4.473852223780936,4.50034555694119,4.408501687563367,4.495047092437744,10422800,0.0,0.0
2013-03-18 00:00:00-04:00,4.445592296225295,4.556864422059344,4.445592296225295,4.542734622955322,5818000,0.0,0.0
2013-03-19 00:00:00-04:00,4.553331747014529,4.553331747014529,4.39613736949071,4.457955360412598,5177200,0.0,0.0
2013-03-20 00:00:00-04:00,4.484449489668836,4.507410625453796,4.422631824588579,4.495047092437744,7318400,0.0,0.0
2013-03-21 00:00:00-04:00,4.47738395847172,4.533903148955407,4.417332234362567,4.457955360412598,7572000,0.0,0.0
2013-03-22 00:00:00-04:00,4.475618667975723,4.5550990074819335,4.429696731470025,4.532137870788574,4812800,0.0,0.0
2013-03-25 00:00:00-04:00,4.558631468093248,4.622215743367912,4.4526577882624885,4.4826836585998535,8667600,0.0,0.0
2013-03-26 00:00:00-04:00,4.526839763179025,4.662839326347422,4.491515424446127,4.6557745933532715,14184000,0.0,0.0
2013-03-27 00:00:00-04:00,4.6416436175646405,4.710526347036397,4.6169162161309165,4.6716694831848145,12135200,0.0,0.0
2013-03-28 00:00:00-04:00,4.4597215540288735,5.063770981950794,4.4597215540288735,4.9401350021362305,39372800,0.0,0.0
2013-04-01 00:00:00-04:00,4.945434511768424,5.31104336641606,4.933070979389962,5.256290435791016,28086000,0.0,0.0
2013-04-02 00:00:00-04:00,5.252757422154709,5.358731076536559,5.132653969647344,5.341068744659424,16349200,0.0,0.0
2013-04-03 00:00:00-04:00,5.346368437508866,5.406420173784207,5.298680234546503,5.342835903167725,18020400,0.0,0.0
2013-04-04 00:00:00-04:00,5.335770294850929,5.492964688323671,5.208602103360167,5.2792510986328125,17995200,0.0,0.0
2013-04-05 00:00:00-04:00,5.2350958090458235,5.311043610728314,5.176810341665472,5.291615009307861,11217200,0.0,0.0
2013-04-08 00:00:00-04:00,5.305745714715815,5.394057058807242,5.268654775019273,5.344602584838867,11594000,0.0,0.0
2013-04-09 00:00:00-04:00,5.334003945619738,5.365795738333646,5.270419686430009,5.27748441696167,9748000,0.0,0.0
2013-04-10 00:00:00-04:00,5.2969133070228045,5.341068970139247,5.210368247740293,5.282783508300781,11600000,0.0,0.0
2013-04-11 00:00:00-04:00,5.2986803772600695,5.607770065933574,5.28455057639595,5.595406532287598,25042000,0.0,0.0
2013-04-12 00:00:00-04:00,5.572445102987699,5.710211243727083,5.501796102373535,5.655457973480225,11446800,0.0,0.0
2013-04-15 00:00:00-04:00,5.651924668601206,5.681950194997426,5.533587482377129,5.542418479919434,11366800,0.0,0.0
2013-04-16 00:00:00-04:00,5.568912518435335,5.710210846720809,5.522990587008629,5.704911708831787,11226800,0.0,0.0
2013-04-17 00:00:00-04:00,5.643095166112212,5.796756720096789,5.575978354237642,5.787925720214844,18656400,0.0,0.0
2013-04-18 00:00:00-04:00,5.764962902008217,5.874468750918678,5.740235840037652,5.772027969360352,18770400,0.0,0.0
2013-04-19 00:00:00-04:00,5.763197949590375,5.84267828637838,5.699613680159971,5.78085994720459,12038000,0.0,0.0
2013-04-22 00:00:00-04:00,5.7808602468606045,5.858573983658336,5.623666169154934,5.743769645690918,12639600,0.0,0.0
2013-04-23 00:00:00-04:00,5.7826275994826535,5.867406416170999,5.7420037848341465,5.862107276916504,11824000,0.0,0.0
2013-04-24 00:00:00-04:00,5.860340338441943,6.102313211567392,5.830314133704376,6.0457940101623535,12242400,0.0,0.0
2013-04-25 00:00:00-04:00,6.047560691833496,6.105845824259796,5.973378817935799,6.047560691833496,11951200,0.0,0.0
2013-04-26 00:00:00-04:00,6.029898147376204,6.17649529420899,6.0122361489982525,6.1146769523620605,7236800,0.0,0.0
2013-04-29 00:00:00-04:00,6.121741040014951,6.234779428544773,6.0669877757999675,6.105844974517822,9066000,0.0,0.0
2013-04-30 00:00:00-04:00,6.111143827016442,6.255974355749802,6.084650832011258,6.164131164550781,12765600,0.0,0.0
2013-05-01 00:00:00-04:00,6.172961526976265,6.210052120419815,6.063455676625916,6.135870933532715,7445200,0.0,0.0
2013-05-02 00:00:00-04:00,6.132337944156001,6.418466416800333,6.112909347006731,6.413167953491211,8562800,0.0,0.0
2013-05-03 00:00:00-04:00,6.459091963601457,6.575662916458235,6.437897428653529,6.561533451080322,10840400,0.0,0.0
2013-05-06 00:00:00-04:00,6.533270947902739,6.616283120352443,6.473219230725389,6.568594932556152,8249600,0.0,0.0
2013-05-07 00:00:00-04:00,6.658676077301801,6.658676077301801,6.5191439794022275,6.586260795593262,12170000,0.0,0.0
2013-05-08 00:00:00-04:00,6.62334863996899,6.812334800595155,6.549167458607032,6.559764385223389,12584800,0.0,0.0
2013-05-09 00:00:00-04:00,6.554466371592386,6.6251150243418735,6.460856586662408,6.550933837890625,13998400,0.0,0.0
2013-05-10 00:00:00-04:00,6.561533202029921,6.7823115644971175,6.5544681327280685,6.778779029846191,9331200,0.0,0.0
2013-05-13 00:00:00-04:00,6.757582742236642,6.819401078107585,6.743453279652588,6.759349346160889,11100800,0.0,0.0
2013-05-14 00:00:00-04:00,6.7487530195562275,6.888285110418902,6.7487530195562275,6.824700832366943,9750800,0.0,0.0
2013-05-15 00:00:00-04:00,6.817635068346341,6.9342060083124855,6.787609536637233,6.886518478393555,7657600,0.0,0.0
2013-05-16 00:00:00-04:00,6.852960822296485,6.863558427155573,6.6798706521709335,6.720493793487549,9675600,0.0,0.0
2013-05-17 00:00:00-04:00,6.782311394730237,7.041946284334561,6.764648721917717,7.022517681121826,15209200,0.0,0.0
2013-05-20 00:00:00-04:00,7.02251651611505,7.029581584067992,6.842361999648774,6.845893859863281,10988400,0.0,0.0
2013-05-21 00:00:00-04:00,6.9024141618584105,6.935972226092881,6.314260356312236,6.496181488037109,34144800,0.0,0.0
2013-05-22 00:00:00-04:00,6.427300179773612,6.605689490591035,6.307196685489255,6.402573108673096,25998400,0.0,0.0
2013-05-23 00:00:00-04:00,6.354882867737017,6.499713386872264,6.146468086783967,6.3601813316345215,33572800,0.0,0.0
2013-05-24 00:00:00-04:00,6.217118918079046,6.259507987022222,5.464706206716632,5.6713547706604,55468800,0.0,0.0
2013-05-28 00:00:00-04:00,5.7949899456074325,5.929222876043963,5.565380276427047,5.602470874786377,19694800,0.0,0.0
2013-05-29 00:00:00-04:00,5.572445197410384,5.669587532790769,5.558315397048128,5.620133399963379,8894400,0.0,0.0
2013-05-30 00:00:00-04:00,5.586575075495806,5.953950226906585,5.586575075495806,5.9168596267700195,16263600,0.0,0.0
2013-05-31 00:00:00-04:00,5.8287075134772275,6.028162028621322,5.809118103363859,5.9052839279174805,13592000,0.06875,0.0
2013-06-03 00:00:00-04:00,5.908846203011168,6.16884951727697,5.90528443002056,6.126109600067139,19293600,0.0,0.0
2013-06-04 00:00:00-04:00,6.1154229826533735,6.41816682918841,6.102957119502395,6.320220470428467,26521200,0.0,0.0
2013-06-05 00:00:00-04:00,6.291728283102138,6.370085250572139,6.097616071576726,6.208028316497803,17047600,0.0,0.0
2013-06-06 00:00:00-04:00,6.218712247708756,6.370084524948909,6.051313012907446,6.165287017822266,16494400,0.0,0.0
2013-06-07 00:00:00-04:00,6.339810121721223,6.672828741063171,6.329125482801148,6.544607639312744,28413200,0.0,0.0
2013-06-10 00:00:00-04:00,6.544607272492676,6.5891284104007894,6.204465806048235,6.2311787605285645,17507200,0.0,0.0
2013-06-11 00:00:00-04:00,6.519674179129733,6.888309069491792,6.487618912199248,6.717348098754883,35602800,0.0,0.0
2013-06-12 00:00:00-04:00,6.770774720748173,6.80461054092727,6.492962576207433,6.516113758087158,14868800,0.0,0.0
2013-06-13 00:00:00-04:00,6.52858025690909,6.802830655561055,6.446661518404337,6.683513641357422,13186000,0.0,0.0
2013-06-14 00:00:00-04:00,6.881186660202336,7.082422384807757,6.872282568884636,6.947077751159668,24263600,0.0,0.0
2013-06-17 00:00:00-04:00,6.9488600669217515,7.011189395260335,6.7725560420889,6.856256008148193,9991600,0.0,0.0
2013-06-18 00:00:00-04:00,6.81885801168191,6.852693833749434,6.754747460952968,6.849132061004639,6765600,0.0,0.0
2013-06-19 00:00:00-04:00,6.817076400209654,6.9542015861072635,6.786802352598589,6.861597537994385,6960000,0.0,0.0
2013-06-20 00:00:00-04:00,7.180369263149127,7.36735791159119,7.053929391085688,7.290781497955322,34425600,0.0,0.0
2013-06-21 00:00:00-04:00,7.374480103262355,7.3958500559032085,7.20173789779088,7.26228666305542,24414800,0.0,0.0
2013-06-24 00:00:00-04:00,7.176806583324493,7.2516024408500535,7.077079679075191,7.1055731773376465,16722400,0.0,0.0
2013-06-25 00:00:00-04:00,7.1518761972361515,7.199959111938835,7.027216864229794,7.134068012237549,12790000,0.0,0.0
2013-06-26 00:00:00-04:00,7.139409661456696,7.233794255895969,7.032559202821243,7.191054344177246,10692800,0.0,0.0
2013-06-27 00:00:00-04:00,7.212424449251317,7.31393259085665,7.192835039583857,7.278315544128418,8042400,0.0,0.0
2013-06-28 00:00:00-04:00,7.322837810306479,7.629143508261437,7.322837810306479,7.484894752502441,13968400,0.0,0.0
2013-07-01 00:00:00-04:00,7.47955205638486,7.540100838300573,7.419003274469148,7.516949653625488,7224400,0.0,0.0
2013-07-02 00:00:00-04:00,7.531193474032149,7.611331632835422,7.481329353366536,7.509822845458984,10888400,0.0,0.0
2013-07-03 00:00:00-04:00,7.50626515067467,7.614896171397927,7.495579831551954,7.547224521636963,2504000,0.0,0.0
2013-07-05 00:00:00-04:00,7.588181913706979,7.659415317932168,7.419001474746983,7.655854225158691,4302400,0.0,0.0
2013-07-08 00:00:00-04:00,7.671882122997281,7.712841484682091,7.545441586370113,7.5917439460754395,9387200,0.0,0.0
2013-07-09 00:00:00-04:00,7.607771911368669,7.7003759554564795,7.524071958583055,7.602428913116455,6728800,0.0,0.0
2013-07-10 00:00:00-04:00,7.598869139503625,7.646952060389369,7.515169844040709,7.554347991943359,7175200,0.0,0.0
2013-07-11 00:00:00-04:00,7.655856450430987,7.700377595764332,7.522293014430954,7.586402893066406,8972000,0.0,0.0
2013-07-12 00:00:00-04:00,7.589962766925915,7.689690352079053,7.499139952082157,7.687909126281738,7475200,0.0,0.0
2013-07-15 00:00:00-04:00,7.687910395546202,7.7484591752181,7.652294025782844,7.743116855621338,7650800,0.0,0.0
2013-07-16 00:00:00-04:00,7.723526230696833,7.821472590828684,7.563250553937059,7.807226181030273,14174000,0.0,0.0
2013-07-17 00:00:00-04:00,7.819693273422231,7.8606526421210585,7.718185125051505,7.743116855621338,7836800,0.0,0.0
2013-07-18 00:00:00-04:00,7.746676664763836,7.835718925278362,7.744896118462501,7.769827842712402,3755200,0.0,0.0
2013-07-19 00:00:00-04:00,7.81257048778396,7.9158598722946385,7.714624102728547,7.739555835723877,6703200,0.0,0.0
2013-07-22 00:00:00-04:00,7.746677203193811,7.800102427348121,7.6540731643016695,7.661196708679199,4352000,0.0,0.0
2013-07-23 00:00:00-04:00,7.679007340979864,7.728871488197746,7.538321030986911,7.554347991943359,7554400,0.0,0.0
2013-07-24 00:00:00-04:00,7.614893911176574,7.910514192439468,7.607771046547688,7.700375080108643,10179600,0.0,0.0
2013-07-25 00:00:00-04:00,7.679005104062759,7.9140766403568215,7.62736110423439,7.908734321594238,7434800,0.0,0.0
2013-07-26 00:00:00-04:00,7.846406127524852,8.16517698050805,7.812569625617741,8.156272888183594,10391600,0.0,0.0
2013-07-29 00:00:00-04:00,8.133123051263295,8.145589597788048,7.937230270336667,8.083259582519531,7770800,0.0,0.0
2013-07-30 00:00:00-04:00,8.09394061914942,8.41449258162952,8.092159393729066,8.353943824768066,10822800,0.0,0.0
2013-07-31 00:00:00-04:00,8.394907010116976,8.81874850162098,8.394907010116976,8.73682975769043,18825200,0.0,0.0
2013-08-01 00:00:00-04:00,8.818747502230389,9.146423120157287,8.772445136150795,8.900666236877441,16776400,0.0,0.0
2013-08-02 00:00:00-04:00,8.72079890402415,9.021761489366606,8.544494935526284,8.973678588867188,15702000,0.0,0.0
2013-08-05 00:00:00-04:00,8.961214855027867,9.107244137439269,8.87751489583889,8.955872535705566,10920400,0.0,0.0
2013-08-06 00:00:00-04:00,8.939844515068401,9.01998269816004,8.681621782590295,8.72436237335205,14586400,0.0,0.0
2013-08-07 00:00:00-04:00,8.656689249514898,8.708333927076586,8.402028313222253,8.526687622070312,14761600,0.0,0.0
2013-08-08 00:00:00-04:00,8.526688030849998,8.674497846928238,8.482166895508335,8.635319709777832,11133200,0.0,0.0
2013-08-09 00:00:00-04:00,8.58901847662665,8.804500636939254,8.567648519070854,8.72080135345459,6906000,0.0,0.0
2013-08-12 00:00:00-04:00,8.646003949435638,8.832992573394256,8.61751045130231,8.811622619628906,5619600,0.0,0.0
2013-08-13 00:00:00-04:00,8.832994534342085,8.84367985326622,8.681622919279878,8.768884658813477,6287600,0.0,0.0
2013-08-14 00:00:00-04:00,8.740390130334283,8.83833649797793,8.642443083351983,8.670936584472656,5108000,0.0,0.0
2013-08-15 00:00:00-04:00,8.585458189566145,8.629979338459567,8.432305328678561,8.492854118347168,5038800,0.0,0.0
2013-08-16 00:00:00-04:00,8.45545297349215,8.644222810267872,8.37709602883318,8.473261833190918,6299200,0.0,0.0
2013-08-19 00:00:00-04:00,8.498194493279252,8.587236763563105,8.471481540458653,8.494632720947266,6885600,0.0,0.0
2013-08-20 00:00:00-04:00,8.576551288924643,8.612168332251242,8.499974883540965,8.590798377990723,7826000,0.0,0.0
2013-08-21 00:00:00-04:00,8.548058097151738,8.663813322286117,8.425180006567086,8.480385780334473,6636000,0.0,0.0
2013-08-22 00:00:00-04:00,9.607661182083909,9.98698144696861,9.183819781674574,9.244368553161621,40547600,0.0,0.0
2013-08-23 00:00:00-04:00,9.367248947940137,9.406427774232133,9.046696829142187,9.192726135253906,9461200,0.0,0.0
2013-08-26 00:00:00-04:00,9.183820006029705,9.474098006956451,9.183820006029705,9.328068733215332,9117600,0.0,0.0
2013-08-27 00:00:00-04:00,9.271083034852722,9.274644807802602,8.786692783088784,8.792035102844238,10185200,0.0,0.0
2013-08-28 00:00:00-04:00,8.788473193682181,8.952311350143669,8.77956910111485,8.886420249938965,8990400,0.0,0.0
2013-08-29 00:00:00-04:00,8.928501268351553,9.21680636894528,8.89984986796913,9.071758270263672,5702000,0.06875,0.0
2013-08-30 00:00:00-04:00,9.150549102815228,9.150549102815228,8.894476922770476,8.991175651550293,8118800,0.0,0.0
2013-09-03 00:00:00-04:00,9.091455305733342,9.168456064463088,8.94103529834305,8.948198318481445,5745200,0.0,0.0
2013-09-04 00:00:00-04:00,8.92671063368068,9.021618957381872,8.844337938705028,8.889105796813965,7009600,0.0,0.0
2013-09-05 00:00:00-04:00,8.892685949781876,9.218595852409758,8.892685949781876,9.168456077575684,6313200,0.0,0.0
2013-09-06 00:00:00-04:00,9.17382927464866,9.227550567014656,8.856872761655003,8.883733749389648,7304800,0.0,0.0
2013-09-09 00:00:00-04:00,8.964315171190972,9.098618730798549,8.903430863511407,8.971477508544922,7003600,0.0,0.0
2013-09-10 00:00:00-04:00,9.000129753027487,9.075340108689051,8.97147835160958,9.014455795288086,4505600,0.0,0.0
2013-09-11 00:00:00-04:00,8.994759156256585,9.041318117371821,8.815687700189912,8.874781608581543,5350000,0.0,0.0
2013-09-12 00:00:00-04:00,8.890895977645382,8.926709713959992,8.763754754556876,8.855081558227539,4783200,0.0,0.0
2013-09-13 00:00:00-04:00,8.885524308142069,9.408413247359821,8.874780459355499,9.39229679107666,11580000,0.0,0.0
2013-09-16 00:00:00-04:00,9.469297025882536,9.540925185117501,9.329620851633308,9.333202362060547,7050000,0.0,0.0
2013-09-17 00:00:00-04:00,9.41020313031022,9.515855297072775,9.286644094511272,9.422738075256348,8488400,0.0,0.0
2013-09-18 00:00:00-04:00,9.394087058757425,9.426319970822508,9.012665404492756,9.200690269470215,8842400,0.0,0.0
2013-09-19 00:00:00-04:00,9.32424928169817,9.35648219366432,9.236504663759545,9.283062934875488,5529200,0.0,0.0
2013-09-20 00:00:00-04:00,9.286644124574451,9.286644124574451,8.803151144890736,8.851500511169434,14769200,0.0,0.0
2013-09-23 00:00:00-04:00,8.864036594058247,8.958944242027817,8.711826137906671,8.919548988342285,8452400,0.0,0.0
2013-09-24 00:00:00-04:00,8.94819999586107,9.195318089030275,8.933873952898802,9.141596794128418,7662000,0.0,0.0
2013-09-25 00:00:00-04:00,9.18099321345218,9.257993990677711,8.975060775178617,9.096829414367676,6532000,0.0,0.0
2013-09-26 00:00:00-04:00,9.084292268617883,9.157711517141223,8.880150976777536,9.030570983886719,5015200,0.0,0.0
2013-09-27 00:00:00-04:00,8.967898528873832,9.046689720824691,8.872990196022453,8.890897750854492,5275200,0.0,0.0
2013-09-30 00:00:00-04:00,8.819268897733078,8.94282795210898,8.783454471172371,8.890897750854492,7489200,0.0,0.0
2013-10-01 00:00:00-04:00,8.880151574388377,9.17203817464528,8.874779650484703,9.170247077941895,10804400,0.0,0.0
2013-10-02 00:00:00-04:00,9.1111511427523,9.1290580058151,8.921335252012634,9.010870933532715,5959600,0.0,0.0
2013-10-03 00:00:00-04:00,8.987593354671644,9.075338641574731,8.547077872921081,8.921337127685547,5899200,0.0,0.0
2013-10-04 00:00:00-04:00,8.908803328921477,9.114735739414236,8.847919017540395,9.0789213180542,5106800,0.0,0.0
2013-10-07 00:00:00-04:00,8.992969238220553,9.098621430450708,8.876572512116619,8.878363609313965,4756000,0.0,0.0
2013-10-08 00:00:00-04:00,8.899847776899307,9.087872590425418,8.75121820270335,8.83180046081543,7138400,0.0,0.0
2013-10-09 00:00:00-04:00,8.864036091520093,8.994758157968091,8.686755069124231,8.9571533203125,6132800,0.0,0.0
2013-10-10 00:00:00-04:00,9.071758261059635,9.460343604149227,9.053851392002514,9.29201602935791,12719200,0.0,0.0
2013-10-11 00:00:00-04:00,9.229341043685267,9.338574717914687,9.17741016854288,9.232922554016113,6244000,0.0,0.0
2013-10-14 00:00:00-04:00,9.148759793737646,9.288435296769215,9.098620009696226,9.272318840026855,4960000,0.0,0.0
2013-10-15 00:00:00-04:00,9.274110437474963,9.326041321236795,9.132643829890673,9.186365127563477,7324400,0.0,0.0
2013-10-16 00:00:00-04:00,9.218596785825898,9.306342083773256,9.138014508752462,9.250829696655273,7542800,0.0,0.0
2013-10-17 00:00:00-04:00,9.250828404433276,9.437062822521044,9.206060554879668,9.431690216064453,6847200,0.0,0.0
2013-10-18 00:00:00-04:00,9.496159587412416,9.669859127367486,9.317088122090796,9.648370742797852,6705600,0.0,0.0
2013-10-21 00:00:00-04:00,9.719994166507842,9.818483970761237,9.557039240065537,9.786251068115234,6783600,0.0,0.0
2013-10-22 00:00:00-04:00,9.802369337706123,9.899067380477817,9.705670611831207,9.805950164794922,7547600,0.0,0.0
2013-10-23 00:00:00-04:00,9.771925649239364,9.820275006272208,9.594645356555413,9.754018783569336,5396000,0.0,0.0
2013-10-24 00:00:00-04:00,9.777300694055912,9.863255589404863,9.761184236565903,9.813115119934082,4599200,0.0,0.0
2013-10-25 00:00:00-04:00,9.836392742169854,9.915183917743853,9.736112505263941,9.827439308166504,3676400,0.0,0.0
2013-10-28 00:00:00-04:00,9.827441349686149,9.85430165727607,9.703881612221059,9.743277549743652,4799600,0.0,0.0
2013-10-29 00:00:00-04:00,9.831022863197171,9.972488789322128,9.438855951111137,9.929512023925781,7617600,0.0,0.0
2013-10-30 00:00:00-04:00,9.99755745664118,10.027999269390849,9.831020985554824,9.888323783874512,5788000,0.0,0.0
2013-10-31 00:00:00-04:00,9.884740623780154,9.913392018157941,9.680599353450534,9.816693305969238,7030800,0.0,0.0
2013-11-01 00:00:00-04:00,9.865045521141031,9.915185305057838,9.80057969433181,9.857882499694824,9355600,0.0,0.0
2013-11-04 00:00:00-05:00,9.929510867026202,9.979650648514548,9.84355666314477,9.902649879455566,5709600,0.0,0.0
2013-11-05 00:00:00-05:00,9.913395713829258,10.1623049233604,9.768347591472889,10.128281593322754,10962800,0.0,0.0
2013-11-06 00:00:00-05:00,10.153350633596437,10.244676766072557,9.999349088190574,10.036953926086426,6945600,0.0,0.0
2013-11-07 00:00:00-05:00,10.019047094892185,10.085303335697615,9.605391827105334,9.637624740600586,9811600,0.0,0.0
2013-11-08 00:00:00-05:00,9.65195060599253,9.942046139010374,9.632252638874059,9.934883117675781,5989600,0.0,0.0
2013-11-11 00:00:00-05:00,9.88295196618356,9.988604137105073,9.677020231745557,9.916975975036621,6014000,0.0,0.0
2013-11-12 00:00:00-05:00,9.913396102069516,10.22677115603181,9.848930267386441,10.199910163879395,9398800,0.0,0.0
2013-11-13 00:00:00-05:00,10.124698304414004,10.316304670181415,10.124698304414004,10.312723159790039,7041600,0.0,0.0
2013-11-14 00:00:00-05:00,10.32884073607289,10.33958526841321,10.192746058842188,10.284072875976562,6816000,0.0,0.0
2013-11-15 00:00:00-05:00,10.296607142857143,10.305560577665057,9.959952665873937,10.122907638549805,11509600,0.0,0.0
2013-11-18 00:00:00-05:00,10.22318679861404,10.241093666327895,9.802369259409517,9.856090545654297,10570400,0.0,0.0
2013-11-19 00:00:00-05:00,9.899068190570572,9.908022308335,9.488995145022393,9.524808883666992,12419200,0.0,0.0
2013-11-20 00:00:00-05:00,9.537344312531191,9.549879941416519,9.277691278672306,9.39050579071045,16545600,0.0,0.0
2013-11-21 00:00:00-05:00,8.987593804351015,8.998338334847096,8.355471946884139,8.73868465423584,58424000,0.0,0.0
2013-11-22 00:00:00-05:00,8.942827442771069,8.955362388887883,8.69929085885628,8.928502082824707,20955200,0.0,0.0
2013-11-25 00:00:00-05:00,9.080710596044321,9.082501692595118,8.731521226886143,8.756591796875,22014000,0.0,0.0
2013-11-26 00:00:00-05:00,8.769127112731383,8.8389648529083,8.595427627499305,8.641985893249512,18137200,0.0,0.0
2013-11-27 00:00:00-05:00,8.649149771637353,8.701080649317023,8.538125678369626,8.554242134094238,14298800,0.0,0.0
2013-11-29 00:00:00-05:00,8.633031873068793,8.729730591255148,8.584682513975615,8.6401948928833,9180800,0.0,0.0
2013-12-02 00:00:00-05:00,8.734747546151583,8.750956383511795,8.42497895972036,8.459197998046875,16794000,0.06875,0.0
2013-12-03 00:00:00-05:00,8.421378215545277,8.446592500778484,8.089998023975253,8.27549934387207,32862800,0.0,0.0
2013-12-04 00:00:00-05:00,8.291707609028244,8.408770833626011,8.221469536865788,8.243081092834473,18393600,0.0,0.0
2013-12-05 00:00:00-05:00,8.221470059117886,8.309717652356829,8.11701293909903,8.127819061279297,17945200,0.0,0.0
2013-12-06 00:00:00-05:00,8.228673621202505,8.381757263622942,8.080993383491801,8.118814468383789,15780800,0.0,0.0
2013-12-09 00:00:00-05:00,8.120614978122363,8.304314933034249,8.104406138364872,8.208863258361816,17645600,0.0,0.0
2013-12-10 00:00:00-05:00,8.192653899901218,8.270095366040584,8.136823302711559,8.243081092834473,13598000,0.0,0.0
2013-12-11 00:00:00-05:00,8.243082260017674,8.363747542199043,8.10980949079885,8.142227172851562,11872800,0.0,0.0
2013-12-12 00:00:00-05:00,8.127817021327335,8.369148193297544,8.120612941681932,8.214263916015625,11870000,0.0,0.0
2013-12-13 00:00:00-05:00,8.284502117080308,8.608678149475331,8.284502117080308,8.516828536987305,19215600,0.0,0.0
2013-12-16 00:00:00-05:00,8.53303933253844,8.734748803258675,8.53303933253844,8.664510726928711,14051600,0.0,0.0
2013-12-17 00:00:00-05:00,8.653702619014878,8.85000932713031,8.612280190864501,8.82119369506836,11594800,0.0,0.0
2013-12-18 00:00:00-05:00,8.826597220985299,9.03190939115469,8.741951680487517,8.992287635803223,14142000,0.0,0.0
2013-12-19 00:00:00-05:00,8.947261300382547,9.09314080714552,8.864416453735377,8.98147964477539,9278400,0.0,0.0
2013-12-20 00:00:00-05:00,8.988687101080036,9.031910903886436,8.855414338861083,8.86982250213623,11484000,0.0,0.0
2013-12-23 00:00:00-05:00,8.88602858749673,9.105748200192766,8.831999366002952,9.098544120788574,7376000,0.0,0.0
2013-12-24 00:00:00-05:00,9.06973039578957,9.222813336688626,9.06973039578957,9.179590225219727,4603200,0.0,0.0
2013-12-26 00:00:00-05:00,9.197601075608379,9.284047998113683,9.039114707505787,9.069731712341309,6075200,0.0,0.0
2013-12-27 00:00:00-05:00,9.064326197748793,9.114753381897081,8.8085868630992,8.831999778747559,8428800,0.0,0.0
2013-12-30 00:00:00-05:00,8.822993539659272,8.893231587780257,8.67531267786853,8.873420715332031,7888400,0.0,0.0
2013-12-31 00:00:00-05:00,8.904037847607466,8.967072510086284,8.84640658803865,8.871620178222656,6984400,0.0,0.0
2014-01-02 00:00:00-05:00,8.851812201210443,8.961671344869451,8.664510217333843,8.941861152648926,11337200,0.0,0.0
2014-01-03 00:00:00-05:00,8.952666558258844,9.004895114809292,8.837404010712321,8.868021011352539,5271200,0.0,0.0
2014-01-06 00:00:00-05:00,8.868023199342435,8.878828636454067,8.641099401730154,8.675317764282227,11595600,0.0,0.0
2014-01-07 00:00:00-05:00,8.725743771660058,8.839205645956882,7.852268506483895,7.949521541595459,60224000,0.0,0.0
2014-01-08 00:00:00-05:00,7.909898486118583,8.217866380182986,7.855869260025859,8.167438507080078,29900800,0.0,0.0
2014-01-09 00:00:00-05:00,8.169239947746224,8.178244704343575,7.978335947595513,8.09900188446045,15887200,0.0,0.0
2014-01-10 00:00:00-05:00,8.014355354298804,8.210662063491597,8.014355354298804,8.198055267333984,8870000,0.0,0.0
2014-01-13 00:00:00-05:00,8.189049942304067,8.25568595836874,8.120612562902641,8.16203498840332,17146000,0.0,0.0
2014-01-14 00:00:00-05:00,6.915758924142129,7.041826891572174,6.48352373375116,6.53935432434082,94026800,0.0,0.0
2014-01-15 00:00:00-05:00,6.616795008949697,6.669022860929001,6.528546764193727,6.658217430114746,33702400,0.0,0.0
2014-01-16 00:00:00-05:00,6.6167965277792655,6.946375296622208,6.575373410087147,6.798695087432861,34463600,0.0,0.0
2014-01-17 00:00:00-05:00,6.8221073748168175,6.915758347831274,6.660019020172788,6.780684947967529,25863200,0.0,0.0
2014-01-21 00:00:00-05:00,6.937369930978509,7.0940548831674,6.867131872653104,6.881539344787598,24843200,0.0,0.0
2014-01-22 00:00:00-05:00,6.8653315963962935,7.094056006533406,6.843720041262875,7.06884241104126,15303200,0.0,0.0
2014-01-23 00:00:00-05:00,7.095855239718267,7.115665425214912,6.802295565302141,6.888742446899414,19949200,0.0,0.0
2014-01-24 00:00:00-05:00,6.831113142245486,6.831113142245486,6.551961545262505,6.577175140380859,21522400,0.0,0.0
2014-01-27 00:00:00-05:00,6.591581755392351,6.757272152745539,6.512338940060997,6.72125244140625,15472400,0.0,0.0
2014-01-28 00:00:00-05:00,6.7158501121242535,6.76807866222465,6.44750396855444,6.492528438568115,18165200,0.0,0.0
2014-01-29 00:00:00-05:00,6.42949377767139,6.54475629883441,6.305225813839721,6.3160319328308105,19112000,0.0,0.0
2014-01-30 00:00:00-05:00,6.393474616761225,6.440299762370325,6.249396452942212,6.359256267547607,16910800,0.0,0.0
2014-01-31 00:00:00-05:00,6.308827853503417,6.380867272739714,6.269206791240391,6.3160319328308105,17035200,0.0,0.0
2014-02-03 00:00:00-05:00,6.298023409409776,6.325037680596607,5.961239861725433,6.092711925506592,26290000,0.0,0.0
2014-02-04 00:00:00-05:00,6.117925179218677,6.19176528224551,5.964841569613563,6.114323139190674,22790000,0.0,0.0
2014-02-05 00:00:00-05:00,6.063894292917792,6.303424763707698,6.0422827432360515,6.2602009773254395,17794800,0.0,0.0
2014-02-06 00:00:00-05:00,6.2295857586239025,6.415086357022361,6.224183042016226,6.366459846496582,10514400,0.0,0.0
2014-02-07 00:00:00-05:00,6.377265266956924,6.442100607210282,6.303425171005894,6.393474102020264,13534000,0.0,0.0
2014-02-10 00:00:00-05:00,6.393475267416367,6.607791514969136,6.373664389059087,6.559165000915527,17729600,0.0,0.0
2014-02-11 00:00:00-05:00,6.562767717283006,6.591583355947623,6.431296322937001,6.43850040435791,23831200,0.0,0.0
2014-02-12 00:00:00-05:00,6.4583099651745295,6.623999681887102,6.424090928926458,6.57537317276001,13958800,0.0,0.0
2014-02-13 00:00:00-05:00,6.523144511139952,6.533949942720084,6.370060922573075,6.458309173583984,15523200,0.0,0.0
2014-02-14 00:00:00-05:00,6.429495047284382,6.434897764337376,6.307028422610855,6.413286209106445,13072400,0.0,0.0
2014-02-18 00:00:00-05:00,6.4511062948734645,6.566368833300364,6.362858714461147,6.508737564086914,10734000,0.0,0.0
2014-02-19 00:00:00-05:00,6.503335512185026,6.503335512185026,6.348451202706592,6.411485195159912,14306800,0.0,0.0
2014-02-20 00:00:00-05:00,6.4132874864912655,6.445705169304022,6.368263003364558,6.418690204620361,8972800,0.0,0.0
2014-02-21 00:00:00-05:00,6.406081815963983,6.431295410340353,6.362858707609897,6.404281139373779,10791600,0.0,0.0
2014-02-24 00:00:00-05:00,6.411484255139722,6.550159705224107,6.375465228743895,6.492528438568115,11340800,0.0,0.0
2014-02-25 00:00:00-05:00,6.530349317382295,7.023817847963446,6.51414047948316,6.928366184234619,27935600,0.0,0.0
2014-02-26 00:00:00-05:00,6.903152415923526,6.949977564780521,6.7698796757600554,6.856326580047607,13794400,0.0,0.0
2014-02-27 00:00:00-05:00,6.780685727134399,6.823908835327003,6.647412988332879,6.708646297454834,11474800,0.0,0.0
2014-02-28 00:00:00-05:00,6.733859376919957,6.79689404482518,6.647412480124869,6.719451904296875,8571200,0.0,0.0
2014-03-03 00:00:00-05:00,6.672626144312501,6.784286634664196,6.633005078908341,6.697839736938477,6933200,0.0,0.0
2014-03-04 00:00:00-05:00,6.753669961060468,6.813102586486841,6.703242778530577,6.726655006408691,6133200,0.0,0.0
2014-03-05 00:00:00-05:00,6.795093216439014,7.022016939536702,6.7536707847349104,6.978793144226074,15731200,0.0,0.0
2014-03-06 00:00:00-05:00,6.98419685388958,7.085051932606111,6.917560818372435,6.967988014221191,11832800,0.0,0.0
2014-03-07 00:00:00-05:00,7.022017004933174,7.056235356567697,6.919360575991751,6.937370777130127,8106400,0.0,0.0
2014-03-10 00:00:00-04:00,6.9373706499367085,7.020215512597534,6.856326463847243,6.9355692863464355,9502000,0.0,0.0
2014-03-11 00:00:00-04:00,6.926564331692892,6.9877976386545715,6.892345981662707,6.931967735290527,8839200,0.0,0.0
2014-03-12 00:00:00-04:00,6.840116823414183,6.944573914778713,6.840116823414183,6.933767795562744,8959200,0.0,0.0
2014-03-13 00:00:00-04:00,6.955567660222423,6.986448666697759,6.726682052987511,6.743031024932861,12641200,0.0825,0.0
2014-03-14 00:00:00-04:00,6.699432814074627,7.111789514569797,6.677633727443748,7.080907821655273,16728400,0.0,0.0
2014-03-17 00:00:00-04:00,7.0881733498717265,7.23894653672392,7.062741778086418,7.220781326293945,11348800,0.0,0.0
2014-03-18 00:00:00-04:00,6.881088293961327,7.024595148488872,6.784810718922609,6.973731994628906,30610000,0.0,0.0
2014-03-19 00:00:00-04:00,6.980999695773933,7.0082482151132695,6.77209622872871,6.832042694091797,11680800,0.0,0.0
2014-03-20 00:00:00-04:00,6.799344091101724,7.022779572036143,6.799344091101724,6.982815265655518,8980000,0.0,0.0
2014-03-21 00:00:00-04:00,7.0245951110155005,7.060926231989592,6.859289168893954,6.8701887130737305,11760000,0.0,0.0
2014-03-24 00:00:00-04:00,6.90107128414486,7.004614541637063,6.833858459278382,6.922869682312012,12948000,0.0,0.0
2014-03-25 00:00:00-04:00,6.980998937904038,7.002797335233854,6.861106713152215,6.864739894866943,12698400,0.0,0.0
2014-03-26 00:00:00-04:00,6.92105359639139,7.084543335155366,6.9083378048162665,7.066378116607666,22553600,0.0,0.0
2014-03-27 00:00:00-04:00,6.743030888855065,6.857473690163007,6.4069695414874595,6.781178951263428,42473200,0.0,0.0
2014-03-28 00:00:00-04:00,6.78844386304032,7.384272445228424,6.78844386304032,7.378822326660156,29237200,0.0,0.0
2014-03-31 00:00:00-04:00,7.396986982983193,7.551393354794219,7.307975786308277,7.466015338897705,16544000,0.0,0.0
2014-04-01 00:00:00-04:00,7.456933208333783,7.758480302561763,7.436951059259174,7.734865665435791,17088400,0.0,0.0
2014-04-02 00:00:00-04:00,7.738499720837541,7.891089889361931,7.70761871543738,7.878374099731445,18085600,0.0,0.0
2014-04-03 00:00:00-04:00,7.903805055903827,8.076377363945431,7.8838235973158275,8.063661575317383,21476000,0.0,0.0
2014-04-04 00:00:00-04:00,8.2543998871659,8.26166625077933,7.696719299568758,7.782097339630127,27134000,0.0,0.0
2014-04-07 00:00:00-04:00,7.753032783996173,7.941954085210216,7.645856343207303,7.905622959136963,16592400,0.0,0.0
2014-04-08 00:00:00-04:00,7.914704983944788,8.010981871926587,7.885640223820554,7.945586681365967,15609600,0.0,0.0
2014-04-09 00:00:00-04:00,7.954669287042655,7.954669287042655,7.774830607408646,7.843859672546387,13522800,0.0,0.0
2014-04-10 00:00:00-04:00,7.843859522486158,7.901989041608434,7.47328331836275,7.48599910736084,23130400,0.0,0.0
2014-04-11 00:00:00-04:00,7.398804101526415,7.485998371640417,7.3116098314124125,7.36065673828125,13264400,0.0,0.0
2014-04-14 00:00:00-04:00,7.4224204784853,7.56047791904083,7.395171962066884,7.478733062744141,13408800,0.0,0.0
2014-04-15 00:00:00-04:00,7.502350665103744,7.604077705127484,7.4042568078978634,7.529599189758301,14148800,0.0,0.0
2014-04-16 00:00:00-04:00,7.600443009185978,7.6331409550783125,7.380640689655326,7.400622844696045,8252000,0.0,0.0
2014-04-17 00:00:00-04:00,7.375189547003845,7.555028224465831,7.289812204979983,7.533229827880859,9644000,0.0,0.0
2014-04-21 00:00:00-04:00,7.524147969434581,7.613159203066641,7.40607266342476,7.442403793334961,7421200,0.0,0.0
2014-04-22 00:00:00-04:00,7.42242109262862,7.778464615115427,7.42242109262862,7.678554534912109,11579600,0.0,0.0
2014-04-23 00:00:00-04:00,7.698536273121768,7.753032614561388,7.2443989395273025,7.249848365783691,14692800,0.0,0.0
2014-04-24 00:00:00-04:00,7.307976404657595,7.373372278285419,7.169918988188748,7.304343223571777,8976800,0.0,0.0
2014-04-25 00:00:00-04:00,7.211700838618232,7.2607477527306195,7.079092823258918,7.151754379272461,6581200,0.0,0.0
2014-04-28 00:00:00-04:00,7.195353869432948,7.3533935080211785,7.122691600241775,7.3279619216918945,7139200,0.0,0.0
2014-04-29 00:00:00-04:00,7.322508710931852,7.355206645878919,7.1989833329003545,7.329774379730225,7624000,0.0,0.0
2014-04-30 00:00:00-04:00,7.293446900359256,7.317061546161582,7.097259211499244,7.20806884765625,8044800,0.0,0.0
2014-05-01 00:00:00-04:00,7.244398109236964,7.298894444430685,7.12632213885182,7.131771564483643,8942000,0.0,0.0
2014-05-02 00:00:00-04:00,7.14630466714343,7.355208104859098,7.131771940747177,7.251664161682129,7522800,0.0,0.0
2014-05-05 00:00:00-04:00,7.151753774081551,7.171735925505892,6.9246851314567754,6.930135250091553,11861600,0.0,0.0
2014-05-06 00:00:00-04:00,6.962834181560548,6.968283608012809,6.833858647535341,6.841125011444092,9692000,0.0,0.0
2014-05-07 00:00:00-04:00,6.882905807133406,6.902887962107625,6.4796316044424636,6.5105133056640625,22162400,0.0,0.0
2014-05-08 00:00:00-04:00,6.499612545712325,6.683084395343529,6.483263575873489,6.543210029602051,11555200,0.0,0.0
2014-05-09 00:00:00-04:00,6.541394666370576,6.681269065767763,6.495980927330917,6.641305446624756,7016400,0.0,0.0
2014-05-12 00:00:00-04:00,6.64675513192216,6.775729989497964,6.639488767083292,6.688535690307617,7760800,0.0,0.0
2014-05-13 00:00:00-04:00,6.710331603762339,6.902886042843537,6.69579957243158,6.875637531280518,10346400,0.0,0.0
2014-05-14 00:00:00-04:00,6.839308232909493,6.846573903292312,6.608606394010188,6.623138427734375,8714400,0.0,0.0
2014-05-15 00:00:00-04:00,6.565008557539891,6.579541283449215,6.376087278469755,6.515961647033691,9629600,0.0,0.0
2014-05-16 00:00:00-04:00,6.437850835374946,6.581358404535565,6.434217653413571,6.57954216003418,7777600,0.0,0.0
2014-05-19 00:00:00-04:00,6.595891854887401,6.75211453858738,6.497798010060985,6.717600345611572,14664400,0.0,0.0
2014-05-20 00:00:00-04:00,6.6994325413205695,6.752111932804355,6.588622947479538,6.617687702178955,13653200,0.0,0.0
2014-05-21 00:00:00-04:00,6.621322342763943,6.777545693571144,6.621322342763943,6.710332870483398,10674800,0.0,0.0
2014-05-22 00:00:00-04:00,6.684900125385768,6.801159149538112,6.548658951527532,6.699432849884033,16339200,0.0,0.0
2014-05-23 00:00:00-04:00,7.0009821024332055,7.180820119066599,6.906521443077232,6.980999946594238,24071600,0.0,0.0
2014-05-27 00:00:00-04:00,7.030045850509954,7.093624798111322,6.7502970951468235,6.77391242980957,12504400,0.0,0.0
2014-05-28 00:00:00-04:00,6.773912588830569,6.951934339252106,6.681268185341066,6.94103479385376,11018400,0.0,0.0
2014-05-29 00:00:00-04:00,6.957383607079401,7.011879946913312,6.853840353507404,6.933768272399902,9859200,0.0,0.0
2014-05-30 00:00:00-04:00,6.9337670425204205,6.9591993100265075,6.857472318877461,6.875637531280518,9635600,0.0,0.0
2014-06-02 00:00:00-04:00,6.9049603057577205,6.9361129225069735,6.696052384569906,6.6997175216674805,8949200,0.0825,0.0
2014-06-03 00:00:00-04:00,6.679558931916031,6.732702365798864,6.5769372008719404,6.701549053192139,11521600,0.0,0.0
2014-06-04 00:00:00-04:00,6.6850574841569435,6.937946370788294,6.650239727649303,6.827994346618652,7606400,0.0,0.0
2014-06-05 00:00:00-04:00,6.826161086177123,6.838988715515468,6.672228835063612,6.723539352416992,6580400,0.0,0.0
2014-06-06 00:00:00-04:00,6.727204881446806,6.864644374416424,6.7235397444145395,6.831658840179443,7308000,0.0,0.0
2014-06-09 00:00:00-04:00,6.835322978466156,6.893963764307269,6.685055877366641,6.692386150360107,7674000,0.0,0.0
2014-06-10 00:00:00-04:00,6.696051841114428,6.848151173525493,6.653903816493208,6.833491325378418,8293200,0.0,0.0
2014-06-11 00:00:00-04:00,6.842654673295882,7.159681706078652,6.833492179676827,6.915956020355225,13596800,0.0,0.0
2014-06-12 00:00:00-04:00,6.881135823201282,6.89029831449983,6.63007992654402,6.652070045471191,10489600,0.0,0.0
2014-06-13 00:00:00-04:00,6.657568626641742,6.798672541729256,6.61175546746822,6.778515338897705,7460400,0.0,0.0
2014-06-16 00:00:00-04:00,6.752858857756532,6.915954278944088,6.741864147803475,6.912289142608643,7273600,0.0,0.0
2014-06-17 00:00:00-04:00,7.139522927856319,7.392411775335826,7.029571619762639,7.383249282836914,20228400,0.0,0.0
2014-06-18 00:00:00-04:00,7.3887470525352,7.3887470525352,7.227484519115614,7.330106258392334,11353600,0.0,0.0
2014-06-19 00:00:00-04:00,7.35026401831056,7.4070718933049005,7.273297540599004,7.322775840759277,9364800,0.0,0.0
2014-06-20 00:00:00-04:00,7.330106168606002,7.407071947830733,7.309948264793792,7.350264072418213,11714800,0.0,0.0
2014-06-23 00:00:00-04:00,7.346598998744577,7.432727970664859,7.297120697793782,7.403407573699951,6448000,0.0,0.0
2014-06-24 00:00:00-04:00,7.392410407938762,7.465711732478021,7.330104491796363,7.374085426330566,7699200,0.0,0.0
2014-06-25 00:00:00-04:00,7.3575923082462165,7.418065303877933,7.297118613561295,7.368587017059326,8234800,0.0,0.0
2014-06-26 00:00:00-04:00,7.374086812167984,7.4418900957246965,7.276962434042562,7.4345598220825195,7635600,0.0,0.0
2014-06-27 00:00:00-04:00,7.4089028305375635,7.5115245403659845,7.375917305916042,7.394242286682129,11698400,0.0,0.0
2014-06-30 00:00:00-04:00,7.408903743587381,7.474874800960486,7.381415569997489,7.416234016418457,6017600,0.0,0.0
2014-07-01 00:00:00-04:00,7.423562259856686,7.491366222813397,7.381414247211068,7.421730041503906,6431600,0.0,0.0
2014-07-02 00:00:00-04:00,7.440056560489467,7.551840777571189,7.423563795689651,7.489534854888916,6895200,0.0,0.0
2014-07-03 00:00:00-04:00,7.504196130555467,7.663625739752096,7.487703364152135,7.65263032913208,4632400,0.0,0.0
2014-07-07 00:00:00-04:00,7.614148283028916,7.6636265877135665,7.59582329568799,7.62147855758667,5614000,0.0,0.0
2014-07-08 00:00:00-04:00,7.597654497865858,7.639802522351304,7.513358448894966,7.630640029907227,10330000,0.0,0.0
2014-07-09 00:00:00-04:00,7.637968456283617,7.8542065811239965,7.592155306089523,7.658126354217529,10606400,0.0,0.0
2014-07-10 00:00:00-04:00,7.522521420807763,7.705774077582878,7.469377982570162,7.6562957763671875,8253200,0.0,0.0
2014-07-11 00:00:00-04:00,7.625143434824357,7.656296052052222,7.484038800140267,7.557340145111084,7210400,0.0,0.0
2014-07-14 00:00:00-04:00,7.667291187432922,7.709439214604789,7.597654982123424,7.6562957763671875,5525600,0.0,0.0
2014-07-15 00:00:00-04:00,7.639803468939946,7.6856166358900495,7.489536337267885,7.517024517059326,7142000,0.0,0.0
2014-07-16 00:00:00-04:00,7.562837352729444,7.6453011894381016,7.522521543882229,7.612315654754639,5677600,0.0,0.0
2014-07-17 00:00:00-04:00,7.630639134311809,7.700275327009766,7.535347686160205,7.559170722961426,9124000,0.0,0.0
2014-07-18 00:00:00-04:00,7.645300933250343,7.947667392312142,7.6049851257540775,7.8487114906311035,15965200,0.0,0.0
2014-07-21 00:00:00-04:00,7.801062622180275,7.92384221975721,7.769910017738053,7.852373123168945,10919200,0.0,0.0
2014-07-22 00:00:00-04:00,7.865202965149528,8.12358985837448,7.790069410789085,8.079608917236328,10909600,0.0,0.0
2014-07-23 00:00:00-04:00,8.158407203005263,8.372812445388,8.07960851587657,8.19505786895752,16192400,0.0,0.0
2014-07-24 00:00:00-04:00,8.204219971029275,8.466271276420017,8.204219971029275,8.447945594787598,17061600,0.0,0.0
2014-07-25 00:00:00-04:00,8.403965792350267,8.444281594976902,8.352655279227864,8.370980262756348,5972800,0.0,0.0
2014-07-28 00:00:00-04:00,8.403966724639234,8.530410802740711,8.403966724639234,8.444282531738281,6551600,0.0,0.0
2014-07-29 00:00:00-04:00,8.440619189799694,8.537742892225323,7.674622886341174,7.958664417266846,50204800,0.0,0.0
2014-07-30 00:00:00-04:00,8.04112578876385,8.154742226294141,7.8963560398950445,7.905518531799316,21596000,0.0,0.0
2014-07-31 00:00:00-04:00,7.870700974072302,7.8871937395218294,7.685615417466128,7.691113471984863,9102800,0.0,0.0
2014-08-01 00:00:00-04:00,7.694778355278465,7.799232300001643,7.524353350929423,7.55367374420166,9872000,0.0,0.0
2014-08-04 00:00:00-04:00,7.577495110304559,7.718599703265745,7.571997755725951,7.639801025390625,10934000,0.0,0.0
2014-08-05 00:00:00-04:00,7.6049856062793255,7.700277076075745,7.540847453076659,7.573832988739014,6903200,0.0,0.0
2014-08-06 00:00:00-04:00,7.518856264955886,7.663626031218488,7.489535867907433,7.604985237121582,6443600,0.0,0.0
2014-08-07 00:00:00-04:00,7.648965147638247,7.6874480324867145,7.485869718371923,7.489534854888916,4842000,0.0,0.0
2014-08-08 00:00:00-04:00,7.502362369097769,7.502362369097769,7.379583443385241,7.4583821296691895,7065200,0.0,0.0
2014-08-11 00:00:00-04:00,7.511526230027496,7.643467659139608,7.458382795177139,7.630640029907227,5984000,0.0,0.0
2014-08-12 00:00:00-04:00,7.6269762461562705,7.628809164402266,7.441891349359455,7.500532150268555,6754400,0.0,0.0
2014-08-13 00:00:00-04:00,7.551840054200338,7.581160444474454,7.407070321386095,7.575663089752197,5554000,0.0,0.0
2014-08-14 00:00:00-04:00,7.603151331400528,7.678284875859825,7.474874360626465,7.665457248687744,8917600,0.0,0.0
2014-08-15 00:00:00-04:00,7.672787703003908,7.67645283962436,7.2201541657046935,7.264134407043457,17036400,0.0,0.0
2014-08-18 00:00:00-04:00,7.341099214052141,7.465711034690005,7.320941316735254,7.449218273162842,10640800,0.0,0.0
2014-08-19 00:00:00-04:00,7.476708222578457,7.566502331573002,7.465713510616182,7.491368770599365,8368000,0.0,0.0
2014-08-20 00:00:00-04:00,7.487704012392484,7.5829954821889025,7.341102020033932,7.573832988739014,9188000,0.0,0.0
2014-08-21 00:00:00-04:00,7.636138891736497,7.647134304270174,7.386915832454667,7.419901371002197,19876000,0.0,0.0
2014-08-22 00:00:00-04:00,8.004477185436716,8.15474432837233,7.766248839250022,7.8615403175354,34313200,0.0,0.0
2014-08-25 00:00:00-04:00,7.986150688497314,7.986150688497314,7.674621048915692,7.771744728088379,13844400,0.0,0.0
2014-08-26 00:00:00-04:00,7.777242391179425,7.870701636274392,7.67828648920994,7.837716102600098,9614800,0.0,0.0
2014-08-27 00:00:00-04:00,7.874365640535016,7.900020896579375,7.801064309791165,7.878030776977539,4411200,0.0,0.0
2014-08-28 00:00:00-04:00,7.834050215560891,7.916514041851146,7.742423897250237,7.91101598739624,7231600,0.0,0.0
2014-08-29 00:00:00-04:00,7.929483540583211,7.9368702804860165,7.776212562010586,7.792832374572754,7246400,0.0825,0.0
2014-09-02 00:00:00-04:00,7.809451853199529,8.11599450167518,7.798371743819111,8.079061508178711,12292800,0.0,0.0
2014-09-03 00:00:00-04:00,8.125226445623955,8.139999922746316,8.018120849801322,8.038434028625488,6695600,0.0,0.0
2014-09-04 00:00:00-04:00,8.051362008979645,8.21571380343194,8.040282603456731,8.206480026245117,9081200,0.0,0.0
2014-09-05 00:00:00-04:00,8.182473981389123,8.356058139981004,8.082755107449024,8.354211807250977,11084800,0.0,0.0
2014-09-08 00:00:00-04:00,8.32835792692276,8.385604101688966,8.160313476831659,8.176933288574219,7970000,0.0,0.0
2014-09-09 00:00:00-04:00,8.152927878538128,8.176933726667112,7.951643794177777,7.970109939575195,10428400,0.0,0.0
2014-09-10 00:00:00-04:00,8.01996820531253,8.043974754371122,7.894396462535853,7.9664154052734375,8990400,0.0,0.0
2014-09-11 00:00:00-04:00,7.951643354210847,8.123381173770046,7.936869875159699,8.117840766906738,7767600,0.0,0.0
2014-09-12 00:00:00-04:00,8.130767000854902,8.199093283061147,8.02735546789537,8.053208351135254,6821600,0.0,0.0
2014-09-15 00:00:00-04:00,8.047668547567845,8.084600834909589,7.975648896599702,8.034741401672363,4722400,0.0,0.0
2014-09-16 00:00:00-04:00,8.023662674809545,8.392991214921025,7.994116419778158,8.28219223022461,10979200,0.0,0.0
2014-09-17 00:00:00-04:00,8.282190548150167,8.302503726440913,8.115993161516892,8.12891960144043,8987600,0.0,0.0
2014-09-18 00:00:00-04:00,8.125226171531663,8.19724510897832,8.036587425102077,8.167698860168457,7438400,0.0,0.0
2014-09-19 00:00:00-04:00,8.186165718882899,8.204631860253938,7.990421379934443,8.010734558105469,9978400,0.0,0.0
2014-09-22 00:00:00-04:00,8.001501487419949,8.025507330314673,7.944255322068704,8.010734558105469,5281200,0.0,0.0
2014-09-23 00:00:00-04:00,8.005195109277526,8.005195109277526,7.826071262359619,7.826071262359619,5280000,0.0,0.0
2014-09-24 00:00:00-04:00,7.8205292680577765,7.99226704534186,7.776210250690447,7.971953868865967,8474800,0.0,0.0
2014-09-25 00:00:00-04:00,8.001502426713309,8.066134633537237,7.766978740692139,7.766978740692139,8304000,0.0,0.0
2014-09-26 00:00:00-04:00,7.766978529559697,7.870390057666911,7.694958881064485,7.763285160064697,6391200,0.0,0.0
2014-09-29 00:00:00-04:00,7.7078862360421985,7.824224208325268,7.648793026954037,7.766978740692139,5400000,0.0,0.0
2014-09-30 00:00:00-04:00,7.755898429242875,7.781751311296906,7.606320134509724,7.6081671714782715,8336000,0.0,0.0
2014-10-01 00:00:00-04:00,7.5933924600793485,7.5970858289783205,7.438274488512951,7.4567413330078125,9305600,0.0,0.0
2014-10-02 00:00:00-04:00,7.445663828326115,7.5933951137218045,7.314552356564836,7.549076080322266,10038000,0.0,0.0
2014-10-03 00:00:00-04:00,7.5952396195894405,7.661718851969968,7.467820856047397,7.4715142250061035,7416400,0.0,0.0
2014-10-06 00:00:00-04:00,7.478901041298532,7.495520849567831,7.303469888331069,7.305316925048828,9934400,0.0,0.0
2014-10-07 00:00:00-04:00,7.283156760072117,7.392108680695514,7.201904754896645,7.203751087188721,10106400,0.0,0.0
2014-10-08 00:00:00-04:00,7.229606153483682,7.336711059349247,7.12804024563066,7.320091247558594,10581600,0.0,0.0
2014-10-09 00:00:00-04:00,7.305318746463651,7.360717886361124,7.035708377936254,7.072641372680664,9502400,0.0,0.0
2014-10-10 00:00:00-04:00,7.05602083845499,7.2886981884356885,7.052327468914544,7.074487686157227,12431200,0.0,0.0
2014-10-13 00:00:00-04:00,7.041247492217321,7.089259883462892,6.851042850759726,6.869509696960449,9831200,0.0,0.0
2014-10-14 00:00:00-04:00,6.886129506322022,6.934141897567593,6.808570161155296,6.869509696960449,12075200,0.0,0.0
2014-10-15 00:00:00-04:00,6.732859094638711,7.166820550480621,6.6146740749086135,7.102187633514404,14822800,0.0,0.0
2014-10-16 00:00:00-04:00,6.976615717991933,7.416116866672472,6.932296688802961,7.244379043579102,15447600,0.0,0.0
2014-10-17 00:00:00-04:00,7.3219384465480255,7.453049906662882,7.2757723799353355,7.3607177734375,16314400,0.0,0.0
2014-10-20 00:00:00-04:00,7.331170153389065,7.573079846537997,7.297930535264486,7.508447647094727,12018000,0.0,0.0
2014-10-21 00:00:00-04:00,7.5416881488857594,7.604474023317961,7.48259564405995,7.51768159866333,9868400,0.0,0.0
2014-10-22 00:00:00-04:00,7.536147884642463,7.602626419284801,7.489981824663018,7.497367858886719,6621200,0.0,0.0
2014-10-23 00:00:00-04:00,7.543533698039573,7.691265649199686,7.5232212239713006,7.619246006011963,5678800,0.0,0.0
2014-10-24 00:00:00-04:00,7.6303250433553185,7.8279156902115545,7.582312659069806,7.761436462402344,7592800,0.0,0.0
2014-10-27 00:00:00-04:00,7.755898752591298,7.83899780868528,7.676493066150186,7.720812797546387,8297200,0.0,0.0
2014-10-28 00:00:00-04:00,7.606320372809391,7.624787220882395,7.259152082295628,7.5767741203308105,16464800,0.0,0.0
2014-10-29 00:00:00-04:00,7.576773411374304,7.724505364382194,7.5379940907069045,7.669105529785156,6072400,0.0,0.0
2014-10-30 00:00:00-04:00,7.641407199722986,7.8205310511159505,7.641407199722986,7.77067232131958,5934800,0.0,0.0
2014-10-31 00:00:00-04:00,7.855615541492808,8.104911939378553,7.85376850493594,7.896241188049316,11985200,0.0,0.0
2014-11-03 00:00:00-05:00,7.896241737104401,7.966414337945799,7.826069840701099,7.8870086669921875,6033600,0.0,0.0
2014-11-04 00:00:00-05:00,7.853769261741825,7.9054757237459965,7.778056957689478,7.890702247619629,5909600,0.0,0.0
2014-11-05 00:00:00-05:00,8.036589610529886,8.09752845707993,7.887011289007964,7.947950839996338,5540000,0.0,0.0
2014-11-06 00:00:00-05:00,7.949795708204879,8.280344880054614,7.949795708204879,8.260031700134277,12739600,0.0,0.0
2014-11-07 00:00:00-05:00,8.248951645359504,8.269264825411993,8.058747694755676,8.067980766296387,9416400,0.0,0.0
2014-11-10 00:00:00-05:00,8.06613412501871,8.127072958405432,7.826070751958022,7.892549991607666,15391600,0.0,0.0
2014-11-11 00:00:00-05:00,7.9165564158940365,7.97934229078177,7.822377955781549,7.848230838775635,7190000,0.0,0.0
2014-11-12 00:00:00-05:00,7.8500772920270565,8.067981172666666,7.8500772920270565,8.016275405883789,9143200,0.0,0.0
2014-11-13 00:00:00-05:00,8.152926237650384,8.25449142577139,8.106760179010093,8.210171699523926,12180400,0.0,0.0
2014-11-14 00:00:00-05:00,8.042127832063064,8.215712675431035,7.922096493935675,8.199092864990234,11161200,0.0,0.0
2014-11-17 00:00:00-05:00,8.191707028038547,8.254492907235276,8.088294784526791,8.143693923950195,8082800,0.0,0.0
2014-11-18 00:00:00-05:00,8.143692373736698,8.199092207052601,8.040280854348387,8.12891960144043,8024400,0.0,0.0
2014-11-19 00:00:00-05:00,8.195399913392844,8.21017268762782,8.001502584655489,8.053208351135254,15128400,0.0,0.0
2014-11-20 00:00:00-05:00,8.156619262849025,8.254491790509032,7.990421867063181,8.10122013092041,23846000,0.0,0.0
2014-11-21 00:00:00-05:00,7.332778628262172,7.433253309509372,6.90483177934473,7.044379711151123,75044400,0.0825,0.0
2014-11-24 00:00:00-05:00,7.020189452301731,7.11322138362263,6.862035452967127,7.025771141052246,31472800,0.0,0.0
2014-11-25 00:00:00-05:00,7.090894532157621,7.1206647243641354,6.893666565178601,6.958789348602295,20687200,0.0,0.0
2014-11-26 00:00:00-05:00,6.9792544062323305,7.016467316615045,6.897386571212141,6.92157506942749,10280000,0.0,0.0
2014-11-28 00:00:00-05:00,6.9234355011576945,7.066704746961393,6.9234355011576945,7.035074234008789,7681600,0.0,0.0
2014-12-01 00:00:00-05:00,6.999721182250863,7.009024231923533,6.629454552927393,6.666667461395264,27137200,0.0,0.0
2014-12-02 00:00:00-05:00,6.698298241482568,6.837846121513454,6.568053411498295,6.612709045410156,14692400,0.0,0.0
2014-12-03 00:00:00-05:00,6.59782390881202,6.830403719837069,6.540144569935252,6.811797618865967,18127200,0.0,0.0
2014-12-04 00:00:00-05:00,6.813658622330509,6.910411918507487,6.724348051192682,6.897387504577637,12595600,0.0,0.0
2014-12-05 00:00:00-05:00,6.889944836818917,6.973673719762135,6.80621666365303,6.962509632110596,11269200,0.0,0.0
2014-12-08 00:00:00-05:00,6.9029698642660255,6.9029698642660255,6.469441380378509,6.547587871551514,18082800,0.0,0.0
2014-12-09 00:00:00-05:00,6.441530570812388,6.633176827367258,6.326171177489918,6.61829137802124,20448400,0.0,0.0
2014-12-10 00:00:00-05:00,6.463858027707031,6.497348865465391,6.199647009346106,6.201508045196533,21374000,0.0,0.0
2014-12-11 00:00:00-05:00,6.26104859036979,6.510374167963106,6.238720418207596,6.309424877166748,20112000,0.0,0.0
2014-12-12 00:00:00-05:00,6.272212432214779,6.326171120945865,6.002419698336631,6.009862422943115,23647600,0.0,0.0
2014-12-15 00:00:00-05:00,6.0675429198713555,6.236861013336728,5.955904171901789,6.1270833015441895,17962400,0.0,0.0
2014-12-16 00:00:00-05:00,6.0638202666387695,6.242441373638601,5.918690351034961,5.939157485961914,17685600,0.0,0.0
2014-12-17 00:00:00-05:00,5.974510360502131,6.089869749217049,5.93543676730676,6.082427024841309,14442400,0.0,0.0
2014-12-18 00:00:00-05:00,6.18662272403165,6.261048544472244,6.028468742816918,6.158712863922119,13588800,0.0,0.0
2014-12-19 00:00:00-05:00,6.227557729405395,6.419203281402588,6.1270830729151475,6.419203281402588,18333200,0.0,0.0
2014-12-22 00:00:00-05:00,6.787608632863691,6.809936094382774,6.296400220780632,6.3484978675842285,20784800,0.0,0.0
2014-12-23 00:00:00-05:00,6.380129113554249,6.534561728513916,6.348497892316549,6.443390846252441,15212400,0.0,0.0
2014-12-24 00:00:00-05:00,6.486185839798647,6.486185839798647,6.181041243350838,6.212671756744385,10998400,0.0,0.0
2014-12-26 00:00:00-05:00,6.248023905318333,6.335473424914443,6.175458413625917,6.261048316955566,15397600,0.0,0.0
2014-12-29 00:00:00-05:00,6.238720145768423,6.292678828138219,6.121500441033323,6.261048316955566,9599600,0.0,0.0
2014-12-30 00:00:00-05:00,6.223836414802488,6.391293467129292,6.177320448637712,6.294540882110596,8536400,0.0,0.0
2014-12-31 00:00:00-05:00,6.368965103117599,6.402456650811034,6.272211821978478,6.288957595825195,6459200,0.0,0.0
2015-01-02 00:00:00-05:00,6.337334591283364,6.355940691212065,6.186622626662906,6.288957595825195,6450800,0.0,0.0
2015-01-05 00:00:00-05:00,6.236860135669662,6.489907077058456,6.201508260831642,6.460136890411377,19739600,0.0,0.0
2015-01-06 00:00:00-05:00,6.543865699311281,6.7038807345248905,6.236860752245984,6.268491268157959,19540400,0.0,0.0
2015-01-07 00:00:00-05:00,6.380131190022062,6.452695996191513,6.136387229755177,6.195927619934082,10233200,0.0,0.0
2015-01-08 00:00:00-05:00,6.251745492152411,6.357801836928443,6.199647837813955,6.268491268157959,18189600,0.0,0.0
2015-01-09 00:00:00-05:00,6.249884297783185,6.272211759430415,5.970788542972582,6.004280090332031,16299600,0.0,0.0
2015-01-12 00:00:00-05:00,6.056378095750453,6.296400629434647,5.89636342818295,6.283376216888428,14482000,0.0,0.0
2015-01-13 00:00:00-05:00,6.363383812723219,6.530840851877067,6.084288037689545,6.0973124504089355,11729200,0.0,0.0
2015-01-14 00:00:00-05:00,6.92157593749527,6.949485091449604,6.668528966889658,6.737372398376465,29746400,0.0,0.0
2015-01-15 00:00:00-05:00,6.7038815254999555,6.8378477493506935,6.367106349109193,6.411761283874512,20556800,0.0,0.0
2015-01-16 00:00:00-05:00,6.6406184706934255,6.774584668202463,6.497349222752316,6.763420581817627,17027200,0.0,0.0
2015-01-20 00:00:00-05:00,6.759700741802144,6.83784722655537,6.55130869623887,6.7113237380981445,18146400,0.0,0.0
2015-01-21 00:00:00-05:00,6.636896324397975,6.902967652026242,6.59968412706641,6.854591369628906,11862400,0.0,0.0
2015-01-22 00:00:00-05:00,6.929018772785943,6.929018772785943,6.726209127801739,6.90669059753418,8621200,0.0,0.0
2015-01-23 00:00:00-05:00,6.875060461216043,6.977395452564853,6.7783071591005255,6.958789348602295,7202000,0.0,0.0
2015-01-26 00:00:00-05:00,6.956927581627725,7.1560158541810726,6.934600117262317,7.100196838378906,9706000,0.0,0.0
2015-01-27 00:00:00-05:00,7.096474959809771,7.256489980639514,6.994139986653637,7.122523784637451,8028000,0.0,0.0
2015-01-28 00:00:00-05:00,7.1634590715244055,7.312310027159055,6.966231111697656,6.997862339019775,11009200,0.0,0.0
2015-01-29 00:00:00-05:00,7.036935440600376,7.036935440600376,6.5996856341133965,6.748536586761475,13562400,0.0,0.0
2015-01-30 00:00:00-05:00,6.6685278431074,6.716904127675584,6.523398279625648,6.558750152587891,12139200,0.0,0.0
2015-02-02 00:00:00-05:00,6.532701666393614,6.871337805172508,6.422923970210748,6.852731704711914,9705200,0.0,0.0
2015-02-03 00:00:00-05:00,6.845289413790354,7.05554105945339,6.770863587683803,6.9773945808410645,5846400,0.0,0.0
2015-02-04 00:00:00-05:00,6.915993277005096,6.96250924161162,6.63503716308369,6.815519332885742,8152400,0.0,0.0
2015-02-05 00:00:00-05:00,6.835987819688498,6.936461783632409,6.746676525417905,6.828545093536377,5452400,0.0,0.0
2015-02-06 00:00:00-05:00,6.8769193307167775,6.956926838404184,6.78016604909998,6.8397064208984375,5929200,0.0,0.0
2015-02-09 00:00:00-05:00,6.798773084693145,6.992279654353324,6.795051722609998,6.917853832244873,6226000,0.0,0.0
2015-02-10 00:00:00-05:00,6.919714241999132,7.0946147131339,6.886222692623421,7.077868938446045,9737600,0.0,0.0
2015-02-11 00:00:00-05:00,7.085311346796073,7.105777772922266,6.932738345455325,6.981115341186523,5919200,0.0,0.0
2015-02-12 00:00:00-05:00,6.996001186258033,7.027632413053115,6.884363148836481,6.93087911605835,4923600,0.0,0.0
2015-02-13 00:00:00-05:00,6.891805010426456,7.051820031184895,6.860173787594622,6.949484348297119,6658800,0.0,0.0
2015-02-17 00:00:00-05:00,6.949484884488154,7.109499917592634,6.847149903481913,6.951345920562744,5420400,0.0,0.0
2015-02-18 00:00:00-05:00,6.882502326843629,6.986697631660062,6.809936826989966,6.9773945808410645,4199600,0.0,0.0
2015-02-19 00:00:00-05:00,7.012748062425237,7.012748062425237,6.8936672812301465,6.982977867126465,3096000,0.0,0.0
2015-02-20 00:00:00-05:00,7.00716591266232,7.07787038802241,6.960649941200202,6.9755353927612305,5183600,0.0,0.0
2015-02-23 00:00:00-05:00,7.059262045577171,7.06856580567769,6.886222612410695,6.949484348297119,4601600,0.0,0.0
2015-02-24 00:00:00-05:00,7.00716367918042,7.031352175368487,6.867615809273924,6.910410404205322,3007200,0.0,0.0
2015-02-25 00:00:00-05:00,6.949485863917978,7.036936117538836,6.869478336089831,6.936461448669434,4074000,0.0,0.0
2015-02-26 00:00:00-05:00,6.930877870629323,6.973672467610279,6.852731400432064,6.889943599700928,4559200,0.0,0.0
2015-02-27 00:00:00-05:00,6.904829188923867,7.018328244443741,6.82668200734575,6.878780364990234,5850800,0.0,0.0
2015-03-02 00:00:00-05:00,6.878782704216927,7.237886092910947,6.878782704216927,7.1950907707214355,9590000,0.0,0.0
2015-03-03 00:00:00-05:00,7.249047611004633,7.303006299230847,7.170901132699587,7.1969499588012695,4709600,0.0,0.0
2015-03-04 00:00:00-05:00,7.289982794156808,7.526284004303696,7.20439358065467,7.448136806488037,8379200,0.0,0.0
2015-03-05 00:00:00-05:00,7.438833588065472,7.546750975543954,7.355104702914468,7.442554950714111,4857200,0.0,0.0
2015-03-06 00:00:00-05:00,7.409063105191513,7.550472041167567,7.409063105191513,7.472324848175049,4742000,0.0,0.0
2015-03-09 00:00:00-04:00,7.464881844624522,7.716068480823376,7.4072025024352754,7.596987724304199,6152400,0.0,0.0
2015-03-10 00:00:00-04:00,7.54116698796128,7.658387402477497,7.463020518135269,7.56349515914917,5972400,0.0,0.0
2015-03-11 00:00:00-04:00,7.684437034385884,7.939344315831967,7.278817775559535,7.345800876617432,7636400,0.0,0.0
2015-03-12 00:00:00-04:00,7.433252970964955,7.4816292728191325,7.267656212994468,7.3830156326293945,4531600,0.0,0.0
2015-03-13 00:00:00-04:00,7.555760404824535,7.677808783664462,7.503185046357759,7.6421332359313965,7166400,0.09,0.0
2015-03-16 00:00:00-04:00,7.647767587727715,7.751039534345461,7.632746565300588,7.7153639793396,4221200,0.0,0.0
2015-03-17 00:00:00-04:00,7.7285057014606755,7.754793021312719,7.606456612118196,7.681563854217529,3508000,0.0,0.0
2015-03-18 00:00:00-04:00,7.653398573696736,7.764181363496595,7.540738425140433,7.72099494934082,4463200,0.0,0.0
2015-03-19 00:00:00-04:00,7.71348698311381,7.730385365536044,7.625236054770362,7.659034252166748,3588400,0.0,0.0
2015-03-20 00:00:00-04:00,7.670297502270317,7.7341384427496305,7.610211995498696,7.683441162109375,9629200,0.0,0.0
2015-03-23 00:00:00-04:00,7.711607496052252,7.835533958397416,7.6515219819622216,7.762304782867432,7013600,0.0,0.0
2015-03-24 00:00:00-04:00,7.751037587580178,7.797979434823325,7.679686495489131,7.681563854217529,10312000,0.0,0.0
2015-03-25 00:00:00-04:00,7.6815642609255885,7.737894337344668,7.47314233352679,7.475020408630371,8285200,0.0,0.0
2015-03-26 00:00:00-04:00,7.414934651649881,7.473142084960705,7.244066352972358,7.283497333526611,19414000,0.0,0.0
2015-03-27 00:00:00-04:00,7.073196461572685,7.283496431021756,6.973679984997676,7.202756404876709,21983200,0.0,0.0
2015-03-30 00:00:00-04:00,7.210267844669751,7.229044296592167,7.043154270947048,7.0769524574279785,11960400,0.0,0.0
2015-03-31 00:00:00-04:00,7.018745072924626,7.238432570221688,6.988702319885479,7.127649784088135,8458800,0.0,0.0
2015-04-01 00:00:00-04:00,7.10887282305945,7.229043826612008,7.009356345044178,7.093851089477539,9859600,0.0,0.0
2015-04-02 00:00:00-04:00,7.146425963985142,7.287251483680214,7.112627781956274,7.172713279724121,4690400,0.0,0.0
2015-04-06 00:00:00-04:00,7.1351614038523765,7.208390577340417,7.07507589143779,7.204635143280029,5935600,0.0,0.0
2015-04-07 00:00:00-04:00,7.204634520706233,7.2290444818515125,7.120139052338534,7.131405353546143,5328400,0.0,0.0
2015-04-08 00:00:00-04:00,7.097607701027928,7.281619670296987,7.086342115247166,7.2684760093688965,6596800,0.0,0.0
2015-04-09 00:00:00-04:00,7.277864094535024,7.5106959852387725,7.200879489337359,7.508818626403809,7646400,0.0,0.0
2015-04-10 00:00:00-04:00,7.544493501641188,7.587679913751765,7.428077924809385,7.5858025550842285,5076000,0.0,0.0
2015-04-13 00:00:00-04:00,7.585802453583085,7.660908975966893,7.409300657615925,7.58955717086792,7375600,0.0,0.0
2015-04-14 00:00:00-04:00,7.557637161141115,7.6083344404732856,7.450609810198442,7.5858025550842285,5990400,0.0,0.0
2015-04-15 00:00:00-04:00,7.619600853623465,7.690951944453194,7.503184558799889,7.6778082847595215,9188400,0.0,0.0
2015-04-16 00:00:00-04:00,7.687196254730225,7.754792625917929,7.638377051247832,7.687196254730225,5828800,0.0,0.0
2015-04-17 00:00:00-04:00,7.64401020583061,7.651521073268832,7.409300970454265,7.446854591369629,6248400,0.0,0.0
2015-04-20 00:00:00-04:00,7.471265682950756,7.593314074049256,7.465632173381762,7.57078218460083,5238400,0.0,0.0
2015-04-21 00:00:00-04:00,7.5933129164940905,7.602701858919176,7.459998242856479,7.525717258453369,5508000,0.0,0.0
2015-04-22 00:00:00-04:00,7.51069494509974,7.578291314209747,7.435587709138468,7.555759429931641,3904400,0.0,0.0
2015-04-23 00:00:00-04:00,7.557638522732928,7.612091245486153,7.5200848961349855,7.57078218460083,3466400,0.0,0.0
2015-04-24 00:00:00-04:00,7.567025467832008,7.655276367938777,7.5369827149005575,7.644010066986084,3487200,0.0,0.0
2015-04-27 00:00:00-04:00,7.647765559112428,7.700340198075525,7.557637299628947,7.563270092010498,4195200,0.0,0.0
2015-04-28 00:00:00-04:00,7.544493790346538,7.598946505373248,7.428078209059856,7.583924770355225,3791200,0.0,0.0
2015-04-29 00:00:00-04:00,7.523840429606721,7.612091345833892,7.352972106795639,7.38489294052124,4985200,0.0,0.0
2015-04-30 00:00:00-04:00,7.366115791783575,7.384892963526499,7.21402392390727,7.236556529998779,4542800,0.0,0.0
2015-05-01 00:00:00-04:00,7.2534540675034345,7.35860334156148,7.221533240538879,7.3548479080200195,3079200,0.0,0.0
2015-05-04 00:00:00-04:00,7.381136784280675,7.5407387884714066,7.341705085737874,7.533227920532227,3512000,0.0,0.0
2015-05-05 00:00:00-04:00,7.497551457416039,7.5651478280692634,7.461875913471594,7.514450550079346,4387600,0.0,0.0
2015-05-06 00:00:00-04:00,7.491919662646967,7.491919662646967,7.275986862789351,7.347338676452637,5807600,0.0,0.0
2015-05-07 00:00:00-04:00,7.349215044951328,7.439343300249818,7.223411245766676,7.418688774108887,6820400,0.0,0.0
2015-05-08 00:00:00-04:00,7.480651739185446,7.604578169594479,7.458119856277161,7.546370029449463,4222000,0.0,0.0
2015-05-11 00:00:00-04:00,7.527595551394583,7.6027028024620975,7.461877243917382,7.46563196182251,4075600,0.0,0.0
2015-05-12 00:00:00-04:00,7.416812349274274,7.476897860371395,7.326684082628593,7.332316875457764,5334400,0.0,0.0
2015-05-13 00:00:00-04:00,7.336072728604378,7.394280884176271,7.232800795272687,7.360482692718506,6279200,0.0,0.0
2015-05-14 00:00:00-04:00,7.3942796020674955,7.398035035608956,7.275985952476486,7.3548479080200195,2988800,0.0,0.0
2015-05-15 00:00:00-04:00,7.354847648696163,7.527594004133933,7.341703989902339,7.521961212158203,5546800,0.0,0.0
2015-05-18 00:00:00-04:00,7.529471395952214,7.56890308878351,7.454364876266629,7.555759429931641,4638800,0.0,0.0
2015-05-19 00:00:00-04:00,7.582047105670041,7.5914353315396035,7.516328092031665,7.56890344619751,4007600,0.0,0.0
2015-05-20 00:00:00-04:00,7.548248359451726,7.572658317921987,7.450609241846352,7.53698205947876,4026000,0.0,0.0
2015-05-21 00:00:00-04:00,7.591434886727451,7.683440497644198,7.55763670255682,7.655275821685791,5148000,0.0,0.0
2015-05-22 00:00:00-04:00,7.653400690404018,7.694709757228231,7.582049577513409,7.660911560058594,4556400,0.0,0.0
2015-05-26 00:00:00-04:00,7.640256659103882,7.694709387066119,7.482531985325072,7.544495582580566,4948400,0.0,0.0
2015-05-27 00:00:00-04:00,7.613968452929517,7.627112114535783,7.398036357772395,7.411180019378662,7198800,0.0,0.0
2015-05-28 00:00:00-04:00,7.429955475183837,7.75854840371177,7.418689174060756,7.683441162109375,15432800,0.0,0.0
2015-05-29 00:00:00-04:00,8.258011184319999,8.353772971242567,8.096531085804196,8.150983810424805,34731200,0.0,0.0
2015-06-01 00:00:00-04:00,8.212945892324042,8.280541550546761,7.963214921679806,8.162248611450195,13171200,0.0,0.0
2015-06-02 00:00:00-04:00,8.14722764012429,8.340627839295156,8.030812048841655,8.256133079528809,9230000,0.0,0.0
2015-06-03 00:00:00-04:00,8.25988764897071,8.31997315536083,8.186657766549246,8.209190368652344,7961200,0.0,0.0
2015-06-04 00:00:00-04:00,8.289931012102645,8.348138447795622,8.237355652936222,8.265521049499512,7472000,0.0,0.0
2015-06-05 00:00:00-04:00,8.280540738511172,8.308706130548725,8.184779694879703,8.28805160522461,5970000,0.0,0.0
2015-06-08 00:00:00-04:00,8.333487902534321,8.382708548709804,8.144176502809778,8.149855613708496,5908000,0.09,0.0
2015-06-09 00:00:00-04:00,8.163107981003627,8.225581094351421,8.119566442382014,8.1214599609375,5136800,0.0,0.0
2015-06-10 00:00:00-04:00,8.168784910472246,8.231257279445154,8.083594659904207,8.111990928649902,7138800,0.0,0.0
2015-06-11 00:00:00-04:00,8.180145617756184,8.278587634787728,8.093062544977943,8.140390396118164,7231600,0.0,0.0
2015-06-12 00:00:00-04:00,8.125244639333305,8.191504060169754,8.081703105611687,8.132817268371582,5338800,0.0,0.0
2015-06-15 00:00:00-04:00,8.115780152560436,8.191505007368105,8.011659018824192,8.049521446228027,7436800,0.0,0.0
2015-06-16 00:00:00-04:00,8.030587490515055,8.074129738527683,7.945397956820799,8.047625541687012,5532000,0.0,0.0
2015-06-17 00:00:00-04:00,8.049521970239196,8.1839329102153,7.985156056112278,8.14607048034668,8661200,0.0,0.0
2015-06-18 00:00:00-04:00,8.178252695064877,8.214221601395879,8.11388678962235,8.176359176635742,8083200,0.0,0.0
2015-06-19 00:00:00-04:00,8.216115538935231,8.295625985038287,8.140390685552177,8.157428741455078,9357200,0.0,0.0
2015-06-22 00:00:00-04:00,8.187719693842075,8.352420442702526,8.142284630967215,8.308878898620605,10163600,0.0,0.0
2015-06-23 00:00:00-04:00,8.335380742442476,8.433822757474797,8.299411836286039,8.39785385131836,7034000,0.0,0.0
2015-06-24 00:00:00-04:00,8.365671359014696,8.613669578281142,8.35999224752865,8.433823585510254,9687600,0.0,0.0
2015-06-25 00:00:00-04:00,8.4395019336357,8.46789820823335,8.263442286900887,8.265335083007812,6468400,0.0,0.0
2015-06-26 00:00:00-04:00,8.28805223303334,8.356204447416879,8.210434593800008,8.337273597717285,7603600,0.0,0.0
2015-06-29 00:00:00-04:00,8.27858822964585,8.316450657711773,8.094955922933863,8.09684944152832,4458800,0.0,0.0
2015-06-30 00:00:00-04:00,8.155535155486415,8.178252320435595,8.096848363688244,8.132817268371582,4470800,0.0,0.0
2015-07-01 00:00:00-04:00,8.187716311367495,8.407317459849343,8.170678260098839,8.3524169921875,6925600,0.0,0.0
2015-07-02 00:00:00-04:00,8.293733455849042,8.424358073868685,8.235046656478378,8.246405601501465,4818400,0.0,0.0
2015-07-06 00:00:00-04:00,8.163108767479299,8.395961742802552,8.134712485902787,8.39028263092041,6026800,0.0,0.0
2015-07-07 00:00:00-04:00,8.384602129373588,8.71778987760973,8.33538076066697,8.714003562927246,9638800,0.0,0.0
2015-07-08 00:00:00-04:00,8.66478345852522,8.75186653517394,8.611776493985255,8.659104347229004,9792000,0.0,0.0
2015-07-09 00:00:00-04:00,8.784050267417784,8.914674888584672,8.685608241343092,8.878705978393555,10862400,0.0,0.0
2015-07-10 00:00:00-04:00,8.952536395276338,8.962001820965803,8.784049362640541,8.890063285827637,5966000,0.0,0.0
2015-07-13 00:00:00-04:00,8.937391362587771,9.022581640279935,8.86734634411453,8.963894844055176,6607200,0.0,0.0
2015-07-14 00:00:00-04:00,8.93928524228774,8.982826781052985,8.755652938749579,8.846522331237793,10610800,0.0,0.0
2015-07-15 00:00:00-04:00,8.869239083519846,8.897636083290246,8.77458338050612,8.787835121154785,5383200,0.0,0.0
2015-07-16 00:00:00-04:00,8.799193817642827,9.041512179439383,8.742400541867468,8.941177368164062,10452000,0.0,0.0
2015-07-17 00:00:00-04:00,8.941176800417887,9.001756387020349,8.780262408911156,8.835162162780762,5317200,0.0,0.0
2015-07-20 00:00:00-04:00,8.802981554803097,8.888171843314996,8.736722842719285,8.86545467376709,5273200,0.0,0.0
2015-07-21 00:00:00-04:00,8.844629180257673,8.890063513597434,8.751866272926621,8.886277198791504,5106000,0.0,0.0
2015-07-22 00:00:00-04:00,8.854095222702743,8.99607878806584,8.784050199330025,8.93549919128418,6506800,0.0,0.0
2015-07-23 00:00:00-04:00,8.941177680228948,9.015009013530342,8.820018495101973,8.886277198791504,3849200,0.0,0.0
2015-07-24 00:00:00-04:00,8.897636263052592,8.91278152248031,8.58148655523899,8.611776351928711,8122800,0.0,0.0
2015-07-27 00:00:00-04:00,8.594737008256876,8.674247441840821,8.500081317514688,8.579591751098633,6295200,0.0,0.0
2015-07-28 00:00:00-04:00,8.61366831425423,8.659103365972411,8.467898456122358,8.572019577026367,4929600,0.0,0.0
2015-07-29 00:00:00-04:00,8.602309951342274,8.68750022770972,8.55498210026766,8.683713912963867,4004800,0.0,0.0
2015-07-30 00:00:00-04:00,8.660996438224753,8.793514560947665,8.600416848779822,8.738614082336426,3734400,0.0,0.0
2015-07-31 00:00:00-04:00,8.757544512637438,8.797300453060968,8.638278857863753,8.679926872253418,4383200,0.0,0.0
2015-08-03 00:00:00-04:00,8.704537736678143,8.742400159594691,8.488722864869159,8.509547233581543,4821200,0.0,0.0
2015-08-04 00:00:00-04:00,8.46411277562289,8.642065959168951,8.426250350049322,8.626920700073242,7212400,0.0,0.0
2015-08-05 00:00:00-04:00,8.64774318778214,8.827589128482948,8.640170559882717,8.782154083251953,4967600,0.0,0.0
2015-08-06 00:00:00-04:00,8.749973275860828,8.768904127290458,8.503867874281497,8.585271835327148,4446800,0.0,0.0
2015-08-07 00:00:00-04:00,8.583378456498245,8.59663019603273,8.452753857301607,8.55119514465332,3788400,0.0,0.0
2015-08-10 00:00:00-04:00,8.685606437191883,8.715896229525784,8.583378117252865,8.672354698181152,4864800,0.0,0.0
2015-08-11 00:00:00-04:00,8.600415880414525,8.670460887417434,8.519011930857529,8.655316352844238,4988800,0.0,0.0
2015-08-12 00:00:00-04:00,8.581486160179765,8.687500082630446,8.448968034950727,8.636385917663574,5104400,0.0,0.0
2015-08-13 00:00:00-04:00,8.642067207760892,8.873026665013475,8.630708261797988,8.727256774902344,4406400,0.0,0.0
2015-08-14 00:00:00-04:00,8.812448018621977,9.0547671702471,8.812448018621977,8.980935096740723,9747600,0.0,0.0
2015-08-17 00:00:00-04:00,8.980933386145294,8.986613219742953,8.795408283656734,8.888171195983887,4342400,0.0,0.0
2015-08-18 00:00:00-04:00,8.905208796012777,9.032047092596118,8.878705314467943,8.895743370056152,6476000,0.0,0.0
2015-08-19 00:00:00-04:00,8.865452782457126,8.929817962083893,8.659103337490183,8.793514251708984,7016000,0.0,0.0
2015-08-20 00:00:00-04:00,8.643958317536976,8.708324221101307,8.554981730271841,8.562554359436035,6032000,0.0,0.0
2015-08-21 00:00:00-04:00,8.475470814582028,8.729148100011331,8.450860132263303,8.48682975769043,8100800,0.0,0.0
2015-08-24 00:00:00-04:00,7.924575024978521,8.358098288183594,7.318778423063727,8.132817268371582,9250800,0.0,0.0
2015-08-25 00:00:00-04:00,8.344848534028236,8.458435107966652,8.191506009262133,8.308878898620605,18920400,0.0,0.0
2015-08-26 00:00:00-04:00,8.458433074179478,8.619347468928824,8.335380380195401,8.587164878845215,15134400,0.0,0.0
2015-08-27 00:00:00-04:00,8.748079052532864,8.897635222139645,8.602309197340062,8.746186256408691,11679600,0.0,0.0
2015-08-28 00:00:00-04:00,8.45464773828559,8.507654703224983,7.863996327559231,8.043842315673828,33722000,0.0,0.0
2015-08-31 00:00:00-04:00,8.002193097143026,8.066559003095286,7.8658886557933725,8.041948318481445,9861200,0.0,0.0
2015-09-01 00:00:00-04:00,7.862101822247911,7.979475404404896,7.708760058014319,7.795843124389648,9354400,0.0,0.0
2015-09-02 00:00:00-04:00,7.890499901709173,7.96622475721593,7.784485248432862,7.9151105880737305,10147600,0.0,0.0
2015-09-03 00:00:00-04:00,7.951078724341793,8.098741383843697,7.863995654490192,7.896178245544434,8372800,0.0,0.0
2015-09-04 00:00:00-04:00,7.867535467475352,7.936281038295861,7.773964945313426,7.8770833015441895,6127600,0.09,0.0
2015-09-08 00:00:00-04:00,8.014574506874812,8.014574506874812,7.783512841235685,7.980201721191406,8708000,0.0,0.0
2015-09-09 00:00:00-04:00,8.026031616467247,8.06613368539992,7.953467494204991,7.980201721191406,5874800,0.0,0.0
2015-09-10 00:00:00-04:00,7.9553763238634385,8.19025652723621,7.924822819240632,8.087138175964355,5733200,0.0,0.0
2015-09-11 00:00:00-04:00,8.064222866399092,8.18643687938582,7.959195244516933,8.16925048828125,6061600,0.0,0.0
2015-09-14 00:00:00-04:00,8.180708539598184,8.249454105818396,8.069951632142734,8.243724822998047,5638800,0.0,0.0
2015-09-15 00:00:00-04:00,8.260910918395005,8.272368755171936,8.165431130612824,8.211261749267578,4498400,0.0,0.0
2015-09-16 00:00:00-04:00,8.201715943065151,8.430867636063102,8.192168107617976,8.398404121398926,6159200,0.0,0.0
2015-09-17 00:00:00-04:00,8.400313150839237,8.484335112859393,8.186437873682918,8.32774829864502,6796400,0.0,0.0
2015-09-18 00:00:00-04:00,8.239905895899692,8.322018570860587,8.064222709313722,8.071861267089844,8250400,0.0,0.0
2015-09-21 00:00:00-04:00,8.157794140342366,8.17879981236761,7.913365363129505,7.966834545135498,6620000,0.0,0.0
2015-09-22 00:00:00-04:00,7.8789928060140255,7.974472606384038,7.83125290582902,7.89617919921875,4002800,0.0,0.0
2015-09-23 00:00:00-04:00,7.8713534966674485,7.9400990565698075,7.762506602973022,7.844619274139404,3140800,0.0,0.0
2015-09-24 00:00:00-04:00,7.779693879273486,7.922913569235823,7.754868929046504,7.86753511428833,5456800,0.0,0.0
2015-09-25 00:00:00-04:00,7.888540094172152,7.993567711918042,7.724314747519002,7.829342365264893,6662800,0.0,0.0
2015-09-28 00:00:00-04:00,7.798789914851493,7.842710534433065,7.626925987399217,7.695671558380127,6852800,0.0,0.0
2015-09-29 00:00:00-04:00,7.676576034105576,7.812157174718997,7.573457675701118,7.720496654510498,8432000,0.0,0.0
2015-09-30 00:00:00-04:00,7.8312518328269,7.890449563188411,7.754868440068432,7.869443893432617,6866400,0.0,0.0
2015-10-01 00:00:00-04:00,7.886632041287907,7.94964906459439,7.602102619715654,7.7376837730407715,7833600,0.0,0.0
2015-10-02 00:00:00-04:00,7.691851879630647,7.934370640907328,7.640292704072328,7.924822807312012,5966400,0.0,0.0
2015-10-05 00:00:00-04:00,7.943916761581998,8.14251486273476,7.930549651740259,8.111961364746094,7671600,0.0,0.0
2015-10-06 00:00:00-04:00,8.10432305632177,8.302921163556382,8.09859450291498,8.2761869430542,7518000,0.0,0.0
2015-10-07 00:00:00-04:00,8.293374995872481,8.365939843548436,8.138697466775769,8.295284271240234,4901600,0.0,0.0
2015-10-08 00:00:00-04:00,8.218902338251326,8.467149702143626,8.218902338251326,8.398404121398926,4536400,0.0,0.0
2015-10-09 00:00:00-04:00,8.34875268450535,8.490062359234923,8.2991027880684,8.480514526367188,3824800,0.0,0.0
2015-10-12 00:00:00-04:00,8.455689566017467,8.524435128091259,8.371667617067805,8.390763282775879,2991600,0.0,0.0
2015-10-13 00:00:00-04:00,8.346843238818655,8.432775197278447,8.287646234009802,8.310561180114746,3242000,0.0,0.0
2015-10-14 00:00:00-04:00,8.299104299496664,8.348754204975826,8.159703874571928,8.220810890197754,3027600,0.0,0.0
2015-10-15 00:00:00-04:00,8.260912613466479,8.396494493561724,8.182619200558044,8.388855934143066,3522000,0.0,0.0
2015-10-16 00:00:00-04:00,8.455690880915345,8.495792950663077,8.323929018752983,8.490063667297363,3594000,0.0,0.0
2015-10-19 00:00:00-04:00,8.490062057536854,8.581722561025233,8.404130107874956,8.539711952209473,3046400,0.0,0.0
2015-10-20 00:00:00-04:00,8.55117002174558,8.711576103006847,8.541622188143139,8.612277030944824,6144800,0.0,0.0
2015-10-21 00:00:00-04:00,8.646647948906852,8.824240383712915,8.618004454280202,8.791777610778809,4631600,0.0,0.0
2015-10-22 00:00:00-04:00,8.81851446955794,9.026660464661786,8.705848275355804,8.971282005310059,6262000,0.0,0.0
2015-10-23 00:00:00-04:00,9.093495365180118,9.093495365180118,8.610367841251445,8.660017013549805,9208400,0.0,0.0
2015-10-26 00:00:00-04:00,8.663835611567146,8.694389114068557,8.469056759950792,8.530163764953613,5856400,0.0,0.0
2015-10-27 00:00:00-04:00,8.539711936820288,8.575993991744182,8.316288868101982,8.449960708618164,4584000,0.0,0.0
2015-10-28 00:00:00-04:00,8.49006283551267,8.72494303380951,8.457600056250675,8.698208808898926,3632000,0.0,0.0
2015-10-29 00:00:00-04:00,8.715395513712128,8.818513866462476,8.663836337336955,8.72876262664795,2984400,0.0,0.0
2015-10-30 00:00:00-04:00,8.768861158200508,8.88916586456168,8.702025614918073,8.797505378723145,4879200,0.0,0.0
2015-11-02 00:00:00-05:00,8.78987059111082,8.87771256509449,8.702029345580248,8.818514823913574,3821200,0.0,0.0
2015-11-03 00:00:00-05:00,8.84142952083875,8.936909322853104,8.797508899326514,8.927361488342285,5713200,0.0,0.0
2015-11-04 00:00:00-05:00,8.92354101006716,8.996105853816639,8.90253533989339,8.946455955505371,5235600,0.0,0.0
2015-11-05 00:00:00-05:00,8.965552124030522,9.00565345964806,8.84142810983952,8.963642120361328,3947600,0.0,0.0
2015-11-06 00:00:00-05:00,8.927361074175412,9.0667614912348,8.850976944726382,8.940728187561035,7676800,0.0,0.0
2015-11-09 00:00:00-05:00,8.931180348460387,8.940728182522875,8.675294461939291,8.688661575317383,6093200,0.0,0.0
2015-11-10 00:00:00-05:00,8.677202407048672,8.824241360117835,8.640920351792488,8.772682189941406,6072800,0.0,0.0
2015-11-11 00:00:00-05:00,8.799418913832184,8.841429531420687,8.484335275426467,8.512979507446289,7525200,0.0,0.0
2015-11-12 00:00:00-05:00,8.490061349052533,8.554987624662074,8.377395186331649,8.50342845916748,7546000,0.0,0.0
2015-11-13 00:00:00-05:00,7.626924974051679,7.657478476155603,7.078871211364376,7.099876880645752,38060800,0.0,0.0
2015-11-16 00:00:00-05:00,7.065504205530961,7.29274583530362,7.05595637256543,7.273650169372559,10280000,0.0,0.0
2015-11-17 00:00:00-05:00,7.31375218575567,7.31375218575567,7.046409195568355,7.096058368682861,10395200,0.0,0.0
2015-11-18 00:00:00-05:00,7.174351796331434,7.2679223167112355,7.109425506065642,7.220182418823242,9136800,0.0,0.0
2015-11-19 00:00:00-05:00,7.18963011695854,7.439786757561436,7.160985882049082,7.344306945800781,8218800,0.0,0.0
2015-11-20 00:00:00-05:00,7.466517768723765,7.594461040109275,7.365309445003723,7.497071266174316,11176800,0.0,0.0
2015-11-23 00:00:00-05:00,6.3284005640377785,7.197266534722726,6.301666338547936,7.181990146636963,67735200,0.0,0.0
2015-11-24 00:00:00-05:00,6.872634427983236,7.300383406010158,6.861176592901977,7.23927640914917,21452000,0.0,0.0
2015-11-25 00:00:00-05:00,7.216362747572414,7.26219263912163,6.989120379759826,6.996758937835693,8231600,0.0,0.0
2015-11-27 00:00:00-05:00,7.04258922884605,7.055956340627882,6.836352541149868,6.876453876495361,4770000,0.0,0.0
2015-11-30 00:00:00-05:00,6.790523929919484,6.8420831115484955,6.6644906176440415,6.689314842224121,12892400,0.0,0.0
2015-12-01 00:00:00-05:00,6.7626322499973845,6.785785136285356,6.608278448049266,6.695102691650391,8725200,0.09,0.0
2015-12-02 00:00:00-05:00,6.695102849230033,6.7221146732045955,6.533031169365653,6.5349602699279785,11470800,0.0,0.0
2015-12-03 00:00:00-05:00,6.531101014728006,6.531101014728006,6.21081660773844,6.324652671813965,14872000,0.0,0.0
2015-12-04 00:00:00-05:00,6.322724237446927,6.434630476826469,6.220464973459529,6.424983501434326,14113200,0.0,0.0
2015-12-07 00:00:00-05:00,6.405689375453343,6.442348175347681,6.270629515606115,6.380606651306152,11792400,0.0,0.0
2015-12-08 00:00:00-05:00,6.289923161785637,6.53881908255512,6.226252540203321,6.509878158569336,11211200,0.0,0.0
2015-12-09 00:00:00-05:00,6.388324089761143,6.565830775260025,6.251335138645661,6.259052276611328,10329200,0.0,0.0
2015-12-10 00:00:00-05:00,6.280276477055092,6.347806774840128,6.0718986498645515,6.176087379455566,16325600,0.0,0.0
2015-12-11 00:00:00-05:00,5.830719579138561,6.048744711567845,5.7766959391095645,5.788272380828857,26372000,0.0,0.0
2015-12-14 00:00:00-05:00,5.788273719080253,5.915615711459337,5.734249698552433,5.840368270874023,11758000,0.0,0.0
2015-12-15 00:00:00-05:00,5.931050520499096,6.010156890912374,5.865450061911233,5.892462253570557,10153200,0.0,0.0
2015-12-16 00:00:00-05:00,5.94648589804564,5.981215595870765,5.811426411847204,5.896320819854736,8740400,0.0,0.0
2015-12-17 00:00:00-05:00,5.896320729683077,5.925262021425254,5.604977607727051,5.604977607727051,9117600,0.0,0.0
2015-12-18 00:00:00-05:00,5.579895342664595,5.583754279761147,5.383093966842448,5.54902458190918,22410000,0.0,0.0
2015-12-21 00:00:00-05:00,5.504647620123432,5.61462474553773,5.4120349747143335,5.547094821929932,13672800,0.0,0.0
2015-12-22 00:00:00-05:00,5.576036732090891,5.576036732090891,5.433259363234179,5.518154144287109,12263600,0.0,0.0
2015-12-23 00:00:00-05:00,5.5567417961559835,5.581824517957283,5.4525530760824035,5.547094821929932,11113200,0.0,0.0
2015-12-24 00:00:00-05:00,5.522012905123292,5.556742235890483,5.456412444771086,5.4737772941589355,3476000,0.0,0.0
2015-12-28 00:00:00-05:00,5.473776654692045,5.583753775961482,5.4293996181026625,5.493070602416992,9301600,0.0,0.0
2015-12-29 00:00:00-05:00,5.522013115457436,5.556742447547472,5.466059627963424,5.485353946685791,8161600,0.0,0.0
2015-12-30 00:00:00-05:00,5.473777420166299,5.583754556815365,5.4486946958026605,5.495000839233398,5753200,0.0,0.0
2015-12-31 00:00:00-05:00,5.485353132297405,5.568318432880092,5.408176236874602,5.4101057052612305,6784000,0.0,0.0
2016-01-04 00:00:00-05:00,5.217163555037592,5.491141456088159,5.2113751495755505,5.462200164794922,17321600,0.0,0.0
2016-01-05 00:00:00-05:00,5.516224642213115,5.597260485452673,5.413965011836751,5.550954341888428,13666400,0.0,0.0
2016-01-06 00:00:00-05:00,5.446765101773111,5.54516579230142,5.294340762490168,5.4737772941589355,15025600,0.0,0.0
2016-01-07 00:00:00-05:00,5.425541994402365,5.550954516501624,5.352223655446257,5.489212989807129,10651200,0.0,0.0
2016-01-08 00:00:00-05:00,5.5374482859115455,5.554813135299395,5.410106302406325,5.4737772941589355,10796800,0.0,0.0
2016-01-11 00:00:00-05:00,5.466059764982833,5.701449428872437,5.400459300487471,5.668649196624756,13026800,0.0,0.0
2016-01-12 00:00:00-05:00,5.585684490470358,5.637778676161482,5.076316134310049,5.379235744476318,32357600,0.0,0.0
2016-01-13 00:00:00-05:00,5.3464346960743905,5.367658481682615,5.109115589396654,5.197869300842285,11686400,0.0,0.0
2016-01-14 00:00:00-05:00,5.290480314262058,5.290480314262058,4.8582894076217,4.935466289520264,18357600,0.0,0.0
2016-01-15 00:00:00-05:00,4.835136366490946,5.004925881960709,4.79461863975901,4.947042942047119,12750800,0.0,0.0
2016-01-19 00:00:00-05:00,5.008785177999035,5.012644114822333,4.8332076006321145,4.921961307525635,11138000,0.0,0.0
2016-01-20 00:00:00-05:00,4.864078524390204,4.910385031825461,4.6942893464920346,4.860219955444336,8945200,0.0,0.0
2016-01-21 00:00:00-05:00,4.860219900830241,5.004926722916026,4.8525020270082635,4.879514217376709,8473200,0.0,0.0
2016-01-22 00:00:00-05:00,4.964408664810656,5.022291614956585,4.906526082673209,4.952832221984863,7054400,0.0,0.0
2016-01-25 00:00:00-05:00,4.939325972740393,5.010714461291647,4.806195601322803,4.835136890411377,5780800,0.0,0.0
2016-01-26 00:00:00-05:00,4.8910914918501165,5.1091163122782595,4.850573383411428,5.028080463409424,11076000,0.0,0.0
2016-01-27 00:00:00-05:00,5.062809336726736,5.166998425934808,4.981773501123285,5.045444488525391,8011600,0.0,0.0
2016-01-28 00:00:00-05:00,5.111045063300387,5.134198317443653,4.952832325348285,4.960549831390381,5595600,0.0,0.0
2016-01-29 00:00:00-05:00,4.970197264453172,5.0647390152433625,4.941255972253481,5.057021141052246,9271200,0.0,0.0
2016-02-01 00:00:00-05:00,5.055091608520598,5.182433577723789,4.987561687153217,5.172786235809326,11149200,0.0,0.0
2016-02-02 00:00:00-05:00,5.138056582617757,5.1534919617976565,4.937396653279077,5.001067638397217,7362400,0.0,0.0
2016-02-03 00:00:00-05:00,5.037727564349131,5.070527796071375,4.775325710571179,5.049304008483887,8893600,0.0,0.0
2016-02-04 00:00:00-05:00,5.028079775248867,5.246104933845867,4.896878859988458,5.2113752365112305,8000800,0.0,0.0
2016-02-05 00:00:00-05:00,5.211375454555552,5.244175684743018,5.0994688517998155,5.176645755767822,6183200,0.0,0.0
2016-02-08 00:00:00-05:00,5.122621650926482,5.394670462742417,5.112974676099506,5.38116455078125,11779200,0.0,0.0
2016-02-09 00:00:00-05:00,5.33485851851483,5.379235192441858,5.153492517584942,5.232599258422852,13147200,0.0,0.0
2016-02-10 00:00:00-05:00,5.248034357809757,5.265399206329648,5.136127760686285,5.141915798187256,5480400,0.0,0.0
2016-02-11 00:00:00-05:00,5.1033276373893495,5.199798856485492,5.043515216583624,5.145774841308594,5918800,0.0,0.0
2016-02-12 00:00:00-05:00,5.165069647871551,5.282764296068978,5.074386457807867,5.205587387084961,10327200,0.0,0.0
2016-02-16 00:00:00-05:00,5.273116651698826,5.412035070252062,5.188221878578719,5.402388095855713,5744000,0.0,0.0
2016-02-17 00:00:00-05:00,5.444835384246827,5.595330616058349,5.3946703069763196,5.545165538787842,6689600,0.0,0.0
2016-02-18 00:00:00-05:00,5.556741602942943,5.749684024823024,5.5316592500222574,5.641636371612549,11048000,0.0,0.0
2016-02-19 00:00:00-05:00,5.637777808769931,5.637777808769931,5.359940967801604,5.439047336578369,8530000,0.0,0.0
2016-02-22 00:00:00-05:00,5.504647971498129,5.716884362086652,5.485353653805944,5.635848522186279,6722400,0.0,0.0
2016-02-23 00:00:00-05:00,5.7110970912380115,5.761262176770168,5.591472599890786,5.6802263259887695,5059600,0.0,0.0
2016-02-24 00:00:00-05:00,5.676366030527403,5.768978304122006,5.452552852002879,5.7670488357543945,6416800,0.0,0.0
2016-02-25 00:00:00-05:00,5.711096221037461,5.799849565603534,5.655142737543506,5.780555248260498,6115600,0.0,0.0
2016-02-26 00:00:00-05:00,5.809496946061876,5.90596816539597,5.774767248220243,5.892462253570557,6775600,0.0,0.0
2016-02-29 00:00:00-05:00,5.8731675593423045,5.9985800628298,5.792131725579719,5.94648551940918,9401600,0.0,0.0
2016-03-01 00:00:00-05:00,5.99086224129393,6.027521405650779,5.882814584672583,5.969638824462891,8520400,0.0,0.0
2016-03-02 00:00:00-05:00,5.958062242571682,6.112416411679766,5.626201386203309,6.037168979644775,16452400,0.0,0.0
2016-03-03 00:00:00-05:00,6.0506752060745415,6.3574537237300115,6.035239825161433,6.311147212982178,14196000,0.0,0.0
2016-03-04 00:00:00-05:00,6.29748614089115,6.3540797795794886,6.0867243046586355,6.09453010559082,10121600,0.0925,0.0
2016-03-07 00:00:00-05:00,6.0555007314258,6.1862511620501675,5.928653015399755,5.998907089233398,11321200,0.0,0.0
2016-03-08 00:00:00-05:00,6.028179061312678,6.047694121772702,5.817417227225824,5.877913951873779,9314000,0.0,0.0
2016-03-09 00:00:00-05:00,5.928652603201926,6.160881041613586,5.885719767854578,6.106239318847656,10378000,0.0,0.0
2016-03-10 00:00:00-05:00,6.114045236831448,6.114045236831448,5.842787044422447,5.940361976623535,8197200,0.0,0.0
2016-03-11 00:00:00-05:00,5.959877014185711,6.067209290299371,5.940361953378092,6.000858306884766,6477200,0.0,0.0
2016-03-14 00:00:00-04:00,6.002810053583688,6.2506501059160025,5.99500388010861,6.178444862365723,6921600,0.0,0.0
2016-03-15 00:00:00-04:00,6.149172712230833,6.192105551474324,5.848641720869831,6.006713390350342,8111600,0.0,0.0
2016-03-16 00:00:00-04:00,6.078918972623087,6.246747624184477,6.014519524091871,6.227232933044434,6249600,0.0,0.0
2016-03-17 00:00:00-04:00,6.279923554562097,6.287729728870424,6.0515981671078265,6.119900703430176,12200800,0.0,0.0
2016-03-18 00:00:00-04:00,6.16283283368849,6.301389433907573,6.008664631093581,6.016470432281494,22170800,0.0,0.0
2016-03-21 00:00:00-04:00,6.034033775268269,6.17844462913632,5.864253230782731,6.020373344421387,13434800,0.0,0.0
2016-03-22 00:00:00-04:00,6.000858532022854,6.008664705526301,5.856447672178646,5.889623165130615,8700000,0.0,0.0
2016-03-23 00:00:00-04:00,5.889623914965314,6.012568185546474,5.8642542200680206,5.926702499389648,7876800,0.0,0.0
2016-03-24 00:00:00-04:00,5.920847895065644,5.952071848757022,5.778388559821369,5.907187461853027,17952400,0.0,0.0
2016-03-28 00:00:00-04:00,5.649589081663549,6.039888835223203,5.542256426103332,5.8720598220825195,32988800,0.0,0.0
2016-03-29 00:00:00-04:00,5.8896229998560905,6.23113526445274,5.854495964513993,6.149172306060791,15210000,0.0,0.0
2016-03-30 00:00:00-04:00,6.1608817944611065,6.238941673821782,6.049646419844786,6.197960376739502,10088400,0.0,0.0
2016-03-31 00:00:00-04:00,6.2194270071569475,6.328710838683803,6.180396881216494,6.192105770111084,8376000,0.0,0.0
2016-04-01 00:00:00-04:00,6.192105166338008,6.197959796323869,5.993052213444697,6.115996837615967,8540400,0.0,0.0
2016-04-04 00:00:00-04:00,6.125754714258119,6.131609344752642,5.993052734133163,6.035985946655273,5967200,0.0,0.0
2016-04-05 00:00:00-04:00,6.010616005932996,6.065258104975604,5.897429093230974,5.911089897155762,7004000,0.0,0.0
2016-04-06 00:00:00-04:00,5.903283772589784,6.069161242296407,5.813515007936111,5.8720598220825195,9206000,0.0,0.0
2016-04-07 00:00:00-04:00,5.875963355031703,5.895478046416088,5.659346856251352,5.682765007019043,14695600,0.0,0.0
2016-04-08 00:00:00-04:00,5.712037232926259,5.829127238567717,5.682764824570611,5.754970073699951,8490400,0.0,0.0
2016-04-11 00:00:00-04:00,5.803757663961966,5.975489775013576,5.7998545768428675,5.83107852935791,8181200,0.0,0.0
2016-04-12 00:00:00-04:00,5.854496303394827,5.946216611482559,5.797902660463628,5.8720598220825195,7840400,0.0,0.0
2016-04-13 00:00:00-04:00,5.9032837663596665,6.166736174178165,5.891574877986512,6.141366481781006,8691600,0.0,0.0
2016-04-14 00:00:00-04:00,6.119901317847044,6.1921065763538365,5.9735388848415365,6.176494598388672,10259600,0.0,0.0
2016-04-15 00:00:00-04:00,6.1960092855896605,6.272117626995519,6.149173354553832,6.203815460205078,10342000,0.0,0.0
2016-04-18 00:00:00-04:00,6.217475407367803,6.320904607401862,6.1725906512768445,6.285777568817139,7128800,0.0,0.0
2016-04-19 00:00:00-04:00,6.311146388011308,6.35212767920494,6.26821318136791,6.332612991333008,6650800,0.0,0.0
2016-04-20 00:00:00-04:00,6.340419937155611,6.4965396924749745,6.309195986091738,6.4184794425964355,11016000,0.0,0.0
2016-04-21 00:00:00-04:00,6.418480115333846,6.457510244363965,6.285778123294121,6.305293560028076,10325600,0.0,0.0
2016-04-22 00:00:00-04:00,6.297486898388201,6.420431534773286,6.2818745502082445,6.40091609954834,88882000,0.0,0.0
2016-04-25 00:00:00-04:00,6.37749832171614,6.439946225560496,6.328710850310379,6.40091609954834,8251200,0.0,0.0
2016-04-26 00:00:00-04:00,6.391158822924315,6.506297286458325,6.361886041990786,6.502394199371338,7961200,0.0,0.0
2016-04-27 00:00:00-04:00,6.47897684780773,6.580454885436605,6.459461411088066,6.514103889465332,11343200,0.0,0.0
2016-04-28 00:00:00-04:00,6.473121428584676,6.502394209564092,6.3970130913634895,6.420431613922119,8579200,0.0,0.0
2016-04-29 00:00:00-04:00,6.420431534773286,6.443849312605485,6.317001589175412,6.40091609954834,8473600,0.0,0.0
2016-05-02 00:00:00-04:00,6.402868201937081,6.412625547615119,6.235039176298909,6.3150506019592285,10590000,0.0,0.0
2016-05-03 00:00:00-04:00,6.285777862681625,6.317001815723596,6.10819149017334,6.10819149017334,10560800,0.0,0.0
2016-05-04 00:00:00-04:00,6.088676224934038,6.115997088216524,5.9188956705756794,5.998907089233398,11483200,0.0,0.0
2016-05-05 00:00:00-04:00,5.9891501305225505,6.002810563044465,5.848641973796872,5.87596321105957,8590800,0.0,0.0
2016-05-06 00:00:00-04:00,5.895477598853542,5.899380685721663,5.73155204479983,5.8720598220825195,7822800,0.0,0.0
2016-05-09 00:00:00-04:00,5.874010865589092,5.950119191945737,5.8623019782001045,5.891574382781982,7538400,0.0,0.0
2016-05-10 00:00:00-04:00,5.905235091321932,5.983294964619812,5.856447623983402,5.955974102020264,5274800,0.0,0.0
2016-05-11 00:00:00-04:00,5.883769310945802,5.883769310945802,5.643735027342044,5.6983771324157715,11997200,0.0,0.0
2016-05-12 00:00:00-04:00,5.717891370955338,5.735454890042944,5.630074147736165,5.678861618041992,8598800,0.0,0.0
2016-05-13 00:00:00-04:00,5.678861212357489,5.721794049160807,5.544207699711458,5.606655597686768,11854400,0.0,0.0
2016-05-16 00:00:00-04:00,5.612509535072922,5.682763597734617,5.573479417545584,5.663248538970947,12104400,0.0,0.0
2016-05-17 00:00:00-04:00,5.676909717587551,5.737406072741359,5.544207747145263,5.553965091705322,12189200,0.0,0.0
2016-05-18 00:00:00-04:00,5.528595621971402,5.536401795181952,5.421263345858117,5.470050811767578,15548800,0.0,0.0
2016-05-19 00:00:00-04:00,5.47200326890397,5.57738401931338,5.37052523353277,5.571529388427734,12570000,0.0,0.0
2016-05-20 00:00:00-04:00,5.5968986054829415,5.608607494035569,5.5032267526242045,5.557868480682373,9317200,0.0,0.0
2016-05-23 00:00:00-04:00,5.583237542517108,5.633976550136384,5.524692361932337,5.5559163093566895,8022800,0.0,0.0
2016-05-24 00:00:00-04:00,5.540303796284527,5.651539144682142,5.4934678797075716,5.600800514221191,14090400,0.0,0.0
2016-05-25 00:00:00-04:00,5.614462262720722,5.823272579443958,5.594947199839729,5.8018059730529785,18447200,0.0,0.0
2016-05-26 00:00:00-04:00,5.8525441564530345,5.936458654370209,5.833029096343653,5.850592613220215,13702000,0.0,0.0
2016-05-27 00:00:00-04:00,5.472003385527499,5.64568667776223,5.395894671267567,5.620316982269287,30238400,0.0,0.0
2016-05-31 00:00:00-04:00,5.637879949431291,5.727649088347818,5.587140935646969,5.678861618041992,39743200,0.0,0.0
2016-06-01 00:00:00-04:00,5.6632494935084505,5.6983765307599406,5.5520141236913,5.6495890617370605,14889200,0.0,0.0
2016-06-02 00:00:00-04:00,5.6554438455759755,5.721794839393131,5.610559459234631,5.637880325317383,7872400,0.0,0.0
2016-06-03 00:00:00-04:00,5.651540484070328,5.6691040034765035,5.524693133418175,5.587141036987305,8838800,0.0,0.0
2016-06-06 00:00:00-04:00,5.589117541442827,5.654360142517982,5.5436455055312095,5.628658294677734,7820800,0.0925,0.0
2016-06-07 00:00:00-04:00,5.632612610630798,5.691924307464009,5.614819139290052,5.626681327819824,7284000,0.0,0.0
2016-06-08 00:00:00-04:00,5.628658313031164,5.658314349419252,5.57132408867134,5.581209182739258,7681600,0.0,0.0
2016-06-09 00:00:00-04:00,5.549577486430254,5.58911862441902,5.367688930447961,5.391413688659668,13588000,0.0,0.0
2016-06-10 00:00:00-04:00,5.328146575032757,5.328146575032757,5.17195954151964,5.245110511779785,18088400,0.0,0.0
2016-06-13 00:00:00-04:00,5.22929539103128,5.272790338561362,5.144282213370113,5.146259307861328,9326800,0.0,0.0
2016-06-14 00:00:00-04:00,5.134396576090381,5.148236237084609,5.011819738307722,5.086947441101074,12596000,0.0,0.0
2016-06-15 00:00:00-04:00,5.08101618446402,5.223363579614008,5.063222712933749,5.16602897644043,14506400,0.0,0.0
2016-06-16 00:00:00-04:00,5.1521896803086085,5.175914434652318,5.086947077228628,5.126488208770752,8923200,0.0,0.0
2016-06-17 00:00:00-04:00,5.136373063043971,5.258950263421742,5.0968323104421,5.16998291015625,10379200,0.0,0.0
2016-06-20 00:00:00-04:00,5.229294937388302,5.302445541756341,5.209524371283472,5.219409465789795,9122400,0.0,0.0
2016-06-21 00:00:00-04:00,5.21347828422518,5.229294660854211,5.082992705670466,5.108694553375244,6278400,0.0,0.0
2016-06-22 00:00:00-04:00,5.132419552630101,5.195685443916179,5.102763889988252,5.1403279304504395,7146800,0.0,0.0
2016-06-23 00:00:00-04:00,5.225340308549403,5.249064684202836,5.173936991844095,5.205569744110107,6074000,0.0,0.0
2016-06-24 00:00:00-04:00,4.997980206895635,5.086947189185185,4.994026018235961,5.009842395782471,7372000,0.0,0.0
2016-06-27 00:00:00-04:00,5.003911256856501,5.13439646964495,4.978209784013041,5.041475296020508,12242800,0.0,0.0
2016-06-28 00:00:00-04:00,5.106717820208076,5.175914614261904,5.065199970031094,5.15021276473999,11523200,0.0,0.0
2016-06-29 00:00:00-04:00,5.233248621184157,5.332101072202996,5.213478432654129,5.221386432647705,9941200,0.0,0.0
2016-06-30 00:00:00-04:00,5.241157016886605,5.2767439597145405,5.144281659795101,5.254996299743652,7436800,0.0,0.0
2016-07-01 00:00:00-04:00,5.314308054716956,5.4131605141782195,5.284652392297018,5.349895000457764,10530400,0.0,0.0
2016-07-05 00:00:00-04:00,5.343963710578619,5.349894616381494,5.132419145761135,5.199638843536377,8564400,0.0,0.0
2016-07-06 00:00:00-04:00,5.185799578583328,5.235225804937555,5.086947125874875,5.233248710632324,9961200,0.0,0.0
2016-07-07 00:00:00-04:00,5.243133778835554,5.343963318093024,5.177891180150385,5.205569744110107,9082800,0.0,0.0
2016-07-08 00:00:00-04:00,5.272789309757054,5.415136691520375,5.270812215651602,5.411182880401611,8416400,0.0,0.0
2016-07-11 00:00:00-04:00,5.557485138262026,5.691924537336118,5.545622572161001,5.624704837799072,14266800,0.0,0.0
2016-07-12 00:00:00-04:00,5.678085072028019,5.7275113012043875,5.634590126106008,5.682039260864258,12093200,0.0,0.0
2016-07-13 00:00:00-04:00,5.701809755582562,5.772983645362657,5.670176999478563,5.703786849975586,11811200,0.0,0.0
2016-07-14 00:00:00-04:00,5.723557310281687,5.753212971440683,5.626681572287607,5.6583147048950195,7988400,0.0,0.0
2016-07-15 00:00:00-04:00,5.693901914476203,5.693901914476203,5.531783929895796,5.533761024475098,9874000,0.0,0.0
2016-07-18 00:00:00-04:00,5.535737072722167,6.010228746394206,5.510035602233651,5.968710899353027,31168800,0.0,0.0
2016-07-19 00:00:00-04:00,6.10315028859674,6.1881630768847,5.933123957836496,5.968710899353027,17436800,0.0,0.0
2016-07-20 00:00:00-04:00,5.952894920374302,6.192117678846731,5.939055637102963,6.152576923370361,15084400,0.0,0.0
2016-07-21 00:00:00-04:00,6.158507422134644,6.296900999882814,6.118966669272425,6.130828857421875,17460400,0.0,0.0
2016-07-22 00:00:00-04:00,6.128852607511536,6.166416648433717,6.0596558091050605,6.0912885665893555,10361600,0.0,0.0
2016-07-25 00:00:00-04:00,6.033953824819694,6.120943711999421,5.9410322776114555,6.105127334594727,9008800,0.0,0.0
2016-07-26 00:00:00-04:00,6.093264804167208,6.188163063274464,6.018137109980336,6.178277969360352,10084400,0.0,0.0
2016-07-27 00:00:00-04:00,6.211888257363249,6.243521012643511,6.148622746802727,6.192117691040039,8732800,0.0,0.0
2016-07-28 00:00:00-04:00,6.168393040422311,6.194094511541694,6.0873340614637215,6.162461757659912,5687600,0.0,0.0
2016-07-29 00:00:00-04:00,6.178279340783353,6.178279340783353,6.041862827353028,6.1189680099487305,6389200,0.0,0.0
2016-08-01 00:00:00-04:00,6.122921113184962,6.12687530200736,5.966734425622239,6.000344276428223,11550400,0.0,0.0
2016-08-02 00:00:00-04:00,6.041862332959426,6.053724899829457,5.776937706337513,5.7808918952941895,13682800,0.0,0.0
2016-08-03 00:00:00-04:00,5.741351253109253,5.897537949134347,5.648429696209304,5.859973907470703,9440400,0.0,0.0
2016-08-04 00:00:00-04:00,5.840203462184103,5.931147543513722,5.818455800521714,5.863927841186523,4826400,0.0,0.0
2016-08-05 00:00:00-04:00,5.9093994058077275,6.047792988178022,5.893583028716167,5.939055442810059,10449200,0.0,0.0
2016-08-08 00:00:00-04:00,5.9588257798308035,6.008252006610003,5.859973326272405,5.889629364013672,8176400,0.0,0.0
2016-08-09 00:00:00-04:00,5.883697834960299,5.974641907426027,5.832294516008822,5.857995986938477,8990400,0.0,0.0
2016-08-10 00:00:00-04:00,5.8520654809659955,5.976619409825665,5.8520654809659955,5.960803031921387,7001200,0.0,0.0
2016-08-11 00:00:00-04:00,6.035931122197589,6.162462145692004,6.016160555503538,6.150599956512451,9911200,0.0,0.0
2016-08-12 00:00:00-04:00,6.128852745325642,6.273177251729565,6.093265798082545,6.198049545288086,8584000,0.0,0.0
2016-08-15 00:00:00-04:00,6.190140593237161,6.342373840713099,6.190140593237161,6.273176670074463,5720400,0.0,0.0
2016-08-16 00:00:00-04:00,6.2593371135593925,6.3166717156527294,6.1604846634057795,6.162461757659912,6347600,0.0,0.0
2016-08-17 00:00:00-04:00,6.1031505280259335,6.116989810915914,6.029999547917524,6.093265056610107,7049600,0.0,0.0
2016-08-18 00:00:00-04:00,6.115012626837238,6.166415946168177,6.043838742057142,6.162461757659912,6320400,0.0,0.0
2016-08-19 00:00:00-04:00,6.140714023917275,6.310740356800956,6.107104176186598,6.2711992263793945,8659200,0.0,0.0
2016-08-22 00:00:00-04:00,6.326557011294948,6.3463272002814985,6.180255425659815,6.219796180725098,6687600,0.0,0.0
2016-08-23 00:00:00-04:00,6.332488248296461,6.459019274469501,6.292947491163488,6.344350814819336,11361200,0.0,0.0
2016-08-24 00:00:00-04:00,6.3522591936651684,6.407616329079914,6.251429640755476,6.269222736358643,10861600,0.0,0.0
2016-08-25 00:00:00-04:00,6.261314696205955,6.375983532244809,6.184209899741336,6.358190059661865,24669200,0.0,0.0
2016-08-26 00:00:00-04:00,5.9746424470862305,6.0319770539350746,5.672154165865865,5.682039260864258,57973600,0.0,0.0
2016-08-29 00:00:00-04:00,5.68401645922741,5.727511405944824,5.602957472063196,5.727511405944824,17622400,0.0,0.0
2016-08-30 00:00:00-04:00,5.711695558974908,5.725534844350606,5.589118708139658,5.632613658905029,11436400,0.0,0.0
2016-08-31 00:00:00-04:00,5.630636511135965,5.723558072796976,5.59702665678688,5.612843036651611,11312000,0.0,0.0
2016-09-01 00:00:00-04:00,5.628658298500759,5.650405957904637,5.529805849708101,5.54166841506958,8379200,0.0,0.0
2016-09-02 00:00:00-04:00,5.577256087682904,5.630636511135965,5.54364661042606,5.612843036651611,6760400,0.0,0.0
2016-09-06 00:00:00-04:00,5.610865820420328,5.668200431869943,5.58516434510679,5.608889102935791,7776400,0.0,0.0
2016-09-07 00:00:00-04:00,5.614897742654826,5.65496099971088,5.5868530424328915,5.634929180145264,6064400,0.0925,0.0
2016-09-08 00:00:00-04:00,5.602879379334835,5.630924084350273,5.558809674418068,5.5648193359375,6915200,0.0,0.0
2016-09-09 00:00:00-04:00,5.596870033524988,5.614898635794263,5.442625495032413,5.444628715515137,9941600,0.0,0.0
2016-09-12 00:00:00-04:00,5.4846920790087275,5.4846920790087275,5.378524066014074,5.416584491729736,14428000,0.0,0.0
2016-09-13 00:00:00-04:00,5.398555074754218,5.4866944718547614,5.370510373790236,5.406567573547363,11301600,0.0,0.0
2016-09-14 00:00:00-04:00,5.534770986573722,5.534770986573722,5.39655222088851,5.414580821990967,7417200,0.0,0.0
2016-09-15 00:00:00-04:00,5.384532492974934,5.462656552556311,5.346472455360485,5.4586501121521,8842000,0.0,0.0
2016-09-16 00:00:00-04:00,5.450637860449954,5.460653962616529,5.388539555318109,5.426599979400635,7688000,0.0,0.0
2016-09-19 00:00:00-04:00,5.486694285102548,5.644945238189017,5.486694285102548,5.588856220245361,13399200,0.0,0.0
2016-09-20 00:00:00-04:00,5.624914107581209,5.64494592944805,5.534771100218039,5.552799701690674,7460400,0.0,0.0
2016-09-21 00:00:00-04:00,5.566821604942454,5.640938840637502,5.5507958436298175,5.634929180145264,6654800,0.0,0.0
2016-09-22 00:00:00-04:00,5.666981275445287,5.699032039319984,5.586853983683301,5.662974834442139,7161200,0.0,0.0
2016-09-23 00:00:00-04:00,5.656964533692927,5.7250724947491785,5.64694881439209,5.64694881439209,5480800,0.0,0.0
2016-09-26 00:00:00-04:00,5.630922633981405,5.648951231820792,5.536773204803467,5.536773204803467,4299600,0.0,0.0
2016-09-27 00:00:00-04:00,5.538777765450941,5.560812808604901,5.462657297762633,5.494708061218262,5772000,0.0,0.0
2016-09-28 00:00:00-04:00,5.498714242343091,5.580844367576721,5.448634879050623,5.5067267417907715,4665600,0.0,0.0
2016-09-29 00:00:00-04:00,5.508729871286995,5.540780632699375,5.434612246723858,5.436615467071533,7032400,0.0,0.0
2016-09-30 00:00:00-04:00,5.484691332937788,5.548793234609085,5.45865023388007,5.526758193969727,7155200,0.0,0.0
2016-10-03 00:00:00-04:00,5.52675891046492,5.580844717914074,5.498714587524727,5.5648193359375,6501600,0.0,0.0
2016-10-04 00:00:00-04:00,5.564818922899906,5.576837862971443,5.414580834742432,5.434612274169922,9382800,0.0,0.0
2016-10-05 00:00:00-04:00,5.462656784415918,5.504723264220068,5.398555263528525,5.448634624481201,7764400,0.0,0.0
2016-10-06 00:00:00-04:00,5.424596449659381,5.428602890297566,5.268348703447052,5.3444695472717285,14990000,0.0,0.0
2016-10-07 00:00:00-04:00,5.36850742695042,5.394548909023412,5.302402684721206,5.3444695472717285,8581600,0.0,0.0
2016-10-10 00:00:00-04:00,5.376520184231634,5.436615264117638,5.338459763197058,5.37451696395874,6398400,0.0,0.0
2016-10-11 00:00:00-04:00,5.372513874228395,5.380526755514668,5.210256848933468,5.218269348144531,8568800,0.0,0.0
2016-10-12 00:00:00-04:00,5.236298234079025,5.300399759558686,5.2082539122004805,5.232292175292969,9787200,0.0,0.0
2016-10-13 00:00:00-04:00,5.208253495401808,5.236297815036061,5.078047234431802,5.102085113525391,10721200,0.0,0.0
2016-10-14 00:00:00-04:00,5.1241209787868485,5.1461560232302785,5.0299719033858254,5.084057331085205,12544400,0.0,0.0
2016-10-17 00:00:00-04:00,5.0720372836719605,5.122116641341826,4.937824589833713,4.947840690612793,21926000,0.0,0.0
2016-10-18 00:00:00-04:00,5.00192558682278,5.029970284015202,4.9638655540422185,4.9718780517578125,8277600,0.0,0.0
2016-10-19 00:00:00-04:00,4.983897739906934,5.009939221073328,4.897761561635925,5.007936000823975,9329600,0.0,0.0
2016-10-20 00:00:00-04:00,4.9979198885859475,5.047999244655646,4.989907008218717,5.029970645904541,9061600,0.0,0.0
2016-10-21 00:00:00-04:00,5.025965051920163,5.025965051920163,4.951847424345083,5.009939670562744,7012800,0.0,0.0
2016-10-24 00:00:00-04:00,5.082053044120229,5.082053044120229,4.977887895444513,5.035979747772217,7494000,0.0,0.0
2016-10-25 00:00:00-04:00,5.011943419861905,5.037984524037407,4.937825784465788,4.957857608795166,7639600,0.0,0.0
2016-10-26 00:00:00-04:00,4.9538501599918865,5.045996380336064,4.877729701512081,4.961863040924072,13295600,0.0,0.0
2016-10-27 00:00:00-04:00,4.975885328549291,4.989907488466326,4.7855836043390125,4.805615425109863,10813600,0.0,0.0
2016-10-28 00:00:00-04:00,4.805615767603655,4.851688691207563,4.745520683083359,4.7875871658325195,7484400,0.0,0.0
2016-10-31 00:00:00-04:00,4.797603142918377,4.8436760653213815,4.759542719940791,4.817634582519531,8604800,0.0,0.0
2016-11-01 00:00:00-04:00,4.809621604717971,4.809621604717971,4.671402469181335,4.719478607177734,9996800,0.0,0.0
2016-11-02 00:00:00-04:00,4.124537096646494,4.314838862530345,4.026381573657284,4.192645072937012,54613200,0.0,0.0
2016-11-03 00:00:00-04:00,4.160593251028318,4.190640790111573,4.110513891864497,4.172612190246582,22239600,0.0,0.0
2016-11-04 00:00:00-04:00,4.1646000604259426,4.250736244875869,4.128542857501441,4.152580738067627,12305600,0.0,0.0
2016-11-07 00:00:00-05:00,4.206666008433821,4.312834383336595,4.156586651190562,4.25474214553833,11527200,0.0,0.0
2016-11-08 00:00:00-05:00,4.234710653991259,4.256745695147854,4.1786220140656765,4.188637733459473,7536000,0.0,0.0
2016-11-09 00:00:00-05:00,4.1245366899296,4.328860598652955,4.106508087273113,4.312835216522217,6962000,0.0,0.0
2016-11-10 00:00:00-05:00,4.3589082540673045,4.511149579247489,4.348892151181943,4.380943298339844,10095200,0.0,0.0
2016-11-11 00:00:00-05:00,4.368923600183492,4.481101650427226,4.306825295921042,4.471085548400879,8789600,0.0,0.0
2016-11-14 00:00:00-05:00,4.495123599717246,4.665393505402597,4.487110718473132,4.605298042297363,8301600,0.0,0.0
2016-11-15 00:00:00-05:00,4.59327898148511,4.605297920959405,4.445044121051478,4.537189960479736,8867200,0.0,0.0
2016-11-16 00:00:00-05:00,4.513151920401127,4.64335817593705,4.495123320795748,4.619319915771484,6833200,0.0,0.0
2016-11-17 00:00:00-05:00,4.669399614160658,4.707460036329058,4.609304532484414,4.699447154998779,4574000,0.0,0.0
2016-11-18 00:00:00-05:00,4.681418936156075,4.715472917659336,4.613310973149553,4.699447154998779,6716000,0.0,0.0
2016-11-21 00:00:00-05:00,4.713469697326767,4.721482196581834,4.639352073322535,4.699447154998779,8942000,0.0,0.0
2016-11-22 00:00:00-05:00,4.745519928889592,4.849684700031774,4.727491329983698,4.829653263092041,14966800,0.0,0.0
2016-11-23 00:00:00-05:00,4.963866454435564,5.290383723631925,4.9358217521561265,5.220272541046143,37507200,0.0,0.0
2016-11-25 00:00:00-05:00,5.236298392500811,5.306409581393583,5.16418436519203,5.172196865081787,9253200,0.0,0.0
2016-11-28 00:00:00-05:00,5.208253313800263,5.208253313800263,4.959859740068042,5.037983417510986,11262800,0.0,0.0
2016-11-29 00:00:00-05:00,5.052215100080102,5.08881068341483,4.950560874274788,4.9790239334106445,9284400,0.0925,0.0
2016-11-30 00:00:00-05:00,4.972924979364143,5.050182414954764,4.930230386890482,5.019686222076416,12769200,0.0,0.0
2016-12-01 00:00:00-05:00,5.013586315906359,5.086777481556992,4.970891727796884,5.009520053863525,5762800,0.0,0.0
2016-12-02 00:00:00-05:00,5.003421518065186,5.048149241393012,4.90583315878064,4.934296607971191,6291200,0.0,0.0
2016-12-05 00:00:00-05:00,4.968859447997972,5.058314901584499,4.934296990273128,4.985124111175537,9341200,0.0,0.0
2016-12-06 00:00:00-05:00,5.011553572123872,5.0684800817819315,4.999355172832903,5.060347557067871,6032000,0.0,0.0
2016-12-07 00:00:00-05:00,5.117274215474426,5.3083842862286845,5.115241084236812,5.273821830749512,11197200,0.0,0.0
2016-12-08 00:00:00-05:00,5.286020448804948,5.322616037033805,5.192498734691331,5.279921054840088,12400800,0.0,0.0
2016-12-09 00:00:00-05:00,5.265688608700093,5.353111301443366,5.2392586816703055,5.290085792541504,9806800,0.0,0.0
2016-12-12 00:00:00-05:00,5.298218248042196,5.381574683873758,5.239258997522848,5.3714094161987305,8584800,0.0,0.0
2016-12-13 00:00:00-05:00,5.389707857195112,5.4588327714927,5.353112268710489,5.3653106689453125,9597200,0.0,0.0
2016-12-14 00:00:00-05:00,5.355145300364099,5.371409962967827,5.121340630017967,5.139638423919678,9493200,0.0,0.0
2016-12-15 00:00:00-05:00,5.137604865142078,5.227060308129274,5.103042411512443,5.151836395263672,7859200,0.0,0.0
2016-12-16 00:00:00-05:00,5.153869304384266,5.220961077624672,5.141670905916945,5.168100833892822,13533200,0.0,0.0
2016-12-19 00:00:00-05:00,5.166067799966469,5.267722027258655,5.166067799966469,5.265688896179199,5266800,0.0,0.0
2016-12-20 00:00:00-05:00,5.257556928866012,5.318549312092438,5.253490666576219,5.310417175292969,4126800,0.0,0.0
2016-12-21 00:00:00-05:00,5.300252017319384,5.3958072512026,5.255524291271595,5.3653106689453125,7517600,0.0,0.0
2016-12-22 00:00:00-05:00,5.361244519455868,5.361244519455868,5.090844270122652,5.094910144805908,9186000,0.0,0.0
2016-12-23 00:00:00-05:00,5.19656474900694,5.28805372203424,5.1477707593191,5.1660685539245605,7910400,0.0,0.0
2016-12-27 00:00:00-05:00,5.166068302110755,5.286020332997336,5.164035170833677,5.27585506439209,6384400,0.0,0.0
2016-12-28 00:00:00-05:00,5.243325202335967,5.2758545238762675,5.098975998693297,5.137604713439941,6864400,0.0,0.0
2016-12-29 00:00:00-05:00,5.131505471755632,5.2372259637733505,5.131505471755632,5.151836395263672,6859200,0.0,0.0
2016-12-30 00:00:00-05:00,5.168101280545451,5.235193059584257,5.127439431766725,5.1355719566345215,6991200,0.0,0.0
2017-01-03 00:00:00-05:00,5.172167627161554,5.17826663313154,5.086778053560533,5.157936096191406,7765600,0.0,0.0
2017-01-04 00:00:00-05:00,5.20063045519256,5.296185292965869,5.20063045519256,5.2697553634643555,8977200,0.0,0.0
2017-01-05 00:00:00-05:00,5.196564330050714,5.196564330050714,5.062380772282231,5.082711696624756,12150800,0.0,0.0
2017-01-06 00:00:00-05:00,5.113208285226339,5.11727454796577,4.981057848436106,4.985124111175537,9334400,0.0,0.0
2017-01-09 00:00:00-05:00,5.001387987177445,5.013586385695655,4.946494612175353,4.9790239334106445,6586800,0.0,0.0
2017-01-10 00:00:00-05:00,4.985123257166709,5.103042141948233,4.968858596775467,5.009520053863525,8972400,0.0,0.0
2017-01-11 00:00:00-05:00,5.029851715047344,5.109141897627727,4.981057726707096,5.003421783447266,10173600,0.0,0.0
2017-01-12 00:00:00-05:00,5.00342177723474,5.070513559591793,4.997322383282226,5.025785446166992,10572800,0.0,0.0
2017-01-13 00:00:00-05:00,4.531746065950858,4.714723614766959,4.527679803408688,4.621201515197754,59295600,0.0,0.0
2017-01-17 00:00:00-05:00,4.623235477434,4.828577119359327,4.61103707539513,4.74522066116333,19933600,0.0,0.0
2017-01-18 00:00:00-05:00,4.737086637777428,4.802145666247663,4.655763336914742,4.775715351104736,8723600,0.0,0.0
2017-01-19 00:00:00-05:00,4.783848596452673,4.816377921702947,4.7126905520501445,4.7391204833984375,8009600,0.0,0.0
2017-01-20 00:00:00-05:00,4.769616314243172,4.8041787681629105,4.743186384906957,4.794013500213623,10264400,0.0,0.0
2017-01-23 00:00:00-05:00,4.812311658858218,4.8794034406560325,4.76758393358639,4.865171909332275,8745200,0.0,0.0
2017-01-24 00:00:00-05:00,4.867204992333655,4.90989958588125,4.822476879725537,4.852973461151123,11402400,0.0,0.0
2017-01-25 00:00:00-05:00,4.879403246880278,4.924130970375833,4.865171716121697,4.913965702056885,7550800,0.0,0.0
2017-01-26 00:00:00-05:00,4.93023031018829,5.019686143982512,4.903800380179608,4.924130916595459,12641200,0.0,0.0
2017-01-27 00:00:00-05:00,4.936329106954724,4.981056824553972,4.871270079837529,4.942428112030029,10677600,0.0,0.0
2017-01-30 00:00:00-05:00,4.90380053590655,4.926164204230201,4.848907155168235,4.915998935699463,6925200,0.0,0.0
2017-01-31 00:00:00-05:00,4.875336576555613,4.989189588659235,4.850939779519193,4.9790239334106445,6387600,0.0,0.0
2017-02-01 00:00:00-05:00,4.979024070673985,5.009520261700288,4.8956676342380385,4.940395355224609,7011600,0.0,0.0
2017-02-02 00:00:00-05:00,4.958693878933785,4.997322600081909,4.934297077625617,4.956660747528076,6607200,0.0,0.0
2017-02-03 00:00:00-05:00,4.950561727744128,5.062381240295448,4.936330195722705,5.029851913452148,8970800,0.0,0.0
2017-02-06 00:00:00-05:00,5.029851865776569,5.072546849216317,4.985124138736027,5.017653465270996,6818400,0.0,0.0
2017-02-07 00:00:00-05:00,5.021719215271592,5.082711599351765,4.983090498538084,5.0074872970581055,8718400,0.0,0.0
2017-02-08 00:00:00-05:00,4.999355752106347,5.054249136946368,4.989190482816047,5.040017604827881,5553600,0.0,0.0
2017-02-09 00:00:00-05:00,5.040016845574378,5.164034740910058,5.031884321143129,5.162001609802246,5953200,0.0,0.0
2017-02-10 00:00:00-05:00,5.188432517102209,5.235193374565068,5.141671659639349,5.216895580291748,6084000,0.0,0.0
2017-02-13 00:00:00-05:00,5.235193144792266,5.255524069512535,5.143704177441124,5.157936096191406,5883200,0.0,0.0
2017-02-14 00:00:00-05:00,5.137605644881953,5.2595908166639,5.133539382007181,5.233160495758057,6170800,0.0,0.0
2017-02-15 00:00:00-05:00,5.2351926066936985,5.302284379928472,5.192498018171613,5.2412919998168945,8586800,0.0,0.0
2017-02-16 00:00:00-05:00,5.225027339707144,5.261622535109106,5.143703649178086,5.168100833892822,7183200,0.0,0.0
2017-02-17 00:00:00-05:00,5.157936443620733,5.206730433567973,5.141671780304987,5.1985979080200195,4966800,0.0,0.0
2017-02-21 00:00:00-05:00,5.253490561312626,5.336846997682593,5.235192769155306,5.330747604370117,10881200,0.0,0.0
2017-02-22 00:00:00-05:00,5.326683090653796,5.347013631328645,5.290087496990737,5.338881492614746,5510800,0.0,0.0
2017-02-23 00:00:00-05:00,5.351078184695811,5.355144446643533,5.188431584587764,5.196563720703125,9848800,0.0,0.0
2017-02-24 00:00:00-05:00,5.194531057181439,5.387674251498136,5.174200521173464,5.342946529388428,7966800,0.0,0.0
2017-02-27 00:00:00-05:00,5.328714893096017,5.424270123619386,5.220961650546876,5.391740798950195,9205200,0.0,0.0
2017-02-28 00:00:00-05:00,5.353111572419713,5.353111572419713,4.791980193463414,4.96885871887207,31031600,0.0,0.0
2017-03-01 00:00:00-05:00,4.995289448238728,5.06848062742411,4.9363301888350755,4.976991653442383,13366000,0.0,0.0
2017-03-02 00:00:00-05:00,4.974958335479231,5.103042894250355,4.9708924606170894,5.078645706176758,9901600,0.0,0.0
2017-03-03 00:00:00-05:00,5.09491031092432,5.147770561331469,5.084745042214545,5.139638423919678,7311600,0.0,0.0
2017-03-06 00:00:00-05:00,5.139638329881503,5.143704204622934,5.023752174697613,5.064414024353027,9102400,0.0,0.0
2017-03-07 00:00:00-05:00,5.0400174199223,5.0562820828581705,4.964793111481304,5.015620231628418,9258400,0.0,0.0
2017-03-08 00:00:00-05:00,5.0318845796585085,5.117274151673009,5.003421518247051,5.082711696624756,9521600,0.0,0.0
2017-03-09 00:00:00-05:00,5.082711696624756,5.131505682378738,5.046116110364237,5.082711696624756,9594800,0.0,0.0
2017-03-10 00:00:00-05:00,5.099227615039234,5.223095173489284,5.084776032372387,5.19832181930542,12197600,0.095,0.0
2017-03-13 00:00:00-04:00,5.113678316911563,5.119871457985009,4.977423700581171,4.993939399719238,15760400,0.0,0.0
2017-03-14 00:00:00-04:00,4.991875416989987,5.0868405986540015,4.954714991550896,5.070324897766113,7399200,0.0,0.0
2017-03-15 00:00:00-04:00,5.0909692788959875,5.115743025439342,5.016648433031264,5.093033790588379,11586000,0.0,0.0
2017-03-16 00:00:00-04:00,5.076518699263038,5.078583211202872,4.962973298929869,5.008391380310059,12534000,0.0,0.0
2017-03-17 00:00:00-04:00,5.014584683857228,5.09303416511026,4.99600447102473,5.086840629577637,21716400,0.0,0.0
2017-03-20 00:00:00-04:00,5.090969554194358,5.128129979136201,4.905167823250512,4.929941177368164,16464800,0.0,0.0
2017-03-21 00:00:00-04:00,4.960908503624289,4.983617346134566,4.832911527023431,4.956779479980469,11402000,0.0,0.0
2017-03-22 00:00:00-04:00,4.95884354726232,4.977423758228504,4.905167426000603,4.973294734954834,8168000,0.0,0.0
2017-03-23 00:00:00-04:00,4.985681846172535,5.045551507570322,4.913425507637932,4.9464569091796875,18648800,0.0,0.0
2017-03-24 00:00:00-04:00,4.411760932637645,4.450985475719112,4.265183744297042,4.273441791534424,63778400,0.0,0.0
2017-03-27 00:00:00-04:00,4.197056302032873,4.353955650884098,4.178476090079086,4.304408550262451,27849200,0.0,0.0
2017-03-28 00:00:00-04:00,4.310601381864712,4.496403488046,4.279634495422939,4.484016418457031,17114400,0.0,0.0
2017-03-29 00:00:00-04:00,4.496403949431536,4.570724405764906,4.453049988952152,4.531499862670898,13033200,0.0,0.0
2017-03-30 00:00:00-04:00,4.521177969361697,4.642981427729951,4.512920314671106,4.6367878913879395,8888000,0.0,0.0
2017-03-31 00:00:00-04:00,4.636787162081981,4.694592310885819,4.618207343509157,4.655367374420166,11736800,0.0,0.0
2017-04-03 00:00:00-04:00,4.649173718368977,4.669818440212029,4.525305781075986,4.541821479797363,10836400,0.0,0.0
2017-04-04 00:00:00-04:00,4.529435846141192,4.585176096044909,4.488146392956935,4.537693500518799,8948000,0.0,0.0
2017-04-05 00:00:00-04:00,4.581046796950463,4.601691520528662,4.488145737731241,4.492274761199951,8675600,0.0,0.0
2017-04-06 00:00:00-04:00,4.533563846467219,4.576917805662801,4.488145769288119,4.508790493011475,13184800,0.0,0.0
2017-04-07 00:00:00-04:00,4.504661977448474,4.545951429550883,4.45511487118482,4.471630573272705,15018000,0.0,0.0
2017-04-10 00:00:00-04:00,4.4592431315535865,4.566595373624686,4.450985085041042,4.517047882080078,9381200,0.0,0.0
2017-04-11 00:00:00-04:00,4.500532170456375,4.572788502181315,4.475758818517459,4.564530849456787,10873600,0.0,0.0
2017-04-12 00:00:00-04:00,4.578982697746663,4.578982697746663,4.514984403277314,4.556273460388184,7532400,0.0,0.0
2017-04-13 00:00:00-04:00,4.554208407361622,4.632658275952444,4.537692707726502,4.6202712059021,14654400,0.0,0.0
2017-04-17 00:00:00-04:00,4.634722610149886,4.737945827357988,4.624400052169881,4.725558757781982,14218000,0.0,0.0
2017-04-18 00:00:00-04:00,4.715237140655518,4.744139518822298,4.667754549734273,4.715237140655518,7945200,0.0,0.0
2017-04-19 00:00:00-04:00,4.731753198983934,4.775106769508784,4.698721794651076,4.702850818634033,6722000,0.0,0.0
2017-04-20 00:00:00-04:00,4.737946600654707,4.837040810844317,4.737946600654707,4.787493705749512,7626400,0.0,0.0
2017-04-21 00:00:00-04:00,4.7978158716489085,4.80400940744778,4.73588208872175,4.787493705749512,7064800,0.0,0.0
2017-04-24 00:00:00-04:00,4.830847294169816,4.849427507874597,4.740010737587042,4.793686866760254,10865600,0.0,0.0
2017-04-25 00:00:00-04:00,4.814331561677945,4.849427476922371,4.768913480559141,4.830847263336182,5766800,0.0,0.0
2017-04-26 00:00:00-04:00,4.834976095662798,4.950586002690766,4.81226685912029,4.882458686828613,8846400,0.0,0.0
2017-04-27 00:00:00-04:00,4.886587687359351,4.894845340939523,4.756526591790026,4.768913269042969,11881200,0.0,0.0
2017-04-28 00:00:00-04:00,4.766848888836348,4.766848888836348,4.638851907803583,4.68427038192749,12417200,0.0,0.0
2017-05-01 00:00:00-04:00,4.700786306642555,4.797816007649649,4.657432342352305,4.702850818634033,10979200,0.0,0.0
2017-05-02 00:00:00-04:00,4.713172662725826,4.861813972065476,4.694592449837699,4.839105129241943,7152800,0.0,0.0
2017-05-03 00:00:00-04:00,4.843233403198621,4.954714672333489,4.82671770337479,4.948521137237549,12509200,0.0,0.0
2017-05-04 00:00:00-04:00,4.950586456479076,4.983617861514843,4.857685777478011,4.865943431854248,5856000,0.0,0.0
2017-05-05 00:00:00-04:00,4.892780997903022,4.95677928682691,4.868007250770839,4.954714775085449,4682400,0.0,0.0
2017-05-08 00:00:00-04:00,4.9547154893691125,5.05174519261371,4.921684084274551,5.033164978027344,8862800,0.0,0.0
2017-05-09 00:00:00-04:00,5.022841994292679,5.107485005295263,4.97329489471302,5.055873394012451,7800000,0.0,0.0
2017-05-10 00:00:00-04:00,5.066196311761428,5.187999360761543,5.04555158703136,5.150839328765869,9637200,0.0,0.0
2017-05-11 00:00:00-04:00,5.183870204076171,5.225159255575404,5.004261629070241,5.026970863342285,12190800,0.0,0.0
2017-05-12 00:00:00-04:00,5.012520026241483,5.026971214965303,4.909296799625216,4.96090841293335,7281200,0.0,0.0
2017-05-15 00:00:00-04:00,4.983617570478602,5.0950988512880215,4.9753599165846,5.029036045074463,8557600,0.0,0.0
2017-05-16 00:00:00-04:00,5.022842084228598,5.060002508020049,4.934070048230208,5.05174446105957,8138800,0.0,0.0
2017-05-17 00:00:00-04:00,5.051744888817243,5.051744888817243,4.903103574830551,4.9216837882995605,8830800,0.0,0.0
2017-05-18 00:00:00-04:00,4.94232791168856,4.965036752456024,4.855620390649626,4.90929651260376,6992800,0.0,0.0
2017-05-19 00:00:00-04:00,4.913425978604666,5.018713728773175,4.8680078955726325,5.000133514404297,10678400,0.0,0.0
2017-05-22 00:00:00-04:00,5.026971039111464,5.078582650614116,4.9629727511024715,4.965036869049072,9823600,0.0,0.0
2017-05-23 00:00:00-04:00,5.031100907653348,5.031100907653348,4.671883684740522,4.678077220916748,22539200,0.0,0.0
2017-05-24 00:00:00-04:00,4.66775450740579,4.7214306333468965,4.630594082233841,4.688398838043213,9792400,0.0,0.0
2017-05-25 00:00:00-04:00,4.872136502141819,4.886587691242632,4.69252790988725,4.876265525817871,30954000,0.0,0.0
2017-05-26 00:00:00-04:00,4.566595888039979,4.6264651569387265,4.386987293812989,4.587240219116211,56848000,0.0,0.0
2017-05-30 00:00:00-04:00,4.578982786581416,4.733817639723175,4.576918274621012,4.659496784210205,22719600,0.0,0.0
2017-05-31 00:00:00-04:00,4.673948204660066,4.68633527703335,4.519113343882736,4.570724964141846,21626000,0.0,0.0
2017-06-01 00:00:00-04:00,4.572789319528682,4.740010853184448,4.564531665328167,4.702850818634033,14764000,0.0,0.0
2017-06-02 00:00:00-04:00,4.69252764871082,4.702850207326419,4.614078172059016,4.680140972137451,9402000,0.0,0.0
2017-06-05 00:00:00-04:00,4.671742525492546,4.738931567400633,4.6108522059644175,4.720034599304199,7822800,0.095,0.0
2017-06-06 00:00:00-04:00,4.671742366054698,4.694838748601721,4.596154496248633,4.598254203796387,12421600,0.0,0.0
2017-06-07 00:00:00-04:00,4.610852123433499,4.663343611544418,4.583556725826262,4.627649784088135,8619200,0.0,0.0
2017-06-08 00:00:00-04:00,4.650746003792869,4.709536617648522,4.478573978082101,4.486972808837891,14475200,0.0,0.0
2017-06-09 00:00:00-04:00,4.4785738502804975,4.638148025782228,4.472274727393407,4.6213507652282715,11822800,0.0,0.0
2017-06-12 00:00:00-04:00,4.606653531322259,4.650746193150535,4.533165361130156,4.558361053466797,13127600,0.0,0.0
2017-06-13 00:00:00-04:00,4.5730587942761,4.654945391262649,4.528965734029142,4.615051746368408,7673600,0.0,0.0
2017-06-14 00:00:00-04:00,4.610852261253116,4.610852261253116,4.461776622791768,4.541563510894775,9924400,0.0,0.0
2017-06-15 00:00:00-04:00,4.518467745476509,4.545763145214803,4.438680453050785,4.455477714538574,9284400,0.0,0.0
2017-06-16 00:00:00-04:00,4.434480889201246,4.444979026152441,4.304301828423848,4.3231987953186035,14732000,0.0,0.0
2017-06-19 00:00:00-04:00,4.335796639172881,4.402985676799311,4.272807016517667,4.367291450500488,8533600,0.0,0.0
2017-06-20 00:00:00-04:00,4.350494579938699,4.36309282597837,4.298003089541608,4.333697319030762,7184800,0.0,0.0
2017-06-21 00:00:00-04:00,4.3378970381585065,4.398787363512836,4.260209851198252,4.29590368270874,8776800,0.0,0.0
2017-06-22 00:00:00-04:00,4.302202210794879,4.36519223525244,4.291704073624416,4.3127007484436035,16845600,0.0,0.0
2017-06-23 00:00:00-04:00,4.298002897564029,4.337896540617821,4.2539102398295245,4.33579683303833,6991200,0.0,0.0
2017-06-26 00:00:00-04:00,4.339996506425294,4.444979488776677,4.3378967987208705,4.436580657958984,9228800,0.0,0.0
2017-06-27 00:00:00-04:00,4.423983453326058,4.51426889530877,4.417684729778285,4.489072799682617,6988800,0.0,0.0
2017-06-28 00:00:00-04:00,4.514268204605036,4.568859403043702,4.499570651271221,4.5163679122924805,12645600,0.0,0.0
2017-06-29 00:00:00-04:00,4.5268664204210936,4.573059192365538,4.468076202278455,4.537364959716797,6932800,0.0,0.0
2017-06-30 00:00:00-04:00,4.566760068788116,4.577258207605494,4.491172187772352,4.537364959716797,4604400,0.0,0.0
2017-07-03 00:00:00-04:00,4.570959199293609,4.6192512756056034,4.5268661379595665,4.53526496887207,5637600,0.0,0.0
2017-07-05 00:00:00-04:00,4.526866050251408,4.558360864606482,4.489072112834002,4.5163679122924805,10736800,0.0,0.0
2017-07-06 00:00:00-04:00,4.486973115160947,4.522667347353295,4.4239830816271075,4.434481620788574,6033200,0.0,0.0
2017-07-07 00:00:00-04:00,4.440780274523414,4.468076075439046,4.379890350250173,4.390388488769531,7423600,0.0,0.0
2017-07-10 00:00:00-04:00,4.386188507080078,4.41348430447286,4.365192232751184,4.386188507080078,6586000,0.0,0.0
2017-07-11 00:00:00-04:00,4.400886058807373,4.423982441140477,4.369391246839307,4.400886058807373,4670800,0.0,0.0
2017-07-12 00:00:00-04:00,4.440780076844877,4.46387646113332,4.405085846798327,4.4071855545043945,4348000,0.0,0.0
2017-07-13 00:00:00-04:00,4.459676937581785,4.499570582073117,4.417683985913586,4.442879676818848,6997600,0.0,0.0
2017-07-14 00:00:00-04:00,4.461777130082807,4.476474684787724,4.402986510784812,4.413485050201416,4919600,0.0,0.0
2017-07-17 00:00:00-04:00,4.415584733736868,4.531065863334437,4.405086194378153,4.468076229095459,6917200,0.0,0.0
2017-07-18 00:00:00-04:00,4.489072528590754,4.4911722364726625,4.405086215706041,4.428182601928711,4412800,0.0,0.0
2017-07-19 00:00:00-04:00,4.440779952001401,4.507968994793484,4.421882983656343,4.482773303985596,3891600,0.0,0.0
2017-07-20 00:00:00-04:00,4.4722750703018095,4.480673901461903,4.430282115936279,4.430282115936279,7422800,0.0,0.0
2017-07-21 00:00:00-04:00,4.438680374439718,4.447079205274018,4.3504946530710615,4.36309289932251,14301600,0.0,0.0
2017-07-24 00:00:00-04:00,4.346295176600919,4.409284799256135,4.335796639172881,4.367291450500488,6337200,0.0,0.0
2017-07-25 00:00:00-04:00,4.407185814272763,4.486973109892954,4.3966876756019415,4.463876724243164,8422000,0.0,0.0
2017-07-26 00:00:00-04:00,4.4680758615582485,4.478573999575074,4.39878710940363,4.417684078216553,7079600,0.0,0.0
2017-07-27 00:00:00-04:00,4.42818171094448,4.568858906900412,4.415583866666138,4.55626106262207,15353600,0.0,0.0
2017-07-28 00:00:00-04:00,4.543663986155839,4.562560957671362,4.4932721956072275,4.51426887512207,4938800,0.0,0.0
2017-07-31 00:00:00-04:00,4.524766517171386,4.568859579352643,4.49537140936942,4.55416202545166,5477600,0.0,0.0
2017-08-01 00:00:00-04:00,4.554162049644687,4.554162049644687,4.438680524635206,4.484873294830322,12236400,0.0,0.0
2017-08-02 00:00:00-04:00,4.476474952108718,4.539464990934922,4.465976812543527,4.489072799682617,4464400,0.0,0.0
2017-08-03 00:00:00-04:00,4.476474542737547,4.58145753070223,4.476474542737547,4.547863006591797,4191600,0.0,0.0
2017-08-04 00:00:00-04:00,4.573058884681976,4.642347637458447,4.554161915699456,4.604553699493408,4544400,0.0,0.0
2017-08-07 00:00:00-04:00,4.606652826707403,4.67384186329923,4.58355644519962,4.654944896697998,5110400,0.0,0.0
2017-08-08 00:00:00-04:00,4.661243927947177,4.696938152998671,4.5982539070148825,4.606652736663818,5690000,0.0,0.0
2017-08-09 00:00:00-04:00,4.566759567128608,4.644447147469516,4.539464168914836,4.636048316955566,6014000,0.0,0.0
2017-08-10 00:00:00-04:00,4.600354034776509,4.600354034776509,4.5058691949837995,4.507968902587891,6085200,0.0,0.0
2017-08-11 00:00:00-04:00,4.459676710698158,4.583556652701851,4.423982483333055,4.568859100341797,6477200,0.0,0.0
2017-08-14 00:00:00-04:00,4.608752353314834,4.617150782320137,4.560459884740972,4.5877556800842285,6135600,0.0,0.0
2017-08-15 00:00:00-04:00,4.556262387544384,4.5709599435560815,4.363093650365581,4.394588470458984,15553600,0.0,0.0
2017-08-16 00:00:00-04:00,4.434481330999063,4.512168513325526,4.426082500218746,4.491171836853027,9757600,0.0,0.0
2017-08-17 00:00:00-04:00,4.486973024831973,4.547862948829401,4.409285438514358,4.430282115936279,7758400,0.0,0.0
2017-08-18 00:00:00-04:00,4.419783483817235,4.478574099263647,4.402986222329447,4.455477714538574,8494000,0.0,0.0
2017-08-21 00:00:00-04:00,4.442880460839539,4.484873820396457,4.402986809308303,4.405086517333984,6532400,0.0,0.0
2017-08-22 00:00:00-04:00,4.434481500763639,4.554162040616813,4.4281823774372535,4.543663501739502,9895200,0.0,0.0
2017-08-23 00:00:00-04:00,4.533164798770761,4.581456870157066,4.4533775151533135,4.510068416595459,9731600,0.0,0.0
2017-08-24 00:00:00-04:00,4.566759482425464,4.644447061325441,4.5457628070083125,4.573058605194092,16938400,0.0,0.0
2017-08-25 00:00:00-04:00,4.178322929303336,4.186721760747805,3.930563008388069,4.073339939117432,82002800,0.0,0.0
2017-08-28 00:00:00-04:00,4.075439474879734,4.1363297988458605,3.9809546275110224,4.020848274230957,20913600,0.0,0.0
2017-08-29 00:00:00-04:00,3.9746561717883258,4.004051281621505,3.913765843730071,3.9368622303009033,18670800,0.0,0.0
2017-08-30 00:00:00-04:00,3.9368621700611857,3.9830545420177046,3.9221646153694896,3.945261001586914,8840400,0.0,0.0
2017-08-31 00:00:00-04:00,3.953659078971779,3.962057909746216,3.878071203915022,3.8843703269958496,10518400,0.0,0.0
2017-09-01 00:00:00-04:00,3.905366658811787,3.9641568671315355,3.905366658811787,3.9200642108917236,9377200,0.0,0.0
2017-09-05 00:00:00-04:00,3.924263420270903,3.980953918111669,3.8969676245714258,3.976754903793335,10584000,0.0,0.0
2017-09-06 00:00:00-04:00,3.989353439391384,4.062841609160045,3.9872537316290444,4.060741901397705,11683200,0.0,0.0
2017-09-07 00:00:00-04:00,4.073592429751023,4.142128092368554,4.028615645842786,4.037182807922363,11212000,0.095,0.0
2017-09-08 00:00:00-04:00,4.037182159545667,4.110001391508124,4.013622876115253,4.101434230804443,8876800,0.0,0.0
2017-09-11 00:00:00-04:00,4.114284898386116,4.16568704978452,4.097150984088228,4.112143516540527,8818400,0.0,0.0
2017-09-12 00:00:00-04:00,4.124993685332265,4.270632155298002,4.114284734008476,4.182820796966553,13388000,0.0,0.0
2017-09-13 00:00:00-04:00,4.197813299874382,4.292050037520833,4.187104347582308,4.287766456604004,7023600,0.0,0.0
2017-09-14 00:00:00-04:00,4.296333160313063,4.347734905207081,4.259923539950039,4.30061674118042,7686800,0.0,0.0
2017-09-15 00:00:00-04:00,4.298474880690136,4.377719491425689,4.283482756403483,4.345593452453613,10021600,0.0,0.0
2017-09-18 00:00:00-04:00,4.367010570052738,4.418412314469432,4.304900282071848,4.319892406463623,8383600,0.0,0.0
2017-09-19 00:00:00-04:00,4.3198922539793845,4.339167958518343,4.266348721038889,4.324175834655762,5441200,0.0,0.0
2017-09-20 00:00:00-04:00,4.311325131940975,4.322034083729569,4.285624464657829,4.304900169372559,4860000,0.0,0.0
2017-09-21 00:00:00-04:00,4.283482743912403,4.3241759443609,4.255640285819061,4.259923458099365,5662000,0.0,0.0
2017-09-22 00:00:00-04:00,4.255639782313909,4.292049397669558,4.253497992174789,4.285624027252197,4003600,0.0,0.0
2017-09-25 00:00:00-04:00,4.289908507547246,4.384144842411001,4.285624926370316,4.377719879150391,4635200,0.0,0.0
2017-09-26 00:00:00-04:00,4.4012781423681755,4.448396711707524,4.356301771822138,4.422695636749268,8520400,0.0,0.0
2017-09-27 00:00:00-04:00,4.45053874800093,4.49123154021911,4.39056984212002,4.465530872344971,8193600,0.0,0.0
2017-09-28 00:00:00-04:00,4.456963282829383,4.48266435674086,4.414128704316537,4.4526801109313965,6883600,0.0,0.0
2017-09-29 00:00:00-04:00,4.454821837393909,4.465530789229437,4.394853341133924,4.424837589263916,6262800,0.0,0.0
2017-10-02 00:00:00-04:00,4.422695234020246,4.4291206043009,4.358443165232469,4.384143829345703,6238800,0.0,0.0
2017-10-03 00:00:00-04:00,4.390569960814885,4.392711751279756,4.302758594278967,4.3284592628479,5561200,0.0,0.0
2017-10-04 00:00:00-04:00,4.302758291217389,4.345593280488242,4.289907957838026,4.337026119232178,4735200,0.0,0.0
2017-10-05 00:00:00-04:00,4.347735489888206,4.396995859477809,4.330601572619373,4.3948540687561035,4584000,0.0,0.0
2017-10-06 00:00:00-04:00,4.37129424195838,4.388428157120939,4.287766456604004,4.287766456604004,6607200,0.0,0.0
2017-10-09 00:00:00-04:00,4.298474587915914,4.337025995458522,4.281340674397501,4.315608501434326,7199600,0.0,0.0
2017-10-10 00:00:00-04:00,4.32417641388166,4.345593911627692,4.272774664394059,4.332743167877197,7053200,0.0,0.0
2017-10-11 00:00:00-04:00,4.330600598624958,4.330600598624958,4.167828216927742,4.195671081542969,9236000,0.0,0.0
2017-10-12 00:00:00-04:00,4.195671120092111,4.2170886141841315,4.137844008595073,4.176395416259766,7103200,0.0,0.0
2017-10-13 00:00:00-04:00,4.20638000300772,4.234222870130098,4.178537544390097,4.221372127532959,4371600,0.0,0.0
2017-10-16 00:00:00-04:00,4.217088169573554,4.219229959607417,4.112142908942302,4.157119274139404,6058800,0.0,0.0
2017-10-17 00:00:00-04:00,4.167828801670995,4.219230957633141,4.144269922735185,4.210663795471191,5004400,0.0,0.0
2017-10-18 00:00:00-04:00,4.223513910336071,4.302758522189582,4.202096823055707,4.294191360473633,7648800,0.0,0.0
2017-10-19 00:00:00-04:00,4.285624607262438,4.315608856258751,4.268490692335295,4.294191360473633,5086400,0.0,0.0
2017-10-20 00:00:00-04:00,4.3113250732421875,4.352018272475327,4.292049777294633,4.3113250732421875,6760800,0.0,0.0
2017-10-23 00:00:00-04:00,4.31346779107077,4.401279170899562,4.31346779107077,4.343452453613281,6814400,0.0,0.0
2017-10-24 00:00:00-04:00,4.373435525497182,4.386285858253444,4.270632046437659,4.2749152183532715,6804800,0.0,0.0
2017-10-25 00:00:00-04:00,4.274915608241069,4.283482769863076,4.1421278711379745,4.199954986572266,10313600,0.0,0.0
2017-10-26 00:00:00-04:00,4.18710412164104,4.227797321145546,4.12713562606044,4.178537368774414,8568400,0.0,0.0
2017-10-27 00:00:00-04:00,4.15497832502191,4.165687277358589,4.052174833618363,4.142127990722656,8920800,0.0,0.0
2017-10-30 00:00:00-04:00,4.161403514958692,4.169970267949704,3.9836389989691705,4.02004861831665,9008000,0.0,0.0
2017-10-31 00:00:00-04:00,4.0457490077314855,4.077875452627791,3.981496934948306,4.0029144287109375,8775600,0.0,0.0
2017-11-01 00:00:00-04:00,3.998630886654123,4.058599788064398,3.968646640201346,3.9836387634277344,9954800,0.0,0.0
2017-11-02 00:00:00-04:00,3.9836395207859026,3.9836395207859026,3.9022531099343833,3.9643638134002686,11618400,0.0,0.0
2017-11-03 00:00:00-04:00,3.9622214375338594,3.972929980719894,3.876551866531372,3.876551866531372,8081600,0.0,0.0
2017-11-06 00:00:00-05:00,3.8701261316128432,3.900110376518141,3.7930233207081354,3.8187243938446045,12196000,0.0,0.0
2017-11-07 00:00:00-05:00,3.829433320455449,3.8529926058202393,3.6559523870090356,3.6645195484161377,11377600,0.0,0.0
2017-11-08 00:00:00-05:00,3.6773698427126984,3.703070918154532,3.636676643473436,3.683795213699341,8921600,0.0,0.0
2017-11-09 00:00:00-05:00,3.670944484803803,3.852992578359857,3.6645195222990075,3.760897636413574,11451600,0.0,0.0
2017-11-10 00:00:00-05:00,3.730913173121689,3.730913173121689,3.473904066657932,3.518880844116211,23149600,0.0,0.0
2017-11-13 00:00:00-05:00,3.518881134938244,3.6066924983946125,3.407510485699278,3.469621181488037,17498800,0.0,0.0
2017-11-14 00:00:00-05:00,3.44820352487156,3.5081720189619356,3.394659993145308,3.4674792289733887,14071200,0.0,0.0
2017-11-15 00:00:00-05:00,3.443920098892278,3.533873252570629,3.3946601455339476,3.426786184310913,15286000,0.0,0.0
2017-11-16 00:00:00-05:00,3.4289278961627283,3.595983865883452,3.4289278961627283,3.4653375148773193,19420400,0.0,0.0
2017-11-17 00:00:00-05:00,3.4931800365448,3.5510071511861874,3.458912207536143,3.4931800365448,12778000,0.0,0.0
2017-11-20 00:00:00-05:00,3.5124553975464914,3.5253057300404698,3.433211203911471,3.5210225582122803,15186800,0.0,0.0
2017-11-21 00:00:00-05:00,3.5338732671115856,3.595983963040068,3.482471523155987,3.5831332206726074,37409600,0.0,0.0
2017-11-22 00:00:00-05:00,3.8230083148692002,4.005056407673398,3.7052122978760207,3.7202048301696777,80569600,0.0,0.0
2017-11-24 00:00:00-05:00,3.7330549524379415,3.893685541382743,3.7159210392906843,3.7309131622314453,25896800,0.0,0.0
2017-11-27 00:00:00-05:00,3.7673231199283004,3.895827684423381,3.7673231199283004,3.8915441036224365,23387200,0.0,0.0
2017-11-28 00:00:00-05:00,3.8915440877251677,4.0821589390362645,3.8915440877251677,4.073592185974121,23533600,0.0,0.0
2017-11-29 00:00:00-05:00,4.088584375498148,4.217088941520244,4.0821590042203795,4.1806793212890625,25909200,0.0,0.0
2017-11-30 00:00:00-05:00,4.198153532472983,4.2243648730102,4.084572167785373,4.095493316650391,20098800,0.095,0.0
2017-12-01 00:00:00-05:00,4.091124370156631,4.185047742856798,4.036517796876542,4.0998616218566895,15327600,0.0,0.0
2017-12-04 00:00:00-05:00,4.158837433033716,4.3379469530931445,4.14791586680134,4.237470626831055,17445200,0.0,0.0
2017-12-05 00:00:00-05:00,4.2658658630398,4.292076786190381,4.1391786235050265,4.209074974060059,12323600,0.0,0.0
2017-12-06 00:00:00-05:00,4.209074551800476,4.2265486376862125,4.134809582632331,4.152283668518066,9721200,0.0,0.0
2017-12-07 00:00:00-05:00,4.147915661420125,4.1828638384029855,4.064913845239614,4.069282054901123,13109200,0.0,0.0
2017-12-08 00:00:00-05:00,4.1238879546701455,4.233101093917518,4.07801863616148,4.193784713745117,12568400,0.0,0.0
2017-12-11 00:00:00-05:00,4.2112587960619265,4.228732881663218,4.078018632967662,4.165389060974121,14610000,0.0,0.0
2017-12-12 00:00:00-05:00,4.182863938044465,4.215627802669486,4.141362820658031,4.174127101898193,10131600,0.0,0.0
2017-12-13 00:00:00-05:00,4.171942032396294,4.185047492547447,4.064913205162568,4.078018665313721,12346400,0.0,0.0
2017-12-14 00:00:00-05:00,4.108598026401639,4.134809362140036,4.005937829374267,4.014674663543701,11272400,0.0,0.0
2017-12-15 00:00:00-05:00,4.027781244134465,4.0583607939980775,3.9688060408702523,4.005938529968262,15500800,0.0,0.0
2017-12-18 00:00:00-05:00,4.0299649563357915,4.095492672448952,4.019043392573559,4.075834274291992,12825600,0.0,0.0
2017-12-19 00:00:00-05:00,4.08457198449559,4.106414281245482,4.012491322021672,4.016859531402588,9014800,0.0,0.0
2017-12-20 00:00:00-05:00,4.047438752036999,4.069281044767942,3.9775419988068843,3.986279249191284,9218000,0.0,0.0
2017-12-21 00:00:00-05:00,3.9950172260332497,4.034333610067291,3.933857712066233,4.029965400695801,11448400,0.0,0.0
2017-12-22 00:00:00-05:00,4.029965705842745,4.047439794497149,3.986280275899165,3.9950175285339355,8341600,0.0,0.0
2017-12-26 00:00:00-05:00,3.9950176291331383,4.189416922385482,3.990649002705746,4.043071269989014,12936800,0.0,0.0
2017-12-27 00:00:00-05:00,4.043070126844799,4.056175585806371,3.9753581028258127,3.986279249191284,7350400,0.0,0.0
2017-12-28 00:00:00-05:00,3.990648502732735,3.992832815672767,3.936041929077219,3.9688057899475098,7757600,0.0,0.0
2017-12-29 00:00:00-05:00,3.9819111426898086,4.00375385488105,3.9185677356117994,3.9207520484924316,8255600,0.0,0.0
2018-01-02 00:00:00-05:00,3.9229362143911137,3.9950172945610474,3.8836198296826656,3.98846435546875,11330800,0.0,0.0
2018-01-03 00:00:00-05:00,3.995016645223523,4.012490730014354,3.9141987426815277,3.975358247756958,15156800,0.0,0.0
2018-01-04 00:00:00-05:00,3.9753588252385437,4.014675209267936,3.922936146635812,4.001569747924805,11125200,0.0,0.0
2018-01-05 00:00:00-05:00,4.014675390272363,4.091124682015086,3.9797272140382827,4.080203533172607,12076000,0.0,0.0
2018-01-08 00:00:00-05:00,4.106414972009153,4.237470857629695,4.106414972009153,4.200338363647461,14673600,0.0,0.0
2018-01-09 00:00:00-05:00,4.217811373635913,4.313919054023335,4.217811373635913,4.270233631134033,14650400,0.0,0.0
2018-01-10 00:00:00-05:00,4.2352859321447625,4.351052024090858,4.222180470461374,4.2986297607421875,16051200,0.0,0.0
2018-01-11 00:00:00-05:00,4.351051583117741,4.436237700348945,4.318287723922283,4.359788417816162,16852400,0.0,0.0
2018-01-12 00:00:00-05:00,4.040886409657886,4.0496236613296865,3.8508553519471183,3.879251003265381,61783200,0.0,0.0
2018-01-16 00:00:00-05:00,3.9316730415386303,3.9928325499439885,3.721984012631802,3.748194932937622,31410000,0.0,0.0
2018-01-17 00:00:00-05:00,3.765669522563907,3.868329737959617,3.7503797475704106,3.822460412979126,17038800,0.0,0.0
2018-01-18 00:00:00-05:00,3.815907417140995,3.9163837345751498,3.759116527567797,3.9010939598083496,17062800,0.0,0.0
2018-01-19 00:00:00-05:00,3.9076462045420666,3.9709900287755016,3.877066657182525,3.960068464279175,12776000,0.0,0.0
2018-01-22 00:00:00-05:00,3.9797268051705537,3.9906483695061,3.815907089673079,3.833381175994873,20939200,0.0,0.0
2018-01-23 00:00:00-05:00,3.8268287951934146,3.837749943316799,3.750379508484435,3.8006174564361572,14514000,0.0,0.0
2018-01-24 00:00:00-05:00,3.800617336566654,3.8115389009606737,3.654271706607448,3.7088782787323,16295600,0.0,0.0
2018-01-25 00:00:00-05:00,3.7088780182838583,3.7219838946363484,3.6280605305187685,3.6782984733581543,10807200,0.0,0.0
2018-01-26 00:00:00-05:00,3.682667444468346,3.732905392023123,3.628060871052695,3.7263524532318115,13395200,0.0,0.0
2018-01-29 00:00:00-05:00,3.7241680680688463,3.756932344774828,3.6695614957123235,3.7460107803344727,12618800,0.0,0.0
2018-01-30 00:00:00-05:00,3.7307209186714725,3.7613004651524853,3.6826672861134417,3.728536605834961,7544000,0.0,0.0
2018-01-31 00:00:00-05:00,3.743826435358336,3.7722220860447986,3.6477191687974444,3.671745777130127,10996800,0.0,0.0
2018-02-01 00:00:00-05:00,3.647719309385555,3.7154313444847795,3.619323657604685,3.638982057571411,11748400,0.0,0.0
2018-02-02 00:00:00-05:00,3.6171391458913296,3.638981857611346,3.542874176012316,3.545058488845825,13014000,0.0,0.0
2018-02-05 00:00:00-05:00,3.5254002737101584,3.5428743606739412,3.4161873343402904,3.4183714389801025,16524400,0.0,0.0
2018-02-06 00:00:00-05:00,3.355027488207056,3.5778221790057434,3.298236815372898,3.525399923324585,19848800,0.0,0.0
2018-02-07 00:00:00-05:00,3.5297689759716353,3.641166439006502,3.527584662977018,3.5974810123443604,17654000,0.0,0.0
2018-02-08 00:00:00-05:00,3.5931128216693278,3.6149551184989646,3.4423985571772153,3.457688331604004,17146800,0.0,0.0
2018-02-09 00:00:00-05:00,3.4904519849850564,3.566901269167925,3.4227399523042674,3.5319530963897705,22563600,0.0,0.0
2018-02-12 00:00:00-05:00,3.558164436542963,3.566901271435515,3.411818598403208,3.4511353969573975,9727200,0.0,0.0
2018-02-13 00:00:00-05:00,3.442398214042196,3.464240717002146,3.3834230186045127,3.4030814170837402,9855600,0.0,0.0
2018-02-14 00:00:00-05:00,3.4030816414964087,3.5821911357938365,3.3921602851424697,3.542874336242676,12863600,0.0,0.0
2018-02-15 00:00:00-05:00,3.560348593100785,3.60403402060262,3.54724313149628,3.5843756198883057,9052400,0.0,0.0
2018-02-16 00:00:00-05:00,3.6084020877938383,3.706693659526553,3.5494268947851806,3.582190752029419,10824400,0.0,0.0
2018-02-20 00:00:00-05:00,3.56034850775565,3.5647171337241357,3.4467669405731916,3.4642410278320312,9959200,0.0,0.0
2018-02-21 00:00:00-05:00,3.472978057172478,3.540690092945005,3.4205557956116412,3.4271085262298584,12124800,0.0,0.0
2018-02-22 00:00:00-05:00,3.453319855939022,3.479530986648254,3.400897386213008,3.411818742752075,9808800,0.0,0.0
2018-02-23 00:00:00-05:00,3.4489513355572163,3.492636554742944,3.4227402040457795,3.4882681369781494,10321200,0.0,0.0
2018-02-26 00:00:00-05:00,3.4948204453066,3.5166631564127786,3.459872274182739,3.5122945308685303,11084800,0.0,0.0
2018-02-27 00:00:00-05:00,3.5166635945546973,3.6236924340331518,3.40089750289917,3.40089750289917,17896000,0.0,0.0
2018-02-28 00:00:00-05:00,3.4183714826363856,3.483899413741207,3.4030817084246956,3.4271085262298584,18948000,0.0,0.0
2018-03-01 00:00:00-05:00,3.4489513355572163,3.5450588177658173,3.4423986047562463,3.4882681369781494,12530000,0.0,0.0
2018-03-02 00:00:00-05:00,3.4815556085095176,3.577768115804055,3.441280476432522,3.564343214035034,14215600,0.095,0.0
2018-03-05 00:00:00-05:00,3.5509180426844944,3.604618289065621,3.508405569908772,3.5911929607391357,16944400,0.0,0.0
2018-03-06 00:00:00-05:00,3.5911924878404125,3.618042714187741,3.535255120874127,3.5934300422668457,10670400,0.0,0.0
2018-03-07 00:00:00-05:00,3.546442944376323,3.6180429842879116,3.544205389782848,3.566580295562744,11957600,0.0,0.0
2018-03-08 00:00:00-05:00,3.568818182154648,3.5911930900160267,3.4636554537127577,3.499455690383911,11897600,0.0,0.0
2018-03-09 00:00:00-05:00,3.5106425157666243,3.5553927516072203,3.470367602249002,3.546442747116089,15879600,0.0,0.0
2018-03-12 00:00:00-04:00,3.5464428066019695,3.582242825166983,3.4681301059522953,3.4793176651000977,15514400,0.0,0.0
2018-03-13 00:00:00-04:00,3.497217886154813,3.5822430420878457,3.486030326329554,3.4927427768707275,11566000,0.0,0.0
2018-03-14 00:00:00-04:00,3.5173554962002926,3.539730402752349,3.4524679044449003,3.4591803550720215,10072400,0.0,0.0
2018-03-15 00:00:00-04:00,3.4681304056466984,3.4949804218906713,3.414430373158753,3.4256179332733154,7468000,0.0,0.0
2018-03-16 00:00:00-04:00,3.432330349382286,3.5039303919776534,3.427855240027596,3.450230360031128,20336000,0.0,0.0
2018-03-19 00:00:00-04:00,3.409955138974799,3.447992713941384,3.3025550779291137,3.3137426376342773,15904400,0.0,0.0
2018-03-20 00:00:00-04:00,3.31598005350636,3.3450676240405333,3.2108175447116074,3.2376675605773926,17136000,0.0,0.0
2018-03-21 00:00:00-04:00,3.201867407356265,3.2331923178818167,3.1347422637680196,3.136979818344116,17644800,0.0,0.0
2018-03-22 00:00:00-04:00,3.119079623492029,3.1526423022839185,3.0407671330808554,3.0944671630859375,17769200,0.0,0.0
2018-03-23 00:00:00-04:00,3.1146048059569726,3.119079701877379,3.0183920897412393,3.020629644393921,15245600,0.0,0.0
2018-03-26 00:00:00-04:00,3.065379548570318,3.1526422560886402,3.04076708852487,3.1414546966552734,20062800,0.0,0.0
2018-03-27 00:00:00-04:00,3.1481674284969574,3.179492555034751,3.0810424926637765,3.1056549549102783,17923600,0.0,0.0
2018-03-28 00:00:00-04:00,3.1325046588508054,3.2018673559004496,3.0899921895129205,3.166067123413086,30536000,0.0,0.0
2018-03-29 00:00:00-04:00,2.830441727136568,2.9087544318084695,2.729754116404804,2.8237292766571045,101847200,0.0,0.0
2018-04-02 00:00:00-04:00,2.7991167668918653,2.971404415409965,2.7968792123096295,2.8684792518615723,44520000,0.0,0.0
2018-04-03 00:00:00-04:00,2.8282043088454127,2.937841921691027,2.8192543039883207,2.910991907119751,22988800,0.0,0.0
2018-04-04 00:00:00-04:00,2.868479152197453,3.0161543353348965,2.84386669280286,2.9848294258117676,25535200,0.0,0.0
2018-04-05 00:00:00-04:00,2.9870669406995205,3.0497169722998088,2.9691669316708666,3.0340545177459717,20562400,0.0,0.0
2018-04-06 00:00:00-04:00,3.002729658006389,3.056429689791357,2.962454527475184,3.004967212677002,16953200,0.0,0.0
2018-04-09 00:00:00-04:00,3.0228671916057053,3.0788047774753076,3.0049671811982286,3.0161545276641846,22814400,0.0,0.0
2018-04-10 00:00:00-04:00,3.0609045028686523,3.1011794161167034,3.0228669306897045,3.0609045028686523,23154400,0.0,0.0
2018-04-11 00:00:00-04:00,3.047479821822453,3.128029873129732,3.043004925664532,3.0967049598693848,17136000,0.0,0.0
2018-04-12 00:00:00-04:00,3.101179421688674,3.103416976146735,3.013916931673661,3.0497169494628906,12457600,0.0,0.0
2018-04-13 00:00:00-04:00,3.0720918460061837,3.1190794225802194,3.0318169327891087,3.0452418327331543,12754800,0.0,0.0
2018-04-16 00:00:00-04:00,3.0720920612867766,3.1101296361019988,3.0430047049080327,3.0899922847747803,12910800,0.0,0.0
2018-04-17 00:00:00-04:00,3.107892243752092,3.172779832654471,3.0967046842754855,3.11907958984375,17155600,0.0,0.0
2018-04-18 00:00:00-04:00,3.130267220032138,3.1392172251386112,3.043004723590262,3.056429624557495,14293200,0.0,0.0
2018-04-19 00:00:00-04:00,3.0564296727982496,3.0832796885414533,3.009442091901404,3.0251047611236572,10029600,0.0,0.0
2018-04-20 00:00:00-04:00,3.0139170964877184,3.029579551780763,2.8662419083391577,2.881904363632202,24803200,0.0,0.0
2018-04-23 00:00:00-04:00,2.886379182040627,2.987067001611184,2.886379182040627,2.9535043239593506,14771600,0.0,0.0
2018-04-24 00:00:00-04:00,2.9736418438358165,3.0519545438120597,2.9356042710913486,3.0004918575286865,14454400,0.0,0.0
2018-04-25 00:00:00-04:00,2.9870669517750255,3.049716983607609,2.9736418382612877,3.0116794109344482,14588400,0.0,0.0
2018-04-26 00:00:00-04:00,3.043004727313112,3.1056547631350715,3.009442048084061,3.0586671829223633,12848000,0.0,0.0
2018-04-27 00:00:00-04:00,3.0609046841289165,3.112367159309734,3.0430046742064625,3.101179599761963,10002400,0.0,0.0
2018-04-30 00:00:00-04:00,3.125792320341642,3.132504770817034,3.03405471476645,3.054192066192627,12607600,0.0,0.0
2018-05-01 00:00:00-04:00,3.038529352103615,3.107892045731136,3.0139168935312357,3.0989420413970947,9638800,0.0,0.0
2018-05-02 00:00:00-04:00,3.101179698095838,3.1034172527533324,2.987067184568091,3.009442090988159,12727200,0.0,0.0
2018-05-03 00:00:00-04:00,3.002729543362995,3.0183919986893826,2.8640043598558385,2.8707168102264404,20365600,0.0,0.0
2018-05-04 00:00:00-04:00,2.870716774815754,2.9266543584456555,2.850579210567398,2.908754348754883,19612400,0.0,0.0
2018-05-07 00:00:00-04:00,2.913229491425856,2.9154668326242623,2.8595292483500483,2.8841419219970703,12474000,0.0,0.0
2018-05-08 00:00:00-04:00,2.872954374765277,2.895329280539787,2.808066785264782,2.861766815185547,15356000,0.0,0.0
2018-05-09 00:00:00-04:00,2.8684792434752295,2.8998043673800966,2.8214916643104035,2.893091917037964,15011600,0.0,0.0
2018-05-10 00:00:00-04:00,2.899804330370844,2.9535043591924466,2.8819043207636432,2.915466785430908,12474000,0.0,0.0
2018-05-11 00:00:00-04:00,2.8192543645641583,2.872954394860535,2.7901667948073827,2.8438668251037598,22029600,0.0,0.0
2018-05-14 00:00:00-04:00,2.8393918303232857,3.0161545972116865,2.821491819503065,2.9669296741485596,23629600,0.0,0.0
2018-05-15 00:00:00-04:00,2.9646920620273716,3.04524210915821,2.960216952716513,3.022867202758789,15160800,0.0,0.0
2018-05-16 00:00:00-04:00,3.0765672238329898,3.105654794100878,2.9825920624705673,3.0318171977996826,26954000,0.0,0.0
2018-05-17 00:00:00-04:00,3.0206298504264755,3.0810425498597906,3.0161547408158724,3.0474798679351807,11648000,0.0,0.0
2018-05-18 00:00:00-04:00,3.0273420964378888,3.0273420964378888,2.743179270342943,2.7879292964935303,40947600,0.0,0.0
2018-05-21 00:00:00-04:00,2.801354331175729,2.8841419305406095,2.794641667405775,2.8595292568206787,20262800,0.0,0.0
2018-05-22 00:00:00-04:00,2.8595292906893603,2.8886168605488276,2.805829260203399,2.834916830062866,18169600,0.0,0.0
2018-05-23 00:00:00-04:00,2.8058292540007144,2.852816833918296,2.783454134655217,2.846104383468628,12640400,0.0,0.0
2018-05-24 00:00:00-04:00,2.8147792417550703,2.8595292667859638,2.785691672138752,2.850579261779785,12308000,0.0,0.0
2018-05-25 00:00:00-04:00,2.85505439484134,2.8640043999223335,2.8147792652843924,2.834916830062866,9776000,0.0,0.0
2018-05-29 00:00:00-04:00,2.814779185404636,2.9333668027086772,2.8080667351306197,2.9199419021606445,16962800,0.0,0.0
2018-05-30 00:00:00-04:00,2.9311293792867743,3.043004543177339,2.8841418019173393,3.0027294158935547,19965200,0.0,0.0
2018-05-31 00:00:00-04:00,3.0161543568371854,3.040767029792186,2.9020418502987932,2.9535043239593506,25956800,0.0,0.0
2018-06-01 00:00:00-04:00,2.8640044056673934,3.069854736328125,2.8617668510464185,3.069854736328125,103296000,0.0,0.0
2018-06-04 00:00:00-04:00,3.0855172961666315,3.188442464974904,3.0072045888658954,3.1862049102783203,29186400,0.0,0.0
2018-06-05 00:00:00-04:00,3.1862046112097775,3.2779422113092744,3.1325045838420142,3.2667548656463623,22786000,0.0,0.0
2018-06-06 00:00:00-04:00,3.2846549056407075,3.286892246763354,3.188442195663811,3.2264797687530518,20594400,0.0,0.0
2018-06-07 00:00:00-04:00,3.2443797549616407,3.2779422187969223,3.2152921867247573,3.2421422004699707,12854000,0.0,0.0
2018-06-08 00:00:00-04:00,3.2510921955108643,3.271229759106913,3.224242181844446,3.2510921955108643,20124000,0.0,0.0
2018-06-11 00:00:00-04:00,3.2510923124170685,3.292449034972973,3.2304141702545452,3.2832586765289307,18871200,0.095,0.0
2018-06-12 00:00:00-04:00,3.2901513767563113,3.301639379541943,3.228116512298584,3.228116512298584,13536400,0.0,0.0
2018-06-13 00:00:00-04:00,3.2097357318769424,3.2097357318769424,2.9983572736259725,3.062689781188965,35296400,0.0,0.0
2018-06-14 00:00:00-04:00,3.05579728324402,3.0603923531226696,2.9179416810375014,2.9524056911468506,30128800,0.0,0.0
2018-06-15 00:00:00-04:00,2.931727252410687,3.299341816843995,2.931727252410687,3.2074382305145264,52570800,0.0,0.0
2018-06-18 00:00:00-04:00,3.2051406262774345,3.625599922460311,3.07188031487059,3.492339611053467,95155600,0.0,0.0
2018-06-19 00:00:00-04:00,3.52680359325608,3.62100482447123,3.4693637967477753,3.6187071800231934,40562400,0.0,0.0
2018-06-20 00:00:00-04:00,3.625599932127969,3.632492865544088,3.5199106966839513,3.6095168590545654,20656800,0.0,0.0
2018-06-21 00:00:00-04:00,3.632492786186916,3.671551645781107,3.5589696984959263,3.568160057067871,14252400,0.0,0.0
2018-06-22 00:00:00-04:00,3.572755130956469,3.604921274465281,3.471660973631983,3.5658624172210693,38308800,0.0,0.0
2018-06-25 00:00:00-04:00,3.540588887878397,3.611814329267149,3.43260201317239,3.47166109085083,10738800,0.0,0.0
2018-06-26 00:00:00-04:00,3.4900417080645787,3.492339352360295,3.3751621226638098,3.4394948482513428,10790000,0.0,0.0
2018-06-27 00:00:00-04:00,3.4463876646802807,3.485446742409225,3.349888792539999,3.3544840812683105,9022800,0.0,0.0
2018-06-28 00:00:00-04:00,3.352186414166694,3.4211142108158565,3.3292104089118317,3.418816566467285,7620800,0.0,0.0
2018-06-29 00:00:00-04:00,3.444090279550163,3.4624709976160597,3.3338059711547836,3.3475914001464844,13604400,0.0,0.0
2018-07-02 00:00:00-04:00,3.3521863492796107,3.3774597792784102,3.223521116750673,3.253389835357666,14893200,0.0,0.0
2018-07-03 00:00:00-04:00,3.2556875875148434,3.2878539514915275,3.216628509512952,3.228116512298584,5157200,0.0,0.0
2018-07-05 00:00:00-04:00,3.2350091720972665,3.3774598345511735,3.225818813845899,3.3613767623901367,18887200,0.0,0.0
2018-07-06 00:00:00-04:00,3.370567113051396,3.4992321282808017,3.363674399157248,3.480851411819458,16204400,0.0,0.0
2018-07-09 00:00:00-04:00,3.577350242163622,3.591135888910749,3.485446660900849,3.5543744564056396,15678000,0.0,0.0
2018-07-10 00:00:00-04:00,3.5681599526871017,3.5704575970417323,3.4027335032313815,3.4142212867736816,11666800,0.0,0.0
2018-07-11 00:00:00-04:00,3.3935430554233794,3.4073284829567188,3.3223176161163948,3.377459764480591,9150800,0.0,0.0
2018-07-12 00:00:00-04:00,3.3889481266272186,3.473959002492828,3.3866504820892565,3.4670662879943848,7703600,0.0,0.0
2018-07-13 00:00:00-04:00,3.4440903326149623,3.5520772172524944,3.4440903326149623,3.5107204914093018,9328800,0.0,0.0
2018-07-16 00:00:00-04:00,3.5084226547290265,3.533696084717868,3.460173219939114,3.496934652328491,7226000,0.0,0.0
2018-07-17 00:00:00-04:00,3.4854469998760567,3.5428867985304207,3.3406986809732055,3.349889039993286,12180400,0.0,0.0
2018-07-18 00:00:00-04:00,3.3544843290610475,3.3659721134995664,3.2901515968050408,3.349889039993286,8198800,0.0,0.0
2018-07-19 00:00:00-04:00,3.3498887333581244,3.453280317648847,3.331508017000459,3.428006887435913,6913600,0.0,0.0
2018-07-20 00:00:00-04:00,3.42570933168028,3.4946371293612883,3.418816617646808,3.464768409729004,8591600,0.0,0.0
2018-07-23 00:00:00-04:00,3.4578756393811534,3.46706599764792,3.3958405567439103,3.421114206314087,7335200,0.0,0.0
2018-07-24 00:00:00-04:00,3.4417924373623077,3.4417924373623077,3.3682695693208964,3.395840644836426,6170400,0.0,0.0
2018-07-25 00:00:00-04:00,3.3751623034451925,3.3774599478639757,3.2740683592884787,3.333805799484253,13380000,0.0,0.0
2018-07-26 00:00:00-04:00,3.333805766307303,3.455578070790364,3.331508121911385,3.402733564376831,6756800,0.0,0.0
2018-07-27 00:00:00-04:00,3.425709562139849,3.439495210249631,3.3429963308274853,3.4073288440704346,5658000,0.0,0.0
2018-07-30 00:00:00-04:00,3.4188164853114476,3.441792270905486,3.3521863345925227,3.377459764480591,6311200,0.0,0.0
2018-07-31 00:00:00-04:00,3.382055079294102,3.384352504490527,3.3108296394348145,3.3108296394348145,11030000,0.0,0.0
2018-08-01 00:00:00-04:00,3.3131274594988303,3.418816693180647,3.3085321706313704,3.384352684020996,8318800,0.0,0.0
2018-08-02 00:00:00-04:00,3.3567814781985623,3.3958405555979962,3.310829686880236,3.359079122543335,10116400,0.0,0.0
2018-08-03 00:00:00-04:00,3.3751622327611006,3.4234116689679297,3.354484090771397,3.411923885345459,10228800,0.0,0.0
2018-08-06 00:00:00-04:00,3.4188165754829423,3.4417923616829684,3.386650211864395,3.4142212867736816,8300000,0.0,0.0
2018-08-07 00:00:00-04:00,3.4280071743756744,3.4969349760442,3.405031167447685,3.473958969116211,7813600,0.0,0.0
2018-08-08 00:00:00-04:00,3.473958615133612,3.519910405191844,3.4486851853804392,3.5038273334503174,8715600,0.0,0.0
2018-08-09 00:00:00-04:00,3.5038273705907534,3.5520768054421934,3.441792289018007,3.4946370124816895,9370800,0.0,0.0
2018-08-10 00:00:00-04:00,3.4877444289340422,3.584243302240825,3.469363712029458,3.5199105739593506,9665600,0.0,0.0
2018-08-13 00:00:00-04:00,3.526803375421123,3.533696089224066,3.4716610076513192,3.4946370124816895,8403600,0.0,0.0
2018-08-14 00:00:00-04:00,3.508422868446125,3.5773504488172496,3.4923395764594862,3.561267375946045,7813600,0.0,0.0
2018-08-15 00:00:00-04:00,3.552077092861498,3.5612674517142078,3.4900420062691304,3.542886734008789,8390400,0.0,0.0
2018-08-16 00:00:00-04:00,3.570457517107245,3.5750528057136273,3.496934652328491,3.496934652328491,6878800,0.0,0.0
2018-08-17 00:00:00-04:00,3.4854467800444215,3.5268035025840834,3.4440900575047593,3.5222082138061523,6533200,0.0,0.0
2018-08-20 00:00:00-04:00,3.5382912950491825,3.67155160232276,3.526803511306801,3.6416831016540527,14427600,0.0,0.0
2018-08-21 00:00:00-04:00,3.6761470030278147,3.807109669893741,3.6370879235914093,3.788728952407837,20772800,0.0,0.0
2018-08-22 00:00:00-04:00,3.800217425408328,3.9679415383098147,3.7933244915598516,3.901311159133911,26422400,0.0,0.0
2018-08-23 00:00:00-04:00,3.9013108996797943,3.9541554076443557,3.818597890153356,3.850764036178589,14334000,0.0,0.0
2018-08-24 00:00:00-04:00,3.8507639711048447,3.8691446882702025,3.722098950947339,3.8025143146514893,18102400,0.0,0.0
2018-08-27 00:00:00-04:00,3.7841333775814876,3.791026310454507,3.3429959721329676,3.3797574043273926,58779600,0.0,0.0
2018-08-28 00:00:00-04:00,3.379757545051994,3.3889479034832632,3.216628518560386,3.2235212326049805,27288000,0.0,0.0
2018-08-29 00:00:00-04:00,3.2487948030498277,3.285556235874452,3.159188646203238,3.244199514389038,16398400,0.0,0.0
2018-08-30 00:00:00-04:00,3.214331057764492,3.214331057764492,3.1063443948081293,3.1201298236846924,15733600,0.0,0.0
2018-08-31 00:00:00-04:00,3.1270223559645975,3.1316176447327235,3.028226057719603,3.0489044189453125,14896000,0.0,0.0
2018-09-04 00:00:00-04:00,3.0259284082639186,3.239604515084216,3.0052500470728667,3.228116512298584,23744000,0.0,0.0
2018-09-05 00:00:00-04:00,3.2097358992889227,3.7979195136036297,3.207438254834406,3.735884428024292,69886400,0.0,0.0
2018-09-06 00:00:00-04:00,3.710610632646223,3.733586638065102,3.4647683825951807,3.70831298828125,27108800,0.0,0.0
2018-09-07 00:00:00-04:00,3.503827464609694,3.7634551429362464,3.391245519973872,3.7060153484344482,27182400,0.0,0.0
2018-09-10 00:00:00-04:00,3.7129084188828756,3.756562787023711,3.6462782635606743,3.676146984100342,10910800,0.0,0.0
2018-09-11 00:00:00-04:00,3.6761470707444586,3.814002673543552,3.6761470707444586,3.7129085063934326,11164000,0.0,0.0
2018-09-12 00:00:00-04:00,3.7152061627352526,3.850764121459249,3.7152061627352526,3.8277881145477295,13583200,0.0,0.0
2018-09-13 00:00:00-04:00,3.839275573525786,3.9150965213775635,3.81630000679223,3.9150965213775635,14758000,0.0,0.0
2018-09-14 00:00:00-04:00,3.8990132412183014,3.905906174583621,3.784133647848195,3.857656955718994,12021600,0.0,0.0
2018-09-17 00:00:00-04:00,3.928180225923444,3.963442527545195,3.8788137210590574,3.904672622680664,8928000,0.095,0.0
2018-09-18 00:00:00-04:00,3.860007391860563,3.9211281470801844,3.8435518901435097,3.8788137435913086,7147200,0.0,0.0
2018-09-19 00:00:00-04:00,3.878814000593576,3.9493377121619297,3.8670601981251247,3.9023220539093018,7192800,0.0,0.0
2018-09-20 00:00:00-04:00,3.9023220784678654,3.951688587200628,3.8670602224617743,3.8764631748199463,6416400,0.0,0.0
2018-09-21 00:00:00-04:00,3.867060094025385,3.9375838036952686,3.8623583938130435,3.8835155963897705,12163600,0.0,0.0
2018-09-24 00:00:00-04:00,3.8600076528597866,3.8600076528597866,3.6413835189705814,3.6484360694885254,14310800,0.0,0.0
2018-09-25 00:00:00-04:00,3.676645429004084,3.7824312157987587,3.596718320344739,3.7659757137298584,8250000,0.0,0.0
2018-09-26 00:00:00-04:00,3.794185099035893,3.794185099035893,3.653137455017302,3.664891481399536,7605200,0.0,0.0
2018-09-27 00:00:00-04:00,3.686048631118978,3.7025041333041653,3.627278724241134,3.6554882526397705,8096800,0.0,0.0
2018-09-28 00:00:00-04:00,3.6531375129257126,3.726012298299228,3.570859551135235,3.5896661281585693,10103200,0.0,0.0
2018-10-01 00:00:00-04:00,3.5920166969299316,3.653137454761749,3.5214927628308668,3.5920166969299316,16239200,0.0,0.0
2018-10-02 00:00:00-04:00,3.5661580129743786,3.5990692419558337,3.4885817528368253,3.495634078979492,11512800,0.0,0.0
2018-10-03 00:00:00-04:00,3.5261944674873122,3.5661580227206544,3.467424559695857,3.507388114929199,8054400,0.0,0.0
2018-10-04 00:00:00-04:00,3.5191421220249097,3.5544039768306295,3.4603722145557736,3.483880043029785,6086400,0.0,0.0
2018-10-05 00:00:00-04:00,3.4862310758617023,3.5097391297572726,3.4274611653121934,3.4509692192077637,9294800,0.0,0.0
2018-10-08 00:00:00-04:00,3.458021570793304,3.570859692256234,3.4462675437602277,3.5214929580688477,9040400,0.0,0.0
2018-10-09 00:00:00-04:00,3.5097389938702612,3.6319802865019106,3.4556705616795904,3.469775438308716,9622800,0.0,0.0
2018-10-10 00:00:00-04:00,3.4815296123556116,3.5661582031488672,3.4815296123556116,3.4862310886383057,7850400,0.0,0.0
2018-10-11 00:00:00-04:00,3.476827745446843,3.5497025299501193,3.443916516285782,3.4462673664093018,8384000,0.0,0.0
2018-10-12 00:00:00-04:00,3.5026864962185544,3.561456405377855,3.4556706137289965,3.4791786670684814,7710400,0.0,0.0
2018-10-15 00:00:00-04:00,3.48152938397532,3.5426499167774854,3.474476833729783,3.4979848861694336,6000400,0.0,0.0
2018-10-16 00:00:00-04:00,3.5191420948802343,3.5967183542059624,3.4744768400021466,3.594367504119873,8160800,0.0,0.0
2018-10-17 00:00:00-04:00,3.5943673614821154,3.6390323903983264,3.4744767021220926,3.601419687271118,7991600,0.0,0.0
2018-10-18 00:00:00-04:00,3.596718232185484,3.6249277596933256,3.5026862496366147,3.5402991771698,5914400,0.0,0.0
2018-10-19 00:00:00-04:00,3.4956340066205116,3.5261943848586816,3.4016022460333737,3.4627227783203125,12424000,0.0,0.0
2018-10-22 00:00:00-04:00,3.483880085645928,3.5779120732604244,3.4533197064854226,3.5544040203094482,9222000,0.0,0.0
2018-10-23 00:00:00-04:00,3.5238436690504233,3.5990693045755315,3.476827786965612,3.5896661281585693,9580400,0.0,0.0
2018-10-24 00:00:00-04:00,3.5967184163266257,3.6672423508015415,3.542649984359741,3.542649984359741,8965200,0.0,0.0
2018-10-25 00:00:00-04:00,3.55440382129213,3.573210172924147,3.356936904966557,3.394549608230591,9096400,0.0,0.0
2018-10-26 00:00:00-04:00,3.392199028201097,3.392199028201097,3.2064861351864287,3.2229416370391846,10044400,0.0,0.0
2018-10-29 00:00:00-04:00,3.25350225816779,3.5167914284452033,3.237046755084644,3.4157071113586426,12675600,0.0,0.0
2018-10-30 00:00:00-04:00,3.425110121035519,3.55205311166294,3.3851465661908304,3.448618173599243,8376400,0.0,0.0
2018-10-31 00:00:00-04:00,3.481529494020372,3.4838801199871137,3.352235649894349,3.4321627616882324,6955600,0.0,0.0
2018-11-01 00:00:00-04:00,3.4345134806334454,3.6084725856781006,3.432162854603068,3.6084725856781006,11017200,0.0,0.0
2018-11-02 00:00:00-04:00,3.624928062870382,3.7048551762554727,3.570859629149532,3.669593095779419,6662400,0.0,0.0
2018-11-05 00:00:00-05:00,3.655488215554365,3.657839065611086,3.500335698841204,3.52384352684021,7214400,0.0,0.0
2018-11-06 00:00:00-05:00,3.5144402980804443,3.537948349916192,3.4862307703911855,3.5144402980804443,7584000,0.0,0.0
2018-11-07 00:00:00-05:00,3.526194553917867,3.5379485806021425,3.4439165913173517,3.5026865005493164,8177200,0.0,0.0
2018-11-08 00:00:00-05:00,3.502686448158442,3.530896201454525,3.474476919051768,3.493283271789551,8557200,0.0,0.0
2018-11-09 00:00:00-05:00,3.4603723436043197,3.479178696760641,3.366340353633299,3.441565990447998,6686000,0.0,0.0
2018-11-12 00:00:00-05:00,3.446267411714538,3.474476940999407,3.258203658959339,3.2629053592681885,9600800,0.0,0.0
2018-11-13 00:00:00-05:00,3.267606835387628,3.3334292945750645,3.23939730610276,3.2629053592681885,9232800,0.0,0.0
2018-11-14 00:00:00-05:00,3.3122718043511457,3.316973280062912,3.0278254618234692,3.0466318130493164,13744400,0.0,0.0
2018-11-15 00:00:00-05:00,3.0466319806772235,3.1148050636691997,3.0019669501056816,3.0865955352783203,12119600,0.0,0.0
2018-11-16 00:00:00-05:00,3.0536844505228724,3.0536844505228724,2.9267414546915806,3.0066685676574707,22866800,0.0,0.0
2018-11-19 00:00:00-05:00,3.0184226680334314,3.093648082452646,3.001967164676583,3.0630877017974854,13803600,0.0,0.0
2018-11-20 00:00:00-05:00,2.96200351405005,3.034878075929061,2.8538668721291267,2.886777877807617,24139600,0.0,0.0
2018-11-21 00:00:00-05:00,2.931442958619345,3.408654530053853,2.8938302548476753,3.2229416370391846,49923200,0.0,0.0
2018-11-23 00:00:00-05:00,3.220591046388765,3.234695923533831,3.093648048840839,3.1735751628875732,10767200,0.0,0.0
2018-11-26 00:00:00-05:00,3.288764123269753,3.474477030663107,3.288764123269753,3.4274611473083496,23613600,0.0,0.0
2018-11-27 00:00:00-05:00,3.3827959497370883,3.519142116933052,3.338130694579104,3.46037220954895,17538800,0.0,0.0
2018-11-28 00:00:00-05:00,3.460372294369631,3.542650032210523,3.460372294369631,3.528545379638672,10574800,0.0,0.0
2018-11-29 00:00:00-05:00,3.537948405394823,3.5779119596286253,3.4180577426934176,3.4392149448394775,16838400,0.0,0.0
2018-11-30 00:00:00-05:00,3.053684236392755,3.2817115325370154,3.009019206849973,3.2111876010894775,47627200,0.0,0.0
2018-12-03 00:00:00-05:00,3.2488005253406493,3.2864132315494317,3.180627439289878,3.260554552078247,16084800,0.0,0.0
2018-12-04 00:00:00-05:00,3.2887641335128475,3.3169736636135623,3.159470285742507,3.1735751628875732,14935600,0.0,0.0
2018-12-06 00:00:00-05:00,3.173574891669001,3.237046497113292,3.112454136246217,3.1876797676086426,12788800,0.0,0.0
2018-12-07 00:00:00-05:00,3.185329074669483,3.300518041130998,3.173575048171706,3.2158894538879395,13610400,0.0,0.0
2018-12-10 00:00:00-05:00,3.2352332107811796,3.249740853769645,3.102245253547835,3.1989636421203613,11174800,0.095,0.0
2018-12-11 00:00:00-05:00,3.227979248415097,3.2400688735129397,3.107081152678124,3.131260633468628,9352800,0.0,0.0
2018-12-12 00:00:00-05:00,3.1578584999231585,3.2715025488471703,3.1385145916138257,3.1989636421203613,7271200,0.0,0.0
2018-12-13 00:00:00-05:00,3.2013816487397806,3.2303971652141645,3.06355788783775,3.092573404312134,9746400,0.0,0.0
2018-12-14 00:00:00-05:00,3.068393628503457,3.1433505507917516,3.068393628503457,3.0853195190429688,6654800,0.0,0.0
2018-12-17 00:00:00-05:00,3.061139798074687,3.167530253225697,3.0345422995843454,3.0587217807769775,9022800,0.0,0.0
2018-12-18 00:00:00-05:00,3.058721718556678,3.1506042986471825,3.0490498801574044,3.0780653953552246,10379600,0.0,0.0
2018-12-19 00:00:00-05:00,3.0853195976457957,3.1385145961399856,3.0272885644185914,3.0417962074279785,9703600,0.0,0.0
2018-12-20 00:00:00-05:00,3.046632152726811,3.1288426654213057,2.952331553554686,3.0055267810821533,10684800,0.0,0.0
2018-12-21 00:00:00-05:00,2.9958548542842003,3.065975739626051,2.845941245297996,2.8918824195861816,17692000,0.0,0.0
2018-12-24 00:00:00-05:00,2.894300512589175,2.9063903684325445,2.814507786855686,2.8217616081237793,5314000,0.0,0.0
2018-12-26 00:00:00-05:00,2.8338514053480783,2.998272657394409,2.795164051925412,2.998272657394409,9616800,0.0,0.0
2018-12-27 00:00:00-05:00,2.959585299915795,2.9620033171501015,2.812089707545311,2.945077657699585,7338400,0.0,0.0
2018-12-28 00:00:00-05:00,2.9523314569922996,3.0200343248889117,2.903972265637577,2.969257116317749,8105200,0.0,0.0
2018-12-31 00:00:00-05:00,2.981347009507995,3.063557751148088,2.9765112056087744,3.0514678955078125,11161200,0.0,0.0
2019-01-02 00:00:00-05:00,3.0103625622803167,3.186873903405002,3.0031087410434942,3.160276174545288,8496800,0.0,0.0
2019-01-03 00:00:00-05:00,3.1385145026267645,3.206217603302758,3.0683936152511304,3.136096715927124,7001600,0.0,0.0
2019-01-04 00:00:00-05:00,3.3924005500840653,3.6970638110191087,3.312607824209862,3.684973955154419,47662800,0.0,0.0
2019-01-07 00:00:00-05:00,3.65354047164853,3.8227979948579347,3.6124350995085117,3.7430050373077393,18872000,0.0,0.0
2019-01-08 00:00:00-05:00,3.747841090417069,3.842141691190087,3.663212328395528,3.822798013687134,13775200,0.0,0.0
2019-01-09 00:00:00-05:00,3.8300517262833176,3.963039447688996,3.8010362108532707,3.863903045654297,14218000,0.0,0.0
2019-01-10 00:00:00-05:00,3.805871975247961,3.8687390399905635,3.7526769794763584,3.85906720161438,11619200,0.0,0.0
2019-01-11 00:00:00-05:00,3.834887488413664,3.880828663028318,3.813126025024501,3.8324697017669678,9679200,0.0,0.0
2019-01-14 00:00:00-05:00,3.8300516968951626,3.9025903696162785,3.7647666147323777,3.7816925048828125,14443600,0.0,0.0
2019-01-15 00:00:00-05:00,3.772020656723475,3.7816924951009274,3.672884025111068,3.7550947666168213,8912800,0.0,0.0
2019-01-16 00:00:00-05:00,3.7647667022102973,3.8421416418227534,3.7188255263797827,3.7913644313812256,7970400,0.0,0.0
2019-01-17 00:00:00-05:00,3.7454229868915285,3.8276337296846763,3.6994818115279093,3.8131260871887207,6972000,0.0,0.0
2019-01-18 00:00:00-05:00,3.873575249743562,4.086355703647273,3.839723698597831,3.851813554763794,34188800,0.0,0.0
2019-01-22 00:00:00-05:00,3.822798017411729,3.8445594816776354,3.6656303493035685,3.692228078842163,12754800,0.0,0.0
2019-01-23 00:00:00-05:00,3.701899895762545,3.7647667320400813,3.6583765062978615,3.7430050373077393,7348000,0.0,0.0
2019-01-24 00:00:00-05:00,3.743005032335149,3.8203799724578857,3.73333319364416,3.8203799724578857,5128000,0.0,0.0
2019-01-25 00:00:00-05:00,3.859067304323862,3.883246785610453,3.803454059234541,3.84455943107605,7660400,0.0,0.0
2019-01-28 00:00:00-05:00,3.8058721527295347,3.817962008912262,3.624525001773104,3.7478411197662354,11939600,0.0,0.0
2019-01-29 00:00:00-05:00,2.9958550319794566,3.0224525312402326,2.6863557267521805,2.727461099624634,131481200,0.0,0.0
2019-01-30 00:00:00-05:00,2.7202071020893897,2.749222616840299,2.6863555529159227,2.7081172466278076,24604000,0.0,0.0
2019-01-31 00:00:00-05:00,2.7008634988357025,2.7879100454491166,2.6839378390873545,2.741968870162964,24198400,0.0,0.0
2019-02-01 00:00:00-05:00,2.7347150635599538,2.763730579253013,2.7032815305771014,2.7177891731262207,13909600,0.0,0.0
2019-02-04 00:00:00-05:00,2.717789221885336,2.7758202543125727,2.659758189458099,2.749222755432129,17086000,0.0,0.0
2019-02-05 00:00:00-05:00,2.746804710853487,2.8556131838188197,2.7443869241391194,2.8507771492004395,17084400,0.0,0.0
2019-02-06 00:00:00-05:00,2.809671878542086,2.8290155565228194,2.7564766487976535,2.783074378967285,13918400,0.0,0.0
2019-02-07 00:00:00-05:00,2.756476561823663,2.8024179685244577,2.715371189762878,2.773402452468872,8084400,0.0,0.0
2019-02-08 00:00:00-05:00,2.7540587499892273,2.7782382311843543,2.734715072795197,2.744386911392212,7204800,0.0,0.0
2019-02-11 00:00:00-05:00,2.751640620066846,2.7540586372658358,2.698445394663128,2.732296943664551,7674400,0.0,0.0
2019-02-12 00:00:00-05:00,2.732297018975081,2.8024179055148526,2.732297018975081,2.792746067047119,10712000,0.0,0.0
2019-02-13 00:00:00-05:00,2.795164147159267,2.841105323265238,2.7516407577784774,2.773402452468872,8531200,0.0,0.0
2019-02-14 00:00:00-05:00,2.749222667361755,2.761312523045508,2.717789134821924,2.739550828933716,9874000,0.0,0.0
2019-02-15 00:00:00-05:00,2.739550814728332,2.7661483126188187,2.7274609591072685,2.763730525970459,8847200,0.0,0.0
2019-02-19 00:00:00-05:00,2.7709843105521843,2.7734023277634634,2.6911915873384804,2.7081172466278076,13222400,0.0,0.0
2019-02-20 00:00:00-05:00,2.715371067666832,2.732296957550972,2.6960273911662256,2.7081172466278076,11842000,0.0,0.0
2019-02-21 00:00:00-05:00,2.7153711693036744,2.729879042519568,2.6621761722333157,2.6670119762420654,9956800,0.0,0.0
2019-02-22 00:00:00-05:00,2.664594224124448,2.7516407727653034,2.664594224124448,2.749222755432129,12998000,0.0,0.0
2019-02-25 00:00:00-05:00,2.751640695910548,2.8531951151191572,2.751640695910548,2.792746067047119,14378000,0.0,0.0
2019-02-26 00:00:00-05:00,2.790328011717715,2.8314333822935547,2.780656173381918,2.8145077228546143,8632000,0.0,0.0
2019-02-27 00:00:00-05:00,2.8193435908361413,2.884628674033444,2.8096717522804098,2.8217616081237793,13589200,0.0,0.0
2019-02-28 00:00:00-05:00,2.8265974760506034,2.8677028484910974,2.8024179944116705,2.8290154933929443,11280800,0.0,0.0
2019-03-01 00:00:00-05:00,2.872538754965001,2.903972287227976,2.8411052227020264,2.8411052227020264,7604800,0.0,0.0
2019-03-04 00:00:00-05:00,2.850777138719535,2.865285011926515,2.773402429868498,2.797581911087036,8914400,0.0,0.0
2019-03-05 00:00:00-05:00,2.9208981010218222,2.9257341357461963,2.7468047710564316,2.8048360347747803,22151600,0.0,0.0
2019-03-06 00:00:00-05:00,2.819343589355588,2.8701207993952176,2.795164108276367,2.795164108276367,13251600,0.0,0.0
2019-03-07 00:00:00-05:00,2.795164172115577,2.819343653747037,2.7661484252061044,2.8024179935455322,7245600,0.0,0.0
2019-03-08 00:00:00-05:00,2.676683926363007,2.7129534956162926,2.5993092142410608,2.6525044441223145,24686400,0.0,0.0
2019-03-11 00:00:00-04:00,2.6549221538488275,2.727461059654523,2.633160689642461,2.722625255584717,10814400,0.0,0.0
2019-03-12 00:00:00-04:00,2.7274610457680777,2.792746129839262,2.715371189762878,2.773402452468872,8659600,0.0,0.0
2019-03-13 00:00:00-04:00,2.7903281136272486,2.8145078256472496,2.7734024535701423,2.799999952316284,8766400,0.0,0.0
2019-03-14 00:00:00-04:00,2.827500104904175,2.8350000381469727,2.7249999046325684,2.737499952316284,11358400,0.095,0.0
2019-03-15 00:00:00-04:00,2.747499942779541,2.7799999713897705,2.7249999046325684,2.765000104904175,14149600,0.0,0.0
2019-03-18 00:00:00-04:00,2.7725000381469727,2.7925000190734863,2.744999885559082,2.7674999237060547,9804800,0.0,0.0
2019-03-19 00:00:00-04:00,2.7674999237060547,2.809999942779541,2.7249999046325684,2.740000009536743,12359600,0.0,0.0
2019-03-20 00:00:00-04:00,2.740000009536743,2.740000009536743,2.5999999046325684,2.625,16415600,0.0,0.0
2019-03-21 00:00:00-04:00,2.617500066757202,2.682499885559082,2.5875000953674316,2.637500047683716,12821200,0.0,0.0
2019-03-22 00:00:00-04:00,2.6624999046325684,2.6649999618530273,2.609999895095825,2.612499952316284,13156000,0.0,0.0
2019-03-25 00:00:00-04:00,2.615000009536743,2.622499942779541,2.5174999237060547,2.5350000858306885,17944800,0.0,0.0
2019-03-26 00:00:00-04:00,2.5274999141693115,2.609999895095825,2.5225000381469727,2.5875000953674316,14140400,0.0,0.0
2019-03-27 00:00:00-04:00,2.5924999713897705,2.634999990463257,2.5625,2.572499990463257,10424800,0.0,0.0
2019-03-28 00:00:00-04:00,2.5899999141693115,2.622499942779541,2.5174999237060547,2.547499895095825,12489200,0.0,0.0
2019-03-29 00:00:00-04:00,2.552500009536743,2.5899999141693115,2.5374999046325684,2.5399999618530273,11676000,0.0,0.0
2019-04-01 00:00:00-04:00,2.572499990463257,2.6050000190734863,2.509999990463257,2.5924999713897705,17662800,0.0,0.0
2019-04-02 00:00:00-04:00,2.5924999713897705,2.6024999618530273,2.5225000381469727,2.5250000953674316,34680800,0.0,0.0
2019-04-03 00:00:00-04:00,2.2149999141693115,2.507499933242798,2.2049999237060547,2.4075000286102295,106391600,0.0,0.0
2019-04-04 00:00:00-04:00,2.434999942779541,2.515000104904175,2.4124999046325684,2.507499933242798,31671200,0.0,0.0
2019-04-05 00:00:00-04:00,2.490000009536743,2.502500057220459,2.447499990463257,2.4649999141693115,22974400,0.0,0.0
2019-04-08 00:00:00-04:00,2.447499990463257,2.5199999809265137,2.432499885559082,2.484999895095825,18204000,0.0,0.0
2019-04-09 00:00:00-04:00,2.4625000953674316,2.5,2.452500104904175,2.4549999237060547,11914000,0.0,0.0
2019-04-10 00:00:00-04:00,2.4700000286102295,2.502500057220459,2.4700000286102295,2.492500066757202,11228800,0.0,0.0
2019-04-11 00:00:00-04:00,2.494999885559082,2.494999885559082,2.434999942779541,2.440000057220459,10180800,0.0,0.0
2019-04-12 00:00:00-04:00,2.447499990463257,2.4574999809265137,2.322499990463257,2.3299999237060547,19114000,0.0,0.0
2019-04-15 00:00:00-04:00,2.317500114440918,2.3375000953674316,2.202500104904175,2.234999895095825,22109600,0.0,0.0
2019-04-16 00:00:00-04:00,2.25,2.2874999046325684,2.237499952316284,2.2699999809265137,18880000,0.0,0.0
2019-04-17 00:00:00-04:00,2.2774999141693115,2.2799999713897705,2.1875,2.234999895095825,15684400,0.0,0.0
2019-04-18 00:00:00-04:00,2.2149999141693115,2.257499933242798,2.184999942779541,2.192500114440918,15256800,0.0,0.0
2019-04-22 00:00:00-04:00,2.1875,2.2049999237060547,2.132499933242798,2.1624999046325684,25114800,0.0,0.0
2019-04-23 00:00:00-04:00,2.1600000858306885,2.242500066757202,2.1600000858306885,2.2225000858306885,17809200,0.0,0.0
2019-04-24 00:00:00-04:00,2.2249999046325684,2.265000104904175,2.2225000858306885,2.252500057220459,16424400,0.0,0.0
2019-04-25 00:00:00-04:00,2.247499942779541,2.25,2.180000066757202,2.237499952316284,10508000,0.0,0.0
2019-04-26 00:00:00-04:00,2.2325000762939453,2.257499933242798,2.2200000286102295,2.2225000858306885,9227200,0.0,0.0
2019-04-29 00:00:00-04:00,2.2225000858306885,2.2249999046325684,2.177500009536743,2.190000057220459,10192400,0.0,0.0
2019-04-30 00:00:00-04:00,2.200000047683716,2.2125000953674316,2.1624999046325684,2.1624999046325684,12830800,0.0,0.0
2019-05-01 00:00:00-04:00,2.1649999618530273,2.197499990463257,2.117500066757202,2.127500057220459,14155600,0.0,0.0
2019-05-02 00:00:00-04:00,2.127500057220459,2.2074999809265137,2.127500057220459,2.192500114440918,12467600,0.0,0.0
2019-05-03 00:00:00-04:00,2.202500104904175,2.247499942779541,2.192500114440918,2.242500066757202,8718400,0.0,0.0
2019-05-06 00:00:00-04:00,2.2125000953674316,2.2300000190734863,2.1649999618530273,2.2125000953674316,9624800,0.0,0.0
2019-05-07 00:00:00-04:00,2.192500114440918,2.2300000190734863,2.172499895095825,2.192500114440918,10366400,0.0,0.0
2019-05-08 00:00:00-04:00,2.1875,2.2125000953674316,2.1624999046325684,2.172499895095825,8249600,0.0,0.0
2019-05-09 00:00:00-04:00,2.1500000953674316,2.1624999046325684,2.119999885559082,2.130000114440918,9358000,0.0,0.0
2019-05-10 00:00:00-04:00,2.130000114440918,2.1449999809265137,2.0899999141693115,2.119999885559082,9206000,0.0,0.0
2019-05-13 00:00:00-04:00,2.0824999809265137,2.0924999713897705,2.0425000190734863,2.065000057220459,12172800,0.0,0.0
2019-05-14 00:00:00-04:00,2.0799999237060547,2.137500047683716,2.059999942779541,2.132499933242798,10451600,0.0,0.0
2019-05-15 00:00:00-04:00,2.109999895095825,2.177500009536743,2.109999895095825,2.172499895095825,9014000,0.0,0.0
2019-05-16 00:00:00-04:00,2.184999942779541,2.2100000381469727,2.1600000858306885,2.1675000190734863,7004000,0.0,0.0
2019-05-17 00:00:00-04:00,2.134999990463257,2.194999933242798,2.134999990463257,2.1524999141693115,7869200,0.0,0.0
2019-05-20 00:00:00-04:00,2.115000009536743,2.130000114440918,1.9950000047683716,2.015000104904175,20174400,0.0,0.0
2019-05-21 00:00:00-04:00,2.0174999237060547,2.0350000858306885,1.972499966621399,2.0325000286102295,22788400,0.0,0.0
2019-05-22 00:00:00-04:00,2.0174999237060547,2.0199999809265137,1.940000057220459,1.975000023841858,18064400,0.0,0.0
2019-05-23 00:00:00-04:00,1.9600000381469727,1.965000033378601,1.9175000190734863,1.9249999523162842,15678000,0.0,0.0
2019-05-24 00:00:00-04:00,1.9275000095367432,1.965000033378601,1.9275000095367432,1.9550000429153442,10168400,0.0,0.0
2019-05-28 00:00:00-04:00,1.962499976158142,1.997499942779541,1.934999942779541,1.934999942779541,10931200,0.0,0.0
2019-05-29 00:00:00-04:00,1.9325000047683716,1.9375,1.847499966621399,1.8925000429153442,16510800,0.0,0.0
2019-05-30 00:00:00-04:00,1.8925000429153442,1.9249999523162842,1.8825000524520874,1.899999976158142,10780800,0.0,0.0
2019-05-31 00:00:00-04:00,1.8674999475479126,1.9149999618530273,1.8300000429153442,1.8949999809265137,15932400,0.0,0.0
2019-06-03 00:00:00-04:00,1.8949999809265137,1.912500023841858,1.8550000190734863,1.8674999475479126,20916400,0.0,0.0
2019-06-04 00:00:00-04:00,1.8949999809265137,1.962499976158142,1.8799999952316284,1.9550000429153442,41720400,0.0,0.0
2019-06-05 00:00:00-04:00,1.372499942779541,1.3975000381469727,1.1775000095367432,1.2599999904632568,157416800,0.0,0.0
2019-06-06 00:00:00-04:00,1.2450000047683716,1.2825000286102295,1.2100000381469727,1.2825000286102295,54232000,0.0,0.0
2019-06-07 00:00:00-04:00,1.2825000286102295,1.3075000047683716,1.247499942779541,1.2549999952316284,42365200,0.0,0.0
2019-06-10 00:00:00-04:00,1.3424999713897705,1.3875000476837158,1.3224999904632568,1.3600000143051147,75706000,0.0,0.0
2019-06-11 00:00:00-04:00,1.3825000524520874,1.462499976158142,1.372499942779541,1.4299999475479126,53695200,0.0,0.0
2019-06-12 00:00:00-04:00,1.4199999570846558,1.4500000476837158,1.375,1.375,19657200,0.0,0.0
2019-06-13 00:00:00-04:00,1.3875000476837158,1.4325000047683716,1.372499942779541,1.4249999523162842,23363200,0.0,0.0
2019-06-14 00:00:00-04:00,1.4249999523162842,1.4574999809265137,1.402500033378601,1.4075000286102295,21218400,0.0,0.0
2019-06-17 00:00:00-04:00,1.4075000286102295,1.4524999856948853,1.399999976158142,1.4249999523162842,14746000,0.0,0.0
2019-06-18 00:00:00-04:00,1.4275000095367432,1.4574999809265137,1.4175000190734863,1.4325000047683716,16281600,0.0,0.0
2019-06-19 00:00:00-04:00,1.4375,1.4375,1.402500033378601,1.4075000286102295,11893200,0.0,0.0
2019-06-20 00:00:00-04:00,1.4149999618530273,1.4225000143051147,1.3799999952316284,1.3825000524520874,15735200,0.0,0.0
2019-06-21 00:00:00-04:00,1.3799999952316284,1.3799999952316284,1.3274999856948853,1.3550000190734863,35817200,0.0,0.0
2019-06-24 00:00:00-04:00,1.3524999618530273,1.3674999475479126,1.3200000524520874,1.3424999713897705,19293200,0.0,0.0
2019-06-25 00:00:00-04:00,1.3350000381469727,1.3825000524520874,1.3300000429153442,1.3624999523162842,12341600,0.0,0.0
2019-06-26 00:00:00-04:00,1.3674999475479126,1.3799999952316284,1.3450000286102295,1.3674999475479126,14207200,0.0,0.0
2019-06-27 00:00:00-04:00,1.3650000095367432,1.3975000381469727,1.3574999570846558,1.3849999904632568,15024000,0.0,0.0
2019-06-28 00:00:00-04:00,1.3825000524520874,1.3949999809265137,1.3600000143051147,1.3674999475479126,15585600,0.0,0.0
2019-07-01 00:00:00-04:00,1.3825000524520874,1.3925000429153442,1.3350000381469727,1.340000033378601,17243200,0.0,0.0
2019-07-02 00:00:00-04:00,1.337499976158142,1.3624999523162842,1.3300000429153442,1.3450000286102295,22574000,0.0,0.0
2019-07-03 00:00:00-04:00,1.3524999618530273,1.3574999570846558,1.3174999952316284,1.3274999856948853,10248400,0.0,0.0
2019-07-05 00:00:00-04:00,1.3250000476837158,1.409999966621399,1.3174999952316284,1.3799999952316284,51578400,0.0,0.0
2019-07-08 00:00:00-04:00,1.375,1.3825000524520874,1.3550000190734863,1.3624999523162842,26370800,0.0,0.0
2019-07-09 00:00:00-04:00,1.3700000047683716,1.3875000476837158,1.3200000524520874,1.3274999856948853,46887600,0.0,0.0
2019-07-10 00:00:00-04:00,1.337499976158142,1.3424999713897705,1.2925000190734863,1.2949999570846558,43413200,0.0,0.0
2019-07-11 00:00:00-04:00,1.2450000047683716,1.252500057220459,1.1825000047683716,1.2100000381469727,67112800,0.0,0.0
2019-07-12 00:00:00-04:00,1.215000033378601,1.2324999570846558,1.2024999856948853,1.2274999618530273,17568800,0.0,0.0
2019-07-15 00:00:00-04:00,1.2174999713897705,1.222499966621399,1.1875,1.1875,12273600,0.0,0.0
2019-07-16 00:00:00-04:00,1.190000057220459,1.2024999856948853,1.1575000286102295,1.1575000286102295,23880000,0.0,0.0
2019-07-17 00:00:00-04:00,1.1575000286102295,1.159999966621399,1.0824999809265137,1.0950000286102295,30572400,0.0,0.0
2019-07-18 00:00:00-04:00,1.097499966621399,1.1050000190734863,1.0299999713897705,1.0499999523162842,34342800,0.0,0.0
2019-07-19 00:00:00-04:00,1.0549999475479126,1.1050000190734863,1.0549999475479126,1.0800000429153442,43786000,0.0,0.0
2019-07-22 00:00:00-04:00,1.0824999809265137,1.100000023841858,1.0299999713897705,1.034999966621399,21954800,0.0,0.0
2019-07-23 00:00:00-04:00,1.037500023841858,1.0499999523162842,0.9950000047683716,1.0225000381469727,30814000,0.0,0.0
2019-07-24 00:00:00-04:00,1.0199999809265137,1.0499999523162842,1.0125000476837158,1.0199999809265137,24082400,0.0,0.0
2019-07-25 00:00:00-04:00,1.024999976158142,1.0800000429153442,0.9925000071525574,0.9950000047683716,23160000,0.0,0.0
2019-07-26 00:00:00-04:00,1.0,1.0199999809265137,0.9900000095367432,1.002500057220459,12836000,0.0,0.0
2019-07-29 00:00:00-04:00,1.0049999952316284,1.0399999618530273,1.0049999952316284,1.0299999713897705,17308400,0.0,0.0
2019-07-30 00:00:00-04:00,1.024999976158142,1.0325000286102295,0.9750000238418579,1.0075000524520874,21085600,0.0,0.0
2019-07-31 00:00:00-04:00,1.0075000524520874,1.0449999570846558,1.0,1.0049999952316284,20835600,0.0,0.0
2019-08-01 00:00:00-04:00,1.0049999952316284,1.0149999856948853,0.9449999928474426,0.9599999785423279,22386000,0.0,0.0
2019-08-02 00:00:00-04:00,0.9574999809265137,0.9725000262260437,0.9375,0.9449999928474426,14378800,0.0,0.0
2019-08-05 00:00:00-04:00,0.9300000071525574,0.9375,0.8949999809265137,0.9275000095367432,22727200,0.0,0.0
2019-08-06 00:00:00-04:00,0.9325000047683716,0.9549999833106995,0.9075000286102295,0.9524999856948853,20629600,0.0,0.0
2019-08-07 00:00:00-04:00,0.9350000023841858,0.9624999761581421,0.9150000214576721,0.9524999856948853,23424400,0.0,0.0
2019-08-08 00:00:00-04:00,0.9599999785423279,0.9775000214576721,0.9424999952316284,0.9725000262260437,9226800,0.0,0.0
2019-08-09 00:00:00-04:00,0.9574999809265137,0.9649999737739563,0.8974999785423279,0.8974999785423279,12317600,0.0,0.0
2019-08-12 00:00:00-04:00,0.8949999809265137,0.9049999713897705,0.8600000143051147,0.8774999976158142,10710400,0.0,0.0
2019-08-13 00:00:00-04:00,0.8700000047683716,0.9399999976158142,0.8675000071525574,0.8675000071525574,18018000,0.0,0.0
2019-08-14 00:00:00-04:00,0.8475000262260437,0.8550000190734863,0.7975000143051147,0.8299999833106995,24327600,0.0,0.0
2019-08-15 00:00:00-04:00,0.8299999833106995,0.8525000214576721,0.7875000238418579,0.8025000095367432,23553600,0.0,0.0
2019-08-16 00:00:00-04:00,0.8125,0.8399999737739563,0.8025000095367432,0.8299999833106995,12522800,0.0,0.0
2019-08-19 00:00:00-04:00,0.8424999713897705,0.8675000071525574,0.8349999785423279,0.8450000286102295,11550000,0.0,0.0
2019-08-20 00:00:00-04:00,0.8374999761581421,0.8650000095367432,0.8199999928474426,0.8550000190734863,17040000,0.0,0.0
2019-08-21 00:00:00-04:00,0.875,0.9049999713897705,0.8600000143051147,0.8849999904632568,23643600,0.0,0.0
2019-08-22 00:00:00-04:00,0.9925000071525574,1.0625,0.9300000071525574,0.9674999713897705,116709200,0.0,0.0
2019-08-23 00:00:00-04:00,0.9599999785423279,0.9750000238418579,0.8899999856948853,0.9125000238418579,34643600,0.0,0.0
2019-08-26 00:00:00-04:00,0.9300000071525574,1.0099999904632568,0.9125000238418579,0.9549999833106995,41277600,0.0,0.0
2019-08-27 00:00:00-04:00,0.9674999713897705,0.9825000166893005,0.9200000166893005,0.925000011920929,22804000,0.0,0.0
2019-08-28 00:00:00-04:00,0.925000011920929,0.9925000071525574,0.9175000190734863,0.9700000286102295,25756800,0.0,0.0
2019-08-29 00:00:00-04:00,0.9825000166893005,1.0724999904632568,0.9375,1.0575000047683716,53454000,0.0,0.0
2019-08-30 00:00:00-04:00,1.065000057220459,1.090000033378601,0.9800000190734863,0.9925000071525574,42538400,0.0,0.0
2019-09-03 00:00:00-04:00,0.9925000071525574,1.0175000429153442,0.9150000214576721,0.9524999856948853,36177600,0.0,0.0
2019-09-04 00:00:00-04:00,0.9700000286102295,1.0,0.9624999761581421,0.9950000047683716,16908400,0.0,0.0
2019-09-05 00:00:00-04:00,1.0199999809265137,1.059999942779541,1.0175000429153442,1.0575000047683716,27568000,0.0,0.0
2019-09-06 00:00:00-04:00,1.059999942779541,1.090000033378601,1.034999966621399,1.0774999856948853,26806000,0.0,0.0
2019-09-09 00:00:00-04:00,1.087499976158142,1.2300000190734863,1.087499976158142,1.190000057220459,58315200,0.0,0.0
2019-09-10 00:00:00-04:00,1.2174999713897705,1.274999976158142,1.127500057220459,1.2725000381469727,66636800,0.0,0.0
2019-09-11 00:00:00-04:00,1.0475000143051147,1.2374999523162842,0.9925000071525574,1.1475000381469727,136020000,0.0,0.0
2019-09-12 00:00:00-04:00,1.149999976158142,1.2024999856948853,1.1074999570846558,1.1449999809265137,35634800,0.0,0.0
2019-09-13 00:00:00-04:00,1.1549999713897705,1.1924999952316284,1.0924999713897705,1.1024999618530273,30648800,0.0,0.0
2019-09-16 00:00:00-04:00,1.0750000476837158,1.1174999475479126,1.0674999952316284,1.087499976158142,27045200,0.0,0.0
2019-09-17 00:00:00-04:00,1.0750000476837158,1.0850000381469727,1.0325000286102295,1.0824999809265137,25624000,0.0,0.0
2019-09-18 00:00:00-04:00,1.0824999809265137,1.1725000143051147,1.0824999809265137,1.149999976158142,39184800,0.0,0.0
2019-09-19 00:00:00-04:00,1.159999966621399,1.1675000190734863,1.1050000190734863,1.1100000143051147,31441200,0.0,0.0
2019-09-20 00:00:00-04:00,1.1475000381469727,1.2000000476837158,1.125,1.1749999523162842,46415200,0.0,0.0
2019-09-23 00:00:00-04:00,1.1699999570846558,1.2999999523162842,1.152500033378601,1.2549999952316284,49896000,0.0,0.0
2019-09-24 00:00:00-04:00,1.284999966621399,1.375,1.2450000047683716,1.252500057220459,52391600,0.0,0.0
2019-09-25 00:00:00-04:00,1.2725000381469727,1.3875000476837158,1.2699999809265137,1.2999999523162842,48657200,0.0,0.0
2019-09-26 00:00:00-04:00,1.2975000143051147,1.3350000381469727,1.2699999809265137,1.3200000524520874,24323600,0.0,0.0
2019-09-27 00:00:00-04:00,1.3125,1.3624999523162842,1.3049999475479126,1.3350000381469727,22194000,0.0,0.0
2019-09-30 00:00:00-04:00,1.3574999570846558,1.409999966621399,1.350000023841858,1.3799999952316284,35679200,0.0,0.0
2019-10-01 00:00:00-04:00,1.409999966621399,1.4550000429153442,1.372499942779541,1.3949999809265137,26369600,0.0,0.0
2019-10-02 00:00:00-04:00,1.3875000476837158,1.3875000476837158,1.309999942779541,1.3300000429153442,32619600,0.0,0.0
2019-10-03 00:00:00-04:00,1.3250000476837158,1.3700000047683716,1.3075000047683716,1.3550000190734863,17386800,0.0,0.0
2019-10-04 00:00:00-04:00,1.3574999570846558,1.3899999856948853,1.3424999713897705,1.3875000476837158,16852400,0.0,0.0
2019-10-07 00:00:00-04:00,1.3700000047683716,1.3949999809265137,1.3524999618530273,1.372499942779541,16619200,0.0,0.0
2019-10-08 00:00:00-04:00,1.3574999570846558,1.3600000143051147,1.2899999618530273,1.3075000047683716,19292400,0.0,0.0
2019-10-09 00:00:00-04:00,1.3125,1.3250000476837158,1.2400000095367432,1.247499942779541,23238400,0.0,0.0
2019-10-10 00:00:00-04:00,1.2549999952316284,1.287500023841858,1.2400000095367432,1.2625000476837158,20912000,0.0,0.0
2019-10-11 00:00:00-04:00,1.284999966621399,1.372499942779541,1.284999966621399,1.3424999713897705,23636800,0.0,0.0
2019-10-14 00:00:00-04:00,1.3300000429153442,1.3975000381469727,1.3049999475479126,1.3949999809265137,21095600,0.0,0.0
2019-10-15 00:00:00-04:00,1.399999976158142,1.4774999618530273,1.3975000381469727,1.402500033378601,25403600,0.0,0.0
2019-10-16 00:00:00-04:00,1.3949999809265137,1.4774999618530273,1.3949999809265137,1.4700000286102295,15474800,0.0,0.0
2019-10-17 00:00:00-04:00,1.472499966621399,1.5125000476837158,1.4500000476837158,1.5075000524520874,14426400,0.0,0.0
2019-10-18 00:00:00-04:00,1.5075000524520874,1.5125000476837158,1.4424999952316284,1.4850000143051147,12788400,0.0,0.0
2019-10-21 00:00:00-04:00,1.4950000047683716,1.5399999618530273,1.4550000429153442,1.4824999570846558,14446400,0.0,0.0
2019-10-22 00:00:00-04:00,1.4824999570846558,1.6100000143051147,1.4824999570846558,1.597499966621399,16698000,0.0,0.0
2019-10-23 00:00:00-04:00,1.5824999809265137,1.6549999713897705,1.5575000047683716,1.6074999570846558,16285600,0.0,0.0
2019-10-24 00:00:00-04:00,1.625,1.6375000476837158,1.5075000524520874,1.6050000190734863,17072800,0.0,0.0
2019-10-25 00:00:00-04:00,1.5800000429153442,1.6074999570846558,1.5625,1.587499976158142,10581600,0.0,0.0
2019-10-28 00:00:00-04:00,1.5950000286102295,1.622499942779541,1.5425000190734863,1.5475000143051147,11418800,0.0,0.0
2019-10-29 00:00:00-04:00,1.5525000095367432,1.5625,1.4474999904632568,1.4524999856948853,15675200,0.0,0.0
2019-10-30 00:00:00-04:00,1.440000057220459,1.4574999809265137,1.3799999952316284,1.4325000047683716,14958000,0.0,0.0
2019-10-31 00:00:00-04:00,1.4075000286102295,1.4225000143051147,1.3274999856948853,1.3600000143051147,17434400,0.0,0.0
2019-11-01 00:00:00-04:00,1.3624999523162842,1.5,1.3574999570846558,1.4600000381469727,20841600,0.0,0.0
2019-11-04 00:00:00-05:00,1.475000023841858,1.5049999952316284,1.4424999952316284,1.462499976158142,14680000,0.0,0.0
2019-11-05 00:00:00-05:00,1.4700000286102295,1.5499999523162842,1.465000033378601,1.4774999618530273,13496400,0.0,0.0
2019-11-06 00:00:00-05:00,1.475000023841858,1.5475000143051147,1.4550000429153442,1.5225000381469727,16513200,0.0,0.0
2019-11-07 00:00:00-05:00,1.5449999570846558,1.5800000429153442,1.5099999904632568,1.5549999475479126,12517200,0.0,0.0
2019-11-08 00:00:00-05:00,1.5425000190734863,1.5700000524520874,1.5125000476837158,1.5225000381469727,7874800,0.0,0.0
2019-11-11 00:00:00-05:00,1.5125000476837158,1.5225000381469727,1.4424999952316284,1.5049999952316284,12437600,0.0,0.0
2019-11-12 00:00:00-05:00,1.5075000524520874,1.5175000429153442,1.4674999713897705,1.4800000190734863,7338000,0.0,0.0
2019-11-13 00:00:00-05:00,1.4774999618530273,1.4924999475479126,1.4524999856948853,1.4850000143051147,6134400,0.0,0.0
2019-11-14 00:00:00-05:00,1.4874999523162842,1.527500033378601,1.475000023841858,1.4950000047683716,6834800,0.0,0.0
2019-11-15 00:00:00-05:00,1.5,1.502500057220459,1.462499976158142,1.4700000286102295,8663600,0.0,0.0
2019-11-18 00:00:00-05:00,1.462499976158142,1.462499976158142,1.402500033378601,1.4049999713897705,11983600,0.0,0.0
2019-11-19 00:00:00-05:00,1.3925000429153442,1.4149999618530273,1.3624999523162842,1.375,13442000,0.0,0.0
2019-11-20 00:00:00-05:00,1.3849999904632568,1.3849999904632568,1.340000033378601,1.3650000095367432,10666800,0.0,0.0
2019-11-21 00:00:00-05:00,1.3650000095367432,1.3949999809265137,1.337499976158142,1.375,11136000,0.0,0.0
2019-11-22 00:00:00-05:00,1.3975000381469727,1.462499976158142,1.375,1.4149999618530273,13972400,0.0,0.0
2019-11-25 00:00:00-05:00,1.4175000190734863,1.5149999856948853,1.4075000286102295,1.5075000524520874,10979600,0.0,0.0
2019-11-26 00:00:00-05:00,1.5075000524520874,1.565000057220459,1.502500057220459,1.524999976158142,10594800,0.0,0.0
2019-11-27 00:00:00-05:00,1.524999976158142,1.597499966621399,1.5049999952316284,1.587499976158142,12120000,0.0,0.0
2019-11-29 00:00:00-05:00,1.5824999809265137,1.597499966621399,1.559999942779541,1.5850000381469727,5476000,0.0,0.0
2019-12-02 00:00:00-05:00,1.587499976158142,1.6150000095367432,1.5225000381469727,1.5425000190734863,8242400,0.0,0.0
2019-12-03 00:00:00-05:00,1.5099999904632568,1.5449999570846558,1.4824999570846558,1.5299999713897705,8859600,0.0,0.0
2019-12-04 00:00:00-05:00,1.5425000190734863,1.622499942779541,1.5299999713897705,1.6074999570846558,11489600,0.0,0.0
2019-12-05 00:00:00-05:00,1.5800000429153442,1.6299999952316284,1.559999942779541,1.600000023841858,17525600,0.0,0.0
2019-12-06 00:00:00-05:00,1.597499966621399,1.6699999570846558,1.597499966621399,1.6699999570846558,19029200,0.0,0.0
2019-12-09 00:00:00-05:00,1.662500023841858,1.7300000190734863,1.5475000143051147,1.5824999809265137,25002400,0.0,0.0
2019-12-10 00:00:00-05:00,1.5724999904632568,1.6349999904632568,1.5299999713897705,1.627500057220459,38379600,0.0,0.0
2019-12-11 00:00:00-05:00,1.3125,1.4524999856948853,1.2949999570846558,1.3825000524520874,78071200,0.0,0.0
2019-12-12 00:00:00-05:00,1.3650000095367432,1.4275000095367432,1.3524999618530273,1.3949999809265137,25549200,0.0,0.0
2019-12-13 00:00:00-05:00,1.3674999475479126,1.4049999713897705,1.309999942779541,1.3624999523162842,21756000,0.0,0.0
2019-12-16 00:00:00-05:00,1.347499966621399,1.3975000381469727,1.347499966621399,1.375,17627600,0.0,0.0
2019-12-17 00:00:00-05:00,1.375,1.5199999809265137,1.372499942779541,1.5149999856948853,16565600,0.0,0.0
2019-12-18 00:00:00-05:00,1.5149999856948853,1.5674999952316284,1.4824999570846558,1.5399999618530273,21056400,0.0,0.0
2019-12-19 00:00:00-05:00,1.5525000095367432,1.559999942779541,1.5075000524520874,1.5149999856948853,17808000,0.0,0.0
2019-12-20 00:00:00-05:00,1.5149999856948853,1.5549999475479126,1.4900000095367432,1.497499942779541,21938400,0.0,0.0
2019-12-23 00:00:00-05:00,1.5125000476837158,1.5175000429153442,1.3849999904632568,1.402500033378601,25130800,0.0,0.0
2019-12-24 00:00:00-05:00,1.412500023841858,1.4175000190734863,1.3600000143051147,1.3600000143051147,13582000,0.0,0.0
2019-12-26 00:00:00-05:00,1.3674999475479126,1.377500057220459,1.3125,1.350000023841858,17057600,0.0,0.0
2019-12-27 00:00:00-05:00,1.3550000190734863,1.4950000047683716,1.347499966621399,1.475000023841858,44165200,0.0,0.0
2019-12-30 00:00:00-05:00,1.4700000286102295,1.5625,1.440000057220459,1.5325000286102295,17928400,0.0,0.0
2019-12-31 00:00:00-05:00,1.5199999809265137,1.597499966621399,1.497499942779541,1.5199999809265137,17290400,0.0,0.0
2020-01-02 00:00:00-05:00,1.534999966621399,1.6174999475479126,1.5175000429153442,1.5774999856948853,17814400,0.0,0.0
2020-01-03 00:00:00-05:00,1.5525000095367432,1.5625,1.4600000381469727,1.4700000286102295,14175600,0.0,0.0
2020-01-06 00:00:00-05:00,1.4500000476837158,1.4774999618530273,1.399999976158142,1.462499976158142,13579200,0.0,0.0
2020-01-07 00:00:00-05:00,1.4424999952316284,1.4574999809265137,1.3600000143051147,1.3799999952316284,20912000,0.0,0.0
2020-01-08 00:00:00-05:00,1.372499942779541,1.462499976158142,1.3524999618530273,1.4299999475479126,22517600,0.0,0.0
2020-01-09 00:00:00-05:00,1.4550000429153442,1.4550000429153442,1.3700000047683716,1.3875000476837158,10572000,0.0,0.0
2020-01-10 00:00:00-05:00,1.3899999856948853,1.399999976158142,1.3450000286102295,1.3574999570846558,11125600,0.0,0.0
2020-01-13 00:00:00-05:00,1.3574999570846558,1.402500033378601,1.3324999809265137,1.3574999570846558,14500800,0.0,0.0
2020-01-14 00:00:00-05:00,1.1950000524520874,1.25,1.1325000524520874,1.1775000095367432,50247600,0.0,0.0
2020-01-15 00:00:00-05:00,1.1649999618530273,1.1825000047683716,1.1375000476837158,1.152500033378601,19924400,0.0,0.0
2020-01-16 00:00:00-05:00,1.152500033378601,1.1775000095367432,1.1299999952316284,1.1549999713897705,17148400,0.0,0.0
2020-01-17 00:00:00-05:00,1.1449999809265137,1.1875,1.127500057220459,1.1875,16078000,0.0,0.0
2020-01-21 00:00:00-05:00,1.1875,1.1875,1.1375000476837158,1.1475000381469727,14128400,0.0,0.0
2020-01-22 00:00:00-05:00,1.1375000476837158,1.159999966621399,1.1150000095367432,1.1399999856948853,10510000,0.0,0.0
2020-01-23 00:00:00-05:00,1.1375000476837158,1.159999966621399,1.1150000095367432,1.1549999713897705,7520800,0.0,0.0
2020-01-24 00:00:00-05:00,1.159999966621399,1.159999966621399,1.0625,1.0800000429153442,16654400,0.0,0.0
2020-01-27 00:00:00-05:00,1.0499999523162842,1.087499976158142,1.0399999618530273,1.0700000524520874,8490000,0.0,0.0
2020-01-28 00:00:00-05:00,1.0750000476837158,1.0750000476837158,1.0449999570846558,1.0525000095367432,8579600,0.0,0.0
2020-01-29 00:00:00-05:00,1.0549999475479126,1.0800000429153442,1.0325000286102295,1.0325000286102295,6210400,0.0,0.0
2020-01-30 00:00:00-05:00,1.024999976158142,1.0299999713897705,0.9700000286102295,0.9825000166893005,12026000,0.0,0.0
2020-01-31 00:00:00-05:00,0.9775000214576721,0.9850000143051147,0.9574999809265137,0.9599999785423279,11566800,0.0,0.0
2020-02-03 00:00:00-05:00,0.9700000286102295,0.9950000047683716,0.9624999761581421,0.987500011920929,8102400,0.0,0.0
2020-02-04 00:00:00-05:00,1.0075000524520874,1.0625,0.9925000071525574,1.0175000429153442,14252400,0.0,0.0
2020-02-05 00:00:00-05:00,1.037500023841858,1.1024999618530273,1.034999966621399,1.0449999570846558,10566800,0.0,0.0
2020-02-06 00:00:00-05:00,1.0499999523162842,1.0750000476837158,1.034999966621399,1.034999966621399,6041200,0.0,0.0
2020-02-07 00:00:00-05:00,1.027500033378601,1.0325000286102295,0.9424999952316284,0.9524999856948853,10969200,0.0,0.0
2020-02-10 00:00:00-05:00,0.9624999761581421,1.024999976158142,0.9350000023841858,0.9850000143051147,11108000,0.0,0.0
2020-02-11 00:00:00-05:00,0.9950000047683716,1.059999942779541,0.987500011920929,1.0049999952316284,13660000,0.0,0.0
2020-02-12 00:00:00-05:00,1.0325000286102295,1.127500057220459,1.0175000429153442,1.0475000143051147,19282400,0.0,0.0
2020-02-13 00:00:00-05:00,1.0299999713897705,1.065000057220459,1.0175000429153442,1.027500033378601,8326800,0.0,0.0
2020-02-14 00:00:00-05:00,1.027500033378601,1.0475000143051147,1.0049999952316284,1.0049999952316284,6330800,0.0,0.0
2020-02-18 00:00:00-05:00,1.002500057220459,1.0199999809265137,0.9900000095367432,1.0149999856948853,5870400,0.0,0.0
2020-02-19 00:00:00-05:00,1.0149999856948853,1.0674999952316284,0.9800000190734863,1.037500023841858,10372400,0.0,0.0
2020-02-20 00:00:00-05:00,1.0399999618530273,1.0750000476837158,1.027500033378601,1.034999966621399,6249200,0.0,0.0
2020-02-21 00:00:00-05:00,1.0299999713897705,1.0449999570846558,0.9975000023841858,1.0099999904632568,6782800,0.0,0.0
2020-02-24 00:00:00-05:00,0.9750000238418579,0.9825000166893005,0.925000011920929,0.925000011920929,14265200,0.0,0.0
2020-02-25 00:00:00-05:00,0.9424999952316284,0.9474999904632568,0.887499988079071,0.8899999856948853,17791600,0.0,0.0
2020-02-26 00:00:00-05:00,0.8949999809265137,0.9049999713897705,0.8399999737739563,0.8475000262260437,18899200,0.0,0.0
2020-02-27 00:00:00-05:00,0.8075000047683716,0.9075000286102295,0.7950000166893005,0.8675000071525574,15518000,0.0,0.0
2020-02-28 00:00:00-05:00,0.8349999785423279,0.9300000071525574,0.8349999785423279,0.8999999761581421,18768800,0.0,0.0
2020-03-02 00:00:00-05:00,0.8999999761581421,0.9624999761581421,0.8475000262260437,0.9574999809265137,12833600,0.0,0.0
2020-03-03 00:00:00-05:00,0.9700000286102295,0.9725000262260437,0.875,0.9075000286102295,17130000,0.0,0.0
2020-03-04 00:00:00-05:00,0.9275000095367432,0.9574999809265137,0.8650000095367432,0.9424999952316284,17030400,0.0,0.0
2020-03-05 00:00:00-05:00,0.925000011920929,0.9975000023841858,0.8974999785423279,0.9900000095367432,14397600,0.0,0.0
2020-03-06 00:00:00-05:00,0.9599999785423279,1.0175000429153442,0.9399999976158142,0.9800000190734863,8387200,0.0,0.0
2020-03-09 00:00:00-04:00,0.8974999785423279,0.9925000071525574,0.875,0.925000011920929,10928000,0.0,0.0
2020-03-10 00:00:00-04:00,0.9850000143051147,1.065000057220459,0.949999988079071,1.0575000047683716,19452800,0.0,0.0
2020-03-11 00:00:00-04:00,1.034999966621399,1.0625,1.0,1.034999966621399,17656400,0.0,0.0
2020-03-12 00:00:00-04:00,0.925000011920929,1.0099999904632568,0.8700000047683716,0.9950000047683716,20493600,0.0,0.0
2020-03-13 00:00:00-04:00,1.0325000286102295,1.162500023841858,0.9624999761581421,1.1475000381469727,23148800,0.0,0.0
2020-03-16 00:00:00-04:00,0.9825000166893005,1.1425000429153442,0.9750000238418579,1.0924999713897705,19466800,0.0,0.0
2020-03-17 00:00:00-04:00,1.100000023841858,1.162500023841858,1.027500033378601,1.0575000047683716,14248800,0.0,0.0
2020-03-18 00:00:00-04:00,1.024999976158142,1.0625,0.875,0.9424999952316284,14606800,0.0,0.0
2020-03-19 00:00:00-04:00,0.9275000095367432,1.0499999523162842,0.887499988079071,1.0475000143051147,20158000,0.0,0.0
2020-03-20 00:00:00-04:00,1.0199999809265137,1.0199999809265137,0.9125000238418579,0.9399999976158142,30888800,0.0,0.0
2020-03-23 00:00:00-04:00,0.8949999809265137,0.9649999737739563,0.875,0.9524999856948853,24039200,0.0,0.0
2020-03-24 00:00:00-04:00,0.987500011920929,1.0525000095367432,0.9725000262260437,1.0399999618530273,27222400,0.0,0.0
2020-03-25 00:00:00-04:00,1.037500023841858,1.122499942779541,1.0099999904632568,1.0425000190734863,14368400,0.0,0.0
2020-03-26 00:00:00-04:00,1.059999942779541,1.1775000095367432,1.059999942779541,1.1024999618530273,24742800,0.0,0.0
2020-03-27 00:00:00-04:00,1.2350000143051147,1.2725000381469727,1.037500023841858,1.0549999475479126,28099200,0.0,0.0
2020-03-30 00:00:00-04:00,1.0549999475479126,1.0674999952316284,0.9125000238418579,0.9125000238418579,13402400,0.0,0.0
2020-03-31 00:00:00-04:00,0.9075000286102295,0.949999988079071,0.875,0.875,9203600,0.0,0.0
2020-04-01 00:00:00-04:00,0.862500011920929,0.8725000023841858,0.7799999713897705,0.8125,18274800,0.0,0.0
2020-04-02 00:00:00-04:00,0.8149999976158142,0.8374999761581421,0.7124999761581421,0.7124999761581421,16257200,0.0,0.0
2020-04-03 00:00:00-04:00,0.7124999761581421,0.7350000143051147,0.6424999833106995,0.699999988079071,15321600,0.0,0.0
2020-04-06 00:00:00-04:00,0.7149999737739563,0.800000011920929,0.7074999809265137,0.7724999785423279,13362000,0.0,0.0
2020-04-07 00:00:00-04:00,0.8475000262260437,0.8600000143051147,0.7749999761581421,0.8174999952316284,11347600,0.0,0.0
2020-04-08 00:00:00-04:00,0.8075000047683716,0.9175000190734863,0.800000011920929,0.8525000214576721,11538000,0.0,0.0
2020-04-09 00:00:00-04:00,0.8999999761581421,1.0625,0.8725000023841858,0.9725000262260437,23634400,0.0,0.0
2020-04-13 00:00:00-04:00,1.0625,1.190000057220459,1.0399999618530273,1.184999942779541,27378000,0.0,0.0
2020-04-14 00:00:00-04:00,1.3025000095367432,1.6174999475479126,1.284999966621399,1.4874999523162842,54026400,0.0,0.0
2020-04-15 00:00:00-04:00,1.4149999618530273,1.4175000190734863,1.225000023841858,1.3174999952316284,29999600,0.0,0.0
2020-04-16 00:00:00-04:00,1.2799999713897705,1.3600000143051147,1.2200000286102295,1.2575000524520874,13487600,0.0,0.0
2020-04-17 00:00:00-04:00,1.3049999475479126,1.3200000524520874,1.1074999570846558,1.2200000286102295,22612800,0.0,0.0
2020-04-20 00:00:00-04:00,1.212499976158142,1.475000023841858,1.1950000524520874,1.402500033378601,24340000,0.0,0.0
2020-04-21 00:00:00-04:00,1.3075000047683716,1.3250000476837158,1.190000057220459,1.1950000524520874,16568400,0.0,0.0
2020-04-22 00:00:00-04:00,1.284999966621399,1.2925000190734863,1.2074999809265137,1.222499966621399,10711200,0.0,0.0
2020-04-23 00:00:00-04:00,1.1875,1.222499966621399,1.1449999809265137,1.1749999523162842,9063600,0.0,0.0
2020-04-24 00:00:00-04:00,1.1950000524520874,1.212499976158142,1.1649999618530273,1.1924999952316284,8944800,0.0,0.0
2020-04-27 00:00:00-04:00,1.212499976158142,1.497499942779541,1.2024999856948853,1.4550000429153442,29100400,0.0,0.0
2020-04-28 00:00:00-04:00,1.4800000190734863,1.5099999904632568,1.2649999856948853,1.409999966621399,20800800,0.0,0.0
2020-04-29 00:00:00-04:00,1.4574999809265137,1.5225000381469727,1.3624999523162842,1.5099999904632568,13478400,0.0,0.0
2020-04-30 00:00:00-04:00,1.4674999713897705,1.4950000047683716,1.409999966621399,1.4325000047683716,8693200,0.0,0.0
2020-05-01 00:00:00-04:00,1.412500023841858,1.5449999570846558,1.3624999523162842,1.5125000476837158,16022400,0.0,0.0
2020-05-04 00:00:00-04:00,1.4600000381469727,1.4824999570846558,1.350000023841858,1.3700000047683716,16272400,0.0,0.0
2020-05-05 00:00:00-04:00,1.3875000476837158,1.4075000286102295,1.337499976158142,1.347499966621399,8423600,0.0,0.0
2020-05-06 00:00:00-04:00,1.350000023841858,1.350000023841858,1.225000023841858,1.2324999570846558,13478400,0.0,0.0
2020-05-07 00:00:00-04:00,1.2074999809265137,1.2324999570846558,1.162500023841858,1.2174999713897705,10003200,0.0,0.0
2020-05-08 00:00:00-04:00,1.2200000286102295,1.2975000143051147,1.2050000429153442,1.2450000047683716,9410400,0.0,0.0
2020-05-11 00:00:00-04:00,1.2300000190734863,1.2400000095367432,1.1875,1.190000057220459,6796800,0.0,0.0
2020-05-12 00:00:00-04:00,1.1950000524520874,1.2300000190734863,1.1150000095367432,1.1349999904632568,10556800,0.0,0.0
2020-05-13 00:00:00-04:00,1.1349999904632568,1.1349999904632568,1.0175000429153442,1.0525000095367432,11531600,0.0,0.0
2020-05-14 00:00:00-04:00,1.037500023841858,1.0475000143051147,0.9900000095367432,1.0325000286102295,8019600,0.0,0.0
2020-05-15 00:00:00-04:00,1.0125000476837158,1.1124999523162842,1.0099999904632568,1.0549999475479126,7762400,0.0,0.0
2020-05-18 00:00:00-04:00,1.100000023841858,1.1575000286102295,1.090000033378601,1.1449999809265137,9456800,0.0,0.0
2020-05-19 00:00:00-04:00,1.1449999809265137,1.1875,1.0924999713897705,1.1100000143051147,7362800,0.0,0.0
2020-05-20 00:00:00-04:00,1.125,1.1725000143051147,1.0850000381469727,1.1074999570846558,10174400,0.0,0.0
2020-05-21 00:00:00-04:00,1.1124999523162842,1.162500023841858,1.100000023841858,1.1100000143051147,7887600,0.0,0.0
2020-05-22 00:00:00-04:00,1.1150000095367432,1.122499942779541,1.0325000286102295,1.0449999570846558,9519600,0.0,0.0
2020-05-26 00:00:00-04:00,1.0850000381469727,1.152500033378601,1.0824999809265137,1.1050000190734863,14182800,0.0,0.0
2020-05-27 00:00:00-04:00,1.1425000429153442,1.1775000095367432,1.090000033378601,1.1725000143051147,12586400,0.0,0.0
2020-05-28 00:00:00-04:00,1.1875,1.190000057220459,1.0750000476837158,1.0824999809265137,8735600,0.0,0.0
2020-05-29 00:00:00-04:00,1.0824999809265137,1.1050000190734863,1.0125000476837158,1.0149999856948853,15846800,0.0,0.0
2020-06-01 00:00:00-04:00,1.0299999713897705,1.090000033378601,1.0049999952316284,1.0325000286102295,10446400,0.0,0.0
2020-06-02 00:00:00-04:00,1.0674999952316284,1.0774999856948853,1.0149999856948853,1.0449999570846558,9477600,0.0,0.0
2020-06-03 00:00:00-04:00,1.059999942779541,1.1299999952316284,1.0499999523162842,1.1100000143051147,12149600,0.0,0.0
2020-06-04 00:00:00-04:00,1.1100000143051147,1.1799999475479126,1.0924999713897705,1.1174999475479126,14057200,0.0,0.0
2020-06-05 00:00:00-04:00,1.0724999904632568,1.1024999618530273,1.0225000381469727,1.034999966621399,25097600,0.0,0.0
2020-06-08 00:00:00-04:00,1.0700000524520874,1.284999966621399,1.0674999952316284,1.252500057220459,40534800,0.0,0.0
2020-06-09 00:00:00-04:00,1.25,1.25,1.1375000476837158,1.2400000095367432,32293600,0.0,0.0
2020-06-10 00:00:00-04:00,1.1950000524520874,1.3825000524520874,1.1699999570846558,1.2675000429153442,42425600,0.0,0.0
2020-06-11 00:00:00-04:00,1.159999966621399,1.225000023841858,1.0449999570846558,1.0924999713897705,24944000,0.0,0.0
2020-06-12 00:00:00-04:00,1.149999976158142,1.1950000524520874,1.097499966621399,1.1799999475479126,17512800,0.0,0.0
2020-06-15 00:00:00-04:00,1.125,1.1924999952316284,1.1050000190734863,1.1725000143051147,15636000,0.0,0.0
2020-06-16 00:00:00-04:00,1.2374999523162842,1.2374999523162842,1.127500057220459,1.159999966621399,12485200,0.0,0.0
2020-06-17 00:00:00-04:00,1.1349999904632568,1.2074999809265137,1.1325000524520874,1.190000057220459,14374000,0.0,0.0
2020-06-18 00:00:00-04:00,1.1675000190734863,1.2374999523162842,1.162500023841858,1.2374999523162842,13695200,0.0,0.0
2020-06-19 00:00:00-04:00,1.2374999523162842,1.2699999809265137,1.1725000143051147,1.2200000286102295,29466400,0.0,0.0
2020-06-22 00:00:00-04:00,1.1974999904632568,1.2374999523162842,1.1799999475479126,1.2174999713897705,12715600,0.0,0.0
2020-06-23 00:00:00-04:00,1.2374999523162842,1.247499942779541,1.2000000476837158,1.2074999809265137,12821600,0.0,0.0
2020-06-24 00:00:00-04:00,1.2074999809265137,1.2100000381469727,1.0950000286102295,1.1024999618530273,11904800,0.0,0.0
2020-06-25 00:00:00-04:00,1.0824999809265137,1.1349999904632568,1.0750000476837158,1.1150000095367432,9803200,0.0,0.0
2020-06-26 00:00:00-04:00,1.1200000047683716,1.125,1.0674999952316284,1.087499976158142,15204800,0.0,0.0
2020-06-29 00:00:00-04:00,1.087499976158142,1.1299999952316284,1.0750000476837158,1.0950000286102295,8524800,0.0,0.0
2020-06-30 00:00:00-04:00,1.0824999809265137,1.127500057220459,1.0499999523162842,1.0850000381469727,15556000,0.0,0.0
2020-07-01 00:00:00-04:00,1.0774999856948853,1.125,1.0774999856948853,1.1100000143051147,9214800,0.0,0.0
2020-07-02 00:00:00-04:00,1.122499942779541,1.127500057220459,1.0724999904632568,1.0724999904632568,7550400,0.0,0.0
2020-07-06 00:00:00-04:00,1.0774999856948853,1.0850000381469727,1.0475000143051147,1.059999942779541,8563600,0.0,0.0
2020-07-07 00:00:00-04:00,1.0499999523162842,1.0625,1.0149999856948853,1.0225000381469727,9826400,0.0,0.0
2020-07-08 00:00:00-04:00,1.024999976158142,1.0724999904632568,1.0075000524520874,1.065000057220459,8211200,0.0,0.0
2020-07-09 00:00:00-04:00,1.0674999952316284,1.0800000429153442,1.0325000286102295,1.0525000095367432,7970400,0.0,0.0
2020-07-10 00:00:00-04:00,1.0499999523162842,1.0950000286102295,1.0449999570846558,1.0850000381469727,5643200,0.0,0.0
2020-07-13 00:00:00-04:00,1.087499976158142,1.1375000476837158,1.065000057220459,1.065000057220459,16864800,0.0,0.0
2020-07-14 00:00:00-04:00,1.0549999475479126,1.0774999856948853,1.0175000429153442,1.0199999809265137,9046400,0.0,0.0
2020-07-15 00:00:00-04:00,1.0325000286102295,1.0724999904632568,1.0325000286102295,1.0475000143051147,5896400,0.0,0.0
2020-07-16 00:00:00-04:00,1.0475000143051147,1.0499999523162842,1.0225000381469727,1.0425000190734863,5320400,0.0,0.0
2020-07-17 00:00:00-04:00,1.0399999618530273,1.0575000047683716,0.9850000143051147,0.9900000095367432,12263600,0.0,0.0
2020-07-20 00:00:00-04:00,0.987500011920929,1.0149999856948853,0.9424999952316284,0.9624999761581421,13604400,0.0,0.0
2020-07-21 00:00:00-04:00,0.9750000238418579,1.0225000381469727,0.9700000286102295,1.002500057220459,13351600,0.0,0.0
2020-07-22 00:00:00-04:00,1.0049999952316284,1.0299999713897705,0.9800000190734863,1.027500033378601,10094000,0.0,0.0
2020-07-23 00:00:00-04:00,1.0225000381469727,1.0774999856948853,1.0149999856948853,1.027500033378601,12948800,0.0,0.0
2020-07-24 00:00:00-04:00,1.0149999856948853,1.0575000047683716,1.002500057220459,1.0075000524520874,8863600,0.0,0.0
2020-07-27 00:00:00-04:00,1.0049999952316284,1.0299999713897705,0.987500011920929,1.002500057220459,9890800,0.0,0.0
2020-07-28 00:00:00-04:00,0.9900000095367432,1.0125000476837158,0.9800000190734863,0.9850000143051147,18221600,0.0,0.0
2020-07-29 00:00:00-04:00,0.9850000143051147,1.0449999570846558,0.9800000190734863,1.0149999856948853,11518400,0.0,0.0
2020-07-30 00:00:00-04:00,1.0,1.0575000047683716,0.9925000071525574,1.024999976158142,9594000,0.0,0.0
2020-07-31 00:00:00-04:00,1.0149999856948853,1.0399999618530273,0.9975000023841858,1.002500057220459,7517600,0.0,0.0
2020-08-03 00:00:00-04:00,1.0075000524520874,1.0625,1.0,1.037500023841858,10070400,0.0,0.0
2020-08-04 00:00:00-04:00,1.0325000286102295,1.184999942779541,1.0325000286102295,1.1074999570846558,41445600,0.0,0.0
2020-08-05 00:00:00-04:00,1.125,1.190000057220459,1.0625,1.1575000286102295,19677200,0.0,0.0
2020-08-06 00:00:00-04:00,1.149999976158142,1.1649999618530273,1.0950000286102295,1.1074999570846558,7604800,0.0,0.0
2020-08-07 00:00:00-04:00,1.097499966621399,1.100000023841858,1.0149999856948853,1.0399999618530273,13364400,0.0,0.0
2020-08-10 00:00:00-04:00,1.0499999523162842,1.1425000429153442,1.0449999570846558,1.0824999809265137,18247200,0.0,0.0
2020-08-11 00:00:00-04:00,1.1074999570846558,1.1425000429153442,1.0850000381469727,1.087499976158142,12555200,0.0,0.0
2020-08-12 00:00:00-04:00,1.100000023841858,1.1575000286102295,1.090000033378601,1.1299999952316284,12230400,0.0,0.0
2020-08-13 00:00:00-04:00,1.1299999952316284,1.1775000095367432,1.125,1.159999966621399,8513200,0.0,0.0
2020-08-14 00:00:00-04:00,1.149999976158142,1.2074999809265137,1.1375000476837158,1.1875,13897600,0.0,0.0
2020-08-17 00:00:00-04:00,1.1950000524520874,1.1950000524520874,1.1399999856948853,1.1575000286102295,9484000,0.0,0.0
2020-08-18 00:00:00-04:00,1.152500033378601,1.2174999713897705,1.1074999570846558,1.2024999856948853,15337600,0.0,0.0
2020-08-19 00:00:00-04:00,1.2000000476837158,1.2100000381469727,1.159999966621399,1.1799999475479126,10450400,0.0,0.0
2020-08-20 00:00:00-04:00,1.1549999713897705,1.1699999570846558,1.127500057220459,1.152500033378601,9764800,0.0,0.0
2020-08-21 00:00:00-04:00,1.149999976158142,1.399999976158142,1.149999976158142,1.2575000524520874,42570400,0.0,0.0
2020-08-24 00:00:00-04:00,1.274999976158142,1.2825000286102295,1.1399999856948853,1.2174999713897705,18341600,0.0,0.0
2020-08-25 00:00:00-04:00,1.2200000286102295,1.3125,1.2200000286102295,1.2450000047683716,11994800,0.0,0.0
2020-08-26 00:00:00-04:00,1.2424999475479126,1.3049999475479126,1.2300000190734863,1.277500033378601,11118800,0.0,0.0
2020-08-27 00:00:00-04:00,1.277500033378601,1.3450000286102295,1.2549999952316284,1.3125,13537600,0.0,0.0
2020-08-28 00:00:00-04:00,1.3250000476837158,1.3925000429153442,1.3049999475479126,1.347499966621399,16947600,0.0,0.0
2020-08-31 00:00:00-04:00,1.4424999952316284,1.787500023841858,1.4225000143051147,1.6699999570846558,151904000,0.0,0.0
2020-09-01 00:00:00-04:00,1.8250000476837158,1.9550000429153442,1.6924999952316284,1.912500023841858,92634400,0.0,0.0
2020-09-02 00:00:00-04:00,1.9500000476837158,2.012500047683716,1.777500033378601,1.9275000095367432,52044400,0.0,0.0
2020-09-03 00:00:00-04:00,1.9700000286102295,2.112499952316284,1.809999942779541,1.9550000429153442,57378000,0.0,0.0
2020-09-04 00:00:00-04:00,1.9450000524520874,1.9800000190734863,1.7925000190734863,1.912500023841858,30648000,0.0,0.0
2020-09-08 00:00:00-04:00,1.8875000476837158,2.069999933242798,1.8700000047683716,1.9249999523162842,39266400,0.0,0.0
2020-09-09 00:00:00-04:00,1.9900000095367432,1.997499942779541,1.8274999856948853,1.837499976158142,36272400,0.0,0.0
2020-09-10 00:00:00-04:00,1.662500023841858,1.7374999523162842,1.5475000143051147,1.5575000047683716,62233200,0.0,0.0
2020-09-11 00:00:00-04:00,1.565000057220459,1.5824999809265137,1.4674999713897705,1.5225000381469727,24244800,0.0,0.0
2020-09-14 00:00:00-04:00,1.7000000476837158,1.75,1.6074999570846558,1.7274999618530273,40476000,0.0,0.0
2020-09-15 00:00:00-04:00,1.715000033378601,1.815000057220459,1.6725000143051147,1.7725000381469727,22974000,0.0,0.0
2020-09-16 00:00:00-04:00,1.7575000524520874,2.259999990463257,1.7575000524520874,2.1700000762939453,77025200,0.0,0.0
2020-09-17 00:00:00-04:00,2.1424999237060547,2.442500114440918,2.1024999618530273,2.299999952316284,68106800,0.0,0.0
2020-09-18 00:00:00-04:00,2.299999952316284,2.442500114440918,2.2274999618530273,2.367500066757202,69630000,0.0,0.0
2020-09-21 00:00:00-04:00,2.3375000953674316,2.4000000953674316,2.0950000286102295,2.1875,30559200,0.0,0.0
2020-09-22 00:00:00-04:00,2.612499952316284,2.7925000190734863,2.4749999046325684,2.640000104904175,139010000,0.0,0.0
2020-09-23 00:00:00-04:00,2.6500000953674316,2.7149999141693115,2.4800000190734863,2.509999990463257,42604800,0.0,0.0
2020-09-24 00:00:00-04:00,2.427500009536743,2.452500104904175,2.252500057220459,2.2850000858306885,31755200,0.0,0.0
2020-09-25 00:00:00-04:00,2.297499895095825,2.5450000762939453,2.2750000953674316,2.505000114440918,30060800,0.0,0.0
2020-09-28 00:00:00-04:00,2.5399999618530273,2.565000057220459,2.387500047683716,2.5225000381469727,27057200,0.0,0.0
2020-09-29 00:00:00-04:00,2.5,2.6624999046325684,2.4825000762939453,2.5875000953674316,20950400,0.0,0.0
2020-09-30 00:00:00-04:00,2.5625,2.690000057220459,2.515000104904175,2.549999952316284,24316000,0.0,0.0
2020-10-01 00:00:00-04:00,2.5225000381469727,2.5625,2.422499895095825,2.442500114440918,18216400,0.0,0.0
2020-10-02 00:00:00-04:00,2.3450000286102295,2.444999933242798,2.325000047683716,2.3475000858306885,17362000,0.0,0.0
2020-10-05 00:00:00-04:00,2.359999895095825,2.3975000381469727,2.3125,2.365000009536743,11220000,0.0,0.0
2020-10-06 00:00:00-04:00,2.390000104904175,2.4600000381469727,2.2750000953674316,2.2825000286102295,18141600,0.0,0.0
2020-10-07 00:00:00-04:00,2.307499885559082,2.390000104904175,2.2925000190734863,2.3399999141693115,13234400,0.0,0.0
2020-10-08 00:00:00-04:00,2.384999990463257,3.4100000858306885,2.297499895095825,3.372499942779541,305814400,0.0,0.0
2020-10-09 00:00:00-04:00,3.2074999809265137,3.700000047683716,2.9749999046325684,3.005000114440918,308611200,0.0,0.0
2020-10-12 00:00:00-04:00,2.9149999618530273,3.192500114440918,2.8499999046325684,2.950000047683716,94622800,0.0,0.0
2020-10-13 00:00:00-04:00,2.932499885559082,3.1050000190734863,2.9124999046325684,2.9700000286102295,40718800,0.0,0.0
2020-10-14 00:00:00-04:00,3.1675000190734863,3.1700000762939453,3.012500047683716,3.0625,43045600,0.0,0.0
2020-10-15 00:00:00-04:00,2.997499942779541,3.7750000953674316,2.997499942779541,3.4574999809265137,159579200,0.0,0.0
2020-10-16 00:00:00-04:00,3.442500114440918,3.4749999046325684,3.2699999809265137,3.327500104904175,46606400,0.0,0.0
2020-10-19 00:00:00-04:00,3.359999895095825,3.625,3.3450000286102295,3.4774999618530273,52676400,0.0,0.0
2020-10-20 00:00:00-04:00,3.507499933242798,3.5350000858306885,3.4175000190734863,3.4649999141693115,26416000,0.0,0.0
2020-10-21 00:00:00-04:00,3.4749999046325684,3.6050000190734863,3.450000047683716,3.5250000953674316,21447600,0.0,0.0
2020-10-22 00:00:00-04:00,3.549999952316284,3.9674999713897705,3.547499895095825,3.7274999618530273,64848800,0.0,0.0
2020-10-23 00:00:00-04:00,3.762500047683716,3.8450000286102295,3.637500047683716,3.75,26029200,0.0,0.0
2020-10-26 00:00:00-04:00,3.7325000762939453,3.862499952316284,3.315000057220459,3.362499952316284,53505200,0.0,0.0
2020-10-27 00:00:00-04:00,3.427500009536743,3.427500009536743,3.0899999141693115,3.172499895095825,28924000,0.0,0.0
2020-10-28 00:00:00-04:00,3.067500114440918,3.262500047683716,2.944999933242798,2.9549999237060547,25554400,0.0,0.0
2020-10-29 00:00:00-04:00,2.9700000286102295,3.0625,2.9200000762939453,2.932499885559082,16663200,0.0,0.0
2020-10-30 00:00:00-04:00,2.9100000858306885,2.9100000858306885,2.5899999141693115,2.617500066757202,46187600,0.0,0.0
2020-11-02 00:00:00-05:00,2.7049999237060547,2.7725000381469727,2.625,2.6875,20908000,0.0,0.0
2020-11-03 00:00:00-05:00,2.6875,2.9649999141693115,2.6575000286102295,2.8924999237060547,29818000,0.0,0.0
2020-11-04 00:00:00-05:00,2.940000057220459,2.942500114440918,2.6524999141693115,2.7274999618530273,23231600,0.0,0.0
2020-11-05 00:00:00-05:00,2.817500114440918,2.9600000381469727,2.765000104904175,2.862499952316284,18820800,0.0,0.0
2020-11-06 00:00:00-05:00,2.880000114440918,3.0425000190734863,2.8299999237060547,2.9649999141693115,22072800,0.0,0.0
2020-11-09 00:00:00-05:00,3.190000057220459,3.2325000762939453,2.8125,2.872499942779541,24979600,0.0,0.0
2020-11-10 00:00:00-05:00,2.875,2.9149999618530273,2.7074999809265137,2.7750000953674316,15304000,0.0,0.0
2020-11-11 00:00:00-05:00,2.875,2.987499952316284,2.802500009536743,2.9375,19530400,0.0,0.0
2020-11-12 00:00:00-05:00,2.934999942779541,2.9674999713897705,2.742500066757202,2.7825000286102295,17413200,0.0,0.0
2020-11-13 00:00:00-05:00,2.8399999141693115,2.887500047683716,2.75,2.752500057220459,14143600,0.0,0.0
2020-11-16 00:00:00-05:00,2.7899999618530273,3.1649999618530273,2.680000066757202,3.015000104904175,39099200,0.0,0.0
2020-11-17 00:00:00-05:00,2.9124999046325684,2.9800000190734863,2.807499885559082,2.9075000286102295,26712800,0.0,0.0
2020-11-18 00:00:00-05:00,2.950000047683716,3.009999990463257,2.890000104904175,2.8924999237060547,12676800,0.0,0.0
2020-11-19 00:00:00-05:00,2.9000000953674316,3.197499990463257,2.862499952316284,3.115000009536743,47150400,0.0,0.0
2020-11-20 00:00:00-05:00,3.137500047683716,3.365000009536743,3.134999990463257,3.177500009536743,33581600,0.0,0.0
2020-11-23 00:00:00-05:00,3.2249999046325684,3.5299999713897705,3.1675000190734863,3.4749999046325684,38396400,0.0,0.0
2020-11-24 00:00:00-05:00,3.557499885559082,3.565000057220459,3.325000047683716,3.4175000190734863,28732800,0.0,0.0
2020-11-25 00:00:00-05:00,3.4000000953674316,3.8125,3.3550000190734863,3.6875,35440400,0.0,0.0
2020-11-27 00:00:00-05:00,3.822499990463257,4.184999942779541,3.7200000286102295,4.019999980926514,50016800,0.0,0.0
2020-11-30 00:00:00-05:00,4.542500019073486,4.855000019073486,4.139999866485596,4.139999866485596,127934000,0.0,0.0
2020-12-01 00:00:00-05:00,4.277500152587891,4.349999904632568,3.940000057220459,3.950000047683716,50615600,0.0,0.0
2020-12-02 00:00:00-05:00,3.924999952316284,4.170000076293945,3.8450000286102295,4.144999980926514,31533600,0.0,0.0
2020-12-03 00:00:00-05:00,4.119999885559082,4.159999847412109,3.9674999713897705,4.03000020980835,25180000,0.0,0.0
2020-12-04 00:00:00-05:00,4.074999809265137,4.322500228881836,4.065000057220459,4.224999904632568,35890800,0.0,0.0
2020-12-07 00:00:00-05:00,4.25,4.375,4.054999828338623,4.087500095367432,29545200,0.0,0.0
2020-12-08 00:00:00-05:00,4.09250020980835,4.302499771118164,3.9825000762939453,4.235000133514404,64480800,0.0,0.0
2020-12-09 00:00:00-05:00,3.4800000190734863,3.682499885559082,3.307499885559082,3.4149999618530273,97431600,0.0,0.0
2020-12-10 00:00:00-05:00,3.2799999713897705,3.6024999618530273,3.262500047683716,3.5299999713897705,30235600,0.0,0.0
2020-12-11 00:00:00-05:00,3.4774999618530273,3.5,3.255000114440918,3.327500104904175,29987600,0.0,0.0
2020-12-14 00:00:00-05:00,3.3350000381469727,3.3575000762939453,3.0350000858306885,3.180000066757202,40028400,0.0,0.0
2020-12-15 00:00:00-05:00,3.194999933242798,3.505000114440918,3.119999885559082,3.4625000953674316,32759200,0.0,0.0
2020-12-16 00:00:00-05:00,3.490000009536743,3.577500104904175,3.3949999809265137,3.4625000953674316,23460400,0.0,0.0
2020-12-17 00:00:00-05:00,3.490000009536743,3.744999885559082,3.3975000381469727,3.7074999809265137,32779600,0.0,0.0
2020-12-18 00:00:00-05:00,3.944999933242798,4.074999809265137,3.7950000762939453,3.9075000286102295,66475200,0.0,0.0
2020-12-21 00:00:00-05:00,3.952500104904175,4.087500095367432,3.819999933242798,3.882499933242798,39504400,0.0,0.0
2020-12-22 00:00:00-05:00,4.054999828338623,5.010000228881836,4.037499904632568,4.864999771118164,122610800,0.0,0.0
2020-12-23 00:00:00-05:00,5.042500019073486,5.587500095367432,4.78249979019165,5.142499923706055,103321200,0.0,0.0
2020-12-24 00:00:00-05:00,5.252500057220459,5.369999885559082,4.987500190734863,5.037499904632568,25048800,0.0,0.0
2020-12-28 00:00:00-05:00,5.327499866485596,5.492499828338623,5.087500095367432,5.247499942779541,35863600,0.0,0.0
2020-12-29 00:00:00-05:00,5.204999923706055,5.267499923706055,4.639999866485596,4.84499979019165,36965600,0.0,0.0
2020-12-30 00:00:00-05:00,4.84499979019165,5.0,4.712500095367432,4.815000057220459,23737600,0.0,0.0
2020-12-31 00:00:00-05:00,4.8125,4.949999809265137,4.699999809265137,4.710000038146973,27690800,0.0,0.0
2021-01-04 00:00:00-05:00,4.75,4.775000095367432,4.287499904632568,4.3125,40090000,0.0,0.0
2021-01-05 00:00:00-05:00,4.337500095367432,4.519999980926514,4.307499885559082,4.34250020980835,19846000,0.0,0.0
2021-01-06 00:00:00-05:00,4.335000038146973,4.744999885559082,4.332499980926514,4.590000152587891,24224800,0.0,0.0
2021-01-07 00:00:00-05:00,4.617499828338623,4.862500190734863,4.505000114440918,4.519999980926514,24517200,0.0,0.0
2021-01-08 00:00:00-05:00,4.545000076293945,4.574999809265137,4.269999980926514,4.422500133514404,25928000,0.0,0.0
2021-01-11 00:00:00-05:00,4.852499961853027,5.162499904632568,4.752500057220459,4.985000133514404,59632000,0.0,0.0
2021-01-12 00:00:00-05:00,4.989999771118164,5.099999904632568,4.829999923706055,4.987500190734863,28242800,0.0,0.0
2021-01-13 00:00:00-05:00,5.105000019073486,9.662500381469727,5.007500171661377,7.849999904632568,578006800,0.0,0.0
2021-01-14 00:00:00-05:00,9.522500038146973,10.765000343322754,8.262499809265137,9.977499961853027,374869600,0.0,0.0
2021-01-15 00:00:00-05:00,9.6225004196167,10.1875,8.5024995803833,8.875,187465600,0.0,0.0
2021-01-19 00:00:00-05:00,10.387499809265137,11.380000114440918,9.15999984741211,9.84000015258789,298887600,0.0,0.0
2021-01-20 00:00:00-05:00,9.342499732971191,10.297499656677246,9.015000343322754,9.779999732971191,133887200,0.0,0.0
2021-01-21 00:00:00-05:00,9.807499885559082,11.1875,9.25,10.757499694824219,224867600,0.0,0.0
2021-01-22 00:00:00-05:00,10.647500038146973,19.190000534057617,10.579999923706055,16.252500534057617,788631600,0.0,0.0
2021-01-25 00:00:00-05:00,24.1825008392334,39.79499816894531,15.282500267028809,19.197500228881836,711496000,0.0,0.0
2021-01-26 00:00:00-05:00,22.139999389648438,37.5,20.049999237060547,36.994998931884766,714352000,0.0,0.0
2021-01-27 00:00:00-05:00,88.7074966430664,95.0,62.25,86.87750244140625,373586800,0.0,0.0
2021-01-28 00:00:00-05:00,66.25,120.75,28.0625,48.400001525878906,235263200,0.0,0.0
2021-01-29 00:00:00-05:00,94.92749786376953,103.49500274658203,62.5,81.25,202264400,0.0,0.0
2021-02-01 00:00:00-05:00,79.13999938964844,80.5,53.0,56.25,149528800,0.0,0.0
2021-02-02 00:00:00-05:00,35.189998626708984,39.5,18.55500030517578,22.5,312732400,0.0,0.0
2021-02-03 00:00:00-05:00,28.002500534057617,28.350000381469727,21.3125,23.102500915527344,170794000,0.0,0.0
2021-02-04 00:00:00-05:00,22.797500610351562,22.875,13.332500457763672,13.375,249709200,0.0,0.0
2021-02-05 00:00:00-05:00,13.510000228881836,23.75,12.772500038146973,15.942500114440918,325380000,0.0,0.0
2021-02-08 00:00:00-05:00,18.102500915527344,18.165000915527344,14.505000114440918,15.0,102749200,0.0,0.0
2021-02-09 00:00:00-05:00,14.15250015258789,14.25,11.630000114440918,12.577500343322754,107372400,0.0,0.0
2021-02-10 00:00:00-05:00,12.692500114440918,15.707500457763672,11.637499809265137,12.800000190734863,145820000,0.0,0.0
2021-02-11 00:00:00-05:00,12.5024995803833,13.829999923706055,12.055000305175781,12.774999618530273,52226800,0.0,0.0
2021-02-12 00:00:00-05:00,12.6875,13.8100004196167,12.012499809265137,13.100000381469727,58293200,0.0,0.0
2021-02-16 00:00:00-05:00,13.164999961853027,13.375,12.260000228881836,12.3774995803833,32700000,0.0,0.0
2021-02-17 00:00:00-05:00,12.442500114440918,12.797499656677246,11.140000343322754,11.484999656677246,36747200,0.0,0.0
2021-02-18 00:00:00-05:00,12.1225004196167,12.217499732971191,10.162500381469727,10.172499656677246,95962400,0.0,0.0
2021-02-19 00:00:00-05:00,10.319999694824219,10.97249984741211,9.625,10.147500038146973,59312800,0.0,0.0
2021-02-22 00:00:00-05:00,11.672499656677246,12.1274995803833,10.600000381469727,11.5,77904000,0.0,0.0
2021-02-23 00:00:00-05:00,11.242500305175781,11.557499885559082,10.0,11.242500305175781,30260800,0.0,0.0
2021-02-24 00:00:00-05:00,11.175000190734863,22.927499771118164,11.175000190734863,22.927499771118164,332446800,0.0,0.0
2021-02-25 00:00:00-05:00,42.38999938964844,46.16999816894531,25.25,27.1825008392334,601235200,0.0,0.0
2021-02-26 00:00:00-05:00,29.364999771118164,35.724998474121094,21.5,25.434999465942383,368776800,0.0,0.0
2021-03-01 00:00:00-05:00,26.135000228881836,33.497501373291016,24.99250030517578,30.100000381469727,199176000,0.0,0.0
2021-03-02 00:00:00-05:00,29.232500076293945,33.29999923706055,28.049999237060547,29.545000076293945,135132000,0.0,0.0
2021-03-03 00:00:00-05:00,30.627500534057617,31.9375,28.280000686645508,31.045000076293945,77095600,0.0,0.0
2021-03-04 00:00:00-05:00,31.25,36.967498779296875,28.825000762939453,33.087501525878906,130427600,0.0,0.0
2021-03-05 00:00:00-05:00,32.04249954223633,37.88249969482422,31.875,34.435001373291016,122934800,0.0,0.0
2021-03-08 00:00:00-05:00,38.72249984741211,52.717498779296875,36.525001525878906,48.625,254262400,0.0,0.0
2021-03-09 00:00:00-05:00,54.4275016784668,62.462501525878906,52.127498626708984,61.724998474121094,156397200,0.0,0.0
2021-03-10 00:00:00-05:00,67.35749816894531,87.125,43.0,66.25,286282400,0.0,0.0
2021-03-11 00:00:00-05:00,60.40999984741211,70.375,58.150001525878906,65.0,113250000,0.0,0.0
2021-03-12 00:00:00-05:00,68.75,73.875,65.56749725341797,66.125,103383600,0.0,0.0
2021-03-15 00:00:00-04:00,69.37999725341797,70.75,51.5,55.03499984741211,96401600,0.0,0.0
2021-03-16 00:00:00-04:00,50.790000915527344,55.17499923706055,43.087501525878906,52.04249954223633,141691600,0.0,0.0
2021-03-17 00:00:00-04:00,54.459999084472656,57.86750030517578,51.0,52.45249938964844,65926400,0.0,0.0
2021-03-18 00:00:00-04:00,53.5,54.720001220703125,48.912498474121094,50.4375,47059600,0.0,0.0
2021-03-19 00:00:00-04:00,48.932498931884766,56.75,45.665000915527344,50.067501068115234,98709200,0.0,0.0
2021-03-22 00:00:00-04:00,51.314998626708984,52.59000015258789,46.54999923706055,48.622501373291016,40246000,0.0,0.0
2021-03-23 00:00:00-04:00,49.375,50.4375,44.38750076293945,45.4375,57716400,0.0,0.0
2021-03-24 00:00:00-04:00,39.494998931884766,41.74250030517578,29.655000686645508,30.084999084472656,96711600,0.0,0.0
2021-03-25 00:00:00-04:00,30.872499465942383,46.875,29.225000381469727,45.9375,203849200,0.0,0.0
2021-03-26 00:00:00-04:00,49.41999816894531,54.73249816894531,40.814998626708984,45.25,149722800,0.0,0.0
2021-03-29 00:00:00-04:00,45.1875,48.47999954223633,43.377498626708984,45.32500076293945,40168800,0.0,0.0
2021-03-30 00:00:00-04:00,46.875,51.07500076293945,45.5,48.6150016784668,68379600,0.0,0.0
2021-03-31 00:00:00-04:00,49.375,49.8650016784668,46.77750015258789,47.45500183105469,33575200,0.0,0.0
2021-04-01 00:00:00-04:00,48.34000015258789,49.24250030517578,45.900001525878906,47.86249923706055,37337200,0.0,0.0
2021-04-05 00:00:00-04:00,42.75,48.75,41.20249938964844,46.73749923706055,56282000,0.0,0.0
2021-04-06 00:00:00-04:00,46.3025016784668,48.0,45.88999938964844,46.125,24873200,0.0,0.0
2021-04-07 00:00:00-04:00,45.80500030517578,46.125,44.02750015258789,44.49250030517578,19073200,0.0,0.0
2021-04-08 00:00:00-04:00,46.470001220703125,46.470001220703125,41.07500076293945,42.564998626708984,40189600,0.0,0.0
2021-04-09 00:00:00-04:00,42.42499923706055,42.89500045776367,38.25,39.59000015258789,37849600,0.0,0.0
2021-04-12 00:00:00-04:00,39.52750015258789,40.974998474121094,33.752498626708984,35.272499084472656,66734400,0.0,0.0
2021-04-13 00:00:00-04:00,35.470001220703125,36.345001220703125,33.0,35.247501373291016,27227600,0.0,0.0
2021-04-14 00:00:00-04:00,35.89250183105469,43.522499084472656,35.75,41.63249969482422,84552400,0.0,0.0
2021-04-15 00:00:00-04:00,40.75,41.5625,38.20000076293945,39.11000061035156,31427200,0.0,0.0
2021-04-16 00:00:00-04:00,39.0,40.04999923706055,37.8125,38.67250061035156,20858800,0.0,0.0
2021-04-19 00:00:00-04:00,42.95000076293945,43.79999923706055,40.58250045776367,41.092498779296875,42080800,0.0,0.0
2021-04-20 00:00:00-04:00,41.03499984741211,41.22249984741211,38.34000015258789,39.63249969482422,18634400,0.0,0.0
2021-04-21 00:00:00-04:00,39.599998474121094,40.744998931884766,38.97999954223633,39.627498626708984,15251200,0.0,0.0
2021-04-22 00:00:00-04:00,39.775001525878906,39.775001525878906,36.71500015258789,37.79249954223633,17383200,0.0,0.0
2021-04-23 00:00:00-04:00,37.25,38.415000915527344,36.17499923706055,37.79499816894531,16116400,0.0,0.0
2021-04-26 00:00:00-04:00,37.744998931884766,43.66999816894531,37.189998626708984,42.23249816894531,42128400,0.0,0.0
2021-04-27 00:00:00-04:00,45.88750076293945,47.0,43.29249954223633,44.442501068115234,35730800,0.0,0.0
2021-04-28 00:00:00-04:00,43.025001525878906,45.494998931884766,41.50749969482422,44.64500045776367,23155600,0.0,0.0
2021-04-29 00:00:00-04:00,44.13999938964844,45.21500015258789,42.6875,44.04750061035156,15041200,0.0,0.0
2021-04-30 00:00:00-04:00,43.75,45.95000076293945,43.17499923706055,43.397499084472656,17734400,0.0,0.0
2021-05-03 00:00:00-04:00,44.372501373291016,44.372501373291016,39.90250015258789,40.54999923706055,21044000,0.0,0.0
2021-05-04 00:00:00-04:00,39.75,40.372501373291016,37.95000076293945,40.182498931884766,16030000,0.0,0.0
2021-05-05 00:00:00-04:00,40.45750045776367,41.375,39.58250045776367,39.869998931884766,11221600,0.0,0.0
2021-05-06 00:00:00-04:00,40.21500015258789,41.18000030517578,38.900001525878906,40.252498626708984,11771200,0.0,0.0
2021-05-07 00:00:00-04:00,40.02750015258789,41.852500915527344,39.375,40.27750015258789,11738400,0.0,0.0
2021-05-10 00:00:00-04:00,40.32749938964844,40.397499084472656,35.75,35.80500030517578,19226800,0.0,0.0
2021-05-11 00:00:00-04:00,34.25,37.625,34.125,36.72999954223633,18738400,0.0,0.0
2021-05-12 00:00:00-04:00,36.42499923706055,37.625,35.557498931884766,36.1974983215332,10926000,0.0,0.0
2021-05-13 00:00:00-04:00,36.86000061035156,42.48749923706055,36.60749816894531,41.125,35494000,0.0,0.0
2021-05-14 00:00:00-04:00,40.0,41.61750030517578,39.05500030517578,39.97999954223633,17174000,0.0,0.0
2021-05-17 00:00:00-04:00,39.962501525878906,45.625,39.75,45.150001525878906,29848400,0.0,0.0
2021-05-18 00:00:00-04:00,43.6349983215332,47.29999923706055,42.067501068115234,45.16749954223633,30954800,0.0,0.0
2021-05-19 00:00:00-04:00,42.997501373291016,44.744998931884766,41.037498474121094,42.20750045776367,19303600,0.0,0.0
2021-05-20 00:00:00-04:00,42.6974983215332,43.727500915527344,41.724998474121094,42.622501373291016,9912800,0.0,0.0
2021-05-21 00:00:00-04:00,42.75,44.810001373291016,42.58250045776367,44.1974983215332,14618800,0.0,0.0
2021-05-24 00:00:00-04:00,43.962501525878906,47.1150016784668,43.337501525878906,45.002498626708984,18657200,0.0,0.0
2021-05-25 00:00:00-04:00,45.25,54.27750015258789,45.25,52.35749816894531,59550000,0.0,0.0
2021-05-26 00:00:00-04:00,57.25,62.119998931884766,56.38750076293945,60.63999938964844,84479600,0.0,0.0
2021-05-27 00:00:00-04:00,57.45000076293945,66.0,56.75,63.532501220703125,62105200,0.0,0.0
2021-05-28 00:00:00-04:00,65.74250030517578,67.19999694824219,55.35749816894531,55.5,47005600,0.0,0.0
2021-06-01 00:00:00-04:00,58.369998931884766,63.744998931884766,56.76750183105469,62.255001068115234,38502400,0.0,0.0
2021-06-02 00:00:00-04:00,62.220001220703125,73.5,61.07500076293945,70.55999755859375,64076800,0.0,0.0
2021-06-03 00:00:00-04:00,66.42749786376953,68.60749816894531,60.529998779296875,64.54499816894531,32000000,0.0,0.0
2021-06-04 00:00:00-04:00,64.00499725341797,66.25,61.442501068115234,62.09000015258789,14550000,0.0,0.0
2021-06-07 00:00:00-04:00,64.5,70.5,63.79999923706055,70.00250244140625,24206000,0.0,0.0
2021-06-08 00:00:00-04:00,73.0,86.16500091552734,70.25,75.0,69756400,0.0,0.0
2021-06-09 00:00:00-04:00,75.77999877929688,82.0,72.87750244140625,75.63999938964844,53717200,0.0,0.0
2021-06-10 00:00:00-04:00,70.5,72.0,52.75,55.09749984741211,91920800,0.0,0.0
2021-06-11 00:00:00-04:00,55.587501525878906,60.282501220703125,51.532501220703125,58.334999084472656,62323200,0.0,0.0
2021-06-14 00:00:00-04:00,59.125,59.502498626708984,54.79999923706055,57.36000061035156,28530400,0.0,0.0
2021-06-15 00:00:00-04:00,56.59000015258789,57.3125,52.0,55.625,29207600,0.0,0.0
2021-06-16 00:00:00-04:00,53.810001373291016,57.182498931884766,52.25,55.74250030517578,22259200,0.0,0.0
2021-06-17 00:00:00-04:00,56.0,58.415000915527344,55.369998931884766,55.897499084472656,18434400,0.0,0.0
2021-06-18 00:00:00-04:00,55.04499816894531,55.872501373291016,53.25,53.45500183105469,17281200,0.0,0.0
2021-06-21 00:00:00-04:00,54.23749923706055,54.599998474121094,49.25,50.092498779296875,20480800,0.0,0.0
2021-06-22 00:00:00-04:00,54.432498931884766,56.470001220703125,52.29249954223633,55.099998474121094,32800800,0.0,0.0
2021-06-23 00:00:00-04:00,55.36249923706055,55.64250183105469,53.529998779296875,54.834999084472656,14220400,0.0,0.0
2021-06-24 00:00:00-04:00,55.290000915527344,56.86249923706055,52.900001525878906,53.07749938964844,15453200,0.0,0.0
2021-06-25 00:00:00-04:00,53.5,53.54999923706055,49.625,52.377498626708984,50770800,0.0,0.0
2021-06-28 00:00:00-04:00,52.8125,56.11249923706055,52.54999923706055,53.3125,19517600,0.0,0.0
2021-06-29 00:00:00-04:00,53.397499084472656,53.80500030517578,52.002498626708984,52.720001220703125,9920000,0.0,0.0
2021-06-30 00:00:00-04:00,52.42250061035156,53.81999969482422,51.73500061035156,53.53499984741211,10158400,0.0,0.0
2021-07-01 00:00:00-04:00,53.349998474121094,54.20750045776367,50.5,51.09000015258789,10968400,0.0,0.0
2021-07-02 00:00:00-04:00,51.20000076293945,51.36249923706055,49.125,50.70750045776367,10396400,0.0,0.0
2021-07-06 00:00:00-04:00,51.0,51.192501068115234,48.4275016784668,49.88999938964844,11072400,0.0,0.0
2021-07-07 00:00:00-04:00,49.0,49.375,44.38999938964844,47.665000915527344,16958000,0.0,0.0
2021-07-08 00:00:00-04:00,44.95750045776367,48.55500030517578,44.875,47.845001220703125,11430000,0.0,0.0
2021-07-09 00:00:00-04:00,47.720001220703125,48.69499969482422,46.6875,47.807498931884766,6331600,0.0,0.0
2021-07-12 00:00:00-04:00,47.85499954223633,49.4375,46.85499954223633,47.3125,6545200,0.0,0.0
2021-07-13 00:00:00-04:00,46.91999816894531,47.1974983215332,44.75,45.01499938964844,9591600,0.0,0.0
2021-07-14 00:00:00-04:00,45.122501373291016,45.595001220703125,41.26750183105469,41.904998779296875,15655200,0.0,0.0
2021-07-15 00:00:00-04:00,40.0,42.997501373291016,39.502498626708984,41.70500183105469,17194400,0.0,0.0
2021-07-16 00:00:00-04:00,42.537498474121094,44.86750030517578,41.57500076293945,42.2599983215332,13151600,0.0,0.0
2021-07-19 00:00:00-04:00,40.82500076293945,44.0,40.30500030517578,43.372501373291016,9747600,0.0,0.0
2021-07-20 00:00:00-04:00,43.474998474121094,48.40999984741211,43.10499954223633,47.79499816894531,12404400,0.0,0.0
2021-07-21 00:00:00-04:00,46.9474983215332,48.877498626708984,45.52750015258789,46.45249938964844,8916800,0.0,0.0
2021-07-22 00:00:00-04:00,46.32500076293945,46.92250061035156,44.037498474121094,44.712501525878906,5652000,0.0,0.0
2021-07-23 00:00:00-04:00,45.25,45.400001525878906,43.459999084472656,45.09000015258789,5264800,0.0,0.0
2021-07-26 00:00:00-04:00,45.09000015258789,46.5099983215332,44.689998626708984,45.98500061035156,5042400,0.0,0.0
2021-07-27 00:00:00-04:00,45.75,46.25,44.165000915527344,44.6349983215332,4859200,0.0,0.0
2021-07-28 00:00:00-04:00,43.93000030517578,44.279998779296875,41.067501068115234,42.279998779296875,16403200,0.0,0.0
2021-07-29 00:00:00-04:00,42.650001525878906,43.47249984741211,41.127498626708984,41.21500015258789,8960000,0.0,0.0
2021-07-30 00:00:00-04:00,41.25,41.80500030517578,39.717498779296875,40.279998779296875,9508400,0.0,0.0
2021-08-02 00:00:00-04:00,40.5,40.897499084472656,38.76499938964844,39.412498474121094,10131600,0.0,0.0
2021-08-03 00:00:00-04:00,39.185001373291016,39.72249984741211,37.04999923706055,38.1875,57802400,0.0,0.0
2021-08-04 00:00:00-04:00,38.182498931884766,39.4474983215332,36.42250061035156,36.70000076293945,9574000,0.0,0.0
2021-08-05 00:00:00-04:00,37.0,39.400001525878906,36.30500030517578,38.36000061035156,9648400,0.0,0.0
2021-08-06 00:00:00-04:00,38.647499084472656,39.125,37.57749938964844,37.942501068115234,5410800,0.0,0.0
2021-08-09 00:00:00-04:00,37.95000076293945,41.1775016784668,37.665000915527344,40.282501220703125,8996800,0.0,0.0
2021-08-10 00:00:00-04:00,40.34000015258789,41.724998474121094,38.837501525878906,39.76250076293945,6493200,0.0,0.0
2021-08-11 00:00:00-04:00,39.60749816894531,39.76250076293945,38.654998779296875,39.69499969482422,3781600,0.0,0.0
2021-08-12 00:00:00-04:00,39.970001220703125,41.06999969482422,39.33250045776367,40.587501525878906,5271200,0.0,0.0
2021-08-13 00:00:00-04:00,40.11750030517578,40.88750076293945,39.352500915527344,40.630001068115234,4059200,0.0,0.0
2021-08-16 00:00:00-04:00,40.25,42.470001220703125,39.790000915527344,40.98249816894531,6290400,0.0,0.0
2021-08-17 00:00:00-04:00,40.29750061035156,42.369998931884766,40.275001525878906,40.88750076293945,4863600,0.0,0.0
2021-08-18 00:00:00-04:00,40.8125,41.400001525878906,39.1875,39.26250076293945,5647200,0.0,0.0
2021-08-19 00:00:00-04:00,39.192501068115234,39.497501373291016,37.69499969482422,38.224998474121094,4786000,0.0,0.0
2021-08-20 00:00:00-04:00,38.45000076293945,40.022499084472656,38.310001373291016,39.82500076293945,4619600,0.0,0.0
2021-08-23 00:00:00-04:00,40.595001220703125,41.8224983215332,39.88750076293945,41.22249984741211,5372000,0.0,0.0
2021-08-24 00:00:00-04:00,41.5724983215332,56.25,41.287498474121094,52.5724983215332,58608800,0.0,0.0
2021-08-25 00:00:00-04:00,51.662498474121094,56.75,48.25,49.912498474121094,51444400,0.0,0.0
2021-08-26 00:00:00-04:00,50.16999816894531,54.25,49.75,51.30500030517578,24954400,0.0,0.0
2021-08-27 00:00:00-04:00,51.92499923706055,53.25,50.005001068115234,51.23749923706055,12923200,0.0,0.0
2021-08-30 00:00:00-04:00,51.25,54.54750061035156,50.755001068115234,52.29999923706055,13238400,0.0,0.0
2021-08-31 00:00:00-04:00,53.17499923706055,55.57500076293945,52.8650016784668,54.560001373291016,14298800,0.0,0.0
2021-09-01 00:00:00-04:00,56.0,57.86000061035156,52.005001068115234,53.24250030517578,17815200,0.0,0.0
2021-09-02 00:00:00-04:00,53.46500015258789,53.70000076293945,51.57500076293945,53.380001068115234,7408000,0.0,0.0
2021-09-03 00:00:00-04:00,53.01250076293945,54.067501068115234,49.709999084472656,50.6875,10634400,0.0,0.0
2021-09-07 00:00:00-04:00,51.5625,52.474998474121094,49.025001525878906,49.75,9985200,0.0,0.0
2021-09-08 00:00:00-04:00,50.46500015258789,51.720001220703125,47.66999816894531,49.70000076293945,20694400,0.0,0.0
2021-09-09 00:00:00-04:00,45.022499084472656,50.5,44.5,49.79499816894531,30046000,0.0,0.0
2021-09-10 00:00:00-04:00,49.602500915527344,50.540000915527344,47.5,47.602500915527344,12170400,0.0,0.0
2021-09-13 00:00:00-04:00,48.4375,52.220001220703125,47.875,50.849998474121094,17336400,0.0,0.0
2021-09-14 00:00:00-04:00,50.162498474121094,51.154998779296875,48.75,49.810001373291016,8566400,0.0,0.0
2021-09-15 00:00:00-04:00,49.25,51.217498779296875,48.4375,51.130001068115234,9241600,0.0,0.0
2021-09-16 00:00:00-04:00,50.58250045776367,54.13750076293945,50.287498474121094,51.592498779296875,12232800,0.0,0.0
2021-09-17 00:00:00-04:00,52.005001068115234,53.122501373291016,50.19499969482422,51.24250030517578,15783600,0.0,0.0
2021-09-20 00:00:00-04:00,50.0,50.712501525878906,46.13750076293945,48.04999923706055,15767200,0.0,0.0
2021-09-21 00:00:00-04:00,49.84000015258789,49.84000015258789,46.5,47.48749923706055,10535200,0.0,0.0
2021-09-22 00:00:00-04:00,47.40999984741211,48.375,46.5724983215332,47.53499984741211,9026400,0.0,0.0
2021-09-23 00:00:00-04:00,48.08250045776367,48.9375,47.650001525878906,47.810001373291016,6729200,0.0,0.0
2021-09-24 00:00:00-04:00,47.75,47.93000030517578,46.02750015258789,46.290000915527344,6743200,0.0,0.0
2021-09-27 00:00:00-04:00,46.47999954223633,48.01250076293945,46.467498779296875,47.369998931884766,5880400,0.0,0.0
2021-09-28 00:00:00-04:00,47.0,47.70249938964844,44.5,44.650001525878906,7082000,0.0,0.0
2021-09-29 00:00:00-04:00,45.022499084472656,46.119998931884766,43.65250015258789,43.97999954223633,7599600,0.0,0.0
2021-09-30 00:00:00-04:00,43.75,46.36249923706055,41.6974983215332,43.86750030517578,12682800,0.0,0.0
2021-10-01 00:00:00-04:00,44.849998474121094,44.872501373291016,43.0625,44.227500915527344,6204400,0.0,0.0
2021-10-04 00:00:00-04:00,43.98749923706055,44.23749923706055,42.692501068115234,42.84000015258789,4782800,0.0,0.0
2021-10-05 00:00:00-04:00,42.79750061035156,43.29249954223633,41.67499923706055,43.04499816894531,5263600,0.0,0.0
2021-10-06 00:00:00-04:00,42.51499938964844,43.2400016784668,41.45249938964844,42.76750183105469,4801200,0.0,0.0
2021-10-07 00:00:00-04:00,43.0,43.79999923706055,42.6349983215332,43.029998779296875,4637200,0.0,0.0
2021-10-08 00:00:00-04:00,43.125,43.93000030517578,42.779998779296875,43.16999816894531,3272800,0.0,0.0
2021-10-11 00:00:00-04:00,43.25,47.122501373291016,43.25,44.525001525878906,10739600,0.0,0.0
2021-10-12 00:00:00-04:00,45.125,45.44499969482422,43.45000076293945,43.95500183105469,4934800,0.0,0.0
2021-10-13 00:00:00-04:00,44.57500076293945,47.0525016784668,44.0,46.01499938964844,7711600,0.0,0.0
2021-10-14 00:00:00-04:00,45.939998626708984,47.54999923706055,45.650001525878906,45.95750045776367,6695600,0.0,0.0
2021-10-15 00:00:00-04:00,46.0,46.744998931884766,45.220001220703125,45.81999969482422,4800000,0.0,0.0
2021-10-18 00:00:00-04:00,45.73500061035156,47.467498779296875,45.63750076293945,46.505001068115234,6358400,0.0,0.0
2021-10-19 00:00:00-04:00,47.247501373291016,48.04499816894531,46.099998474121094,46.6974983215332,8282400,0.0,0.0
2021-10-20 00:00:00-04:00,46.58250045776367,47.0,45.494998931884766,46.130001068115234,9107600,0.0,0.0
2021-10-21 00:00:00-04:00,46.1775016784668,47.67499923706055,45.150001525878906,45.4275016784668,9609600,0.0,0.0
2021-10-22 00:00:00-04:00,44.525001525878906,44.872501373291016,41.95000076293945,42.45000076293945,11201600,0.0,0.0
2021-10-25 00:00:00-04:00,42.35499954223633,43.70000076293945,41.814998626708984,43.49250030517578,5771200,0.0,0.0
2021-10-26 00:00:00-04:00,43.34000015258789,46.25,43.125,44.459999084472656,8706800,0.0,0.0
2021-10-27 00:00:00-04:00,45.0,45.772499084472656,43.08250045776367,43.377498626708984,4428000,0.0,0.0
2021-10-28 00:00:00-04:00,43.790000915527344,45.78499984741211,43.75,45.712501525878906,6784800,0.0,0.0
2021-10-29 00:00:00-04:00,45.70249938964844,46.4375,44.5,45.877498626708984,9176000,0.0,0.0
2021-11-01 00:00:00-04:00,45.63249969482422,52.14250183105469,45.51250076293945,50.022499084472656,19776800,0.0,0.0
2021-11-02 00:00:00-04:00,49.837501525878906,52.98500061035156,47.92250061035156,51.747501373291016,15529200,0.0,0.0
2021-11-03 00:00:00-04:00,53.5,63.92250061035156,52.0625,54.58250045776367,45062400,0.0,0.0
2021-11-04 00:00:00-04:00,55.5,57.24250030517578,52.88750076293945,54.459999084472656,11632000,0.0,0.0
2021-11-05 00:00:00-04:00,55.15999984741211,55.25,52.252498626708984,53.3125,7242800,0.0,0.0
2021-11-08 00:00:00-05:00,53.125,56.2599983215332,53.002498626708984,54.65999984741211,8631600,0.0,0.0
2021-11-09 00:00:00-05:00,55.5,55.872501373291016,51.11000061035156,51.650001525878906,7381200,0.0,0.0
2021-11-10 00:00:00-05:00,50.529998779296875,51.84749984741211,49.125,49.79750061035156,5237600,0.0,0.0
2021-11-11 00:00:00-05:00,50.0,52.022499084472656,49.537498474121094,51.08000183105469,4317600,0.0,0.0
2021-11-12 00:00:00-05:00,50.53499984741211,51.34000015258789,49.470001220703125,50.525001525878906,3712000,0.0,0.0
2021-11-15 00:00:00-05:00,50.96500015258789,52.875,50.42250061035156,52.28499984741211,5865600,0.0,0.0
2021-11-16 00:00:00-05:00,52.255001068115234,53.14250183105469,50.907501220703125,51.79499816894531,4858400,0.0,0.0
2021-11-17 00:00:00-05:00,51.57500076293945,54.42499923706055,51.5,52.5,5410800,0.0,0.0
2021-11-18 00:00:00-05:00,52.5625,53.78499984741211,51.875,52.529998779296875,4017600,0.0,0.0
2021-11-19 00:00:00-05:00,52.28499984741211,57.34749984741211,52.0625,57.20000076293945,12136800,0.0,0.0
2021-11-22 00:00:00-05:00,57.6150016784668,62.40999984741211,57.4375,61.88750076293945,17485600,0.0,0.0
2021-11-23 00:00:00-05:00,60.959999084472656,63.04999923706055,53.13999938964844,53.474998474121094,13380800,0.0,0.0
2021-11-24 00:00:00-05:00,54.3125,55.997501373291016,52.0,52.94499969482422,5237600,0.0,0.0
2021-11-26 00:00:00-05:00,52.02000045776367,52.932498931884766,49.79999923706055,49.93000030517578,4941200,0.0,0.0
2021-11-29 00:00:00-05:00,51.0,51.977500915527344,50.23500061035156,50.502498626708984,4435200,0.0,0.0
2021-11-30 00:00:00-05:00,50.025001525878906,50.98749923706055,47.0,49.0525016784668,6895600,0.0,0.0
2021-12-01 00:00:00-05:00,49.849998474121094,50.02750015258789,44.252498626708984,44.959999084472656,9406000,0.0,0.0
2021-12-02 00:00:00-05:00,46.25,46.85749816894531,43.26750183105469,45.38999938964844,8348400,0.0,0.0
2021-12-03 00:00:00-05:00,45.25,45.98249816894531,39.76250076293945,43.09749984741211,16386800,0.0,0.0
2021-12-06 00:00:00-05:00,41.5,43.334999084472656,40.79999923706055,41.779998779296875,8914400,0.0,0.0
2021-12-07 00:00:00-05:00,43.79499816894531,45.494998931884766,42.627498626708984,44.45249938964844,7889600,0.0,0.0
2021-12-08 00:00:00-05:00,44.150001525878906,45.0625,42.9900016784668,43.412498474121094,10444800,0.0,0.0
2021-12-09 00:00:00-05:00,41.75,43.17250061035156,37.75,38.939998626708984,20337200,0.0,0.0
2021-12-10 00:00:00-05:00,39.95750045776367,40.57500076293945,37.0,39.752498626708984,18107600,0.0,0.0
2021-12-13 00:00:00-05:00,40.08250045776367,40.22249984741211,33.76750183105469,34.220001220703125,21944800,0.0,0.0
2021-12-14 00:00:00-05:00,32.75,37.592498779296875,32.375,36.92250061035156,26048400,0.0,0.0
2021-12-15 00:00:00-05:00,36.8650016784668,38.0,35.279998779296875,37.147499084472656,11064000,0.0,0.0
2021-12-16 00:00:00-05:00,38.23249816894531,38.61000061035156,35.532501220703125,36.147499084472656,8659200,0.0,0.0
2021-12-17 00:00:00-05:00,35.9375,39.64250183105469,34.83250045776367,38.90999984741211,17226800,0.0,0.0
2021-12-20 00:00:00-05:00,38.29750061035156,39.91999816894531,37.42499923706055,39.28499984741211,7314400,0.0,0.0
2021-12-21 00:00:00-05:00,39.26499938964844,40.0625,38.78499984741211,39.529998779296875,5720800,0.0,0.0
2021-12-22 00:00:00-05:00,39.58250045776367,39.787498474121094,38.029998779296875,38.5,4188800,0.0,0.0
2021-12-23 00:00:00-05:00,38.5,38.75,36.505001068115234,38.03499984741211,4222000,0.0,0.0
2021-12-27 00:00:00-05:00,38.0,38.154998779296875,35.0,37.07749938964844,6454400,0.0,0.0
2021-12-28 00:00:00-05:00,36.875,39.352500915527344,36.602500915527344,36.6150016784668,5324400,0.0,0.0
2021-12-29 00:00:00-05:00,36.962501525878906,38.872501373291016,35.53499984741211,38.48249816894531,8149600,0.0,0.0
2021-12-30 00:00:00-05:00,37.75,40.0,37.5,38.83250045776367,6247600,0.0,0.0
2021-12-31 00:00:00-05:00,38.404998779296875,39.182498931884766,37.025001525878906,37.09749984741211,5576000,0.0,0.0
2022-01-03 00:00:00-05:00,37.307498931884766,39.845001220703125,37.3025016784668,38.209999084472656,5654800,0.0,0.0
2022-01-04 00:00:00-05:00,38.04249954223633,38.247501373291016,35.76250076293945,37.227500915527344,7339600,0.0,0.0
2022-01-05 00:00:00-05:00,37.09749984741211,37.212501525878906,32.287498474121094,32.342498779296875,13585600,0.0,0.0
2022-01-06 00:00:00-05:00,33.209999084472656,34.42499923706055,30.28499984741211,32.75749969482422,24206000,0.0,0.0
2022-01-07 00:00:00-05:00,39.942501068115234,40.07749938964844,33.125,35.154998779296875,48549200,0.0,0.0
2022-01-10 00:00:00-05:00,33.747501373291016,33.92250061035156,30.0,32.787498474121094,22048000,0.0,0.0
2022-01-11 00:00:00-05:00,32.525001525878906,34.20000076293945,31.84749984741211,32.57500076293945,10332400,0.0,0.0
2022-01-12 00:00:00-05:00,32.5,32.83000183105469,31.612499237060547,32.01499938964844,6298000,0.0,0.0
2022-01-13 00:00:00-05:00,32.125,32.625,30.422500610351562,30.6200008392334,8901200,0.0,0.0
2022-01-14 00:00:00-05:00,30.037500381469727,30.575000762939453,28.0049991607666,29.162500381469727,15402000,0.0,0.0
2022-01-18 00:00:00-05:00,28.27750015258789,28.4375,26.100000381469727,27.227500915527344,15022400,0.0,0.0
2022-01-19 00:00:00-05:00,27.502500534057617,28.262500762939453,26.102500915527344,26.642499923706055,9614400,0.0,0.0
2022-01-20 00:00:00-05:00,26.975000381469727,28.799999237060547,25.399999618530273,25.667499542236328,11680400,0.0,0.0
2022-01-21 00:00:00-05:00,25.25,27.552499771118164,23.18000030517578,26.59000015258789,22120000,0.0,0.0
2022-01-24 00:00:00-05:00,24.7549991607666,25.71500015258789,21.572500228881836,25.037500381469727,25039600,0.0,0.0
2022-01-25 00:00:00-05:00,24.229999542236328,26.24250030517578,23.752500534057617,24.947500228881836,14297200,0.0,0.0
2022-01-26 00:00:00-05:00,25.274999618530273,29.75,25.077499389648438,25.815000534057617,33330000,0.0,0.0
2022-01-27 00:00:00-05:00,26.03499984741211,26.75,23.22249984741211,23.3799991607666,14644400,0.0,0.0
2022-01-28 00:00:00-05:00,23.850000381469727,24.5,21.90250015258789,24.477500915527344,16430400,0.0,0.0
2022-01-31 00:00:00-05:00,24.467500686645508,27.454999923706055,24.46500015258789,27.232500076293945,13997200,0.0,0.0
2022-02-01 00:00:00-05:00,28.252500534057617,29.162500381469727,27.065000534057617,28.149999618530273,13847600,0.0,0.0
2022-02-02 00:00:00-05:00,27.587499618530273,27.96500015258789,24.514999389648438,25.010000228881836,13116400,0.0,0.0
2022-02-03 00:00:00-05:00,25.375,26.735000610351562,24.427499771118164,24.8075008392334,10710000,0.0,0.0
2022-02-04 00:00:00-05:00,24.752500534057617,26.0,23.770000457763672,25.584999084472656,7627200,0.0,0.0
2022-02-07 00:00:00-05:00,25.747499465942383,26.344999313354492,24.6924991607666,25.584999084472656,7037600,0.0,0.0
2022-02-08 00:00:00-05:00,25.440000534057617,29.417499542236328,25.137500762939453,28.899999618530273,19839600,0.0,0.0
2022-02-09 00:00:00-05:00,28.522499084472656,31.177499771118164,28.25,31.072500228881836,15467600,0.0,0.0
2022-02-10 00:00:00-05:00,29.487499237060547,32.94499969482422,29.0,30.61750030517578,14826000,0.0,0.0
2022-02-11 00:00:00-05:00,30.6200008392334,32.467498779296875,30.1924991607666,31.0625,11299200,0.0,0.0
2022-02-14 00:00:00-05:00,30.732500076293945,31.375,29.037500381469727,29.272499084472656,9102800,0.0,0.0
2022-02-15 00:00:00-05:00,30.239999771118164,31.8075008392334,29.815000534057617,31.540000915527344,7911600,0.0,0.0
2022-02-16 00:00:00-05:00,31.107500076293945,33.212501525878906,30.979999542236328,32.08250045776367,8007600,0.0,0.0
2022-02-17 00:00:00-05:00,31.6924991607666,32.712501525878906,30.55500030517578,30.852500915527344,6256400,0.0,0.0
2022-02-18 00:00:00-05:00,31.049999237060547,31.412500381469727,29.532499313354492,30.38249969482422,6214000,0.0,0.0
2022-02-22 00:00:00-05:00,29.549999237060547,30.832500457763672,28.547500610351562,29.514999389648438,6156400,0.0,0.0
2022-02-23 00:00:00-05:00,30.30500030517578,30.84000015258789,28.56999969482422,28.717500686645508,5393200,0.0,0.0
2022-02-24 00:00:00-05:00,26.38249969482422,31.427499771118164,26.030000686645508,31.145000457763672,9024800,0.0,0.0
2022-02-25 00:00:00-05:00,30.892499923706055,31.24250030517578,29.122499465942383,29.645000457763672,6841200,0.0,0.0
2022-02-28 00:00:00-05:00,30.25,31.572500228881836,29.22249984741211,30.834999084472656,6458000,0.0,0.0
2022-03-01 00:00:00-05:00,30.547500610351562,31.467500686645508,29.587499618530273,29.7549991607666,4384000,0.0,0.0
2022-03-02 00:00:00-05:00,29.875,30.667499542236328,29.092500686645508,30.49250030517578,5242800,0.0,0.0
2022-03-03 00:00:00-05:00,30.739999771118164,30.934999465942383,29.3075008392334,29.602500915527344,4382400,0.0,0.0
2022-03-04 00:00:00-05:00,29.502500534057617,30.127500534057617,27.645000457763672,27.915000915527344,5911200,0.0,0.0
2022-03-07 00:00:00-05:00,28.75,28.75,24.024999618530273,24.837499618530273,12591600,0.0,0.0
2022-03-08 00:00:00-05:00,25.25749969482422,27.247499465942383,24.272499084472656,25.752500534057617,8536000,0.0,0.0
2022-03-09 00:00:00-05:00,26.7450008392334,27.21500015258789,25.875,26.302499771118164,5598400,0.0,0.0
2022-03-10 00:00:00-05:00,25.979999542236328,26.014999389648438,24.5625,25.139999389648438,5582000,0.0,0.0
2022-03-11 00:00:00-05:00,25.665000915527344,25.725000381469727,23.172500610351562,23.172500610351562,8822000,0.0,0.0
2022-03-14 00:00:00-04:00,23.357500076293945,23.579999923706055,19.395000457763672,19.52750015258789,18134400,0.0,0.0
2022-03-15 00:00:00-04:00,20.524999618530273,21.889999389648438,19.670000076293945,20.65999984741211,14115200,0.0,0.0
2022-03-16 00:00:00-04:00,21.27750015258789,22.502500534057617,20.5,21.71500015258789,10615600,0.0,0.0
2022-03-17 00:00:00-04:00,21.274999618530273,22.395000457763672,20.862499237060547,21.924999237060547,13796400,0.0,0.0
2022-03-18 00:00:00-04:00,19.934999465942383,24.362499237060547,19.725000381469727,22.697500228881836,35688400,0.0,0.0
2022-03-21 00:00:00-04:00,22.5,24.850000381469727,22.440000534057617,23.549999237060547,15812400,0.0,0.0
2022-03-22 00:00:00-04:00,23.850000381469727,31.447500228881836,23.612499237060547,30.78499984741211,60068800,0.0,0.0
2022-03-23 00:00:00-04:00,32.5,37.73249816894531,31.637500762939453,35.25,98399200,0.0,0.0
2022-03-24 00:00:00-04:00,33.502498626708984,35.869998931884766,31.690000534057617,35.59749984741211,36400800,0.0,0.0
2022-03-25 00:00:00-04:00,35.0099983215332,39.540000915527344,34.54999923706055,37.98749923706055,53535600,0.0,0.0
2022-03-28 00:00:00-04:00,37.994998931884766,47.709999084472656,37.8849983215332,47.397499084472656,65266000,0.0,0.0
2022-03-29 00:00:00-04:00,47.060001373291016,49.852500915527344,40.75,44.974998474121094,72046000,0.0,0.0
2022-03-30 00:00:00-04:00,43.75,45.834999084472656,41.25,41.712501525878906,36676800,0.0,0.0
2022-03-31 00:00:00-04:00,40.775001525878906,43.9375,39.627498626708984,41.64500045776367,44968800,0.0,0.0
2022-04-01 00:00:00-04:00,47.224998474121094,47.442501068115234,38.814998626708984,41.25,52758400,0.0,0.0
2022-04-04 00:00:00-04:00,41.744998931884766,43.310001373291016,39.127498626708984,42.682498931884766,18519200,0.0,0.0
2022-04-05 00:00:00-04:00,42.0,42.10749816894531,38.0,38.397499084472656,15825200,0.0,0.0
2022-04-06 00:00:00-04:00,37.752498626708984,39.8224983215332,37.42499923706055,39.15999984741211,16268000,0.0,0.0
2022-04-07 00:00:00-04:00,38.52750015258789,39.17499923706055,35.39250183105469,37.5,15311200,0.0,0.0
2022-04-08 00:00:00-04:00,37.272499084472656,37.6775016784668,35.50749969482422,36.54750061035156,10371600,0.0,0.0
2022-04-11 00:00:00-04:00,35.7599983215332,37.05500030517578,35.15250015258789,36.73249816894531,9812000,0.0,0.0
2022-04-12 00:00:00-04:00,36.625,38.0625,35.41749954223633,36.217498779296875,7996400,0.0,0.0
2022-04-13 00:00:00-04:00,36.025001525878906,38.032501220703125,35.505001068115234,37.67499923706055,8032800,0.0,0.0
2022-04-14 00:00:00-04:00,37.317501068115234,39.125,36.80500030517578,37.692501068115234,10002400,0.0,0.0
2022-04-18 00:00:00-04:00,37.5,37.810001373291016,34.310001373291016,35.3650016784668,9871200,0.0,0.0
2022-04-19 00:00:00-04:00,35.712501525878906,38.244998931884766,34.96500015258789,38.11750030517578,9416800,0.0,0.0
2022-04-20 00:00:00-04:00,38.0,38.08250045776367,36.662498474121094,37.212501525878906,4648000,0.0,0.0
2022-04-21 00:00:00-04:00,37.5,38.279998779296875,34.977500915527344,35.38999938964844,6737600,0.0,0.0
2022-04-22 00:00:00-04:00,35.63750076293945,36.57500076293945,33.88750076293945,34.55500030517578,6278400,0.0,0.0
2022-04-25 00:00:00-04:00,33.852500915527344,34.9275016784668,33.31999969482422,33.98749923706055,6139200,0.0,0.0
2022-04-26 00:00:00-04:00,33.90999984741211,34.20000076293945,31.540000915527344,31.899999618530273,6182800,0.0,0.0
2022-04-27 00:00:00-04:00,31.8174991607666,33.16999816894531,31.145000457763672,32.459999084472656,5223600,0.0,0.0
2022-04-28 00:00:00-04:00,32.56999969482422,33.150001525878906,30.125,32.32749938964844,7070000,0.0,0.0
2022-04-29 00:00:00-04:00,31.825000762939453,32.72249984741211,30.752500534057617,31.267499923706055,5143600,0.0,0.0
2022-05-02 00:00:00-04:00,30.912500381469727,31.34749984741211,28.174999237060547,29.892499923706055,10172000,0.0,0.0
2022-05-03 00:00:00-04:00,29.6200008392334,31.107500076293945,28.604999542236328,30.107500076293945,7312800,0.0,0.0
2022-05-04 00:00:00-04:00,29.802499771118164,31.9375,28.93000030517578,31.770000457763672,6651200,0.0,0.0
2022-05-05 00:00:00-04:00,30.985000610351562,31.170000076293945,28.780000686645508,29.782499313354492,7015600,0.0,0.0
2022-05-06 00:00:00-04:00,29.31999969482422,30.139999389648438,27.5575008392334,28.674999237060547,7161600,0.0,0.0
2022-05-09 00:00:00-04:00,27.69499969482422,27.69499969482422,24.520000457763672,24.697500228881836,13264800,0.0,0.0
2022-05-10 00:00:00-04:00,25.7450008392334,26.514999389648438,22.0,23.375,16603200,0.0,0.0
2022-05-11 00:00:00-04:00,23.36750030517578,23.8174991607666,20.0,20.332500457763672,16681200,0.0,0.0
2022-05-12 00:00:00-04:00,20.760000228881836,27.014999389648438,19.4424991607666,22.392499923706055,40139600,0.0,0.0
2022-05-13 00:00:00-04:00,24.75,26.69499969482422,23.760000228881836,24.59749984741211,23930800,0.0,0.0
2022-05-16 00:00:00-04:00,24.700000762939453,24.795000076293945,22.69499969482422,22.950000762939453,11582000,0.0,0.0
2022-05-17 00:00:00-04:00,23.475000381469727,25.094999313354492,22.799999237060547,25.094999313354492,10444800,0.0,0.0
2022-05-18 00:00:00-04:00,24.094999313354492,24.959999084472656,22.542499542236328,22.8700008392334,11560000,0.0,0.0
2022-05-19 00:00:00-04:00,22.80500030517578,25.4950008392334,22.540000915527344,24.797500610351562,12720400,0.0,0.0
2022-05-20 00:00:00-04:00,24.952499389648438,25.602500915527344,22.4375,23.915000915527344,9972000,0.0,0.0
2022-05-23 00:00:00-04:00,24.142499923706055,24.31999969482422,22.875,24.032499313354492,6994000,0.0,0.0
2022-05-24 00:00:00-04:00,23.512500762939453,23.549999237060547,21.674999237060547,22.287500381469727,8879600,0.0,0.0
2022-05-25 00:00:00-04:00,22.53499984741211,28.86750030517578,22.53499984741211,28.792499542236328,40060000,0.0,0.0
2022-05-26 00:00:00-04:00,29.0,37.1150016784668,28.674999237060547,32.1150016784668,57892400,0.0,0.0
2022-05-27 00:00:00-04:00,35.25,35.92499923706055,31.75,34.3025016784668,30045200,0.0,0.0
2022-05-31 00:00:00-04:00,34.3025016784668,34.98249816894531,30.1299991607666,31.184999465942383,19084400,0.0,0.0
2022-06-01 00:00:00-04:00,30.704999923706055,32.397499084472656,29.252500534057617,30.350000381469727,14991600,0.0,0.0
2022-06-02 00:00:00-04:00,29.75,34.125,28.889999389648438,33.5,27918800,0.0,0.0
2022-06-03 00:00:00-04:00,32.5,34.525001525878906,31.0575008392334,33.42499923706055,18234400,0.0,0.0
2022-06-06 00:00:00-04:00,33.82500076293945,34.025001525878906,31.762500762939453,32.025001525878906,9532800,0.0,0.0
2022-06-07 00:00:00-04:00,32.5,37.47249984741211,31.582500457763672,36.625,24967600,0.0,0.0
2022-06-08 00:00:00-04:00,35.34749984741211,38.25,33.95750045776367,34.682498931884766,24473600,0.0,0.0
2022-06-09 00:00:00-04:00,34.6974983215332,34.974998474121094,31.834999084472656,32.244998931884766,13114400,0.0,0.0
2022-06-10 00:00:00-04:00,31.5,32.98249816894531,30.78499984741211,32.272499084472656,11820000,0.0,0.0
2022-06-13 00:00:00-04:00,30.127500534057617,31.142499923706055,28.575000762939453,29.5625,13792800,0.0,0.0
2022-06-14 00:00:00-04:00,29.392499923706055,32.0,29.024999618530273,31.542499542236328,12739200,0.0,0.0
2022-06-15 00:00:00-04:00,31.237499237060547,32.9900016784668,30.90999984741211,32.3224983215332,10764400,0.0,0.0
2022-06-16 00:00:00-04:00,31.235000610351562,32.3224983215332,30.145000457763672,31.4325008392334,9995200,0.0,0.0
2022-06-17 00:00:00-04:00,31.71500015258789,33.96500015258789,31.579999923706055,33.78499984741211,12340800,0.0,0.0
2022-06-21 00:00:00-04:00,34.55500030517578,36.349998474121094,33.880001068115234,35.06999969482422,12512400,0.0,0.0
2022-06-22 00:00:00-04:00,34.66749954223633,36.182498931884766,34.10749816894531,34.6150016784668,7838000,0.0,0.0
2022-06-23 00:00:00-04:00,35.40999984741211,35.997501373291016,34.182498931884766,35.505001068115234,6682800,0.0,0.0
2022-06-24 00:00:00-04:00,35.75,37.092498779296875,32.88249969482422,33.8025016784668,16995600,0.0,0.0
2022-06-27 00:00:00-04:00,34.11750030517578,34.26250076293945,31.825000762939453,32.42250061035156,9745600,0.0,0.0
2022-06-28 00:00:00-04:00,32.752498626708984,32.83250045776367,30.56999969482422,31.094999313354492,6610000,0.0,0.0
2022-06-29 00:00:00-04:00,30.387500762939453,31.622499465942383,29.897499084472656,30.71500015258789,6826400,0.0,0.0
2022-06-30 00:00:00-04:00,29.842500686645508,31.647499084472656,29.440000534057617,30.575000762939453,6718800,0.0,0.0
2022-07-01 00:00:00-04:00,30.282499313354492,31.292499542236328,29.822500228881836,30.854999542236328,6617200,0.0,0.0
2022-07-05 00:00:00-04:00,30.375,30.6200008392334,29.752500534057617,30.0575008392334,6036000,0.0,0.0
2022-07-06 00:00:00-04:00,30.172500610351562,30.56999969482422,28.342500686645508,29.357500076293945,9988800,0.0,0.0
2022-07-07 00:00:00-04:00,31.122499465942383,33.875,30.452499389648438,33.779998779296875,30313600,0.0,0.0
2022-07-08 00:00:00-04:00,31.665000915527344,33.16749954223633,30.627500534057617,32.1349983215332,13199600,0.0,0.0
2022-07-11 00:00:00-04:00,32.13999938964844,32.935001373291016,31.162500381469727,32.522499084472656,7532800,0.0,0.0
2022-07-12 00:00:00-04:00,32.70000076293945,35.647499084472656,31.815000534057617,34.279998779296875,16899600,0.0,0.0
2022-07-13 00:00:00-04:00,33.75,36.337501525878906,33.75,35.31999969482422,13703600,0.0,0.0
2022-07-14 00:00:00-04:00,34.79750061035156,37.98749923706055,34.04999923706055,34.04999923706055,20970400,0.0,0.0
2022-07-15 00:00:00-04:00,34.86000061035156,35.592498779296875,33.50749969482422,35.40999984741211,9832400,0.0,0.0
2022-07-18 00:00:00-04:00,36.25,37.400001525878906,35.775001525878906,36.65999984741211,11155200,0.0,0.0
2022-07-19 00:00:00-04:00,37.435001373291016,39.209999084472656,36.587501525878906,37.92499923706055,12828000,0.0,0.0
2022-07-20 00:00:00-04:00,38.5,40.407501220703125,38.349998474121094,39.6875,11400400,0.0,0.0
2022-07-21 00:00:00-04:00,39.93000030517578,40.0,37.290000915527344,38.36750030517578,9277600,0.0,0.0
2022-07-22 00:00:00-04:00,36.880001068115234,38.70000076293945,34.93000030517578,35.779998779296875,10060200,0.0,4.0
2022-07-25 00:00:00-04:00,35.0,35.5099983215332,33.25,33.97999954223633,5686300,0.0,0.0
2022-07-26 00:00:00-04:00,32.869998931884766,33.310001373291016,32.099998474121094,32.43000030517578,4866100,0.0,0.0
2022-07-27 00:00:00-04:00,32.959999084472656,34.119998931884766,32.15999984741211,33.779998779296875,4251200,0.0,0.0
2022-07-28 00:00:00-04:00,33.38999938964844,34.43000030517578,32.65999984741211,33.84000015258789,3207400,0.0,0.0
2022-07-29 00:00:00-04:00,33.68000030517578,34.790000915527344,33.060001373291016,34.0099983215332,3988800,0.0,0.0
2022-08-01 00:00:00-04:00,33.79999923706055,35.709999084472656,33.77000045776367,34.779998779296875,4196600,0.0,0.0
2022-08-02 00:00:00-04:00,35.900001525878906,36.79999923706055,35.119998931884766,35.84000015258789,4697100,0.0,0.0
2022-08-03 00:00:00-04:00,36.220001220703125,38.0099983215332,36.0,37.93000030517578,5186500,0.0,0.0
2022-08-04 00:00:00-04:00,38.34000015258789,39.88999938964844,37.88999938964844,38.36000061035156,5421500,0.0,0.0
2022-08-05 00:00:00-04:00,37.369998931884766,40.43000030517578,36.560001373291016,40.02000045776367,8124200,0.0,0.0
2022-08-08 00:00:00-04:00,41.290000915527344,47.9900016784668,40.75,43.45000076293945,17987100,0.0,0.0
2022-08-09 00:00:00-04:00,42.13999938964844,43.189998626708984,39.0,40.369998931884766,6954200,0.0,0.0
2022-08-10 00:00:00-04:00,42.0,42.0,38.630001068115234,40.529998779296875,5434700,0.0,0.0
2022-08-11 00:00:00-04:00,40.90999984741211,41.970001220703125,39.349998474121094,39.45000076293945,5140500,0.0,0.0
2022-08-12 00:00:00-04:00,40.0,41.43000030517578,39.150001525878906,40.7400016784668,5120000,0.0,0.0
2022-08-15 00:00:00-04:00,39.75,40.38999938964844,38.810001373291016,39.68000030517578,5243100,0.0,0.0
2022-08-16 00:00:00-04:00,39.16999816894531,45.529998779296875,38.599998474121094,42.189998626708984,23602800,0.0,0.0
2022-08-17 00:00:00-04:00,42.18000030517578,44.36000061035156,40.40999984741211,40.52000045776367,9766400,0.0,0.0
2022-08-18 00:00:00-04:00,39.27000045776367,40.06999969482422,37.34000015258789,37.93000030517578,8145400,0.0,0.0
2022-08-19 00:00:00-04:00,35.18000030517578,37.189998626708984,34.66999816894531,36.4900016784668,9551900,0.0,0.0
2022-08-22 00:00:00-04:00,34.310001373291016,36.20000076293945,34.20000076293945,34.5,5798600,0.0,0.0
2022-08-23 00:00:00-04:00,34.70000076293945,34.9900016784668,33.45000076293945,33.529998779296875,4836300,0.0,0.0
2022-08-24 00:00:00-04:00,34.0,34.939998626708984,32.439998626708984,32.5,5620300,0.0,0.0
2022-08-25 00:00:00-04:00,32.84000015258789,32.88999938964844,31.5,31.959999084472656,4726300,0.0,0.0
2022-08-26 00:00:00-04:00,31.5,32.380001068115234,30.6299991607666,30.940000534057617,4297300,0.0,0.0
2022-08-29 00:00:00-04:00,30.479999542236328,32.75,30.3799991607666,31.549999237060547,4292700,0.0,0.0
2022-08-30 00:00:00-04:00,31.6200008392334,31.8700008392334,29.420000076293945,29.84000015258789,5060200,0.0,0.0
2022-08-31 00:00:00-04:00,29.25,29.959999084472656,28.260000228881836,28.639999389648438,5157000,0.0,0.0
2022-09-01 00:00:00-04:00,28.0,28.90999984741211,26.950000762939453,27.6299991607666,5293900,0.0,0.0
2022-09-02 00:00:00-04:00,28.260000228881836,28.739999771118164,26.93000030517578,27.360000610351562,4680100,0.0,0.0
2022-09-06 00:00:00-04:00,25.75,26.719999313354492,24.670000076293945,25.139999389648438,7010200,0.0,0.0
2022-09-07 00:00:00-04:00,24.729999542236328,25.190000534057617,23.420000076293945,24.040000915527344,12504700,0.0,0.0
2022-09-08 00:00:00-04:00,25.0,26.739999771118164,24.06999969482422,25.829999923706055,14142200,0.0,0.0
2022-09-09 00:00:00-04:00,26.299999237060547,29.079999923706055,26.100000381469727,28.920000076293945,7899800,0.0,0.0
2022-09-12 00:00:00-04:00,29.030000686645508,30.34000015258789,28.0,29.239999771118164,6175200,0.0,0.0
2022-09-13 00:00:00-04:00,27.399999618530273,28.610000610351562,27.31999969482422,27.850000381469727,3657200,0.0,0.0
2022-09-14 00:00:00-04:00,27.559999465942383,28.450000762939453,26.649999618530273,28.1299991607666,3605800,0.0,0.0
2022-09-15 00:00:00-04:00,27.860000610351562,29.06999969482422,27.860000610351562,28.610000610351562,3329500,0.0,0.0
2022-09-16 00:00:00-04:00,28.329999923706055,28.799999237060547,27.780000686645508,28.639999389648438,4656000,0.0,0.0
2022-09-19 00:00:00-04:00,28.34000015258789,29.649999618530273,28.149999618530273,28.959999084472656,3404000,0.0,0.0
2022-09-20 00:00:00-04:00,29.280000686645508,29.329999923706055,27.18000030517578,27.540000915527344,3145900,0.0,0.0
2022-09-21 00:00:00-04:00,27.450000762939453,28.989999771118164,26.770000457763672,26.860000610351562,3859200,0.0,0.0
2022-09-22 00:00:00-04:00,27.170000076293945,27.270000457763672,24.3799991607666,24.700000762939453,4346500,0.0,0.0
2022-09-23 00:00:00-04:00,24.149999618530273,25.149999618530273,24.059999465942383,25.040000915527344,3622400,0.0,0.0
2022-09-26 00:00:00-04:00,24.65999984741211,25.8700008392334,24.1200008392334,24.479999542236328,3440300,0.0,0.0
2022-09-27 00:00:00-04:00,25.469999313354492,26.389999389648438,25.1299991607666,26.1299991607666,4487200,0.0,0.0
2022-09-28 00:00:00-04:00,25.889999389648438,27.5,25.6200008392334,27.309999465942383,2630100,0.0,0.0
2022-09-29 00:00:00-04:00,27.079999923706055,27.690000534057617,24.690000534057617,25.459999084472656,4118200,0.0,0.0
2022-09-30 00:00:00-04:00,25.030000686645508,25.81999969482422,24.440000534057617,25.1299991607666,3148300,0.0,0.0
2022-10-03 00:00:00-04:00,25.139999389648438,25.6299991607666,24.209999084472656,25.3799991607666,2653900,0.0,0.0
2022-10-04 00:00:00-04:00,25.950000762939453,27.829999923706055,25.950000762939453,27.600000381469727,4581900,0.0,0.0
2022-10-05 00:00:00-04:00,26.770000457763672,26.979999542236328,25.43000030517578,26.389999389648438,2986400,0.0,0.0
2022-10-06 00:00:00-04:00,26.290000915527344,27.0,25.799999237060547,25.989999771118164,2418700,0.0,0.0
2022-10-07 00:00:00-04:00,25.84000015258789,25.84000015258789,24.420000076293945,25.350000381469727,3270600,0.0,0.0
2022-10-10 00:00:00-04:00,25.3700008392334,26.5,24.75,25.0,2917600,0.0,0.0
2022-10-11 00:00:00-04:00,24.8700008392334,26.299999237060547,23.950000762939453,25.270000457763672,4195900,0.0,0.0
2022-10-12 00:00:00-04:00,25.959999084472656,26.889999389648438,25.270000457763672,25.360000610351562,3284400,0.0,0.0
2022-10-13 00:00:00-04:00,24.420000076293945,26.59000015258789,23.90999984741211,25.559999465942383,3516200,0.0,0.0
2022-10-14 00:00:00-04:00,25.770000457763672,26.3700008392334,24.6299991607666,24.6299991607666,2773500,0.0,0.0
2022-10-17 00:00:00-04:00,25.3700008392334,26.40999984741211,25.239999771118164,25.959999084472656,3172200,0.0,0.0
2022-10-18 00:00:00-04:00,27.100000381469727,27.739999771118164,26.1299991607666,26.670000076293945,4402600,0.0,0.0
2022-10-19 00:00:00-04:00,26.0,26.18000030517578,24.270000457763672,24.540000915527344,5318400,0.0,0.0
2022-10-20 00:00:00-04:00,24.649999618530273,25.450000762939453,24.06999969482422,24.40999984741211,5148600,0.0,0.0
2022-10-21 00:00:00-04:00,24.149999618530273,25.329999923706055,24.100000381469727,25.299999237060547,3036300,0.0,0.0
2022-10-24 00:00:00-04:00,25.0,25.190000534057617,24.110000610351562,24.709999084472656,3114300,0.0,0.0
2022-10-25 00:00:00-04:00,24.81999969482422,27.790000915527344,24.799999237060547,26.8700008392334,7791600,0.0,0.0
2022-10-26 00:00:00-04:00,26.3700008392334,27.479999542236328,25.31999969482422,25.420000076293945,3858200,0.0,0.0
2022-10-27 00:00:00-04:00,25.75,26.329999923706055,25.200000762939453,25.93000030517578,2422900,0.0,0.0
2022-10-28 00:00:00-04:00,26.8799991607666,28.790000915527344,26.420000076293945,28.170000076293945,8089600,0.0,0.0
2022-10-31 00:00:00-04:00,31.219999313354492,34.9900016784668,27.90999984741211,28.309999465942383,24027600,0.0,0.0
2022-11-01 00:00:00-04:00,29.399999618530273,29.690000534057617,27.6200008392334,28.389999389648438,5147500,0.0,0.0
2022-11-02 00:00:00-04:00,27.899999618530273,28.75,26.5,26.6200008392334,4143900,0.0,0.0
2022-11-03 00:00:00-04:00,26.0,27.290000915527344,26.0,26.290000915527344,3384400,0.0,0.0
2022-11-04 00:00:00-04:00,26.600000381469727,27.030000686645508,25.34000015258789,26.510000228881836,4138000,0.0,0.0
2022-11-07 00:00:00-05:00,26.25,26.299999237060547,24.799999237060547,25.760000228881836,3303600,0.0,0.0
2022-11-08 00:00:00-05:00,25.329999923706055,25.850000381469727,24.110000610351562,25.139999389648438,4695100,0.0,0.0
2022-11-09 00:00:00-05:00,24.549999237060547,24.670000076293945,21.889999389648438,23.110000610351562,8464800,0.0,0.0
2022-11-10 00:00:00-05:00,24.6200008392334,25.700000762939453,23.90999984741211,24.8799991607666,6107000,0.0,0.0
2022-11-11 00:00:00-05:00,24.780000686645508,26.1200008392334,24.149999618530273,26.100000381469727,3986200,0.0,0.0
2022-11-14 00:00:00-05:00,26.299999237060547,27.3799991607666,25.610000610351562,26.049999237060547,4352200,0.0,0.0
2022-11-15 00:00:00-05:00,26.59000015258789,28.239999771118164,26.270000457763672,27.59000015258789,5392000,0.0,0.0
2022-11-16 00:00:00-05:00,26.6200008392334,27.350000381469727,26.3700008392334,27.139999389648438,2452300,0.0,0.0
2022-11-17 00:00:00-05:00,26.299999237060547,27.760000228881836,26.149999618530273,27.760000228881836,2477700,0.0,0.0
2022-11-18 00:00:00-05:00,28.15999984741211,28.700000762939453,26.829999923706055,27.600000381469727,3087400,0.0,0.0
2022-11-21 00:00:00-05:00,26.65999984741211,27.829999923706055,24.860000610351562,25.15999984741211,4443300,0.0,0.0
2022-11-22 00:00:00-05:00,25.1299991607666,26.450000762939453,24.700000762939453,26.299999237060547,4240400,0.0,0.0
2022-11-23 00:00:00-05:00,25.920000076293945,27.139999389648438,25.920000076293945,26.700000762939453,2737500,0.0,0.0
2022-11-25 00:00:00-05:00,26.5,27.049999237060547,26.139999389648438,26.170000076293945,1122700,0.0,0.0
2022-11-28 00:00:00-05:00,25.790000915527344,26.440000534057617,25.209999084472656,25.290000915527344,2440900,0.0,0.0
2022-11-29 00:00:00-05:00,25.579999923706055,26.350000381469727,25.31999969482422,25.600000381469727,2029500,0.0,0.0
2022-11-30 00:00:00-05:00,25.899999618530273,26.229999542236328,24.90999984741211,26.209999084472656,3731100,0.0,0.0
2022-12-01 00:00:00-05:00,26.0,27.5,25.18000030517578,26.600000381469727,7615200,0.0,0.0
2022-12-02 00:00:00-05:00,26.25,27.8700008392334,26.110000610351562,27.520000457763672,4577200,0.0,0.0
2022-12-05 00:00:00-05:00,27.309999465942383,27.479999542236328,25.440000534057617,25.559999465942383,4973700,0.0,0.0
2022-12-06 00:00:00-05:00,25.40999984741211,25.579999923706055,23.110000610351562,23.389999389648438,7699300,0.0,0.0
2022-12-07 00:00:00-05:00,23.399999618530273,23.610000610351562,21.969999313354492,22.260000228881836,10078200,0.0,0.0
2022-12-08 00:00:00-05:00,22.0,25.0,21.969999313354492,24.790000915527344,10252000,0.0,0.0
2022-12-09 00:00:00-05:00,24.59000015258789,24.59000015258789,22.59000015258789,22.6299991607666,5326700,0.0,0.0
2022-12-12 00:00:00-05:00,22.65999984741211,23.149999618530273,22.18000030517578,22.670000076293945,3750800,0.0,0.0
2022-12-13 00:00:00-05:00,23.549999237060547,23.700000762939453,20.829999923706055,21.0,6305600,0.0,0.0
2022-12-14 00:00:00-05:00,21.190000534057617,22.0,21.010000228881836,21.049999237060547,4604800,0.0,0.0
2022-12-15 00:00:00-05:00,20.739999771118164,21.440000534057617,20.239999771118164,20.579999923706055,6444500,0.0,0.0
2022-12-16 00:00:00-05:00,20.479999542236328,21.1200008392334,20.010000228881836,20.799999237060547,9379700,0.0,0.0
2022-12-19 00:00:00-05:00,20.549999237060547,20.889999389648438,19.59000015258789,19.920000076293945,3700600,0.0,0.0
2022-12-20 00:00:00-05:00,19.860000610351562,21.31999969482422,19.6200008392334,20.260000228881836,4479000,0.0,0.0
2022-12-21 00:00:00-05:00,20.399999618530273,20.899999618530273,20.18000030517578,20.559999465942383,2793600,0.0,0.0
2022-12-22 00:00:00-05:00,20.5,20.5,18.5,19.809999465942383,5343100,0.0,0.0
2022-12-23 00:00:00-05:00,20.0,20.6299991607666,19.649999618530273,20.079999923706055,3174800,0.0,0.0
2022-12-27 00:00:00-05:00,19.90999984741211,19.989999771118164,18.0,18.200000762939453,4233000,0.0,0.0
2022-12-28 00:00:00-05:00,18.290000915527344,18.700000762939453,16.979999542236328,17.920000076293945,5672000,0.0,0.0
2022-12-29 00:00:00-05:00,18.1200008392334,18.56999969482422,17.75,18.329999923706055,3442800,0.0,0.0
2022-12-30 00:00:00-05:00,17.950000762939453,18.579999923706055,17.899999618530273,18.459999084472656,2669500,0.0,0.0
2023-01-03 00:00:00-05:00,18.639999389648438,19.260000228881836,17.09000015258789,17.200000762939453,5135200,0.0,0.0
2023-01-04 00:00:00-05:00,17.25,17.93000030517578,16.899999618530273,17.31999969482422,3939300,0.0,0.0
2023-01-05 00:00:00-05:00,17.059999465942383,17.260000228881836,15.890000343322754,16.219999313354492,6066200,0.0,0.0
2023-01-06 00:00:00-05:00,16.0,16.56999969482422,15.40999984741211,16.459999084472656,4823400,0.0,0.0
2023-01-09 00:00:00-05:00,16.649999618530273,17.1299991607666,16.360000610351562,16.3799991607666,3522600,0.0,0.0
2023-01-10 00:00:00-05:00,16.299999237060547,18.09000015258789,16.25,17.770000457763672,4402800,0.0,0.0
2023-01-11 00:00:00-05:00,18.190000534057617,20.049999237060547,17.860000610351562,19.040000915527344,8405800,0.0,0.0
2023-01-12 00:00:00-05:00,19.040000915527344,20.6299991607666,18.34000015258789,20.6299991607666,5877300,0.0,0.0
2023-01-13 00:00:00-05:00,19.8799991607666,21.110000610351562,19.799999237060547,20.489999771118164,5494400,0.0,0.0
2023-01-17 00:00:00-05:00,20.489999771118164,21.940000534057617,20.3700008392334,21.799999237060547,5407900,0.0,0.0
2023-01-18 00:00:00-05:00,22.010000228881836,22.149999618530273,20.5,20.790000915527344,5632200,0.0,0.0
2023-01-19 00:00:00-05:00,20.440000534057617,20.450000762939453,18.81999969482422,19.040000915527344,4519200,0.0,0.0
2023-01-20 00:00:00-05:00,19.049999237060547,20.06999969482422,18.899999618530273,19.610000610351562,3564300,0.0,0.0
2023-01-23 00:00:00-05:00,19.5,22.489999771118164,19.3700008392334,21.65999984741211,7181500,0.0,0.0
2023-01-24 00:00:00-05:00,21.299999237060547,22.09000015258789,21.0,21.399999618530273,2381600,0.0,0.0
2023-01-25 00:00:00-05:00,20.59000015258789,20.84000015258789,19.530000686645508,20.229999542236328,3515800,0.0,0.0
2023-01-26 00:00:00-05:00,20.610000610351562,21.170000076293945,19.3799991607666,20.010000228881836,3520000,0.0,0.0
2023-01-27 00:00:00-05:00,19.799999237060547,23.309999465942383,19.40999984741211,22.81999969482422,11897200,0.0,0.0
2023-01-30 00:00:00-05:00,22.5,23.479999542236328,21.1299991607666,21.25,4950600,0.0,0.0
2023-01-31 00:00:00-05:00,21.40999984741211,22.049999237060547,21.299999237060547,21.8700008392334,3128400,0.0,0.0
2023-02-01 00:00:00-05:00,21.489999771118164,22.1200008392334,20.549999237060547,21.829999923706055,4517200,0.0,0.0
2023-02-02 00:00:00-05:00,22.440000534057617,24.399999618530273,22.219999313354492,22.700000762939453,7655700,0.0,0.0
2023-02-03 00:00:00-05:00,22.010000228881836,23.93000030517578,21.799999237060547,22.25,4935900,0.0,0.0
2023-02-06 00:00:00-05:00,21.8799991607666,24.8799991607666,21.770000457763672,23.860000610351562,8708400,0.0,0.0
2023-02-07 00:00:00-05:00,23.0,23.049999237060547,20.5,21.219999313354492,9093700,0.0,0.0
2023-02-08 00:00:00-05:00,21.43000030517578,21.549999237060547,20.610000610351562,21.100000381469727,2846400,0.0,0.0
2023-02-09 00:00:00-05:00,21.25,21.649999618530273,19.670000076293945,19.670000076293945,4497400,0.0,0.0
2023-02-10 00:00:00-05:00,19.559999465942383,20.040000915527344,19.049999237060547,19.270000457763672,2902700,0.0,0.0
2023-02-13 00:00:00-05:00,19.299999237060547,19.940000534057617,19.010000228881836,19.690000534057617,2299300,0.0,0.0
2023-02-14 00:00:00-05:00,19.309999465942383,20.010000228881836,19.100000381469727,19.8700008392334,2746300,0.0,0.0
2023-02-15 00:00:00-05:00,19.799999237060547,21.799999237060547,19.59000015258789,21.799999237060547,7137800,0.0,0.0
2023-02-16 00:00:00-05:00,21.25,22.420000076293945,20.850000381469727,21.600000381469727,3879000,0.0,0.0
2023-02-17 00:00:00-05:00,21.270000457763672,22.06999969482422,21.149999618530273,21.989999771118164,2851000,0.0,0.0
2023-02-21 00:00:00-05:00,21.329999923706055,21.829999923706055,20.6299991607666,20.65999984741211,3100300,0.0,0.0
2023-02-22 00:00:00-05:00,20.530000686645508,21.190000534057617,20.329999923706055,20.520000457763672,2164900,0.0,0.0
2023-02-23 00:00:00-05:00,20.65999984741211,20.8700008392334,19.530000686645508,20.139999389648438,2862000,0.0,0.0
2023-02-24 00:00:00-05:00,19.709999084472656,20.079999923706055,19.540000915527344,19.540000915527344,2277600,0.0,0.0
2023-02-27 00:00:00-05:00,19.610000610351562,19.700000762939453,18.889999389648438,19.100000381469727,4006700,0.0,0.0
2023-02-28 00:00:00-05:00,19.059999465942383,19.520000457763672,18.950000762939453,19.229999542236328,3373800,0.0,0.0
2023-03-01 00:00:00-05:00,18.920000076293945,19.09000015258789,18.139999389648438,18.149999618530273,4210100,0.0,0.0
2023-03-02 00:00:00-05:00,18.149999618530273,18.399999618530273,17.6200008392334,18.190000534057617,2622100,0.0,0.0
2023-03-03 00:00:00-05:00,18.190000534057617,19.100000381469727,18.100000381469727,18.700000762939453,2505500,0.0,0.0
2023-03-06 00:00:00-05:00,18.520000457763672,19.5,18.520000457763672,18.649999618530273,2815300,0.0,0.0
2023-03-07 00:00:00-05:00,18.540000915527344,18.84000015258789,18.059999465942383,18.059999465942383,2375300,0.0,0.0
2023-03-08 00:00:00-05:00,18.049999237060547,18.3799991607666,17.6299991607666,18.170000076293945,3277800,0.0,0.0
2023-03-09 00:00:00-05:00,18.06999969482422,18.3799991607666,17.479999542236328,17.520000457763672,2652600,0.0,0.0
2023-03-10 00:00:00-05:00,17.530000686645508,17.770000457763672,16.850000381469727,17.25,2845500,0.0,0.0
2023-03-13 00:00:00-04:00,16.770000457763672,17.350000381469727,16.520000457763672,16.75,2959100,0.0,0.0
2023-03-14 00:00:00-04:00,17.3700008392334,17.40999984741211,16.399999618530273,16.90999984741211,3077400,0.0,0.0
2023-03-15 00:00:00-04:00,16.5,16.690000534057617,15.699999809265137,15.949999809265137,4541500,0.0,0.0
2023-03-16 00:00:00-04:00,16.0,16.770000457763672,15.529999732971191,16.760000228881836,4083000,0.0,0.0
2023-03-17 00:00:00-04:00,16.6200008392334,16.719999313354492,15.920000076293945,16.600000381469727,5105500,0.0,0.0
2023-03-20 00:00:00-04:00,16.649999618530273,17.270000457763672,16.25,16.8700008392334,4463700,0.0,0.0
2023-03-21 00:00:00-04:00,17.149999618530273,18.350000381469727,17.139999389648438,17.649999618530273,15882900,0.0,0.0
2023-03-22 00:00:00-04:00,26.600000381469727,27.0,23.049999237060547,23.8700008392334,66764700,0.0,0.0
2023-03-23 00:00:00-04:00,22.56999969482422,24.59000015258789,22.1299991607666,22.579999923706055,11168900,0.0,0.0
2023-03-24 00:00:00-04:00,22.31999969482422,23.989999771118164,22.100000381469727,23.979999542236328,8756400,0.0,0.0
2023-03-27 00:00:00-04:00,23.989999771118164,24.010000228881836,22.690000534057617,23.0,4580800,0.0,0.0
2023-03-28 00:00:00-04:00,22.969999313354492,23.540000915527344,22.219999313354492,23.149999618530273,5711700,0.0,0.0
2023-03-29 00:00:00-04:00,23.079999923706055,23.700000762939453,22.219999313354492,22.459999084472656,4161400,0.0,0.0
2023-03-30 00:00:00-04:00,22.600000381469727,22.829999923706055,22.110000610351562,22.5,3477600,0.0,0.0
2023-03-31 00:00:00-04:00,22.350000381469727,23.06999969482422,22.149999618530273,23.020000457763672,3880300,0.0,0.0
2023-04-03 00:00:00-04:00,22.940000534057617,23.850000381469727,22.65999984741211,23.170000076293945,4274500,0.0,0.0
2023-04-04 00:00:00-04:00,22.75,23.139999389648438,22.09000015258789,22.350000381469727,3421500,0.0,0.0
2023-04-05 00:00:00-04:00,22.469999313354492,22.469999313354492,21.229999542236328,22.06999969482422,3638100,0.0,0.0
2023-04-06 00:00:00-04:00,22.0,22.670000076293945,21.770000457763672,22.399999618530273,2506900,0.0,0.0
2023-04-10 00:00:00-04:00,21.850000381469727,22.43000030517578,21.81999969482422,22.3700008392334,2176100,0.0,0.0
2023-04-11 00:00:00-04:00,22.56999969482422,23.170000076293945,22.420000076293945,22.690000534057617,2540000,0.0,0.0
2023-04-12 00:00:00-04:00,22.899999618530273,23.280000686645508,22.260000228881836,22.260000228881836,2141100,0.0,0.0
2023-04-13 00:00:00-04:00,22.5,22.850000381469727,22.329999923706055,22.549999237060547,1803900,0.0,0.0
2023-04-14 00:00:00-04:00,22.739999771118164,23.25,22.31999969482422,22.459999084472656,2312400,0.0,0.0
2023-04-17 00:00:00-04:00,22.270000457763672,22.68000030517578,22.139999389648438,22.280000686645508,2066600,0.0,0.0
2023-04-18 00:00:00-04:00,22.139999389648438,22.31999969482422,21.5,21.610000610351562,2748700,0.0,0.0
2023-04-19 00:00:00-04:00,21.280000686645508,21.8700008392334,20.959999084472656,21.309999465942383,2539500,0.0,0.0
2023-04-20 00:00:00-04:00,20.8799991607666,21.56999969482422,20.059999465942383,20.219999313354492,2977400,0.0,0.0
2023-04-21 00:00:00-04:00,20.200000762939453,20.6200008392334,20.100000381469727,20.489999771118164,2085900,0.0,0.0
2023-04-24 00:00:00-04:00,20.149999618530273,20.40999984741211,19.809999465942383,19.93000030517578,2742400,0.0,0.0
2023-04-25 00:00:00-04:00,19.739999771118164,20.040000915527344,18.90999984741211,19.0,2560800,0.0,0.0
2023-04-26 00:00:00-04:00,18.979999542236328,19.229999542236328,18.649999618530273,18.649999618530273,2287600,0.0,0.0
2023-04-27 00:00:00-04:00,18.75,19.34000015258789,18.719999313354492,18.940000534057617,2238900,0.0,0.0
2023-04-28 00:00:00-04:00,18.920000076293945,19.719999313354492,18.8799991607666,19.290000915527344,2836600,0.0,0.0
2023-05-01 00:00:00-04:00,19.15999984741211,19.25,18.459999084472656,18.549999237060547,2356600,0.0,0.0
2023-05-02 00:00:00-04:00,18.450000762939453,18.579999923706055,18.059999465942383,18.579999923706055,1918300,0.0,0.0
2023-05-03 00:00:00-04:00,18.559999465942383,19.200000762939453,18.530000686645508,18.899999618530273,3184000,0.0,0.0
2023-05-04 00:00:00-04:00,19.25,19.479999542236328,18.920000076293945,19.350000381469727,2041800,0.0,0.0
2023-05-05 00:00:00-04:00,19.6200008392334,20.8799991607666,19.510000228881836,20.420000076293945,4357200,0.0,0.0
2023-05-08 00:00:00-04:00,20.459999084472656,20.989999771118164,20.09000015258789,20.510000228881836,2402800,0.0,0.0
2023-05-09 00:00:00-04:00,20.15999984741211,20.649999618530273,20.1200008392334,20.239999771118164,1522700,0.0,0.0
2023-05-10 00:00:00-04:00,20.450000762939453,20.959999084472656,20.3799991607666,20.760000228881836,2139900,0.0,0.0
2023-05-11 00:00:00-04:00,20.690000534057617,21.15999984741211,20.510000228881836,20.8799991607666,1652500,0.0,0.0
2023-05-12 00:00:00-04:00,20.829999923706055,20.979999542236328,20.229999542236328,20.690000534057617,2006100,0.0,0.0
2023-05-15 00:00:00-04:00,20.6200008392334,21.6299991607666,20.489999771118164,21.6200008392334,2602000,0.0,0.0
2023-05-16 00:00:00-04:00,21.5,22.100000381469727,21.420000076293945,21.989999771118164,2498000,0.0,0.0
2023-05-17 00:00:00-04:00,21.989999771118164,23.25,21.899999618530273,22.8700008392334,4573000,0.0,0.0
2023-05-18 00:00:00-04:00,22.899999618530273,23.299999237060547,22.68000030517578,23.049999237060547,2144400,0.0,0.0
2023-05-19 00:00:00-04:00,22.940000534057617,22.989999771118164,21.75,22.059999465942383,2668200,0.0,0.0
2023-05-22 00:00:00-04:00,22.100000381469727,24.360000610351562,21.989999771118164,24.209999084472656,6251600,0.0,0.0
2023-05-23 00:00:00-04:00,23.889999389648438,23.899999618530273,22.799999237060547,23.15999984741211,3786500,0.0,0.0
2023-05-24 00:00:00-04:00,23.1299991607666,23.520000457763672,22.729999542236328,23.270000457763672,1901000,0.0,0.0
2023-05-25 00:00:00-04:00,23.5,23.690000534057617,22.709999084472656,23.350000381469727,2494400,0.0,0.0
2023-05-26 00:00:00-04:00,23.469999313354492,23.709999084472656,23.059999465942383,23.25,2261900,0.0,0.0
2023-05-30 00:00:00-04:00,23.350000381469727,24.690000534057617,23.299999237060547,24.56999969482422,5037800,0.0,0.0
2023-05-31 00:00:00-04:00,24.510000228881836,24.799999237060547,23.8799991607666,24.049999237060547,4265200,0.0,0.0
2023-06-01 00:00:00-04:00,24.040000915527344,24.65999984741211,23.780000686645508,24.100000381469727,3845000,0.0,0.0
2023-06-02 00:00:00-04:00,24.290000915527344,24.93000030517578,24.280000686645508,24.639999389648438,3300700,0.0,0.0
2023-06-05 00:00:00-04:00,24.530000686645508,25.84000015258789,24.15999984741211,24.309999465942383,4201900,0.0,0.0
2023-06-06 00:00:00-04:00,24.010000228881836,25.25,24.0,24.690000534057617,3984300,0.0,0.0
2023-06-07 00:00:00-04:00,26.200000762939453,26.549999237060547,25.06999969482422,26.110000610351562,18001100,0.0,0.0
2023-06-08 00:00:00-04:00,20.299999237060547,22.0,20.100000381469727,21.440000534057617,19213300,0.0,0.0
2023-06-09 00:00:00-04:00,21.780000686645508,23.43000030517578,21.5,22.68000030517578,10342600,0.0,0.0
2023-06-12 00:00:00-04:00,22.850000381469727,24.299999237060547,22.739999771118164,24.299999237060547,7131400,0.0,0.0
2023-06-13 00:00:00-04:00,26.200000762939453,27.649999618530273,25.030000686645508,26.950000762939453,17160600,0.0,0.0
2023-06-14 00:00:00-04:00,26.719999313354492,27.079999923706055,24.899999618530273,25.700000762939453,7243700,0.0,0.0
2023-06-15 00:00:00-04:00,25.40999984741211,26.170000076293945,24.639999389648438,24.84000015258789,5501800,0.0,0.0
2023-06-16 00:00:00-04:00,25.020000457763672,25.110000610351562,24.420000076293945,24.559999465942383,4443500,0.0,0.0
2023-06-20 00:00:00-04:00,24.40999984741211,24.649999618530273,23.719999313354492,24.579999923706055,3250700,0.0,0.0
2023-06-21 00:00:00-04:00,24.84000015258789,25.100000381469727,24.100000381469727,24.43000030517578,2404700,0.0,0.0
2023-06-22 00:00:00-04:00,24.1299991607666,24.329999923706055,23.760000228881836,24.31999969482422,1889600,0.0,0.0
2023-06-23 00:00:00-04:00,23.780000686645508,24.149999618530273,23.68000030517578,23.700000762939453,2261000,0.0,0.0
2023-06-26 00:00:00-04:00,23.3799991607666,24.030000686645508,22.90999984741211,23.020000457763672,2525200,0.0,0.0
2023-06-27 00:00:00-04:00,23.290000915527344,23.600000381469727,23.0,23.579999923706055,2141500,0.0,0.0
2023-06-28 00:00:00-04:00,23.440000534057617,25.100000381469727,23.399999618530273,24.979999542236328,3493900,0.0,0.0
2023-06-29 00:00:00-04:00,24.959999084472656,25.469999313354492,24.6200008392334,24.899999618530273,3101000,0.0,0.0
2023-06-30 00:00:00-04:00,24.969999313354492,25.1299991607666,24.25,24.25,2803300,0.0,0.0
2023-07-03 00:00:00-04:00,24.290000915527344,25.110000610351562,24.209999084472656,24.90999984741211,1806600,0.0,0.0
2023-07-05 00:00:00-04:00,24.639999389648438,24.850000381469727,23.790000915527344,23.899999618530273,2263100,0.0,0.0
2023-07-06 00:00:00-04:00,23.520000457763672,23.56999969482422,22.81999969482422,22.829999923706055,2384600,0.0,0.0
2023-07-07 00:00:00-04:00,22.969999313354492,23.530000686645508,22.670000076293945,22.709999084472656,2447200,0.0,0.0
2023-07-10 00:00:00-04:00,22.610000610351562,23.559999465942383,22.0,23.540000915527344,3318200,0.0,0.0
2023-07-11 00:00:00-04:00,23.200000762939453,24.440000534057617,23.200000762939453,23.90999984741211,3057100,0.0,0.0
2023-07-12 00:00:00-04:00,24.25,24.309999465942383,23.440000534057617,23.440000534057617,1742200,0.0,0.0
2023-07-13 00:00:00-04:00,23.540000915527344,23.979999542236328,23.420000076293945,23.459999084472656,1912200,0.0,0.0
2023-07-14 00:00:00-04:00,23.489999771118164,23.719999313354492,22.940000534057617,22.969999313354492,2178800,0.0,0.0
2023-07-17 00:00:00-04:00,22.8799991607666,23.309999465942383,22.700000762939453,22.81999969482422,2026000,0.0,0.0
2023-07-18 00:00:00-04:00,22.719999313354492,23.799999237060547,22.68000030517578,23.079999923706055,2342000,0.0,0.0
2023-07-19 00:00:00-04:00,23.420000076293945,23.579999923706055,22.959999084472656,23.170000076293945,2250100,0.0,0.0
2023-07-20 00:00:00-04:00,23.010000228881836,23.219999313354492,22.65999984741211,22.90999984741211,2256700,0.0,0.0
2023-07-21 00:00:00-04:00,23.049999237060547,23.219999313354492,22.15999984741211,22.18000030517578,3167900,0.0,0.0
2023-07-24 00:00:00-04:00,22.420000076293945,23.040000915527344,22.200000762939453,23.040000915527344,2970400,0.0,0.0
2023-07-25 00:00:00-04:00,23.100000381469727,23.100000381469727,22.530000686645508,22.850000381469727,1672000,0.0,0.0
2023-07-26 00:00:00-04:00,22.700000762939453,22.989999771118164,22.479999542236328,22.700000762939453,1489200,0.0,0.0
2023-07-27 00:00:00-04:00,22.940000534057617,23.489999771118164,22.1299991607666,22.219999313354492,3370900,0.0,0.0
2023-07-28 00:00:00-04:00,22.020000457763672,22.489999771118164,21.790000915527344,21.93000030517578,2642100,0.0,0.0
2023-07-31 00:00:00-04:00,22.0,22.3799991607666,21.850000381469727,22.200000762939453,1973400,0.0,0.0
2023-08-01 00:00:00-04:00,21.950000762939453,22.0,21.260000228881836,21.5,2567100,0.0,0.0
2023-08-02 00:00:00-04:00,21.149999618530273,21.149999618530273,20.34000015258789,20.829999923706055,2625800,0.0,0.0
2023-08-03 00:00:00-04:00,20.8799991607666,21.18000030517578,20.739999771118164,20.93000030517578,1318700,0.0,0.0
2023-08-04 00:00:00-04:00,20.950000762939453,21.889999389648438,20.889999389648438,20.979999542236328,2406000,0.0,0.0
2023-08-07 00:00:00-04:00,20.899999618530273,21.239999771118164,20.479999542236328,21.06999969482422,1441300,0.0,0.0
2023-08-08 00:00:00-04:00,20.700000762939453,20.899999618530273,20.280000686645508,20.739999771118164,1431300,0.0,0.0
2023-08-09 00:00:00-04:00,20.850000381469727,20.850000381469727,19.81999969482422,19.93000030517578,2929600,0.0,0.0
2023-08-10 00:00:00-04:00,20.0,20.290000915527344,19.8700008392334,20.190000534057617,1432400,0.0,0.0
2023-08-11 00:00:00-04:00,20.030000686645508,20.3799991607666,19.969999313354492,20.190000534057617,1522900,0.0,0.0
2023-08-14 00:00:00-04:00,19.75,20.010000228881836,19.079999923706055,19.959999084472656,3329300,0.0,0.0
2023-08-15 00:00:00-04:00,19.770000457763672,19.780000686645508,19.09000015258789,19.329999923706055,2290300,0.0,0.0
2023-08-16 00:00:00-04:00,19.18000030517578,19.34000015258789,18.549999237060547,18.59000015258789,3015600,0.0,0.0
2023-08-17 00:00:00-04:00,18.790000915527344,18.809999465942383,18.299999237060547,18.3799991607666,2056800,0.0,0.0
2023-08-18 00:00:00-04:00,18.18000030517578,18.65999984741211,18.139999389648438,18.360000610351562,2029100,0.0,0.0
2023-08-21 00:00:00-04:00,18.299999237060547,18.81999969482422,18.200000762939453,18.479999542236328,2864700,0.0,0.0
2023-08-22 00:00:00-04:00,18.6200008392334,18.6200008392334,17.25,17.260000228881836,3782100,0.0,0.0
2023-08-23 00:00:00-04:00,17.25,17.34000015258789,16.8799991607666,16.889999389648438,2909100,0.0,0.0
2023-08-24 00:00:00-04:00,16.940000534057617,16.979999542236328,16.18000030517578,16.360000610351562,3624500,0.0,0.0
2023-08-25 00:00:00-04:00,16.5,17.18000030517578,16.450000762939453,17.1299991607666,3423500,0.0,0.0
2023-08-28 00:00:00-04:00,17.350000381469727,18.110000610351562,17.25,17.56999969482422,3007400,0.0,0.0
2023-08-29 00:00:00-04:00,17.600000381469727,18.549999237060547,17.600000381469727,18.239999771118164,2709200,0.0,0.0
2023-08-30 00:00:00-04:00,18.200000762939453,18.520000457763672,17.90999984741211,18.3700008392334,1884500,0.0,0.0
2023-08-31 00:00:00-04:00,18.40999984741211,19.420000076293945,18.149999618530273,18.549999237060547,4674100,0.0,0.0
2023-09-01 00:00:00-04:00,18.65999984741211,18.729999542236328,18.31999969482422,18.420000076293945,2135900,0.0,0.0
2023-09-05 00:00:00-04:00,18.450000762939453,19.34000015258789,18.260000228881836,19.229999542236328,3781300,0.0,0.0
2023-09-06 00:00:00-04:00,19.059999465942383,19.149999618530273,18.420000076293945,18.75,6107200,0.0,0.0
2023-09-07 00:00:00-04:00,19.1299991607666,19.479999542236328,17.610000610351562,18.889999389648438,5021300,0.0,0.0
2023-09-08 00:00:00-04:00,18.149999618530273,18.5,17.350000381469727,17.709999084472656,4689200,0.0,0.0
2023-09-11 00:00:00-04:00,17.850000381469727,17.850000381469727,16.899999618530273,17.020000457763672,3543800,0.0,0.0
2023-09-12 00:00:00-04:00,17.530000686645508,18.5,17.190000534057617,17.229999542236328,5179400,0.0,0.0
2023-09-13 00:00:00-04:00,17.309999465942383,17.93000030517578,17.270000457763672,17.809999465942383,3012600,0.0,0.0
2023-09-14 00:00:00-04:00,17.799999237060547,18.520000457763672,17.600000381469727,18.329999923706055,3078000,0.0,0.0
2023-09-15 00:00:00-04:00,18.360000610351562,18.610000610351562,18.149999618530273,18.219999313354492,6166600,0.0,0.0
2023-09-18 00:00:00-04:00,17.989999771118164,18.100000381469727,17.350000381469727,17.549999237060547,3694600,0.0,0.0
2023-09-19 00:00:00-04:00,17.59000015258789,17.639999389648438,17.1299991607666,17.520000457763672,2584200,0.0,0.0
2023-09-20 00:00:00-04:00,17.6299991607666,17.93000030517578,17.450000762939453,17.520000457763672,2129800,0.0,0.0
2023-09-21 00:00:00-04:00,17.280000686645508,17.31999969482422,16.649999618530273,17.020000457763672,2910700,0.0,0.0
2023-09-22 00:00:00-04:00,17.18000030517578,17.350000381469727,17.0,17.18000030517578,2100300,0.0,0.0
2023-09-25 00:00:00-04:00,17.0,17.719999313354492,16.850000381469727,17.670000076293945,2181200,0.0,0.0
2023-09-26 00:00:00-04:00,17.3799991607666,17.81999969482422,16.780000686645508,16.780000686645508,2726800,0.0,0.0
2023-09-27 00:00:00-04:00,16.8700008392334,17.260000228881836,16.809999465942383,17.149999618530273,1681300,0.0,0.0
2023-09-28 00:00:00-04:00,18.020000457763672,18.100000381469727,16.440000534057617,16.84000015258789,7431900,0.0,0.0
2023-09-29 00:00:00-04:00,17.049999237060547,17.260000228881836,16.399999618530273,16.459999084472656,3397000,0.0,0.0
2023-10-02 00:00:00-04:00,16.299999237060547,16.309999465942383,15.260000228881836,15.390000343322754,6087700,0.0,0.0
2023-10-03 00:00:00-04:00,15.289999961853027,15.289999961853027,14.569999694824219,14.600000381469727,4510300,0.0,0.0
2023-10-04 00:00:00-04:00,14.770000457763672,14.9399995803833,14.4399995803833,14.869999885559082,2586400,0.0,0.0
2023-10-05 00:00:00-04:00,14.699999809265137,14.979999542236328,14.579999923706055,14.710000038146973,1945100,0.0,0.0
2023-10-06 00:00:00-04:00,14.59000015258789,15.260000228881836,14.579999923706055,15.079999923706055,2467100,0.0,0.0
2023-10-09 00:00:00-04:00,14.770000457763672,15.5,14.720000267028809,15.399999618530273,2276300,0.0,0.0
2023-10-10 00:00:00-04:00,15.5,16.190000534057617,15.399999618530273,16.0,2915900,0.0,0.0
2023-10-11 00:00:00-04:00,16.010000228881836,16.09000015258789,15.739999771118164,15.819999694824219,2098200,0.0,0.0
2023-10-12 00:00:00-04:00,15.770000457763672,15.800000190734863,14.819999694824219,15.09000015258789,3180300,0.0,0.0
2023-10-13 00:00:00-04:00,14.920000076293945,15.109999656677246,14.779999732971191,14.920000076293945,1823300,0.0,0.0
2023-10-16 00:00:00-04:00,14.8100004196167,14.930000305175781,14.149999618530273,14.430000305175781,3508600,0.0,0.0
2023-10-17 00:00:00-04:00,14.25,14.829999923706055,14.100000381469727,14.119999885559082,3842400,0.0,0.0
2023-10-18 00:00:00-04:00,14.0,14.25,13.8100004196167,13.850000381469727,4045800,0.0,0.0
2023-10-19 00:00:00-04:00,13.800000190734863,13.850000381469727,12.899999618530273,13.15999984741211,5808000,0.0,0.0
2023-10-20 00:00:00-04:00,13.180000305175781,13.800000190734863,13.119999885559082,13.4399995803833,3661800,0.0,0.0
2023-10-23 00:00:00-04:00,13.279999732971191,13.59000015258789,13.039999961853027,13.4399995803833,2785500,0.0,0.0
2023-10-24 00:00:00-04:00,13.59000015258789,14.300000190734863,13.550000190734863,14.039999961853027,3738300,0.0,0.0
2023-10-25 00:00:00-04:00,14.010000228881836,14.010000228881836,13.609999656677246,13.710000038146973,1967300,0.0,0.0
2023-10-26 00:00:00-04:00,13.729999542236328,13.800000190734863,13.40999984741211,13.5,2036400,0.0,0.0
2023-10-27 00:00:00-04:00,13.510000228881836,13.619999885559082,13.020000457763672,13.119999885559082,2481700,0.0,0.0
2023-10-30 00:00:00-04:00,13.149999618530273,13.270000457763672,12.59000015258789,12.800000190734863,3475900,0.0,0.0
2023-10-31 00:00:00-04:00,12.850000381469727,13.899999618530273,12.819999694824219,13.770000457763672,4574600,0.0,0.0
2023-11-01 00:00:00-04:00,13.779999732971191,13.800000190734863,13.010000228881836,13.010000228881836,3430100,0.0,0.0
2023-11-02 00:00:00-04:00,13.369999885559082,13.699999809265137,13.279999732971191,13.640000343322754,3566600,0.0,0.0
2023-11-03 00:00:00-04:00,13.899999618530273,14.399999618530273,13.829999923706055,13.869999885559082,2966200,0.0,0.0
2023-11-06 00:00:00-05:00,13.989999771118164,14.050000190734863,13.489999771118164,13.529999732971191,2164400,0.0,0.0
2023-11-07 00:00:00-05:00,13.470000267028809,13.789999961853027,13.229999542236328,13.640000343322754,2354400,0.0,0.0
2023-11-08 00:00:00-05:00,13.510000228881836,13.760000228881836,13.279999732971191,13.279999732971191,1705600,0.0,0.0
2023-11-09 00:00:00-05:00,13.25,13.319999694824219,12.699999809265137,12.699999809265137,2750100,0.0,0.0
2023-11-10 00:00:00-05:00,12.8100004196167,12.970000267028809,12.350000381469727,12.539999961853027,3872400,0.0,0.0
2023-11-13 00:00:00-05:00,12.5,12.529999732971191,11.829999923706055,12.140000343322754,4318500,0.0,0.0
2023-11-14 00:00:00-05:00,12.75,13.390000343322754,12.6899995803833,12.899999618530273,5187500,0.0,0.0
2023-11-15 00:00:00-05:00,13.149999618530273,13.5,13.029999732971191,13.270000457763672,4121600,0.0,0.0
2023-11-16 00:00:00-05:00,13.140000343322754,13.1899995803833,12.520000457763672,12.529999732971191,3425800,0.0,0.0
2023-11-17 00:00:00-05:00,12.520000457763672,13.0600004196167,12.520000457763672,13.029999732971191,3414200,0.0,0.0
2023-11-20 00:00:00-05:00,13.0,13.199999809265137,12.800000190734863,12.800000190734863,2294900,0.0,0.0
2023-11-21 00:00:00-05:00,12.649999618530273,12.720000267028809,12.260000228881836,12.550000190734863,3710100,0.0,0.0
2023-11-22 00:00:00-05:00,12.5600004196167,12.710000038146973,12.1899995803833,12.289999961853027,2358800,0.0,0.0
2023-11-24 00:00:00-05:00,12.220000267028809,12.40999984741211,12.180000305175781,12.199999809265137,1232500,0.0,0.0
2023-11-27 00:00:00-05:00,12.180000305175781,12.329999923706055,11.890000343322754,11.90999984741211,3710600,0.0,0.0
2023-11-28 00:00:00-05:00,11.899999618530273,13.550000190734863,11.890000343322754,13.489999771118164,14192900,0.0,0.0
2023-11-29 00:00:00-05:00,15.489999771118164,17.559999465942383,14.699999809265137,16.25,61172800,0.0,0.0
2023-11-30 00:00:00-05:00,16.290000915527344,16.329999923706055,14.319999694824219,14.550000190734863,16537200,0.0,0.0
2023-12-01 00:00:00-05:00,14.520000457763672,15.989999771118164,14.5,15.300000190734863,13378700,0.0,0.0
2023-12-04 00:00:00-05:00,15.289999961853027,17.40999984741211,14.90999984741211,16.979999542236328,20098700,0.0,0.0
2023-12-05 00:00:00-05:00,16.469999313354492,16.719999313354492,14.869999885559082,14.90999984741211,14220100,0.0,0.0
2023-12-06 00:00:00-05:00,15.359999656677246,15.699999809265137,14.640000343322754,14.84000015258789,12691300,0.0,0.0
2023-12-07 00:00:00-05:00,13.710000038146973,16.520000457763672,13.5600004196167,16.360000610351562,19840700,0.0,0.0
2023-12-08 00:00:00-05:00,15.829999923706055,16.479999542236328,15.470000267028809,15.550000190734863,10401400,0.0,0.0
2023-12-11 00:00:00-05:00,15.449999809265137,15.6899995803833,14.979999542236328,15.069999694824219,4961200,0.0,0.0
2023-12-12 00:00:00-05:00,15.119999885559082,15.359999656677246,14.84000015258789,15.220000267028809,4210700,0.0,0.0
2023-12-13 00:00:00-05:00,15.220000267028809,16.799999237060547,15.1899995803833,16.690000534057617,9086900,0.0,0.0
2023-12-14 00:00:00-05:00,17.139999389648438,17.8799991607666,16.799999237060547,17.440000534057617,10750700,0.0,0.0
2023-12-15 00:00:00-05:00,17.399999618530273,17.579999923706055,17.010000228881836,17.260000228881836,7119100,0.0,0.0
2023-12-18 00:00:00-05:00,17.239999771118164,18.510000228881836,17.100000381469727,17.860000610351562,7352200,0.0,0.0
2023-12-19 00:00:00-05:00,17.889999389648438,18.59000015258789,17.229999542236328,17.719999313354492,5447100,0.0,0.0
2023-12-20 00:00:00-05:00,17.530000686645508,18.3799991607666,16.889999389648438,16.93000030517578,5553000,0.0,0.0
2023-12-21 00:00:00-05:00,17.190000534057617,17.34000015258789,16.59000015258789,16.979999542236328,3975300,0.0,0.0
2023-12-22 00:00:00-05:00,16.780000686645508,17.200000762939453,16.450000762939453,16.969999313354492,3329900,0.0,0.0
2023-12-26 00:00:00-05:00,16.979999542236328,17.40999984741211,16.81999969482422,17.360000610351562,3079600,0.0,0.0
2023-12-27 00:00:00-05:00,17.43000030517578,18.3700008392334,17.3700008392334,18.3700008392334,4800100,0.0,0.0
2023-12-28 00:00:00-05:00,18.049999237060547,18.31999969482422,17.850000381469727,18.06999969482422,3574800,0.0,0.0
2023-12-29 00:00:00-05:00,18.040000915527344,18.15999984741211,17.459999084472656,17.530000686645508,4536700,0.0,0.0
2024-01-02 00:00:00-05:00,17.25,17.600000381469727,16.579999923706055,16.670000076293945,4428000,0.0,0.0
2024-01-03 00:00:00-05:00,16.299999237060547,16.829999923706055,15.899999618530273,16.690000534057617,4193600,0.0,0.0
2024-01-04 00:00:00-05:00,16.510000228881836,16.75,16.309999465942383,16.360000610351562,2671500,0.0,0.0
2024-01-05 00:00:00-05:00,16.15999984741211,16.520000457763672,15.960000038146973,15.960000038146973,2619200,0.0,0.0
2024-01-08 00:00:00-05:00,15.779999732971191,16.1200008392334,15.699999809265137,15.789999961853027,3031100,0.0,0.0
2024-01-09 00:00:00-05:00,15.59000015258789,15.619999885559082,15.119999885559082,15.15999984741211,3105300,0.0,0.0
2024-01-10 00:00:00-05:00,15.119999885559082,15.760000228881836,14.970000267028809,15.729999542236328,3191700,0.0,0.0
2024-01-11 00:00:00-05:00,15.649999618530273,15.800000190734863,15.239999771118164,15.25,2992200,0.0,0.0
2024-01-12 00:00:00-05:00,15.300000190734863,15.619999885559082,14.729999542236328,14.75,2479800,0.0,0.0
2024-01-16 00:00:00-05:00,14.600000381469727,14.619999885559082,13.930000305175781,13.979999542236328,3581200,0.0,0.0
2024-01-17 00:00:00-05:00,13.859999656677246,14.109999656677246,13.710000038146973,14.079999923706055,2706200,0.0,0.0
2024-01-18 00:00:00-05:00,14.199999809265137,14.770000457763672,14.050000190734863,14.289999961853027,3906000,0.0,0.0
2024-01-19 00:00:00-05:00,14.359999656677246,14.600000381469727,14.09000015258789,14.510000228881836,2396200,0.0,0.0
2024-01-22 00:00:00-05:00,14.5,15.15999984741211,14.300000190734863,14.899999618530273,3606500,0.0,0.0
2024-01-23 00:00:00-05:00,15.0,15.020000457763672,14.050000190734863,14.180000305175781,3495300,0.0,0.0
2024-01-24 00:00:00-05:00,14.279999732971191,14.380000114440918,13.819999694824219,13.949999809265137,2513800,0.0,0.0
2024-01-25 00:00:00-05:00,13.970000267028809,14.539999961853027,13.920000076293945,14.520000457763672,3635900,0.0,0.0
2024-01-26 00:00:00-05:00,14.4399995803833,14.720000267028809,14.40999984741211,14.489999771118164,2288800,0.0,0.0
2024-01-29 00:00:00-05:00,14.5,14.8100004196167,14.319999694824219,14.779999732971191,2164200,0.0,0.0
2024-01-30 00:00:00-05:00,14.539999961853027,14.819999694824219,14.510000228881836,14.550000190734863,1652600,0.0,0.0
2024-01-31 00:00:00-05:00,14.399999618530273,14.829999923706055,14.220000267028809,14.229999542236328,2684700,0.0,0.0
2024-02-01 00:00:00-05:00,14.34000015258789,14.420000076293945,14.020000457763672,14.420000076293945,2220200,0.0,0.0
2024-02-02 00:00:00-05:00,14.149999618530273,14.920000076293945,14.079999923706055,14.729999542236328,2924500,0.0,0.0
2024-02-05 00:00:00-05:00,14.5,14.609999656677246,13.399999618530273,13.460000038146973,4361500,0.0,0.0
2024-02-06 00:00:00-05:00,13.600000381469727,14.300000190734863,13.430000305175781,14.100000381469727,3047800,0.0,0.0
2024-02-07 00:00:00-05:00,14.119999885559082,14.300000190734863,13.779999732971191,14.069999694824219,1947800,0.0,0.0
2024-02-08 00:00:00-05:00,14.010000228881836,14.4399995803833,13.890000343322754,14.350000381469727,1838300,0.0,0.0
2024-02-09 00:00:00-05:00,14.369999885559082,15.229999542236328,14.300000190734863,14.65999984741211,3575300,0.0,0.0
2024-02-12 00:00:00-05:00,14.579999923706055,15.220000267028809,14.529999732971191,14.729999542236328,2750100,0.0,0.0
2024-02-13 00:00:00-05:00,14.199999809265137,14.399999618530273,13.770000457763672,14.170000076293945,3788700,0.0,0.0
2024-02-14 00:00:00-05:00,14.329999923706055,14.430000305175781,14.050000190734863,14.40999984741211,2504400,0.0,0.0
2024-02-15 00:00:00-05:00,14.539999961853027,14.75,14.229999542236328,14.510000228881836,2400500,0.0,0.0
2024-02-16 00:00:00-05:00,14.460000038146973,14.529999732971191,14.100000381469727,14.119999885559082,2301900,0.0,0.0
2024-02-20 00:00:00-05:00,13.960000038146973,14.050000190734863,13.15999984741211,13.489999771118164,3784500,0.0,0.0
2024-02-21 00:00:00-05:00,13.460000038146973,13.670000076293945,13.229999542236328,13.40999984741211,1722800,0.0,0.0
2024-02-22 00:00:00-05:00,13.5,13.649999618530273,13.34000015258789,13.359999656677246,1817800,0.0,0.0
2024-02-23 00:00:00-05:00,13.300000190734863,13.789999961853027,13.119999885559082,13.510000228881836,2319700,0.0,0.0
2024-02-26 00:00:00-05:00,13.3100004196167,13.75,13.199999809265137,13.680000305175781,2278600,0.0,0.0
2024-02-27 00:00:00-05:00,13.699999809265137,14.289999961853027,13.680000305175781,14.210000038146973,2795500,0.0,0.0
2024-02-28 00:00:00-05:00,14.0,14.470000267028809,13.890000343322754,14.239999771118164,2440700,0.0,0.0
2024-02-29 00:00:00-05:00,14.34000015258789,14.649999618530273,14.029999732971191,14.270000457763672,2638700,0.0,0.0
2024-03-01 00:00:00-05:00,14.180000305175781,15.09000015258789,13.989999771118164,14.949999809265137,4899500,0.0,0.0
2024-03-04 00:00:00-05:00,14.930000305175781,15.59000015258789,14.829999923706055,15.220000267028809,4367600,0.0,0.0
2024-03-05 00:00:00-05:00,14.949999809265137,15.279999732971191,14.779999732971191,15.0,3152700,0.0,0.0
2024-03-06 00:00:00-05:00,15.220000267028809,15.890000343322754,14.9399995803833,15.260000228881836,3818100,0.0,0.0
2024-03-07 00:00:00-05:00,15.260000228881836,15.510000228881836,15.050000190734863,15.260000228881836,2111900,0.0,0.0
2024-03-08 00:00:00-05:00,15.399999618530273,15.630000114440918,14.520000457763672,14.649999618530273,3169800,0.0,0.0
2024-03-11 00:00:00-04:00,14.640000343322754,14.9399995803833,14.359999656677246,14.430000305175781,2111900,0.0,0.0
2024-03-12 00:00:00-04:00,14.350000381469727,14.84000015258789,14.09000015258789,14.720000267028809,2382600,0.0,0.0
2024-03-13 00:00:00-04:00,14.6899995803833,15.199999809265137,14.619999885559082,14.869999885559082,2898100,0.0,0.0
2024-03-14 00:00:00-04:00,14.800000190734863,15.020000457763672,14.399999618530273,14.630000114440918,2534200,0.0,0.0
2024-03-15 00:00:00-04:00,14.550000190734863,14.829999923706055,14.210000038146973,14.239999771118164,4480700,0.0,0.0
2024-03-18 00:00:00-04:00,14.25,14.300000190734863,13.899999618530273,13.90999984741211,3490800,0.0,0.0
2024-03-19 00:00:00-04:00,13.760000228881836,13.890000343322754,13.300000190734863,13.40999984741211,3894700,0.0,0.0
2024-03-20 00:00:00-04:00,13.470000267028809,13.789999961853027,13.210000038146973,13.479999542236328,3921300,0.0,0.0
2024-03-21 00:00:00-04:00,13.5600004196167,14.020000457763672,13.479999542236328,13.65999984741211,3382800,0.0,0.0
2024-03-22 00:00:00-04:00,13.760000228881836,13.949999809265137,13.010000228881836,13.100000381469727,4411600,0.0,0.0
2024-03-25 00:00:00-04:00,13.420000076293945,15.149999618530273,13.3100004196167,15.119999885559082,10416300,0.0,0.0
2024-03-26 00:00:00-04:00,15.149999618530273,15.630000114440918,14.75,15.5,17245800,0.0,0.0
2024-03-27 00:00:00-04:00,13.050000190734863,13.720000267028809,12.800000190734863,13.170000076293945,17871300,0.0,0.0
2024-03-28 00:00:00-04:00,13.1899995803833,13.1899995803833,12.470000267028809,12.520000457763672,8473500,0.0,0.0
2024-04-01 00:00:00-04:00,12.630000114440918,12.670000076293945,11.550000190734863,11.989999771118164,9207100,0.0,0.0
2024-04-02 00:00:00-04:00,11.84000015258789,11.989999771118164,11.260000228881836,11.279999732971191,6327700,0.0,0.0
2024-04-03 00:00:00-04:00,11.220000267028809,11.5,10.899999618530273,11.380000114440918,4331500,0.0,0.0
2024-04-04 00:00:00-04:00,11.5,11.829999923706055,11.380000114440918,11.529999732971191,4347000,0.0,0.0
2024-04-05 00:00:00-04:00,11.300000190734863,11.5,10.970000267028809,11.25,4760000,0.0,0.0
2024-04-08 00:00:00-04:00,11.300000190734863,11.369999885559082,10.829999923706055,10.829999923706055,3659100,0.0,0.0
2024-04-09 00:00:00-04:00,10.850000381469727,11.180000305175781,10.729999542236328,11.010000228881836,3455500,0.0,0.0
2024-04-10 00:00:00-04:00,10.899999618530273,11.069999694824219,10.75,10.850000381469727,3546200,0.0,0.0
2024-04-11 00:00:00-04:00,10.90999984741211,11.390000343322754,10.800000190734863,11.289999961853027,3802100,0.0,0.0
2024-04-12 00:00:00-04:00,11.210000038146973,11.229999542236328,10.760000228881836,10.770000457763672,3214400,0.0,0.0
2024-04-15 00:00:00-04:00,10.8100004196167,10.84000015258789,10.0600004196167,10.0600004196167,5086300,0.0,0.0
2024-04-16 00:00:00-04:00,10.0,10.550000190734863,9.949999809265137,10.369999885559082,4162100,0.0,0.0
2024-04-17 00:00:00-04:00,10.4399995803833,10.59000015258789,10.300000190734863,10.300000190734863,2096700,0.0,0.0
2024-04-18 00:00:00-04:00,10.319999694824219,10.630000114440918,10.270000457763672,10.3100004196167,2175400,0.0,0.0
2024-04-19 00:00:00-04:00,10.199999809265137,10.5,10.199999809265137,10.420000076293945,2462700,0.0,0.0
2024-04-22 00:00:00-04:00,10.40999984741211,10.449999809265137,10.010000228881836,10.010000228881836,3261000,0.0,0.0
2024-04-23 00:00:00-04:00,10.050000190734863,10.279999732971191,10.010000228881836,10.15999984741211,2511800,0.0,0.0
2024-04-24 00:00:00-04:00,10.15999984741211,10.9399995803833,10.15999984741211,10.930000305175781,4829600,0.0,0.0
2024-04-25 00:00:00-04:00,10.699999809265137,11.210000038146973,10.479999542236328,11.210000038146973,4903800,0.0,0.0
2024-04-26 00:00:00-04:00,11.180000305175781,12.1899995803833,11.0,11.899999618530273,7685100,0.0,0.0
2024-04-29 00:00:00-04:00,11.84000015258789,11.960000038146973,11.180000305175781,11.289999961853027,3821500,0.0,0.0
2024-04-30 00:00:00-04:00,11.180000305175781,11.300000190734863,10.90999984741211,11.09000015258789,2866500,0.0,0.0
2024-05-01 00:00:00-04:00,11.029999732971191,11.319999694824219,10.699999809265137,10.90999984741211,2653200,0.0,0.0
2024-05-02 00:00:00-04:00,11.109999656677246,12.880000114440918,10.960000038146973,12.760000228881836,8654800,0.0,0.0
2024-05-03 00:00:00-04:00,12.420000076293945,17.450000762939453,12.3100004196167,16.469999313354492,36292400,0.0,0.0
2024-05-06 00:00:00-04:00,14.989999771118164,17.399999618530273,13.619999885559082,16.309999465942383,48018700,0.0,0.0
2024-05-07 00:00:00-04:00,15.850000381469727,17.290000915527344,14.930000305175781,16.309999465942383,24308600,0.0,0.0
2024-05-08 00:00:00-04:00,16.049999237060547,17.239999771118164,15.329999923706055,15.920000076293945,24775100,0.0,0.0
2024-05-09 00:00:00-04:00,15.899999618530273,18.510000228881836,15.350000381469727,18.010000228881836,25759300,0.0,0.0
2024-05-10 00:00:00-04:00,17.93000030517578,20.200000762939453,16.8799991607666,17.459999084472656,36831900,0.0,0.0
2024-05-13 00:00:00-04:00,26.34000015258789,38.20000076293945,24.770000457763672,30.450000762939453,187241700,0.0,0.0
2024-05-14 00:00:00-04:00,64.83000183105469,64.83000183105469,36.0,48.75,206979100,0.0,0.0
2024-05-15 00:00:00-04:00,40.310001373291016,42.349998474121094,31.0,39.54999923706055,131790100,0.0,0.0
2024-05-16 00:00:00-04:00,33.97999954223633,35.2400016784668,27.59000015258789,27.670000076293945,76177600,0.0,0.0
2024-05-17 00:00:00-04:00,21.860000610351562,22.40999984741211,19.700000762939453,22.209999084472656,96079600,0.0,0.0
2024-05-20 00:00:00-04:00,21.540000915527344,23.399999618530273,18.940000534057617,23.139999389648438,55261600,0.0,0.0
2024-05-21 00:00:00-04:00,22.239999771118164,22.850000381469727,20.040000915527344,22.1200008392334,49250100,0.0,0.0
2024-05-22 00:00:00-04:00,21.559999465942383,22.25,20.760000228881836,21.1200008392334,43521400,0.0,0.0
2024-05-23 00:00:00-04:00,21.399999618530273,21.399999618530273,18.260000228881836,18.31999969482422,30561100,0.0,0.0
2024-05-24 00:00:00-04:00,18.420000076293945,19.68000030517578,17.700000762939453,19.0,43017100,0.0,0.0
2024-05-28 00:00:00-04:00,23.100000381469727,26.65999984741211,21.149999618530273,23.780000686645508,105077600,0.0,0.0
2024-05-29 00:00:00-04:00,22.0,22.979999542236328,21.049999237060547,21.239999771118164,26921200,0.0,0.0
2024-05-30 00:00:00-04:00,21.020000457763672,22.700000762939453,20.100000381469727,22.610000610351562,24403600,0.0,0.0
2024-05-31 00:00:00-04:00,22.579999923706055,23.719999313354492,21.68000030517578,23.139999389648438,22174300,0.0,0.0
2024-06-03 00:00:00-04:00,40.189998626708984,40.5,26.399999618530273,28.0,165808300,0.0,0.0
2024-06-04 00:00:00-04:00,26.260000228881836,28.010000228881836,25.200000762939453,26.5,51662100,0.0,0.0
2024-06-05 00:00:00-04:00,26.299999237060547,31.84000015258789,26.110000610351562,31.56999969482422,73156400,0.0,0.0
2024-06-06 00:00:00-04:00,31.56999969482422,47.5,31.280000686645508,46.54999923706055,206685800,0.0,0.0
2024-06-07 00:00:00-04:00,37.689998626708984,48.0,26.1200008392334,28.219999313354492,279054400,0.0,0.0
2024-06-10 00:00:00-04:00,28.969999313354492,29.34000015258789,23.059999465942383,24.829999923706055,130842800,0.0,0.0
2024-06-11 00:00:00-04:00,24.399999618530273,30.920000076293945,22.790000915527344,30.489999771118164,146914700,0.0,0.0
2024-06-12 00:00:00-04:00,29.170000076293945,33.70000076293945,24.829999923706055,25.459999084472656,147986700,0.0,0.0
2024-06-13 00:00:00-04:00,26.559999465942383,29.579999923706055,25.559999465942383,29.1200008392334,107306600,0.0,0.0
2024-06-14 00:00:00-04:00,29.229999542236328,30.65999984741211,27.40999984741211,28.700000762939453,82874400,0.0,0.0
2024-06-17 00:00:00-04:00,28.549999237060547,29.18000030517578,23.790000915527344,25.219999313354492,90351900,0.0,0.0
2024-06-18 00:00:00-04:00,24.579999923706055,25.969999313354492,23.610000610351562,24.700000762939453,38079200,0.0,0.0
2024-06-20 00:00:00-04:00,24.25,25.93000030517578,23.649999618530273,25.59000015258789,36029300,0.0,0.0
2024-06-21 00:00:00-04:00,25.239999771118164,25.809999465942383,23.510000228881836,23.93000030517578,27457200,0.0,0.0
2024-06-24 00:00:00-04:00,23.260000228881836,24.829999923706055,23.239999771118164,23.649999618530273,22162900,0.0,0.0
2024-06-25 00:00:00-04:00,23.600000381469727,24.969999313354492,22.549999237060547,24.93000030517578,26898400,0.0,0.0
2024-06-26 00:00:00-04:00,24.600000381469727,25.3799991607666,24.040000915527344,24.200000762939453,17903000,0.0,0.0
2024-06-27 00:00:00-04:00,24.100000381469727,26.690000534057617,24.059999465942383,25.09000015258789,34867000,0.0,0.0
2024-06-28 00:00:00-04:00,25.020000457763672,26.170000076293945,24.309999465942383,24.690000534057617,20212000,0.0,0.0
2024-07-01 00:00:00-04:00,23.350000381469727,23.780000686645508,22.309999465942383,23.329999923706055,30689000,0.0,0.0
2024-07-02 00:00:00-04:00,23.239999771118164,24.31999969482422,23.100000381469727,23.979999542236328,13703500,0.0,0.0
2024-07-03 00:00:00-04:00,24.030000686645508,24.889999389648438,23.649999618530273,24.3700008392334,11829500,0.0,0.0
2024-07-05 00:00:00-04:00,24.18000030517578,25.079999923706055,23.81999969482422,24.18000030517578,11782100,0.0,0.0
2024-07-08 00:00:00-04:00,24.1200008392334,25.139999389648438,23.850000381469727,24.450000762939453,11815500,0.0,0.0
2024-07-09 00:00:00-04:00,24.600000381469727,25.18000030517578,24.0,24.600000381469727,9419800,0.0,0.0
2024-07-10 00:00:00-04:00,25.0,26.450000762939453,24.899999618530273,24.969999313354492,22325400,0.0,0.0
2024-07-11 00:00:00-04:00,25.440000534057617,26.020000457763672,25.020000457763672,25.56999969482422,13032700,0.0,0.0
2024-07-12 00:00:00-04:00,25.760000228881836,26.889999389648438,25.420000076293945,26.049999237060547,16238900,0.0,0.0
2024-07-15 00:00:00-04:00,25.979999542236328,27.200000762939453,25.649999618530273,27.0,17136400,0.0,0.0
2024-07-16 00:00:00-04:00,27.75,28.829999923706055,27.3700008392334,28.540000915527344,25594500,0.0,0.0
2024-07-17 00:00:00-04:00,28.399999618530273,29.790000915527344,27.239999771118164,27.979999542236328,23775000,0.0,0.0
2024-07-18 00:00:00-04:00,27.979999542236328,28.3799991607666,25.610000610351562,25.8799991607666,16969700,0.0,0.0
2024-07-19 00:00:00-04:00,25.549999237060547,26.389999389648438,24.850000381469727,24.969999313354492,12763300,0.0,0.0
2024-07-22 00:00:00-04:00,24.84000015258789,25.979999542236328,24.3799991607666,25.219999313354492,14090400,0.0,0.0
2024-07-23 00:00:00-04:00,25.219999313354492,25.68000030517578,24.889999389648438,25.5,7921700,0.0,0.0
2024-07-24 00:00:00-04:00,25.149999618530273,25.450000762939453,23.93000030517578,24.010000228881836,9549200,0.0,0.0
2024-07-25 00:00:00-04:00,23.59000015258789,24.59000015258789,23.360000610351562,23.950000762939453,8567700,0.0,0.0
2024-07-26 00:00:00-04:00,24.280000686645508,24.770000457763672,24.110000610351562,24.1299991607666,6833900,0.0,0.0
2024-07-29 00:00:00-04:00,24.229999542236328,24.3799991607666,23.540000915527344,23.600000381469727,7250200,0.0,0.0
2024-07-30 00:00:00-04:00,23.600000381469727,23.889999389648438,22.34000015258789,22.399999618530273,9272400,0.0,0.0
2024-07-31 00:00:00-04:00,22.860000610351562,23.450000762939453,22.610000610351562,22.670000076293945,8005800,0.0,0.0
2024-08-01 00:00:00-04:00,22.920000076293945,23.09000015258789,21.559999465942383,21.709999084472656,9334400,0.0,0.0
2024-08-02 00:00:00-04:00,20.950000762939453,21.610000610351562,20.43000030517578,21.06999969482422,9030000,0.0,0.0
2024-08-05 00:00:00-04:00,18.829999923706055,20.799999237060547,18.729999542236328,20.649999618530273,12205900,0.0,0.0
2024-08-06 00:00:00-04:00,21.020000457763672,21.579999923706055,20.260000228881836,21.280000686645508,6505300,0.0,0.0
2024-08-07 00:00:00-04:00,21.149999618530273,21.459999084472656,20.3799991607666,20.829999923706055,6101100,0.0,0.0
2024-08-08 00:00:00-04:00,21.010000228881836,21.8799991607666,20.809999465942383,21.75,5439700,0.0,0.0
2024-08-09 00:00:00-04:00,21.510000228881836,22.170000076293945,21.459999084472656,21.93000030517578,4828900,0.0,0.0
2024-08-12 00:00:00-04:00,21.979999542236328,22.270000457763672,21.450000762939453,21.8799991607666,4449100,0.0,0.0
2024-08-13 00:00:00-04:00,21.959999084472656,22.3799991607666,21.860000610351562,22.270000457763672,3913700,0.0,0.0
2024-08-14 00:00:00-04:00,22.34000015258789,22.729999542236328,21.790000915527344,21.989999771118164,3489400,0.0,0.0
2024-08-15 00:00:00-04:00,22.25,22.84000015258789,21.969999313354492,22.530000686645508,5361400,0.0,0.0
2024-08-16 00:00:00-04:00,22.3700008392334,22.690000534057617,22.239999771118164,22.399999618530273,3641800,0.0,0.0
2024-08-19 00:00:00-04:00,22.350000381469727,23.100000381469727,22.31999969482422,22.65999984741211,4543500,0.0,0.0
2024-08-20 00:00:00-04:00,22.5,22.520000457763672,21.959999084472656,22.280000686645508,3570300,0.0,0.0
2024-08-21 00:00:00-04:00,22.170000076293945,22.649999618530273,22.15999984741211,22.549999237060547,3163200,0.0,0.0
2024-08-22 00:00:00-04:00,22.5,22.760000228881836,22.09000015258789,22.1200008392334,3382500,0.0,0.0
2024-08-23 00:00:00-04:00,22.25,22.6200008392334,22.18000030517578,22.209999084472656,4056700,0.0,0.0
2024-08-26 00:00:00-04:00,22.25,22.389999389648438,21.299999237060547,21.360000610351562,4780500,0.0,0.0
2024-08-27 00:00:00-04:00,21.059999465942383,21.290000915527344,20.65999984741211,20.739999771118164,4118800,0.0,0.0
2024-08-28 00:00:00-04:00,20.709999084472656,21.06999969482422,19.8799991607666,19.899999618530273,5219500,0.0,0.0
2024-08-29 00:00:00-04:00,20.5,22.450000762939453,20.469999313354492,21.510000228881836,10428400,0.0,0.0
2024-08-30 00:00:00-04:00,21.81999969482422,23.479999542236328,21.729999542236328,23.420000076293945,15680700,0.0,0.0
2024-09-03 00:00:00-04:00,24.149999618530273,24.690000534057617,22.81999969482422,23.139999389648438,11350500,0.0,0.0
2024-09-04 00:00:00-04:00,22.850000381469727,23.709999084472656,22.110000610351562,22.1200008392334,6700900,0.0,0.0
2024-09-05 00:00:00-04:00,22.0,22.68000030517578,21.65999984741211,22.389999389648438,5101200,0.0,0.0
2024-09-06 00:00:00-04:00,22.399999618530273,24.479999542236328,21.799999237060547,23.920000076293945,23884000,0.0,0.0
2024-09-09 00:00:00-04:00,23.239999771118164,25.020000457763672,23.15999984741211,24.25,14064700,0.0,0.0
2024-09-10 00:00:00-04:00,24.770000457763672,24.799999237060547,23.1299991607666,23.450000762939453,19175500,0.0,0.0
2024-09-11 00:00:00-04:00,20.81999969482422,21.09000015258789,19.309999465942383,20.639999389648438,28921500,0.0,0.0
2024-09-12 00:00:00-04:00,20.469999313354492,20.709999084472656,19.989999771118164,20.399999618530273,9539500,0.0,0.0
2024-09-13 00:00:00-04:00,20.489999771118164,20.920000076293945,20.34000015258789,20.649999618530273,8053700,0.0,0.0
2024-09-16 00:00:00-04:00,20.450000762939453,20.520000457763672,19.920000076293945,20.09000015258789,5981200,0.0,0.0
2024-09-17 00:00:00-04:00,20.239999771118164,20.559999465942383,19.920000076293945,20.15999984741211,6307600,0.0,0.0
2024-09-18 00:00:00-04:00,20.049999237060547,20.260000228881836,19.420000076293945,19.649999618530273,10728200,0.0,0.0
2024-09-19 00:00:00-04:00,19.889999389648438,20.030000686645508,19.469999313354492,19.510000228881836,8902600,0.0,0.0
2024-09-20 00:00:00-04:00,19.6299991607666,22.030000686645508,19.479999542236328,21.850000381469727,61919200,0.0,0.0
2024-09-23 00:00:00-04:00,21.540000915527344,22.559999465942383,21.229999542236328,22.309999465942383,13969500,0.0,0.0
2024-09-24 00:00:00-04:00,22.610000610351562,22.719999313354492,21.540000915527344,22.6299991607666,12121400,0.0,0.0
2024-09-25 00:00:00-04:00,22.15999984741211,22.829999923706055,22.06999969482422,22.18000030517578,6139700,0.0,0.0
2024-09-26 00:00:00-04:00,22.399999618530273,22.639999389648438,21.8700008392334,22.290000915527344,5777500,0.0,0.0
2024-09-27 00:00:00-04:00,22.389999389648438,23.100000381469727,21.969999313354492,22.479999542236328,7416500,0.0,0.0
2024-09-30 00:00:00-04:00,22.299999237060547,23.639999389648438,22.170000076293945,22.93000030517578,10161700,0.0,0.0
2024-10-01 00:00:00-04:00,22.950000762939453,23.1200008392334,21.809999465942383,21.969999313354492,7189200,0.0,0.0
2024-10-02 00:00:00-04:00,21.860000610351562,22.299999237060547,21.40999984741211,21.489999771118164,5673100,0.0,0.0
2024-10-03 00:00:00-04:00,21.360000610351562,21.790000915527344,21.110000610351562,21.200000762939453,4665800,0.0,0.0
2024-10-04 00:00:00-04:00,21.479999542236328,21.969999313354492,21.290000915527344,21.399999618530273,5286200,0.0,0.0
2024-10-07 00:00:00-04:00,21.350000381469727,21.530000686645508,20.809999465942383,20.899999618530273,5988000,0.0,0.0
2024-10-08 00:00:00-04:00,20.899999618530273,21.270000457763672,20.530000686645508,20.709999084472656,4840500,0.0,0.0
2024-10-09 00:00:00-04:00,20.5,20.739999771118164,20.299999237060547,20.5,3914000,0.0,0.0
2024-10-10 00:00:00-04:00,20.469999313354492,21.049999237060547,20.3799991607666,20.90999984741211,4180800,0.0,0.0
2024-10-11 00:00:00-04:00,20.65999984741211,21.219999313354492,20.65999984741211,20.829999923706055,3931600,0.0,0.0
2024-10-14 00:00:00-04:00,20.75,21.670000076293945,20.459999084472656,21.329999923706055,6636600,0.0,0.0
2024-10-15 00:00:00-04:00,21.450000762939453,21.68000030517578,20.979999542236328,21.270000457763672,4851900,0.0,0.0
2024-10-16 00:00:00-04:00,21.1299991607666,21.75,21.030000686645508,21.65999984741211,4264600,0.0,0.0
2024-10-17 00:00:00-04:00,21.5,21.65999984741211,21.229999542236328,21.40999984741211,3015300,0.0,0.0
2024-10-18 00:00:00-04:00,21.40999984741211,21.610000610351562,20.979999542236328,21.219999313354492,5302200,0.0,0.0
2024-10-21 00:00:00-04:00,21.100000381469727,21.219999313354492,20.65999984741211,20.700000762939453,3956500,0.0,0.0
2024-10-22 00:00:00-04:00,20.6200008392334,20.940000534057617,20.43000030517578,20.93000030517578,3232300,0.0,0.0
2024-10-23 00:00:00-04:00,20.729999542236328,20.979999542236328,20.350000381469727,20.540000915527344,2945000,0.0,0.0
2024-10-24 00:00:00-04:00,20.6299991607666,20.84000015258789,20.479999542236328,20.6299991607666,2682300,0.0,0.0
2024-10-25 00:00:00-04:00,20.649999618530273,21.43000030517578,20.540000915527344,20.56999969482422,5989000,0.0,0.0
2024-10-28 00:00:00-04:00,20.84000015258789,22.770000457763672,20.729999542236328,22.729999542236328,13641200,0.0,0.0
2024-10-29 00:00:00-04:00,22.700000762939453,23.200000762939453,22.09000015258789,22.68000030517578,10078100,0.0,0.0
2024-10-30 00:00:00-04:00,23.399999618530273,24.540000915527344,22.75,23.280000686645508,12383600,0.0,0.0
2024-10-31 00:00:00-04:00,22.829999923706055,23.030000686645508,22.049999237060547,22.18000030517578,5594500,0.0,0.0
2024-11-01 00:00:00-04:00,22.399999618530273,23.049999237060547,22.079999923706055,22.40999984741211,4744500,0.0,0.0
2024-11-04 00:00:00-05:00,22.200000762939453,22.649999618530273,21.8799991607666,22.329999923706055,4300200,0.0,0.0
2024-11-05 00:00:00-05:00,22.31999969482422,23.200000762939453,22.270000457763672,22.989999771118164,5858400,0.0,0.0
2024-11-06 00:00:00-05:00,23.309999465942383,23.81999969482422,22.899999618530273,23.100000381469727,6648000,0.0,0.0
2024-11-07 00:00:00-05:00,23.06999969482422,23.65999984741211,22.809999465942383,23.450000762939453,5554400,0.0,0.0
2024-11-08 00:00:00-05:00,23.440000534057617,25.389999389648438,23.239999771118164,24.8799991607666,15908600,0.0,0.0
2024-11-11 00:00:00-05:00,25.260000228881836,28.049999237060547,24.6299991607666,27.260000228881836,26633000,0.0,0.0
2024-11-12 00:00:00-05:00,26.059999465942383,27.100000381469727,24.950000762939453,26.84000015258789,18972700,0.0,0.0
2024-11-13 00:00:00-05:00,26.260000228881836,28.219999313354492,26.219999313354492,26.459999084472656,18490300,0.0,0.0
2024-11-14 00:00:00-05:00,27.170000076293945,28.280000686645508,26.719999313354492,27.3700008392334,16502000,0.0,0.0
2024-11-15 00:00:00-05:00,28.079999923706055,28.59000015258789,26.31999969482422,26.59000015258789,16451800,0.0,0.0
2024-11-18 00:00:00-05:00,26.649999618530273,27.15999984741211,25.850000381469727,26.440000534057617,8494900,0.0,0.0
2024-11-19 00:00:00-05:00,25.889999389648438,27.600000381469727,25.709999084472656,27.56999969482422,8698600,0.0,0.0
2024-11-20 00:00:00-05:00,27.260000228881836,29.799999237060547,27.260000228881836,28.450000762939453,22089700,0.0,0.0
2024-11-21 00:00:00-05:00,29.09000015258789,29.170000076293945,27.18000030517578,27.81999969482422,10587200,0.0,0.0
2024-11-22 00:00:00-05:00,27.8799991607666,28.459999084472656,27.420000076293945,27.899999618530273,7975700,0.0,0.0
2024-11-25 00:00:00-05:00,28.049999237060547,29.770000457763672,27.959999084472656,29.670000076293945,13090400,0.0,0.0
2024-11-26 00:00:00-05:00,29.399999618530273,32.119998931884766,28.780000686645508,30.329999923706055,24657300,0.0,0.0
2024-11-27 00:00:00-05:00,30.799999237060547,31.549999237060547,30.510000228881836,30.889999389648438,12895100,0.0,0.0
2024-11-29 00:00:00-05:00,31.010000228881836,31.079999923706055,28.850000381469727,29.049999237060547,10473700,0.0,0.0
2024-12-02 00:00:00-05:00,28.959999084472656,29.3700008392334,26.75,27.270000457763672,13576600,0.0,0.0
2024-12-03 00:00:00-05:00,26.549999237060547,27.59000015258789,26.489999771118164,27.440000534057617,6009900,0.0,0.0
2024-12-04 00:00:00-05:00,27.06999969482422,27.829999923706055,26.6299991607666,27.030000686645508,6387500,0.0,0.0
2024-12-05 00:00:00-05:00,27.0,30.8700008392334,26.149999618530273,28.6299991607666,40704900,0.0,0.0
2024-12-06 00:00:00-05:00,29.1200008392334,29.350000381469727,28.110000610351562,29.059999465942383,15161400,0.0,0.0
2024-12-09 00:00:00-05:00,29.0,29.860000610351562,27.739999771118164,27.93000030517578,11495400,0.0,0.0
2024-12-10 00:00:00-05:00,27.8799991607666,28.389999389648438,26.850000381469727,26.93000030517578,18209400,0.0,0.0
2024-12-11 00:00:00-05:00,27.75,30.15999984741211,27.510000228881836,28.969999313354492,20485000,0.0,0.0
2024-12-12 00:00:00-05:00,28.899999618530273,29.65999984741211,28.579999923706055,28.75,8855700,0.0,0.0
2024-12-13 00:00:00-05:00,28.700000762939453,28.860000610351562,27.920000076293945,27.989999771118164,6581600,0.0,0.0
2024-12-16 00:00:00-05:00,27.700000762939453,29.59000015258789,27.270000457763672,29.440000534057617,8700000,0.0,0.0
2024-12-17 00:00:00-05:00,29.639999389648438,31.8799991607666,29.639999389648438,31.260000228881836,19948100,0.0,0.0
2024-12-18 00:00:00-05:00,31.100000381469727,31.700000762939453,28.34000015258789,28.549999237060547,13947300,0.0,0.0
2024-12-19 00:00:00-05:00,29.15999984741211,30.600000381469727,28.81999969482422,29.0,10338200,0.0,0.0
2024-12-20 00:00:00-05:00,28.540000915527344,30.520000457763672,28.309999465942383,29.81999969482422,19606700,0.0,0.0
2024-12-23 00:00:00-05:00,29.81999969482422,31.110000610351562,29.780000686645508,30.899999618530273,8226500,0.0,0.0
2024-12-24 00:00:00-05:00,31.0,31.59000015258789,30.579999923706055,31.139999389648438,5523500,0.0,0.0
2024-12-26 00:00:00-05:00,32.619998931884766,34.369998931884766,31.600000381469727,32.9900016784668,20432900,0.0,0.0
2024-12-27 00:00:00-05:00,32.38999938964844,33.04999923706055,30.729999542236328,32.20000076293945,10141700,0.0,0.0
2024-12-30 00:00:00-05:00,31.799999237060547,32.880001068115234,31.610000610351562,32.0099983215332,9593100,0.0,0.0
2024-12-31 00:00:00-05:00,32.060001373291016,32.439998626708984,31.100000381469727,31.34000015258789,7395300,0.0,0.0
2025-01-02 00:00:00-05:00,31.84000015258789,32.04999923706055,30.3700008392334,30.65999984741211,7979700,0.0,0.0
2025-01-03 00:00:00-05:00,30.799999237060547,32.13999938964844,30.56999969482422,31.649999618530273,7461800,0.0,0.0
2025-01-06 00:00:00-05:00,31.700000762939453,33.4900016784668,30.760000228881836,32.81999969482422,12609400,0.0,0.0
2025-01-07 00:00:00-05:00,32.79999923706055,34.400001525878906,31.709999084472656,33.369998931884766,13360700,0.0,0.0
2025-01-08 00:00:00-05:00,32.970001220703125,33.369998931884766,32.40999984741211,32.959999084472656,6320000,0.0,0.0
2025-01-10 00:00:00-05:00,32.5,32.939998626708984,31.399999618530273,32.310001373291016,7068200,0.0,0.0
2025-01-13 00:00:00-05:00,31.600000381469727,31.799999237060547,30.899999618530273,31.020000457763672,5567000,0.0,0.0
2025-01-14 00:00:00-05:00,31.260000228881836,31.68000030517578,27.559999465942383,27.8799991607666,11796600,0.0,0.0
2025-01-15 00:00:00-05:00,28.899999618530273,29.329999923706055,27.84000015258789,27.959999084472656,6025400,0.0,0.0
2025-01-16 00:00:00-05:00,27.940000534057617,28.139999389648438,27.40999984741211,27.719999313354492,4432000,0.0,0.0
2025-01-17 00:00:00-05:00,27.610000610351562,28.790000915527344,27.020000457763672,27.510000228881836,8977500,0.0,0.0
2025-01-21 00:00:00-05:00,27.399999618530273,27.56999969482422,26.329999923706055,27.469999313354492,5867800,0.0,0.0
2025-01-22 00:00:00-05:00,27.360000610351562,28.020000457763672,27.299999237060547,27.649999618530273,5025400,0.0,0.0
2025-01-23 00:00:00-05:00,27.8799991607666,29.260000228881836,27.68000030517578,28.329999923706055,8828200,0.0,0.0
2025-01-24 00:00:00-05:00,28.299999237060547,28.670000076293945,27.6200008392334,27.770000457763672,4511600,0.0,0.0
2025-01-27 00:00:00-05:00,26.920000076293945,27.68000030517578,26.799999237060547,26.969999313354492,5060300,0.0,0.0
2025-01-28 00:00:00-05:00,27.0,27.59000015258789,26.649999618530273,27.459999084472656,3169900,0.0,0.0
2025-01-29 00:00:00-05:00,27.40999984741211,27.739999771118164,27.059999465942383,27.510000228881836,3220400,0.0,0.0
2025-01-30 00:00:00-05:00,27.84000015258789,28.229999542236328,27.709999084472656,27.989999771118164,3343900,0.0,0.0
2025-01-31 00:00:00-05:00,27.790000915527344,28.18000030517578,26.899999618530273,26.899999618530273,4472100,0.0,0.0
2025-02-03 00:00:00-05:00,25.56999969482422,26.540000915527344,25.5,25.889999389648438,5740500,0.0,0.0
2025-02-04 00:00:00-05:00,25.850000381469727,26.25,25.799999237060547,25.899999618530273,3353700,0.0,0.0
2025-02-05 00:00:00-05:00,25.700000762939453,25.809999465942383,24.899999618530273,24.93000030517578,4580200,0.0,0.0
2025-02-06 00:00:00-05:00,24.93000030517578,25.389999389648438,24.530000686645508,24.799999237060547,4349500,0.0,0.0
2025-02-07 00:00:00-05:00,24.899999618530273,25.020000457763672,24.600000381469727,24.729999542236328,3403300,0.0,0.0
2025-02-10 00:00:00-05:00,25.5,27.270000457763672,25.299999237060547,27.1200008392334,9694700,0.0,0.0
2025-02-11 00:00:00-05:00,26.850000381469727,27.760000228881836,26.469999313354492,26.559999465942383,7042700,0.0,0.0
2025-02-12 00:00:00-05:00,26.1200008392334,26.399999618530273,25.600000381469727,25.989999771118164,3999200,0.0,0.0
2025-02-13 00:00:00-05:00,25.75,26.399999618530273,25.75,26.34000015258789,8255300,0.0,0.0
2025-02-14 00:00:00-05:00,28.899999618530273,28.969999313354492,26.899999618530273,27.0,12142600,0.0,0.0
2025-02-18 00:00:00-05:00,27.030000686645508,27.59000015258789,26.65999984741211,26.969999313354492,5337800,0.0,0.0
2025-02-19 00:00:00-05:00,26.799999237060547,26.959999084472656,25.920000076293945,26.0,4382100,0.0,0.0
2025-02-20 00:00:00-05:00,25.799999237060547,27.450000762939453,25.760000228881836,27.040000915527344,7735200,0.0,0.0
2025-02-21 00:00:00-05:00,27.25,27.579999923706055,26.15999984741211,26.420000076293945,6130900,0.0,0.0
2025-02-24 00:00:00-05:00,26.34000015258789,26.389999389648438,24.950000762939453,25.0,5980000,0.0,0.0
2025-02-25 00:00:00-05:00,24.93000030517578,25.290000915527344,23.829999923706055,24.420000076293945,6551500,0.0,0.0
2025-02-26 00:00:00-05:00,24.540000915527344,25.209999084472656,24.450000762939453,24.610000610351562,3272500,0.0,0.0
2025-02-27 00:00:00-05:00,25.0,25.3700008392334,24.139999389648438,24.479999542236328,4590000,0.0,0.0
2025-02-28 00:00:00-05:00,24.329999923706055,25.100000381469727,24.200000762939453,25.040000915527344,4137100,0.0,0.0
2025-03-03 00:00:00-05:00,25.260000228881836,25.479999542236328,24.18000030517578,24.399999618530273,4291000,0.0,0.0
2025-03-04 00:00:00-05:00,23.770000457763672,24.860000610351562,23.440000534057617,24.299999237060547,5068700,0.0,0.0
2025-03-05 00:00:00-05:00,24.329999923706055,25.15999984741211,24.110000610351562,25.06999969482422,3282500,0.0,0.0
2025-03-06 00:00:00-05:00,24.739999771118164,25.010000228881836,24.049999237060547,24.200000762939453,3421400,0.0,0.0
2025-03-07 00:00:00-05:00,24.0,24.350000381469727,23.520000457763672,24.0,3464000,0.0,0.0
2025-03-10 00:00:00-04:00,23.440000534057617,23.579999923706055,22.260000228881836,22.420000076293945,6226900,0.0,0.0
2025-03-11 00:00:00-04:00,22.350000381469727,22.979999542236328,22.079999923706055,22.610000610351562,4226900,0.0,0.0
2025-03-12 00:00:00-04:00,22.950000762939453,23.239999771118164,21.889999389648438,21.989999771118164,3718200,0.0,0.0
2025-03-13 00:00:00-04:00,22.049999237060547,22.25,21.559999465942383,21.950000762939453,3829800,0.0,0.0
2025-03-14 00:00:00-04:00,22.290000915527344,23.149999618530273,22.290000915527344,23.049999237060547,3960500,0.0,0.0
2025-03-17 00:00:00-04:00,23.239999771118164,23.729999542236328,22.969999313354492,23.5,2899100,0.0,0.0
2025-03-18 00:00:00-04:00,23.290000915527344,23.6200008392334,23.139999389648438,23.299999237060547,2155800,0.0,0.0
2025-03-19 00:00:00-04:00,23.399999618530273,23.989999771118164,23.260000228881836,23.709999084472656,3032300,0.0,0.0
2025-03-20 00:00:00-04:00,23.649999618530273,24.1200008392334,23.510000228881836,23.510000228881836,1998200,0.0,0.0
2025-03-21 00:00:00-04:00,23.75,24.809999465942383,23.649999618530273,24.75,6893900,0.0,0.0
2025-03-24 00:00:00-04:00,25.350000381469727,25.829999923706055,25.149999618530273,25.610000610351562,5036000,0.0,0.0
2025-03-25 00:00:00-04:00,25.700000762939453,25.770000457763672,24.989999771118164,25.399999618530273,10106800,0.0,0.0
2025-03-26 00:00:00-04:00,28.84000015258789,29.799999237060547,27.31999969482422,28.360000610351562,52930500,0.0,0.0
2025-03-27 00:00:00-04:00,25.8700008392334,26.280000686645508,21.15999984741211,22.09000015258789,96733100,0.0,0.0
2025-03-28 00:00:00-04:00,21.889999389648438,22.790000915527344,21.700000762939453,21.729999542236328,44771700,0.0,0.0
2025-03-31 00:00:00-04:00,21.399999618530273,22.6299991607666,20.729999542236328,22.31999969482422,16147900,0.0,0.0
2025-04-01 00:00:00-04:00,22.760000228881836,23.25,21.950000762939453,22.610000610351562,14435300,0.0,0.0
2025-04-02 00:00:00-04:00,22.489999771118164,23.020000457763672,22.25,22.690000534057617,10965100,0.0,0.0
2025-04-03 00:00:00-04:00,21.600000381469727,21.780000686645508,21.079999923706055,21.100000381469727,11141900,0.0,0.0
2025-04-04 00:00:00-04:00,21.420000076293945,23.850000381469727,20.780000686645508,23.489999771118164,20608200,0.0,0.0
2025-04-07 00:00:00-04:00,22.600000381469727,25.020000457763672,22.399999618530273,24.290000915527344,17191900,0.0,0.0
2025-04-08 00:00:00-04:00,24.81999969482422,24.93000030517578,22.969999313354492,23.389999389648438,12062300,0.0,0.0
2025-04-09 00:00:00-04:00,23.030000686645508,25.459999084472656,23.030000686645508,25.399999618530273,17695900,0.0,0.0
2025-04-10 00:00:00-04:00,25.0,26.200000762939453,24.40999984741211,25.020000457763672,11545400,0.0,0.0
2025-04-11 00:00:00-04:00,25.5,26.440000534057617,25.25,26.399999618530273,10984100,0.0,0.0
2025-04-14 00:00:00-04:00,26.65999984741211,27.18000030517578,25.68000030517578,26.979999542236328,10628400,0.0,0.0
2025-04-15 00:00:00-04:00,26.8799991607666,27.3799991607666,26.6200008392334,26.700000762939453,6738100,0.0,0.0
2025-04-16 00:00:00-04:00,26.450000762939453,26.65999984741211,25.719999313354492,26.25,6292800,0.0,0.0
2025-04-17 00:00:00-04:00,26.209999084472656,27.190000534057617,26.170000076293945,26.780000686645508,7434800,0.0,0.0
2025-04-21 00:00:00-04:00,26.709999084472656,27.040000915527344,25.790000915527344,26.770000457763672,7690000,0.0,0.0
2025-04-22 00:00:00-04:00,26.989999771118164,27.940000534057617,26.8799991607666,27.799999237060547,11065900,0.0,0.0
2025-04-23 00:00:00-04:00,28.200000762939453,28.25,26.959999084472656,27.1200008392334,8862700,0.0,0.0
2025-04-24 00:00:00-04:00,27.100000381469727,27.579999923706055,26.84000015258789,27.079999923706055,6212100,0.0,0.0
2025-04-25 00:00:00-04:00,27.1299991607666,27.799999237060547,27.1299991607666,27.459999084472656,5853400,0.0,0.0
2025-04-28 00:00:00-04:00,27.399999618530273,27.59000015258789,26.979999542236328,27.59000015258789,6819300,0.0,0.0
2025-04-29 00:00:00-04:00,27.450000762939453,27.940000534057617,27.260000228881836,27.260000228881836,5394400,0.0,0.0
2025-04-30 00:00:00-04:00,26.899999618530273,27.93000030517578,26.790000915527344,27.860000610351562,6578100,0.0,0.0
2025-05-01 00:00:00-04:00,27.979999542236328,28.350000381469727,27.420000076293945,27.43000030517578,5693500,0.0,0.0
2025-05-02 00:00:00-04:00,27.700000762939453,27.920000076293945,27.149999618530273,27.479999542236328,5579900,0.0,0.0
2025-05-05 00:00:00-04:00,27.329999923706055,27.40999984741211,26.350000381469727,26.600000381469727,7132400,0.0,0.0
2025-05-06 00:00:00-04:00,26.440000534057617,26.5,25.670000076293945,26.040000915527344,5883800,0.0,0.0
2025-05-07 00:00:00-04:00,26.190000534057617,26.34000015258789,25.8799991607666,26.010000228881836,4364300,0.0,0.0
2025-05-08 00:00:00-04:00,26.299999237060547,26.989999771118164,26.18000030517578,26.780000686645508,6521700,0.0,0.0
2025-05-09 00:00:00-04:00,26.780000686645508,27.729999542236328,26.760000228881836,27.540000915527344,7795200,0.0,0.0
2025-05-12 00:00:00-04:00,28.059999465942383,28.18000030517578,27.290000915527344,28.049999237060547,7395200,0.0,0.0
2025-05-13 00:00:00-04:00,28.049999237060547,28.860000610351562,28.049999237060547,28.389999389648438,10365300,0.0,0.0
2025-05-14 00:00:00-04:00,28.479999542236328,29.389999389648438,28.299999237060547,28.729999542236328,14552300,0.0,0.0
2025-05-15 00:00:00-04:00,28.579999923706055,28.639999389648438,27.420000076293945,28.6299991607666,9364400,0.0,0.0
2025-05-16 00:00:00-04:00,28.610000610351562,29.059999465942383,28.299999237060547,28.450000762939453,6504400,0.0,0.0
2025-05-19 00:00:00-04:00,27.75,28.200000762939453,27.690000534057617,27.889999389648438,4223500,0.0,0.0
2025-05-20 00:00:00-04:00,27.889999389648438,28.780000686645508,27.850000381469727,28.510000228881836,4795100,0.0,0.0
2025-05-21 00:00:00-04:00,28.399999618530273,29.190000534057617,28.020000457763672,28.049999237060547,8762000,0.0,0.0
2025-05-22 00:00:00-04:00,28.549999237060547,31.0,28.489999771118164,30.860000610351562,21451000,0.0,0.0
2025-05-23 00:00:00-04:00,30.600000381469727,33.209999084472656,30.549999237060547,33.029998779296875,30477600,0.0,0.0
2025-05-27 00:00:00-04:00,33.970001220703125,35.7400016784668,33.630001068115234,35.0099983215332,33217800,0.0,0.0
2025-05-28 00:00:00-04:00,35.779998779296875,35.810001373291016,30.729999542236328,31.209999084472656,45300400,0.0,0.0
2025-05-29 00:00:00-04:00,31.170000076293945,31.350000381469727,29.31999969482422,29.56999969482422,15819000,0.0,0.0
2025-05-30 00:00:00-04:00,29.200000762939453,30.489999771118164,29.190000534057617,29.799999237060547,10227800,0.0,0.0
2025-06-02 00:00:00-04:00,29.8700008392334,30.8799991607666,29.729999542236328,30.639999389648438,7430700,0.0,0.0
2025-06-03 00:00:00-04:00,30.809999465942383,31.049999237060547,30.020000457763672,30.100000381469727,6086500,0.0,0.0
2025-06-04 00:00:00-04:00,29.899999618530273,30.969999313354492,29.34000015258789,29.950000762939453,7314000,0.0,0.0
2025-06-05 00:00:00-04:00,29.809999465942383,30.610000610351562,29.229999542236328,29.450000762939453,6322800,0.0,0.0
2025-06-06 00:00:00-04:00,29.68000030517578,30.0,29.520000457763672,29.579999923706055,4379300,0.0,0.0
2025-06-09 00:00:00-04:00,29.920000076293945,30.489999771118164,29.450000762939453,30.34000015258789,5836200,0.0,0.0
2025-06-10 00:00:00-04:00,30.540000915527344,30.600000381469727,29.65999984741211,30.149999618530273,11974400,0.0,0.0
2025-06-11 00:00:00-04:00,29.020000457763672,29.40999984741211,28.420000076293945,28.549999237060547,18039200,0.0,0.0
2025-06-12 00:00:00-04:00,23.56999969482422,24.299999237060547,21.540000915527344,22.139999389648438,172324500,0.0,0.0
2025-06-13 00:00:00-04:00,22.18000030517578,23.149999618530273,22.100000381469727,22.139999389648438,59849900,0.0,0.0
2025-06-16 00:00:00-04:00,22.770000457763672,23.459999084472656,22.40999984741211,23.31999969482422,31522700,0.0,0.0
2025-06-17 00:00:00-04:00,23.0,23.780000686645508,22.790000915527344,22.989999771118164,24797600,0.0,0.0
2025-06-18 00:00:00-04:00,23.06999969482422,23.950000762939453,22.93000030517578,23.440000534057617,14712100,0.0,0.0
2025-06-20 00:00:00-04:00,23.520000457763672,23.729999542236328,23.1299991607666,23.459999084472656,19994200,0.0,0.0
2025-06-23 00:00:00-04:00,23.030000686645508,23.329999923706055,22.450000762939453,22.81999969482422,12120500,0.0,0.0
2025-06-24 00:00:00-04:00,23.030000686645508,23.329999923706055,22.850000381469727,23.290000915527344,11660200,0.0,0.0
2025-06-25 00:00:00-04:00,23.3799991607666,23.690000534057617,23.049999237060547,23.549999237060547,9840700,0.0,0.0
2025-06-26 00:00:00-04:00,23.399999618530273,24.059999465942383,23.299999237060547,23.8799991607666,8778000,0.0,0.0
2025-06-27 00:00:00-04:00,23.989999771118164,24.260000228881836,23.459999084472656,23.59000015258789,11638200,0.0,0.0
2025-06-30 00:00:00-04:00,23.639999389648438,24.399999618530273,23.540000915527344,24.389999389648438,10439300,0.0,0.0
2025-07-01 00:00:00-04:00,24.149999618530273,24.5,23.68000030517578,23.68000030517578,8308000,0.0,0.0
2025-07-02 00:00:00-04:00,23.899999618530273,24.100000381469727,23.75,23.950000762939453,6428600,0.0,0.0
2025-07-03 00:00:00-04:00,23.850000381469727,24.15999984741211,23.489999771118164,23.59000015258789,5566300,0.0,0.0
2025-07-07 00:00:00-04:00,23.479999542236328,23.479999542236328,22.530000686645508,22.6200008392334,12873500,0.0,0.0
2025-07-08 00:00:00-04:00,22.709999084472656,22.950000762939453,22.579999923706055,22.75,7863600,0.0,0.0
2025-07-09 00:00:00-04:00,22.8799991607666,23.600000381469727,22.530000686645508,23.190000534057617,14641400,0.0,0.0
2025-07-10 00:00:00-04:00,23.040000915527344,23.329999923706055,23.010000228881836,23.100000381469727,5991000,0.0,0.0
2025-07-11 00:00:00-04:00,23.1299991607666,24.049999237060547,23.1299991607666,23.329999923706055,11454100,0.0,0.0
2025-07-14 00:00:00-04:00,23.440000534057617,23.84000015258789,23.389999389648438,23.700000762939453,7769600,0.0,0.0
2025-07-15 00:00:00-04:00,23.65999984741211,23.68000030517578,23.170000076293945,23.219999313354492,7321600,0.0,0.0
2025-07-16 00:00:00-04:00,23.399999618530273,23.850000381469727,23.309999465942383,23.68000030517578,7738300,0.0,0.0
2025-07-17 00:00:00-04:00,23.540000915527344,23.719999313354492,23.3799991607666,23.399999618530273,7307200,0.0,0.0
2025-07-18 00:00:00-04:00,23.459999084472656,23.510000228881836,23.1299991607666,23.280000686645508,6628400,0.0,0.0
2025-07-21 00:00:00-04:00,23.280000686645508,24.43000030517578,23.049999237060547,24.200000762939453,17718400,0.0,0.0
2025-07-22 00:00:00-04:00,24.139999389648438,24.84000015258789,23.530000686645508,24.260000228881836,12006300,0.0,0.0
2025-07-23 00:00:00-04:00,24.459999084472656,24.75,23.809999465942383,23.959999084472656,8305100,0.0,0.0
2025-07-24 00:00:00-04:00,23.889999389648438,23.940000534057617,23.459999084472656,23.530000686645508,6338100,0.0,0.0
2025-07-25 00:00:00-04:00,23.510000228881836,23.600000381469727,23.25,23.329999923706055,7090600,0.0,0.0
2025-07-28 00:00:00-04:00,23.350000381469727,23.559999465942383,22.950000762939453,22.979999542236328,11481900,0.0,0.0
2025-07-29 00:00:00-04:00,23.010000228881836,23.040000915527344,22.530000686645508,22.549999237060547,6078800,0.0,0.0
2025-07-30 00:00:00-04:00,22.59000015258789,22.790000915527344,22.270000457763672,22.450000762939453,7956600,0.0,0.0
2025-07-31 00:00:00-04:00,22.350000381469727,23.34000015258789,22.299999237060547,22.450000762939453,13749900,0.0,0.0
2025-08-01 00:00:00-04:00,22.31999969482422,22.610000610351562,21.920000076293945,22.100000381469727,7878400,0.0,0.0
2025-08-04 00:00:00-04:00,22.25,22.670000076293945,22.06999969482422,22.6299991607666,5059400,0.0,0.0
2025-08-05 00:00:00-04:00,22.5,23.049999237060547,22.459999084472656,22.809999465942383,4981400,0.0,0.0
2025-08-06 00:00:00-04:00,22.81999969482422,22.860000610351562,22.420000076293945,22.809999465942383,4825000,0.0,0.0
2025-08-07 00:00:00-04:00,22.799999237060547,23.1299991607666,22.489999771118164,22.649999618530273,4456300,0.0,0.0
2025-08-08 00:00:00-04:00,22.6299991607666,22.829999923706055,22.219999313354492,22.270000457763672,4833100,0.0,0.0
2025-08-11 00:00:00-04:00,22.290000915527344,22.809999465942383,22.290000915527344,22.40999984741211,5212500,0.0,0.0
2025-08-12 00:00:00-04:00,22.5,22.950000762939453,22.469999313354492,22.93000030517578,4854200,0.0,0.0
2025-08-13 00:00:00-04:00,22.950000762939453,23.209999084472656,22.809999465942383,23.020000457763672,5349300,0.0,0.0
2025-08-14 00:00:00-04:00,22.84000015258789,22.90999984741211,22.56999969482422,22.889999389648438,4780000,0.0,0.0
2025-08-15 00:00:00-04:00,22.940000534057617,23.020000457763672,22.670000076293945,22.940000534057617,4965600,0.0,0.0
2025-08-18 00:00:00-04:00,22.940000534057617,23.170000076293945,22.899999618530273,23.110000610351562,5107100,0.0,0.0
2025-08-19 00:00:00-04:00,23.100000381469727,23.18000030517578,22.700000762939453,22.81999969482422,5532800,0.0,0.0
2025-08-20 00:00:00-04:00,22.719999313354492,22.770000457763672,22.3700008392334,22.6299991607666,4388700,0.0,0.0
2025-08-21 00:00:00-04:00,22.600000381469727,22.6200008392334,22.3799991607666,22.559999465942383,4090600,0.0,0.0
2025-08-22 00:00:00-04:00,22.649999618530273,23.030000686645508,22.6200008392334,22.889999389648438,5551400,0.0,0.0
2025-08-25 00:00:00-04:00,22.860000610351562,22.899999618530273,22.559999465942383,22.68000030517578,3801000,0.0,0.0
2025-08-26 00:00:00-04:00,22.670000076293945,22.799999237060547,22.270000457763672,22.299999237060547,7867600,0.0,0.0
2025-08-27 00:00:00-04:00,22.459999084472656,22.579999923706055,22.270000457763672,22.5,6892000,0.0,0.0
2025-08-28 00:00:00-04:00,22.559999465942383,22.899999618530273,22.3700008392334,22.790000915527344,6482300,0.0,0.0
2025-08-29 00:00:00-04:00,22.719999313354492,22.81999969482422,22.40999984741211,22.40999984741211,5371500,0.0,0.0
2025-09-02 00:00:00-04:00,22.360000610351562,23.40999984741211,22.18000030517578,23.40999984741211,9567000,0.0,0.0
2025-09-03 00:00:00-04:00,23.510000228881836,23.729999542236328,22.68000030517578,22.8799991607666,9771400,0.0,0.0
2025-09-04 00:00:00-04:00,22.760000228881836,22.850000381469727,22.3700008392334,22.3700008392334,5531800,0.0,0.0
2025-09-05 00:00:00-04:00,22.600000381469727,22.790000915527344,22.280000686645508,22.610000610351562,11183300,0.0,0.0
2025-09-08 00:00:00-04:00,22.65999984741211,23.469999313354492,22.559999465942383,23.219999313354492,10151200,0.0,0.0
2025-09-09 00:00:00-04:00,23.100000381469727,23.6299991607666,22.940000534057617,23.59000015258789,18374400,0.0,0.0
2025-09-10 00:00:00-04:00,25.209999084472656,25.43000030517578,24.040000915527344,24.3700008392334,46254000,0.0,0.0
2025-09-11 00:00:00-04:00,24.0,24.850000381469727,23.889999389648438,24.850000381469727,12512600,0.0,0.0
2025-09-12 00:00:00-04:00,24.889999389648438,25.139999389648438,24.75,24.93000030517578,9320100,0.0,0.0
2025-09-15 00:00:00-04:00,25.0,25.809999465942383,24.989999771118164,25.530000686645508,9604000,0.0,0.0
2025-09-16 00:00:00-04:00,25.690000534057617,26.420000076293945,25.610000610351562,26.34000015258789,9830000,0.0,0.0
2025-09-17 00:00:00-04:00,26.350000381469727,26.469999313354492,25.579999923706055,26.100000381469727,7897100,0.0,0.0
2025-09-18 00:00:00-04:00,26.209999084472656,26.420000076293945,25.84000015258789,25.8799991607666,7806200,0.0,0.0
2025-09-19 00:00:00-04:00,25.829999923706055,26.389999389648438,25.790000915527344,26.079999923706055,9567600,0.0,0.0
2025-09-22 00:00:00-04:00,26.0,27.34000015258789,25.969999313354492,26.780000686645508,11263600,0.0,0.0
2025-09-23 00:00:00-04:00,26.90999984741211,27.239999771118164,26.59000015258789,26.799999237060547,7064000,0.0,0.0
2025-09-24 00:00:00-04:00,26.829999923706055,27.049999237060547,26.219999313354492,26.25,5508800,0.0,0.0
2025-09-25 00:00:00-04:00,25.93000030517578,26.34000015258789,25.270000457763672,25.270000457763672,8210500,0.0,0.0
2025-09-26 00:00:00-04:00,25.530000686645508,26.799999237060547,25.440000534057617,26.420000076293945,8048300,0.0,0.0
2025-09-29 00:00:00-04:00,27.200000762939453,27.209999084472656,26.790000915527344,27.209999084472656,7979000,0.0,0.0
2025-09-30 00:00:00-04:00,27.209999084472656,27.34000015258789,26.799999237060547,27.280000686645508,5392800,0.0,0.0
2025-10-01 00:00:00-04:00,27.25,27.790000915527344,27.18000030517578,27.690000534057617,8187100,0.0,0.0
2025-10-02 00:00:00-04:00,28.0,28.100000381469727,26.719999313354492,27.219999313354492,14526000,0.0,0.0
2025-10-03 00:00:00-04:00,26.360000610351562,26.989999771118164,25.15999984741211,25.3799991607666,11615900,0.0,0.0
2025-10-06 00:00:00-04:00,25.549999237060547,25.829999923706055,25.010000228881836,25.049999237060547,11543400,0.0,0.0
2025-10-07 00:00:00-04:00,25.049999237060547,25.239999771118164,24.309999465942383,24.350000381469727,10779900,0.0,0.0
2025-10-08 00:00:00-04:00,24.3799991607666,25.049999237060547,24.1299991607666,24.40999984741211,7183800,0.0,0.0
2025-10-09 00:00:00-04:00,24.579999923706055,24.739999771118164,23.860000610351562,24.06999969482422,11821200,0.0,0.0
2025-10-10 00:00:00-04:00,24.079999923706055,24.200000762939453,23.280000686645508,23.299999237060547,9744300,0.0,0.0
2025-10-13 00:00:00-04:00,23.479999542236328,23.799999237060547,23.110000610351562,23.59000015258789,5772100,0.0,0.0
2025-10-14 00:00:00-04:00,23.1200008392334,23.670000076293945,22.8799991607666,23.209999084472656,4470900,0.0,0.0
2025-10-15 00:00:00-04:00,23.299999237060547,23.65999984741211,23.209999084472656,23.3799991607666,5018100,0.0,0.0
2025-10-16 00:00:00-04:00,23.299999237060547,23.530000686645508,22.860000610351562,22.950000762939453,6549800,0.0,0.0
2025-10-17 00:00:00-04:00,22.950000762939453,23.389999389648438,22.899999618530273,23.06999969482422,6206300,0.0,0.0
2025-10-20 00:00:00-04:00,23.1200008392334,23.389999389648438,23.1200008392334,23.3700008392334,4424400,0.0,0.0
2025-10-21 00:00:00-04:00,23.079999923706055,23.34000015258789,22.799999237060547,22.799999237060547,6387200,0.0,0.0
2025-10-22 00:00:00-04:00,22.690000534057617,23.329999923706055,22.239999771118164,22.489999771118164,11012900,0.0,0.0
2025-10-23 00:00:00-04:00,22.530000686645508,23.829999923706055,22.459999084472656,23.6299991607666,10638000,0.0,0.0
2025-10-24 00:00:00-04:00,23.450000762939453,23.600000381469727,23.219999313354492,23.299999237060547,5771200,0.0,0.0
2025-10-27 00:00:00-04:00,24.5,24.540000915527344,23.440000534057617,23.530000686645508,9428700,0.0,0.0
2025-10-28 00:00:00-04:00,23.520000457763672,23.6299991607666,23.219999313354492,23.299999237060547,7984100,0.0,0.0
2025-10-29 00:00:00-04:00,23.34000015258789,23.420000076293945,22.8799991607666,23.3799991607666,5696900,0.0,0.0
2025-10-30 00:00:00-04:00,23.170000076293945,23.270000457763672,22.559999465942383,22.579999923706055,6438400,0.0,0.0
2025-10-31 00:00:00-04:00,22.780000686645508,22.799999237060547,22.290000915527344,22.290000915527344,4990700,0.0,0.0
2025-11-03 00:00:00-05:00,22.25,22.420000076293945,21.959999084472656,22.110000610351562,6276100,0.0,0.0
2025-11-04 00:00:00-05:00,21.8700008392334,22.270000457763672,21.579999923706055,21.979999542236328,5155900,0.0,0.0
2025-11-05 00:00:00-05:00,21.979999542236328,22.34000015258789,21.889999389648438,22.010000228881836,3885600,0.0,0.0
2025-11-06 00:00:00-05:00,21.959999084472656,22.020000457763672,21.350000381469727,21.350000381469727,5718100,0.0,0.0
2025-11-07 00:00:00-05:00,21.100000381469727,21.739999771118164,20.950000762939453,21.5,6533300,0.0,0.0
2025-11-10 00:00:00-05:00,21.670000076293945,21.809999465942383,21.299999237060547,21.489999771118164,4724900,0.0,0.0
2025-11-11 00:00:00-05:00,21.420000076293945,21.6200008392334,21.229999542236328,21.450000762939453,2856300,0.0,0.0
2025-11-12 00:00:00-05:00,21.459999084472656,21.739999771118164,21.260000228881836,21.360000610351562,4341300,0.0,0.0
2025-11-13 00:00:00-05:00,21.280000686645508,21.329999923706055,20.8799991607666,20.959999084472656,7415400,0.0,0.0
2025-11-14 00:00:00-05:00,20.649999618530273,20.989999771118164,20.40999984741211,20.65999984741211,5887600,0.0,0.0
2025-11-17 00:00:00-05:00,20.56999969482422,20.84000015258789,20.270000457763672,20.5,4968200,0.0,0.0
2025-11-18 00:00:00-05:00,20.389999389648438,20.670000076293945,20.18000030517578,20.5,3733300,0.0,0.0
2025-11-19 00:00:00-05:00,20.399999618530273,20.510000228881836,20.110000610351562,20.420000076293945,5194300,0.0,0.0
2025-11-20 00:00:00-05:00,20.549999237060547,20.690000534057617,19.93000030517578,19.940000534057617,6028900,0.0,0.0
2025-11-21 00:00:00-05:00,19.950000762939453,20.6299991607666,19.940000534057617,20.139999389648438,5514100,0.0,0.0
2025-11-24 00:00:00-05:00,20.190000534057617,20.559999465942383,20.1200008392334,20.489999771118164,5577600,0.0,0.0
2025-11-25 00:00:00-05:00,20.489999771118164,21.360000610351562,20.309999465942383,21.059999465942383,4794900,0.0,0.0
2025-11-26 00:00:00-05:00,21.18000030517578,21.829999923706055,21.110000610351562,21.6299991607666,4644200,0.0,0.0
2025-11-28 00:00:00-05:00,22.280000686645508,22.75,22.040000915527344,22.530000686645508,8789300,0.0,0.0
2025-12-01 00:00:00-05:00,22.149999618530273,23.06999969482422,22.110000610351562,22.790000915527344,7895900,0.0,0.0
2025-12-02 00:00:00-05:00,22.799999237060547,23.3700008392334,22.479999542236328,22.809999465942383,8105100,0.0,0.0
2025-12-03 00:00:00-05:00,22.90999984741211,23.280000686645508,22.719999313354492,23.209999084472656,11079700,0.0,0.0
2025-12-04 00:00:00-05:00,23.260000228881836,23.469999313354492,22.649999618530273,22.950000762939453,7195800,0.0,0.0
2025-12-05 00:00:00-05:00,23.0,23.06999969482422,22.530000686645508,23.0,5688200,0.0,0.0
2025-12-08 00:00:00-05:00,23.030000686645508,23.549999237060547,23.020000457763672,23.350000381469727,5318900,0.0,0.0
2025-12-09 00:00:00-05:00,23.25,24.0,23.100000381469727,23.110000610351562,9159100,0.0,0.0
2025-12-10 00:00:00-05:00,21.56999969482422,22.469999313354492,21.5,22.1200008392334,11543800,0.0,0.0
2025-12-11 00:00:00-05:00,22.020000457763672,22.18000030517578,21.530000686645508,21.860000610351562,4645600,0.0,0.0
2025-12-12 00:00:00-05:00,21.889999389648438,21.969999313354492,21.09000015258789,21.229999542236328,5365900,0.0,0.0
2025-12-15 00:00:00-05:00,21.360000610351562,22.579999923706055,21.079999923706055,22.09000015258789,8010600,0.0,0.0
2025-12-16 00:00:00-05:00,22.15999984741211,22.34000015258789,21.799999237060547,22.280000686645508,3922900,0.0,0.0
2025-12-17 00:00:00-05:00,22.290000915527344,23.170000076293945,22.270000457763672,23.030000686645508,6132200,0.0,0.0
2025-12-18 00:00:00-05:00,22.959999084472656,23.100000381469727,22.530000686645508,22.559999465942383,4589300,0.0,0.0
2025-12-19 00:00:00-05:00,22.579999923706055,22.639999389648438,22.280000686645508,22.510000228881836,7379300,0.0,0.0
2025-12-22 00:00:00-05:00,22.520000457763672,22.780000686645508,21.700000762939453,21.739999771118164,6481100,0.0,0.0
2025-12-23 00:00:00-05:00,21.65999984741211,21.68000030517578,21.1299991607666,21.3799991607666,4384500,0.0,0.0
2025-12-24 00:00:00-05:00,21.229999542236328,21.56999969482422,21.229999542236328,21.530000686645508,1781000,0.0,0.0
2025-12-26 00:00:00-05:00,21.5,21.5,20.959999084472656,21.09000015258789,3820400,0.0,0.0
2025-12-29 00:00:00-05:00,21.040000915527344,21.290000915527344,20.459999084472656,20.530000686645508,6005600,0.0,0.0
2025-12-30 00:00:00-05:00,20.530000686645508,20.700000762939453,20.350000381469727,20.5,4569500,0.0,0.0
2025-12-31 00:00:00-05:00,20.450000762939453,20.489999771118164,19.989999771118164,20.079999923706055,6422300,0.0,0.0
2026-01-02 00:00:00-05:00,20.260000228881836,20.8700008392334,20.15999984741211,20.6200008392334,4551700,0.0,0.0
2026-01-05 00:00:00-05:00,20.649999618530273,20.829999923706055,20.329999923706055,20.719999313354492,7673700,0.0,0.0
2026-01-06 00:00:00-05:00,20.6299991607666,20.90999984741211,20.56999969482422,20.65999984741211,3405000,0.0,0.0
2026-01-07 00:00:00-05:00,21.649999618530273,22.020000457763672,21.190000534057617,21.290000915527344,10674100,0.0,0.0
2026-01-08 00:00:00-05:00,21.200000762939453,21.440000534057617,21.09000015258789,21.420000076293945,4131800,0.0,0.0
2026-01-09 00:00:00-05:00,21.280000686645508,21.729999542236328,21.049999237060547,21.229999542236328,5034900,0.0,0.0
2026-01-12 00:00:00-05:00,21.079999923706055,21.309999465942383,20.920000076293945,20.979999542236328,3563700,0.0,0.0
2026-01-13 00:00:00-05:00,20.989999771118164,21.209999084472656,20.84000015258789,21.020000457763672,4121100,0.0,0.0
2026-01-14 00:00:00-05:00,21.0,21.079999923706055,20.790000915527344,21.020000457763672,4112800,0.0,0.0
2026-01-15 00:00:00-05:00,20.969999313354492,21.420000076293945,20.8799991607666,21.360000610351562,4995400,0.0,0.0
2026-01-16 00:00:00-05:00,21.329999923706055,21.469999313354492,21.059999465942383,21.100000381469727,3731500,0.0,0.0
2026-01-20 00:00:00-05:00,20.799999237060547,21.25,20.690000534057617,21.100000381469727,6826500,0.0,0.0
2026-01-21 00:00:00-05:00,21.670000076293945,21.93000030517578,21.360000610351562,21.690000534057617,8366900,0.0,0.0
2026-01-22 00:00:00-05:00,22.399999618530273,23.5,22.170000076293945,23.139999389648438,15763000,0.0,0.0
2026-01-23 00:00:00-05:00,23.139999389648438,23.170000076293945,22.270000457763672,22.989999771118164,10347500,0.0,0.0
2026-01-26 00:00:00-05:00,23.459999084472656,25.010000228881836,22.950000762939453,24.010000228881836,37432200,0.0,0.0
2026-01-27 00:00:00-05:00,24.0,24.5,23.239999771118164,24.209999084472656,16600900,0.0,0.0
2026-01-28 00:00:00-05:00,24.229999542236328,24.25,23.3700008392334,23.639999389648438,8514500,0.0,0.0
2026-01-29 00:00:00-05:00,23.5,23.600000381469727,22.700000762939453,22.809999465942383,7555100,0.0,0.0
2026-01-30 00:00:00-05:00,23.290000915527344,24.010000228881836,23.290000915527344,23.8799991607666,16706700,0.0,0.0
2026-02-02 00:00:00-05:00,24.3799991607666,25.93000030517578,24.049999237060547,25.850000381469727,24507600,0.0,0.0
2026-02-03 00:00:00-05:00,25.15999984741211,25.299999237060547,23.84000015258789,24.520000457763672,15876400,0.0,0.0
2026-02-04 00:00:00-05:00,24.479999542236328,25.15999984741211,24.049999237060547,24.979999542236328,9779700,0.0,0.0
2026-02-05 00:00:00-05:00,24.75,25.5,24.549999237060547,24.690000534057617,10155500,0.0,0.0
2026-02-06 00:00:00-05:00,24.799999237060547,25.399999618530273,24.440000534057617,24.979999542236328,10022600,0.0,0.0
2026-02-09 00:00:00-05:00,24.889999389648438,24.969999313354492,24.200000762939453,24.639999389648438,5328400,0.0,0.0
2026-02-10 00:00:00-05:00,24.510000228881836,25.209999084472656,24.020000457763672,24.81999969482422,5797500,0.0,0.0
2026-02-11 00:00:00-05:00,24.809999465942383,24.829999923706055,24.040000915527344,24.209999084472656,4755900,0.0,0.0
2026-02-12 00:00:00-05:00,24.209999084472656,24.3700008392334,23.360000610351562,23.520000457763672,6684500,0.0,0.0
2026-02-13 00:00:00-05:00,23.610000610351562,24.09000015258789,23.440000534057617,23.56999969482422,6331600,0.0,0.0
2026-02-17 00:00:00-05:00,23.549999237060547,23.81999969482422,23.229999542236328,23.260000228881836,4338300,0.0,0.0
2026-02-18 00:00:00-05:00,23.25,24.040000915527344,23.09000015258789,23.8700008392334,5007800,0.0,0.0
2026-02-19 00:00:00-05:00,23.770000457763672,24.09000015258789,23.579999923706055,23.899999618530273,3626300,0.0,0.0
2026-02-20 00:00:00-05:00,23.559999465942383,23.809999465942383,23.399999618530273,23.43000030517578,4169400,0.0,0.0
2026-02-23 00:00:00-05:00,23.239999771118164,23.700000762939453,22.790000915527344,23.639999389648438,5669400,0.0,0.0
2026-02-24 00:00:00-05:00,23.690000534057617,24.34000015258789,23.549999237060547,23.770000457763672,5466700,0.0,0.0
2026-02-25 00:00:00-05:00,23.850000381469727,24.309999465942383,23.700000762939453,24.219999313354492,4568100,0.0,0.0
2026-02-26 00:00:00-05:00,24.209999084472656,24.530000686645508,23.719999313354492,24.100000381469727,5070500,0.0,0.0
2026-02-27 00:00:00-05:00,23.790000915527344,24.219999313354492,23.700000762939453,24.030000686645508,4338000,0.0,0.0
2026-03-02 00:00:00-05:00,23.540000915527344,24.209999084472656,23.399999618530273,24.200000762939453,4620600,0.0,0.0
2026-03-03 00:00:00-05:00,23.780000686645508,24.170000076293945,23.450000762939453,23.81999969482422,4124000,0.0,0.0
2026-03-04 00:00:00-05:00,23.950000762939453,24.200000762939453,23.770000457763672,23.8700008392334,3485600,0.0,0.0
2026-03-05 00:00:00-05:00,23.799999237060547,24.229999542236328,23.530000686645508,23.8799991607666,5288100,0.0,0.0
2026-03-06 00:00:00-05:00,23.729999542236328,24.389999389648438,23.6200008392334,24.3700008392334,5825300,0.0,0.0
2026-03-09 00:00:00-04:00,24.0,24.969999313354492,23.93000030517578,24.799999237060547,7210900,0.0,0.0
2026-03-10 00:00:00-04:00,24.520000457763672,25.0,24.329999923706055,24.3700008392334,5144400,0.0,0.0
2026-03-11 00:00:00-04:00,24.290000915527344,24.68000030517578,23.959999084472656,24.459999084472656,5152600,0.0,0.0
2026-03-12 00:00:00-04:00,24.399999618530273,24.639999389648438,24.110000610351562,24.43000030517578,5201800,0.0,0.0
2026-03-13 00:00:00-04:00,24.299999237060547,24.739999771118164,23.5,23.530000686645508,6399400,0.0,0.0
2026-03-16 00:00:00-04:00,23.670000076293945,23.81999969482422,23.260000228881836,23.280000686645508,6134900,0.0,0.0
2026-03-17 00:00:00-04:00,23.299999237060547,23.799999237060547,23.280000686645508,23.59000015258789,3078400,0.0,0.0
2026-03-18 00:00:00-04:00,23.520000457763672,23.649999618530273,23.290000915527344,23.360000610351562,3075900,0.0,0.0
2026-03-19 00:00:00-04:00,22.950000762939453,23.350000381469727,22.719999313354492,23.229999542236328,5194500,0.0,0.0
2026-03-20 00:00:00-04:00,23.100000381469727,23.18000030517578,22.360000610351562,22.56999969482422,7088100,0.0,0.0
2026-03-23 00:00:00-04:00,22.700000762939453,23.149999618530273,22.559999465942383,23.030000686645508,5227300,0.0,0.0
2026-03-24 00:00:00-04:00,22.760000228881836,23.100000381469727,22.450000762939453,22.809999465942383,8085900,0.0,0.0
2026-03-25 00:00:00-04:00,22.780000686645508,23.5,22.459999084472656,23.079999923706055,7850100,0.0,0.0
2026-03-26 00:00:00-04:00,22.90999984741211,23.219999313354492,22.450000762939453,22.559999465942383,6905900,0.0,0.0
2026-03-27 00:00:00-04:00,22.65999984741211,22.790000915527344,22.030000686645508,22.100000381469727,5068800,0.0,0.0
2026-03-30 00:00:00-04:00,22.350000381469727,22.6299991607666,22.059999465942383,22.270000457763672,6651600,0.0,0.0
2026-03-31 00:00:00-04:00,22.399999618530273,23.100000381469727,22.3799991607666,23.040000915527344,8431100,0.0,0.0
2026-04-01 00:00:00-04:00,23.290000915527344,23.350000381469727,22.719999313354492,22.760000228881836,4417700,0.0,0.0
2026-04-02 00:00:00-04:00,22.579999923706055,23.43000030517578,22.56999969482422,23.360000610351562,3855200,0.0,0.0
2026-04-06 00:00:00-04:00,23.309999465942383,23.6200008392334,23.079999923706055,23.079999923706055,3660100,0.0,0.0
2026-04-07 00:00:00-04:00,23.079999923706055,23.540000915527344,22.68000030517578,23.43000030517578,10668300,0.0,0.0
2026-04-08 00:00:00-04:00,23.700000762939453,23.760000228881836,22.889999389648438,22.90999984741211,6788600,0.0,0.0
2026-04-09 00:00:00-04:00,22.899999618530273,23.350000381469727,22.829999923706055,22.8700008392334,3163800,0.0,0.0
2026-04-10 00:00:00-04:00,22.950000762939453,23.25,22.510000228881836,23.219999313354492,5856400,0.0,0.0
2026-04-13 00:00:00-04:00,23.0,23.43000030517578,22.729999542236328,23.399999618530273,5516100,0.0,0.0
2026-04-14 00:00:00-04:00,23.450000762939453,24.299999237060547,23.43000030517578,24.030000686645508,10482700,0.0,0.0
2026-04-15 00:00:00-04:00,24.149999618530273,24.850000381469727,24.030000686645508,24.790000915527344,11695400,0.0,0.0
2026-04-16 00:00:00-04:00,24.90999984741211,25.489999771118164,24.540000915527344,25.18000030517578,10701100,0.0,0.0
2026-04-17 00:00:00-04:00,25.190000534057617,25.34000015258789,24.3700008392334,24.549999237060547,8161000,0.0,0.0
2026-04-20 00:00:00-04:00,24.170000076293945,25.049999237060547,24.079999923706055,24.920000076293945,6199700,0.0,0.0
2026-04-21 00:00:00-04:00,25.049999237060547,25.329999923706055,24.43000030517578,24.459999084472656,6472800,0.0,0.0
2026-04-22 00:00:00-04:00,24.709999084472656,25.739999771118164,24.700000762939453,25.65999984741211,9643700,0.0,0.0
2026-04-23 00:00:00-04:00,25.84000015258789,26.020000457763672,24.729999542236328,25.010000228881836,8576900,0.0,0.0
2026-04-24 00:00:00-04:00,25.209999084472656,25.25,24.729999542236328,24.950000762939453,5148900,0.0,0.0
2026-04-27 00:00:00-04:00,25.0,25.6299991607666,24.920000076293945,25.40999984741211,6260400,0.0,0.0
2026-04-28 00:00:00-04:00,25.309999465942383,25.420000076293945,24.799999237060547,25.09000015258789,4326800,0.0,0.0
2026-04-29 00:00:00-04:00,24.989999771118164,25.040000915527344,24.0,24.520000457763672,7071500,0.0,0.0
2026-04-30 00:00:00-04:00,24.360000610351562,25.079999923706055,24.209999084472656,24.950000762939453,4492500,0.0,0.0
2026-05-01 00:00:00-04:00,24.850000381469727,26.8799991607666,24.850000381469727,26.530000686645508,20284900,0.0,0.0
2026-05-04 00:00:00-04:00,25.110000610351562,26.149999618530273,23.670000076293945,23.84000015258789,40178600,0.0,0.0
2026-05-05 00:00:00-04:00,23.209999084472656,24.729999542236328,22.850000381469727,24.229999542236328,17979600,0.0,0.0
2026-05-06 00:00:00-04:00,24.299999237060547,25.440000534057617,23.959999084472656,25.170000076293945,11606500,0.0,0.0
2026-05-07 00:00:00-04:00,25.1200008392334,25.25,23.790000915527344,23.969999313354492,8794000,0.0,0.0
2026-05-08 00:00:00-04:00,24.139999389648438,24.420000076293945,23.81999969482422,24.280000686645508,5957700,0.0,0.0
2026-05-11 00:00:00-04:00,24.200000762939453,24.3700008392334,23.100000381469727,23.170000076293945,17915500,0.0,0.0
2026-05-12 00:00:00-04:00,22.799999237060547,23.190000534057617,22.329999923706055,22.3700008392334,11936700,0.0,0.0
2026-05-13 00:00:00-04:00,22.329999923706055,22.479999542236328,21.979999542236328,22.079999923706055,7356900,0.0,0.0
2026-05-14 00:00:00-04:00,22.079999923706055,22.350000381469727,21.610000610351562,21.610000610351562,5663100,0.0,0.0
2026-05-15 00:00:00-04:00,21.540000915527344,22.010000228881836,21.459999084472656,21.59000015258789,5346600,0.0,0.0
2026-05-18 00:00:00-04:00,21.6200008392334,22.09000015258789,21.420000076293945,21.90999984741211,5260600,0.0,0.0
2026-05-19 00:00:00-04:00,21.8799991607666,22.190000534057617,21.600000381469727,22.100000381469727,4433300,0.0,0.0
2026-05-20 00:00:00-04:00,22.049999237060547,22.729999542236328,21.899999618530273,22.549999237060547,6327600,0.0,0.0
2026-05-21 00:00:00-04:00,22.440000534057617,22.6200008392334,22.209999084472656,22.489999771118164,3145300,0.0,0.0
2026-05-22 00:00:00-04:00,22.399999618530273,22.579999923706055,21.799999237060547,21.959999084472656,5279700,0.0,0.0
2026-05-26 00:00:00-04:00,21.950000762939453,22.18000030517578,21.850000381469727,21.90999984741211,5875500,0.0,0.0
2026-05-27 00:00:00-04:00,21.799999237060547,21.8799991607666,21.489999771118164,21.68000030517578,4194000,0.0,0.0
2026-05-28 00:00:00-04:00,21.649999618530273,21.989999771118164,21.639999389648438,21.68000030517578,3214700,0.0,0.0
2026-05-29 00:00:00-04:00,21.600000381469727,21.6299991607666,21.139999389648438,21.18000030517578,6486800,0.0,0.0
2026-06-01 00:00:00-04:00,21.020000457763672,21.559999465942383,20.889999389648438,21.360000610351562,6769700,0.0,0.0
2026-06-02 00:00:00-04:00,21.139999389648438,21.239999771118164,20.889999389648438,20.920000076293945,6025000,0.0,0.0
2026-06-03 00:00:00-04:00,23.280000686645508,23.68000030517578,22.1200008392334,22.18000030517578,17884800,0.0,0.0
2026-06-04 00:00:00-04:00,22.329999923706055,23.06999969482422,22.200000762939453,22.270000457763672,6818900,0.0,0.0
2026-06-05 00:00:00-04:00,22.260000228881836,22.350000381469727,21.329999923706055,21.799999237060547,6429200,0.0,0.0
2026-06-08 00:00:00-04:00,21.770000457763672,22.270000457763672,21.649999618530273,22.260000228881836,5115500,0.0,0.0
2026-06-09 00:00:00-04:00,22.280000686645508,22.459999084472656,21.920000076293945,22.280000686645508,5686200,0.0,0.0
2026-06-10 00:00:00-04:00,22.020000457763672,22.649999618530273,21.899999618530273,22.420000076293945,4425800,0.0,0.0
2026-06-11 00:00:00-04:00,22.389999389648438,22.440000534057617,21.940000534057617,22.18000030517578,6014000,0.0,0.0
2026-06-12 00:00:00-04:00,22.059999465942383,22.15999984741211,21.5,21.770000457763672,5328300,0.0,0.0
2026-06-15 00:00:00-04:00,21.700000762939453,22.030000686645508,21.649999618530273,21.739999771118164,4762900,0.0,0.0
2026-06-16 00:00:00-04:00,21.639999389648438,21.700000762939453,21.1299991607666,21.459999084472656,6375900,0.0,0.0
2026-06-17 00:00:00-04:00,21.440000534057617,21.93000030517578,21.229999542236328,21.510000228881836,4680300,0.0,0.0
2026-06-18 00:00:00-04:00,21.450000762939453,21.670000076293945,21.350000381469727,21.520000457763672,9220100,0.0,0.0
2026-06-22 00:00:00-04:00,21.280000686645508,21.610000610351562,21.110000610351562,21.139999389648438,6373000,0.0,0.0
2026-06-23 00:00:00-04:00,21.0,21.489999771118164,20.93000030517578,21.079999923706055,4002800,0.0,0.0
2026-06-24 00:00:00-04:00,21.18000030517578,21.649999618530273,21.170000076293945,21.440000534057617,3354300,0.0,0.0
2026-06-25 00:00:00-04:00,21.360000610351562,21.40999984741211,20.93000030517578,21.010000228881836,3820400,0.0,0.0
2026-06-26 00:00:00-04:00,20.940000534057617,21.850000381469727,20.940000534057617,21.760000228881836,5703100,0.0,0.0
2026-06-29 00:00:00-04:00,22.049999237060547,22.149999618530273,21.8799991607666,22.030000686645508,4060300,0.0,0.0
2026-06-30 00:00:00-04:00,21.850000381469727,22.18000030517578,21.700000762939453,22.079999923706055,4358900,0.0,0.0
2026-07-01 00:00:00-04:00,21.950000762939453,22.75,21.90999984741211,22.639999389648438,4476000,0.0,0.0
2026-07-02 00:00:00-04:00,22.75,23.110000610351562,22.600000381469727,22.81999969482422,4574300,0.0,0.0
2026-07-06 00:00:00-04:00,22.600000381469727,22.889999389648438,22.329999923706055,22.760000228881836,4089800,0.0,0.0
2026-07-07 00:00:00-04:00,22.790000915527344,22.889999389648438,21.950000762939453,22.200000762939453,4749600,0.0,0.0
2026-07-08 00:00:00-04:00,22.0,22.110000610351562,21.6299991607666,21.700000762939453,3680700,0.0,0.0
2026-07-09 00:00:00-04:00,21.700000762939453,21.989999771118164,21.530000686645508,21.950000762939453,2625100,0.0,0.0
2026-07-10 00:00:00-04:00,21.940000534057617,22.020000457763672,21.65999984741211,21.68000030517578,1846400,0.0,0.0
2026-07-13 00:00:00-04:00,21.75,22.350000381469727,21.729999542236328,22.030000686645508,2917400,0.0,0.0
2026-07-14 00:00:00-04:00,22.049999237060547,22.530000686645508,22.049999237060547,22.43000030517578,2782900,0.0,0.0
2026-07-15 00:00:00-04:00,22.489999771118164,22.6200008392334,22.15999984741211,22.260000228881836,2560800,0.0,0.0
2026-07-16 00:00:00-04:00,22.299999237060547,22.510000228881836,21.860000610351562,21.920000076293945,3517600,0.0,0.0
2026-07-17 00:00:00-04:00,21.860000610351562,22.06999969482422,21.670000076293945,21.889999389648438,2624200,0.0,0.0
2026-07-20 00:00:00-04:00,21.889999389648438,21.979999542236328,21.670000076293945,21.760000228881836,3923300,0.0,0.0
2026-07-21 00:00:00-04:00,21.780000686645508,21.899999618530273,21.579999923706055,21.790000915527344,2916200,0.0,0.0
2026-07-22 00:00:00-04:00,21.799999237060547,21.8799991607666,21.540000915527344,21.600000381469727,3171200,0.0,0.0
2026-07-23 00:00:00-04:00,21.479999542236328,21.540000915527344,21.209999084472656,21.350000381469727,3683600,0.0,0.0
2026-07-24 00:00:00-04:00,21.360000610351562,21.5,21.1299991607666,21.170000076293945,2575300,0.0,0.0
2026-07-27 00:00:00-04:00,21.280000686645508,21.559999465942383,21.270000457763672,21.520000457763672,3901600,0.0,0.0
2026-07-28 00:00:00-04:00,21.549999237060547,22.260000228881836,21.540000915527344,22.15999984741211,3964900,0.0,0.0
2026-07-29 00:00:00-04:00,22.170000076293945,22.18000030517578,21.780000686645508,21.84000015258789,2637500,0.0,0.0
2026-07-30 00:00:00-04:00,21.760000228881836,21.93000030517578,21.610000610351562,21.8799991607666,2353600,0.0,0.0
2026-07-31 00:00:00-04:00,21.850000381469727,21.989999771118164,21.65999984741211,21.719999313354492,2509300,0.0,0.0
2026-08-03 00:00:00-04:00,20.459999084472656,20.5,18.549999237060547,19.059999465942383,41713200,0.0,0.0
2026-08-04 00:00:00-04:00,19.020000457763672,19.299999237060547,18.690000534057617,19.209999084472656,10836600,0.0,0.0
2026-08-05 00:00:00-04:00,19.280000686645508,19.350000381469727,18.93000030517578,19.010000228881836,8358000,0.0,0.0
2026-08-06 00:00:00-04:00,18.989999771118164,19.399999618530273,18.6299991607666,19.229999542236328,7354400,0.0,0.0
2026-08-07 00:00:00-04:00,19.209999084472656,19.260000228881836,19.030000686645508,19.15999984741211,4761800,0.0,0.0
