Date,Open,High,Low,Close,Volume,Dividends,Stock Splits
2006-08-14 00:00:00-04:00,9.171952746451732,9.26157378061677,9.102082693445626,9.120845794677734,199476896,0.0,0.0
2006-08-15 00:00:00-04:00,9.236388981717965,9.423036783389945,9.199107633690524,9.405754089355469,268932260,0.0,0.0
2006-08-16 00:00:00-04:00,9.467724599795455,9.590428711165913,9.43414803427757,9.572405815124512,235005569,0.0,0.0
2006-08-17 00:00:00-04:00,9.539570169447606,9.628696776678959,9.478588209548581,9.525003433227539,203969673,0.0,0.0
2006-08-18 00:00:00-04:00,9.537597345994667,9.556854860789667,9.400326460502935,9.464764595031738,198830482,0.0,0.0
2006-08-21 00:00:00-04:00,9.334899333334869,9.357119540065197,9.263795617137399,9.31514835357666,161535213,0.0,0.0
2006-08-22 00:00:00-04:00,9.32576352912529,9.36353740389563,9.254412141517276,9.33958911895752,167188323,0.0,0.0
2006-08-23 00:00:00-04:00,9.323540749651883,9.339095364907434,9.200589901217649,9.219600677490234,146238089,0.0,0.0
2006-08-24 00:00:00-04:00,9.244537296127636,9.292927334104082,9.190714392083933,9.227007865905762,139822131,0.0,0.0
2006-08-25 00:00:00-04:00,9.210959515994997,9.266263765423334,9.196640459106495,9.21540355682373,99037832,0.0,0.0
2006-08-28 00:00:00-04:00,9.27342305243604,9.40526294708252,9.258362847495569,9.40526294708252,167184308,0.0,0.0
2006-08-29 00:00:00-04:00,9.401066122821337,9.439087682915382,9.312679703027383,9.35588550567627,179068687,0.0,0.0
2006-08-30 00:00:00-04:00,9.362304215645965,9.496613342101368,9.345022462059964,9.400325775146484,162382376,0.0,0.0
2006-08-31 00:00:00-04:00,9.418594725150042,9.4348895429907,9.337368314909115,9.345515251159668,118839777,0.0,0.0
2006-09-01 00:00:00-04:00,9.406250458310952,9.413409514713214,9.312432125479873,9.347243309020996,107316747,0.0,0.0
2006-09-05 00:00:00-04:00,9.378596183261944,9.515126816313536,9.31860305856248,9.489450454711914,163582859,0.0,0.0
2006-09-06 00:00:00-04:00,9.433654435067893,9.460565414655777,9.373412675337756,9.38526439666748,149522354,0.0,0.0
2006-09-07 00:00:00-04:00,9.366747448164892,9.425012499366712,9.317615321317499,9.344527244567871,154256030,0.0,0.0
2006-09-08 00:00:00-04:00,9.300826957433088,9.401311812606279,9.300826957433088,9.328725814819336,123798294,0.0,0.0
2006-09-11 00:00:00-04:00,9.338850662151634,9.497600604613902,9.326753150621823,9.482787132263184,181847062,0.0,0.0
2006-09-12 00:00:00-04:00,9.5052546381522,9.696099818466086,9.502291943506352,9.67560863494873,218503948,0.0,0.0
2006-09-13 00:00:00-04:00,9.755844717277862,10.042483933934005,9.754611049269773,10.037793159484863,392192544,0.0,0.0
2006-09-14 00:00:00-04:00,9.981748544714577,10.030632993232695,9.923235813855044,9.973848342895508,215448538,0.0,0.0
2006-09-15 00:00:00-04:00,10.06026153258581,10.123711781511465,10.041991899386012,10.119515419006348,314703180,0.0,0.0
2006-09-18 00:00:00-04:00,10.122477043974616,10.337023735268025,10.109390709209668,10.23826789855957,285333506,0.0,0.0
2006-09-19 00:00:00-04:00,10.257278327852818,10.258018528659953,9.696344135607546,9.96965217590332,573858932,0.0,0.0
2006-09-20 00:00:00-04:00,10.05087819446439,10.058038195356495,9.742759930565935,9.801519393920898,367283528,0.0,0.0
2006-09-21 00:00:00-04:00,9.88299561685091,10.084210214214872,9.872132719029876,10.044708251953125,429287065,0.0,0.0
2006-09-22 00:00:00-04:00,9.998537153945398,10.05951910768116,9.909162876800137,9.968910217285156,186681114,0.0,0.0
2006-09-25 00:00:00-04:00,10.013351242669764,10.108896701309629,9.93730908231029,9.973848342895508,230352192,0.0,0.0
2006-09-26 00:00:00-04:00,10.011377050606486,10.065199960860138,9.919286793254074,10.045201301574707,212369039,0.0,0.0
2006-09-27 00:00:00-04:00,10.031126516085996,10.152596964592876,9.934098764643522,9.947678565979004,235949093,0.0,0.0
2006-09-28 00:00:00-04:00,9.976318234104372,10.047916358458851,9.88891875971972,9.963973045349121,205061752,0.0,0.0
2006-09-29 00:00:00-04:00,10.00224376683873,10.014341278439153,9.91040023772819,9.922497749328613,132932403,0.0,0.0
2006-10-02 00:00:00-04:00,9.922496797779463,10.023720922606802,9.895339082695553,9.911139488220215,146623529,0.0,0.0
2006-10-03 00:00:00-04:00,9.907436068667538,10.035077700940796,9.830899490686857,9.975330352783203,219407321,0.0,0.0
2006-10-04 00:00:00-04:00,9.9982920719761,10.264932655285703,9.95088896548922,10.263204574584961,267470802,0.0,0.0
2006-10-05 00:00:00-04:00,10.238515251330387,10.32591472985304,10.143709982679274,10.16716480255127,232460064,0.0,0.0
2006-10-06 00:00:00-04:00,10.127909073845723,10.416523145387819,10.116305030216205,10.381711959838867,294559960,0.0,0.0
2006-10-09 00:00:00-04:00,10.487873692160681,10.664399777974193,10.453802710283858,10.591567039489746,304468963,0.0,0.0
2006-10-10 00:00:00-04:00,10.654771148420853,10.810064917196254,10.428373663158618,10.533549308776855,393011603,0.0,0.0
2006-10-11 00:00:00-04:00,10.49330502273262,10.61403338153822,10.462195791342705,10.529844284057617,226260915,0.0,0.0
2006-10-12 00:00:00-04:00,10.580705039390553,10.608357168224716,10.468123600294817,10.553053855895996,194486260,0.0,0.0
2006-10-13 00:00:00-04:00,10.560953141872746,10.603912205887234,10.50663676881022,10.549595832824707,145443121,0.0,0.0
2006-10-16 00:00:00-04:00,10.559472008428802,10.596505685052458,10.402450164884051,10.412572860717773,173423607,0.0,0.0
2006-10-17 00:00:00-04:00,10.37677346824999,10.461950456871437,10.287893584416114,10.38516902923584,209221284,0.0,0.0
2006-10-18 00:00:00-04:00,10.443186808665141,10.48663934109065,10.307644969295255,10.35233211517334,241594173,0.0,0.0
2006-10-19 00:00:00-04:00,10.375045483253409,10.60391218162524,10.358750665905886,10.51898193359375,461864718,0.0,0.0
2006-10-20 00:00:00-04:00,11.331989494092177,11.359394887924552,11.198670146683002,11.34877872467041,467662368,0.0,0.0
2006-10-23 00:00:00-04:00,11.413214366243626,11.965260453064776,11.366059890029726,11.86996078491211,606444615,0.0,0.0
2006-10-24 00:00:00-04:00,11.758861635047186,11.797870124431595,11.638626739270364,11.685535430908203,347706422,0.0,0.0
2006-10-25 00:00:00-04:00,11.788734774008777,12.060560541110878,11.72997624961417,12.013651847839355,368877480,0.0,0.0
2006-10-26 00:00:00-04:00,12.040314784324165,12.145982935828137,11.954397609661543,11.976617813110352,282322262,0.0,0.0
2006-10-27 00:00:00-04:00,11.946991167787843,11.980074267508758,11.665289462283331,11.732196807861328,265150137,0.0,0.0
2006-10-30 00:00:00-05:00,11.722816873253842,11.862062558777653,11.604063314012983,11.766021728515625,263508004,0.0,0.0
2006-10-31 00:00:00-05:00,11.802807643462877,11.904032707201784,11.698619885708785,11.761577606201172,252358369,0.0,0.0
2006-11-01 00:00:00-05:00,11.82009117616097,11.829225992463813,11.48678996656332,11.542093276977539,217865564,0.0,0.0
2006-11-02 00:00:00-05:00,11.542092403956188,11.695903867697744,11.514441223510346,11.601593017578125,210253137,0.0,0.0
2006-11-03 00:00:00-05:00,11.658871511157521,11.696398654586172,11.481851956966217,11.648255348205566,197043811,0.0,0.0
2006-11-06 00:00:00-05:00,11.696892577861565,11.842310370731967,11.661340250203887,11.775403022766113,200408375,0.0,0.0
2006-11-07 00:00:00-05:00,11.775403279001178,11.826510223790937,11.64751396822952,11.667265892028809,196618221,0.0,0.0
2006-11-08 00:00:00-05:00,11.612455718007832,11.893663019033452,11.569249922117615,11.727259635925293,319794191,0.0,0.0
2006-11-09 00:00:00-05:00,11.764292394367162,11.838112058440212,11.649735218974834,11.668745994567871,195899538,0.0,0.0
2006-11-10 00:00:00-05:00,11.697139263748108,11.720346402870307,11.610974405319205,11.691460609436035,112287309,0.0,0.0
2006-11-13 00:00:00-05:00,11.724790734810071,11.879591025360288,11.706026690821751,11.876133918762207,174326980,0.0,0.0
2006-11-14 00:00:00-05:00,11.867987573082303,12.096359867908633,11.863049119222156,12.080312728881836,290019003,0.0,0.0
2006-11-15 00:00:00-05:00,12.182277319902814,12.340780504369915,12.145243644714355,12.145243644714355,336083018,0.0,0.0
2006-11-16 00:00:00-05:00,12.22103827260445,12.28720447103338,12.160796516476841,12.243258476257324,204467533,0.0,0.0
2006-11-17 00:00:00-05:00,12.177834034533072,12.336090495208884,12.171660967169023,12.314611434936523,221266263,0.0,0.0
2006-11-20 00:00:00-05:00,12.304980620873033,12.304980620873033,12.163018996580139,12.222272872924805,205748315,0.0,0.0
2006-11-21 00:00:00-05:00,12.259060236604212,12.591373557779798,12.241530805336833,12.582733154296875,338363534,0.0,0.0
2006-11-22 00:00:00-05:00,12.615323435135426,12.665441559257854,12.487187379337659,12.542243957519531,180702789,0.0,0.0
2006-11-24 00:00:00-05:00,12.455585595644513,12.529652952983971,12.443240405861538,12.46792984008789,69567783,0.0,0.0
2006-11-27 00:00:00-05:00,12.378306828059076,12.388429522830974,11.967976570129395,11.967976570129395,294086191,0.0,0.0
2006-11-28 00:00:00-05:00,11.878604342876429,12.094139882826425,11.777379268328556,12.085250854492188,313073093,0.0,0.0
2006-11-29 00:00:00-05:00,12.20227630970614,12.214620553325524,11.906254579082235,11.965508460998535,253558852,0.0,0.0
2006-11-30 00:00:00-05:00,11.954151642883618,12.107469638506025,11.88897237525277,11.96945858001709,223936234,0.0,0.0
2006-12-01 00:00:00-05:00,11.998346021617671,12.05784664306298,11.813672034858893,11.87045669555664,226100315,0.0,0.0
2006-12-04 00:00:00-05:00,11.924772504726263,12.034144512953356,11.83465800911494,11.970446586608887,196730641,0.0,0.0
2006-12-05 00:00:00-05:00,12.033402161665713,12.083767958847812,11.971434212961109,12.023527145385742,164735162,0.0,0.0
2006-12-06 00:00:00-05:00,12.022540507003397,12.156848683130598,11.962299687321192,12.065746307373047,178679233,0.0,0.0
2006-12-07 00:00:00-05:00,12.103272036132,12.142033790577761,11.910451143653349,11.91588306427002,187271318,0.0,0.0
2006-12-08 00:00:00-05:00,11.898600867803978,12.06302944143213,11.850704296010653,11.952176094055176,159591956,0.0,0.0
2006-12-11 00:00:00-05:00,11.972175625662071,12.070437057893557,11.9445234975322,11.947732925415039,131025281,0.0,0.0
2006-12-12 00:00:00-05:00,11.945758370923595,12.007727272588703,11.857618687685129,11.894652366638184,167866857,0.0,0.0
2006-12-13 00:00:00-05:00,11.966495476476346,11.986494132848371,11.777130746979502,11.825767517089844,187182988,0.0,0.0
2006-12-14 00:00:00-05:00,11.856877155607174,11.943287803010193,11.78305653962531,11.903044700622559,190668002,0.0,0.0
2006-12-15 00:00:00-05:00,11.915882958608798,11.95217548602708,11.846754064857935,11.858110427856445,208410256,0.0,0.0
2006-12-18 00:00:00-05:00,11.91267414133501,11.918351850455366,11.37470127611637,11.426054954528809,321865927,0.0,0.0
2006-12-19 00:00:00-05:00,11.399391352086544,11.586780342470187,11.319892075836933,11.569991111755371,264467588,0.0,0.0
2006-12-20 00:00:00-05:00,11.603814508093896,11.640847234561873,11.414449787368252,11.428522109985352,175366863,0.0,0.0
2006-12-21 00:00:00-05:00,11.46012551694067,11.486543030869296,11.167807619033717,11.263107299804688,279174507,0.0,0.0
2006-12-22 00:00:00-05:00,11.29520202036149,11.32334761139247,11.177435414770004,11.247798919677734,160129965,0.0,0.0
2006-12-26 00:00:00-05:00,11.271007096340574,11.343839828459629,11.223357261668683,11.295943260192871,83282999,0.0,0.0
2006-12-27 00:00:00-05:00,11.356925800426252,11.55641324741818,11.334705593805399,11.555177688598633,169894428,0.0,0.0
2006-12-28 00:00:00-05:00,11.532710252357564,11.568756993996383,11.412475353487451,11.42012882232666,125115211,0.0,0.0
2006-12-29 00:00:00-05:00,11.408772692428457,11.467285429209955,11.35346938341892,11.368776321411133,102751700,0.0,0.0
2007-01-03 00:00:00-05:00,11.505060118888924,11.768244558837816,11.384331741788785,11.544316291809082,309415434,0.0,0.0
2007-01-04 00:00:00-05:00,11.579126204086807,11.948225508740379,11.563078120520277,11.931190490722656,316686586,0.0,0.0
2007-01-05 00:00:00-05:00,11.91242835808778,12.035872692337412,11.804043283495654,12.028219223022461,275914333,0.0,0.0
2007-01-08 00:00:00-05:00,12.04056253541604,12.094385440766688,11.905020700933376,11.939091682434082,190888826,0.0,0.0
2007-01-09 00:00:00-05:00,11.985259459233996,12.054389303361285,11.880331497620523,11.986495018005371,216062832,0.0,0.0
2007-01-10 00:00:00-05:00,11.960075486756615,12.185239272869552,11.901069288994401,12.084261894226074,239634856,0.0,0.0
2007-01-11 00:00:00-05:00,12.275354569447702,12.38769020902261,12.250172615521569,12.337571144104004,289408724,0.0,0.0
2007-01-12 00:00:00-05:00,12.393615749113899,12.46792984008789,12.34448550497492,12.46792984008789,179618741,0.0,0.0
2007-01-16 00:00:00-05:00,12.53088533570417,12.665440233284848,12.425957378020062,12.450152397155762,303890804,0.0,0.0
2007-01-17 00:00:00-05:00,12.428179170716051,12.536317503469196,12.20573227417865,12.27733039855957,268968395,0.0,0.0
2007-01-18 00:00:00-05:00,12.209187529457866,12.257579459517672,12.034143737124912,12.04401969909668,238169384,0.0,0.0
2007-01-19 00:00:00-05:00,12.04772281551067,12.116358247326671,12.017108939912502,12.091422080993652,199878396,0.0,0.0
2007-01-22 00:00:00-05:00,12.15931663794567,12.163019532710708,11.813670271152045,11.871443748474121,216982266,0.0,0.0
2007-01-23 00:00:00-05:00,11.870207641898794,11.967976537664516,11.783796999528143,11.827249526977539,187319498,0.0,0.0
2007-01-24 00:00:00-05:00,11.960569428591391,12.333125800319802,11.931930371094241,12.321521759033203,243280470,0.0,0.0
2007-01-25 00:00:00-05:00,12.369174322580314,12.455585926659595,11.990445746225182,12.050439834594727,255694828,0.0,0.0
2007-01-26 00:00:00-05:00,12.120556537925545,12.292638598661267,12.024269916814001,12.241779327392578,220684089,0.0,0.0
2007-01-29 00:00:00-05:00,12.295107637084387,12.313624003832619,12.109940188243668,12.158576965332031,191744020,0.0,0.0
2007-01-30 00:00:00-05:00,12.196351094502312,12.295107888531355,12.127716602108631,12.204252243041992,167846782,0.0,0.0
2007-01-31 00:00:00-05:00,12.257826349802784,12.467929006282294,12.233630384463627,12.38151741027832,490074058,0.0,0.0
2007-02-01 00:00:00-05:00,12.492619527060466,12.492866260699989,11.888479448601048,11.893912315368652,628695706,0.0,0.0
2007-02-02 00:00:00-05:00,11.915142675593474,11.974149823962152,11.79663585695894,11.887738227844238,252402534,0.0,0.0
2007-02-05 00:00:00-05:00,11.788981328119034,11.801326515982705,11.509748852370839,11.533698081970215,289356529,0.0,0.0
2007-02-06 00:00:00-05:00,11.556905253403329,11.685288022975639,11.536166396512783,11.640353202819824,213673912,0.0,0.0
2007-02-07 00:00:00-05:00,11.698127156968512,11.711212547251547,11.573694945815156,11.604063034057617,165409681,0.0,0.0
2007-02-08 00:00:00-05:00,11.555671863091181,11.696398890117338,11.484073736123564,11.629244804382324,163679219,0.0,0.0
2007-02-09 00:00:00-05:00,11.644552506954707,11.669981195161432,11.393959066458663,11.40358829498291,195072449,0.0,0.0
2007-02-12 00:00:00-05:00,11.37371394743972,11.415931863326719,11.233973865341683,11.314706802368164,231042771,0.0,0.0
2007-02-13 00:00:00-05:00,11.335939966236927,11.425560991698864,11.289278005995149,11.334705352783203,163113105,0.0,0.0
2007-02-14 00:00:00-05:00,11.3569255034852,11.582336046304697,11.337667991583976,11.503331184387207,228806420,0.0,0.0
2007-02-15 00:00:00-05:00,11.505059271593918,11.508268699356016,11.37470167475903,11.393218040466309,162302076,0.0,0.0
2007-02-16 00:00:00-05:00,11.426053729579072,11.607517301851079,11.407783154753064,11.60233211517334,248006116,0.0,0.0
2007-02-20 00:00:00-05:00,11.566041510422094,11.671711576139145,11.473211047787606,11.65566349029541,163313855,0.0,0.0
2007-02-21 00:00:00-05:00,11.599865017957773,11.818114605066233,11.548017872585449,11.748492240905762,226469694,0.0,0.0
2007-02-22 00:00:00-05:00,11.818360101291619,11.955384212759395,11.71219848554358,11.74824333190918,230617182,0.0,0.0
2007-02-23 00:00:00-05:00,11.745776256327654,11.775403196479449,11.549499195831268,11.619122505187988,155886118,0.0,0.0
2007-02-26 00:00:00-05:00,11.673685884830663,11.733432293257934,11.449509941386316,11.478643417358398,159391206,0.0,0.0
2007-02-27 00:00:00-05:00,11.233480451386999,11.351987263961574,11.040165143959431,11.079668045043945,373908266,0.0,0.0
2007-02-28 00:00:00-05:00,11.120159045800257,11.20064621021955,10.938201957756938,11.096458435058594,322496281,0.0,0.0
2007-03-01 00:00:00-05:00,10.929065766949922,11.169783247636754,10.863146295053673,11.066336631774902,348710170,0.0,0.0
2007-03-02 00:00:00-05:00,10.989305829585835,11.077938968672491,10.83055591583252,10.83055591583252,264331078,0.0,0.0
2007-03-05 00:00:00-05:00,10.789571794229273,10.998935186260924,10.789078327014266,10.886600494384766,255156819,0.0,0.0
2007-03-06 00:00:00-05:00,11.047572849027672,11.332236335947352,11.04535035570186,11.296438217163086,302477526,0.0,0.0
2007-03-07 00:00:00-05:00,11.42333778213771,11.434448357184998,11.215951095102545,11.24928092956543,262343656,0.0,0.0
2007-03-08 00:00:00-05:00,11.337668310026212,11.49271534407736,11.21126128367946,11.226568222045898,215316044,0.0,0.0
2007-03-09 00:00:00-05:00,11.30754720144385,11.317423163352656,11.1125038074564,11.183114051818848,199854306,0.0,0.0
2007-03-12 00:00:00-04:00,11.173488205224192,11.23965441735801,11.137441459383602,11.227309226989746,139135567,0.0,0.0
2007-03-13 00:00:00-04:00,11.112751014017512,11.157685839076377,10.933016440479829,10.93795394897461,256048147,0.0,0.0
2007-03-14 00:00:00-04:00,10.942892775839852,11.07695327335678,10.838458275641084,11.06065845489502,321877972,0.0,0.0
2007-03-15 00:00:00-04:00,11.057201224063672,11.10559315698159,10.96042113958614,11.015971183776855,158359353,0.0,0.0
2007-03-16 00:00:00-04:00,11.002639210844352,11.028563258405091,10.86043177640749,10.884132385253906,227212468,0.0,0.0
2007-03-19 00:00:00-04:00,10.943384585907815,11.073001967737236,10.878698789120808,11.041646003723145,208687290,0.0,0.0
2007-03-20 00:00:00-04:00,11.006096447710785,11.050783595970168,10.95202680391557,10.993504524230957,137372985,0.0,0.0
2007-03-21 00:00:00-04:00,10.993997384726882,11.272242010029917,10.991775836788111,11.271748542785645,232801338,0.0,0.0
2007-03-22 00:00:00-04:00,11.24854054574107,11.410499886201693,11.172498383596176,11.4072904586792,228079706,0.0,0.0
2007-03-23 00:00:00-04:00,11.39272568818687,11.44062226636312,11.284835020467352,11.402107238769531,165068406,0.0,0.0
2007-03-26 00:00:00-04:00,11.37050504353579,11.48037052154541,11.248788788259922,11.48037052154541,189118214,0.0,0.0
2007-03-27 00:00:00-04:00,11.444572425793394,11.486050146313483,11.365319879986993,11.446300506591797,150208917,0.0,0.0
2007-03-28 00:00:00-04:00,11.403093614382078,11.491233289385471,11.360628018037024,11.403341293334961,184352418,0.0,0.0
2007-03-29 00:00:00-04:00,11.469260654108112,11.505059718805358,11.233481617844426,11.379639625549316,160137995,0.0,0.0
2007-03-30 00:00:00-04:00,11.408773140131654,11.440869309789862,11.261626306715403,11.311498641967773,135714793,0.0,0.0
2007-04-02 00:00:00-04:00,11.301623100107289,11.320632934570312,11.1623774097746,11.320632934570312,138457033,0.0,0.0
2007-04-03 00:00:00-04:00,11.456915413952666,11.708743458440095,11.455680800563597,11.66800594329834,261046814,0.0,0.0
2007-04-04 00:00:00-04:00,11.656649929324198,11.677882255166303,11.593445473692974,11.628997802734375,151718555,0.0,0.0
2007-04-05 00:00:00-04:00,11.635910935764265,11.655415182304049,11.594434161000162,11.641097068786621,109039179,0.0,0.0
2007-04-09 00:00:00-04:00,11.677388442578572,11.677882855178126,11.494936958589218,11.559622764587402,122943100,0.0,0.0
2007-04-10 00:00:00-04:00,11.531971294670742,11.623320408693422,11.484321450497408,11.517404556274414,119618686,0.0,0.0
2007-04-11 00:00:00-04:00,11.506540088341836,11.589002053226912,11.42136310840288,11.468766212463379,153051532,0.0,0.0
2007-04-12 00:00:00-04:00,11.455681574100197,11.554437417141076,11.412229040975793,11.539377212524414,108721995,0.0,0.0
2007-04-13 00:00:00-04:00,11.565546978923681,11.573447181624884,11.439880155221518,11.512219429016113,112211024,0.0,0.0
2007-04-16 00:00:00-04:00,11.565794113274096,11.776392141004004,11.558140643932827,11.709238052368164,203877329,0.0,0.0
2007-04-17 00:00:00-04:00,11.697633501977407,11.76157815992564,11.643317127362055,11.672944068908691,128885290,0.0,0.0
2007-04-18 00:00:00-04:00,11.63492316219484,11.848235245237767,11.592210831659196,11.752196311950684,227670177,0.0,0.0
2007-04-19 00:00:00-04:00,11.714914796247605,11.89884856026761,11.593692964948431,11.644552230834961,442034667,0.0,0.0
2007-04-20 00:00:00-04:00,12.110432499525588,12.159316950922975,11.900575636379305,11.911932945251465,488283372,0.0,0.0
2007-04-23 00:00:00-04:00,11.8531743867325,11.974150438437782,11.807746093098025,11.827991485595703,227834792,0.0,0.0
2007-04-24 00:00:00-04:00,11.81638764288336,11.850210945672151,11.740837998894582,11.78972339630127,148341946,0.0,0.0
2007-04-25 00:00:00-04:00,11.850704402932859,11.884528651032713,11.754664524866659,11.801079750061035,159266742,0.0,0.0
2007-04-26 00:00:00-04:00,11.80379487792498,11.960570931103092,11.779354069687772,11.879837989807129,165614446,0.0,0.0
2007-04-27 00:00:00-04:00,11.852433255092734,11.909959059434605,11.809475133734301,11.826262474060059,117466650,0.0,0.0
2007-04-30 00:00:00-04:00,11.829718104755413,11.884034474433102,11.637885093688965,11.637885093688965,146193924,0.0,0.0
2007-05-01 00:00:00-04:00,11.657884499377502,11.673191438230333,11.459879338157098,11.579127311706543,146876473,0.0,0.0
2007-05-02 00:00:00-04:00,11.570485046012875,11.630479128490668,11.498392508253252,11.499628067016602,122967190,0.0,0.0
2007-05-03 00:00:00-04:00,11.510489500702333,11.704299220701234,11.487529095273814,11.68355941772461,144306878,0.0,0.0
2007-05-04 00:00:00-04:00,11.606777433384725,11.723309435594985,11.502096207354459,11.63146686553955,158592223,0.0,0.0
2007-05-07 00:00:00-04:00,11.656649991193548,11.67343733065505,11.516663167519797,11.53641414642334,121256803,0.0,0.0
2007-05-08 00:00:00-04:00,11.508267601900569,11.558633397483144,11.47370410067886,11.525055885314941,116639561,0.0,0.0
2007-05-09 00:00:00-04:00,11.508762904521932,11.646527234224775,11.452718450487533,11.585298538208008,156179212,0.0,0.0
2007-05-10 00:00:00-04:00,11.530735639030246,11.5912241352852,11.38210841010985,11.393218040466309,148004686,0.0,0.0
2007-05-11 00:00:00-04:00,11.40210505798313,11.529747627717777,11.381613879875932,11.523327827453613,118205408,0.0,0.0
2007-05-14 00:00:00-04:00,11.492220373184484,11.542338489430607,11.356924336534627,11.400871276855469,155488633,0.0,0.0
2007-05-15 00:00:00-04:00,11.405314568472507,11.419634570697431,11.29297987977514,11.307546615600586,165377561,0.0,0.0
2007-05-16 00:00:00-04:00,11.406304076662535,11.681339289371621,11.332731131569387,11.668253898620605,263150670,0.0,0.0
2007-05-17 00:00:00-04:00,11.664551380243855,11.732692406193545,11.623814804860274,11.627517700195312,187122763,0.0,0.0
2007-05-18 00:00:00-04:00,11.653934189312313,11.670475740719848,11.597643000598566,11.611716270446777,148390126,0.0,0.0
2007-05-21 00:00:00-04:00,11.592210996752089,11.83095366182686,11.522835363852698,11.618629455566406,247295463,0.0,0.0
2007-05-22 00:00:00-04:00,11.677881996958362,11.826261540954986,11.677881996958362,11.748492240905762,154135581,0.0,0.0
2007-05-23 00:00:00-04:00,11.870950241955153,11.934895850751458,11.696399896095626,11.701831817626953,203166675,0.0,0.0
2007-05-24 00:00:00-04:00,11.730963547103874,11.830954003931657,11.640849052747066,11.710718154907227,167569747,0.0,0.0
2007-05-25 00:00:00-04:00,11.8432978734884,11.972915268290572,11.783303790356872,11.937609672546387,214741900,0.0,0.0
2007-05-29 00:00:00-04:00,11.974149323325069,12.14203405481639,11.949460837089049,12.02624225616455,209502334,0.0,0.0
2007-05-30 00:00:00-04:00,11.961806569856245,12.3158457079977,11.924772890550775,12.309921264648438,290918361,0.0,0.0
2007-05-31 00:00:00-04:00,12.358311792110007,12.561254471962862,12.27190018546379,12.292885780334473,358310019,0.0,0.0
2007-06-01 00:00:00-04:00,12.369173105508798,12.468422411876002,12.293377672831639,12.354360580444336,192679513,0.0,0.0
2007-06-04 00:00:00-04:00,12.292884592960837,12.603965590568084,12.284984390276273,12.519035339355469,285104652,0.0,0.0
2007-06-05 00:00:00-04:00,12.585203880489738,12.813576200058574,12.507680356153555,12.809625625610352,419450332,0.0,0.0
2007-06-06 00:00:00-04:00,12.758025524653574,12.857522519213902,12.721238578845302,12.795059204101562,316650452,0.0,0.0
2007-06-07 00:00:00-04:00,12.832091831571036,12.998742915032254,12.653344182486887,12.716300964355469,426813829,0.0,0.0
2007-06-08 00:00:00-04:00,12.744444789410654,12.8293740879835,12.578041408051735,12.72691535949707,255281284,0.0,0.0
2007-06-11 00:00:00-04:00,12.690623555394986,12.79505804934326,12.591373303431745,12.624456405639648,186604829,0.0,0.0
2007-06-12 00:00:00-04:00,12.55952615864017,12.632604688022258,12.42274875899491,12.462251663208008,257742474,0.0,0.0
2007-06-13 00:00:00-04:00,12.519531002928838,12.555330070220432,12.312143335354763,12.473855972290039,282414606,0.0,0.0
2007-06-14 00:00:00-04:00,12.477313285546085,12.489657530929302,12.386456690065856,12.414603233337402,185540856,0.0,0.0
2007-06-15 00:00:00-04:00,12.546687164139595,12.56668582350938,12.374852783915259,12.489903450012207,247889682,0.0,0.0
2007-06-18 00:00:00-04:00,12.497061563677544,12.739506158472599,12.449164049086818,12.719756126403809,194161046,0.0,0.0
2007-06-19 00:00:00-04:00,12.6903757818653,12.77036757035913,12.629393824431686,12.697782516479492,174864989,0.0,0.0
2007-06-20 00:00:00-04:00,12.763210821034388,12.80740355776863,12.568167404508642,12.5906343460083,174178426,0.0,0.0
2007-06-21 00:00:00-04:00,12.615568568912815,12.721976925898081,12.499530984004448,12.692845344543457,177049146,0.0,0.0
2007-06-22 00:00:00-04:00,12.74987868284192,12.961462706541946,12.741977534274403,12.96121597290039,289228049,0.0,0.0
2007-06-25 00:00:00-04:00,13.059969843296537,13.208351284093872,12.921712043718987,13.021455764770508,318188194,0.0,0.0
2007-06-26 00:00:00-04:00,13.152553780771491,13.164157823915955,12.992322506081939,13.091572761535645,228433026,0.0,0.0
2007-06-27 00:00:00-04:00,12.961708495082588,13.035529115506256,12.827401268642864,12.993557929992676,245842035,0.0,0.0
2007-06-28 00:00:00-04:00,12.95874468931114,13.072808404759417,12.932080444141414,12.961954116821289,167360967,0.0,0.0
2007-06-29 00:00:00-04:00,12.986891001573726,13.020961983402099,12.824931652755318,12.904924392700195,155805818,0.0,0.0
2007-07-02 00:00:00-04:00,12.973806508527167,13.130828359857647,12.941958017721428,13.094535827636719,140026895,0.0,0.0
2007-07-03 00:00:00-04:00,13.111323978359975,13.193785004654876,13.023431976173294,13.192303657531738,75152639,0.0,0.0
2007-07-05 00:00:00-04:00,13.222423052988965,13.440674530609623,13.13823395239832,13.372284889221191,198457088,0.0,0.0
2007-07-06 00:00:00-04:00,13.36290620854049,13.427590128366042,13.300689625186715,13.317231178283691,110291857,0.0,0.0
2007-07-09 00:00:00-04:00,13.406112256477302,13.54782623447179,13.338463750291604,13.395248413085938,149751208,0.0,0.0
2007-07-10 00:00:00-04:00,13.425615581161841,13.504866235564949,13.372780551106972,13.414505004882812,154818129,0.0,0.0
2007-07-11 00:00:00-04:00,13.42116955345375,13.492519994288438,13.332288737733819,13.442400932312012,132868163,0.0,0.0
2007-07-12 00:00:00-04:00,13.476721789209977,13.512766643235276,13.337475155198636,13.46363639831543,138179998,0.0,0.0
2007-07-13 00:00:00-04:00,13.527331414040393,13.6448512906829,13.51103754287593,13.632259368896484,210269197,0.0,0.0
2007-07-16 00:00:00-04:00,13.586338986487378,13.790762982022697,13.561896288292001,13.652751922607422,264969462,0.0,0.0
2007-07-17 00:00:00-04:00,13.703366144510062,13.769778138900685,13.63769246031159,13.702377319335938,173792986,0.0,0.0
2007-07-18 00:00:00-04:00,13.674972524322719,13.690032728385468,13.426108111521597,13.566588401794434,244111573,0.0,0.0
2007-07-19 00:00:00-04:00,13.664356643616346,13.665837990691466,13.387346631247901,13.544121742248535,446756299,0.0,0.0
2007-07-20 00:00:00-04:00,12.638282977463456,12.916774331889169,12.57902909552627,12.841226577758789,713556598,0.0,0.0
2007-07-23 00:00:00-04:00,12.813820238283787,12.838262935447341,12.644454165375159,12.653342247009277,255221059,0.0,0.0
2007-07-24 00:00:00-04:00,12.574091695748598,12.805921092820878,12.520023000683683,12.690130233764648,223719424,0.0,0.0
2007-07-25 00:00:00-04:00,12.763702423843714,12.764689358266812,12.481753976886369,12.585448265075684,222631361,0.0,0.0
2007-07-26 00:00:00-04:00,12.5602646700762,12.655317604756014,12.316830312604733,12.541994094848633,276368027,0.0,0.0
2007-07-27 00:00:00-04:00,12.555082235355437,12.754815470246376,12.48027373387467,12.638036727905273,221189978,0.0,0.0
2007-07-30 00:00:00-04:00,12.663465605792807,12.82196784589756,12.603718257900253,12.742222785949707,159126217,0.0,0.0
2007-07-31 00:00:00-04:00,12.84394169944669,12.849126886828975,12.591373443603516,12.591373443603516,171460275,0.0,0.0
2007-08-01 00:00:00-04:00,12.603717736871552,12.75209822067804,12.545451738404344,12.663958549499512,177791919,0.0,0.0
2007-08-02 00:00:00-04:00,12.683217473684033,12.714571551506268,12.56668546376011,12.616310119628906,126669014,0.0,0.0
2007-08-03 00:00:00-04:00,12.592608288429215,12.670378532037875,12.418550491333008,12.418550491333008,127524207,0.0,0.0
2007-08-06 00:00:00-04:00,12.418551195418939,12.595077283925082,12.406206951692798,12.591373443603516,146607469,0.0,0.0
2007-08-07 00:00:00-04:00,12.5852032699697,12.835302318861725,12.56767383746439,12.740002632141113,171211346,0.0,0.0
2007-08-08 00:00:00-04:00,12.821968014222056,12.980965614318848,12.766417973037404,12.980965614318848,163362034,0.0,0.0
2007-08-09 00:00:00-04:00,12.858014608201906,13.006641832001856,12.705683544184375,12.708152770996094,194586635,0.0,0.0
2007-08-10 00:00:00-04:00,12.595818846437183,12.8066617125892,12.483483199729909,12.733336448669434,235888868,0.0,0.0
2007-08-13 00:00:00-04:00,12.826907037903828,12.832091280090856,12.666181350012497,12.727163314819336,127648672,0.0,0.0
2007-08-14 00:00:00-04:00,12.732596286063698,12.774073062999312,12.541996906787157,12.55681037902832,145892800,0.0,0.0
2007-08-15 00:00:00-04:00,12.566684277385985,12.633098157910899,12.263256770627045,12.283995628356934,217191045,0.0,0.0
2007-08-16 00:00:00-04:00,12.147468452177725,12.25634605996542,11.862063783250465,12.135124206542969,347120233,0.0,0.0
2007-08-17 00:00:00-04:00,12.281279993058014,12.369172934459737,12.138330478306075,12.345471382141113,219997525,0.0,0.0
2007-08-20 00:00:00-04:00,12.405217874172259,12.407687100814904,12.245726819593164,12.293129920959473,108296406,0.0,0.0
2007-08-21 00:00:00-04:00,12.318314237257205,12.545946330927245,12.289428441705066,12.507678985595703,144965337,0.0,0.0
2007-08-22 00:00:00-04:00,12.590388112136315,12.74568189432408,12.572858678796036,12.659270286560059,130595677,0.0,0.0
2007-08-23 00:00:00-04:00,12.73950708209017,12.74271745514054,12.51730691579368,12.645442962646484,123529289,0.0,0.0
2007-08-24 00:00:00-04:00,12.655813707440773,12.72839877492455,12.554340951538238,12.714820861816406,99278731,0.0,0.0
2007-08-27 00:00:00-04:00,12.700746481767801,12.775307302568306,12.625938927345366,12.671859741210938,93352602,0.0,0.0
2007-08-28 00:00:00-04:00,12.629147616988066,12.714324602306007,12.487433653757037,12.502493858337402,131446855,0.0,0.0
2007-08-29 00:00:00-04:00,12.538045291512155,12.672846922212255,12.52298508800937,12.662477493286133,102354216,0.0,0.0
2007-08-30 00:00:00-04:00,12.649639977829661,12.724694268500622,12.605693976741156,12.62593936920166,106465569,0.0,0.0
2007-08-31 00:00:00-04:00,12.667910318182741,12.7518526900163,12.627667212987072,12.720991134643555,119550431,0.0,0.0
2007-09-04 00:00:00-04:00,12.715313111287944,13.035775652506352,12.705437149117426,12.965412139892578,148301796,0.0,0.0
2007-09-05 00:00:00-04:00,12.92220526593361,13.07231478457837,12.89381388382617,13.030838012695312,133012703,0.0,0.0
2007-09-06 00:00:00-04:00,13.069352177175764,13.080956219984685,12.794811395721359,12.925168991088867,145579631,0.0,0.0
2007-09-07 00:00:00-04:00,12.7854290767614,12.868877028633513,12.759258298611483,12.822214126586914,147093283,0.0,0.0
2007-09-10 00:00:00-04:00,12.869866303869903,12.889371496897686,12.613101655807615,12.701981544494629,129515644,0.0,0.0
2007-09-11 00:00:00-04:00,12.76395091528874,12.879001582564754,12.732842624547741,12.871101379394531,108549350,0.0,0.0
2007-09-12 00:00:00-04:00,12.851347818928698,13.035281579264083,12.813573943360229,12.903688430786133,119887690,0.0,0.0
2007-09-13 00:00:00-04:00,12.938500729502895,13.01627097482676,12.917761871371264,12.956276893615723,75927532,0.0,0.0
2007-09-14 00:00:00-04:00,12.917267597982404,13.091818868021372,12.893073523687505,13.054291725158691,111010541,0.0,0.0
2007-09-17 00:00:00-04:00,12.999483355722809,13.067377647615874,12.938749066152191,12.9691162109375,88229471,0.0,0.0
2007-09-18 00:00:00-04:00,12.99923626053517,13.264148776380702,12.943686215015006,13.215264320373535,169260059,0.0,0.0
2007-09-19 00:00:00-04:00,13.314021218128662,13.565353932631997,13.303898521621406,13.501163482666016,221904647,0.0,0.0
2007-09-20 00:00:00-04:00,13.504865359618437,13.746817450962139,13.480918018510222,13.648802757263184,221828362,0.0,0.0
2007-09-21 00:00:00-04:00,13.735459538049685,13.845325948673569,13.648802157336805,13.828289985656738,321669193,0.0,0.0
2007-09-24 00:00:00-04:00,13.85051090014485,14.108758756279277,13.825822412661115,14.023828506469727,212674178,0.0,0.0
2007-09-25 00:00:00-04:00,13.924577944839227,14.061848806040388,13.896433296612676,14.048022270202637,109633398,0.0,0.0
2007-09-26 00:00:00-04:00,14.082586973135639,14.116904686751253,13.919886486800003,14.027283668518066,134345680,0.0,0.0
2007-09-27 00:00:00-04:00,14.115422725728516,14.115670404676736,13.968523585267253,14.010988235473633,82560301,0.0,0.0
2007-09-28 00:00:00-04:00,13.998645423243326,14.061602199910556,13.927540765168601,14.005311012268066,105975740,0.0,0.0
2007-10-01 00:00:00-04:00,14.071970367311238,14.426997322594719,14.06308134050949,14.382556915283203,189158364,0.0,0.0
2007-10-02 00:00:00-04:00,14.40305093153493,14.734624058768024,14.319848760022388,14.427987098693848,283759629,0.0,0.0
2007-10-03 00:00:00-04:00,14.473906516268936,14.54155406397742,14.328488725721204,14.41884994506836,155761653,0.0,0.0
2007-10-04 00:00:00-04:00,14.445268451331806,14.445268451331806,14.247016569046803,14.295653343200684,119915795,0.0,0.0
2007-10-05 00:00:00-04:00,14.495139181822857,14.714624311321632,14.492669955209209,14.66648006439209,203507949,0.0,0.0
2007-10-08 00:00:00-04:00,14.6899366317167,15.066689420457527,14.664012585202475,15.050889015197754,201873847,0.0,0.0
2007-10-09 00:00:00-04:00,15.186431861920209,15.400485097384149,15.020521933979442,15.188159942626953,352026555,0.0,0.0
2007-10-10 00:00:00-04:00,15.340738147167388,15.447394194577143,15.228156711271556,15.440235137939453,216231462,0.0,0.0
2007-10-11 00:00:00-04:00,15.643919172929078,15.83575220990058,15.03558274590151,15.356538772583008,473729022,0.0,0.0
2007-10-12 00:00:00-04:00,15.405424863207896,15.761438824642983,15.26370899843201,15.736503601074219,273971076,0.0,0.0
2007-10-15 00:00:00-04:00,15.763166766040943,15.797483537791983,15.197295952497115,15.309876441955566,278793083,0.0,0.0
2007-10-16 00:00:00-04:00,15.269879981266651,15.453319342509547,15.109401972719658,15.208405494689941,241915372,0.0,0.0
2007-10-17 00:00:00-04:00,15.565161312726046,15.652806583971733,15.346417289729459,15.639968872070312,242124152,0.0,0.0
2007-10-18 00:00:00-04:00,15.687618179136903,15.834764065737344,15.51701747227843,15.791558265686035,493410518,0.0,0.0
2007-10-19 00:00:00-04:00,16.160411596499486,16.257439358791572,15.880685619159436,15.917224884033203,633927242,0.0,0.0
2007-10-22 00:00:00-04:00,15.768102895824157,16.17127411664287,15.709095750328832,16.06634521484375,267575192,0.0,0.0
2007-10-23 00:00:00-04:00,16.32558077010883,16.72924453207539,16.29471921571318,16.684064865112305,272766578,0.0,0.0
2007-10-24 00:00:00-04:00,16.608514664017875,16.72603548947108,16.283854828380896,16.685298919677734,297278110,0.0,0.0
2007-10-25 00:00:00-04:00,16.75590964229391,16.763069644286084,16.382364378603082,16.50482177734375,232688918,0.0,0.0
2007-10-26 00:00:00-04:00,16.641105761682567,16.703076552806586,16.49371219502161,16.655179977416992,134658850,0.0,0.0
2007-10-29 00:00:00-04:00,16.733441585134752,16.7884981587018,16.593208030256957,16.769487380981445,123111730,0.0,0.0
2007-10-30 00:00:00-04:00,16.727021811066763,17.280054852505444,16.727021811066763,17.153154373168945,277058606,0.0,0.0
2007-10-31 00:00:00-04:00,17.29931283763294,17.455101013183594,17.18450891268802,17.455101013183594,276103037,0.0,0.0
2007-11-01 00:00:00-04:00,17.35115800688231,17.621007025030668,17.32622184458281,17.361526489257812,262066622,0.0,0.0
2007-11-02 00:00:00-04:00,17.541758444090327,17.617553878274038,17.216605125608655,17.560028076171875,234535815,0.0,0.0
2007-11-05 00:00:00-05:00,17.454855968254574,18.028628000603828,17.432143236934557,17.915552139282227,356679932,0.0,0.0
2007-11-06 00:00:00-05:00,18.20959613927947,18.314029693603516,17.899503958849298,18.314029693603516,338716853,0.0,0.0
2007-11-07 00:00:00-05:00,18.297735835732926,18.448585563667706,17.853581267425426,18.09553337097168,332180444,0.0,0.0
2007-11-08 00:00:00-05:00,18.13651914138566,18.143677253307136,16.71887833069288,17.13019561767578,662963671,0.0,0.0
2007-11-09 00:00:00-05:00,16.684313224075044,16.83491528828823,16.3245944602167,16.392736434936523,457231416,0.0,0.0
2007-11-12 00:00:00-05:00,16.238921985654212,16.539880288484323,15.460479287638247,15.605155944824219,410625377,0.0,0.0
2007-11-13 00:00:00-05:00,15.924134840243466,16.317431963813505,15.605153684866746,16.30829620361328,339082217,0.0,0.0
2007-11-14 00:00:00-05:00,16.62258751718651,16.677150624264577,15.708849740902599,15.842416763305664,325001637,0.0,0.0
2007-11-15 00:00:00-05:00,15.765633567707303,15.98610562843809,15.405914900332473,15.54540729522705,279752666,0.0,0.0
2007-11-16 00:00:00-05:00,15.651325458568234,15.689592804204809,15.2088989789071,15.643671989440918,363067785,0.0,0.0
2007-11-19 00:00:00-05:00,15.543928480430598,15.721195722290851,15.270127887447194,15.451591491699219,221924722,0.0,0.0
2007-11-20 00:00:00-05:00,15.71403379380624,16.272498753749645,15.624906243872895,16.011781692504883,395099399,0.0,0.0
2007-11-21 00:00:00-05:00,15.894019220530483,16.54087169797445,15.852295707121037,16.307559967041016,281591533,0.0,0.0
2007-11-23 00:00:00-05:00,16.541608123246274,16.746034019043837,16.494948053858742,16.7070255279541,109958613,0.0,0.0
2007-11-26 00:00:00-05:00,16.79343882296518,17.119333320850075,16.418165454162306,16.442855834960938,272622038,0.0,0.0
2007-11-27 00:00:00-05:00,16.660115477622554,16.70035858116786,16.05424737656111,16.62974739074707,357515050,0.0,0.0
2007-11-28 00:00:00-05:00,16.840592124517954,17.1415504152224,16.594442728707534,17.091184616088867,317846919,0.0,0.0
2007-11-29 00:00:00-05:00,17.053904129083026,17.351160468861565,16.980330244981932,17.20821189880371,249250764,0.0,0.0
2007-11-30 00:00:00-05:00,17.55385343654646,17.555333837984698,16.84058921715939,17.109451293945312,317003771,0.0,0.0
2007-12-03 00:00:00-05:00,17.060321982913383,17.15883202706929,16.816641829351504,16.826271057128906,173652461,0.0,0.0
2007-12-04 00:00:00-05:00,16.746775851988417,17.084766895639046,16.717394697646,16.891204833984375,169906473,0.0,0.0
2007-12-05 00:00:00-05:00,17.102790132563737,17.255863311220434,16.97366807946252,17.245492935180664,169015145,0.0,0.0
2007-12-06 00:00:00-05:00,17.227961769647177,17.691127081360325,17.20845752487068,17.65903091430664,197096005,0.0,0.0
2007-12-07 00:00:00-05:00,17.652363404921182,17.7266784303995,17.541511009388206,17.64940071105957,154661545,0.0,0.0
2007-12-10 00:00:00-05:00,17.677054061792767,17.89456343980021,17.627922878696868,17.73704719543457,154826159,0.0,0.0
2007-12-11 00:00:00-05:00,17.774576275414507,17.800499375894898,17.252157074551146,17.26252555847168,246484434,0.0,0.0
2007-12-12 00:00:00-05:00,17.6279260469967,17.63582530505366,16.998356314264317,17.266231536865234,247287433,0.0,0.0
2007-12-13 00:00:00-05:00,17.191175605691395,17.22351945316005,16.81837339022276,17.135377883911133,202387766,0.0,0.0
2007-12-14 00:00:00-05:00,16.973914332395204,17.274872640384835,16.967741264952146,17.034400939941406,147490767,0.0,0.0
2007-12-17 00:00:00-05:00,16.986011318509433,17.16920300779367,16.38532930113518,16.522600173950195,220262515,0.0,0.0
2007-12-18 00:00:00-05:00,16.64431297161126,16.707268794617416,16.10954959571159,16.62431526184082,287742502,0.0,0.0
2007-12-19 00:00:00-05:00,16.645549077895716,16.776153400428306,16.516918624217517,16.72356605529785,177506855,0.0,0.0
2007-12-20 00:00:00-05:00,16.93243696234477,17.060078605451864,16.803560705723598,17.027734756469727,177551020,0.0,0.0
2007-12-21 00:00:00-05:00,17.229936952388066,17.264006987198634,17.115378823686218,17.2005558013916,216086922,0.0,0.0
2007-12-24 00:00:00-05:00,17.158584739239075,17.3002986907959,17.11093584782387,17.3002986907959,65380146,0.0,0.0
2007-12-26 00:00:00-05:00,17.25734022825914,17.60866429684668,17.23808366333002,17.54990577697754,101579322,0.0,0.0
2007-12-27 00:00:00-05:00,17.4568282816395,17.677300359914618,17.300546646118164,17.300546646118164,118141168,0.0,0.0
2007-12-28 00:00:00-05:00,17.40399570952195,17.47855653710179,17.196856670370106,17.344741821289062,102892225,0.0,0.0
2007-12-31 00:00:00-05:00,17.246974689143965,17.343754778869737,17.049708778351825,17.071929931640625,95404263,0.0,0.0
2008-01-02 00:00:00-05:00,17.10624602914819,17.21734611302222,16.732454994430793,16.91663360595703,172921733,0.0,0.0
2008-01-03 00:00:00-05:00,16.918365438841843,16.957619722140485,16.70258221213565,16.92009162902832,130587647,0.0,0.0
2008-01-04 00:00:00-05:00,16.78084470025932,16.812199721433647,16.171274652817697,16.220651626586914,215195594,0.0,0.0
2008-01-07 00:00:00-05:00,16.14510680922556,16.351013138031266,15.735516645228003,16.029314041137695,257096061,0.0,0.0
2008-01-08 00:00:00-05:00,16.12189552051482,16.293731772752118,15.578738419342928,15.595527648925781,214364490,0.0,0.0
2008-01-09 00:00:00-05:00,15.555037730869548,16.130291030801576,15.369130089801155,16.126834869384766,270598482,0.0,0.0
2008-01-10 00:00:00-05:00,15.924631677832332,16.225589965042598,15.803655635073866,15.967096328735352,254317685,0.0,0.0
2008-01-11 00:00:00-05:00,15.867599760717024,16.03474524430676,15.55676550347654,15.757733345031738,199826201,0.0,0.0
2008-01-14 00:00:00-05:00,16.075975137865377,16.230528697424074,15.930557339512724,16.142141342163086,178566813,0.0,0.0
2008-01-15 00:00:00-05:00,15.946602758520958,16.024373947098326,15.686875462297772,15.742918968200684,223562839,0.0,0.0
2008-01-16 00:00:00-05:00,15.528620899281123,15.80069340025359,14.861030624183327,15.207169532775879,423983259,0.0,0.0
2008-01-17 00:00:00-05:00,15.325923790168705,15.448874648809047,14.764249365964357,14.8328857421875,329903943,0.0,0.0
2008-01-18 00:00:00-05:00,15.019780043516434,15.060023143850549,14.775112014083174,14.819552421569824,342864341,0.0,0.0
2008-01-22 00:00:00-05:00,13.875940809868917,14.751658948212723,13.855448684205289,14.42699909210205,381484558,0.0,0.0
2008-01-23 00:00:00-05:00,13.843350862509276,14.023334057478797,12.813574540428263,13.544861793518066,681171664,0.0,0.0
2008-01-24 00:00:00-05:00,13.796198052993711,14.31194984421163,13.68114738104588,14.18356704711914,377445475,0.0,0.0
2008-01-25 00:00:00-05:00,14.611178596327841,14.689936725525424,13.978400438217733,13.983832359313965,279684411,0.0,0.0
2008-01-28 00:00:00-05:00,14.096660183345717,14.128015205019656,13.54436824857489,13.72657299041748,233540097,0.0,0.0
2008-01-29 00:00:00-05:00,13.837427078622255,13.858659405695821,13.348585361969084,13.591772079467773,252262009,0.0,0.0
2008-01-30 00:00:00-05:00,13.558934222249421,13.836437681585899,13.418700672944565,13.53622055053711,318774383,0.0,0.0
2008-01-31 00:00:00-05:00,13.307599516200638,14.14677831044529,13.191068464880718,13.931983947753906,597081651,0.0,0.0
2008-02-01 00:00:00-05:00,13.052315958975944,13.249828580478082,12.591373136725103,12.737038612365723,706658840,0.0,0.0
2008-02-04 00:00:00-05:00,12.568411493502687,12.660008266399467,12.16054952532695,12.23165512084961,528256642,0.0,0.0
2008-02-05 00:00:00-05:00,12.083522478879058,12.566685540751498,12.061055538302927,12.512370109558105,449811709,0.0,0.0
2008-02-06 00:00:00-05:00,12.61951885734737,12.620260003536904,12.293377665710754,12.386701583862305,306600924,0.0,0.0
2008-02-07 00:00:00-05:00,12.266960659274224,12.69482036876553,12.215113514744406,12.466693878173828,318344779,0.0,0.0
2008-02-08 00:00:00-05:00,12.576805757783108,12.782218571146046,12.559277273336626,12.756542205810547,274179856,0.0,0.0
2008-02-11 00:00:00-05:00,12.851100993487155,12.929858171649139,12.675316060860698,12.866901397705078,233913491,0.0,0.0
2008-02-12 00:00:00-05:00,12.921959199906482,13.099966642620412,12.666181506052101,12.791108131408691,267490877,0.0,0.0
2008-02-13 00:00:00-05:00,12.899986616343833,13.208351658963178,12.805921547287609,13.199216842651367,265981240,0.0,0.0
2008-02-14 00:00:00-05:00,13.291306183953962,13.357719120542232,13.109841647654092,13.140703201293945,260039050,0.0,0.0
2008-02-15 00:00:00-05:00,13.043428966563786,13.150826154367532,12.945167539962567,13.076265335083008,210389647,0.0,0.0
2008-02-19 00:00:00-05:00,13.207117916890926,13.210080611313998,12.504964065321275,12.565451622009277,254968114,0.0,0.0
2008-02-20 00:00:00-05:00,12.431141942030244,12.616309375843601,12.315351085162753,12.56668472290039,267486862,0.0,0.0
2008-02-21 00:00:00-05:00,12.661737257410506,12.670626285325735,12.332140837251345,12.415095329284668,227963272,0.0,0.0
2008-02-22 00:00:00-05:00,12.395343926481848,12.566684825828823,12.2839961644625,12.53705883026123,221462998,0.0,0.0
2008-02-25 00:00:00-05:00,12.491381463282725,12.504961264129536,11.992418079770125,12.009700775146484,336167332,0.0,0.0
2008-02-26 00:00:00-05:00,11.386553245111608,11.51666411739515,11.032266427701321,11.460372924804688,934983461,0.0,0.0
2008-02-27 00:00:00-05:00,11.360134717724689,11.739357669665084,11.348037207775839,11.674426078796387,406393575,0.0,0.0
2008-02-28 00:00:00-05:00,11.616160515073009,11.82823799294186,11.538636998757982,11.736888885498047,264463573,0.0,0.0
2008-02-29 00:00:00-05:00,11.649981975998097,11.844284203294293,11.471727830607252,11.632946014404297,378429149,0.0,0.0
2008-03-03 00:00:00-05:00,11.64109577636067,11.670968504270231,11.112750261645045,11.28335189819336,303312645,0.0,0.0
2008-03-04 00:00:00-05:00,11.133490190821863,11.192989859047215,10.75895802439566,10.976715087890625,546910299,0.0,0.0
2008-03-05 00:00:00-05:00,10.99276371859636,11.212989093433384,10.961903106378953,11.053252220153809,298578968,0.0,0.0
2008-03-06 00:00:00-05:00,11.053003815632305,11.191509285226608,10.645389499621,10.682916641235352,299923991,0.0,0.0
2008-03-07 00:00:00-05:00,10.588605182239624,10.863146927882926,10.523426852750653,10.698965072631836,324082204,0.0,0.0
2008-03-10 00:00:00-04:00,10.587368271666083,10.640943491265253,10.19753015681269,10.211849212646484,320701579,0.0,0.0
2008-03-11 00:00:00-04:00,10.499230262558248,10.86684917818621,10.484170058264146,10.859195709228516,354399416,0.0,0.0
2008-03-12 00:00:00-04:00,10.863391681487695,11.057693911699781,10.815495113979532,10.86758804321289,267073318,0.0,0.0
2008-03-13 00:00:00-04:00,10.682175729970872,11.035475573526975,10.586135853359018,10.937458992004395,310222448,0.0,0.0
2008-03-14 00:00:00-04:00,10.936719956594287,11.093741810905076,10.631564330971786,10.811793327331543,263961699,0.0,0.0
2008-03-17 00:00:00-04:00,10.56663096008212,10.707852397094364,10.174571240356507,10.366157531738281,316710676,0.0,0.0
2008-03-18 00:00:00-04:00,10.591072656061206,10.883883986367533,10.505895681407267,10.842406272888184,290573072,0.0,0.0
2008-03-19 00:00:00-04:00,10.890552194918195,11.048314247082734,10.65748722702015,10.665635108947754,248086416,0.0,0.0
2008-03-20 00:00:00-04:00,10.550091709552806,10.756984965252405,10.307646120079626,10.703903198242188,398022314,0.0,0.0
2008-03-24 00:00:00-04:00,10.824382997849428,11.499626650232974,10.806853569137793,11.370749473571777,271554050,0.0,0.0
2008-03-25 00:00:00-04:00,11.294214520995045,11.294461254596175,11.011279144939618,11.129292488098145,234138331,0.0,0.0
2008-03-26 00:00:00-04:00,11.173979947767918,11.42778185931624,11.092505863407649,11.312237739562988,209811488,0.0,0.0
2008-03-27 00:00:00-04:00,11.011280787267738,11.07571891637094,10.875245472202897,10.96387767791748,234162421,0.0,0.0
2008-03-28 00:00:00-04:00,11.04732515093475,11.19817486340794,10.722665320550394,10.815743446350098,175704123,0.0,0.0
2008-03-31 00:00:00-04:00,10.755502164909371,10.929559024150738,10.665881141633053,10.874749183654785,178522648,0.0,0.0
2008-04-01 00:00:00-04:00,11.054239841803163,11.517404255943257,11.032759835234893,11.497900009155273,244637537,0.0,0.0
2008-04-02 00:00:00-04:00,11.60134634439376,11.745529526054128,11.366554261633318,11.497652053833008,240859429,0.0,0.0
2008-04-03 00:00:00-04:00,11.39963748042595,11.43815155769134,11.063867064051594,11.236443519592285,272152284,0.0,0.0
2008-04-04 00:00:00-04:00,11.283105589164492,11.797131163682824,11.263107875147934,11.63072681427002,236772166,0.0,0.0
2008-04-07 00:00:00-04:00,11.777377196515504,11.985011551495724,11.690965608826412,11.77219295501709,238631108,0.0,0.0
2008-04-08 00:00:00-04:00,11.678869478830304,11.706026245980718,11.40654931710262,11.549745559692383,182561731,0.0,0.0
2008-04-09 00:00:00-04:00,11.582336860304153,11.653193845650366,11.296192012871794,11.460372924804688,242830791,0.0,0.0
2008-04-10 00:00:00-04:00,11.479383827773452,11.699115733741055,11.40260050756881,11.58110237121582,203656504,0.0,0.0
2008-04-11 00:00:00-04:00,11.45740986009058,11.53616799137561,11.23372833481202,11.29396915435791,167413162,0.0,0.0
2008-04-14 00:00:00-04:00,11.286807655981216,11.293967657028704,11.113738689547375,11.151019096374512,154280120,0.0,0.0
2008-04-15 00:00:00-04:00,11.310757692314706,11.350011970727186,10.954988615690272,11.032018661499023,183790319,0.0,0.0
2008-04-16 00:00:00-04:00,10.97177537415868,11.314459013419516,10.887833962762848,11.234219551086426,306372069,0.0,0.0
2008-04-17 00:00:00-04:00,11.249033885551798,11.341370863206269,11.024117774526271,11.098678588867188,536122013,0.0,0.0
2008-04-18 00:00:00-04:00,13.213782925097416,13.522147952429806,12.956029485414504,13.317476272583008,732158060,0.0,0.0
2008-04-21 00:00:00-04:00,13.316982072434923,13.395986928459434,13.09231174723849,13.27747917175293,298703433,0.0,0.0
2008-04-22 00:00:00-04:00,13.272048355341314,13.846314719921207,13.27180162171756,13.702377319335938,318730218,0.0,0.0
2008-04-23 00:00:00-04:00,13.774962944908662,13.808787193236048,13.355497834691253,13.492274284362793,197597880,0.0,0.0
2008-04-24 00:00:00-04:00,13.610782569756166,13.689786487857075,13.332536994320453,13.407097816467285,166023975,0.0,0.0
2008-04-25 00:00:00-04:00,13.554736973018887,13.65299839512346,13.399443219775431,13.432279586791992,167200368,0.0,0.0
2008-04-28 00:00:00-04:00,13.477215065139877,13.74706508926851,13.3073545555797,13.631274223327637,160945009,0.0,0.0
2008-04-29 00:00:00-04:00,13.599426074897691,13.909765947145758,13.57918068156733,13.78804874420166,174491595,0.0,0.0
2008-04-30 00:00:00-04:00,13.880384675847951,14.43959083269499,13.788047690054613,14.178627014160156,317304895,0.0,0.0
2008-05-01 00:00:00-04:00,14.277878013940693,14.688209284019536,14.244794909353786,14.642534255981445,265101957,0.0,0.0
2008-05-02 00:00:00-04:00,14.776101256515709,14.873870168257984,14.30232068427349,14.351451873779297,281001329,0.0,0.0
2008-05-05 00:00:00-04:00,14.785235523254558,14.78869168446962,14.495633603191443,14.687466621398926,252181709,0.0,0.0
2008-05-06 00:00:00-04:00,14.59117882866066,14.615868260001523,14.393667159291684,14.47662353515625,185866070,0.0,0.0
2008-05-07 00:00:00-04:00,14.573158890824676,14.80079099833866,14.2314639959139,14.294914245605469,265511486,0.0,0.0
2008-05-08 00:00:00-04:00,14.472674251963763,14.54920988886794,14.29269105128459,14.393915176391602,205684075,0.0,0.0
2008-05-09 00:00:00-04:00,14.294913441605313,14.44304720577358,14.104808491523016,14.151717185974121,180068420,0.0,0.0
2008-05-12 00:00:00-04:00,14.189985129574271,14.486251705321243,14.045800997628197,14.441564559936523,195285244,0.0,0.0
2008-05-13 00:00:00-04:00,14.473413224383666,14.51587787425125,14.283801756280583,14.393667221069336,207314163,0.0,0.0
2008-05-14 00:00:00-04:00,14.479832760274519,14.595870344469816,14.202328358207428,14.228251457214355,175688063,0.0,0.0
2008-05-15 00:00:00-04:00,14.294910913332584,14.392432125394157,14.211214344593891,14.34428882598877,174359100,0.0,0.0
2008-05-16 00:00:00-04:00,14.354907586571581,14.435146118329138,14.278124270930968,14.321330070495605,171604815,0.0,0.0
2008-05-19 00:00:00-04:00,14.28380289479205,14.538839438611348,14.15961741751822,14.258373260498047,225020282,0.0,0.0
2008-05-20 00:00:00-04:00,14.18702140002668,14.38082922628925,14.144555805659754,14.285036087036133,133040807,0.0,0.0
2008-05-21 00:00:00-04:00,14.283061015149913,14.3544124010985,13.52683766448434,13.57868480682373,259693761,0.0,0.0
2008-05-22 00:00:00-04:00,13.627075815933548,13.682872590495213,13.338215035807384,13.56559944152832,203813089,0.0,0.0
2008-05-23 00:00:00-04:00,13.503879450111379,13.653000155746696,13.277975425572421,13.446106910705566,177924414,0.0,0.0
2008-05-27 00:00:00-04:00,13.45450046831542,13.890013664336553,13.4270950752622,13.848041534423828,155199554,0.0,0.0
2008-05-28 00:00:00-04:00,14.021852946283273,14.109499157844265,13.852980324083592,14.02925968170166,162623276,0.0,0.0
2008-05-29 00:00:00-04:00,14.190971309092316,14.464771876110301,14.151716086791527,14.393667221069336,194526410,0.0,0.0
2008-05-30 00:00:00-04:00,14.40527136589328,14.564515694709792,14.351697085963748,14.462797164916992,129491554,0.0,0.0
2008-06-02 00:00:00-04:00,14.381322975222767,14.41564068936332,14.104066247085076,14.196155548095703,147518872,0.0,0.0
2008-06-03 00:00:00-04:00,14.233189680620015,14.331946464226714,13.840883233330974,14.006051063537598,172857493,0.0,0.0
2008-06-04 00:00:00-04:00,13.957415227945592,14.27022431467098,13.93815771529605,14.127522468566895,135032244,0.0,0.0
2008-06-05 00:00:00-04:00,14.2475094447736,14.518100588342936,14.22602944056666,14.475141525268555,157255230,0.0,0.0
2008-06-06 00:00:00-04:00,14.31342869876537,14.337376984057272,13.998644828796387,13.998644828796387,190089843,0.0,0.0
2008-06-09 00:00:00-04:00,14.024815693585353,14.072712267692536,13.465363742441966,13.773234367370605,212324874,0.0,0.0
2008-06-10 00:00:00-04:00,13.568068731095764,13.7966896419676,13.499434245518406,13.681885719299316,146844353,0.0,0.0
2008-06-11 00:00:00-04:00,13.732991324784285,13.760149037895449,13.442154792070935,13.460424423217773,153087667,0.0,0.0
2008-06-12 00:00:00-04:00,13.54831920587665,13.77644476739326,13.501903033428635,13.651765823364258,220487355,0.0,0.0
2008-06-13 00:00:00-04:00,13.862608020129246,14.213438639793756,13.858905125246714,14.109992027282715,248303226,0.0,0.0
2008-06-16 00:00:00-04:00,13.986298827436928,14.297378818177597,13.986298827436928,14.142086029052734,142243171,0.0,0.0
2008-06-17 00:00:00-04:00,14.229487772302342,14.271953371812023,14.032716282969055,14.059380531311035,139035192,0.0,0.0
2008-06-18 00:00:00-04:00,13.937168912710073,14.047775527301843,13.805083238870258,13.884581565856934,135754943,0.0,0.0
2008-06-19 00:00:00-04:00,13.711018568245262,13.919146399400592,13.5989296658003,13.830759048461914,228176066,0.0,0.0
2008-06-20 00:00:00-04:00,13.751260716607451,13.751260716607451,13.443390116829832,13.490792274475098,240221045,0.0,0.0
2008-06-23 00:00:00-04:00,13.464375273431452,13.656702707658788,13.381914252629006,13.460672378540039,145981130,0.0,0.0
2008-06-24 00:00:00-04:00,13.458944100262313,13.608312468586625,13.211066628927117,13.388827323913574,187604562,0.0,0.0
2008-06-25 00:00:00-04:00,13.454746584056315,13.771506213432179,13.422650417715737,13.603621482849121,165506041,0.0,0.0
2008-06-26 00:00:00-04:00,13.433266934691346,13.453758112560074,13.042193239922833,13.056018829345703,227228528,0.0,0.0
2008-06-27 00:00:00-04:00,13.027875904285352,13.085154028988981,12.71704069009901,13.037503242492676,218716743,0.0,0.0
2008-06-30 00:00:00-04:00,13.146135408243703,13.282664179252034,12.913811601255242,12.996766090393066,151176531,0.0,0.0
2008-07-01 00:00:00-04:00,12.827895121277662,13.251064095875275,12.76419719488337,13.201932907104492,199139637,0.0,0.0
2008-07-02 00:00:00-04:00,13.245877717335214,13.341424125666324,12.987878497751932,13.012073516845703,169553154,0.0,0.0
2008-07-03 00:00:00-04:00,13.10688102028279,13.313035021068176,13.02343305256849,13.257978439331055,96379907,0.0,0.0
2008-07-07 00:00:00-04:00,13.388828737111618,13.554244260975468,13.223412267908165,13.42857837677002,170845981,0.0,0.0
2008-07-08 00:00:00-04:00,13.479929214994643,13.707068781524342,13.332043133873556,13.690773963928223,198035514,0.0,0.0
2008-07-09 00:00:00-04:00,13.597696143383617,13.719166604598936,13.350065391403824,13.37031078338623,166782808,0.0,0.0
2008-07-10 00:00:00-04:00,13.455488057861034,13.56658813870638,13.10292935878011,13.346115112304688,173917451,0.0,0.0
2008-07-11 00:00:00-04:00,13.245632868399356,13.319699283211568,12.82419195248444,13.178972244262695,200002860,0.0,0.0
2008-07-14 00:00:00-04:00,13.307353034433522,13.3335238128595,12.725928598822732,12.878259658813477,177655409,0.0,0.0
2008-07-15 00:00:00-04:00,12.746420511144734,13.023431467001572,12.371641594322835,12.741729736328125,243750224,0.0,0.0
2008-07-16 00:00:00-04:00,12.691117327190646,13.245631766255245,12.606187076396628,13.223411560058594,190398997,0.0,0.0
2008-07-17 00:00:00-04:00,13.187859201268799,13.259209644111095,12.949363284382482,13.170082092285156,352813493,0.0,0.0
2008-07-18 00:00:00-04:00,12.303748082546072,12.3193017550399,11.806018273328695,11.883295059204102,453389067,0.0,0.0
2008-07-21 00:00:00-04:00,11.872431525553136,11.951683121612666,11.497652605231963,11.574189186096191,236944811,0.0,0.0
2008-07-22 00:00:00-04:00,11.52283433488652,11.856876649265715,11.495182210440406,11.779353141784668,188363396,0.0,0.0
2008-07-23 00:00:00-04:00,11.890452385819797,12.276093191493315,11.803793123880903,12.07833480834961,196497772,0.0,0.0
2008-07-24 00:00:00-04:00,12.263011499545133,12.267208807380968,11.742568016052246,11.742568016052246,142166886,0.0,0.0
2008-07-25 00:00:00-04:00,12.010935870028026,12.174870980631614,11.887738276125745,12.146478652954102,127817302,0.0,0.0
2008-07-28 00:00:00-04:00,12.149193847167853,12.149193847167853,11.730468960074232,11.779600143432617,126873778,0.0,0.0
2008-07-29 00:00:00-04:00,11.83342136690183,12.029946103838904,11.801327091046495,11.92748737335205,112532223,0.0,0.0
2008-07-30 00:00:00-04:00,11.98649491770655,11.999332628475393,11.673190491858985,11.917365074157715,140151360,0.0,0.0
2008-07-31 00:00:00-04:00,11.716397392997726,11.872678089596242,11.639367345987235,11.696398735046387,115033564,0.0,0.0
2008-08-01 00:00:00-04:00,11.665784497995608,11.683313929948039,11.418649096595392,11.550980567932129,120766974,0.0,0.0
2008-08-04 00:00:00-04:00,11.557400105403575,11.67812942124101,11.403835365117802,11.43099308013916,99852875,0.0,0.0
2008-08-05 00:00:00-04:00,11.544316574511566,11.852681638309416,11.513207337645705,11.847002983093262,143917423,0.0,0.0
2008-08-06 00:00:00-04:00,11.810461191631964,12.091916179629855,11.665783596476098,12.007232666015625,135538133,0.0,0.0
2008-08-07 00:00:00-04:00,11.900082250236155,11.949461114533673,11.762071188903331,11.828978538513184,111367875,0.0,0.0
2008-08-08 00:00:00-04:00,11.854408065058218,12.239556396675944,11.74429491918142,12.221285820007324,150132633,0.0,0.0
2008-08-11 00:00:00-04:00,12.158576430108988,12.563722495391914,12.141540465924527,12.365222930908203,170207597,0.0,0.0
2008-08-12 00:00:00-04:00,12.39386103841289,12.495827246024042,12.295106149034808,12.408921241760254,110641162,0.0,0.0
2008-08-13 00:00:00-04:00,12.383987092451427,12.431882721636027,12.193387728863172,12.34522533416748,145563571,0.0,0.0
2008-08-14 00:00:00-04:00,12.287699757389202,12.53236685788629,12.25288762985435,12.480026245117188,117181585,0.0,0.0
2008-08-15 00:00:00-04:00,12.517060531581139,12.60766943756498,12.480273588009492,12.595077514648438,142359606,0.0,0.0
2008-08-18 00:00:00-04:00,12.587424299416659,12.591373928170878,12.233630962588832,12.30251407623291,133855851,0.0,0.0
2008-08-19 00:00:00-04:00,12.108209595616005,12.30201836866774,12.014392215155063,12.109938621520996,122316761,0.0,0.0
2008-08-20 00:00:00-04:00,12.214126032943318,12.262763751476909,11.914155621738535,11.974149703979492,159881036,0.0,0.0
2008-08-21 00:00:00-04:00,11.922796232719348,12.095125958994142,11.832681740979933,12.011923789978027,141090868,0.0,0.0
2008-08-22 00:00:00-04:00,12.134627621661123,12.218076522266042,12.084756235393224,12.112160682678223,92232419,0.0,0.0
2008-08-25 00:00:00-04:00,12.001554887793558,12.270417006584779,11.887737901709393,11.925018310546875,80874004,0.0,0.0
2008-08-26 00:00:00-04:00,11.936128902135941,11.936128902135941,11.618381361106188,11.706521987915039,132823998,0.0,0.0
2008-08-27 00:00:00-04:00,11.695904279401857,11.72306293892294,11.476420072701051,11.568757057189941,176141757,0.0,0.0
2008-08-28 00:00:00-04:00,11.665288403805128,11.763056347163797,11.611960864400114,11.697137832641602,121642242,0.0,0.0
2008-08-29 00:00:00-04:00,11.597642422740638,11.628750709690355,11.414450752935917,11.438151359558105,154504960,0.0,0.0
2008-09-02 00:00:00-04:00,11.770960420746393,11.904528399398373,11.391985115696285,11.486543655395508,245376296,0.0,0.0
2008-09-03 00:00:00-04:00,11.57245917328526,11.709730027346176,11.346555181001635,11.465802192687988,173230887,0.0,0.0
2008-09-04 00:00:00-04:00,11.356925832219982,11.436918576278988,11.095222751296603,11.116455078125,194666935,0.0,0.0
2008-09-05 00:00:00-04:00,10.998689629654699,11.170771686541467,10.865121653147334,10.9680757522583,182051827,0.0,0.0
2008-09-08 00:00:00-04:00,11.159906382471528,11.182620053910417,10.30887775961138,10.368131637573242,362068052,0.0,0.0
2008-09-09 00:00:00-04:00,10.447630490533923,10.675016786083503,10.245921506964013,10.336282730102539,290267933,0.0,0.0
2008-09-10 00:00:00-04:00,10.47972560280914,10.479973281760183,10.114576873846673,10.225183486938477,250005583,0.0,0.0
2008-09-11 00:00:00-04:00,10.081739931235283,10.741923472809143,10.033103157110862,10.708840370178223,259826256,0.0,0.0
2008-09-12 00:00:00-04:00,10.621440384861646,10.912275971878666,10.591566711408117,10.805374145507812,242023777,0.0,0.0
2008-09-15 00:00:00-04:00,10.46812205186137,10.91178215305208,10.460962050739692,10.711554527282715,263680649,0.0,0.0
2008-09-16 00:00:00-04:00,10.51651139895119,11.092258074053499,10.504908303096249,10.935483932495117,280676114,0.0,0.0
2008-09-17 00:00:00-04:00,10.825619032727856,10.841913850307593,10.207407625870994,10.233330726623535,366444394,0.0,0.0
2008-09-18 00:00:00-04:00,10.434545895846508,10.84290234773587,10.13482219756948,10.840433120727539,344863807,0.0,0.0
2008-09-19 00:00:00-04:00,11.381614920748278,11.40803148899858,10.944125959335626,11.08905029296875,401740198,0.0,0.0
2008-09-22 00:00:00-04:00,11.212001140816772,11.212001140816772,10.591567235345053,10.619712829589844,176952786,0.0,0.0
2008-09-23 00:00:00-04:00,10.696496571150378,10.882651912720615,10.510588908572478,10.598235130310059,208948265,0.0,0.0
2008-09-24 00:00:00-04:00,10.624649769103373,10.986590010270948,10.618972060105879,10.742416381835938,170316002,0.0,0.0
2008-09-25 00:00:00-04:00,10.834507439365893,11.110036108737356,10.763897191299735,10.853271484375,201564693,0.0,0.0
2008-09-26 00:00:00-04:00,10.56687725664518,10.793027967834188,10.394795233047684,10.641931533813477,212493504,0.0,0.0
2008-09-29 00:00:00-04:00,10.35726939749539,10.456025236791554,9.399337000050979,9.40649700164795,432129680,0.0,0.0
2008-09-30 00:00:00-04:00,9.776336916886995,10.494785466118904,9.685974752285578,9.88842487335205,123914728,0.0,0.0
2008-10-01 00:00:00-04:00,10.15086946372226,10.2948059127032,9.952123175090028,10.164941787719727,250326782,0.0,0.0
2008-10-02 00:00:00-04:00,10.11729514931796,10.121985925029026,9.529944234647584,9.640796661376953,240293315,0.0,0.0
2008-10-03 00:00:00-04:00,9.810160686328944,10.18419841236292,9.457602017510588,9.552408218383789,320914374,0.0,0.0
2008-10-06 00:00:00-04:00,9.233180761540046,9.282805417054963,8.817911994164863,9.16479206085205,450506303,0.0,0.0
2008-10-07 00:00:00-04:00,9.217132827584882,9.25786940110557,8.52682978974594,8.542630195617676,443833384,0.0,0.0
2008-10-08 00:00:00-04:00,8.151311434731335,8.863093601470514,8.051320966272662,8.347587585449219,474829130,0.0,0.0
2008-10-09 00:00:00-04:00,8.505844138497576,8.605834596707506,7.941700453848208,8.122177124023438,324210683,0.0,0.0
2008-10-10 00:00:00-04:00,7.731596738922872,8.440909938915977,7.66098603077957,8.196736335754395,425500926,0.0,0.0
2008-10-13 00:00:00-04:00,8.784090573011936,9.429954270090306,8.536213030578416,9.40699291229248,357555200,0.0,0.0
2008-10-14 00:00:00-04:00,9.715849204761492,9.739797489327508,8.813961326727954,8.954935073852539,312559174,0.0,0.0
2008-10-15 00:00:00-04:00,8.755942025739373,8.863339205434755,8.365362739652392,8.373756408691406,269863738,0.0,0.0
2008-10-16 00:00:00-04:00,8.215502065756102,8.801618283499,7.639754805304446,8.715700149536133,652022815,0.0,0.0
2008-10-17 00:00:00-04:00,9.356132154949552,9.529942280994293,8.97567364359533,9.197628021240234,572104380,0.0,0.0
2008-10-20 00:00:00-04:00,9.375635007022968,9.406002147305133,8.877905260024795,9.365018844604492,271148536,0.0,0.0
2008-10-21 00:00:00-04:00,9.19392458254022,9.475131879974537,8.937405770819593,8.955923080444336,232146894,0.0,0.0
2008-10-22 00:00:00-04:00,8.813714701644999,9.12726395259709,8.493004504187516,8.78112506866455,263383540,0.0,0.0
2008-10-23 00:00:00-04:00,8.731254031460807,8.838650271855906,8.344624351884116,8.698417663574219,260127380,0.0,0.0
2008-10-24 00:00:00-04:00,8.060207521099112,8.652741592402302,8.017496137192813,8.37671947479248,295463334,0.0,0.0
2008-10-27 00:00:00-04:00,8.266114942745162,8.46831838577402,8.038729539804182,8.134769439697266,248957670,0.0,0.0
2008-10-28 00:00:00-04:00,8.37079437966535,9.117881947433242,8.110572686726307,9.104056358337402,325431241,0.0,0.0
2008-10-29 00:00:00-04:00,9.030978145491103,9.1596076629054,8.699651756422242,8.838650703430176,391726805,0.0,0.0
2008-10-30 00:00:00-04:00,9.096897365091554,9.184295895324777,8.847785273487935,8.880374908447266,320753774,0.0,0.0
2008-10-31 00:00:00-04:00,8.79322281092001,9.183307701255455,8.746560853312998,8.872227668762207,298044974,0.0,0.0
2008-11-03 00:00:00-05:00,8.828282080084762,8.961849103897515,8.42955393226952,8.55448055267334,239072757,0.0,0.0
2008-11-04 00:00:00-05:00,8.726069772003639,9.19318476180243,8.530038478290692,9.059370994567871,295097969,0.0,0.0
2008-11-05 00:00:00-05:00,8.941109178467253,9.107265817811726,8.426591178292375,8.449551582336426,278901487,0.0,0.0
2008-11-06 00:00:00-05:00,8.39350873541477,8.503374201721979,8.043912733977223,8.177480697631836,344277618,0.0,0.0
2008-11-07 00:00:00-05:00,8.224390107361732,8.422643911920133,8.032062637343575,8.175506591796875,187953866,0.0,0.0
2008-11-10 00:00:00-05:00,8.097981979752554,8.133534310191907,7.64049529499161,7.870349884033203,324415448,0.0,0.0
2008-11-11 00:00:00-05:00,7.621237987491885,7.8091204384908535,7.419529000470502,7.6896257400512695,407385278,0.0,0.0
2008-11-12 00:00:00-05:00,7.457303368938228,7.715055392862387,7.104497927314583,7.1844892501831055,403550960,0.0,0.0
2008-11-13 00:00:00-05:00,7.2035000212997025,7.72764778069143,6.912910683525255,7.704932689666748,531372276,0.0,0.0
2008-11-14 00:00:00-05:00,7.486930124411695,8.023667936833908,7.469894632645619,7.654074668884277,382110897,0.0,0.0
2008-11-17 00:00:00-05:00,7.480757373932495,7.657531143610249,7.356078903661233,7.409653186798096,302883041,0.0,0.0
2008-11-18 00:00:00-05:00,7.4454524610802775,7.498780481387683,7.04499718720137,7.342992782592773,335095329,0.0,0.0
2008-11-19 00:00:00-05:00,7.292874635726854,7.411380979451983,6.8778526267217766,6.917354583740234,314558640,0.0,0.0
2008-11-20 00:00:00-05:00,6.786750247661838,6.9854965365513335,6.39543026424402,6.408267974853516,392642224,0.0,0.0
2008-11-21 00:00:00-05:00,6.4811012719837064,6.650468314058333,6.105582133462897,6.479126930236816,411315956,0.0,0.0
2008-11-24 00:00:00-05:00,6.647751889691535,6.66478643535899,6.1477996256614516,6.355927467346191,403695499,0.0,0.0
2008-11-25 00:00:00-05:00,6.633432088175038,7.077340384314089,6.599855045044775,6.963523864746094,432462924,0.0,0.0
2008-11-26 00:00:00-05:00,6.91982377554502,7.2946026794548295,6.819092651250189,7.211400985717773,255217044,0.0,0.0
2008-11-28 00:00:00-05:00,7.1741211157610705,7.319045455087797,7.117335985060976,7.232880115509033,103004645,0.0,0.0
2008-12-01 00:00:00-05:00,7.077834185988991,7.095115939285645,6.566772252111705,6.567018985748291,229304279,0.0,0.0
2008-12-02 00:00:00-05:00,6.659356088430498,6.858102872048236,6.482830457911353,6.792182922363281,234463545,0.0,0.0
2008-12-03 00:00:00-05:00,6.662317879640284,6.946487403442747,6.550970594968985,6.898837566375732,237077306,0.0,0.0
2008-12-04 00:00:00-05:00,6.82723964223686,6.999074467362706,6.635653839909793,6.773171424865723,196196647,0.0,0.0
2008-12-05 00:00:00-05:00,6.691204444369525,7.0175918990843345,6.518381252187579,7.011420249938965,261825722,0.0,0.0
2008-12-08 00:00:00-05:00,7.159554367590795,7.639754228779702,6.9622894249241165,7.458784103393555,326993073,0.0,0.0
2008-12-09 00:00:00-05:00,7.349659351459525,7.8510920138181515,7.332870121513238,7.554083824157715,276629001,0.0,0.0
2008-12-10 00:00:00-05:00,7.634816774986199,7.7745559182703206,7.518037565421782,7.624447345733643,210265182,0.0,0.0
2008-12-11 00:00:00-05:00,7.5096439588229265,7.7246850826713995,7.352375846172667,7.41212272644043,248094446,0.0,0.0
2008-12-12 00:00:00-05:00,7.300774954240156,7.8133181958790265,7.258556563450452,7.795788764953613,229741913,0.0,0.0
2008-12-15 00:00:00-05:00,7.752582216099243,7.8631893006183,7.532850812062457,7.670121669769287,270526212,0.0,0.0
2008-12-16 00:00:00-05:00,7.765172982514893,8.135013349744476,7.684933055490129,8.0308256149292,283442445,0.0,0.0
2008-12-17 00:00:00-05:00,7.866892282175423,7.953056664428405,7.7133270877588,7.782949447631836,232456049,0.0,0.0
2008-12-18 00:00:00-05:00,7.818996561939329,7.909111054865132,7.6316075743104355,7.660492897033691,191254191,0.0,0.0
2008-12-19 00:00:00-05:00,7.678022232537799,7.845906972405913,7.628891518552621,7.657777786254883,225345496,0.0,0.0
2008-12-22 00:00:00-05:00,7.618027222622155,7.641234360205672,7.175354074669238,7.335338592529297,157291365,0.0,0.0
2008-12-23 00:00:00-05:00,7.41730682006885,7.488410531576915,7.324475897852209,7.357806205749512,151674390,0.0,0.0
2008-12-24 00:00:00-05:00,7.443230178722158,7.563218345980292,7.366694071041544,7.479523181915283,77148090,0.0,0.0
2008-12-26 00:00:00-05:00,7.507173724177481,7.536553929435398,7.364965835665913,7.415578365325928,78657728,0.0,0.0
2008-12-29 00:00:00-05:00,7.412122152969549,7.440760741044723,7.198809126400408,7.342992782592773,148631025,0.0,0.0
2008-12-30 00:00:00-05:00,7.4264404922318095,7.574820968866782,7.374841502897404,7.4834723472595215,154316255,0.0,0.0
2008-12-31 00:00:00-05:00,7.510384046194006,7.678268782036311,7.471128350001499,7.5955610275268555,115904817,0.0,0.0
2009-01-02 00:00:00-05:00,7.6190159921941945,7.945404413660041,7.542480825860119,7.933060169219971,144961322,0.0,0.0
2009-01-05 00:00:00-05:00,7.925159116760644,8.177974581495707,7.777025354503784,8.099215507507324,196293007,0.0,0.0
2009-01-06 00:00:00-05:00,8.220930592845544,8.413998185108603,8.058230135181375,8.247594833374023,257971329,0.0,0.0
2009-01-07 00:00:00-05:00,8.10588241512697,8.169826130619896,7.8696094363143185,7.950095176696777,180453860,0.0,0.0
2009-01-08 00:00:00-05:00,7.858004766767268,8.028604507446289,7.834796210304259,8.028604507446289,144567852,0.0,0.0
2009-01-09 00:00:00-05:00,8.085637430548076,8.085637430548076,7.737522292809341,7.77875280380249,174270770,0.0,0.0
2009-01-12 00:00:00-05:00,7.8093674073752855,7.874546679520307,7.659258828948591,7.7199931144714355,132667413,0.0,0.0
2009-01-13 00:00:00-05:00,7.6972785422834376,7.915282800639366,7.663208035763642,7.760235786437988,177964564,0.0,0.0
2009-01-14 00:00:00-05:00,7.653580584829177,7.747398445585395,7.351140464446429,7.430639266967773,219535801,0.0,0.0
2009-01-15 00:00:00-05:00,7.346696006113457,7.495076966863333,7.080548431684493,7.381753921508789,238269759,0.0,0.0
2009-01-16 00:00:00-05:00,7.530628559972423,7.610374566489022,7.300528192294903,7.398543357849121,209759293,0.0,0.0
2009-01-20 00:00:00-05:00,7.385458023172903,7.394346578714833,6.980806827545166,6.980806827545166,202684876,0.0,0.0
2009-01-21 00:00:00-05:00,7.119063519420957,7.493100779044577,7.119063519420957,7.48273229598999,197718329,0.0,0.0
2009-01-22 00:00:00-05:00,7.35830018655724,7.637532700865857,7.286949263786369,7.567168712615967,331919470,0.0,0.0
2009-01-23 00:00:00-05:00,7.635557989553276,8.19575016114401,7.510878096071806,8.016508102416992,430921167,0.0,0.0
2009-01-26 00:00:00-05:00,8.020210566076289,8.097980804960283,7.914295209013997,7.996015548706055,185119281,0.0,0.0
2009-01-27 00:00:00-05:00,8.059714391062853,8.242907035036042,8.00589242345974,8.183899879455566,197830749,0.0,0.0
2009-01-28 00:00:00-05:00,8.3443765633665,8.698664282968455,8.30314652651027,8.608302116394043,308809170,0.0,0.0
2009-01-29 00:00:00-05:00,8.506336722841189,8.518927699419738,8.396964725977174,8.476216316223145,292444059,0.0,0.0
2009-01-30 00:00:00-05:00,8.510039307129405,8.611511098229233,8.295492628534598,8.357955932617188,187580472,0.0,0.0
2009-02-02 00:00:00-05:00,8.253275309421205,8.517693389713198,8.196737388925747,8.40832233428955,209056670,0.0,0.0
2009-02-03 00:00:00-05:00,8.45769797395922,8.468315080400492,8.241916700513231,8.40535831451416,263243015,0.0,0.0
2009-02-04 00:00:00-05:00,8.395977756077228,8.750758975922858,8.373757549113447,8.468317031860352,273718132,0.0,0.0
2009-02-05 00:00:00-05:00,8.416715520218782,8.773964975216012,8.320182180983515,8.732980728149414,291665150,0.0,0.0
2009-02-06 00:00:00-05:00,8.800630227479498,9.22898438453663,8.77544638131003,9.166521072387695,282579221,0.0,0.0
2009-02-09 00:00:00-05:00,9.166521608400643,9.406497963191985,9.068258280954785,9.351441383361816,199838246,0.0,0.0
2009-02-10 00:00:00-05:00,9.282558937527986,9.320086083561842,8.835936080328274,8.851243019104004,285213056,0.0,0.0
2009-02-11 00:00:00-05:00,8.862104694142237,9.011473056770892,8.71520461286432,8.839637756347656,210048373,0.0,0.0
2009-02-12 00:00:00-05:00,8.71915475994363,8.977401637816556,8.67767704747835,8.963329315185547,222844155,0.0,0.0
2009-02-13 00:00:00-05:00,8.942098250291387,8.961850177035831,8.770262915924375,8.830751419067383,166489714,0.0,0.0
2009-02-17 00:00:00-05:00,8.554973835013275,8.569293838077796,8.38659563156503,8.459921836853027,228067661,0.0,0.0
2009-02-18 00:00:00-05:00,8.572996931379464,8.724586837066175,8.407086078536457,8.717920303344727,241883252,0.0,0.0
2009-02-19 00:00:00-05:00,8.825564415530296,8.883089267022353,8.429059740403112,8.459426879882812,200295955,0.0,0.0
2009-02-20 00:00:00-05:00,8.346106789913273,8.614475477185799,8.270805761385297,8.553494453430176,249616129,0.0,0.0
2009-02-23 00:00:00-05:00,8.567073405707745,8.63620326549137,8.136250886135352,8.148842811584473,209626799,0.0,0.0
2009-02-24 00:00:00-05:00,8.172542235482762,8.631756969134807,8.16933186253548,8.528803825378418,244749957,0.0,0.0
2009-02-25 00:00:00-05:00,8.447330090196546,8.69792447700265,8.367585973241058,8.434739112854004,258529413,0.0,0.0
2009-02-26 00:00:00-05:00,8.541394183276497,8.702613315529053,8.324131548074735,8.324625015258789,225064447,0.0,0.0
2009-02-27 00:00:00-05:00,8.220192313142674,8.48856097071936,8.174764022068622,8.344624519348145,217612620,0.0,0.0
2009-03-02 00:00:00-05:00,8.22957391868512,8.411531927158762,8.048603790026181,8.077242851257324,232407869,0.0,0.0
2009-03-03 00:00:00-05:00,8.149089199091993,8.238463505791751,7.958490752449249,8.0357666015625,261970262,0.0,0.0
2009-03-04 00:00:00-05:00,7.978486747594002,8.122670874137805,7.786406049722523,7.873805522918701,313908211,0.0,0.0
2009-03-05 00:00:00-05:00,7.813565045730317,7.877756436866331,7.471869703777973,7.545936584472656,262175027,0.0,0.0
2009-03-06 00:00:00-05:00,7.584944378601475,7.658270579025703,7.2647285985445,7.618274211883545,290452622,0.0,0.0
2009-03-09 00:00:00-04:00,7.406196796980541,7.568897291717807,7.146221810598668,7.181774139404297,259822241,0.0,0.0
2009-03-10 00:00:00-04:00,7.363485083987381,7.665924235631232,7.264728777038122,7.6083984375,270217058,0.0,0.0
2009-03-11 00:00:00-04:00,7.656048890978856,7.900470214986382,7.54766476534635,7.848869800567627,237832124,0.0,0.0
2009-03-12 00:00:00-04:00,7.839735231406163,8.023914314125985,7.743694879813369,7.987621784210205,201717262,0.0,0.0
2009-03-13 00:00:00-04:00,8.051071665791659,8.084648229782566,7.876520894541719,8.00959300994873,156841686,0.0,0.0
2009-03-16 00:00:00-04:00,8.04835752461591,8.14069451446728,7.865659304657525,7.89281702041626,198613673,0.0,0.0
2009-03-17 00:00:00-04:00,7.904914580104608,8.279199600219727,7.878004068873087,8.279199600219727,189206544,0.0,0.0
2009-03-18 00:00:00-04:00,8.266112990276257,8.39424903465137,8.099215189823735,8.223895072937012,201239478,0.0,0.0
2009-03-19 00:00:00-04:00,8.188837859009405,8.295493908098196,8.082675277189027,8.145878791809082,165064391,0.0,0.0
2009-03-20 00:00:00-04:00,8.154766137021825,8.22118002659677,8.05699816831214,8.151310920715332,190226352,0.0,0.0
2009-03-23 00:00:00-04:00,8.235252265539119,8.627559650099409,8.222166876176257,8.606574058532715,171500425,0.0,0.0
2009-03-24 00:00:00-04:00,8.554727491979937,8.735945305076605,8.493005326494512,8.571269989013672,153372732,0.0,0.0
2009-03-25 00:00:00-04:00,8.651014492695783,8.674221632153198,8.301665224727698,8.494732856750488,174102141,0.0,0.0
2009-03-26 00:00:00-04:00,8.718415750689969,8.867289713839767,8.604105292199009,8.722365379333496,241032074,0.0,0.0
2009-03-27 00:00:00-04:00,8.64113809737347,8.690516958492097,8.529296877072085,8.58435344696045,133410187,0.0,0.0
2009-03-30 00:00:00-04:00,8.457205735226191,8.488314022325318,8.296727736834157,8.460662841796875,124227898,0.0,0.0
2009-03-31 00:00:00-04:00,8.614721705823435,8.727797554148578,8.546827417306107,8.593242645263672,146760038,0.0,0.0
2009-04-01 00:00:00-04:00,8.487572912805053,8.770508301249432,8.409309200167282,8.74211597442627,132542948,0.0,0.0
2009-04-02 00:00:00-04:00,8.969748603025483,9.128992926975192,8.895928934701066,8.949749946594238,180192885,0.0,0.0
2009-04-03 00:00:00-04:00,8.999129442623904,9.177383610486078,8.838650494018692,9.129487037658691,152160204,0.0,0.0
2009-04-06 00:00:00-04:00,9.060850185471601,9.13047349315551,8.92259239520443,9.091465950012207,131703815,0.0,0.0
2009-04-07 00:00:00-04:00,8.952220367282699,8.980612696631134,8.772238107433216,8.85469913482666,147755757,0.0,0.0
2009-04-08 00:00:00-04:00,8.97443925938786,9.011472932533046,8.794457025911441,8.937405586242676,111022586,0.0,0.0
2009-04-09 00:00:00-04:00,9.122574563069758,9.242316005552567,9.042335081788439,9.19664192199707,135811153,0.0,0.0
2009-04-13 00:00:00-04:00,9.167754673713457,9.359588650085108,9.142325039440879,9.335145950317383,122461301,0.0,0.0
2009-04-14 00:00:00-04:00,9.306259290969374,9.307493904325431,9.02628660632651,9.108006477355957,137658049,0.0,0.0
2009-04-15 00:00:00-04:00,9.063319498684034,9.407977988558391,8.99073349636354,9.369462966918945,197967259,0.0,0.0
2009-04-16 00:00:00-04:00,9.418842800624779,9.700295920975131,9.406991078174908,9.597590446472168,408931050,0.0,0.0
2009-04-17 00:00:00-04:00,9.530435296213591,9.87114226415857,9.5005616231328,9.684000968933105,430840867,0.0,0.0
2009-04-20 00:00:00-04:00,9.533643229505918,9.644744246140576,9.280334802257759,9.364524841308594,177820024,0.0,0.0
2009-04-21 00:00:00-04:00,9.28724929180619,9.487970403600443,9.285521211098793,9.418100357055664,148370051,0.0,0.0
2009-04-22 00:00:00-04:00,9.425014117444666,9.628697934043114,9.357366560661916,9.477108001708984,140597024,0.0,0.0
2009-04-23 00:00:00-04:00,9.56722291444233,9.622525278259335,9.4092131896123,9.497599601745605,104751167,0.0,0.0
2009-04-24 00:00:00-04:00,9.53117578603454,9.707208402303728,9.394152604816709,9.616106033325195,135923572,0.0,0.0
2009-04-27 00:00:00-04:00,9.4889588097788,9.616106987042278,9.449703582560467,9.528707504272461,91967429,0.0,0.0
2009-04-28 00:00:00-04:00,9.474392755866669,9.605243824766415,9.419829645881943,9.473403930664062,118185333,0.0,0.0
2009-04-29 00:00:00-04:00,9.529200912798606,9.751401073544747,9.525743806216765,9.664990425109863,144941247,0.0,0.0
2009-04-30 00:00:00-04:00,9.770906387851955,9.968171349981356,9.747205778445059,9.776091575622559,174881049,0.0,0.0
2009-05-01 00:00:00-04:00,9.752882150599513,9.81608660303526,9.666964971766102,9.719799995422363,97471985,0.0,0.0
2009-05-04 00:00:00-04:00,9.830405848195023,9.934840338801894,9.746957894492846,9.924471855163574,128600225,0.0,0.0
2009-05-05 00:00:00-04:00,9.875093490311336,9.999032231744346,9.807692671222128,9.949407577514648,96391952,0.0,0.0
2009-05-06 00:00:00-04:00,10.043226448823468,10.080013393964746,9.900276921415887,9.961258888244629,105710750,0.0,0.0
2009-05-07 00:00:00-04:00,9.976812752640994,9.998785279272896,9.690420252181145,9.791892051696777,120441759,0.0,0.0
2009-05-08 00:00:00-04:00,9.94595008812726,10.12568654412285,9.75214225350193,10.056556701660156,155183494,0.0,0.0
2009-05-11 00:00:00-04:00,9.944715830159392,10.171853486470745,9.905212930332603,10.07260513305664,102755715,0.0,0.0
2009-05-12 00:00:00-04:00,10.122722835313208,10.146917852346874,9.754857236016004,9.851143836975098,152200354,0.0,0.0
2009-05-13 00:00:00-04:00,9.729677670270384,9.786462337799298,9.587962735120355,9.617342948913574,114138220,0.0,0.0
2009-05-14 00:00:00-04:00,9.599071763252255,9.68326087092394,9.497599957236208,9.566975593566895,117920344,0.0,0.0
2009-05-15 00:00:00-04:00,9.65585606633725,9.730170161215955,9.606231406982165,9.628698348999023,120799094,0.0,0.0
2009-05-18 00:00:00-04:00,9.745477299731288,9.809175225511767,9.515129241953098,9.797571182250977,134570520,0.0,0.0
2009-05-19 00:00:00-04:00,9.779301190066825,9.916076695843536,9.702764610357292,9.847935676574707,113925426,0.0,0.0
2009-05-20 00:00:00-04:00,9.927188214794109,10.01557463401687,9.752143457189034,9.805965423583984,91702440,0.0,0.0
2009-05-21 00:00:00-04:00,9.78423847894527,9.945703413824068,9.723503250983148,9.789175987243652,109199779,0.0,0.0
2009-05-22 00:00:00-04:00,9.793126814359248,9.84225895110059,9.678076145014945,9.715109825134277,69001669,0.0,0.0
2009-05-26 00:00:00-04:00,9.676842249951948,9.999032896088343,9.628697994255585,9.983231544494629,124645457,0.0,0.0
2009-05-27 00:00:00-04:00,10.01483415057542,10.168398896815361,9.994341078692251,10.012858390808105,121826932,0.0,0.0
2009-05-28 00:00:00-04:00,10.089887233825355,10.162473235755856,9.989403318255492,10.132352828979492,107152133,0.0,0.0
2009-05-29 00:00:00-04:00,10.174572576487918,10.300979614257812,10.139761388904992,10.300979614257812,106325044,0.0,0.0
2009-06-01 00:00:00-04:00,10.338011922186466,10.606380580819232,10.333074413806203,10.531326293945312,133394127,0.0,0.0
2009-06-02 00:00:00-04:00,10.523672801679547,10.615269584835696,10.453309289724311,10.576753616333008,105337356,0.0,0.0
2009-06-03 00:00:00-04:00,10.517501445331476,10.676991579856384,10.468123522026437,10.656993865966797,141841672,0.0,0.0
2009-06-04 00:00:00-04:00,10.747107204626191,10.893760556917314,10.727356226501495,10.870058059692383,146069460,0.0,0.0
2009-06-05 00:00:00-04:00,10.988318257782051,11.044361760339921,10.849812797054641,10.96980094909668,147783862,0.0,0.0
2009-06-08 00:00:00-04:00,10.850801828742819,10.88585974509481,10.717975007848407,10.832778930664062,124412588,0.0,0.0
2009-06-09 00:00:00-04:00,10.828089121486519,10.875492230946204,10.659709956653005,10.755008697509766,130684007,0.0,0.0
2009-06-10 00:00:00-04:00,10.770067653849736,10.811051902597015,10.534041904496053,10.680447578430176,134859599,0.0,0.0
2009-06-11 00:00:00-04:00,10.659955736859825,10.70834672188501,10.57601336825922,10.591567039489746,115037579,0.0,0.0
2009-06-12 00:00:00-04:00,10.538733426596702,10.5594722860512,10.399240065203395,10.488862037658691,117173555,0.0,0.0
2009-06-15 00:00:00-04:00,10.406397202217898,10.406397202217898,10.2212307558867,10.289618492126465,150036273,0.0,0.0
2009-06-16 00:00:00-04:00,10.352331628239995,10.396277625843664,10.256290806493114,10.270610809326172,122445241,0.0,0.0
2009-06-17 00:00:00-04:00,10.275301840982303,10.362454582876206,10.160991385087966,10.249872207641602,140127270,0.0,0.0
2009-06-18 00:00:00-04:00,10.26270983660492,10.337022969572656,10.196542693546647,10.222713470458984,123870563,0.0,0.0
2009-06-19 00:00:00-04:00,10.32517348028175,10.380723523066075,10.235552454685575,10.371588706970215,171002566,0.0,0.0
2009-06-22 00:00:00-04:00,10.294064326973054,10.307397394901674,9.922249077449708,10.057050704956055,165594371,0.0,0.0
2009-06-23 00:00:00-04:00,10.039768779355375,10.097540364230307,9.938542775676508,10.015819549560547,116418737,0.0,0.0
2009-06-24 00:00:00-04:00,10.091369186598081,10.17753405011115,10.037547224939956,10.104948043823242,98680498,0.0,0.0
2009-06-25 00:00:00-04:00,10.048412038414321,10.268143968162589,10.036314525948626,10.264934539794922,122236461,0.0,0.0
2009-06-26 00:00:00-04:00,10.213332940961461,10.57255821391057,10.19926061542877,10.500713348388672,130756276,0.0,0.0
2009-06-29 00:00:00-04:00,10.517501312847283,10.561940781524314,10.424669910677151,10.471579551696777,87097243,0.0,0.0
2009-06-30 00:00:00-04:00,10.468124319644557,10.54737498033493,10.32542246019549,10.408623695373535,104144903,0.0,0.0
2009-07-01 00:00:00-04:00,10.473061405029558,10.527376839004283,10.323693016259428,10.34443187713623,92778458,0.0,0.0
2009-07-02 00:00:00-04:00,10.256042950195544,10.256042950195544,10.043717829768065,10.085195541381836,101081463,0.0,0.0
2009-07-06 00:00:00-04:00,10.03606496662923,10.138276959639065,9.916570277625926,10.112847328186035,90843231,0.0,0.0
2009-07-07 00:00:00-04:00,10.079024359420995,10.10248012505519,9.77633797029954,9.792386054992676,130860666,0.0,0.0
2009-07-08 00:00:00-04:00,9.87558873485575,10.023721563818581,9.827692157284686,9.937064170837402,138163938,0.0,0.0
2009-07-09 00:00:00-04:00,10.02668345947568,10.232343969752257,10.018783256837317,10.13210678100586,131515110,0.0,0.0
2009-07-10 00:00:00-04:00,10.112106489162265,10.304432953983575,10.090379753742287,10.231106758117676,117502785,0.0,0.0
2009-07-13 00:00:00-04:00,10.27480856080349,10.480960646410574,10.250365861486488,10.475529670715332,162434571,0.0,0.0
2009-07-14 00:00:00-04:00,10.460962003070822,10.535522817157922,10.390845229796982,10.48515796661377,116266167,0.0,0.0
2009-07-15 00:00:00-04:00,10.607862851415566,10.830556484719963,10.57897611136852,10.817965507507324,151646285,0.0,0.0
2009-07-16 00:00:00-04:00,10.781178699778012,11.005106949309196,10.717480776047196,10.927337646484375,263162715,0.0,0.0
2009-07-17 00:00:00-04:00,10.690325077481997,10.751552835118643,10.534783620238525,10.622428894042969,275191634,0.0,0.0
2009-07-20 00:00:00-04:00,10.613293832922343,10.68662003902029,10.523672809320457,10.620453834533691,126612804,0.0,0.0
2009-07-21 00:00:00-04:00,10.63946354185892,10.663165094312758,10.510587295730694,10.564409255981445,119173022,0.0,0.0
2009-07-22 00:00:00-04:00,10.566879497228436,10.621194929923082,10.455779404774987,10.559225082397461,103855823,0.0,0.0
2009-07-23 00:00:00-04:00,10.583665531121175,10.893018399621512,10.505155093127797,10.79747200012207,139649486,0.0,0.0
2009-07-24 00:00:00-04:00,10.7596971927255,11.122131814771613,10.739699482829431,11.029054641723633,145619780,0.0,0.0
2009-07-27 00:00:00-04:00,11.01226613330626,11.029795563146067,10.804138304347022,10.98165225982666,100551484,0.0,0.0
2009-07-28 00:00:00-04:00,10.887835984816432,10.932522186219535,10.766858989556056,10.859442710876465,101679697,0.0,0.0
2009-07-29 00:00:00-04:00,10.794757878568673,10.808831148761037,10.662918931328303,10.770316123962402,79777911,0.0,0.0
2009-07-30 00:00:00-04:00,10.927583314766924,11.146327300920092,10.927583314766924,11.00239086151123,128423566,0.0,0.0
2009-07-31 00:00:00-04:00,11.109543084466518,11.176697173763792,10.923141021771919,10.938448905944824,114844859,0.0,0.0
2009-08-03 00:00:00-04:00,11.078926118112248,11.206321948891784,11.051768407284014,11.164596557617188,104000363,0.0,0.0
2009-08-04 00:00:00-04:00,11.094482567892602,11.208792084001615,11.071274481318314,11.202125549316406,95950302,0.0,0.0
2009-08-05 00:00:00-04:00,11.258169837129,11.280635829913138,11.057694529249604,11.13818073272705,94031136,0.0,0.0
2009-08-06 00:00:00-04:00,11.216197674284745,11.230516731370106,11.073742577545644,11.11892318725586,84752487,0.0,0.0
2009-08-07 00:00:00-04:00,11.250021362971948,11.34260507869582,11.233234023929251,11.285326957702637,102105287,0.0,0.0
2009-08-10 00:00:00-04:00,11.23693897884828,11.317671933258431,11.203609137586014,11.273232460021973,69941178,0.0,0.0
2009-08-11 00:00:00-04:00,11.200643181050713,11.288536112635466,11.168794696349554,11.207308769226074,68756755,0.0,0.0
2009-08-12 00:00:00-04:00,11.243603277551376,11.400130700720108,11.231504822673836,11.321866989135742,94007046,0.0,0.0
2009-08-13 00:00:00-04:00,11.410005256071424,11.473455495180245,11.330013467119397,11.413214683532715,80107140,0.0,0.0
2009-08-14 00:00:00-04:00,11.425561399572945,11.435436416876149,11.280142647256286,11.356925964355469,67255147,0.0,0.0
2009-08-17 00:00:00-04:00,11.147069235559075,11.159166745364141,10.94017506478411,10.983875274658203,105200846,0.0,0.0
2009-08-18 00:00:00-04:00,10.989060482768595,11.053251877667302,10.920425991747125,10.993504524230957,94396500,0.0,0.0
2009-08-19 00:00:00-04:00,10.86289924255831,10.986590301171214,10.827593647562658,10.961161613464355,90538092,0.0,0.0
2009-08-20 00:00:00-04:00,11.159413884389494,11.410747529671934,11.140403106002525,11.367048263549805,160555554,0.0,0.0
2009-08-21 00:00:00-04:00,11.493703389408854,11.507282247231299,11.422351993428302,11.486296653747559,142953825,0.0,0.0
2009-08-24 00:00:00-04:00,11.538389191699633,11.60603674483479,11.46605180903774,11.572460174560547,98503838,0.0,0.0
2009-08-25 00:00:00-04:00,11.582334789234983,11.711211024939347,11.572212094469986,11.637638092041016,93990986,0.0,0.0
2009-08-26 00:00:00-04:00,11.671957527643475,11.677882916152427,11.522342413131996,11.554437637329102,79810030,0.0,0.0
2009-08-27 00:00:00-04:00,11.568756873677449,11.568756873677449,11.37494809184056,11.506540298461914,80255695,0.0,0.0
2009-08-28 00:00:00-04:00,11.585544193873057,11.662326554032404,11.440373142460013,11.474197387695312,71129616,0.0,0.0
2009-08-31 00:00:00-04:00,11.351740932693598,11.402845987096116,11.307547255515216,11.398155212402344,78609548,0.0,0.0
2009-09-01 00:00:00-04:00,11.34902502002068,11.525303426228595,11.21916089371686,11.252243995666504,104185053,0.0,0.0
2009-09-02 00:00:00-04:00,11.253724687600258,11.315693580409762,11.173979631433571,11.184349060058594,72462593,0.0,0.0
2009-09-03 00:00:00-04:00,11.253726033830748,11.313721065007892,11.233481586700744,11.295698165893555,66094814,0.0,0.0
2009-09-04 00:00:00-04:00,11.296929727997314,11.421115184261192,11.252736056157723,11.389019966125488,60192775,0.0,0.0
2009-09-08 00:00:00-04:00,11.4628408615147,11.529501476815286,11.254219557863072,11.322854042053223,106666319,0.0,0.0
2009-09-09 00:00:00-04:00,11.333718018855407,11.511725450052008,11.327298218190212,11.454940795898438,88145156,0.0,0.0
2009-09-10 00:00:00-04:00,11.521105959539414,11.627021789550781,11.40630204818418,11.627021789550781,101764012,0.0,0.0
2009-09-11 00:00:00-04:00,11.613689576372776,11.685287693745439,11.54530088634808,11.656648635864258,76401301,0.0,0.0
2009-09-14 00:00:00-04:00,11.616406660261378,11.771700418651207,11.605049351310452,11.730222702026367,79324216,0.0,0.0
2009-09-15 00:00:00-04:00,11.729236117004124,11.823795603256803,11.670723375833282,11.789971351623535,96283547,0.0,0.0
2009-09-16 00:00:00-04:00,11.84576686646422,12.08204029935275,11.813177231857626,12.055376052856445,103799614,0.0,0.0
2009-09-17 00:00:00-04:00,12.111667144216131,12.279551878895282,12.027231309651105,12.140059471130371,179996150,0.0,0.0
2009-09-18 00:00:00-04:00,12.264738070248862,12.269923257331058,12.127961626677783,12.133639335632324,131832295,0.0,0.0
2009-09-21 00:00:00-04:00,12.041796312405035,12.317325893976514,12.004269172239994,12.270416259765625,84973311,0.0,0.0
2009-09-22 00:00:00-04:00,12.367198423477298,12.393614991530612,12.290415110172317,12.321276664733887,122103967,0.0,0.0
2009-09-23 00:00:00-04:00,12.363740406299659,12.517306076261246,12.28794592373319,12.306462287902832,108573440,0.0,0.0
2009-09-24 00:00:00-04:00,12.356086222100304,12.379293359368148,12.171659010534821,12.264737129211426,101482963,0.0,0.0
2009-09-25 00:00:00-04:00,12.203509201845236,12.342754870155174,12.146972229341083,12.158822059631348,82291296,0.0,0.0
2009-09-28 00:00:00-04:00,12.217089873307065,12.381517506199042,12.179067371668244,12.308191299438477,73847766,0.0,0.0
2009-09-29 00:00:00-04:00,12.332880732204968,12.338311707862337,12.171908315331734,12.308191299438477,84282733,0.0,0.0
2009-09-30 00:00:00-04:00,12.3444840967667,12.347940257935079,12.029452548386368,12.242024421691895,126139035,0.0,0.0
2009-10-01 00:00:00-04:00,12.171660577122347,12.257331972518895,12.023527762602646,12.028465270996094,112949783,0.0,0.0
2009-10-02 00:00:00-04:00,11.943041536106636,12.14055321561381,11.914895942162353,11.96377944946289,104421937,0.0,0.0
2009-10-05 00:00:00-04:00,12.0395742193809,12.157587555013137,11.933163979638103,12.061053276062012,86105539,0.0,0.0
2009-10-06 00:00:00-04:00,12.139567239931466,12.328931052951607,12.139567239931466,12.313377380371094,109701653,0.0,0.0
2009-10-07 00:00:00-04:00,12.319796276507788,12.813328782247071,12.29041606671584,12.7775297164917,195698788,0.0,0.0
2009-10-08 00:00:00-04:00,12.82764597771483,12.918500657220688,12.673833584535489,12.694571495056152,172797268,0.0,0.0
2009-10-09 00:00:00-04:00,12.755554862795561,12.875543016478256,12.702473107934958,12.745678901672363,109934523,0.0,0.0
2009-10-12 00:00:00-04:00,12.922699471970107,12.980472005749645,12.821474407384088,12.938007354736328,133386097,0.0,0.0
2009-10-13 00:00:00-04:00,12.946648201535488,13.022442690425969,12.872334114376208,12.989112854003906,121951397,0.0,0.0
2009-10-14 00:00:00-04:00,13.14588813230292,13.222917230086017,13.085152905994727,13.216498374938965,130824531,0.0,0.0
2009-10-15 00:00:00-04:00,13.177737741882488,13.255507992449195,13.017753199421279,13.082932472229004,244930632,0.0,0.0
2009-10-16 00:00:00-04:00,13.513012115753517,13.696205680501166,13.443884163155436,13.575228691101074,355001664,0.0,0.0
2009-10-19 00:00:00-04:00,13.645344780608855,13.667811718572386,13.547576826761917,13.630531311035156,129198459,0.0,0.0
2009-10-20 00:00:00-04:00,13.619422212527091,13.651765113247253,13.349324533888542,13.621397972106934,162354271,0.0,0.0
2009-10-21 00:00:00-04:00,13.576711289594167,13.809775317005945,13.554244348426533,13.606091499328613,147374332,0.0,0.0
2009-10-22 00:00:00-04:00,13.578933267855488,13.702377600105315,13.529555345887642,13.679910659790039,93810311,0.0,0.0
2009-10-23 00:00:00-04:00,13.708550386376963,13.77372965798718,13.608559931008337,13.670035362243652,96066737,0.0,0.0
2009-10-26 00:00:00-04:00,13.720894328265704,13.866312127389998,13.600906162600275,13.682872772216797,119261352,0.0,0.0
2009-10-27 00:00:00-04:00,13.602881715750064,13.691514864573112,13.434749289175539,13.536715507507324,129142249,0.0,0.0
2009-10-28 00:00:00-04:00,13.526345399802398,13.57893274760915,13.288837348994962,13.339449882507324,103096990,0.0,0.0
2009-10-29 00:00:00-04:00,13.406356927170522,13.624113048698131,13.35673132927,13.60485553741455,101282213,0.0,0.0
2009-10-30 00:00:00-04:00,13.57893462485035,13.583130987638617,13.189835653333585,13.236251831054688,139260032,0.0,0.0
2009-11-02 00:00:00-05:00,13.259952286912421,13.318712709337463,13.041702665546756,13.183664321899414,128564090,0.0,0.0
2009-11-03 00:00:00-05:00,13.085401190612593,13.270321906475289,13.043183269259146,13.26513671875,95564863,0.0,0.0
2009-11-04 00:00:00-05:00,13.351793976472791,13.46783156741357,13.24365658796052,13.340189933776855,93657741,0.0,0.0
2009-11-05 00:00:00-05:00,13.418208834525402,13.573255872319669,13.397715762766602,13.545602798461914,74185025,0.0,0.0
2009-11-06 00:00:00-05:00,13.522642590608944,13.622879785459894,13.467832745369602,13.606091499328613,73341877,0.0,0.0
2009-11-09 00:00:00-05:00,13.713486150671413,13.889518752082765,13.683365745613878,13.887789726257324,106393299,0.0,0.0
2009-11-10 00:00:00-05:00,13.893223606109098,14.042591984501435,13.87520070725115,13.992719650268555,89566463,0.0,0.0
2009-11-11 00:00:00-05:00,14.084563508749756,14.159124332922293,13.970499779113966,14.086539268493652,93135792,0.0,0.0
2009-11-12 00:00:00-05:00,14.061849304980539,14.144310329005217,13.96161211596761,14.019631385803223,75734813,0.0,0.0
2009-11-13 00:00:00-05:00,14.055181481014824,14.134680748921069,13.989015280966143,14.123323440551758,66921903,0.0,0.0
2009-11-16 00:00:00-05:00,14.196157611221306,14.245288802299411,14.141348710345325,14.227760314941406,88297726,0.0,0.0
2009-11-17 00:00:00-05:00,14.192946454138928,14.257878989166706,14.164555072589446,14.2576322555542,76955370,0.0,0.0
2009-11-18 00:00:00-05:00,14.236893653869629,14.289481001163981,14.123818756840807,14.236893653869629,62216331,0.0,0.0
2009-11-19 00:00:00-05:00,14.165789579379943,14.171469179501434,14.072712390904277,14.146533012390137,87045048,0.0,0.0
2009-11-20 00:00:00-05:00,14.06036758255455,14.112214729052878,14.057898355703356,14.071724891662598,80548789,0.0,0.0
2009-11-23 00:00:00-05:00,14.232942155278387,14.482547697501845,14.21738848502561,14.377619743347168,102281946,0.0,0.0
2009-11-24 00:00:00-05:00,14.38181695900839,14.425516220937938,14.234176677989673,14.395889282226562,64448667,0.0,0.0
2009-11-25 00:00:00-05:00,14.477858614306175,14.493905753635353,14.386015092987357,14.46131706237793,58667077,0.0,0.0
2009-11-27 00:00:00-05:00,14.122090533009231,14.380337454748839,14.096660898246693,14.313676834106445,55591593,0.0,0.0
2009-11-30 00:00:00-05:00,14.335155433367776,14.410209716795801,14.2482494287601,14.393667221069336,69262644,0.0,0.0
2009-12-01 00:00:00-05:00,14.520322947464841,14.596611849689634,14.393668244338775,14.563282012939453,93159882,0.0,0.0
2009-12-02 00:00:00-05:00,14.59118024802455,14.640805849139328,14.473167836542228,14.505016326904297,66777363,0.0,0.0
2009-12-03 00:00:00-05:00,14.542790208530851,14.602290826882415,14.443047429701895,14.46131706237793,57362205,0.0,0.0
2009-12-04 00:00:00-05:00,14.641052952350174,14.685740100640727,14.299358062800199,14.443294525146484,100920864,0.0,0.0
2009-12-07 00:00:00-05:00,14.423541670671336,14.534148287573611,14.344291020983567,14.473907470703125,65693315,0.0,0.0
2009-12-08 00:00:00-05:00,14.406012803311295,14.582785620640536,14.368980073137838,14.493658065795898,61188493,0.0,0.0
2009-12-09 00:00:00-05:00,14.504769265252184,14.549949878652352,14.407988237527016,14.542296409606934,71507025,0.0,0.0
2009-12-10 00:00:00-05:00,14.577354374751408,14.682775799526935,14.576613228585138,14.603524208068848,66982128,0.0,0.0
2009-12-11 00:00:00-05:00,14.682035624204481,14.68376275946995,14.510447051661771,14.579081535339355,69057879,0.0,0.0
2009-12-14 00:00:00-05:00,14.698578586422055,14.746969577818463,14.630931026334233,14.707961082458496,76822876,0.0,0.0
2009-12-15 00:00:00-05:00,14.647964932366612,14.72400615252287,14.590932599240142,14.644014358520508,91557900,0.0,0.0
2009-12-16 00:00:00-05:00,14.778816480492727,14.822516691838691,14.730426439642637,14.758077621459961,112797213,0.0,0.0
2009-12-17 00:00:00-05:00,14.725489975191554,14.755116918767442,14.659323764765148,14.663766860961914,105947635,0.0,0.0
2009-12-18 00:00:00-05:00,14.715365422971283,14.786963545804612,14.689935790498593,14.724993705749512,141789477,0.0,0.0
2009-12-21 00:00:00-05:00,14.754373777289935,14.809430352627523,14.706478149036519,14.780792236328125,103233500,0.0,0.0
2009-12-22 00:00:00-05:00,14.846463957555637,14.85041453151205,14.784989472317182,14.841032981872559,75513988,0.0,0.0
2009-12-23 00:00:00-05:00,14.899791803181897,15.131126763702856,14.88374277545219,15.101746559143066,83218760,0.0,0.0
2009-12-24 00:00:00-05:00,15.132611049261772,15.295311561772733,15.116316230112451,15.269634246826172,34476745,0.0,0.0
2009-12-28 00:00:00-05:00,15.348143751677984,15.455046524839757,15.269632360023477,15.37801742553711,68170566,0.0,0.0
2009-12-29 00:00:00-05:00,15.424186846392866,15.426655128002578,15.264943450974464,15.292346954345703,57205620,0.0,0.0
2009-12-30 00:00:00-05:00,15.270127756722525,15.374561309814453,15.258030246231925,15.374561309814453,58843737,0.0,0.0
2009-12-31 00:00:00-05:00,15.424432030614076,15.440480113493198,15.306665420532227,15.306665420532227,48974884,0.0,0.0
2010-01-04 00:00:00-05:00,15.478748658043829,15.541952169383446,15.411841306364558,15.473811149597168,78541293,0.0,0.0
2010-01-05 00:00:00-05:00,15.484426390534349,15.500721207311406,15.345180719778984,15.405669212341309,120638494,0.0,0.0
2010-01-06 00:00:00-05:00,15.451838344437936,15.451838344437936,14.9704043079223,15.017313003540039,159744526,0.0,0.0
2010-01-07 00:00:00-05:00,15.045457629935395,15.060271100300428,14.631916963813914,14.667716026306152,257533695,0.0,0.0
2010-01-08 00:00:00-05:00,14.615868634175255,14.893619780838254,14.544518189346652,14.863252639770508,189680313,0.0,0.0
2010-01-11 00:00:00-05:00,14.923493735478075,14.923493735478075,14.66623470852475,14.84078598022461,289597429,0.0,0.0
2010-01-12 00:00:00-05:00,14.755362944446842,14.767953922192675,14.51711468441116,14.57834243774414,194859654,0.0,0.0
2010-01-13 00:00:00-05:00,14.232943005372512,14.526494560937703,14.168999294656837,14.494646072387695,260838034,0.0,0.0
2010-01-14 00:00:00-05:00,14.415887919978744,14.670185196707086,14.388976939809057,14.562788009643555,170239717,0.0,0.0
2010-01-15 00:00:00-05:00,14.64895167061465,14.65438359141285,14.271210075016517,14.319601058959961,218194794,0.0,0.0
2010-01-19 00:00:00-05:00,14.349227307451976,14.576860322690411,14.228004537834439,14.507730484008789,173315202,0.0,0.0
2010-01-20 00:00:00-05:00,14.467242872519993,14.467242872519993,14.203317289525224,14.32972526550293,130515377,0.0,0.0
2010-01-21 00:00:00-05:00,14.404532434830754,14.487981340875733,14.128262614745468,14.39317512512207,253253712,0.0,0.0
2010-01-22 00:00:00-05:00,13.936923700634011,14.087526701445576,13.205141969866975,13.579180717468262,273035583,0.0,0.0
2010-01-25 00:00:00-05:00,13.49474320570049,13.575970563192941,13.22119029338739,13.332043647766113,177458675,0.0,0.0
2010-01-26 00:00:00-05:00,13.281923029300065,13.569055711067895,13.240446260364765,13.391789436340332,174873019,0.0,0.0
2010-01-27 00:00:00-05:00,13.363396122606861,13.520911408286574,13.216249319389565,13.383888244628906,159170382,0.0,0.0
2010-01-28 00:00:00-05:00,13.442894798623389,13.504864637869002,13.099965337804509,13.191068649291992,129648138,0.0,0.0
2010-01-29 00:00:00-05:00,13.294762097084982,13.356484257873275,12.976767853343478,13.083671569824219,166240784,0.0,0.0
2010-02-01 00:00:00-05:00,13.198723182102238,13.228596857569693,13.092559658721768,13.159713745117188,90369462,0.0,0.0
2010-02-02 00:00:00-05:00,13.207610645748954,13.207610645748954,13.026147040490871,13.11280632019043,164462143,0.0,0.0
2010-02-03 00:00:00-05:00,13.052315938476369,13.383889992515629,13.04145304209276,13.352287292480469,120413655,0.0,0.0
2010-02-04 00:00:00-05:00,13.257976811423907,13.28266435358602,12.97553488018129,13.005655288696289,135614418,0.0,0.0
2010-02-05 00:00:00-05:00,13.045651089288652,13.171563693519767,12.898997736393339,13.1170015335083,126713179,0.0,0.0
2010-02-08 00:00:00-05:00,13.146874812355076,13.381420153025962,13.122926527481148,13.170823097229004,108175956,0.0,0.0
2010-02-09 00:00:00-05:00,13.320685781971639,13.369816019395392,13.210325907289864,13.244149208068848,113206742,0.0,0.0
2010-02-10 00:00:00-05:00,13.185637218914767,13.277479789294471,13.028121912085563,13.195018768310547,107380987,0.0,0.0
2010-02-11 00:00:00-05:00,13.167119997328964,13.344140495668466,13.072809144825749,13.243163108825684,96761331,0.0,0.0
2010-02-12 00:00:00-05:00,13.158478006096022,13.261677873711031,13.097496051291833,13.16218090057373,91529795,0.0,0.0
2010-02-16 00:00:00-05:00,13.254766598139662,13.434008649666522,13.191316352596633,13.36413860321045,146723904,0.0,0.0
2010-02-17 00:00:00-05:00,13.381421032487832,13.415985481917176,13.273036909425626,13.287850379943848,81492313,0.0,0.0
2010-02-18 00:00:00-05:00,13.271308376228193,13.455735618358768,13.236743925515347,13.411541938781738,93826371,0.0,0.0
2010-02-19 00:00:00-05:00,13.345126636730662,13.431538227014597,13.324635458376529,13.35080623626709,102506786,0.0,0.0
2010-02-22 00:00:00-05:00,13.513506378503198,13.517209273372597,13.356731273795296,13.401171684265137,86105539,0.0,0.0
2010-02-23 00:00:00-05:00,13.406110751742915,13.421664423449807,13.14169077000932,13.2103271484375,115334688,0.0,0.0
2010-02-24 00:00:00-05:00,13.183416454730802,13.29352866321828,13.097746000984037,13.12144660949707,93412827,0.0,0.0
2010-02-25 00:00:00-05:00,13.014048101146493,13.047872347762164,12.838263170069427,12.9970121383667,132864148,0.0,0.0
2010-02-26 00:00:00-05:00,13.021454320907868,13.128358031842277,12.924179837541908,13.006147384643555,82279251,0.0,0.0
2010-03-01 00:00:00-05:00,13.065402587791793,13.166379976011465,13.029355845822383,13.151566505432129,89851528,0.0,0.0
2010-03-02 00:00:00-05:00,13.22044909902459,13.471781785781412,13.20884411129538,13.358213424682617,174925214,0.0,0.0
2010-03-03 00:00:00-05:00,13.390308025661712,13.532517341109479,13.313526604089288,13.463388442993164,124039193,0.0,0.0
2010-03-04 00:00:00-05:00,13.492519911264138,13.730274673842775,13.485113176666387,13.692254066467285,127829347,0.0,0.0
2010-03-05 00:00:00-05:00,13.859153540938063,14.015187518959625,13.823354474477597,13.929763793945312,157074555,0.0,0.0
2010-03-08 00:00:00-05:00,13.943835282316115,13.953711244171402,13.850757154215074,13.88705062866211,95813793,0.0,0.0
2010-03-09 00:00:00-05:00,13.822120283902224,13.940872898435153,13.739411577431863,13.830513954162598,127540267,0.0,0.0
2010-03-10 00:00:00-05:00,13.91865485867414,14.282569984941183,13.88038656318551,14.231958389282227,227043838,0.0,0.0
2010-03-11 00:00:00-05:00,14.177884468945262,14.472918276043416,14.176404067456232,14.347744941711426,169966698,0.0,0.0
2010-03-12 00:00:00-05:00,14.52056986297118,14.524026024433727,14.298863155322103,14.308244705200195,110548817,0.0,0.0
2010-03-15 00:00:00-04:00,13.990743761853889,14.059132456948905,13.727065888518773,13.904333114624023,186853758,0.0,0.0
2010-03-16 00:00:00-04:00,13.871003339326633,14.033702884507525,13.844585827022774,13.954204559326172,137774484,0.0,0.0
2010-03-17 00:00:00-04:00,14.030742262177256,14.108512518237049,13.930751797909,13.963093757629395,133362007,0.0,0.0
2010-03-18 00:00:00-04:00,13.942354640897973,14.03419816024767,13.898902108146785,13.983832359313965,71354455,0.0,0.0
2010-03-19 00:00:00-04:00,13.825821876525879,14.023333550094856,13.758667794071687,13.825821876525879,192486794,0.0,0.0
2010-03-22 00:00:00-04:00,13.729783310437606,13.994942558988036,13.68460269513811,13.764101028442383,160792439,0.0,0.0
2010-03-23 00:00:00-04:00,13.752743612204076,13.78409863567335,13.381421784582786,13.554244041442871,220876809,0.0,0.0
2010-03-24 00:00:00-04:00,13.468079473170398,13.822119530790042,13.324636486921579,13.759902954101562,263592319,0.0,0.0
2010-03-25 00:00:00-04:00,13.801628149084587,14.122090708738547,13.79274006622167,13.896927833557129,157825359,0.0,0.0
2010-03-26 00:00:00-04:00,13.955934639513755,14.008275259062689,13.826318176874024,13.892236709594727,108252241,0.0,0.0
2010-03-29 00:00:00-04:00,13.89988848891314,13.9423540854748,13.839894406978349,13.886310577392578,124645457,0.0,0.0
2010-03-30 00:00:00-04:00,13.895691503936456,14.014199268868607,13.832734726486022,13.991485595703125,79412546,0.0,0.0
2010-03-31 00:00:00-04:00,13.950500950048383,14.066292751197603,13.89519764309311,14.001607894897461,121686407,0.0,0.0
2010-04-01 00:00:00-04:00,14.106040917921352,14.157888061685075,13.962844674895486,14.043084144592285,84423257,0.0,0.0
2010-04-05 00:00:00-04:00,14.094934566997182,14.19319601139156,14.048024920424178,14.097650527954102,76345092,0.0,0.0
2010-04-06 00:00:00-04:00,14.059380509161064,14.094686106596326,13.959143317074599,14.028766632080078,82712870,0.0,0.0
2010-04-07 00:00:00-04:00,14.006050854349708,14.041850861426852,13.87174363477033,13.913220405578613,103626969,0.0,0.0
2010-04-08 00:00:00-04:00,13.907789984538343,14.06900913559003,13.827057042202101,14.0107421875,78191988,0.0,0.0
2010-04-09 00:00:00-04:00,14.010742313914607,14.042345015131827,13.924578395124751,13.979388236999512,82572346,0.0,0.0
2010-04-12 00:00:00-04:00,14.007286998140517,14.17146980005358,13.979389080942651,14.140113830566406,94448695,0.0,0.0
2010-04-13 00:00:00-04:00,14.135175011728995,14.538838768670288,14.1006096174732,14.486745834350586,157078570,0.0,0.0
2010-04-14 00:00:00-04:00,14.567972240275248,14.62426248206259,14.418603869234705,14.541802406311035,136618166,0.0,0.0
2010-04-15 00:00:00-04:00,14.620065144941718,14.760051957238817,14.524272006972028,14.697341918945312,271485795,0.0,0.0
2010-04-16 00:00:00-04:00,13.899888997905904,14.043331985849889,13.56979816836982,13.582635879516602,491254466,0.0,0.0
2010-04-19 00:00:00-04:00,13.548071037901252,13.67744074313571,13.455487327111722,13.581400871276855,156343827,0.0,0.0
2010-04-20 00:00:00-04:00,13.681886274030393,13.817428115367365,13.605102958629164,13.70336627960205,119542401,0.0,0.0
2010-04-21 00:00:00-04:00,13.738424282860862,13.831994938820928,13.632260758491263,13.68509578704834,96018557,0.0,0.0
2010-04-22 00:00:00-04:00,13.628311598721035,13.640655843248474,13.414751819834168,13.506348609924316,131719875,0.0,0.0
2010-04-23 00:00:00-04:00,13.511038926101717,13.562144928608248,13.388088061596818,13.455241203308105,83889263,0.0,0.0
2010-04-26 00:00:00-04:00,13.454746650542608,13.455240117758459,13.065648696183604,13.125642776489258,175407013,0.0,0.0
2010-04-27 00:00:00-04:00,13.059229001159746,13.290812600225419,13.016764350747742,13.061944961547852,154364435,0.0,0.0
2010-04-28 00:00:00-04:00,13.136998939061439,13.20439975327226,12.863692787476877,13.065155029296875,136754676,0.0,0.0
2010-04-29 00:00:00-04:00,13.168355260275046,13.245631092778149,13.002938808336978,13.134530067443848,122814620,0.0,0.0
2010-04-30 00:00:00-04:00,13.113052949900263,13.274764628600863,12.972572652756858,12.978991508483887,97781139,0.0,0.0
2010-05-03 00:00:00-04:00,12.998743820296331,13.157247032715443,12.963685898495136,13.099967956542969,74590540,0.0,0.0
2010-05-04 00:00:00-04:00,12.999232938566173,13.004664858514257,12.448422453875754,12.501749992370605,243963019,0.0,0.0
2010-05-05 00:00:00-04:00,12.368678139640705,12.73259413738692,12.356087163030319,12.585448265075684,183975008,0.0,0.0
2010-05-06 00:00:00-04:00,12.560513747796218,12.777035277349515,11.3569262634739,12.31164836883545,200753664,0.0,0.0
2010-05-07 00:00:00-04:00,12.34374337499698,12.475829048829585,11.883540752309246,12.175117492675781,204322993,0.0,0.0
2010-05-10 00:00:00-04:00,12.689389183821833,12.907887404340093,12.655565880116924,12.879000663757324,165738910,0.0,0.0
2010-05-11 00:00:00-04:00,12.731359465744418,12.835300487063746,12.54742759886701,12.56791877746582,133402157,0.0,0.0
2010-05-12 00:00:00-04:00,12.641738066463882,12.641738066463882,12.393860608505513,12.477557182312012,154649500,0.0,0.0
2010-05-13 00:00:00-04:00,12.75185226157306,12.887641777175428,12.600509074663712,12.613100051879883,133530637,0.0,0.0
2010-05-14 00:00:00-04:00,12.58569499836833,12.615815405061792,12.251900352664117,12.530391693115234,165257111,0.0,0.0
2010-05-17 00:00:00-04:00,12.511873838981035,12.550882325822137,12.303746016183668,12.541254043579102,112170874,0.0,0.0
2010-05-18 00:00:00-04:00,12.59137194436281,12.615321173442434,12.27214405413696,12.304239273071289,113443627,0.0,0.0
2010-05-19 00:00:00-04:00,12.252147967109146,12.330658417041084,12.041797627004328,12.2069673538208,138344613,0.0,0.0
2010-05-20 00:00:00-04:00,11.97587952495601,11.988470503912037,11.697634866268118,11.727508544921875,197268650,0.0,0.0
2010-05-21 00:00:00-04:00,11.580606909244482,11.974149867989485,11.465556251522987,11.654427528381348,389084940,0.0,0.0
2010-05-24 00:00:00-04:00,11.868726868821451,12.092409317033317,11.771700059826617,11.780587196350098,174475535,0.0,0.0
2010-05-25 00:00:00-04:00,11.558140729432402,11.78774859272735,11.455929666590418,11.778367042541504,121148398,0.0,0.0
2010-05-26 00:00:00-04:00,11.901810203745267,12.091668393744794,11.72725894981533,11.738862991333008,139545096,0.0,0.0
2010-05-27 00:00:00-04:00,11.972915317772744,12.154626593934223,11.876628704020904,12.108951568603516,112785168,0.0,0.0
2010-05-28 00:00:00-04:00,12.165242326482788,12.182770811657699,11.924771588894167,11.989703178405762,116226017,0.0,0.0
2010-06-01 00:00:00-04:00,11.861321263248046,12.123763579863974,11.85366684929775,11.909217834472656,107071833,0.0,0.0
2010-06-02 00:00:00-04:00,12.015625954998127,12.193139912531239,11.886750659230696,12.180795669555664,102012942,0.0,0.0
2010-06-03 00:00:00-04:00,12.223753324757435,12.541994287144863,12.213631575289805,12.482741355895996,146575349,0.0,0.0
2010-06-04 00:00:00-04:00,12.337570901280909,12.572856447842975,12.263010084741703,12.312881469726562,157399770,0.0,0.0
2010-06-07 00:00:00-04:00,12.32127716636347,12.366952193346975,11.928475337527821,11.98698902130127,145852650,0.0,0.0
2010-06-08 00:00:00-04:00,12.044513006148375,12.068954759128587,11.789969944875692,11.968717575073242,107806577,0.0,0.0
2010-06-09 00:00:00-04:00,12.02895939712737,12.06994364959048,11.653193528595766,11.703064918518066,109569158,0.0,0.0
2010-06-10 00:00:00-04:00,11.859840922944356,12.060562056490836,11.747999678695544,12.023776054382324,103502504,0.0,0.0
2010-06-11 00:00:00-04:00,11.912430241084312,12.065748275930297,11.890703497869147,12.060563087463379,71535130,0.0,0.0
2010-06-14 00:00:00-04:00,12.208199539434533,12.208693006621623,11.929461479187012,11.929461479187012,81921917,0.0,0.0
2010-06-15 00:00:00-04:00,11.92674564188523,12.354359542730087,11.904526383485097,12.294858932495117,171022641,0.0,0.0
2010-06-16 00:00:00-04:00,12.249925674821435,12.443240054001642,12.248444327716534,12.375839233398438,91915234,0.0,0.0
2010-06-17 00:00:00-04:00,12.429662508026174,12.489408915898258,12.26276469284919,12.34645938873291,79388456,0.0,0.0
2010-06-18 00:00:00-04:00,12.406454032611324,12.430155586246304,12.298315694151727,12.34522533416748,115346733,0.0,0.0
2010-06-21 00:00:00-04:00,12.342015901527432,12.368432470389822,11.971435228516844,12.062043190002441,119787316,0.0,0.0
2010-06-22 00:00:00-04:00,12.0951260509573,12.260541565087419,11.99217290212969,12.005011558532715,89120799,0.0,0.0
2010-06-23 00:00:00-04:00,12.020812308437424,12.020812308437424,11.805277721304137,11.901318550109863,81468223,0.0,0.0
2010-06-24 00:00:00-04:00,11.842311076354658,11.918599032656465,11.684301352020757,11.729728698730469,76027907,0.0,0.0
2010-06-25 00:00:00-04:00,11.778118390666728,11.792685127352811,11.61764038952328,11.669981002807617,90144622,0.0,0.0
2010-06-28 00:00:00-04:00,11.667758547422938,11.790215928828394,11.579372145060189,11.655166625976562,70756221,0.0,0.0
2010-06-29 00:00:00-04:00,11.44185413139547,11.469258575622668,11.137685503406699,11.215209007263184,140609069,0.0,0.0
2010-06-30 00:00:00-04:00,11.23249264450107,11.303350566103493,10.979677668209952,10.985355377197266,144668227,0.0,0.0
2010-07-01 00:00:00-04:00,10.993750729032753,11.070534043717771,10.705877818388577,10.850555419921875,141070793,0.0,0.0
2010-07-02 00:00:00-04:00,10.903142715573908,10.919436588066468,10.764390503048062,10.777969360351562,77730264,0.0,0.0
2010-07-06 00:00:00-04:00,10.961902613193931,11.052510576622435,10.70587818343176,10.766119003295898,102787835,0.0,0.0
2010-07-07 00:00:00-04:00,10.821422443062875,11.14188500426437,10.749084111640013,11.114974021911621,125657235,0.0,0.0
2010-07-08 00:00:00-04:00,11.19768145542626,11.291006323204217,11.101641572400702,11.271995544433594,107156148,0.0,0.0
2010-07-09 00:00:00-04:00,11.65220712275959,11.684302348540585,11.425561946446853,11.541847229003906,173909421,0.0,0.0
2010-07-12 00:00:00-04:00,11.662327520881174,11.83687879128353,11.630479032439332,11.747751235961914,133875926,0.0,0.0
2010-07-13 00:00:00-04:00,11.90625602037985,12.171415283374763,11.85761924086883,12.077844619750977,159648166,0.0,0.0
2010-07-14 00:00:00-04:00,12.094632372205623,12.192153598284307,12.010195590583658,12.130677223205566,125187481,0.0,0.0
2010-07-15 00:00:00-04:00,12.140306180847677,12.213632385319118,11.916871406182974,12.196844100952148,195056389,0.0,0.0
2010-07-16 00:00:00-04:00,11.582089770210736,11.61764115593938,11.345075175095475,11.347297668457031,314165171,0.0,0.0
2010-07-19 00:00:00-04:00,11.381861727672652,11.595173816056448,11.295697808933435,11.509503364562988,182694226,0.0,0.0
2010-07-20 00:00:00-04:00,11.382354572664603,11.924524737124635,11.371738410084312,11.889960289001465,162787890,0.0,0.0
2010-07-21 00:00:00-04:00,11.949461340003577,11.991431579303306,11.737876390799217,11.788982391357422,131675710,0.0,0.0
2010-07-22 00:00:00-04:00,11.930449145678358,12.07241172326425,11.911932780952979,11.96945858001709,86230004,0.0,0.0
2010-07-23 00:00:00-04:00,11.86971609617741,12.112161670065632,11.850952050556552,12.099077224731445,90915501,0.0,0.0
2010-07-26 00:00:00-04:00,12.075128191871345,12.116111500013023,11.9711871563378,12.072166442871094,80107140,0.0,0.0
2010-07-27 00:00:00-04:00,12.111915499097767,12.282762950677842,12.10179374758405,12.162528038024902,98415508,0.0,0.0
2010-07-28 00:00:00-04:00,12.219559547672581,12.227213017460885,11.916626402885955,11.95810317993164,100214225,0.0,0.0
2010-07-29 00:00:00-04:00,11.997605201569128,12.069943531412353,11.834164496600227,11.973902702331543,107421137,0.0,0.0
2010-07-30 00:00:00-04:00,11.842064744736389,12.03241643219828,11.829472821510134,11.970446586608887,86085465,0.0,0.0
2010-08-02 00:00:00-04:00,12.072658644576919,12.17857353811455,12.02204611246657,12.10771656036377,74626675,0.0,0.0
2010-08-03 00:00:00-04:00,12.109938682434747,12.158328719870417,12.017601703131659,12.093396186828613,72362219,0.0,0.0
2010-08-04 00:00:00-04:00,12.15141624908233,12.517307083800656,12.12351738844213,12.500518798828125,153071607,0.0,0.0
2010-08-05 00:00:00-04:00,12.489901002293923,12.556807399812781,12.432376153188729,12.544463157653809,97178890,0.0,0.0
2010-08-06 00:00:00-04:00,12.477804816236397,12.486198485844792,12.24696330390346,12.349915504455566,133277692,0.0,0.0
2010-08-09 00:00:00-04:00,12.400036384236955,12.48027492385471,12.37806290919189,12.476571083068848,75168699,0.0,0.0
2010-08-10 00:00:00-04:00,12.402503410874715,12.492617897926264,12.309177605569674,12.436079978942871,83270954,0.0,0.0
2010-08-11 00:00:00-04:00,12.288440503590946,12.295107038126478,12.134628086101156,12.14055347442627,89253294,0.0,0.0
2010-08-12 00:00:00-04:00,11.947978015861981,12.214866250109596,11.912673368666558,12.147218704223633,88514535,0.0,0.0
2010-08-13 00:00:00-04:00,12.072903753768578,12.126972439858259,11.99908409192102,12.007477760314941,77678069,0.0,0.0
2010-08-16 00:00:00-04:00,11.941560696850603,12.094386183086607,11.86304929987799,11.988716125488281,52395658,0.0,0.0
2010-08-17 00:00:00-04:00,12.06130143929912,12.213632504163828,11.99957927671848,12.110432624816895,75911472,0.0,0.0
2010-08-18 00:00:00-04:00,12.108457392531506,12.119073555800043,11.888973179987179,11.903785705566406,107858771,0.0,0.0
2010-08-19 00:00:00-04:00,11.875641493422936,11.91267517208349,11.535920474962909,11.55369758605957,157588475,0.0,0.0
2010-08-20 00:00:00-04:00,11.553695585740979,11.64306892098224,11.382107025437604,11.4067964553833,157291365,0.0,0.0
2010-08-23 00:00:00-04:00,11.393959611283314,11.5606097448779,11.300882421355643,11.457409858703613,119895720,0.0,0.0
2010-08-24 00:00:00-04:00,11.300140133620806,11.316681683959853,11.13274887070305,11.144352912902832,110922211,0.0,0.0
2010-08-25 00:00:00-04:00,11.110035431387523,11.302856330534425,11.110035431387523,11.224098205566406,104072633,0.0,0.0
2010-08-26 00:00:00-04:00,11.259651662971674,11.28927860607764,11.120900388324728,11.134231567382812,71346425,0.0,0.0
2010-08-27 00:00:00-04:00,11.173238877078562,11.356677265067983,11.052015167078059,11.32803726196289,92842698,0.0,0.0
2010-08-30 00:00:00-04:00,11.335938933839664,11.351000082195958,11.169782288114341,11.176448822021484,49440624,0.0,0.0
2010-08-31 00:00:00-04:00,11.11275145597405,11.230271347404258,11.060658517734405,11.110530853271484,78163883,0.0,0.0
2010-09-01 00:00:00-04:00,11.232987517705254,11.478890202411549,11.171758816501807,11.365073204040527,129616018,0.0,0.0
2010-09-02 00:00:00-04:00,11.427043531703232,11.466299705999928,11.364580214344125,11.435437202453613,67620512,0.0,0.0
2010-09-03 00:00:00-04:00,11.616653242602302,11.65022981111121,11.540611078226831,11.611222267150879,101996882,0.0,0.0
2010-09-07 00:00:00-04:00,11.468025371563071,11.544315216860966,11.431486108103456,11.465556144714355,68652365,0.0,0.0
2010-09-08 00:00:00-04:00,11.485060940077053,11.665536648613356,11.468271710626656,11.618133544921875,96432101,0.0,0.0
2010-09-09 00:00:00-04:00,11.797130002892766,11.860580245636815,11.618133747546073,11.756393432617188,97588419,0.0,0.0
2010-09-10 00:00:00-04:00,11.826510073650494,11.845519905690193,11.729234638925494,11.755404472351074,79268006,0.0,0.0
2010-09-13 00:00:00-04:00,11.872925474773766,11.958102462607213,11.839102169545324,11.906749725341797,89996068,0.0,0.0
2010-09-14 00:00:00-04:00,11.90032995058646,11.96797845187264,11.85268105373307,11.861322402954102,88992319,0.0,0.0
2010-09-15 00:00:00-04:00,11.849471557168117,11.89736813271744,11.81367154698273,11.866506576538086,96472251,0.0,0.0
2010-09-16 00:00:00-04:00,11.8494704768972,11.911191692949846,11.836137408568105,11.876874923706055,79075287,0.0,0.0
2010-09-17 00:00:00-04:00,11.943288597797645,12.127221425291655,11.879838351875549,12.101297378540039,226509844,0.0,0.0
2010-09-20 00:00:00-04:00,12.159318658142404,12.601497494632433,12.148454814969092,12.548910140991211,176800216,0.0,0.0
2010-09-21 00:00:00-04:00,12.583473942136115,12.837771238167683,12.564463162907805,12.676797866821289,179321632,0.0,0.0
2010-09-22 00:00:00-04:00,12.661984157907984,12.783454621376277,12.632851628196851,12.739507675170898,101864387,0.0,0.0
2010-09-23 00:00:00-04:00,12.705189775531167,12.83060985661555,12.623468957804588,12.677290916442871,93043447,0.0,0.0
2010-09-24 00:00:00-04:00,12.881222515926654,13.031578774662831,12.795305329034246,13.0182466506958,134779299,0.0,0.0
2010-09-27 00:00:00-04:00,13.056760856528388,13.254272531346794,13.056760856528388,13.09527587890625,124761892,0.0,0.0
2010-09-28 00:00:00-04:00,13.17107081471385,13.173786775223164,12.79999573824982,13.015283584594727,146735949,0.0,0.0
2010-09-29 00:00:00-04:00,13.032071576767414,13.157739340858477,12.954548063880932,13.028121948242188,87213678,0.0,0.0
2010-09-30 00:00:00-04:00,13.064413825536594,13.131321172244071,12.811598853624911,12.98121166229248,130250387,0.0,0.0
2010-10-01 00:00:00-04:00,13.085153832727244,13.100460770857142,12.912330636015566,12.977015495300293,89333594,0.0,0.0
2010-10-04 00:00:00-04:00,12.96047453164955,13.041947673905517,12.809871545411495,12.896282196044922,77910939,0.0,0.0
2010-10-05 00:00:00-04:00,13.045156732430076,13.332042693551074,12.99997517609966,13.28834342956543,140809819,0.0,0.0
2010-10-06 00:00:00-04:00,13.313773429671638,13.330808448032561,13.083672115622878,13.192549705505371,110906151,0.0,0.0
2010-10-07 00:00:00-04:00,13.238470888683253,13.26291358655233,13.063919623780027,13.085399627685547,96191202,0.0,0.0
2010-10-08 00:00:00-04:00,13.153543579867971,13.27279155728161,13.026394453795879,13.241929054260254,114796679,0.0,0.0
2010-10-11 00:00:00-04:00,13.294515772190765,13.445612223900223,13.262172871148204,13.303403854370117,105445761,0.0,0.0
2010-10-12 00:00:00-04:00,13.335005649142948,13.479929989825486,13.277480789681531,13.366361618041992,150706777,0.0,0.0
2010-10-13 00:00:00-04:00,13.50486515621117,13.516962666062192,13.389567766864449,13.413516998291016,122682126,0.0,0.0
2010-10-14 00:00:00-04:00,13.435241885036419,13.461660343369102,13.260691559339655,13.355003356933594,266358649,0.0,0.0
2010-10-15 00:00:00-04:00,14.79535730861411,14.853870042497658,14.605992571391205,14.8491792678833,595214680,0.0,0.0
2010-10-18 00:00:00-04:00,14.826960333661614,15.299506256106655,14.826960333661614,15.250622749328613,284992232,0.0,0.0
2010-10-19 00:00:00-04:00,15.031879603645681,15.179273178522312,14.88399256147842,15.006696701049805,184203863,0.0,0.0
2010-10-20 00:00:00-04:00,15.014348493309132,15.242475938396524,14.998548088377918,15.010398864746094,141532518,0.0,0.0
2010-10-21 00:00:00-04:00,15.097550918717998,15.208404263159826,14.961513730302109,15.109400749206543,117257870,0.0,0.0
2010-10-22 00:00:00-04:00,15.107673873566268,15.179272001457939,15.061505379943867,15.122735023498535,90582257,0.0,0.0
2010-10-25 00:00:00-04:00,15.198281010233204,15.424184998156582,15.182974073796826,15.220747947692871,126809538,0.0,0.0
2010-10-26 00:00:00-04:00,15.13680589814148,15.337527005035083,15.085700843020518,15.27259635925293,100892759,0.0,0.0
2010-10-27 00:00:00-04:00,15.202725200358676,15.30715874152789,15.117794957652984,15.22000789642334,90012128,0.0,0.0
2010-10-28 00:00:00-04:00,15.308394886917595,15.331849706684274,15.141744757644748,15.272102355957031,87699492,0.0,0.0
2010-10-29 00:00:00-04:00,15.234822082437491,15.282472868613477,15.134091424956592,15.151619911193848,91473585,0.0,0.0
2010-11-01 00:00:00-04:00,15.20173871883448,15.323455912603038,15.090145166307563,15.1837158203125,123946848,0.0,0.0
2010-11-02 00:00:00-04:00,15.274324690767672,15.30716106199675,15.173347295368073,15.198530197143555,80203500,0.0,0.0
2010-11-03 00:00:00-04:00,15.245437338925898,15.352339160107638,15.14668056245735,15.311602592468262,135726838,0.0,0.0
2010-11-04 00:00:00-04:00,15.421717221797106,15.5520748180418,15.359007177890598,15.412583351135254,143367369,0.0,0.0
2010-11-05 00:00:00-04:00,15.38567130112964,15.442703635283225,15.334565300521701,15.43257999420166,70892731,0.0,0.0
2010-11-08 00:00:00-05:00,15.406408965396185,15.541457324894072,15.384435494945532,15.474303245544434,84367048,0.0,0.0
2010-11-09 00:00:00-05:00,15.554050123340815,15.575034769897348,15.3197515058775,15.42616081237793,89823423,0.0,0.0
2010-11-10 00:00:00-05:00,15.358513448455989,15.381227121261395,15.245685285278281,15.378264427185059,100254375,0.0,0.0
2010-11-11 00:00:00-05:00,15.299753283337497,15.303457123663001,15.164211445146915,15.237784385681152,90803081,0.0,0.0
2010-11-12 00:00:00-05:00,15.15877888648307,15.230624688651895,14.84325386616614,14.894607543945312,136228712,0.0,0.0
2010-11-15 00:00:00-05:00,14.889422430591258,14.912137048263244,14.666481123998134,14.701539039611816,139677591,0.0,0.0
2010-11-16 00:00:00-05:00,14.634632696798143,14.761286448441234,14.404778121436253,14.411443710327148,132791878,0.0,0.0
2010-11-17 00:00:00-05:00,14.443047561799535,14.554148596669085,14.353425587668305,14.407248497009277,98066204,0.0,0.0
2010-11-18 00:00:00-05:00,14.541801991735944,14.81288659975524,14.530938150268518,14.728449821472168,103988318,0.0,0.0
2010-11-19 00:00:00-05:00,14.739313807405711,14.761287280233747,14.574886170323257,14.586983680725098,92244464,0.0,0.0
2010-11-22 00:00:00-05:00,14.504028255654976,14.651421819257434,14.387497192828125,14.596611976623535,87791837,0.0,0.0
2010-11-23 00:00:00-05:00,14.49267196522164,14.542049886966874,14.275161619643255,14.393915176391602,86828238,0.0,0.0
2010-11-24 00:00:00-05:00,14.500078563127698,14.729439683375197,14.493658762170654,14.68919563293457,96215292,0.0,0.0
2010-11-26 00:00:00-05:00,14.577848436203617,14.640065012447574,14.492424719682319,14.56649112701416,52640573,0.0,0.0
2010-11-29 00:00:00-05:00,14.545999114227254,14.561553731078144,14.318367024158393,14.371695518493652,114816754,0.0,0.0
2010-11-30 00:00:00-05:00,14.179370232829834,14.179370232829834,13.660653872975336,13.719907760620117,285763111,0.0,0.0
2010-12-01 00:00:00-05:00,13.899890070431846,14.111475040451692,13.885076598473653,13.933219909667969,150726852,0.0,0.0
2010-12-02 00:00:00-05:00,14.039629233817989,14.154926628387514,13.957908409878488,14.117646217346191,102298006,0.0,0.0
2010-12-03 00:00:00-05:00,14.0591328519513,14.232696242791096,14.023333789605035,14.14677906036377,105642495,0.0,0.0
2010-12-06 00:00:00-05:00,14.33367211022458,14.368978646938682,14.235904161913844,14.279109954833984,84065923,0.0,0.0
2010-12-07 00:00:00-05:00,14.597845389376886,14.640557718085413,14.467734534402132,14.495880126953125,122144116,0.0,0.0
2010-12-08 00:00:00-05:00,14.615128134226678,14.628706990665055,14.410703196151154,14.579822540283203,70539412,0.0,0.0
2010-12-09 00:00:00-05:00,14.662284620572745,14.704254858256318,14.541802046918361,14.603524208068848,75036204,0.0,0.0
2010-12-10 00:00:00-05:00,14.644015056663058,14.665000649625648,14.573651542297931,14.621054649353027,68443585,0.0,0.0
2010-12-13 00:00:00-05:00,14.742276551685336,14.88744761303119,14.667469000501919,14.680554389953613,96299607,0.0,0.0
2010-12-14 00:00:00-05:00,14.741535583169771,14.771162523666689,14.627719541210375,14.687713623046875,65978380,0.0,0.0
2010-12-15 00:00:00-05:00,14.670185876896362,14.725735920457351,14.545505986912774,14.573898315429688,87033003,0.0,0.0
2010-12-16 00:00:00-05:00,14.636854919728716,14.659568591736148,14.518840628054194,14.608708381652832,64115423,0.0,0.0
2010-12-17 00:00:00-05:00,14.591179230375248,14.629695198090346,14.508964943743273,14.586241722106934,123946848,0.0,0.0
2010-12-20 00:00:00-05:00,14.68129499004402,14.761040051639574,14.533407964273652,14.69141674041748,79227857,0.0,0.0
2010-12-21 00:00:00-05:00,14.77807723004937,14.929914842206076,14.754374730005132,14.889177322387695,75461793,0.0,0.0
2010-12-22 00:00:00-05:00,14.912139017221115,14.986205432027374,14.894361905446468,14.948925018310547,48481040,0.0,0.0
2010-12-23 00:00:00-05:00,14.945220601569021,14.96151447380279,14.863499780083732,14.917815208435059,44598542,0.0,0.0
2010-12-27 00:00:00-05:00,14.881028021226559,14.90670438792819,14.801036227066108,14.872140884399414,48505130,0.0,0.0
2010-12-28 00:00:00-05:00,14.863994200138515,14.90892808181997,14.76425047401523,14.786717414855957,42751645,0.0,0.0
2010-12-29 00:00:00-05:00,14.862759348035928,14.872881098285013,14.786716236983672,14.838069915771484,40920808,0.0,0.0
2010-12-30 00:00:00-05:00,14.76400308691455,14.846217377268632,14.748942882475783,14.785236358642578,39728356,0.0,0.0
2010-12-31 00:00:00-05:00,14.732896569111135,14.774374289717677,14.616610344026565,14.664507865905762,61802787,0.0,0.0
2011-01-03 00:00:00-05:00,14.726476958840445,14.951393106447838,14.726476958840445,14.92077922821045,94962614,0.0,0.0
2011-01-04 00:00:00-05:00,14.952135205570936,14.965959852173233,14.816344731880621,14.86572265625,73253547,0.0,0.0
2011-01-05 00:00:00-05:00,14.815109491528263,15.068417942514126,14.81461602429901,15.037310600280762,101671667,0.0,0.0
2011-01-06 00:00:00-05:00,15.07705752541506,15.26839801513842,15.06150385514462,15.14668083190918,82620526,0.0,0.0
2011-01-07 00:00:00-05:00,15.206182447036396,15.263954981770228,15.063480608873057,15.219266891479492,84363033,0.0,0.0
2011-01-10 00:00:00-05:00,15.17877801003066,15.193344746867963,15.024718862638577,15.16421127319336,63404769,0.0,0.0
2011-01-11 00:00:00-05:00,15.250622726781206,15.277533706966723,15.171371133256326,15.208651542663574,57787794,0.0,0.0
2011-01-12 00:00:00-05:00,15.291110920911203,15.291110920911203,15.178035091422597,15.229881286621094,65552790,0.0,0.0
2011-01-13 00:00:00-05:00,15.23235330211494,15.299013923583026,15.162977665333003,15.225440979003906,53560006,0.0,0.0
2011-01-14 00:00:00-05:00,15.242969069137978,15.412582829493449,15.23506886684677,15.410360336303711,94978674,0.0,0.0
2011-01-18 00:00:00-05:00,15.456775978190501,15.850071281549246,15.437271731685637,15.7918062210083,145222296,0.0,0.0
2011-01-19 00:00:00-05:00,15.853281074335156,15.874018988250953,15.545656237613294,15.59725570678711,136754676,0.0,0.0
2011-01-20 00:00:00-05:00,15.608611404243712,15.654779892880306,15.388386068556498,15.474303245544434,220254485,0.0,0.0
2011-01-21 00:00:00-05:00,15.790570328394287,15.843652087641093,15.093847541285067,15.105451583862305,357511035,0.0,0.0
2011-01-24 00:00:00-05:00,15.00027765602288,15.121746227503703,14.843748330727959,15.086935043334961,184657557,0.0,0.0
2011-01-25 00:00:00-05:00,15.015829871690553,15.324194881431835,14.97435215692666,15.304938316345215,146418764,0.0,0.0
2011-01-26 00:00:00-05:00,15.315306471901435,15.368634961170761,15.190627542015015,15.220747947692871,81829572,0.0,0.0
2011-01-27 00:00:00-05:00,15.255066801996385,15.299753001322435,15.140509613070428,15.227909088134766,81070738,0.0,0.0
2011-01-28 00:00:00-05:00,15.284198993023331,15.316048426242894,14.807455773245792,14.837822914123535,169878368,0.0,0.0
2011-01-31 00:00:00-05:00,14.902261233542943,14.92374029269143,14.703514944327686,14.822269439697266,112616538,0.0,0.0
2011-02-01 00:00:00-05:00,14.924233480761936,15.142978423351636,14.890163445233926,15.085947036743164,110223602,0.0,0.0
2011-02-02 00:00:00-05:00,15.084959264334445,15.167421229380535,14.999287871667912,15.109647750854492,70691981,0.0,0.0
2011-02-03 00:00:00-05:00,15.047432829052406,15.096069603545239,14.964725071848614,15.063974380493164,60028160,0.0,0.0
2011-02-04 00:00:00-05:00,15.063974799879873,15.095823290196147,14.976575320057654,15.084465980529785,62264511,0.0,0.0
2011-02-07 00:00:00-05:00,15.064221063871866,15.26741045532891,15.040766244382334,15.166186332702637,72253814,0.0,0.0
2011-02-08 00:00:00-05:00,15.181988192039071,15.298027687153377,15.171619706899367,15.267165184020996,68050116,0.0,0.0
2011-02-09 00:00:00-05:00,15.229881817495754,15.293579735234115,15.118041542731767,15.220747947692871,73976246,0.0,0.0
2011-02-10 00:00:00-05:00,15.156557793716845,15.245438616384277,15.098785258983012,15.219266891479492,93725996,0.0,0.0
2011-02-11 00:00:00-05:00,15.153841549859301,15.430604817700608,15.13433730502861,15.41826057434082,103984303,0.0,0.0
2011-02-14 00:00:00-05:00,15.389620672093683,15.545161164560895,15.308147530963009,15.50837516784668,85439051,0.0,0.0
2011-02-15 00:00:00-05:00,15.487883031652895,15.55627077893283,15.383695278988933,15.409618377685547,83993653,0.0,0.0
2011-02-16 00:00:00-05:00,15.44615856114305,15.467636673662946,15.359005825692604,15.411346435546875,67612482,0.0,0.0
2011-02-17 00:00:00-05:00,15.338021542501453,15.486155303093499,15.314073255932437,15.437024116516113,59373716,0.0,0.0
2011-02-18 00:00:00-05:00,15.45529484935817,15.58318321964686,15.41036096988653,15.556025505065918,129198459,0.0,0.0
2011-02-22 00:00:00-05:00,15.307900994301614,15.428877039481439,15.005214620404105,15.065455436706543,146141730,0.0,0.0
2011-02-23 00:00:00-05:00,15.068418467730503,15.17630912552838,14.912137768914496,15.092860221862793,116017237,0.0,0.0
2011-02-24 00:00:00-05:00,15.094588667067656,15.136559853537193,14.84671117699654,15.03113842010498,108874565,0.0,0.0
2011-02-25 00:00:00-05:00,15.106191238687101,15.176801480715055,15.047925239632399,15.061257362365723,77585724,0.0,0.0
2011-02-28 00:00:00-05:00,15.060270350116005,15.220501610353516,15.01113822140309,15.144211769104004,91602065,0.0,0.0
2011-03-01 00:00:00-05:00,15.25235103154373,15.28790430836947,14.796099892163271,14.832145690917969,133426247,0.0,0.0
2011-03-02 00:00:00-05:00,14.808443043425354,14.961514310015863,14.694627000616489,14.8328857421875,81371863,0.0,0.0
2011-03-03 00:00:00-05:00,14.970897507734776,15.097057799986617,14.936825578969717,15.049407958984375,78103658,0.0,0.0
2011-03-04 00:00:00-05:00,15.019039325665142,15.035087408605072,14.818318230802596,14.828686714172363,120891439,0.0,0.0
2011-03-07 00:00:00-05:00,14.826961399502103,14.904483972727773,14.492425570095035,14.607476234436035,139027162,0.0,0.0
2011-03-08 00:00:00-05:00,14.638831605855165,14.763511510292334,14.5714307776848,14.62352466583252,91738575,0.0,0.0
2011-03-09 00:00:00-05:00,14.591180574223364,14.67783985521951,14.461565061870559,14.61019229888916,86362499,0.0,0.0
2011-03-10 00:00:00-05:00,14.453909681260777,14.483042209721528,14.306022655030347,14.327008247375488,125592995,0.0,0.0
2011-03-11 00:00:00-05:00,14.275655118969551,14.319601116735775,14.154925810244007,14.238374710083008,121734587,0.0,0.0
2011-03-14 00:00:00-04:00,14.14184056121364,14.277382386995162,14.023827219614883,14.072463989257812,113066217,0.0,0.0
2011-03-15 00:00:00-04:00,13.764099781638913,14.097400968738253,13.714721863007142,14.061848640441895,160824559,0.0,0.0
2011-03-16 00:00:00-04:00,14.02358032856623,14.067526323337859,13.610533164938373,13.754222869873047,152509508,0.0,0.0
2011-03-17 00:00:00-04:00,13.936428896712721,14.048022447244152,13.839154404090067,13.859399795532227,116406692,0.0,0.0
2011-03-18 00:00:00-04:00,13.940379028976913,14.02308773306107,13.81940392454732,13.851993560791016,132438559,0.0,0.0
2011-03-21 00:00:00-04:00,14.078142558581535,14.314663668772063,14.048515618237042,14.233189582824707,121288923,0.0,0.0
2011-03-22 00:00:00-04:00,14.252201475061183,14.300591517848632,14.13468252962321,14.253436088562012,75758903,0.0,0.0
2011-03-23 00:00:00-04:00,14.200847528861008,14.380090528633524,14.12209034397834,14.372930526733398,72920303,0.0,0.0
2011-03-24 00:00:00-04:00,14.453662158240487,14.526742577148383,14.28997472525029,14.48970890045166,84262658,0.0,0.0
2011-03-25 00:00:00-04:00,14.489462186790233,14.490202387655414,14.300837641668268,14.313182830810547,114764559,0.0,0.0
2011-03-28 00:00:00-04:00,14.370708915431042,14.44280146077285,14.188998568229108,14.205046653747559,89068604,0.0,0.0
2011-03-29 00:00:00-04:00,14.220844161141192,14.366261945053527,14.14702449534902,14.362312316894531,64432607,0.0,0.0
2011-03-30 00:00:00-04:00,14.427739388891586,14.455391516573997,14.333921054216349,14.365030288696289,57105245,0.0,0.0
2011-03-31 00:00:00-04:00,14.39366743048942,14.52106327262469,14.362560088795894,14.48649787902832,81480268,0.0,0.0
2011-04-01 00:00:00-04:00,14.535877110067185,14.694627031519087,14.535877110067185,14.610931396484375,104919797,0.0,0.0
2011-04-04 00:00:00-04:00,14.640557964451695,14.683516082149767,14.396136654577417,14.509212493896484,82488031,0.0,0.0
2011-04-05 00:00:00-04:00,14.346266077688552,14.35638782831831,13.966055234825443,14.05024528503418,242806701,0.0,0.0
2011-04-06 00:00:00-04:00,14.126533032696166,14.200105968334645,14.023333157783272,14.175910949707031,107132058,0.0,0.0
2011-04-07 00:00:00-04:00,14.214179633332952,14.335402408793218,14.176158078424567,14.319601058959961,101639547,0.0,0.0
2011-04-08 00:00:00-04:00,14.440330389663108,14.440330389663108,14.271705455119749,14.274173736572266,76357137,0.0,0.0
2011-04-11 00:00:00-04:00,14.22578340249532,14.272693041649921,14.146779485615141,14.254670143127441,74606600,0.0,0.0
2011-04-12 00:00:00-04:00,14.196156494397227,14.243312867285354,14.024568857596092,14.087772369384766,83736694,0.0,0.0
2011-04-13 00:00:00-04:00,14.208750480388385,14.26034900789214,14.115919074387481,14.227760314941406,83086265,0.0,0.0
2011-04-14 00:00:00-04:00,14.200846473907102,14.30602211058842,14.124558521647506,14.282814025878906,219070062,0.0,0.0
2011-04-15 00:00:00-04:00,13.462648264222615,13.474005574093928,13.08663565971502,13.102436065673828,563853569,0.0,0.0
2011-04-18 00:00:00-04:00,12.996765962028098,13.02738078241983,12.813574288265814,13.007135391235352,202347616,0.0,0.0
2011-04-19 00:00:00-04:00,13.083918703700423,13.10687910999053,12.860483926514487,12.87603759765625,107766427,0.0,0.0
2011-04-20 00:00:00-04:00,12.983927913443681,13.006641585526737,12.872581100845247,12.979730606079102,122858785,0.0,0.0
2011-04-21 00:00:00-04:00,13.023185236595085,13.042689482817549,12.897270731185952,12.964178085327148,99174342,0.0,0.0
2011-04-25 00:00:00-04:00,12.967881530904938,13.011086384431513,12.887888788728016,12.962943077087402,65476506,0.0,0.0
2011-04-26 00:00:00-04:00,12.999235127472046,13.268839340247995,12.96689222658842,13.154775619506836,140524754,0.0,0.0
2011-04-27 00:00:00-04:00,13.282664517145848,13.28538142302552,13.192550024111886,13.276740074157715,92280599,0.0,0.0
2011-04-28 00:00:00-04:00,13.284145787188995,13.31352599294254,13.18588342009718,13.281923294067383,80299860,0.0,0.0
2011-04-29 00:00:00-04:00,13.332043477525566,13.433268547058105,13.295256533841624,13.433268547058105,169773978,0.0,0.0
2011-05-02 00:00:00-04:00,13.472768088930364,13.47350923501337,13.260937383402343,13.296488761901855,85667905,0.0,0.0
2011-05-03 00:00:00-04:00,13.261184173374662,13.381665788666313,13.076016764599034,13.181191444396973,83572079,0.0,0.0
2011-05-04 00:00:00-04:00,13.212795746666428,13.307353331207603,13.159713042470916,13.228102684020996,84997401,0.0,0.0
2011-05-05 00:00:00-04:00,13.180452904146948,13.317722819058734,13.122185957818584,13.19057559967041,80211530,0.0,0.0
2011-05-06 00:00:00-04:00,13.286367882850776,13.368088703060652,13.213042622924588,13.216004371643066,82552271,0.0,0.0
2011-05-09 00:00:00-04:00,13.208597856138248,13.294762718867922,13.112311242991701,13.274764060974121,78240168,0.0,0.0
2011-05-10 00:00:00-04:00,13.332043773110529,13.441415781406246,13.27130854097653,13.39771556854248,82022292,0.0,0.0
2011-05-11 00:00:00-04:00,13.335499276151028,13.419687427853432,13.176254952011456,13.219706535339355,93902656,0.0,0.0
2011-05-12 00:00:00-04:00,13.214523920161406,13.256495107047598,13.107620193213682,13.209833145141602,58149143,0.0,0.0
2011-05-13 00:00:00-04:00,13.198970859520362,13.231313764233853,13.061699982729762,13.074044227600098,84664157,0.0,0.0
2011-05-16 00:00:00-04:00,12.994051081155385,13.017752633873952,12.749383030467138,12.799254417419434,118771522,0.0,0.0
2011-05-17 00:00:00-04:00,12.725434858728768,13.115273977989366,12.715559841900124,13.09650993347168,132639308,0.0,0.0
2011-05-18 00:00:00-04:00,13.073795921490408,13.093300166361908,12.978990657559232,13.080462455749512,78420843,0.0,0.0
2011-05-19 00:00:00-04:00,13.152554709997599,13.246620729929704,13.078241561644624,13.116016387939453,99118132,0.0,0.0
2011-05-20 00:00:00-04:00,13.12959242485383,13.134283199430026,12.915540148248898,12.937760353088379,93047462,0.0,0.0
2011-05-23 00:00:00-04:00,12.754321638284885,12.838264959845734,12.675317716198744,12.798515319824219,92344839,0.0,0.0
2011-05-24 00:00:00-04:00,12.847399134150526,12.936032281096754,12.792589291504616,12.795305252075195,76284867,0.0,0.0
2011-05-25 00:00:00-04:00,12.772344689506046,12.906651915908773,12.77036892983896,12.830117225646973,52259149,0.0,0.0
2011-05-26 00:00:00-04:00,12.781479973639309,12.890606202419114,12.714821238323198,12.792096138000488,85057626,0.0,0.0
2011-05-27 00:00:00-04:00,12.800736773899274,12.8824575953961,12.746913867438343,12.86048412322998,70093747,0.0,0.0
2011-05-31 00:00:00-04:00,12.961708607024239,13.061699063181775,12.924674929680787,13.060958862304688,107894906,0.0,0.0
2011-06-01 00:00:00-04:00,13.036761349434963,13.16415623904179,12.9693605373366,12.976520538330078,118679178,0.0,0.0
2011-06-02 00:00:00-04:00,13.025158723133007,13.092558592324528,12.899490964165512,13.03725528717041,88510520,0.0,0.0
2011-06-03 00:00:00-04:00,12.887642384217028,13.025900187847686,12.875298140037055,12.914305686950684,70202152,0.0,0.0
2011-06-06 00:00:00-04:00,12.925662940965829,13.00664261935396,12.819747095356268,12.864434242248535,77975179,0.0,0.0
2011-06-07 00:00:00-04:00,12.909614521975135,12.952574532357092,12.813327907736866,12.814314842224121,76590006,0.0,0.0
2011-06-08 00:00:00-04:00,12.75259358605162,12.868877912732255,12.734076275055422,12.817771911621094,66383894,0.0,0.0
2011-06-09 00:00:00-04:00,12.838264108963108,12.838264108963108,12.73062018511451,12.75753116607666,67817246,0.0,0.0
2011-06-10 00:00:00-04:00,12.69210425115314,12.75654332173974,12.573845109171597,12.579276084899902,97961814,0.0,0.0
2011-06-13 00:00:00-04:00,12.591373566596301,12.596312020406629,12.398059191293564,12.461262702941895,97455925,0.0,0.0
2011-06-14 00:00:00-04:00,12.54569837422573,12.69210309739091,12.517059315090394,12.551130294799805,94011061,0.0,0.0
2011-06-15 00:00:00-04:00,12.468669170712257,12.550636725333614,12.359544847414695,12.417316436767578,83242849,0.0,0.0
2011-06-16 00:00:00-04:00,12.413859425572182,12.506689870376597,12.262269515628885,12.353617668151855,110693357,0.0,0.0
2011-06-17 00:00:00-04:00,12.497062930707875,12.509653908397846,11.969212731464227,11.97464370727539,210602442,0.0,0.0
2011-06-20 00:00:00-04:00,11.974149824150318,12.004516965999384,11.831694719100373,11.96377944946289,121598077,0.0,0.0
2011-06-21 00:00:00-04:00,12.028219327782187,12.194870409412104,11.967484094659623,12.171661376953125,111030616,0.0,0.0
2011-06-22 00:00:00-04:00,12.133394805095373,12.155615013754705,12.016863730803637,12.023776054382324,96644896,0.0,0.0
2011-06-23 00:00:00-04:00,11.903292697153965,11.92131559657663,11.695905041636287,11.856136322021484,192787918,0.0,0.0
2011-06-24 00:00:00-04:00,11.867495705299831,11.869223786247964,11.678377664863863,11.724299430847168,152794573,0.0,0.0
2011-06-27 00:00:00-04:00,11.702571474244444,12.058092896214793,11.69269551155765,11.919835090637207,138304463,0.0,0.0
2011-06-28 00:00:00-04:00,11.949956890716146,12.2509152372951,11.949956890716146,12.187711715698242,109011074,0.0,0.0
2011-06-29 00:00:00-04:00,12.259060006581764,12.350656789838018,12.156353593147609,12.284490585327148,94071286,0.0,0.0
2011-06-30 00:00:00-04:00,12.393614779833154,12.50915890290663,12.38151726997043,12.501998901367188,97500090,0.0,0.0
2011-07-01 00:00:00-04:00,12.510888732031644,12.867398031463873,12.501999703935873,12.863694190979004,146013250,0.0,0.0
2011-07-05 00:00:00-04:00,12.969114971483927,13.218473798010312,12.969114971483927,13.145394325256348,154545110,0.0,0.0
2011-07-06 00:00:00-04:00,13.171562720606904,13.29525471321239,13.160205412674081,13.217484474182129,108228151,0.0,0.0
2011-07-07 00:00:00-04:00,13.356730653545219,13.595720979194027,13.230323641198126,13.494988441467285,158010049,0.0,0.0
2011-07-08 00:00:00-04:00,13.157985562723013,13.274023148584803,13.017752012722529,13.134283065795898,191523195,0.0,0.0
2011-07-11 00:00:00-04:00,13.040219855202091,13.232794029865952,12.974052703985171,13.017999649047852,113997696,0.0,0.0
2011-07-12 00:00:00-04:00,13.039725549331896,13.317723444148559,12.986397999464847,13.18415641784668,114073981,0.0,0.0
2011-07-13 00:00:00-04:00,13.257976139413946,13.430798379184285,13.245136538393457,13.289083480834961,112026334,0.0,0.0
2011-07-14 00:00:00-04:00,13.310317464275963,13.381422128587763,13.004420691027322,13.05898380279541,266976958,0.0,0.0
2011-07-15 00:00:00-04:00,14.751658811580596,14.81955404356176,14.521064025282696,14.754621505737305,551342851,0.0,0.0
2011-07-18 00:00:00-04:00,14.627967083914887,14.863993795809233,14.615869573432771,14.688455581665039,179401931,0.0,0.0
2011-07-19 00:00:00-04:00,14.718083432847195,14.928926311609176,14.703023227221339,14.876338958740234,119144917,0.0,0.0
2011-07-20 00:00:00-04:00,14.867203759080951,14.883250897845661,14.698576927185059,14.698576927185059,89446014,0.0,0.0
2011-07-21 00:00:00-04:00,14.665988073691873,15.012374658962445,14.665493661115704,14.985957145690918,139300182,0.0,0.0
2011-07-22 00:00:00-04:00,14.946452857112568,15.294814224377415,14.918801678312619,15.263459205627441,141656982,0.0,0.0
2011-07-25 00:00:00-04:00,15.143227327726615,15.440729491927257,15.13433924448708,15.281978607177734,125733520,0.0,0.0
2011-07-26 00:00:00-04:00,15.259016302048485,15.492327040085444,15.238525122686614,15.369376182556152,94067271,0.0,0.0
2011-07-27 00:00:00-04:00,15.237539933742356,15.330617133644328,14.930656202953116,14.991637229919434,157965884,0.0,0.0
2011-07-28 00:00:00-04:00,14.941517284595015,15.207911139008969,14.887448587968699,15.083478927612305,124802042,0.0,0.0
2011-07-29 00:00:00-04:00,14.917814010215595,15.182727432308319,14.904481887817383,14.904481887817383,166116320,0.0,0.0
2011-08-01 00:00:00-04:00,15.090391430536169,15.196059591476422,14.793136035641504,14.980525016784668,159238637,0.0,0.0
2011-08-02 00:00:00-04:00,14.961513317593704,15.05212221438955,14.60525174243951,14.625743865966797,128503865,0.0,0.0
2011-08-03 00:00:00-04:00,14.67191401830624,14.887448604163753,14.409224004036314,14.842267990112305,153601587,0.0,0.0
2011-08-04 00:00:00-04:00,14.67759259857925,14.784989790521214,14.25713959236594,14.258373260498047,197320845,0.0,0.0
2011-08-05 00:00:00-04:00,14.382311943426059,14.566491504725304,13.875200606785016,14.295900344848633,238052949,0.0,0.0
2011-08-08 00:00:00-04:00,13.899395868263786,14.04802310193334,13.439440896969097,13.480671882629395,300987964,0.0,0.0
2011-08-09 00:00:00-04:00,13.850511144820535,14.18652925500791,13.356978666652443,14.156902313232422,259758001,0.0,0.0
2011-08-10 00:00:00-04:00,13.85989240544774,13.92753995291673,13.52288739077778,13.554490089416504,215589063,0.0,0.0
2011-08-11 00:00:00-04:00,13.67324236435978,14.035677002296573,13.53967629849112,13.878409385681152,193948251,0.0,0.0
2011-08-12 00:00:00-04:00,14.06036867909318,14.085057168172387,13.83569832363854,13.918901443481445,126644924,0.0,0.0
2011-08-15 00:00:00-04:00,13.663616503242785,13.949021132080361,13.481411757535815,13.757433891296387,286867234,0.0,0.0
2011-08-16 00:00:00-04:00,13.638926118575311,13.639172852181785,13.092558653195677,13.307353019714355,278616423,0.0,0.0
2011-08-17 00:00:00-04:00,13.332783366586924,13.42314553710858,13.104163397796325,13.162923812866211,163775579,0.0,0.0
2011-08-18 00:00:00-04:00,12.923934806147956,12.958992724016522,12.356581701869604,12.464966773986816,252571164,0.0,0.0
2011-08-19 00:00:00-04:00,12.328189986720039,12.711609306325593,12.118826583635334,12.120308876037598,217211120,0.0,0.0
2011-08-22 00:00:00-04:00,12.443239514365517,12.517306866398421,12.209436251576983,12.299304008483887,196971541,0.0,0.0
2011-08-23 00:00:00-04:00,12.430894661580298,12.873074368197106,12.321275931283438,12.80912971496582,174523715,0.0,0.0
2011-08-24 00:00:00-04:00,12.821720012148893,13.085152079560798,12.76987381635346,12.919488906860352,144318923,0.0,0.0
2011-08-25 00:00:00-04:00,13.094534773760316,13.264642002012637,12.796291501019123,12.839250564575195,132213719,0.0,0.0
2011-08-26 00:00:00-04:00,12.83801658298717,13.096262534564412,12.668896293318099,13.00762939453125,144391193,0.0,0.0
2011-08-29 00:00:00-04:00,13.197735485522797,13.318463848548511,13.17304605363356,13.30932903289795,93782206,0.0,0.0
2011-08-30 00:00:00-04:00,13.287356281370986,13.405864048317323,13.10515248037011,13.349325180053711,120008140,0.0,0.0
2011-08-31 00:00:00-04:00,13.449068278682047,13.487582355814709,13.23328697193584,13.355744361877441,108135806,0.0,0.0
2011-09-01 00:00:00-04:00,13.350560123856136,13.426601343691086,13.115273626852971,13.146875381469727,96982155,0.0,0.0
2011-09-02 00:00:00-04:00,12.948621236024618,13.03379820821505,12.856285208425893,12.957756996154785,96408011,0.0,0.0
2011-09-06 00:00:00-04:00,12.61112356981299,12.906403169354755,12.60371683556549,12.892083168029785,109039179,0.0,0.0
2011-09-07 00:00:00-04:00,13.096262110231846,13.231804882114728,13.020961095485502,13.184648513793945,110645177,0.0,0.0
2011-09-08 00:00:00-04:00,13.178971068719115,13.309823078202369,13.13206237503355,13.207610130310059,95576908,0.0,0.0
2011-09-09 00:00:00-04:00,13.119718529065931,13.1999570616102,12.867644676425707,12.958005905151367,131242091,0.0,0.0
2011-09-12 00:00:00-04:00,12.787898542141816,13.134284194246877,12.776541232583801,13.088116645812988,107216373,0.0,0.0
2011-09-13 00:00:00-04:00,13.134530975956256,13.180947148866187,12.922205817750227,13.07330322265625,94520965,0.0,0.0
2011-09-14 00:00:00-04:00,13.14909678944436,13.256740708090437,12.981952257074477,13.136259078979492,108179971,0.0,0.0
2011-09-15 00:00:00-04:00,13.22094479559668,13.454995770379796,13.197737652243513,13.395248413085938,118875912,0.0,0.0
2011-09-16 00:00:00-04:00,13.45055112695719,13.50091598231674,13.40956687598101,13.496965408325195,141901897,0.0,0.0
2011-09-19 00:00:00-04:00,13.340684444533325,13.576463468417579,13.217980318343917,13.496718406677246,99106087,0.0,0.0
2011-09-20 00:00:00-04:00,13.564120064243898,13.789283884434553,13.39796245074583,13.495732307434082,111580670,0.0,0.0
2011-09-21 00:00:00-04:00,13.521899342430288,13.70237503201428,13.303895569471818,13.312289237976074,100948969,0.0,0.0
2011-09-22 00:00:00-04:00,12.992570002674855,13.05503236813026,12.690130356323019,12.854557991027832,176671736,0.0,0.0
2011-09-23 00:00:00-04:00,12.753332936120799,12.996765415286854,12.702473672023629,12.974298477172852,111508400,0.0,0.0
2011-09-26 00:00:00-04:00,13.017258716290007,13.15749227831432,12.671613265126402,13.131815910339355,105762945,0.0,0.0
2011-09-27 00:00:00-04:00,13.287602620906677,13.506099891724372,13.234520860979691,13.31574821472168,120887424,0.0,0.0
2011-09-28 00:00:00-04:00,13.36907707561568,13.431292707787268,13.0283691370671,13.056513786315918,90871336,0.0,0.0
2011-09-29 00:00:00-04:00,13.234273673698668,13.265382905872583,12.82369665929252,13.023430824279785,116699786,0.0,0.0
2011-09-30 00:00:00-04:00,12.843448600219421,12.937019256006487,12.699511197585192,12.71580696105957,109352349,0.0,0.0
2011-10-03 00:00:00-04:00,12.587669522710332,12.640751278949766,12.221038518412277,12.23387622833252,179646846,0.0,0.0
2011-10-04 00:00:00-04:00,12.09833556350926,12.429415218390886,11.865518283306097,12.391393661499023,166975528,0.0,0.0
2011-10-05 00:00:00-04:00,12.254370562802679,12.53705923325582,11.869715676559972,12.460522651672363,182043797,0.0,0.0
2011-10-06 00:00:00-04:00,12.529652284955482,12.720497432402501,12.408675292637819,12.707659721374512,137485405,0.0,0.0
2011-10-07 00:00:00-04:00,12.760001843332848,12.85060981345463,12.598781727517965,12.717782974243164,114664185,0.0,0.0
2011-10-10 00:00:00-04:00,12.96615285352101,13.269580388234843,12.91726839865396,13.262173652648926,93236167,0.0,0.0
2011-10-11 00:00:00-04:00,13.170575728798887,13.499926313341172,13.170575728798887,13.410552978515625,114563810,0.0,0.0
2011-10-12 00:00:00-04:00,13.532762005633476,13.708053450962769,13.446350423530223,13.54189682006836,127588447,0.0,0.0
2011-10-13 00:00:00-04:00,13.579672929621587,13.801133841468134,13.530048275995057,13.800887107849121,228356741,0.0,0.0
2011-10-14 00:00:00-04:00,14.800295761601408,14.80350518921429,14.506496533464578,14.6079683303833,342474886,0.0,0.0
2011-10-17 00:00:00-04:00,14.41144466439496,14.61167231274278,14.270224166880324,14.37910270690918,160928949,0.0,0.0
2011-10-18 00:00:00-04:00,14.324292688111745,14.629695012139182,14.255409580145809,14.579081535339355,152601853,0.0,0.0
2011-10-19 00:00:00-04:00,14.50081673758667,14.617349674294807,14.300342386312257,14.336882591247559,117699519,0.0,0.0
2011-10-20 00:00:00-04:00,14.366512294270516,14.539086876205326,14.30750514111615,14.410211563110352,135666613,0.0,0.0
2011-10-21 00:00:00-04:00,14.554394411215668,14.634386205930811,14.485017834043765,14.578588485717773,136148412,0.0,0.0
2011-10-24 00:00:00-04:00,14.48551085094258,14.812639911886052,14.480079875531592,14.724993705749512,137589795,0.0,0.0
2011-10-25 00:00:00-04:00,14.643025573128215,14.689935207793841,14.389963871822749,14.39761734008789,102000897,0.0,0.0
2011-10-26 00:00:00-04:00,14.55538126653621,14.570934937681393,14.143321949261681,14.475388526916504,115354763,0.0,0.0
2011-10-27 00:00:00-04:00,14.774372151268807,14.880040306590589,14.647964193306034,14.780543327331543,151778780,0.0,0.0
2011-10-28 00:00:00-04:00,14.67808509698638,14.870165794467535,14.67141856281521,14.8168363571167,100696024,0.0,0.0
2011-10-31 00:00:00-04:00,14.69215848372092,14.805726845754625,14.60772170402734,14.631669044494629,102695490,0.0,0.0
2011-11-01 00:00:00-04:00,14.322072060456952,14.45563909572998,14.239364296878232,14.286272048950195,125472546,0.0,0.0
2011-11-02 00:00:00-04:00,14.440578207227494,14.516125964931788,14.331453878396754,14.438602447509766,85153986,0.0,0.0
2011-11-03 00:00:00-04:00,14.492425535054789,14.751659393310547,14.411444909798108,14.751659393310547,107192283,0.0,0.0
2011-11-04 00:00:00-04:00,14.652903155704502,14.806963253806716,14.626485641582303,14.718082427978516,113817021,0.0,0.0
2011-11-07 00:00:00-05:00,14.6484594360336,15.030151637543616,14.621548454068021,15.019041061401367,134799374,0.0,0.0
2011-11-08 00:00:00-05:00,15.035582871463065,15.168162969172949,14.90226257284544,15.118043899536133,121630197,0.0,0.0
2011-11-09 00:00:00-05:00,14.918557643425416,15.045212354653325,14.780298888396862,14.836836814880371,148996390,0.0,0.0
2011-11-10 00:00:00-05:00,14.959788823462741,14.960282290749253,14.605007587272086,14.691913604736328,115166059,0.0,0.0
2011-11-11 00:00:00-05:00,14.845476303514609,15.111870138220409,14.778815688766121,15.019533157348633,159676271,0.0,0.0
2011-11-14 00:00:00-05:00,15.010893100530598,15.259757526324949,15.005462124643476,15.13433837890625,128026081,0.0,0.0
2011-11-15 00:00:00-05:00,15.129400451944088,15.259758057869485,15.07261673741404,15.222230911254883,107441212,0.0,0.0
2011-11-16 00:00:00-05:00,15.111623534581376,15.265189210763069,15.07533100557592,15.096562385559082,104731092,0.0,0.0
2011-11-17 00:00:00-05:00,15.061505979501856,15.11680929153183,14.733883415152883,14.834861755371094,140255750,0.0,0.0
2011-11-18 00:00:00-05:00,14.862760422044945,14.924481643817334,14.659075663498118,14.68697452545166,132000924,0.0,0.0
2011-11-21 00:00:00-05:00,14.511186919184881,14.529457495270835,14.124311464624087,14.342808723449707,120501984,0.0,0.0
2011-11-22 00:00:00-05:00,14.319601058959961,14.442305181425237,14.202082123681967,14.319601058959961,96572626,0.0,0.0
2011-11-23 00:00:00-05:00,14.204799633476252,14.325774743181514,14.07542896270752,14.07542896270752,93380707,0.0,0.0
2011-11-25 00:00:00-05:00,13.953959590817012,14.178134591984808,13.85865990385241,13.899889945983887,62730250,0.0,0.0
2011-11-28 00:00:00-05:00,14.304046800445057,14.537357526139864,14.233188880726523,14.521803855895996,113580136,0.0,0.0
2011-11-29 00:00:00-05:00,14.514150770327989,14.575378518514974,14.352437215550037,14.391940116882324,73546641,0.0,0.0
2011-11-30 00:00:00-05:00,14.762768434343386,14.801282510554811,14.61809084258999,14.798319816589355,136389312,0.0,0.0
2011-12-01 00:00:00-05:00,14.813381181545777,15.20840549901462,14.78869269345748,15.153348922729492,145366836,0.0,0.0
2011-12-02 00:00:00-05:00,15.234327802348263,15.40591637786162,15.214822612118706,15.316048622131348,164040568,0.0,0.0
2011-12-05 00:00:00-05:00,15.495784552733102,15.600959248748094,15.36641389115667,15.446653366088867,128379401,0.0,0.0
2011-12-06 00:00:00-05:00,15.380981477922438,15.519979485067614,15.313087188309987,15.400238990783691,93408812,0.0,0.0
2011-12-07 00:00:00-05:00,15.348637878522789,15.446900252785023,15.260252411886698,15.390856742858887,90630437,0.0,0.0
2011-12-08 00:00:00-05:00,15.33283713378498,15.491093588451916,15.191122230210661,15.209638595581055,96885796,0.0,0.0
2011-12-09 00:00:00-05:00,15.257781153969976,15.532568636643392,15.233338457799656,15.490350723266602,111062736,0.0,0.0
2011-12-12 00:00:00-05:00,15.353576804000408,15.459738438809937,15.314320632610377,15.440235137939453,87683432,0.0,0.0
2011-12-13 00:00:00-05:00,15.523435195581122,15.716009361531428,15.377522987773593,15.446159362792969,161731947,0.0,0.0
2011-12-14 00:00:00-05:00,15.352834904359135,15.413816866979147,15.121745710082076,15.259510040283203,156733281,0.0,0.0
2011-12-15 00:00:00-05:00,15.369375049528866,15.405915255170356,15.274815580672595,15.295802116394043,96705121,0.0,0.0
2011-12-16 00:00:00-05:00,15.413817716366442,15.537262050118226,15.34345420033963,15.454307556152344,179040582,0.0,0.0
2011-12-19 00:00:00-05:00,15.504919464135751,15.517017920398342,15.307161036182958,15.352341651916504,86061375,0.0,0.0
2011-12-20 00:00:00-05:00,15.50467105894747,15.599477267015452,15.50442432533721,15.56318473815918,95886062,0.0,0.0
2011-12-21 00:00:00-05:00,15.554297100837418,15.598984245757114,15.281483456571694,15.450850486755371,100290510,0.0,0.0
2011-12-22 00:00:00-05:00,15.503438411330565,15.596762333200552,15.480231270346101,15.54664421081543,73165217,0.0,0.0
2011-12-23 00:00:00-05:00,15.603428075285038,15.669594278767155,15.567875746725267,15.631572723388672,58365953,0.0,0.0
2011-12-27 00:00:00-05:00,15.604661612186144,15.911792019981407,15.603427944126674,15.807111740112305,64496847,0.0,0.0
2011-12-28 00:00:00-05:00,15.868833387683493,15.924383426121015,15.754029470731563,15.793532371520996,85406931,0.0,0.0
2011-12-29 00:00:00-05:00,15.837726321121268,15.875007677007176,15.682432557005198,15.860194206237793,63252199,0.0,0.0
2011-12-30 00:00:00-05:00,15.850812521724292,15.96783894678658,15.850812521724292,15.94660472869873,71559220,0.0,0.0
2012-01-03 00:00:00-05:00,16.120413122731957,16.495932177902887,16.106338909946015,16.42828369140625,147611217,0.0,0.0
2012-01-04 00:00:00-05:00,16.418905069716953,16.547781320567175,16.31002653181261,16.499143600463867,114989399,0.0,0.0
2012-01-05 00:00:00-05:00,16.347307072224027,16.392734419559133,16.201641589721596,16.27027702331543,131808205,0.0,0.0
2012-01-06 00:00:00-05:00,16.273733241705074,16.294719780065428,16.042644984849723,16.048324584960938,108119746,0.0,0.0
2012-01-09 00:00:00-05:00,15.961418090183738,15.973764225270346,15.337527990926567,15.36789608001709,233776981,0.0,0.0
2012-01-10 00:00:00-05:00,15.547876592705416,15.647867034837125,15.230870249791609,15.384681701660156,176483032,0.0,0.0
2012-01-11 00:00:00-05:00,15.393572323803697,15.538991076220078,15.334812851188714,15.454307556152344,96359832,0.0,0.0
2012-01-12 00:00:00-05:00,15.584172594859503,15.625403583271686,15.46763963205867,15.54516315460205,75289148,0.0,0.0
2012-01-13 00:00:00-05:00,15.461711998090024,15.478747014893349,15.333329229388996,15.430356979370117,92637933,0.0,0.0
2012-01-17 00:00:00-05:00,15.602933825554276,15.602933825554276,15.447392395905839,15.518990516662598,76658261,0.0,0.0
2012-01-18 00:00:00-05:00,15.47084847047991,15.652805535714233,15.359500706653964,15.625895500183105,110882061,0.0,0.0
2012-01-19 00:00:00-05:00,15.825381164350276,15.825381164350276,15.590094671652373,15.790322303771973,253157352,0.0,0.0
2012-01-20 00:00:00-05:00,14.579576250313048,14.591179347569808,14.361573394505104,14.467488288879395,424637703,0.0,0.0
2012-01-23 00:00:00-05:00,14.46773571024578,14.53340844975572,14.39761892944555,14.45588493347168,137027695,0.0,0.0
2012-01-24 00:00:00-05:00,14.475636246620768,14.509213763367807,14.270224353367938,14.34256362915039,122690156,0.0,0.0
2012-01-25 00:00:00-05:00,14.258125724652501,14.287752664947433,13.983337271426285,14.060120582580566,200255805,0.0,0.0
2012-01-26 00:00:00-05:00,14.121596705750834,14.183318870842092,13.938157345849804,14.025802612304688,129531704,0.0,0.0
2012-01-27 00:00:00-05:00,14.091969389065529,14.327502624391416,14.056171271629903,14.319108009338379,145242371,0.0,0.0
2012-01-30 00:00:00-05:00,14.271458463636574,14.319601771023592,14.15665548304893,14.26257038116455,93569411,0.0,0.0
2012-01-31 00:00:00-05:00,14.393668526868574,14.418357960555241,14.199860679189351,14.322318077087402,86017210,0.0,0.0
2012-02-01 00:00:00-05:00,14.441564467542111,14.455391003562406,14.298369161670779,14.340093612670898,93175942,0.0,0.0
2012-02-02 00:00:00-05:00,14.439837237783902,14.47785784824224,14.370954127769798,14.445761680603027,96950036,0.0,0.0
2012-02-03 00:00:00-05:00,14.582786720612502,14.741043184792215,14.518348593029152,14.722773551940918,127215053,0.0,0.0
2012-02-06 00:00:00-05:00,14.69018246605343,15.080761767160979,14.66549303450456,15.037803649902344,147735682,0.0,0.0
2012-02-07 00:00:00-05:00,14.989907511527212,15.0452108188253,14.906210931726122,14.980525016784668,83997668,0.0,0.0
2012-02-08 00:00:00-05:00,15.026693517866255,15.093600867823053,14.930406906267692,15.056567192077637,73731331,0.0,0.0
2012-02-09 00:00:00-05:00,15.110143828387608,15.171372529552201,15.035583002710917,15.096317291259766,90927546,0.0,0.0
2012-02-10 00:00:00-05:00,15.007932042783937,15.014103219846403,14.912138888051437,14.959294319152832,93356617,0.0,0.0
2012-02-13 00:00:00-05:00,15.072614685708189,15.15507570358001,15.060763909933605,15.114584922790527,72924318,0.0,0.0
2012-02-14 00:00:00-05:00,15.098292075846082,15.109648439840923,14.930900802012218,15.05434513092041,72418428,0.0,0.0
2012-02-15 00:00:00-05:00,15.13261013758643,15.13261013758643,14.876584767190158,14.950652122497559,97399715,0.0,0.0
2012-02-16 00:00:00-05:00,14.88300278588805,15.03088979982523,14.757335975882096,14.97435188293457,101615457,0.0,0.0
2012-02-17 00:00:00-05:00,14.936083489335076,15.001756220925751,14.872633250791322,14.927936553955078,98331193,0.0,0.0
2012-02-21 00:00:00-05:00,14.908928056492098,15.254820251397854,14.884485355937061,15.159027099609375,99603946,0.0,0.0
2012-02-22 00:00:00-05:00,15.108661109399426,15.227662339311507,14.979043716637117,15.009410858154297,78974912,0.0,0.0
2012-02-23 00:00:00-05:00,14.986204009728997,15.009411150145764,14.822023110110209,14.96423053741455,82508106,0.0,0.0
2012-02-24 00:00:00-05:00,14.994846372256166,15.10100895534072,14.949418077493624,15.0578031539917,77714204,0.0,0.0
2012-02-27 00:00:00-05:00,14.976079793233167,15.118534885032542,14.93830591964917,15.043233871459961,72827958,0.0,0.0
2012-02-28 00:00:00-05:00,15.060269379168439,15.301480294256939,15.002990318523162,15.26740837097168,114330940,0.0,0.0
2012-02-29 00:00:00-05:00,15.272596464997374,15.445418712807694,15.196059885246155,15.263955116271973,125946315,0.0,0.0
2012-03-01 00:00:00-05:00,15.36295790872588,15.447888159451553,15.261486106512605,15.366414070129395,89843498,0.0,0.0
2012-03-02 00:00:00-05:00,15.356537643634175,15.405916508320761,15.315060872027098,15.338021278381348,63167885,0.0,0.0
2012-03-05 00:00:00-05:00,15.317777081407298,15.368636348614679,15.09434135462662,15.165199279785156,63970883,0.0,0.0
2012-03-06 00:00:00-05:00,15.012128548221918,15.030891648066925,14.661296961906928,14.93583869934082,127451937,0.0,0.0
2012-03-07 00:00:00-05:00,15.03681510841256,15.089650133694695,14.958057928393238,14.9812650680542,50769586,0.0,0.0
2012-03-08 00:00:00-05:00,15.061257439878542,15.097304179902702,14.970155073401706,14.989660263061523,54021731,0.0,0.0
2012-03-09 00:00:00-05:00,15.009657348699012,15.107177620894618,14.81337935496936,14.819552421569824,107224403,0.0,0.0
2012-03-12 00:00:00-04:00,14.813381647763917,14.986204851179485,14.79511201474925,14.940529823303223,67010233,0.0,0.0
2012-03-13 00:00:00-04:00,15.029407603648453,15.254077925718784,14.95040369406269,15.252348899841309,90168712,0.0,0.0
2012-03-14 00:00:00-04:00,15.183714841536837,15.375795536313854,15.145694232623685,15.208157539367676,117916329,0.0,0.0
2012-03-15 00:00:00-04:00,15.22321794022443,15.393570954392972,15.179517731093787,15.33505916595459,97769094,0.0,0.0
2012-03-16 00:00:00-04:00,15.32913231455422,15.45307104569498,15.308393457273674,15.431591987609863,122477361,0.0,0.0
2012-03-19 00:00:00-04:00,15.384189408926915,15.733538676410245,15.337774184736986,15.652311325073242,87237768,0.0,0.0
2012-03-20 00:00:00-04:00,15.576763723748375,15.703665154330395,15.486648289547718,15.640213966369629,61850967,0.0,0.0
2012-03-21 00:00:00-04:00,15.667865468894254,15.98339049853516,15.616019267702333,15.800445556640625,99154267,0.0,0.0
2012-03-22 00:00:00-04:00,15.76390673759682,16.01820213303953,15.578739297245944,15.950307846069336,96769361,0.0,0.0
2012-03-23 00:00:00-04:00,15.963885042980543,16.010794677589335,15.823158975172545,15.864883422851562,77898894,0.0,0.0
2012-03-26 00:00:00-04:00,15.92438536437054,16.035239666473885,15.789583719682243,16.031288146972656,73040752,0.0,0.0
2012-03-27 00:00:00-04:00,15.97450514814719,16.13424106764832,15.919448571011653,15.974257469177246,80588939,0.0,0.0
2012-03-28 00:00:00-04:00,16.097949371815876,16.259908728908773,16.074495496996967,16.190038681030273,101936657,0.0,0.0
2012-03-29 00:00:00-04:00,16.132757076383037,16.210526364962742,15.907100787501484,16.00857162475586,77260510,0.0,0.0
2012-03-30 00:00:00-04:00,16.09103305914131,16.133993065116105,15.825628063158774,15.831552505493164,92774443,0.0,0.0
2012-04-02 00:00:00-04:00,15.819948908284335,15.986106501417432,15.673544183518183,15.971786499023438,91710470,0.0,0.0
2012-04-03 00:00:00-04:00,15.934507540372833,15.997217585605668,15.767362997627226,15.86562442779541,82102591,0.0,0.0
2012-04-04 00:00:00-04:00,15.762671260015006,15.776250116664643,15.581207669995678,15.681198120117188,65348026,0.0,0.0
2012-04-05 00:00:00-04:00,15.60935236542854,15.712798977096337,15.5187444096172,15.611328125,93095642,0.0,0.0
2012-04-09 00:00:00-04:00,15.516522092338452,15.685642386875113,15.437764911705003,15.574788093566895,87635252,0.0,0.0
2012-04-10 00:00:00-04:00,15.640955794357778,15.665149869510762,15.41949487888132,15.476527214050293,99652126,0.0,0.0
2012-04-11 00:00:00-04:00,15.652065483155166,15.702183605028141,15.586146010612456,15.701196670532227,88289696,0.0,0.0
2012-04-12 00:00:00-04:00,15.85895791003367,16.125350785974803,15.807357501438904,16.072763442993164,231127086,0.0,0.0
2012-04-13 00:00:00-04:00,15.987342545056173,16.022894875278876,15.394559810404301,15.420730590820312,327595322,0.0,0.0
2012-04-16 00:00:00-04:00,15.381228230681128,15.401225944469036,14.85436495034297,14.963244438171387,228537416,0.0,0.0
2012-04-17 00:00:00-04:00,15.024718786268508,15.25012932431632,14.986450496897781,15.049654006958008,121409373,0.0,0.0
2012-04-18 00:00:00-04:00,15.012127923617655,15.129399183448838,14.882757263094991,14.997314453125,107180238,0.0,0.0
2012-04-19 00:00:00-04:00,14.95386171329536,15.21482364976983,14.788692927169308,14.796099662780762,132277959,0.0,0.0
2012-04-20 00:00:00-04:00,14.918308850623147,15.031877209854954,14.71042775216363,14.716105461120605,122794545,0.0,0.0
2012-04-23 00:00:00-04:00,14.638088959030188,14.775113086052395,14.571428342963827,14.75412654876709,88241516,0.0,0.0
2012-04-24 00:00:00-04:00,14.769928548712523,14.977067558254333,14.747213931243827,14.844736099243164,77453230,0.0,0.0
2012-04-25 00:00:00-04:00,14.9121366406102,15.093600226037562,14.88448357011008,15.053357124328613,73117037,0.0,0.0
2012-04-26 00:00:00-04:00,15.082738695066237,15.25778344125892,15.05286501942149,15.195320129394531,84013728,0.0,0.0
2012-04-27 00:00:00-04:00,15.184207797735716,15.226672446158132,15.07508348282047,15.183220863342285,65701345,0.0,0.0
2012-04-30 00:00:00-04:00,15.134091427975571,15.210380330986505,14.828441403338589,14.933122634887695,96652926,0.0,0.0
2012-05-01 00:00:00-04:00,14.906950086053127,15.09977097454533,14.81807116123938,14.922752380371094,80392204,0.0,0.0
2012-05-02 00:00:00-04:00,14.843007280671536,15.01360797564231,14.828440544136448,14.992623329162598,64701612,0.0,0.0
2012-05-03 00:00:00-04:00,15.050888584423792,15.179518097463669,15.034347033429269,15.085453033447266,75000069,0.0,0.0
2012-05-04 00:00:00-04:00,14.959539572094469,15.008177290911396,14.734623445784608,14.73857307434082,88626955,0.0,0.0
2012-05-07 00:00:00-04:00,14.689936189581225,15.074342435759258,14.689936189581225,14.99978256225586,80079035,0.0,0.0
2012-05-08 00:00:00-04:00,14.949909312739189,15.230623122358145,14.830661364173752,15.129150390625,107493407,0.0,0.0
2012-05-09 00:00:00-04:00,14.98175985009974,15.217786553045206,14.858067844043056,15.039284706115723,93501157,0.0,0.0
2012-05-10 00:00:00-04:00,15.133350160461408,15.213096169627612,15.06594934059427,15.150632858276367,61666277,0.0,0.0
2012-05-11 00:00:00-04:00,15.068912867927478,15.172607169871346,14.931148526398808,14.942505836486816,84290763,0.0,0.0
2012-05-14 00:00:00-04:00,14.832637760471314,15.02323711164055,14.827700252232265,14.912137031555176,73249532,0.0,0.0
2012-05-15 00:00:00-04:00,14.945467673396845,15.18371592988156,14.905964769333238,15.087676048278809,84399167,0.0,0.0
2012-05-16 00:00:00-04:00,15.256795759975184,15.55651945483102,15.206923425149524,15.527632713317871,194128926,0.0,0.0
2012-05-17 00:00:00-04:00,15.648610585448035,15.747859902712975,15.337528618146472,15.382462501525879,134654835,0.0,0.0
2012-05-18 00:00:00-04:00,15.433073229037477,15.613796610192814,14.731906441293685,14.82325553894043,239835606,0.0,0.0
2012-05-21 00:00:00-04:00,14.825971798127005,15.20075069044001,14.813379876226309,15.161741256713867,123477094,0.0,0.0
2012-05-22 00:00:00-04:00,15.1452006424003,15.154334512470047,14.714624978106322,14.833131790161133,122533571,0.0,0.0
2012-05-23 00:00:00-04:00,14.854118923531647,15.050396956916119,14.742278626770549,15.046939849853516,127600492,0.0,0.0
2012-05-24 00:00:00-04:00,15.03953039788179,15.107672357489651,14.785481759648986,14.903741836547852,75935562,0.0,0.0
2012-05-25 00:00:00-04:00,14.838070380306782,14.856093278834864,14.524025745650368,14.604266166687012,143813034,0.0,0.0
2012-05-29 00:00:00-04:00,14.70993469007315,14.791901303129901,14.52501492542875,14.6736421585083,104618672,0.0,0.0
2012-05-30 00:00:00-04:00,14.521063781815279,14.613399821031809,14.406754270414986,14.522791862487793,76553871,0.0,0.0
2012-05-31 00:00:00-04:00,14.534890146620809,14.566491903665684,14.294913801849638,14.340834617614746,119177037,0.0,0.0
2012-06-01 00:00:00-04:00,14.116906274501124,14.138138601494047,14.031976021189855,14.096907615661621,122774470,0.0,0.0
2012-06-04 00:00:00-04:00,14.078143542067535,14.331700633339166,14.072959299814839,14.284790992736816,97672734,0.0,0.0
2012-06-05 00:00:00-04:00,14.20726644757419,14.273432650620327,13.985559753443457,14.082834243774414,93946821,0.0,0.0
2012-06-06 00:00:00-04:00,14.2326960918963,14.36823792573736,14.161839114139983,14.333673477172852,84146223,0.0,0.0
2012-06-07 00:00:00-04:00,14.507238684605701,14.514398686497861,14.251707727190569,14.27590274810791,70603652,0.0,0.0
2012-06-08 00:00:00-04:00,14.217142051788143,14.344290212804074,14.185786086340281,14.330710411071777,56627461,0.0,0.0
2012-06-11 00:00:00-04:00,14.423542238821588,14.450947633176403,13.990991716352351,14.03567886352539,106842978,0.0,0.0
2012-06-12 00:00:00-04:00,14.067032884550834,14.080118274051907,13.790763084713243,13.951735496520996,129451404,0.0,0.0
2012-06-13 00:00:00-04:00,13.868287283793636,13.998645827360528,13.793232994996645,13.852733612060547,78460993,0.0,0.0
2012-06-14 00:00:00-04:00,13.857916293512568,13.950993470483459,13.73990295251261,13.802366256713867,94147570,0.0,0.0
2012-06-15 00:00:00-04:00,13.834217819949641,13.937417707660758,13.753978340353868,13.937170028686523,120497969,0.0,0.0
2012-06-18 00:00:00-04:00,13.890506281191668,14.176652032168802,13.807305063332532,14.093697547912598,100250360,0.0,0.0
2012-06-19 00:00:00-04:00,14.161346709760954,14.425271341129573,14.14974266638452,14.357377052307129,83359284,0.0,0.0
2012-06-20 00:00:00-04:00,14.314909957290613,14.31960073180939,14.159369470657769,14.258125305175781,94219840,0.0,0.0
2012-06-21 00:00:00-04:00,14.31565066510682,14.31565066510682,13.917911352611455,13.954451560974121,80753554,0.0,0.0
2012-06-22 00:00:00-04:00,14.023334795756169,14.1092529296875,13.969512831567553,14.1092529296875,89450029,0.0,0.0
2012-06-25 00:00:00-04:00,14.006792742573152,14.02555584207437,13.760396604760995,13.843104362487793,63501129,0.0,0.0
2012-06-26 00:00:00-04:00,13.893964044485951,13.988769308880585,13.812983425224857,13.941367149353027,54210435,0.0,0.0
2012-06-27 00:00:00-04:00,14.015927500109479,14.171220318951644,13.974450727277224,14.055429458618164,67945726,0.0,0.0
2012-06-28 00:00:00-04:00,13.971489029776057,13.979635966614046,13.756941367187038,13.932232856750488,77124000,0.0,0.0
2012-06-29 00:00:00-04:00,14.195169778597768,14.322811417596906,14.12702875727756,14.321330070495605,101157748,0.0,0.0
2012-07-02 00:00:00-04:00,14.364536159497339,14.393668689516852,14.233190677428633,14.331206321716309,66468209,0.0,0.0
2012-07-03 00:00:00-04:00,14.319847976257114,14.527235614279027,14.270223323622531,14.51291561126709,47758342,0.0,0.0
2012-07-05 00:00:00-04:00,14.535877475096404,14.814863247331257,14.53044555403709,14.712650299072266,94187720,0.0,0.0
2012-07-06 00:00:00-04:00,14.626981012571441,14.653397583084956,14.38922620591205,14.467243194580078,86796118,0.0,0.0
2012-07-09 00:00:00-04:00,14.441812457299925,14.531927895631368,14.350463350850418,14.467982292175293,68861145,0.0,0.0
2012-07-10 00:00:00-04:00,14.571182425214264,14.626485735415633,14.288493752153014,14.361574172973633,77212330,0.0,0.0
2012-07-11 00:00:00-04:00,14.228252073978094,14.266520362811454,13.947784965847461,14.102091789245605,140496649,0.0,0.0
2012-07-12 00:00:00-04:00,14.001608762407225,14.120362319614026,13.877422338672263,14.084563255310059,92738308,0.0,0.0
2012-07-13 00:00:00-04:00,14.125791982306776,14.298615165686156,14.03691210922047,14.233682632446289,79336261,0.0,0.0
2012-07-16 00:00:00-04:00,14.229980513523374,14.29960382508622,14.11665888186124,14.194182395935059,58723287,0.0,0.0
2012-07-17 00:00:00-04:00,14.28083895036446,14.336142255405157,14.033208218375162,14.238868713378906,67455897,0.0,0.0
2012-07-18 00:00:00-04:00,14.245040682271512,14.41070387300814,14.224056035280654,14.338364601135254,62160121,0.0,0.0
2012-07-19 00:00:00-04:00,14.471191869333325,14.775854013285185,14.467735707887963,14.642040252685547,187688877,0.0,0.0
2012-07-20 00:00:00-04:00,15.02965659909297,15.13285743309967,14.768447922135815,15.080516815185547,259517101,0.0,0.0
2012-07-23 00:00:00-04:00,14.825230233222301,15.266422047704838,14.770174608683199,15.196305274963379,143002005,0.0,0.0
2012-07-24 00:00:00-04:00,15.183715933586841,15.25605426183699,14.920531510206356,15.000277519226074,80677269,0.0,0.0
2012-07-25 00:00:00-04:00,15.018794702154397,15.143720386083812,14.94596195735377,15.01064682006836,73193322,0.0,0.0
2012-07-26 00:00:00-04:00,15.183717419743427,15.229884972213153,15.061013278559125,15.143227577209473,67660662,0.0,0.0
2012-07-27 00:00:00-04:00,15.279754632129494,15.677493930575999,15.245437863523675,15.676506996154785,142520206,0.0,0.0
2012-07-30 00:00:00-04:00,15.703419752568209,15.865131433669363,15.541706180787871,15.610836029052734,87795852,0.0,0.0
2012-07-31 00:00:00-04:00,15.511091278010614,15.714528344526014,15.510103398203418,15.627375602722168,74903709,0.0,0.0
2012-08-01 00:00:00-04:00,15.7342800974,15.788843206985625,15.588122091060143,15.620216369628906,74060561,0.0,0.0
2012-08-02 00:00:00-04:00,15.443198694662204,15.752303957043267,15.391351542513469,15.52319049835205,79404516,0.0,0.0
2012-08-03 00:00:00-04:00,15.800940105136565,15.892783622639469,15.705640426281677,15.833776473999023,76168432,0.0,0.0
2012-08-06 00:00:00-04:00,15.791311907055647,16.032522868706454,15.781683623229886,15.870563507080078,71563235,0.0,0.0
2012-08-07 00:00:00-04:00,15.845132535518442,15.906114497290725,15.713788007914436,15.814271926879883,79569131,0.0,0.0
2012-08-08 00:00:00-04:00,15.777485689567914,15.945864845738715,15.763906832092477,15.855997085571289,53086237,0.0,0.0
2012-08-09 00:00:00-04:00,15.912288648321502,15.958209463985343,15.838468025495958,15.858960151672363,42972470,0.0,0.0
2012-08-10 00:00:00-04:00,15.76612979244711,15.856244288909823,15.705393614437813,15.85031795501709,57599089,0.0,0.0
2012-08-13 00:00:00-04:00,15.984132435752715,16.29842381286048,15.965862803088774,16.294967651367188,131205956,0.0,0.0
2012-08-14 00:00:00-04:00,16.276201090384838,16.611970550284564,16.27002991422199,16.50852394104004,147016998,0.0,0.0
2012-08-15 00:00:00-04:00,16.54852160293265,16.64653629355481,16.395943806724848,16.480873107910156,96789436,0.0,0.0
2012-08-16 00:00:00-04:00,16.480132493670514,16.65616414849948,16.46951444121877,16.612462997436523,68965534,0.0,0.0
2012-08-17 00:00:00-04:00,16.643327064276832,16.720602893356265,16.583579719523968,16.71788787841797,87434502,0.0,0.0
2012-08-20 00:00:00-04:00,16.677397846439952,16.76059906700591,16.60728012463136,16.67838478088379,70587592,0.0,0.0
2012-08-21 00:00:00-04:00,16.61839131660508,16.73911873179793,16.348292699766358,16.529510498046875,89221174,0.0,0.0
2012-08-22 00:00:00-04:00,16.476921916858227,16.80330980361699,16.460132688830548,16.718873977661133,76654246,0.0,0.0
2012-08-23 00:00:00-04:00,16.647027485101642,16.800346406522912,16.566295502357498,16.709491729736328,71635505,0.0,0.0
2012-08-24 00:00:00-04:00,16.67986830023975,16.799608792184156,16.642340209786195,16.754674911499023,57277890,0.0,0.0
2012-08-27 00:00:00-04:00,16.368539796043247,16.590987653887467,16.275957018405954,16.52235221862793,104939872,0.0,0.0
2012-08-28 00:00:00-04:00,16.41816336010645,16.7297378133378,16.41174450474846,16.720603942871094,82652646,0.0,0.0
2012-08-29 00:00:00-04:00,16.723564729197157,17.010450662731596,16.69344432476622,16.986255645751953,120060335,0.0,0.0
2012-08-30 00:00:00-04:00,16.893176720394983,16.970947899649637,16.7929404963622,16.829973220825195,65319921,0.0,0.0
2012-08-31 00:00:00-04:00,16.887253572085747,17.000329410427085,16.78948467084561,16.914165496826172,85402916,0.0,0.0
2012-09-04 00:00:00-04:00,16.900830113698838,16.911939741921067,16.628018407594332,16.814172744750977,75867307,0.0,0.0
2012-09-05 00:00:00-04:00,16.78849824965722,16.948977196536173,16.767265923952973,16.8062744140625,68584110,0.0,0.0
2012-09-06 00:00:00-04:00,16.935643844743556,17.279562139105177,16.905275758389166,17.26746368408203,122196311,0.0,0.0
2012-09-07 00:00:00-04:00,17.28227403513838,17.58471455866459,17.22474824578072,17.434112548828125,129804723,0.0,0.0
2012-09-10 00:00:00-04:00,17.523244958726416,17.59854694210664,17.242531991054715,17.301292419433594,102783820,0.0,0.0
2012-09-11 00:00:00-04:00,17.23191166189417,17.298325544867357,17.060077296476738,17.08945655822754,75232938,0.0,0.0
2012-09-12 00:00:00-04:00,17.020820174457867,17.156610626872617,16.81022311895708,17.057113647460938,106088160,0.0,0.0
2012-09-13 00:00:00-04:00,17.11167888706917,17.504478830725827,17.048721161064517,17.431400299072266,106758663,0.0,0.0
2012-09-14 00:00:00-04:00,17.51929117763989,17.603233546472214,17.455346521207662,17.52126693725586,105132591,0.0,0.0
2012-09-17 00:00:00-04:00,17.482506586204376,17.600271315812215,17.40572232626517,17.528675079345703,60558139,0.0,0.0
2012-09-18 00:00:00-04:00,17.474358186843748,17.742974537024633,17.449669698445717,17.733592987060547,82981875,0.0,0.0
2012-09-19 00:00:00-04:00,17.714333076209055,17.987392470861508,17.687421154205214,17.96122169494629,124396528,0.0,0.0
2012-09-20 00:00:00-04:00,17.88641464430562,18.057016277951316,17.806176120369923,17.976530075073242,116731906,0.0,0.0
2012-09-21 00:00:00-04:00,18.077511091178412,18.144418444296672,18.025910676311693,18.121456146240234,255317419,0.0,0.0
2012-09-24 00:00:00-04:00,18.047637168068054,18.517714848119855,18.029121746613807,18.501420974731445,143086320,0.0,0.0
2012-09-25 00:00:00-04:00,18.592025868390635,18.88434374684592,18.45895231844434,18.495986938476562,243248350,0.0,0.0
2012-09-26 00:00:00-04:00,18.51302145093151,18.794229691974348,18.294525139556068,18.602148056030273,227766537,0.0,0.0
2012-09-27 00:00:00-04:00,18.762381091693715,18.83373153299315,18.557461747006716,18.677202224731445,157833389,0.0,0.0
2012-09-28 00:00:00-04:00,18.619186303101433,18.74633637436243,18.54512083356822,18.62782859802246,111757330,0.0,0.0
2012-10-01 00:00:00-04:00,18.740162957868847,18.887061171321104,18.67004711862517,18.80756378173828,127194978,0.0,0.0
2012-10-02 00:00:00-04:00,18.891996441838902,18.911500685488534,18.52339157195826,18.689300537109375,112026334,0.0,0.0
2012-10-03 00:00:00-04:00,18.65794709210799,18.860397225658602,18.57104202861545,18.82533836364746,88663090,0.0,0.0
2012-10-04 00:00:00-04:00,18.83151216717536,19.007791527919977,18.748802517306917,18.96236228942871,98535958,0.0,0.0
2012-10-05 00:00:00-04:00,19.02803570550847,19.118644616062834,18.887308670403247,18.95248794555664,109846193,0.0,0.0
2012-10-08 00:00:00-04:00,18.78830406880268,18.852001041398342,18.619182839990522,18.71028709411621,78637653,0.0,0.0
2012-10-09 00:00:00-04:00,18.755468260846776,18.796204831982337,18.33230025386548,18.37081527709961,120578269,0.0,0.0
2012-10-10 00:00:00-04:00,18.315758009559307,18.455743882237776,18.227618336240496,18.382417678833008,81901842,0.0,0.0
2012-10-11 00:00:00-04:00,18.58832729948209,18.726585116359768,18.523889166467498,18.553268432617188,95713418,0.0,0.0
2012-10-12 00:00:00-04:00,18.562402181095333,18.636961112487686,18.371061672035637,18.387109756469727,96528461,0.0,0.0
2012-10-15 00:00:00-04:00,18.317732696108955,18.364394655751376,18.04023016513016,18.294031143188477,121216653,0.0,0.0
2012-10-16 00:00:00-04:00,18.273045635218857,18.44241265903733,18.18243673535866,18.385873794555664,82636586,0.0,0.0
2012-10-17 00:00:00-04:00,18.367359136738013,18.673253993700698,18.276254875205517,18.652267456054688,92059774,0.0,0.0
2012-10-18 00:00:00-04:00,18.653503149647886,18.749294400425747,16.689741859103542,17.158832550048828,499561487,0.0,0.0
2012-10-19 00:00:00-04:00,17.420040016286624,17.44769119457063,16.5909849001961,16.83268928527832,461009524,0.0,0.0
2012-10-22 00:00:00-04:00,16.813434507383782,16.902808797129413,16.53420200800271,16.75566291809082,162832055,0.0,0.0
2012-10-23 00:00:00-04:00,16.591235701782022,16.969469859675698,16.590988022805135,16.79714012145996,117101285,0.0,0.0
2012-10-24 00:00:00-04:00,16.956384331276844,16.961322785340805,16.671719889937727,16.721839904785156,100234300,0.0,0.0
2012-10-25 00:00:00-04:00,16.788496708260343,16.8378755684122,16.62826545504788,16.73319435119629,96403996,0.0,0.0
2012-10-26 00:00:00-04:00,16.70208537267817,16.86330545337106,16.571233376516822,16.66875648498535,78324483,0.0,0.0
2012-10-31 00:00:00-04:00,16.785042224998737,16.813186873530025,16.665054059625835,16.79590606689453,61710442,0.0,0.0
2012-11-01 00:00:00-04:00,16.776152187621754,17.05760620285007,16.75689373293079,16.97588539123535,82311371,0.0,0.0
2012-11-02 00:00:00-04:00,17.153648286810878,17.1724113850351,16.970456618820027,16.984033584594727,93324497,0.0,0.0
2012-11-05 00:00:00-05:00,16.899601457698914,16.957866524685016,16.678881654180575,16.86157989501953,65681270,0.0,0.0
2012-11-06 00:00:00-05:00,16.923793586611374,16.948977431874727,16.72800998715861,16.830963134765625,63549309,0.0,0.0
2012-11-07 00:00:00-05:00,16.66505374193339,16.744798801930887,16.454950144387706,16.470504760742188,89626688,0.0,0.0
2012-11-08 00:00:00-05:00,16.546545053787938,16.578393540212666,16.078195524865357,16.104366302490234,104269368,0.0,0.0
2012-11-09 00:00:00-05:00,16.162634562738248,16.50062751917708,16.055238306671196,16.36952781677246,125030896,0.0,0.0
2012-11-12 00:00:00-05:00,16.387301208200192,16.536670519347997,16.316198443946487,16.440383911132812,56446786,0.0,0.0
2012-11-13 00:00:00-05:00,16.368784335485554,16.482351739457705,16.251017733880385,16.271263122558594,64007018,0.0,0.0
2012-11-14 00:00:00-05:00,16.311011201944623,16.348539286388096,16.060172948571672,16.11078453063965,66986143,0.0,0.0
2012-11-15 00:00:00-05:00,16.047828298766056,16.29471883752201,15.897226261252714,15.980181694030762,74233205,0.0,0.0
2012-11-16 00:00:00-05:00,15.948827371908294,16.122391713750805,15.702183555958293,15.978206634521484,138043489,0.0,0.0
2012-11-19 00:00:00-05:00,16.1885560934535,16.514944028655105,16.184358785823612,16.49741554260254,95083064,0.0,0.0
2012-11-20 00:00:00-05:00,16.529513355944665,16.739121625936292,16.407549415615794,16.540870666503906,83861158,0.0,0.0
2012-11-21 00:00:00-05:00,16.51667582412302,16.53667353930511,16.304596433966044,16.439645767211914,84804682,0.0,0.0
2012-11-23 00:00:00-05:00,16.540868274555898,16.541607530055565,16.445320919233207,16.49148941040039,37038310,0.0,0.0
2012-11-26 00:00:00-05:00,16.45371297865785,16.467539512236936,16.270521334798335,16.323108673095703,88514535,0.0,0.0
2012-11-27 00:00:00-05:00,16.298915635945445,16.665053179876306,16.24534135684548,16.55913734436035,100724129,0.0,0.0
2012-11-28 00:00:00-05:00,16.49247404191928,16.909718484792773,16.390757415133812,16.879104614257812,122136087,0.0,0.0
2012-11-29 00:00:00-05:00,16.980579477558777,17.131676888096745,16.837878573398665,17.08205223083496,111476280,0.0,0.0
2012-11-30 00:00:00-05:00,17.067729426180016,17.263017649885185,16.92897817365749,17.242033004760742,127018318,0.0,0.0
2012-12-03 00:00:00-05:00,17.33758021019131,17.427693747234446,17.136858176985662,17.165002822875977,88028721,0.0,0.0
2012-12-04 00:00:00-05:00,17.158834325259136,17.171426248602337,16.929226464201307,17.060819625854492,79966615,0.0,0.0
2012-12-05 00:00:00-05:00,17.08846824163658,17.146487504937173,16.846022705365147,16.981565475463867,74775229,0.0,0.0
2012-12-06 00:00:00-05:00,16.975887314226863,17.17389245980789,16.899846093241603,17.06328773498535,58711242,0.0,0.0
2012-12-07 00:00:00-05:00,17.158829809622194,17.20524408061354,16.848242350313832,16.89243507385254,77059760,0.0,0.0
2012-12-10 00:00:00-05:00,16.921570636701382,17.07612418478605,16.882068682084792,16.922311782836914,54872909,0.0,0.0
2012-12-11 00:00:00-05:00,17.035387377959996,17.329681033348848,16.97909807977981,17.20524787902832,107906951,0.0,0.0
2012-12-12 00:00:00-05:00,17.263268289727908,17.368936449388038,17.121304764951283,17.222036361694336,97403730,0.0,0.0
2012-12-13 00:00:00-05:00,17.675322059226,17.68890280453578,17.271164902097542,17.348936080932617,138312493,0.0,0.0
2012-12-14 00:00:00-05:00,17.26178627661442,17.47534603791501,17.243516644963947,17.33066749572754,85523366,0.0,0.0
2012-12-17 00:00:00-05:00,17.418067581147117,17.823461347004134,17.381528314582653,17.795316696166992,121871097,0.0,0.0
2012-12-18 00:00:00-05:00,17.69211414963975,18.00072590714852,17.65384680597336,17.802474975585938,120646524,0.0,0.0
2012-12-19 00:00:00-05:00,17.793583916111135,17.85012277851798,17.694088828654678,17.778770446777344,77031655,0.0,0.0
2012-12-20 00:00:00-05:00,17.85654123387203,17.890858946170802,17.70124654294127,17.834321975708008,66528434,0.0,0.0
2012-12-21 00:00:00-05:00,17.627182847479236,17.74692522475256,17.542005864886583,17.66816520690918,141568653,0.0,0.0
2012-12-24 00:00:00-05:00,17.64051484318559,17.657058285777968,17.466704708612166,17.51682472229004,33762076,0.0,0.0
2012-12-26 00:00:00-05:00,17.48151836886009,17.600271927770518,17.341780161798944,17.501270294189453,47473277,0.0,0.0
2012-12-27 00:00:00-05:00,17.45855710970602,17.50052829464015,17.247960038835345,17.437570571899414,66142994,0.0,0.0
2012-12-28 00:00:00-05:00,17.324001823400753,17.452878062444174,17.28252410888672,17.28252410888672,56290202,0.0,0.0
2012-12-31 00:00:00-05:00,17.2822785100453,17.543241392376267,17.18352266525668,17.4644832611084,80195470,0.0,0.0
2013-01-02 00:00:00-05:00,17.76173609700334,17.948877374238265,17.690877237341276,17.856292724609375,102033017,0.0,0.0
2013-01-03 00:00:00-05:00,17.897774138377272,18.070597340893222,17.793834050438424,17.866666793823242,93075567,0.0,0.0
2013-01-04 00:00:00-05:00,18.006652630527544,18.306128617702665,17.965668382352117,18.219717025756836,110954331,0.0,0.0
2013-01-07 00:00:00-05:00,18.157501448883938,18.254529208606712,18.037267494129356,18.140220642089844,66476239,0.0,0.0
2013-01-08 00:00:00-05:00,18.159725872378367,18.17848897258905,17.88542991788769,18.104421615600586,67295297,0.0,0.0
2013-01-09 00:00:00-05:00,18.078992129503042,18.22910071378328,17.988383219597434,18.22342300415039,81291563,0.0,0.0
2013-01-10 00:00:00-05:00,18.339706285216618,18.393282458588295,18.109359179651758,18.30637550354004,73703226,0.0,0.0
2013-01-11 00:00:00-05:00,18.31921694421151,18.329833108367236,18.178489904062115,18.26959228515625,51600690,0.0,0.0
2013-01-14 00:00:00-05:00,18.19576599189106,18.32414875371488,17.834073467478564,17.856292724609375,114985384,0.0,0.0
2013-01-15 00:00:00-05:00,17.75951215476217,18.14638850966806,17.581011284659493,17.897769927978516,157696879,0.0,0.0
2013-01-16 00:00:00-05:00,17.835312213041234,17.88320878990562,17.619776671811902,17.657304763793945,81239368,0.0,0.0
2013-01-17 00:00:00-05:00,17.71952008625545,17.76716898075588,17.554350360695672,17.561758041381836,88791570,0.0,0.0
2013-01-18 00:00:00-05:00,17.538054232301327,17.597555792796108,17.31511292102103,17.393625259399414,129555794,0.0,0.0
2013-01-22 00:00:00-05:00,17.39733068953795,17.41411803038869,17.17167245183567,17.35313606262207,152264594,0.0,0.0
2013-01-23 00:00:00-05:00,18.1708332491558,18.492035023648757,18.16589479574279,18.306867599487305,237249950,0.0,0.0
2013-01-24 00:00:00-05:00,18.300451646134235,18.685352306338594,18.2824278027242,18.62066650390625,135815168,0.0,0.0
2013-01-25 00:00:00-05:00,18.535736016488492,18.726087680679306,18.52289641586155,18.60733413696289,89369729,0.0,0.0
2013-01-28 00:00:00-05:00,18.560183437545536,18.654987775359835,18.464636062721866,18.534753799438477,65327951,0.0,0.0
2013-01-29 00:00:00-05:00,18.436486973090414,18.68831598276115,18.431302730855215,18.607582092285156,70145942,0.0,0.0
2013-01-30 00:00:00-05:00,18.609064615298777,18.78707205967922,18.588571543714714,18.611286163330078,69579828,0.0,0.0
2013-01-31 00:00:00-05:00,18.529314376175698,18.70485256245901,18.522895521511618,18.657203674316406,65613015,0.0,0.0
2013-02-01 00:00:00-05:00,18.71917676544104,19.17345594448683,18.71670942900018,19.148765563964844,150405652,0.0,0.0
2013-02-04 00:00:00-05:00,18.9534712356086,19.022106659163807,18.720902611822616,18.739418029785156,122075862,0.0,0.0
2013-02-05 00:00:00-05:00,18.791513671259764,19.03791074331438,18.75053131268749,18.905330657958984,75108474,0.0,0.0
2013-02-06 00:00:00-05:00,18.74065548205399,19.083584972850517,18.726583157253444,19.01470375061035,83435569,0.0,0.0
2013-02-07 00:00:00-05:00,19.003099490985704,19.228014667114785,18.89940520017535,19.1080265045166,114033831,0.0,0.0
2013-02-08 00:00:00-05:00,19.26060487834909,19.42207076210836,19.246532553987308,19.38997459411621,121256803,0.0,0.0
2013-02-11 00:00:00-05:00,19.217891271497773,19.331458672836217,19.103087366247443,19.317138671875,87037018,0.0,0.0
2013-02-12 00:00:00-05:00,19.30060417811327,19.452440848946413,19.241843757073983,19.27467918395996,74638720,0.0,0.0
2013-02-13 00:00:00-05:00,19.260605922355293,19.389482177869247,19.256656293551693,19.328006744384766,48107646,0.0,0.0
2013-02-14 00:00:00-05:00,19.250731008501948,19.4731788684282,19.202339074671574,19.450464248657227,69672173,0.0,0.0
2013-02-15 00:00:00-05:00,19.440093124231424,19.58477167152112,19.43194618792198,19.57563591003418,109601278,0.0,0.0
2013-02-19 00:00:00-05:00,19.652172833235824,19.92399955578408,19.634644346849427,19.92029571533203,117711564,0.0,0.0
2013-02-20 00:00:00-05:00,19.882025991254658,19.97263489654936,19.54847805607864,19.565019607543945,110982436,0.0,0.0
2013-02-21 00:00:00-05:00,19.70179578750656,19.88572860191262,19.5344045235429,19.64081382751465,140781714,0.0,0.0
2013-02-22 00:00:00-05:00,19.732901313267334,19.782032492858914,19.59809969537614,19.7440128326416,82463941,0.0,0.0
2013-02-25 00:00:00-05:00,19.807960831388577,19.95881246162584,19.516385939986474,19.523298263549805,92501423,0.0,0.0
2013-02-26 00:00:00-05:00,19.62772790153307,19.651183664383318,19.366025795580907,19.507492065429688,88430220,0.0,0.0
2013-02-27 00:00:00-05:00,19.62279005233494,19.868445973741267,19.531689575793397,19.745742797851562,81347773,0.0,0.0
2013-02-28 00:00:00-05:00,19.77833254605765,19.92375224477647,19.77660635596313,19.78080177307129,90971711,0.0,0.0
2013-03-01 00:00:00-05:00,19.696860305758907,19.92745511231318,19.656123730195475,19.904001235961914,87342157,0.0,0.0
2013-03-04 00:00:00-05:00,19.88202444762544,20.315069336934325,19.874618658157033,20.281986236572266,111440145,0.0,0.0
2013-03-05 00:00:00-05:00,20.46542471867289,20.742435643478057,20.464683572553586,20.704166412353516,162370331,0.0,0.0
2013-03-06 00:00:00-05:00,20.764159535886787,20.83748572802142,20.462460153907383,20.525911331176758,115350748,0.0,0.0
2013-03-07 00:00:00-05:00,20.59207797104112,20.6552814707754,20.481471373836445,20.556032180786133,82415761,0.0,0.0
2013-03-08 00:00:00-05:00,20.602943255472507,20.613313630062205,20.36963346069243,20.52937126159668,116912581,0.0,0.0
2013-03-11 00:00:00-04:00,20.533565926907254,20.731323367382924,20.528873262108785,20.610841751098633,64027093,0.0,0.0
2013-03-12 00:00:00-04:00,20.50937310957824,20.53850469175734,20.335561097551587,20.432836532592773,80633104,0.0,0.0
2013-03-13 00:00:00-04:00,20.439997514293953,20.508878735273274,20.30198550269408,20.376052856445312,65898080,0.0,0.0
2013-03-14 00:00:00-04:00,20.417532010178483,20.417532010178483,20.180518352188326,20.282976150512695,66295564,0.0,0.0
2013-03-15 00:00:00-04:00,20.207919465632934,20.252359875749463,20.08052551397789,20.10422706604004,124452737,0.0,0.0
2013-03-18 00:00:00-04:00,19.87461930086722,20.0662055869741,19.787466560919494,19.943500518798828,73807616,0.0,0.0
2013-03-19 00:00:00-04:00,20.0286829453315,20.226440442854233,19.910420951851375,20.030656814575195,84242583,0.0,0.0
2013-03-20 00:00:00-04:00,20.16668903122127,20.183476369815267,20.033615482443263,20.114349365234375,58771467,0.0,0.0
2013-03-21 00:00:00-04:00,20.029914060254864,20.168913013710995,19.994361728570254,20.0291748046875,59325536,0.0,0.0
2013-03-22 00:00:00-04:00,20.115090237173114,20.127434481174475,19.98917667954427,20.005718231201172,59751126,0.0,0.0
2013-03-25 00:00:00-04:00,20.057565461960294,20.225945572024308,19.919555332223236,19.989177703857422,68736680,0.0,0.0
2013-03-26 00:00:00-04:00,20.084477894132274,20.09682213907605,19.94350317583808,20.05781364440918,47854701,0.0,0.0
2013-03-27 00:00:00-04:00,19.91609425681725,19.923997294761417,19.784009535808266,19.81684684753418,86852328,0.0,0.0
2013-03-28 00:00:00-04:00,19.849682947619865,19.883754873855256,19.58575928483474,19.607730865478516,91855009,0.0,0.0
2013-04-01 00:00:00-04:00,19.6279779169932,19.80672650601193,19.58452443788955,19.780555725097656,72562968,0.0,0.0
2013-04-02 00:00:00-04:00,19.863264176662657,20.117314744060497,19.849932997450615,20.0731201171875,81966082,0.0,0.0
2013-04-03 00:00:00-04:00,20.083489369980025,20.101760894704363,19.767717567223897,19.90424919128418,69800653,0.0,0.0
2013-04-04 00:00:00-04:00,19.856104557514605,19.8931372921996,19.536383131764275,19.629459381103516,98270968,0.0,0.0
2013-04-05 00:00:00-04:00,19.407010057453803,19.429972355356735,19.168516011997124,19.33269691467285,137870844,0.0,0.0
2013-04-08 00:00:00-04:00,19.226535623984567,19.246285658415104,18.971004664441143,19.130247116088867,113708616,0.0,0.0
2013-04-09 00:00:00-04:00,19.14629625646312,19.349981023508597,19.087290047528622,19.199378967285156,86615444,0.0,0.0
2013-04-10 00:00:00-04:00,19.32948977703105,19.5623061292906,19.158642327894466,19.508731842041016,79440651,0.0,0.0
2013-04-11 00:00:00-04:00,19.575389537888967,19.580821458826286,19.357632467915064,19.513914108276367,81452163,0.0,0.0
2013-04-12 00:00:00-04:00,19.553416440469796,19.556133346330036,19.32973397803875,19.50551986694336,65713390,0.0,0.0
2013-04-15 00:00:00-04:00,19.40429347586699,19.67710710667344,19.18382140157187,19.305044174194336,98491793,0.0,0.0
2013-04-16 00:00:00-04:00,19.420094995169723,19.652417858568388,19.354176469213943,19.587486267089844,69941178,0.0,0.0
2013-04-17 00:00:00-04:00,19.42404521026813,19.525022591534956,19.21048546035027,19.320598602294922,81785407,0.0,0.0
2013-04-18 00:00:00-04:00,19.38948140392813,19.400592925015847,18.794724806492862,18.909528732299805,133398142,0.0,0.0
2013-04-19 00:00:00-04:00,18.989768474799998,19.83610645040188,18.91817034328257,19.747966766357422,232998073,0.0,0.0
2013-04-22 00:00:00-04:00,19.76598944684977,19.848942992896625,19.13395054508122,19.753890991210938,115768308,0.0,0.0
2013-04-23 00:00:00-04:00,19.77586262968634,20.13385323297906,19.760060335132376,19.946216583251953,92035684,0.0,0.0
2013-04-24 00:00:00-04:00,19.951399676330706,20.195573284248997,19.948684661533726,20.08323860168457,73438237,0.0,0.0
2013-04-25 00:00:00-04:00,20.152370465749204,20.15780238682363,19.93955184410646,19.97584342956543,79986690,0.0,0.0
2013-04-26 00:00:00-04:00,19.938811682308234,19.942265952879726,19.666737299139275,19.786231994628906,99880980,0.0,0.0
2013-04-29 00:00:00-04:00,19.831413863967196,20.311614201348974,19.825240796866044,20.22174644470215,92376959,0.0,0.0
2013-04-30 00:00:00-04:00,20.220261930884686,20.433575880686984,20.18767229966489,20.35778045654297,92613843,0.0,0.0
2013-05-01 00:00:00-04:00,20.325441412001535,20.361485318624236,20.155087442503067,20.255571365356445,58418148,0.0,0.0
2013-05-02 00:00:00-04:00,20.247423793665707,20.60417791510482,20.221500693151892,20.482215881347656,81034603,0.0,0.0
2013-05-03 00:00:00-04:00,20.663678616368816,20.906617629993747,20.63997706472941,20.879953384399414,100880714,0.0,0.0
2013-05-06 00:00:00-04:00,20.942662675582703,21.2781863359677,20.942662675582703,21.27077865600586,85973045,0.0,0.0
2013-05-07 00:00:00-04:00,21.30682631962706,21.328058645628456,21.00216418431641,21.16412353515625,78653713,0.0,0.0
2013-05-08 00:00:00-04:00,21.158447039092884,21.575196216524343,21.05746964531701,21.56902503967285,99102072,0.0,0.0
2013-05-09 00:00:00-04:00,21.500143137072616,21.717900233507102,21.435705005543973,21.515945434570312,88353936,0.0,0.0
2013-05-10 00:00:00-04:00,21.610499370320582,21.739621394155595,21.532728185027157,21.73196792602539,76192522,0.0,0.0
2013-05-13 00:00:00-04:00,21.698888385195634,21.7872757469278,21.562854017045954,21.665311813354492,58157173,0.0,0.0
2013-05-14 00:00:00-04:00,21.66456909840003,21.940838903868404,21.655682906822435,21.90158462524414,63408784,0.0,0.0
2013-05-15 00:00:00-04:00,22.108972529021266,22.62447754672639,22.072433263528595,22.612380981445312,160033605,0.0,0.0
2013-05-16 00:00:00-04:00,22.6891637856135,22.713358807316236,22.269697698642364,22.31561851501465,128865215,0.0,0.0
2013-05-17 00:00:00-04:00,22.46745325785351,22.553123699155318,22.23290698037173,22.446714401245117,112098604,0.0,0.0
2013-05-20 00:00:00-04:00,22.343513237663124,22.728661535146152,22.343513237663124,22.430665969848633,91248746,0.0,0.0
2013-05-21 00:00:00-04:00,22.418077795623578,22.50794555765535,22.1610664327617,22.392154693603516,79617311,0.0,0.0
2013-05-22 00:00:00-04:00,22.28327833555143,22.449928485445522,21.896156066723893,21.958866119384766,102807910,0.0,0.0
2013-05-23 00:00:00-04:00,21.65222507196738,21.97219414573675,21.57815960976487,21.79517364501953,91345105,0.0,0.0
2013-05-24 00:00:00-04:00,21.609265512151513,21.697157504592685,21.504336611673956,21.561368942260742,92216359,0.0,0.0
2013-05-28 00:00:00-04:00,21.812701221003923,22.02601327923771,21.7361646510726,21.757644653320312,90638467,0.0,0.0
2013-05-29 00:00:00-04:00,21.6203775085823,21.676668699182432,21.338429979000306,21.437679290771484,80837869,0.0,0.0
2013-05-30 00:00:00-04:00,21.47742817899369,21.69913488146608,21.390768902769974,21.498167037963867,85145956,0.0,0.0
2013-05-31 00:00:00-04:00,21.432988698715118,21.652226183823522,21.41817522737812,21.509523391723633,79071272,0.0,0.0
2013-06-03 00:00:00-04:00,21.55346898824767,21.577416329179442,21.109562124569415,21.420888900756836,99399181,0.0,0.0
2013-06-04 00:00:00-04:00,21.426317978483375,21.493966466154273,21.08610356213446,21.210290908813477,75024159,0.0,0.0
2013-06-05 00:00:00-04:00,21.294479966034192,21.465820849462435,21.161654102206903,21.22510528564453,84587872,0.0,0.0
2013-06-06 00:00:00-04:00,21.338672265184343,21.388792270783878,20.916984708170016,21.34706687927246,103550684,0.0,0.0
2013-06-07 00:00:00-04:00,21.48977184056616,21.726292007323458,21.36385828842675,21.71962547302246,107385002,0.0,0.0
2013-06-10 00:00:00-04:00,21.77813663607425,21.99786944776023,21.728511986848893,21.97861099243164,93862506,0.0,0.0
2013-06-11 00:00:00-04:00,21.82430695430774,21.899115452823615,21.71444148459159,21.721601486206055,70567517,0.0,0.0
2013-06-12 00:00:00-04:00,21.861092744886157,21.874423922262263,21.47076018206189,21.52828598022461,88522565,0.0,0.0
2013-06-13 00:00:00-04:00,21.454222232623962,21.717900146574905,21.368304094036585,21.6522274017334,83106340,0.0,0.0
2013-06-14 00:00:00-04:00,21.728762685594837,21.842332001857287,21.58136911901716,21.603836059570312,90136592,0.0,0.0
2013-06-17 00:00:00-04:00,21.707283301966637,21.959110430287545,21.683829426215322,21.880599975585938,86173794,0.0,0.0
2013-06-18 00:00:00-04:00,21.939851894702095,22.244759814839988,21.932444214173906,22.23537826538086,87000883,0.0,0.0
2013-06-19 00:00:00-04:00,22.2538991109359,22.48770241040106,22.158351739155215,22.23686408996582,117073180,0.0,0.0
2013-06-20 00:00:00-04:00,22.071690257970037,22.24475923255902,21.80801238283481,21.84331703186035,135385563,0.0,0.0
2013-06-21 00:00:00-04:00,21.932198203974956,21.970217868659503,21.555196804696102,21.749252319335938,159889066,0.0,0.0
2013-06-24 00:00:00-04:00,21.525818783686045,21.63543846968621,21.31275247908582,21.474218368530273,121128323,0.0,0.0
2013-06-25 00:00:00-04:00,21.65864330487915,21.7183906527064,21.34386037286895,21.385583877563477,102510801,0.0,0.0
2013-06-26 00:00:00-04:00,21.57198445490842,21.676911461547014,21.493474013791463,21.569515228271484,73530581,0.0,0.0
2013-06-27 00:00:00-04:00,21.69666588408594,21.842083686697528,21.64358506799087,21.653953552246094,77348840,0.0,0.0
2013-06-28 00:00:00-04:00,21.60037852606372,21.77171942410005,21.582850040610698,21.73542594909668,94324230,0.0,0.0
2013-07-01 00:00:00-04:00,21.885534676250877,22.02453551015632,21.849736558904805,21.920841217041016,69250599,0.0,0.0
2013-07-02 00:00:00-04:00,21.97811997394177,21.997871898665295,21.65889203998044,21.7833251953125,75943592,0.0,0.0
2013-07-03 00:00:00-04:00,21.723823979766767,21.952690690397976,21.689260474297544,21.885042190551758,42036977,0.0,0.0
2013-07-05 00:00:00-04:00,21.973427122418556,22.106748347674582,21.907506710594454,22.059345245361328,68331166,0.0,0.0
2013-07-08 00:00:00-04:00,22.20056733659621,22.37487093113053,22.147979988824982,22.34573745727539,79075287,0.0,0.0
2013-07-09 00:00:00-04:00,22.4916508470374,22.53979320880209,22.17019947819353,22.349441528320312,79472771,0.0,0.0
2013-07-10 00:00:00-04:00,22.30524802682565,22.495106233523842,22.229452595246414,22.367958068847656,68592140,0.0,0.0
2013-07-11 00:00:00-04:00,22.541023787975366,22.733844660843534,22.430417190106454,22.719772338867188,103755449,0.0,0.0
2013-07-12 00:00:00-04:00,22.713846935931997,22.787914276123047,22.596328016614702,22.787914276123047,103113050,0.0,0.0
2013-07-15 00:00:00-04:00,22.820012097898676,22.911360248543946,22.623980838386032,22.829639434814453,78713937,0.0,0.0
2013-07-16 00:00:00-04:00,22.889886461031423,22.910623431031887,22.563250823335416,22.704225540161133,79617311,0.0,0.0
2013-07-17 00:00:00-04:00,22.738539507798485,22.883218053433275,22.622502859759436,22.67805290222168,60469809,0.0,0.0
2013-07-18 00:00:00-04:00,22.68891646275938,22.71385263109931,22.298831524409675,22.48375129699707,145924920,0.0,0.0
2013-07-19 00:00:00-04:00,21.88948839691553,22.292906410148408,21.617909338563063,22.136131286621094,295475379,0.0,0.0
2013-07-22 00:00:00-04:00,22.26944901252501,22.532879201647173,22.146002802362414,22.484241485595703,116563276,0.0,0.0
2013-07-23 00:00:00-04:00,22.484240607445003,22.541025256884733,22.209453120587717,22.313888549804688,82134711,0.0,0.0
2013-07-24 00:00:00-04:00,22.39931568521887,22.47436997931526,22.237356319501444,22.291671752929688,83451629,0.0,0.0
2013-07-25 00:00:00-04:00,22.068725288273438,22.142297272735785,21.876397877191078,21.91639518737793,120493954,0.0,0.0
2013-07-26 00:00:00-04:00,21.898866346175843,21.972933693669923,21.775669706412874,21.85837745666504,71374530,0.0,0.0
2013-07-29 00:00:00-04:00,21.84726687100297,22.092181650073154,21.74826524540699,21.78233528137207,75959652,0.0,0.0
2013-07-30 00:00:00-04:00,21.861093750754947,22.111686242870345,21.747770229788507,21.995895385742188,70487217,0.0,0.0
2013-07-31 00:00:00-04:00,22.047002756540447,22.133907820802207,21.878870337317004,21.917631149291992,87265872,0.0,0.0
2013-08-01 00:00:00-04:00,22.096628609211372,22.33240764830035,22.096628609211372,22.324260711669922,85856610,0.0,0.0
2013-08-02 00:00:00-04:00,22.305002617928935,22.392896513557712,22.240318700417927,22.382280349731445,68812965,0.0,0.0
2013-08-05 00:00:00-04:00,22.353144624422136,22.35635499741647,22.200319147681817,22.343515396118164,52584363,0.0,0.0
2013-08-06 00:00:00-04:00,22.335861789087954,22.459801470827895,22.11464856249364,22.135387420654297,60469809,0.0,0.0
2013-08-07 00:00:00-04:00,22.097614271284808,22.18180432009578,21.950714178705454,21.989229202270508,55374783,0.0,0.0
2013-08-08 00:00:00-04:00,22.10872275013041,22.117365043760913,21.856895653691755,22.038854598999023,59743096,0.0,0.0
2013-08-09 00:00:00-04:00,21.987006926935692,22.10946431630071,21.97318039127162,21.983304977416992,53146462,0.0,0.0
2013-08-12 00:00:00-04:00,21.89664720024552,21.89911642721266,21.767029800582993,21.862329483032227,55286453,0.0,0.0
2013-08-13 00:00:00-04:00,21.89491879881465,21.936148838388732,21.632473630140453,21.75715446472168,57004870,0.0,0.0
2013-08-14 00:00:00-04:00,21.686048674846155,21.731969486925642,21.409285407610007,21.47471046447754,83600184,0.0,0.0
2013-08-15 00:00:00-04:00,21.34212967835365,21.353980454072484,21.183133031245276,21.224117279052734,75048249,0.0,0.0
2013-08-16 00:00:00-04:00,21.264116836948638,21.292756847398365,21.14709134930696,21.156227111816406,67255147,0.0,0.0
2013-08-19 00:00:00-04:00,21.17597040567428,21.52877672785082,21.1695515514019,21.37200164794922,72707508,0.0,0.0
2013-08-20 00:00:00-04:00,21.43866657893081,21.531497036488542,21.319913018996772,21.366329193115234,49504863,0.0,0.0
2013-08-21 00:00:00-04:00,21.495451669295033,21.650005242797768,21.392993871243938,21.46286392211914,70555472,0.0,0.0
2013-08-22 00:00:00-04:00,21.54606297968251,21.596674566836768,21.485574485236462,21.570999145507812,34926424,0.0,0.0
2013-08-23 00:00:00-04:00,21.672713003786132,21.676910310710305,21.47322748416017,21.484582901000977,43245489,0.0,0.0
2013-08-26 00:00:00-04:00,21.479400654509526,21.60037763910045,21.381879433223617,21.390274047851562,42257801,0.0,0.0
2013-08-27 00:00:00-04:00,21.22313163274451,21.324602487986436,20.93377643516696,20.98932647705078,69623993,0.0,0.0
2013-08-28 00:00:00-04:00,20.991796473175047,21.11919043387395,20.930566829108052,20.949825286865234,53395392,0.0,0.0
2013-08-29 00:00:00-04:00,20.962661420946674,21.24189391198226,20.95081064496599,21.11968231201172,59361671,0.0,0.0
2013-08-30 00:00:00-04:00,21.127832142908815,21.184123331493097,20.87600503202664,20.909088134765625,74743109,0.0,0.0
2013-09-03 00:00:00-04:00,21.09326560233791,21.385337692496446,21.08314290703296,21.241893768310547,82210996,0.0,0.0
2013-09-04 00:00:00-04:00,21.241152442935526,21.565812273402372,21.113265026546795,21.519643783569336,81954037,0.0,0.0
2013-09-05 00:00:00-04:00,21.565814193566553,21.723330454160457,21.519152232366995,21.715429306030273,51845604,0.0,0.0
2013-09-06 00:00:00-04:00,21.786532608120865,21.81961570966613,21.571738236349628,21.715923309326172,62698130,0.0,0.0
2013-09-09 00:00:00-04:00,21.818378504307,21.96700665533113,21.786036552780892,21.92503547668457,49569103,0.0,0.0
2013-09-10 00:00:00-04:00,21.973678456036126,22.02256196808754,21.825050269384665,21.94034767150879,51697050,0.0,0.0
2013-09-11 00:00:00-04:00,21.93713579846696,22.145263646939757,21.87640151301814,22.126007080078125,64665477,0.0,0.0
2013-09-12 00:00:00-04:00,22.155879415535615,22.168223659305863,21.973428883474224,22.048730850219727,43984248,0.0,0.0
2013-09-13 00:00:00-04:00,22.08428248596408,22.113415959126844,21.84578656116881,21.950220108032227,53214717,0.0,0.0
2013-09-16 00:00:00-04:00,22.12625270536278,22.14600273764223,21.84652675516703,21.917877197265625,53660381,0.0,0.0
2013-09-17 00:00:00-04:00,21.90924003040658,21.933435052463754,21.75098261646005,21.87714385986328,50564822,0.0,0.0
2013-09-18 00:00:00-04:00,21.883065619719034,22.31808436801081,21.802085951212106,22.30203628540039,77678069,0.0,0.0
2013-09-19 00:00:00-04:00,22.36795931639952,22.36795931639952,22.106502970983197,22.180322647094727,64155573,0.0,0.0
2013-09-20 00:00:00-04:00,22.180322014061076,22.322037864512403,22.111934261053605,22.29685401916504,174463490,0.0,0.0
2013-09-23 00:00:00-04:00,22.12502041624812,22.259328590709067,21.854675986587218,21.88677215576172,71362485,0.0,0.0
2013-09-24 00:00:00-04:00,21.886771765168866,21.975650699534903,21.760858208361135,21.895164489746094,59694916,0.0,0.0
2013-09-25 00:00:00-04:00,21.888003068940357,21.888003068940357,21.617658661630593,21.657901763916016,66207234,0.0,0.0
2013-09-26 00:00:00-04:00,21.684320755082773,21.794186223170808,21.602845723395465,21.681110382080078,50584897,0.0,0.0
2013-09-27 00:00:00-04:00,21.5984042723861,21.665063948225473,21.511746882862834,21.63716697692871,50540732,0.0,0.0
2013-09-30 00:00:00-04:00,21.456688812901426,21.747030940942636,21.43767803507149,21.62531280517578,69154239,0.0,0.0
2013-10-01 00:00:00-04:00,21.732462599791678,21.91565426857695,21.72752603694647,21.89911460876465,67644602,0.0,0.0
2013-10-02 00:00:00-04:00,21.793694109846946,21.957381548214364,21.67247132526039,21.923559188842773,60036190,0.0,0.0
2013-10-03 00:00:00-04:00,21.923802884039528,22.07440491760949,21.53124877165492,21.629756927490234,84997401,0.0,0.0
2013-10-04 00:00:00-04:00,21.602847242128203,21.664818033239474,21.479402908527018,21.53742218017578,54523605,0.0,0.0
2013-10-07 00:00:00-04:00,21.416446388289046,21.577912274805488,21.333984418986407,21.37422752380371,51937949,0.0,0.0
2013-10-08 00:00:00-04:00,21.36386004574874,21.380153919070302,21.02586710702175,21.07623291015625,78039419,0.0,0.0
2013-10-09 00:00:00-04:00,21.14066900557101,21.29793757675053,20.812307218251398,21.130300521850586,106449509,0.0,0.0
2013-10-10 00:00:00-04:00,21.327316582674385,21.450515116521764,21.23769650773846,21.435949325561523,90550137,0.0,0.0
2013-10-11 00:00:00-04:00,21.38138804899361,21.56532087985498,21.363366095293408,21.528533935546875,56567236,0.0,0.0
2013-10-14 00:00:00-04:00,21.39694302654877,21.63371089036646,21.36558800292363,21.630252838134766,49930453,0.0,0.0
2013-10-15 00:00:00-04:00,21.621614958794726,21.86529517416955,21.57816336466241,21.775920867919922,63914673,0.0,0.0
2013-10-16 00:00:00-04:00,21.871217246315318,22.178842083259067,21.825294541162915,22.17143440246582,80604999,0.0,0.0
2013-10-17 00:00:00-04:00,22.047002168380295,22.143536458659927,21.867760123619828,21.943307876586914,170902191,0.0,0.0
2013-10-18 00:00:00-04:00,24.110753886425176,25.07066115914947,24.047056904874704,24.970670700073242,464390148,0.0,0.0
2013-10-21 00:00:00-04:00,24.971902351349872,25.158056710582063,24.677856397549537,24.77044105529785,145675990,0.0,0.0
2013-10-22 00:00:00-04:00,24.81241463435857,25.009926321153657,24.585028326509274,24.861791610717773,88675135,0.0,0.0
2013-10-23 00:00:00-04:00,24.71365462372132,25.546908984477348,24.704520753648662,25.464447021484375,106927293,0.0,0.0
2013-10-24 00:00:00-04:00,25.475802850074885,25.690597202603165,25.301251596946855,25.31976890563965,83997668,0.0,0.0
2013-10-25 00:00:00-04:00,25.400504361382627,25.400504361382627,24.954128257827282,25.064241409301758,81524432,0.0,0.0
2013-10-28 00:00:00-04:00,25.06423982987174,25.267429210539724,25.009676724821006,25.059301376342773,46521724,0.0,0.0
2013-10-29 00:00:00-04:00,25.16052835894257,25.60097908001719,25.022270556370863,25.583698272705078,64440637,0.0,0.0
2013-10-30 00:00:00-04:00,25.613077147671454,25.61505290733967,25.33088194667693,25.44000816345215,53162522,0.0,0.0
2013-10-31 00:00:00-04:00,25.40322170961731,25.714055033056315,25.280764312089154,25.443958282470703,65845885,0.0,0.0
2013-11-01 00:00:00-04:00,25.473831001328968,25.577772977944857,25.30866316199567,25.356557846069336,51524405,0.0,0.0
2013-11-04 00:00:00-05:00,25.46666882538408,25.488148829304404,25.232865571727576,25.333595275878906,45722740,0.0,0.0
2013-11-05 00:00:00-05:00,25.191390082858224,25.470374916819104,25.11905269859344,25.22027587890625,47433127,0.0,0.0
2013-11-06 00:00:00-05:00,25.321006288403215,25.35556979230742,25.068438035433044,25.250642776489258,36652871,0.0,0.0
2013-11-07 00:00:00-05:00,25.247186530907,25.27977616576333,24.877592808044284,24.88524627685547,67435822,0.0,0.0
2013-11-08 00:00:00-05:00,24.905000327764178,25.145717842410985,24.89882725965659,25.084735870361328,51825529,0.0,0.0
2013-11-11 00:00:00-05:00,24.923759947059875,25.082265028984914,24.886481427344766,24.950424194335938,44670812,0.0,0.0
2013-11-12 00:00:00-05:00,24.879075292943025,25.12250780426397,24.81241561594936,24.979806900024414,48906630,0.0,0.0
2013-11-13 00:00:00-05:00,24.85562181760785,25.500003117175773,24.849448749879755,25.49062156677246,63412799,0.0,0.0
2013-11-14 00:00:00-05:00,25.52641774932714,25.67035514916051,25.438278071073732,25.558761596679688,46842923,0.0,0.0
2013-11-15 00:00:00-05:00,25.549872396542813,25.6271482293109,25.437290023818,25.51753044128418,51243355,0.0,0.0
2013-11-18 00:00:00-05:00,25.571595509660618,25.89230568561122,25.410870793976294,25.4679012298584,70651832,0.0,0.0
2013-11-19 00:00:00-05:00,25.472104836835292,25.546911447918525,25.258049706662945,25.31113052368164,45433661,0.0,0.0
2013-11-20 00:00:00-05:00,25.42840211203486,25.512592158530552,25.19163426787467,25.239778518676758,38692487,0.0,0.0
2013-11-21 00:00:00-05:00,25.355569578859296,25.634802076268453,25.330881091895687,25.530120849609375,43835693,0.0,0.0
2013-11-22 00:00:00-05:00,25.51407316310765,25.581967448654147,25.41038075997448,25.476299285888672,50356042,0.0,0.0
2013-11-25 00:00:00-05:00,25.606410733834572,26.002175249374403,25.553575705902944,25.822933197021484,64761837,0.0,0.0
2013-11-26 00:00:00-05:00,25.888852237155376,26.207339008183858,25.74911215103707,26.13105010986328,91794785,0.0,0.0
2013-11-27 00:00:00-05:00,26.220425139061,26.367818698006246,26.170307018271334,26.247089385986328,45112461,0.0,0.0
2013-11-29 00:00:00-05:00,26.223632227175777,26.333743471744864,26.156724884625064,26.160181045532227,47890836,0.0,0.0
2013-12-02 00:00:00-05:00,26.2569626761305,26.327080395512574,25.942177866415793,26.034021377563477,55133884,0.0,0.0
2013-12-03 00:00:00-05:00,25.946870101693264,26.255236073748208,25.899221208219842,26.003902435302734,67295297,0.0,0.0
2013-12-04 00:00:00-05:00,25.957235732935647,26.268564342173985,25.92341149087283,26.125368118286133,47842656,0.0,0.0
2013-12-05 00:00:00-05:00,26.101175262988324,26.161909540109885,25.950325559211564,26.104631423950195,45517975,0.0,0.0
2013-12-06 00:00:00-05:00,26.412012353706032,26.417196595897384,26.17228180195752,26.41398811340332,57366220,0.0,0.0
2013-12-09 00:00:00-05:00,26.44164081150286,26.721121017430843,26.368314598361845,26.618165969848633,59526286,0.0,0.0
2013-12-10 00:00:00-05:00,26.569034940340483,26.968007939234116,26.556688805677226,26.779136657714844,74433955,0.0,0.0
2013-12-11 00:00:00-05:00,26.846783052871725,26.94356312815796,26.544835948795807,26.597177505493164,68728650,0.0,0.0
2013-12-12 00:00:00-05:00,26.65346957948659,26.7366708011613,26.39250671481192,26.416208267211914,64099363,0.0,0.0
2013-12-13 00:00:00-05:00,26.550515422694836,26.572488893618686,26.118211677492802,26.189809799194336,86820208,0.0,0.0
2013-12-16 00:00:00-05:00,26.26906363362611,26.532987314167904,26.21993244586063,26.49077033996582,64320188,0.0,0.0
2013-12-17 00:00:00-05:00,26.486818665340625,26.682848043329596,26.37719898876781,26.413738250732422,61658247,0.0,0.0
2013-12-18 00:00:00-05:00,26.462871940548137,26.786297189504552,26.14660669356642,26.781360626220703,88743390,0.0,0.0
2013-12-19 00:00:00-05:00,26.683093998827218,26.960104940617295,26.64137049483836,26.817649841308594,66877738,0.0,0.0
2013-12-20 00:00:00-05:00,26.86900521963558,27.186752762274676,26.861599429295715,27.173173904418945,130953011,0.0,0.0
2013-12-23 00:00:00-05:00,27.35142431173208,27.547949047898193,27.284271175628525,27.53066635131836,69122119,0.0,0.0
2013-12-24 00:00:00-05:00,27.527457792220126,27.53412243561514,27.357844981165776,27.45018196105957,29478078,0.0,0.0
2013-12-26 00:00:00-05:00,27.503756963855434,27.626955499935715,27.372411491847682,27.58893394470215,53712576,0.0,0.0
2013-12-27 00:00:00-05:00,27.651646430617895,27.65855875375165,27.477342825031453,27.612144470214844,63023345,0.0,0.0
2013-12-30 00:00:00-05:00,27.66003860383693,27.663988232324723,27.380558430038302,27.391422271728516,49629328,0.0,0.0
2013-12-31 00:00:00-05:00,27.460059408891983,27.67633419625701,27.312420055838743,27.669174194335938,54519590,0.0,0.0
2014-01-02 00:00:00-05:00,27.53955639101976,27.59609336477389,27.361794752643572,27.481782913208008,73129082,0.0,0.0
2014-01-03 00:00:00-05:00,27.52820159184814,27.575850488027193,27.27958295440442,27.28131103515625,66917888,0.0,0.0
2014-01-06 00:00:00-05:00,27.47906852248357,27.623497493596794,27.31686149644984,27.585477828979492,71037271,0.0,0.0
2014-01-07 00:00:00-05:00,27.77508881412257,28.137770215730914,27.680284493953,28.117277145385742,102486711,0.0,0.0
2014-01-08 00:00:00-05:00,28.293559315316088,28.326148951362246,27.9797614105637,28.175792694091797,90036218,0.0,0.0
2014-01-09 00:00:00-05:00,28.230357284548333,28.249613852428528,27.788917718342823,27.904460906982422,83692529,0.0,0.0
2014-01-10 00:00:00-05:00,28.12270981061133,28.12270981061133,27.70719339957377,27.902976989746094,86061375,0.0,0.0
2014-01-13 00:00:00-05:00,27.811381734353837,28.31602476320699,27.58177389237661,27.725217819213867,97118665,0.0,0.0
2014-01-14 00:00:00-05:00,28.094811858579966,28.417002474680356,27.851377478109303,28.377498626708984,99676216,0.0,0.0
2014-01-15 00:00:00-05:00,28.466133634531218,28.515758287386785,28.23899501695755,28.35824203491211,78300393,0.0,0.0
2014-01-16 00:00:00-05:00,28.370095371426125,28.588100138214415,28.342937655193985,28.545881271362305,67608467,0.0,0.0
2014-01-17 00:00:00-05:00,28.561435200280336,28.65475912403987,28.24911958046538,28.4054012298584,108457005,0.0,0.0
2014-01-21 00:00:00-05:00,28.662161128140596,28.737956555316128,28.424406363423333,28.73055076599121,79492846,0.0,0.0
2014-01-22 00:00:00-05:00,28.802397819427252,28.834000521005883,28.611059201272344,28.76314353942871,63091600,0.0,0.0
2014-01-23 00:00:00-05:00,28.639201000358952,28.70067642599815,28.50020206626261,28.64167022705078,78256228,0.0,0.0
2014-01-24 00:00:00-05:00,28.41725184697839,28.479961897460193,27.725715101492582,27.746206283569336,156283602,0.0,0.0
2014-01-27 00:00:00-05:00,27.80224742450643,27.8121224408903,26.72012864656078,27.188230514526367,174796734,0.0,0.0
2014-01-28 00:00:00-05:00,27.41265533117875,27.793606367887403,27.403273781594663,27.7259578704834,88739375,0.0,0.0
2014-01-29 00:00:00-05:00,27.629918432453838,27.694850022839564,27.143545029910463,27.328712463378906,95552818,0.0,0.0
2014-01-30 00:00:00-05:00,28.268866065918775,28.453787700140147,27.830636940535456,28.031604766845703,204419353,0.0,0.0
2014-01-31 00:00:00-05:00,28.919421932256622,29.294447572480195,28.42021271157798,29.156930923461914,223486554,0.0,0.0
2014-02-03 00:00:00-05:00,29.113232745941314,29.17544932734879,27.94816217245382,27.983219146728516,183449044,0.0,0.0
2014-02-04 00:00:00-05:00,28.09579925922237,28.51575878639968,28.071604239078898,28.09999656677246,112897588,0.0,0.0
2014-02-05 00:00:00-05:00,28.228873163443822,28.411323696587203,27.849650202975077,28.224428176879883,96139007,0.0,0.0
2014-02-06 00:00:00-05:00,28.420213159650814,28.64315447239715,28.33182580399443,28.638216018676758,78155853,0.0,0.0
2014-02-07 00:00:00-05:00,28.82757867432439,29.0811357514547,28.653029293464435,29.069778442382812,105843245,0.0,0.0
2014-02-10 00:00:00-05:00,28.930528588878346,29.192232572812596,28.861895056239543,28.95842933654785,78099643,0.0,0.0
2014-02-11 00:00:00-05:00,29.13717916050011,29.426040886602802,28.94065630835593,29.384315490722656,82339476,0.0,0.0
2014-02-12 00:00:00-05:00,29.35518145791124,29.37987183511073,29.167053224319016,29.29815101623535,69238554,0.0,0.0
2014-02-13 00:00:00-05:00,29.151495971602756,29.624290466308594,29.12458404899975,29.624290466308594,73731331,0.0,0.0
2014-02-14 00:00:00-05:00,29.518378354689638,29.73514850618875,29.449003662848614,29.695892333984375,87795852,0.0,0.0
2014-02-18 00:00:00-05:00,29.661574845484928,29.944509299701263,29.626763662026317,29.89537811279297,84672187,0.0,0.0
2014-02-19 00:00:00-05:00,29.757614510315484,29.854396484775325,29.565041277264775,29.68453598022461,84459392,0.0,0.0
2014-02-20 00:00:00-05:00,29.704286012095853,29.79687067885899,29.632194416521543,29.728235244750977,68287001,0.0,0.0
2014-02-21 00:00:00-05:00,29.81958432048155,29.870443590881035,29.696881131274996,29.720335006713867,74771214,0.0,0.0
2014-02-24 00:00:00-05:00,29.759096117146978,30.12449254054134,29.75267537093796,29.93562126159668,67223027,0.0,0.0
2014-02-25 00:00:00-05:00,30.02030627829872,30.231642616818267,29.884022340912416,30.120542526245117,57763704,0.0,0.0
2014-02-26 00:00:00-05:00,30.219295331381062,30.339778850650656,29.966481298228405,30.124738693237305,79585191,0.0,0.0
2014-02-27 00:00:00-05:00,30.080790665107102,30.224973840437826,30.046718740079104,30.10103416442871,50588912,0.0,0.0
2014-02-28 00:00:00-05:00,30.128936309221384,30.22398831220151,29.780329108412197,30.013145446777344,92890878,0.0,0.0
2014-03-03 00:00:00-05:00,29.793414428179812,29.82032635667316,29.432708749530875,29.693178176879883,84507572,0.0,0.0
2014-03-04 00:00:00-05:00,29.997096502147,30.02178688030123,29.861307930354574,29.994874954223633,58928052,0.0,0.0
2014-03-05 00:00:00-05:00,29.998327911603432,30.19658071778915,29.90846016299465,30.077579498291016,49597208,0.0,0.0
2014-03-06 00:00:00-05:00,30.176830846691935,30.272378201156133,30.085976157531285,30.110912322998047,50914126,0.0,0.0
2014-03-07 00:00:00-05:00,30.288429974452523,30.29312074964851,29.909206985764424,29.991914749145508,60831159,0.0,0.0
2014-03-10 00:00:00-04:00,30.01412926313696,30.062273511703445,29.727738670472473,29.912410736083984,48766105,0.0,0.0
2014-03-11 00:00:00-04:00,29.96672892362271,29.980309671711677,29.543806693562242,29.626516342163086,68776830,0.0,0.0
2014-03-12 00:00:00-04:00,29.53788177811451,29.82057043390652,29.236430023677666,29.806991577148438,78866507,0.0,0.0
2014-03-13 00:00:00-04:00,29.823036525903408,29.885994244132938,29.250499236736037,29.35666275024414,94175675,0.0,0.0
2014-03-14 00:00:00-04:00,29.182114030196004,29.40135339853422,28.94855654895117,28.955223083496094,92099924,0.0,0.0
2014-03-17 00:00:00-04:00,29.114464774353415,29.554421982080832,29.086318236989804,29.431716918945312,86808163,0.0,0.0
2014-03-18 00:00:00-04:00,29.495169313958172,29.911424987581196,29.455419678316005,29.90475845336914,72872123,0.0,0.0
2014-03-19 00:00:00-04:00,29.918090297478486,29.92278107192638,29.488747361273155,29.608243942260742,64757822,0.0,0.0
2014-03-20 00:00:00-04:00,29.62552948050755,29.864025432021997,29.51220783883166,29.55664825439453,67640587,0.0,0.0
2014-03-21 00:00:00-04:00,29.782547562626398,29.864516057457287,29.193468724815347,29.20803451538086,128821050,0.0,0.0
2014-03-24 00:00:00-04:00,29.236429348160577,29.25395783299704,28.29232068948277,28.588096618652344,121939352,0.0,0.0
2014-03-25 00:00:00-04:00,28.787338576918245,28.88214290035097,28.31824785091615,28.607601165771484,96769361,0.0,0.0
2014-03-26 00:00:00-04:00,28.68882889203683,28.924855605174447,27.935569083638544,27.947174072265625,103586819,0.0,0.0
2014-03-27 00:00:00-04:00,28.07471335161893,28.07471335161893,27.32935096724136,27.60317611694336,262719,0.0,2.002
2014-03-28 00:00:00-04:00,27.73861036239425,27.997115368235864,27.613560839360122,27.678804397583008,824257,0.0,0.0
2014-03-31 00:00:00-04:00,28.01984879690293,28.025286389561707,27.52755381203097,27.529529571533203,216593,0.0,0.0
2014-04-01 00:00:00-04:00,27.615533149265033,28.096956736691677,27.615533149265033,28.033193588256836,158434,0.0,0.0
2014-04-02 00:00:00-04:00,29.655894306845845,29.8951219248996,27.787542302482,28.025287628173828,2942055,0.0,0.0
2014-04-03 00:00:00-04:00,28.16615460340548,29.027672757007398,27.883430023083456,28.160717010498047,101983228,0.0,0.0
2014-04-04 00:00:00-04:00,28.403407461030408,28.557620702021733,26.83903310215593,26.8459529876709,127386783,0.0,0.0
2014-04-07 00:00:00-04:00,26.727325911668487,27.109893481153694,26.055609226461282,26.59930992126465,88033033,0.0,0.0
2014-04-08 00:00:00-04:00,26.819263925255346,27.43216162634783,26.770329365706978,27.42721939086914,63024560,0.0,0.0
2014-04-09 00:00:00-04:00,27.660510511086475,27.944717355192047,27.330830950059777,27.883922576904297,66616395,0.0,0.0
2014-04-10 00:00:00-04:00,27.926433863541803,27.926433863541803,26.685807994367995,26.737707138061523,80737057,0.0,0.0
2014-04-11 00:00:00-04:00,26.32251638510128,26.69074882562152,26.024963200924518,26.226133346557617,78496923,0.0,0.0
2014-04-14 00:00:00-04:00,26.60425152649885,26.89340063537472,26.174728952020242,26.321033477783203,51501009,0.0,0.0
2014-04-15 00:00:00-04:00,26.533565861674347,26.614133354042355,25.626079779509165,26.51478385925293,77101101,0.0,0.0
2014-04-16 00:00:00-04:00,26.839032339510094,27.531013308627326,26.690748272397624,27.508277893066406,97865955,0.0,0.0
2014-04-17 00:00:00-04:00,27.126205573143128,27.160311534733896,26.253318703512633,26.497983932495117,136190888,0.0,0.0
2014-04-21 00:00:00-04:00,26.49798199393498,26.52763918526343,25.97899627111942,26.128265380859375,51334553,0.0,0.0
2014-04-22 00:00:00-04:00,26.129258525849675,26.553838902608224,26.073404080632475,26.43422508239746,47307527,0.0,0.0
2014-04-23 00:00:00-04:00,26.38380802368455,26.387763324560527,26.0111267941588,26.045230865478516,41046384,0.0,0.0
2014-04-24 00:00:00-04:00,26.199936222446816,26.278030716911093,25.806986960687144,25.957246780395508,37663121,0.0,0.0
2014-04-25 00:00:00-04:00,25.82626481984064,25.934511864448183,25.47582557709262,25.513389587402344,42007014,0.0,0.0
2014-04-28 00:00:00-04:00,25.562818809737188,25.633004598757196,24.852053930364278,25.561336517333984,66710653,0.0,0.0
2014-04-29 00:00:00-04:00,25.548979839659268,26.169786227592834,25.520311471783927,26.082794189453125,53981801,0.0,0.0
2014-04-30 00:00:00-04:00,26.07785269442646,26.09762352680675,25.826761043449693,26.031391143798828,35023895,0.0,0.0
2014-05-01 00:00:00-04:00,26.053634137762415,26.341300989362804,25.89398328915257,26.263206481933594,38110345,0.0,0.0
2014-05-02 00:00:00-04:00,26.382324167698226,26.394186288264773,25.979490410243507,26.094161987304688,33770463,0.0,0.0
2014-05-05 00:00:00-04:00,25.94044521289869,26.142108833852905,25.767449960103047,26.088232040405273,20482080,0.0,0.0
2014-05-06 00:00:00-04:00,25.96070602654921,26.038800518918762,25.458031224799008,25.461984634399414,33780490,0.0,0.0
2014-05-07 00:00:00-04:00,25.49411385500502,25.538104282776413,24.876767464566047,25.205951690673828,64486563,0.0,0.0
2014-05-08 00:00:00-04:00,25.131811788963734,25.565289669249836,25.03246227604935,25.25735855102539,40426688,0.0,0.0
2014-05-09 00:00:00-04:00,25.244999432509907,25.697259289261186,24.921250914247544,25.639429092407227,48789585,0.0,0.0
2014-05-12 00:00:00-04:00,25.87569339988456,26.20586646159837,25.653270136529986,26.192522048950195,38250730,0.0,0.0
2014-05-13 00:00:00-04:00,26.240468298787178,26.49650027779101,26.172258269791612,26.349206924438477,33068541,0.0,0.0
2014-05-14 00:00:00-04:00,26.34475740406579,26.34475740406579,25.963674031235158,26.030895233154297,23835261,0.0,0.0
2014-05-15 00:00:00-04:00,25.983940344055657,25.99234441295656,25.57468204071311,25.701215744018555,34087331,0.0,0.0
2014-05-16 00:00:00-04:00,25.77090522660414,25.79117141436874,25.4768138958449,25.733341217041016,29705333,0.0,0.0
2014-05-19 00:00:00-04:00,25.68737949764664,26.185605631611022,25.5827398524463,26.140132904052734,25555972,0.0,0.0
2014-05-20 00:00:00-04:00,26.183627816279895,26.504411806357076,26.013599028970468,26.18511199951172,35695734,0.0,0.0
2014-05-21 00:00:00-04:00,26.33981516373362,26.650366755615693,26.290882499996357,26.638357162475586,23925508,0.0,0.0
2014-05-22 00:00:00-04:00,26.746600968074443,27.066396073551545,26.72930125590713,26.94085121154785,32316482,0.0,0.0
2014-05-23 00:00:00-04:00,27.049592806955765,27.364939179643528,26.873631081352883,27.318477630615234,38643806,0.0,0.0
2014-05-27 00:00:00-04:00,27.4815890030684,27.975861696904524,27.400032666203227,27.973390579223633,42083223,0.0,0.0
2014-05-28 00:00:00-04:00,27.905181327937598,28.066807932362106,27.728726126333413,27.76233673095703,33040464,0.0,0.0
2014-05-29 00:00:00-04:00,27.84487509582847,27.877003402273917,27.615531964630573,27.68324851989746,27082150,0.0,0.0
2014-05-30 00:00:00-04:00,27.71883982551225,27.746025902181213,27.477141064601923,27.67386245727539,35422988,0.0,0.0
2014-06-02 00:00:00-04:00,27.71389426793415,27.723778737771298,26.973967586006776,27.379270553588867,28700582,0.0,0.0
2014-06-03 00:00:00-04:00,27.233956748870824,27.30068448762553,26.816789741538106,26.934921264648438,37332215,0.0,0.0
2014-06-04 00:00:00-04:00,26.764892555810423,27.11632065044173,26.62896785101452,26.921083450317383,36329469,0.0,0.0
2014-06-05 00:00:00-04:00,27.007084988926014,27.429689593882966,26.91070194690966,27.377790451049805,33782496,0.0,0.0
2014-06-06 00:00:00-04:00,27.583405929977634,27.583405929977634,27.132133013290016,27.497896194458008,34735104,0.0,0.0
2014-06-09 00:00:00-04:00,27.5384302501278,27.82263714225897,27.483566522108493,27.784082412719727,29350361,0.0,0.0
2014-06-10 00:00:00-04:00,27.704504283282052,27.857235229581494,27.575499468685756,27.70648193359375,27034019,0.0,0.0
2014-06-11 00:00:00-04:00,27.58044228028887,27.673365377373937,27.433148923928247,27.62196159362793,22002242,0.0,0.0
2014-06-12 00:00:00-04:00,27.545844222817017,27.57995018504752,27.10890636720247,27.251752853393555,29169867,0.0,0.0
2014-06-13 00:00:00-04:00,27.29672959262547,27.298707243031355,26.965567683597822,27.272016525268555,24410836,0.0,0.0
2014-06-16 00:00:00-04:00,27.14844736721138,27.166240547561543,26.76587791891115,26.902297973632812,34051232,0.0,0.0
2014-06-17 00:00:00-04:00,26.898342356025392,26.953701437367585,26.65763244885326,26.83952522277832,28891103,0.0,0.0
2014-06-18 00:00:00-04:00,26.93096797292625,27.360985928237646,26.88845983371975,27.351594924926758,34835379,0.0,0.0
2014-06-19 00:00:00-04:00,27.39459761162304,27.43216162634783,27.111377645962484,27.42721939086914,49136535,0.0,0.0
2014-06-20 00:00:00-04:00,27.523601619120544,27.559683340266563,27.204400146716385,27.49938201904297,90166875,0.0,0.0
2014-06-23 00:00:00-04:00,27.439573432149444,27.926432757004285,27.39508953399141,27.923961639404297,30736155,0.0,0.0
2014-06-24 00:00:00-04:00,27.935824911861413,28.30435609965612,27.72921905265018,27.907651901245117,44142862,0.0,0.0
2014-06-25 00:00:00-04:00,27.93928395122065,28.665866268559867,27.937308191530565,28.601116180419922,39387843,0.0,0.0
2014-06-26 00:00:00-04:00,28.71727297569397,28.78894106134412,28.265011167641685,28.470134735107422,34839390,0.0,0.0
2014-06-27 00:00:00-04:00,28.528457076730405,28.66141529490581,28.361391009687853,28.531421661376953,44738493,0.0,0.0
2014-06-30 00:00:00-04:00,28.601607776868157,28.64658513675914,28.408346363049322,28.43454360961914,26275943,0.0,0.0
2014-07-01 00:00:00-04:00,28.58480431036447,28.88532207560815,28.502261043772403,28.799814224243164,28959290,0.0,0.0
2014-07-02 00:00:00-04:00,28.833427611930762,28.936730544630954,28.68712117975647,28.78325843811035,21127848,0.0,0.0
2014-07-03 00:00:00-04:00,28.833426075426843,28.915473987659475,28.71331690130014,28.901634216308594,14283107,0.0,0.0
2014-07-07 00:00:00-04:00,28.85368918126755,28.985660470900417,28.647576802657976,28.779052734375,21292298,0.0,0.0
2014-07-08 00:00:00-04:00,28.552182971452968,28.644512394297465,27.982532704702123,28.227445602416992,38190565,0.0,0.0
2014-07-09 00:00:00-04:00,28.251665397382375,28.50572162095324,28.142728248626998,28.474088668823242,22335153,0.0,0.0
2014-07-10 00:00:00-04:00,27.9714103714409,28.49929362069637,27.926926475893637,28.227937698364258,27134293,0.0,0.0
2014-07-11 00:00:00-04:00,28.26797680831806,28.709856883846037,28.243757208516964,28.6273136138916,32434806,0.0,0.0
2014-07-14 00:00:00-04:00,28.796353604720306,28.92535841560793,28.570470400851647,28.908552169799805,37081529,0.0,0.0
2014-07-15 00:00:00-04:00,28.95155649619401,28.95476875994119,28.49781242516096,28.904104232788086,32460877,0.0,0.0
2014-07-16 00:00:00-04:00,29.06326088727646,29.08303171787308,28.77658100760696,28.799318313598633,27942506,0.0,0.0
2014-07-17 00:00:00-04:00,28.644611027580677,28.71677446325347,28.104863771004585,28.357933044433594,60331186,0.0,0.0
2014-07-18 00:00:00-04:00,29.31039664893981,29.498220481319358,28.76669598201592,29.413206100463867,80283816,0.0,0.0
2014-07-21 00:00:00-04:00,29.248613477226495,29.379594047678946,28.92649471127062,29.13591766357422,41242922,0.0,0.0
2014-07-22 00:00:00-04:00,29.19770332036656,29.639088011943386,29.191770369570605,29.396400451660156,33983045,0.0,0.0
2014-07-23 00:00:00-04:00,29.321764594495505,29.550118906909372,29.285680986811894,29.45768928527832,24663528,0.0,0.0
2014-07-24 00:00:00-04:00,29.480924085327548,29.63167739168023,29.249603266043195,29.327699661254883,20702684,0.0,0.0
2014-07-25 00:00:00-04:00,29.18188609899624,29.25404953670411,29.01531538464126,29.113676071166992,18649061,0.0,0.0
2014-07-28 00:00:00-04:00,29.066724840116436,29.285686299246475,28.902774585577045,29.191774368286133,19736037,0.0,0.0
2014-07-29 00:00:00-04:00,29.100331454714752,29.14728646841538,28.841578794757954,28.94512939453125,26997920,0.0,0.0
2014-07-30 00:00:00-04:00,28.991591976767342,29.137403039420008,28.86555174543376,29.03459358215332,20329662,0.0,0.0
2014-07-31 00:00:00-04:00,28.697495802509078,28.848249084922692,28.173565990052797,28.252649307250977,42055146,0.0,0.0
2014-08-01 00:00:00-04:00,28.193341618783442,28.468157497875538,27.820165050239552,27.979320526123047,39105069,0.0,0.0
2014-08-04 00:00:00-04:00,28.126119693206807,28.438004218722174,27.881947947211245,28.329265594482422,28546159,0.0,0.0
2014-08-05 00:00:00-04:00,28.17604482913785,28.27143905298317,27.80830392483972,27.929895401000977,31024946,0.0,0.0
2014-08-06 00:00:00-04:00,27.7672779425069,28.208171087298982,27.679297078588366,27.994346618652344,26687069,0.0,0.0
2014-08-07 00:00:00-04:00,28.07471247657828,28.16813092333327,27.733664245462073,27.845369338989258,22218835,0.0,0.0
2014-08-08 00:00:00-04:00,27.855257731898448,28.18592615972748,27.696595724473625,28.112773895263672,29895854,0.0,0.0
2014-08-11 00:00:00-04:00,28.173076467372752,28.197789534787532,27.9758616139592,28.068784713745117,24294518,0.0,0.0
2014-08-12 00:00:00-04:00,27.90270810768182,27.970918137025215,27.72279297664853,27.814233779907227,30840441,0.0,0.0
2014-08-13 00:00:00-04:00,28.040610732053086,28.42070718693435,27.963503166185,28.409832000732422,28784812,0.0,0.0
2014-08-14 00:00:00-04:00,28.479031434846448,28.564045822452563,28.217066495690375,28.40340805053711,19709966,0.0,0.0
2014-08-15 00:00:00-04:00,28.562067559789497,28.637197475232306,28.199270819105145,28.345577239990234,30383189,0.0,0.0
2014-08-18 00:00:00-04:00,28.475571222455507,28.890760576682112,28.470133629295482,28.774606704711914,25682318,0.0,0.0
2014-08-19 00:00:00-04:00,28.914979867381593,29.03064027086497,28.865551843576284,29.006914138793945,19573592,0.0,0.0
2014-08-20 00:00:00-04:00,28.95847780541894,28.99900640404759,28.794871665041413,28.889772415161133,20734771,0.0,0.0
2014-08-21 00:00:00-04:00,28.856655460178512,28.89026417106425,28.724188813532052,28.83441162109375,18296094,0.0,0.0
2014-08-22 00:00:00-04:00,28.845286688001085,28.926644498090923,28.699475629184455,28.794376373291016,15781209,0.0,0.0
2014-08-25 00:00:00-04:00,28.901140754316792,28.914980525670195,28.618416157444862,28.6777286529541,27228551,0.0,0.0
2014-08-26 00:00:00-04:00,28.730118122089706,28.756808836685067,28.49879922582291,28.56206512451172,32793789,0.0,0.0
2014-08-27 00:00:00-04:00,28.532906447435952,28.593207768214448,28.178661239361013,28.222997665405273,34067276,0.0,0.0
2014-08-28 00:00:00-04:00,28.151820644361045,28.334206883571536,28.030229187994387,28.13402557373047,25858801,0.0,0.0
2014-08-29 00:00:00-04:00,28.23930489554626,28.274397786684144,28.028696500388556,28.252649307250977,21675347,0.0,0.0
2014-09-02 00:00:00-04:00,28.265010932188897,28.560586480667048,28.23238915359166,28.535873413085938,31568434,0.0,0.0
2014-09-03 00:00:00-04:00,28.667843528751042,28.81563225198371,28.42070906547129,28.566024780273438,24302540,0.0,0.0
2014-09-04 00:00:00-04:00,28.667837898971094,28.964402221754366,28.629285066399348,28.765705108642578,29163850,0.0,0.0
2014-09-05 00:00:00-04:00,28.864562609690534,28.99158976582556,28.7642242776558,28.968358993530273,32647388,0.0,0.0
2014-09-08 00:00:00-04:00,28.99406213988233,29.24960064620606,28.97923354421139,29.14827537536621,28620362,0.0,0.0
2014-09-09 00:00:00-04:00,29.1077467441006,29.112688979412898,28.667842425006295,28.71776580810547,25744488,0.0,0.0
2014-09-10 00:00:00-04:00,28.741982582770394,28.84083673269485,28.516592852127868,28.82106590270996,19547521,0.0,0.0
2014-09-11 00:00:00-04:00,28.685636883385907,28.757306856597225,28.482984442447425,28.734569549560547,24420864,0.0,0.0
2014-09-12 00:00:00-04:00,28.71726947372666,28.74890242351797,28.394014418758665,28.45134925842285,32033708,0.0,0.0
2014-09-15 00:00:00-04:00,28.318888774042787,28.418238296668246,28.08509683120588,28.326797485351562,31951483,0.0,0.0
2014-09-16 00:00:00-04:00,28.309987554549124,28.74198312847339,28.30504531962881,28.665369033813477,29607064,0.0,0.0
2014-09-17 00:00:00-04:00,28.66833412871022,29.039533010660094,28.607291669278784,28.903608322143555,33856699,0.0,0.0
2014-09-18 00:00:00-04:00,29.01383142493869,29.139376287527995,28.914977276863606,29.12603187561035,28891103,0.0,0.0
2014-09-19 00:00:00-04:00,29.23625835099898,29.482405872383335,29.13740419049832,29.462635040283203,74732617,0.0,0.0
2014-09-22 00:00:00-04:00,29.350926030542535,29.357301399862287,28.83885833308619,29.032119750976562,33790518,0.0,0.0
2014-09-23 00:00:00-04:00,29.006418416107874,29.006418416107874,28.71726932056178,28.72369384765625,29428575,0.0,0.0
2014-09-24 00:00:00-04:00,28.7400073045941,29.14382800564062,28.693545755761,29.062767028808594,34562632,0.0,0.0
2014-09-25 00:00:00-04:00,29.04102199226877,29.06227511745774,28.38017855414716,28.423673629760742,38519466,0.0,0.0
2014-09-26 00:00:00-04:00,28.473098020282784,28.63077119426798,28.40389916941813,28.52450180053711,28873054,0.0,0.0
2014-09-29 00:00:00-04:00,28.260065634254182,28.57837656539414,28.23139726893222,28.487926483154297,25648224,0.0,0.0
2014-09-30 00:00:00-04:00,28.51610039257695,28.66042726749877,28.314436785197582,28.537353515625,32434806,0.0,0.0
2014-10-01 00:00:00-04:00,28.470624074948127,28.54822509551591,28.025777604738842,28.088056564331055,28909153,0.0,0.0
2014-10-02 00:00:00-04:00,28.040611037894784,28.267976546615827,27.843396189162217,28.17752456665039,23568530,0.0,0.0
2014-10-03 00:00:00-04:00,28.324320812236973,28.530678958661838,28.29713474061259,28.43454360961914,22834521,0.0,0.0
2014-10-06 00:00:00-04:00,28.608527569076273,28.717268073864467,28.393024209602615,28.53685760498047,24292512,0.0,0.0
2014-10-07 00:00:00-04:00,28.391049237449533,28.43405084182731,27.864152908325195,27.864152908325195,38226664,0.0,0.0
2014-10-08 00:00:00-04:00,27.954607660621907,28.365348244460165,27.555233839609194,28.297138214111328,39817018,0.0,0.0
2014-10-09 00:00:00-04:00,28.231894856657963,28.24721692029439,27.632835066290458,27.722793579101562,50496258,0.0,0.0
2014-10-10 00:00:00-04:00,27.566603201722334,27.932859896811763,26.890931189848786,26.91267967224121,61638766,0.0,0.0
2014-10-13 00:00:00-04:00,26.937394273709685,27.160312922239292,26.349704983136846,26.355140686035156,51633371,0.0,0.0
2014-10-14 00:00:00-04:00,26.636382413907572,27.046134197289984,26.353162447097013,26.588932037353516,44451708,0.0,0.0
2014-10-15 00:00:00-04:00,26.246397206646588,26.33487342376684,25.61817749524006,26.197959899902344,74387672,0.0,0.0
2014-10-16 00:00:00-04:00,25.652776536048847,26.16830424322174,25.455068215530602,25.925121307373047,74171079,0.0,0.0
2014-10-17 00:00:00-04:00,26.060548876023528,26.244912757010688,25.135269528699045,25.265758514404297,110787334,0.0,0.0
2014-10-20 00:00:00-04:00,25.180744879459745,25.78919561856557,25.114017147043512,25.74372100830078,52150788,0.0,0.0
2014-10-21 00:00:00-04:00,25.958727745710952,26.037812951907767,25.65821001233541,26.025455474853516,46725935,0.0,0.0
2014-10-22 00:00:00-04:00,26.191040617849414,26.680864524294048,26.137163826219076,26.330425262451172,58385859,0.0,0.0
2014-10-23 00:00:00-04:00,26.657140172322283,27.047614562484778,26.485627218487945,26.88747215270996,46976621,0.0,0.0
2014-10-24 00:00:00-04:00,26.90625492100315,26.931956813308407,26.48266149318597,26.67987823486328,39462046,0.0,0.0
2014-10-27 00:00:00-04:00,26.543953892908544,26.908728323479348,26.543953892908544,26.72881317138672,23706909,0.0,0.0
2014-10-28 00:00:00-04:00,26.839029371742328,27.13460297610412,26.770819351243897,27.13064956665039,25419598,0.0,0.0
2014-10-29 00:00:00-04:00,27.185024102938492,27.392125314320452,27.035753094340407,27.151906967163086,35410955,0.0,0.0
2014-10-30 00:00:00-04:00,27.133124787410413,27.323419750722923,26.864239964884085,27.200345993041992,29113713,0.0,0.0
2014-10-31 00:00:00-04:00,27.647169716075947,27.658044902963375,27.41980419550319,27.633825302124023,40701440,0.0,0.0
2014-11-03 00:00:00-05:00,27.45687680507564,27.575501801589883,27.34467633659932,27.443037033081055,27645693,0.0,0.0
2014-11-04 00:00:00-05:00,27.33330841816233,27.45687754420051,27.150426792270366,27.388172149658203,24884132,0.0,0.0
2014-11-05 00:00:00-05:00,27.52112993514182,27.52112993514182,26.890930660189447,26.983360290527344,40645286,0.0,0.0
2014-11-06 00:00:00-05:00,26.962597780908975,27.031055483389604,26.738692238653925,26.791580200195312,26665008,0.0,0.0
2014-11-07 00:00:00-05:00,26.99769195364344,26.99769195364344,26.62501075985052,26.740671157836914,32675465,0.0,0.0
2014-11-10 00:00:00-05:00,26.76291223230627,27.164757136771275,26.74116375232104,27.060958862304688,22692131,0.0,0.0
2014-11-11 00:00:00-05:00,27.110386384618817,27.28091049753109,27.002139344564643,27.19935417175293,19310873,0.0,0.0
2014-11-12 00:00:00-05:00,27.204296630682258,27.207754682210236,26.946285148033027,27.052059173583984,22593862,0.0,0.0
2014-11-13 00:00:00-05:00,27.17513871139219,27.17513871139219,26.862756933495465,26.956668853759766,26787343,0.0,0.0
2014-11-14 00:00:00-05:00,27.020923754782498,27.020923754782498,26.79701819338239,26.90822982788086,25790614,0.0,0.0
2014-11-17 00:00:00-05:00,26.867696088777883,26.878075915702066,26.3971987645685,26.518245697021484,34520517,0.0,0.0
2014-11-18 00:00:00-05:00,26.567181901038136,26.786638697270213,26.402588831194304,26.445096969604492,39253475,0.0,0.0
2014-11-19 00:00:00-05:00,26.44361433267127,26.60375674180589,26.20043140746716,26.541975021362305,27844237,0.0,0.0
2014-11-20 00:00:00-05:00,26.258260625401142,26.449049044672172,26.249858447864323,26.435209274291992,31267610,0.0,0.0
2014-11-21 00:00:00-05:00,26.770326531410795,26.79652377989682,26.52071908733421,26.567180633544922,44485801,0.0,0.0
2014-11-24 00:00:00-05:00,26.574592849580338,26.824202173662005,26.474256409016412,26.654664993286133,34127440,0.0,0.0
2014-11-25 00:00:00-05:00,26.641325435606475,26.88747486208191,26.621652917671465,26.7441349029541,35798014,0.0,0.0
2014-11-26 00:00:00-05:00,26.734248131267737,26.767365269073473,26.544546828359618,26.709041595458984,30459397,0.0,0.0
2014-11-28 00:00:00-05:00,26.721394465540943,26.789604494032194,26.522697330961257,26.78120231628418,22966883,0.0,0.0
2014-12-01 00:00:00-05:00,26.636380695617888,26.760443277116416,26.28841255045474,26.384300231933594,42307838,0.0,0.0
2014-12-02 00:00:00-05:00,26.369966187764486,26.468326874506474,26.186591117673398,26.38182830810547,30533600,0.0,0.0
2014-12-03 00:00:00-05:00,26.267655532993537,26.492846781074366,26.15990382930628,26.2617244720459,25559983,0.0,0.0
2014-12-04 00:00:00-05:00,26.253813042721347,26.55927493931832,26.126783986095035,26.557790756225586,27842232,0.0,0.0
2014-12-05 00:00:00-05:00,26.245902111621568,26.33932055800119,25.913751416963,25.962188720703125,51312493,0.0,0.0
2014-12-08 00:00:00-05:00,26.0546183234283,26.245902092915923,25.88953180130181,26.047204971313477,46587556,0.0,0.0
2014-12-09 00:00:00-05:00,25.80797730290113,26.40357713337741,25.72691821906171,26.363046646118164,37426473,0.0,0.0
2014-12-10 00:00:00-05:00,26.348713089624333,26.50935085364858,25.97701882338115,26.001733779907227,34245764,0.0,0.0
2014-12-11 00:00:00-05:00,26.08773875593656,26.390234189487416,26.053139326999162,26.114429473876953,32216207,0.0,0.0
2014-12-12 00:00:00-05:00,25.875694051926363,26.12233691996919,25.635971069335938,25.635971069335938,39891221,0.0,0.0
2014-12-15 00:00:00-05:00,25.837631969164555,25.855425148168678,25.369554706468843,25.395751953125,56268061,0.0,0.0
2014-12-16 00:00:00-05:00,25.285037030976277,25.358682758887788,24.169956159231713,24.485795974731445,79285081,0.0,0.0
2014-12-17 00:00:00-05:00,24.565375680290856,25.059648345876344,24.555984677368563,24.95535659790039,57663883,0.0,0.0
2014-12-18 00:00:00-05:00,25.35374129264469,25.39921401434569,24.945965308348526,25.262300491333008,58534266,0.0,0.0
2014-12-19 00:00:00-05:00,25.28256386404506,25.58950803298165,25.055247530835455,25.521793365478516,73804074,0.0,0.0
2014-12-22 00:00:00-05:00,25.5084482579412,26.021504819420855,25.5084482579412,25.942914962768555,54475152,0.0,0.0
2014-12-23 00:00:00-05:00,26.04819722757323,26.421867280688886,26.01310244050833,26.22564125061035,43952341,0.0,0.0
2014-12-24 00:00:00-05:00,26.22168436198409,26.283420705731583,26.04918258478647,26.13568115234375,14118657,0.0,0.0
2014-12-26 00:00:00-05:00,26.135684531635945,26.40654703191238,26.063521083474182,26.395671844482422,20810980,0.0,0.0
2014-12-29 00:00:00-05:00,26.304725705593814,26.46734113872973,26.197023161109083,26.21278953552246,45570772,0.0,0.0
2014-12-30 00:00:00-05:00,26.102066723720977,26.253313464614024,26.05461635800028,26.21723175048828,17525986,0.0,0.0
2014-12-31 00:00:00-05:00,26.258262418584927,26.324990157571794,25.988882235676964,26.018539428710938,27364925,0.0,0.0
2015-01-02 00:00:00-05:00,26.14753986535238,26.25924684242309,25.904852331259715,25.939945220947266,28951268,0.0,0.0
2015-01-05 00:00:00-05:00,25.86333773019467,25.916225698614806,25.359180566819155,25.399215698242188,41196796,0.0,0.0
2015-01-06 00:00:00-05:00,25.45506599545844,25.513143873052424,24.76555616077282,24.81053352355957,57998800,0.0,0.0
2015-01-07 00:00:00-05:00,25.059648490828717,25.07170913266238,24.696358287496704,24.768028259277344,41301082,0.0,0.0
2015-01-08 00:00:00-05:00,24.61430847087619,24.885664403893614,24.268811448574496,24.84612274169922,67071641,0.0,0.0
2015-01-09 00:00:00-05:00,24.948933394397702,24.956840214672543,24.45614299504929,24.52435302734375,41427428,0.0,0.0
2015-01-12 00:00:00-05:00,24.463560009487576,24.514767171700647,24.09878555123715,24.345428466796875,46535413,0.0,0.0
2015-01-13 00:00:00-05:00,24.656319136933888,24.860947315781882,24.33751285847737,24.524843215942383,47409807,0.0,0.0
2015-01-14 00:00:00-05:00,24.449222798091103,24.87330780180532,24.367666462597523,24.75666046142578,44714427,0.0,0.0
2015-01-15 00:00:00-05:00,24.988966663475427,24.99440425635342,24.602939164076478,24.80213165283203,54316718,0.0,0.0
2015-01-16 00:00:00-05:00,24.71415290848215,25.11846898067209,24.713657550535046,25.1130313873291,45965854,0.0,0.0
2015-01-20 00:00:00-05:00,25.257359012949674,25.33149821254548,25.01101297945733,25.054706573486328,44640224,0.0,0.0
2015-01-21 00:00:00-05:00,25.072004859042398,25.666615839785134,25.020105720670564,25.60532569885254,45374234,0.0,0.0
2015-01-22 00:00:00-05:00,25.775355605843522,26.509351255954503,25.687376636329965,26.413461685180664,53538588,0.0,0.0
2015-01-23 00:00:00-05:00,26.47277670116455,26.798007542482853,26.344758817770586,26.688278198242188,45634948,0.0,0.0
2015-01-26 00:00:00-05:00,26.618094366823986,26.641325142913544,26.18016956417141,26.453994750976562,30874534,0.0,0.0
2015-01-27 00:00:00-05:00,26.194992166179492,26.23107577423636,25.61273867195928,25.63448715209961,38080263,0.0,0.0
2015-01-28 00:00:00-05:00,25.839611136427,25.849990964125233,25.207929611206055,25.207929611206055,33676205,0.0,0.0
2015-01-29 00:00:00-05:00,25.25735724022414,25.261804117158082,24.772969069849484,25.240550994873047,83727244,0.0,0.0
2015-01-30 00:00:00-05:00,25.49757460402871,26.684323584930304,25.4807683580654,26.41988754272461,112127002,0.0,0.0
2015-02-02 00:00:00-05:00,26.281987109470915,26.34475954876345,25.63053469289807,26.121349334716797,56996054,0.0,0.0
2015-02-03 00:00:00-05:00,26.097622513488528,26.36452968559854,25.863337119005394,26.158912658691406,40773638,0.0,0.0
2015-02-04 00:00:00-05:00,26.158913571937394,26.328549090334324,25.764979218366236,25.838624954223633,33273101,0.0,0.0
2015-02-05 00:00:00-05:00,25.8895338512226,26.122336948615924,25.805506400539986,26.076862335205078,36995292,0.0,0.0
2015-02-06 00:00:00-05:00,26.079827662090292,26.55235183084702,26.019030988032515,26.24590301513672,35270570,0.0,0.0
2015-02-09 00:00:00-05:00,26.097622224936735,26.29533242955611,25.999756893138166,26.08922004699707,25355423,0.0,0.0
2015-02-10 00:00:00-05:00,26.161875868351537,26.57706709175026,26.044239710041868,26.539501190185547,34997823,0.0,0.0
2015-02-11 00:00:00-05:00,26.458440940229845,26.614138362261208,26.363441879302243,26.491558074951172,27555446,0.0,0.0
2015-02-12 00:00:00-05:00,26.554826239605994,26.928989743585365,26.427451188377386,26.8355712890625,32404724,0.0,0.0
2015-02-13 00:00:00-05:00,26.856331226753305,27.18057322024133,26.84545604119954,27.136089324951172,38006060,0.0,0.0
2015-02-17 00:00:00-05:00,27.02833626954018,27.185020610910314,26.744622885264903,26.83112144470215,32336537,0.0,0.0
2015-02-18 00:00:00-05:00,26.759949845364748,26.962106927555034,26.56767534286834,26.675922393798828,29061570,0.0,0.0
2015-02-19 00:00:00-05:00,26.593871214112824,26.844467482042845,26.592388921769533,26.832605361938477,19782163,0.0,0.0
2015-02-20 00:00:00-05:00,26.845458932747487,26.876104951806564,26.483155641476262,26.638853073120117,28887092,0.0,0.0
2015-02-23 00:00:00-05:00,26.49551029798582,26.51473850334254,26.16731300366365,26.290882110595703,29157834,0.0,0.0
2015-02-24 00:00:00-05:00,26.19647679493131,26.532089357354053,26.109980115223365,26.49748992919922,20101036,0.0,0.0
2015-02-25 00:00:00-05:00,26.488098081956885,26.99818817066296,26.465608454372823,26.882034301757812,36519991,0.0,0.0
2015-02-26 00:00:00-05:00,26.849413671713865,27.488508602285158,26.764892750784405,27.45588493347168,46230579,0.0,0.0
2015-02-27 00:00:00-05:00,27.394593185924332,27.912096583413256,27.328358922221724,27.600210189819336,48203982,0.0,0.0
2015-03-02 00:00:00-05:00,27.70549174539727,28.27983653428861,27.617510889683146,28.23980140686035,42592618,0.0,0.0
2015-03-03 00:00:00-05:00,28.195811928469897,28.4399817830484,28.001561672714697,28.353485107421875,34095352,0.0,0.0
2015-03-04 00:00:00-05:00,28.26600020179856,28.524998674903788,28.07521176259594,28.34014129638672,37536775,0.0,0.0
2015-03-05 00:00:00-05:00,28.42169539332688,28.564541878007706,28.342118596988794,28.43701934814453,27792094,0.0,0.0
2015-03-06 00:00:00-05:00,28.414774149276663,28.503743835567324,28.013424571819343,28.059144973754883,33182854,0.0,0.0
2015-03-09 00:00:00-04:00,28.018365254383113,28.186913614547333,27.854021764298707,28.116727828979492,21242161,0.0,0.0
2015-03-10 00:00:00-04:00,27.88936399780952,27.919019299577375,27.41881556342129,27.432655334472656,35846146,0.0,0.0
2015-03-11 00:00:00-04:00,27.439081642401334,27.587363832898895,27.218636007127532,27.243349075317383,36415706,0.0,0.0
2015-03-12 00:00:00-04:00,27.358512791582815,27.49987318874984,27.207757610439934,27.457366943359375,27792094,0.0,0.0
2015-03-13 00:00:00-04:00,27.358016977207683,27.60021106302843,26.89933258621032,27.05255699157715,34071287,0.0,0.0
2015-03-16 00:00:00-04:00,27.231978190903178,27.523600312513214,26.98731297475538,27.407939910888672,32819860,0.0,0.0
2015-03-17 00:00:00-04:00,27.26954312247505,27.372846041998983,27.08616805637258,27.22654151916504,36110871,0.0,0.0
2015-03-18 00:00:00-04:00,27.308592478560385,27.66842465651405,27.036743057982882,27.654584884643555,42690887,0.0,0.0
2015-03-19 00:00:00-04:00,27.64914538920611,27.718837711040102,27.488753410200033,27.57994842529297,23945563,0.0,0.0
2015-03-20 00:00:00-04:00,27.760851391519264,27.764311334125466,27.63234004786573,27.69708824157715,52337299,0.0,0.0
2015-03-23 00:00:00-04:00,27.700551718990052,27.795945934595093,27.473184318613164,27.6204776763916,32876014,0.0,0.0
2015-03-24 00:00:00-04:00,27.805826759894746,28.400437706241647,27.739100920715632,28.18295669555664,51665459,0.0,0.0
2015-03-25 00:00:00-04:00,28.19828296785264,28.28527500114791,27.617018275926863,27.61924171447754,43045859,0.0,0.0
2015-03-26 00:00:00-04:00,27.56017320548851,27.624923286319902,27.21714732978438,27.440561294555664,31452115,0.0,0.0
2015-03-27 00:00:00-04:00,27.333303997296795,27.445997917859895,27.092592203043115,27.10297203063965,37949906,0.0,0.0
2015-03-30 00:00:00-04:00,27.265096054125056,27.35653685926525,27.094571922597382,27.285362243652344,25750504,0.0,0.0
2015-03-31 00:00:00-04:00,27.185022441857317,27.41782553121182,27.0229004970666,27.08616828918457,31760961,0.0,0.0
2015-04-01 00:00:00-04:00,27.115825668887165,27.241370546942278,26.666036876387615,26.817285537719727,39261497,0.0,0.0
2015-04-02 00:00:00-04:00,26.73276039752969,26.73276039752969,26.386620582275242,26.469806671142578,34327989,0.0,0.0
2015-04-06 00:00:00-04:00,26.306204663383507,26.612160015736087,26.175222201679784,26.530851364135742,26488525,0.0,0.0
2015-04-07 00:00:00-04:00,26.59584962209994,26.82370859075602,26.493040166681933,26.543455123901367,26057345,0.0,0.0
2015-04-08 00:00:00-04:00,26.61067767752827,26.88104477807044,26.61067767752827,26.770326614379883,23570536,0.0,0.0
2015-04-09 00:00:00-04:00,26.741658947735377,26.78713356082851,26.467833788095213,26.72930335998535,31157308,0.0,0.0
2015-04-10 00:00:00-04:00,26.803938052155676,26.803938052155676,26.557790542236702,26.69124412536621,28189181,0.0,0.0
2015-04-13 00:00:00-04:00,26.61216094808225,26.891425594380078,26.557790689368407,26.64972496032715,32906096,0.0,0.0
2015-04-14 00:00:00-04:00,26.50539610083597,26.570639650146763,26.10216910984658,26.21575164794922,52082601,0.0,0.0
2015-04-15 00:00:00-04:00,26.132221347289818,26.43026799781558,25.861360771287718,26.3215274810791,46376979,0.0,0.0
2015-04-16 00:00:00-04:00,26.191534153124973,26.472776451321646,26.177200914831513,26.384300231933594,25997180,0.0,0.0
2015-04-17 00:00:00-04:00,26.13024084304147,26.18856450500062,25.752122084001265,25.902381896972656,43037837,0.0,0.0
2015-04-20 00:00:00-04:00,25.979000986622257,26.497493336322556,25.924630719770597,26.462400436401367,33585958,0.0,0.0
2015-04-21 00:00:00-04:00,26.56767501515787,26.660600001456544,26.378121202235008,26.392704010009766,36895018,0.0,0.0
2015-04-22 00:00:00-04:00,26.41395643570983,26.74413138745945,26.282973973590355,26.65936279296875,31871263,0.0,0.0
2015-04-23 00:00:00-04:00,26.74017878784517,27.23247380964257,26.702119417736938,27.036741256713867,83697161,0.0,0.0
2015-04-24 00:00:00-04:00,27.980805185399706,28.229919193890833,27.543373850670967,27.929401397705078,98650102,0.0,0.0
2015-04-27 00:00:00-04:00,27.92330657878164,28.05018815072449,27.418258971080242,27.52581024169922,47960000,0.0,1.0027455
2015-04-28 00:00:00-04:00,27.48962985168284,27.558027051563748,27.277796297064942,27.442049026489258,29820000,0.0,0.0
2015-04-29 00:00:00-04:00,27.282954300170868,27.44205116060797,27.106260889844425,27.214061737060547,33976000,0.0,0.0
2015-04-30 00:00:00-04:00,27.15408999524358,27.18977656303881,26.518693255333254,26.632192611694336,41644000,0.0,0.0
2015-05-01 00:00:00-04:00,26.686213644907433,26.74122862226102,26.37248004475889,26.65994644165039,35364000,0.0,0.0
2015-05-04 00:00:00-04:00,26.69116876489958,26.965748270724326,26.51918505536807,26.802684783935547,26160000,0.0,0.0
2015-05-05 00:00:00-04:00,26.675312712097043,26.7511440725973,26.287780200834003,26.30805206298828,27662000,0.0,0.0
2015-05-06 00:00:00-04:00,26.329860120303014,26.386361178947926,25.826548069751343,25.9819278717041,31340000,0.0,0.0
2015-05-07 00:00:00-04:00,25.970526284988633,26.439889284671636,25.859505602931417,26.3030948638916,30926000,0.0,0.0
2015-05-08 00:00:00-04:00,26.597995160943054,26.821029129281648,26.020585523655136,26.67580795288086,30552000,0.0,0.0
2015-05-11 00:00:00-04:00,26.68324526317637,26.862167804299872,26.53604264800368,26.55091094970703,18106000,0.0,0.0
2015-05-12 00:00:00-04:00,26.347701060172568,26.4274480159327,26.033472076546158,26.2208194732666,32684000,0.0,0.0
2015-05-13 00:00:00-04:00,26.296153345612108,26.482610217358367,26.201736617991017,26.24956512451172,25046000,0.0,0.0
2015-05-14 00:00:00-04:00,26.455249340969154,26.71446520402294,26.387844746333553,26.68472671508789,28078000,0.0,0.0
2015-05-15 00:00:00-04:00,26.723388433791104,26.72804706720581,26.287233333734648,26.459217071533203,39426000,0.0,0.0
2015-05-18 00:00:00-04:00,26.36801994158733,26.50729113765365,26.21139987507079,26.38239288330078,40068000,0.0,0.0
2015-05-19 00:00:00-04:00,26.46566080539453,26.79674330635914,26.419072580041366,26.6331844329834,39338000,0.0,0.0
2015-05-20 00:00:00-04:00,26.689189337201785,26.908753902328787,26.415700713158163,26.727848052978516,28616000,0.0,0.0
2015-05-21 00:00:00-04:00,26.662423560750227,26.954350072996437,26.564785114959545,26.888431549072266,29254000,0.0,0.0
2015-05-22 00:00:00-04:00,26.771463090566687,26.971697344696047,26.7397431683571,26.769481658935547,23524000,0.0,0.0
2015-05-26 00:00:00-04:00,26.670851113620014,26.71446718916339,26.262451199020425,26.383384704589844,48130000,0.0,0.0
2015-05-27 00:00:00-04:00,26.407174019412178,26.791288145314645,26.353151648499253,26.753620147705078,30500000,0.0,0.0
2015-05-28 00:00:00-04:00,26.6653967335233,26.794261629775278,26.578166478551356,26.753124237060547,20596000,0.0,0.0
2015-05-29 00:00:00-04:00,26.633678257060822,26.696127386349133,26.34026566471678,26.372976303100586,51948000,0.0,0.0
2015-06-01 00:00:00-04:00,26.60493182921798,26.60493182921798,26.25650426475912,26.466154098510742,38086000,0.0,0.0
2015-06-02 00:00:00-04:00,26.413617912664087,26.91271747165916,26.334317162214504,26.723386764526367,38780000,0.0,0.0
2015-06-03 00:00:00-04:00,26.759568472988594,26.93749838414888,26.6207907428132,26.77939224243164,34340000,0.0,0.0
2015-06-04 00:00:00-04:00,26.65300777735702,26.79326968984222,26.482510126262596,26.6004695892334,26966000,0.0,0.0
2015-06-05 00:00:00-04:00,26.58312437132449,26.625254374331313,26.393298296204975,26.43344497680664,27764000,0.0,0.0
2015-06-08 00:00:00-04:00,26.432455846045045,26.472600638374985,26.082044918184558,26.111286163330078,30412000,0.0,0.0
2015-06-09 00:00:00-04:00,26.14746603972655,26.228748224608477,25.9219534002444,26.104345321655273,29106000,0.0,0.0
2015-06-10 00:00:00-04:00,26.23667782511389,26.68274382224374,26.23618246722551,26.599973678588867,36300000,0.0,0.0
2015-06-11 00:00:00-04:00,26.685966420337916,26.713473909483078,26.418077999863065,26.496883392333984,24350000,0.0,0.0
2015-06-12 00:00:00-04:00,26.347700596375237,26.423036596358244,26.276329350494635,26.383882522583008,19116000,0.0,0.0
2015-06-15 00:00:00-04:00,26.16927475414848,26.1841449461355,25.971023804220515,26.12962532043457,32654000,0.0,0.0
2015-06-16 00:00:00-04:00,26.189099732654707,26.250558149452086,26.04834055982052,26.176708221435547,21436000,0.0,0.0
2015-06-17 00:00:00-04:00,26.237178411965854,26.316974533514518,26.025543329353106,26.231725692749023,25884000,0.0,0.0
2015-06-18 00:00:00-04:00,26.31796032135035,26.67233595574398,26.307552133532102,26.601957321166992,36662000,0.0,0.0
2015-06-19 00:00:00-04:00,26.625747414216423,26.677292994792577,26.417581769679323,26.599973678588867,37870000,0.0,0.0
2015-06-22 00:00:00-04:00,26.74370814218845,26.949395116352704,26.64160769197411,26.674320220947266,25006000,0.0,0.0
2015-06-23 00:00:00-04:00,26.746188061366812,26.838324637240365,26.52860681520198,26.78782081604004,23950000,0.0,0.0
2015-06-24 00:00:00-04:00,26.764024973698774,26.764024973698774,26.54892245150164,26.65696907043457,25732000,0.0,0.0
2015-06-25 00:00:00-04:00,26.70802509038631,26.808637582306257,26.52761459350586,26.52761459350586,26714000,0.0,0.0
2015-06-26 00:00:00-04:00,26.628228925648923,26.653010057455667,26.335309784079115,26.352161407470703,42182000,0.0,0.0
2015-06-29 00:00:00-04:00,26.02108083994383,26.199508014329083,25.799534836467007,25.848106384277344,38756000,0.0,0.0
2015-06-30 00:00:00-04:00,26.071137656773523,26.08253656029521,25.79754884682127,25.798044204711914,44344000,0.0,0.0
2015-07-01 00:00:00-04:00,26.00720192722016,26.05478275671784,25.685043448296277,25.863964080810547,39220000,0.0,0.0
2015-07-02 00:00:00-04:00,25.82630064607854,26.003239865244506,25.82630064607854,25.941286087036133,24718000,0.0,0.0
2015-07-06 00:00:00-04:00,25.747989242657464,26.032976985511294,25.72320811081782,25.914520263671875,25610000,0.0,0.0
2015-07-07 00:00:00-04:00,25.927902229358374,26.079069589938754,25.53387713224761,26.021575927734375,31944000,0.0,0.0
2015-07-08 00:00:00-04:00,25.824812289744084,25.908276324702594,25.579971219111123,25.61565589904785,25934000,0.0,0.0
2015-07-09 00:00:00-04:00,25.927406285917815,25.959621567189078,25.790116513382365,25.806472778320312,36846000,0.0,0.0
2015-07-10 00:00:00-04:00,26.084521784713402,26.39528136591524,26.04784450066255,26.274843215942383,39134000,0.0,0.0
2015-07-13 00:00:00-04:00,26.411140171624684,27.116422085003915,26.387351647255027,27.088666915893555,44130000,0.0,0.0
2015-07-14 00:00:00-04:00,27.099075983481097,28.04518506792274,27.096599193786673,27.809810638427734,64882000,0.0,0.0
2015-07-15 00:00:00-04:00,27.76173518499382,28.077599615895846,27.596194876417123,27.76619529724121,35692000,0.0,0.0
2015-07-16 00:00:00-04:00,28.009051756796143,28.78025215485729,28.00310368068777,28.73911476135254,95366000,0.0,0.0
2015-07-17 00:00:00-04:00,32.16639803080918,33.42866827668335,31.968145211212228,33.352439880371094,223298000,0.0,0.0
2015-07-20 00:00:00-04:00,32.67393111204486,33.151717140870254,32.36515291491599,32.86127853393555,117218000,0.0,0.0
2015-07-21 00:00:00-04:00,32.47419038683539,33.35591623980844,32.42908634152104,32.825592041015625,67544000,0.0,0.0
2015-07-22 00:00:00-04:00,32.75570148719672,33.63544581468647,32.662029682059554,32.815673828125,78586000,0.0,0.0
2015-07-23 00:00:00-04:00,32.774539105468676,32.891507867968045,31.769896434951157,31.932464599609375,60582000,0.0,0.0
2015-07-24 00:00:00-04:00,32.06726984527455,32.1252607520673,30.853968181402088,30.905513763427734,72514000,0.0,0.0
2015-07-27 00:00:00-04:00,30.77863350053108,31.43782254914477,30.75385236960345,31.088899612426758,53508000,0.0,0.0
2015-07-28 00:00:00-04:00,31.364960485606193,31.364960485606193,30.893120790792317,31.12557029724121,34546000,0.0,0.0
2015-07-29 00:00:00-04:00,31.165226166560423,31.391232272640437,30.860412774756092,31.320358276367188,31502000,0.0,0.0
2015-07-30 00:00:00-04:00,31.224699747638645,31.483418370770725,30.830674682158648,31.35306739807129,29484000,0.0,0.0
2015-07-31 00:00:00-04:00,31.29310050517172,31.36893186695552,31.001669320951187,31.007122039794922,34122000,0.0,0.0
2015-08-03 00:00:00-04:00,30.99373786612799,31.376165526067485,30.99373786612799,31.284671783447266,26090000,0.0,0.0
2015-08-04 00:00:00-04:00,31.14638930982037,31.463096944325482,31.083940183393867,31.18752670288086,29818000,0.0,0.0
2015-08-05 00:00:00-04:00,31.439311998490417,32.109901914060394,31.38132486435186,31.907682418823242,46686000,0.0,0.0
2015-08-06 00:00:00-04:00,31.96814818486099,31.9869339732486,31.33621891795834,31.853160858154297,31452000,0.0,0.0
2015-08-07 00:00:00-04:00,31.73173238119741,31.853159355481765,31.21032846272079,31.487384796142578,28078000,0.0,0.0
2015-08-10 00:00:00-04:00,31.694562263594015,31.890831785538243,31.286608511805365,31.409574508666992,36184000,0.0,0.0
2015-08-11 00:00:00-04:00,33.167570012887644,33.450079058056446,32.427596045880335,32.75025177001953,100584000,0.0,0.0
2015-08-12 00:00:00-04:00,32.86424169233359,32.95940334193755,32.329455607197325,32.689781188964844,58734000,0.0,0.0
2015-08-13 00:00:00-04:00,32.67798999201099,32.93462701454811,32.29828865589225,32.53564453125,36214000,0.0,0.0
2015-08-14 00:00:00-04:00,32.46427422230582,32.70440560781805,32.347800820054815,32.568851470947266,21442000,0.0,0.0
2015-08-17 00:00:00-04:00,32.552994605867546,32.77999334857224,32.27742431096413,32.75471496582031,21034000,0.0,0.0
2015-08-18 00:00:00-04:00,32.805763362874394,32.909845248620336,32.387450606810994,32.51978302001953,29122000,0.0,0.0
2015-08-19 00:00:00-04:00,32.543073942328725,33.05852591495291,32.42362463878525,32.75619125366211,42682000,0.0,0.0
2015-08-20 00:00:00-04:00,32.48657770671587,32.859790232548555,31.864067774622697,32.0588493347168,57106000,0.0,0.0
2015-08-21 00:00:00-04:00,31.70942772852047,31.72280806435399,30.34892342432902,30.35635757446289,85304000,0.0,0.0
2015-08-24 00:00:00-04:00,28.39960569763722,29.704599525393824,28.00558065699136,29.22284698486328,115406000,0.0,0.0
2015-08-25 00:00:00-04:00,30.47679297774844,30.60268194212682,28.80156260377616,28.848648071289062,70760000,0.0,0.0
2015-08-26 00:00:00-04:00,30.25078910633624,31.309455997432767,29.690726452335298,31.15630531311035,84718000,0.0,0.0
2015-08-27 00:00:00-04:00,31.690591636331337,31.898261928038927,30.828196219798198,31.60187530517578,69826000,0.0,0.0
2015-08-28 00:00:00-04:00,31.364471399147348,31.565696385263823,30.9550807436105,31.2435359954834,39574000,0.0,0.0
2015-08-31 00:00:00-04:00,31.10277481096345,31.512165415163405,30.61408345947115,30.642333984375,43534000,0.0,0.0
2015-09-01 00:00:00-04:00,29.85477826308862,30.3751895514725,29.44538764621511,29.62827491760254,74042000,0.0,0.0
2015-09-02 00:00:00-04:00,30.014869021149014,30.448545455932617,29.723439727510865,30.448545455932617,51512000,0.0,0.0
2015-09-03 00:00:00-04:00,30.580383559363685,30.71469929749002,29.877629460081142,30.04758071899414,35192000,0.0,0.0
2015-09-04 00:00:00-04:00,29.737810845120244,29.909794578342918,29.50238726553468,29.772504806518555,41780000,0.0,0.0
2015-09-08 00:00:00-04:00,30.35685567809522,30.54618640739059,29.94201229072023,30.464406967163086,45590000,0.0,0.0
2015-09-09 00:00:00-04:00,30.789536650379492,31.052220021921435,30.213613151990774,30.368249893188477,34042000,0.0,0.0
2015-09-10 00:00:00-04:00,30.387085184832312,30.93525163173175,30.304315040513963,30.795978546142578,38106000,0.0,0.0
2015-09-11 00:00:00-04:00,30.716677139491,31.015542431245997,30.601196360641335,31.015047073364258,27470000,0.0,0.0
2015-09-14 00:00:00-04:00,31.011578374958077,31.019507882602078,30.70081881501565,30.8896541595459,34046000,0.0,0.0
2015-09-15 00:00:00-04:00,31.061143189038695,31.655899796883755,30.91641926389538,31.479455947875977,41688000,0.0,0.0
2015-09-16 00:00:00-04:00,31.495811157962127,31.618726095154134,31.33968644285903,31.521087646484375,25730000,0.0,0.0
2015-09-17 00:00:00-04:00,31.610795466065625,32.26056511991935,31.47350570075316,31.864063262939453,45494000,0.0,0.0
2015-09-18 00:00:00-04:00,31.561232636337827,31.720329490426156,31.0770013915687,31.18752670288086,102668000,0.0,0.0
2015-09-21 00:00:00-04:00,31.442778146032325,31.546364672830652,31.023476568905114,31.49432373046875,35770000,0.0,0.0
2015-09-22 00:00:00-04:00,31.076012727244724,31.103272538454412,30.502567866673974,30.862396240234375,51258000,0.0,0.0
2015-09-23 00:00:00-04:00,30.830673254200924,31.17166664872894,30.729068169662455,30.846036911010742,29418000,0.0,0.0
2015-09-24 00:00:00-04:00,30.562537419408542,31.09186890701513,30.35239034771137,31.01653480529785,44802000,0.0,0.0
2015-09-25 00:00:00-04:00,31.213300527818934,31.213300527818934,30.28300139066055,30.331077575683594,43480000,0.0,0.0
2015-09-28 00:00:00-04:00,30.250288540402103,30.461673997262388,29.21144748986983,29.484539031982422,62554000,0.0,0.0
2015-09-29 00:00:00-04:00,29.602998291446877,29.985624454454772,29.253082765850714,29.488508224487305,46190000,0.0,0.0
2015-09-30 00:00:00-04:00,29.900376508783246,30.171982008792273,29.773992176503803,30.15513038635254,48268000,0.0,0.0
2015-10-01 00:00:00-04:00,30.15265271777199,30.337026062049958,29.730375234620833,30.29737663269043,37352000,0.0,0.0
2015-10-02 00:00:00-04:00,30.09466856249839,31.092867828465682,29.892946315115363,31.071556091308594,53696000,0.0,0.0
2015-10-05 00:00:00-04:00,31.323828916996302,31.86951862758406,31.076013817796458,31.79319190979004,36072000,0.0,0.0
2015-10-06 00:00:00-04:00,31.662838148591256,32.178791242866694,31.54834807510513,31.989953994750977,43326000,0.0,0.0
2015-10-07 00:00:00-04:00,32.17829658317552,32.24614549517742,31.331262870267636,31.83730125427246,41854000,0.0,0.0
2015-10-08 00:00:00-04:00,31.787736826614154,31.94088560875111,31.00464026386581,31.67869758605957,43642000,0.0,0.0
2015-10-09 00:00:00-04:00,31.720331321105867,32.0172133130505,31.48827693347521,31.899253845214844,32974000,0.0,0.0
2015-10-12 00:00:00-04:00,31.823916065340484,32.141614416179955,31.671262644920933,32.0509147644043,25504000,0.0,0.0
2015-10-13 00:00:00-04:00,31.87645777898046,32.60314788602225,31.87645777898046,32.329959869384766,36154000,0.0,0.0
2015-10-14 00:00:00-04:00,32.375057850976454,32.68135920127251,32.15896457954985,32.27345275878906,28310000,0.0,0.0
2015-10-15 00:00:00-04:00,32.446926239670354,32.866725052045446,32.4370115187598,32.79783248901367,37714000,0.0,0.0
2015-10-16 00:00:00-04:00,32.915299241947686,32.95792271375746,32.5728178309041,32.82063293457031,32222000,0.0,0.0
2015-10-19 00:00:00-04:00,32.77007144016691,33.04960831902391,32.6907725847525,33.01392364501953,29546000,0.0,0.0
2015-10-20 00:00:00-04:00,32.91183007664519,32.94553332617779,31.92825331882811,32.22984313964844,49964000,0.0,0.0
2015-10-21 00:00:00-04:00,32.42164827890297,32.50689521677086,31.806073424866916,31.84969139099121,35822000,0.0,0.0
2015-10-22 00:00:00-04:00,32.05240656328502,32.60255642961929,31.919083420888885,32.304683685302734,81420000,0.0,0.0
2015-10-23 00:00:00-04:00,36.057090248242254,36.180997774868516,34.76845272760065,34.79323196411133,133078000,0.0,0.0
2015-10-26 00:00:00-04:00,34.77093288450111,35.64324301521567,34.75655994277987,35.3275260925293,54332000,0.0,0.0
2015-10-27 00:00:00-04:00,35.059887515546876,35.36916102327362,34.91962559496944,35.11490249633789,44916000,0.0,0.0
2015-10-28 00:00:00-04:00,35.05740656768439,35.337435017697295,34.84676225148131,35.3359489440918,43578000,0.0,0.0
2015-10-29 00:00:00-04:00,35.21452493771692,35.59913065061805,35.19023727469164,35.532718658447266,29120000,0.0,0.0
2015-10-30 00:00:00-04:00,35.473737357515546,35.58624788720972,35.19221902636,35.229888916015625,38176000,0.0,0.0
2015-11-02 00:00:00-05:00,35.24228000690058,35.76566534166486,34.98405484487909,35.740386962890625,37726000,0.0,0.0
2015-11-03 00:00:00-05:00,35.628868213015444,35.915835455916415,35.4236766137431,35.79242706298828,31308000,0.0,0.0
2015-11-04 00:00:00-05:00,35.78449599219379,36.334645771575815,35.77954241317812,36.08732604980469,34134000,0.0,0.0
2015-11-05 00:00:00-05:00,36.15473519822296,36.65086075197428,36.15473519822296,36.242958068847656,37232000,0.0,0.0
2015-11-06 00:00:00-05:00,36.255347771240835,36.449138593369184,36.032807283350394,36.36735916137695,30232000,0.0,0.0
2015-11-09 00:00:00-05:00,36.19091695893912,36.414448184459076,35.65712526967264,35.927738189697266,41396000,0.0,0.0
2015-11-10 00:00:00-05:00,35.90345397613016,36.210246931330886,35.61103018304303,36.097740173339844,32160000,0.0,0.0
2015-11-11 00:00:00-05:00,36.30292429825268,36.72619056889743,36.19239899495456,36.448638916015625,27328000,0.0,0.0
2015-11-12 00:00:00-05:00,36.230569266112624,36.567597975714726,36.11385007057258,36.24197006225586,36744000,0.0,0.0
2015-11-13 00:00:00-05:00,36.13986935471276,36.23800317212872,35.52330371565056,35.536685943603516,41510000,0.0,0.0
2015-11-16 00:00:00-05:00,35.467294406486175,36.155724695007635,35.255663133340214,36.129459381103516,38118000,0.0,0.0
2015-11-17 00:00:00-05:00,36.14581273172534,36.27244663216135,35.83539726632799,35.948055267333984,30218000,0.0,0.0
2015-11-18 00:00:00-05:00,36.06106087059763,36.746515205450514,36.032311205410025,36.676631927490234,33686000,0.0,0.0
2015-11-19 00:00:00-05:00,36.61418228467542,36.77575593014827,36.54925258666203,36.59782791137695,26542000,0.0,0.0
2015-11-20 00:00:00-05:00,37.000284305703936,37.564807119720655,36.825328403747854,37.499385833740234,44246000,0.0,0.0
2015-11-23 00:00:00-05:00,37.54151002870225,37.802109895468426,37.262468477733066,37.468650817871094,28290000,0.0,0.0
2015-11-24 00:00:00-05:00,37.27138469051694,37.433903669409055,36.55916594009627,37.087013244628906,46662000,0.0,0.0
2015-11-25 00:00:00-05:00,37.080071048417565,37.27138126838881,36.97697989890922,37.08056640625,22442000,0.0,0.0
2015-11-27 00:00:00-05:00,37.09593275781802,37.34127103157247,37.04785657507555,37.18514633178711,16770000,0.0,0.0
2015-11-30 00:00:00-05:00,37.113279848466796,37.41660526005682,36.73957580218402,36.80549621582031,41952000,0.0,0.0
2015-12-01 00:00:00-05:00,37.02902613287073,38.11148152227221,37.008705113721625,38.01681900024414,42692000,0.0,0.0
2015-12-02 00:00:00-05:00,38.10900928622272,38.458675305253074,37.61635496984927,37.785858154296875,44608000,0.0,0.0
2015-12-03 00:00:00-05:00,37.965762961566874,38.11370858718912,36.955671529011774,37.29814910888672,51812000,0.0,0.0
2015-12-04 00:00:00-05:00,37.325903072857564,38.08867855244843,37.17225894591558,38.00541305541992,55146000,0.0,0.0
2015-12-07 00:00:00-05:00,38.052998427782136,38.10057925767932,37.42454048070416,37.82897186279297,36246000,0.0,0.0
2015-12-08 00:00:00-05:00,37.563317072591865,37.90579847053418,37.38042789953561,37.78535842895508,36590000,0.0,0.0
2015-12-09 00:00:00-05:00,37.62675855637972,37.87754580905664,36.52799789819554,37.2520637512207,54000000,0.0,0.0
2015-12-10 00:00:00-05:00,37.313521057829526,37.46220784756317,36.866462410037265,37.14550018310547,39768000,0.0,0.0
2015-12-11 00:00:00-05:00,36.7341258251226,36.95963846906249,36.51555575494899,36.620628356933594,44488000,0.0,0.0
2015-12-14 00:00:00-05:00,36.76535043362824,37.109317889147135,35.89204956861974,37.061737060546875,48250000,0.0,0.0
2015-12-15 00:00:00-05:00,37.32095448492845,37.572732441128686,36.825819657299974,36.84514617919922,53324000,0.0,0.0
2015-12-16 00:00:00-05:00,37.17225928167209,37.69713064495258,36.64862442237772,37.57322311401367,39866000,0.0,0.0
2015-12-17 00:00:00-05:00,37.78783016857195,37.800717035761274,37.122696904233116,37.14400863647461,31068000,0.0,0.0
2015-12-18 00:00:00-05:00,36.99929133787327,37.37696207263929,36.584945207806065,36.64243698120117,62974000,0.0,0.0
2015-12-21 00:00:00-05:00,36.98045298746484,37.17226237558757,36.67663221057973,37.061737060546875,30514000,0.0,0.0
2015-12-22 00:00:00-05:00,37.2540397108125,37.4126412034384,36.950714308898505,37.17226028442383,27308000,0.0,0.0
2015-12-23 00:00:00-05:00,37.34424212354065,37.38091751155726,36.874881103068304,37.1876220703125,31318000,0.0,0.0
2015-12-24 00:00:00-05:00,37.1499605501779,37.23917413263331,37.00474127239985,37.092960357666016,10544000,0.0,0.0
2015-12-28 00:00:00-05:00,37.316988192351964,37.81608966947138,37.148475742724344,37.79229736328125,30306000,0.0,0.0
2015-12-29 00:00:00-05:00,37.99947057673662,38.658164282062074,37.98658370772345,38.49064254760742,35300000,0.0,0.0
2015-12-30 00:00:00-05:00,38.49064063980449,38.54020290030438,38.00987877210357,38.21308517456055,25866000,0.0,0.0
2015-12-31 00:00:00-05:00,38.138742313104174,38.138742313104174,37.585620341875604,37.61238479614258,30018000,0.0,0.0
2016-01-04 00:00:00-05:00,36.82532162799609,36.87785603403571,36.24335173225523,36.767826080322266,65456000,0.0,0.0
2016-01-05 00:00:00-05:00,36.99631766001788,37.27139259491101,36.60923131923561,36.80451202392578,39014000,0.0,0.0
2016-01-06 00:00:00-05:00,36.18100805845953,37.03250197298482,36.12747914471856,36.856056213378906,38940000,0.0,0.0
2016-01-07 00:00:00-05:00,36.19636902016878,36.60229028350916,35.63878503344227,36.00208282470703,59274000,0.0,0.0
2016-01-08 00:00:00-05:00,36.25286439780986,36.34108725721312,35.33842997918611,35.411285400390625,49018000,0.0,0.0
2016-01-11 00:00:00-05:00,35.5173551649746,35.62862162734855,34.8695631445088,35.48860549926758,41812000,0.0,0.0
2016-01-12 00:00:00-05:00,35.768634392255244,36.11904525260475,35.55238988637611,35.9862174987793,40490000,0.0,0.0
2016-01-13 00:00:00-05:00,36.223134019543465,36.41593414404551,34.62522268113223,34.72187042236328,50034000,0.0,0.0
2016-01-14 00:00:00-05:00,34.9607617136645,35.780779465293946,34.15387661866478,35.42367935180664,44516000,0.0,0.0
2016-01-15 00:00:00-05:00,34.31198666056267,35.02817604217277,33.96901362412435,34.419044494628906,72162000,0.0,0.0
2016-01-19 00:00:00-05:00,34.85767374545115,35.18875436432236,34.367496251912456,34.782833099365234,45362000,0.0,0.0
2016-01-20 00:00:00-05:00,34.129586064412024,35.03361417203492,33.36879200756251,34.617286682128906,68900000,0.0,0.0
2016-01-21 00:00:00-05:00,34.802159012434124,35.645224112545804,34.41953096369695,35.020729064941406,48244000,0.0,0.0
2016-01-22 00:00:00-05:00,35.86380009541833,36.08832201880023,35.691370162344114,35.945579528808594,40236000,0.0,0.0
2016-01-25 00:00:00-05:00,35.8628069705441,36.16514166227503,35.19023574277911,35.27251052856445,34234000,0.0,0.0
2016-01-26 00:00:00-05:00,35.38056263577436,35.60012720608414,35.015283422962426,35.340415954589844,26634000,0.0,0.0
2016-01-27 00:00:00-05:00,35.37163901504697,35.59789659202862,34.41606707138987,34.69361877441406,43884000,0.0,0.0
2016-01-28 00:00:00-05:00,35.79540323615263,36.36389263067132,35.306216486185264,36.22858428955078,53528000,0.0,0.0
2016-01-29 00:00:00-05:00,36.25683285144092,36.92395137620177,36.02239999869723,36.82284164428711,69486000,0.0,0.0
2016-02-01 00:00:00-05:00,37.195058483707264,37.56182751163079,36.83870331543385,37.271385192871094,102784000,0.0,0.0
2016-02-02 00:00:00-05:00,38.88218353607782,39.14833819566583,37.89835739135742,37.89835739135742,126962000,0.0,0.0
2016-02-03 00:00:00-05:00,38.174424157018244,38.38655075990823,35.710151173358,36.02983093261719,123420000,0.0,0.0
2016-02-04 00:00:00-05:00,35.824644602011645,36.03231301470657,34.786298757178805,35.09111404418945,103374000,0.0,0.0
2016-02-05 00:00:00-05:00,34.885919858563355,34.89186793462399,33.71028432679044,33.879791259765625,102114000,0.0,0.0
2016-02-08 00:00:00-05:00,33.1006610647174,33.90258876415764,32.86325228909353,33.838653564453125,84948000,0.0,0.0
2016-02-09 00:00:00-05:00,33.32220936324984,34.68915522089765,33.14625898564619,33.60917663574219,72178000,0.0,0.0
2016-02-10 00:00:00-05:00,34.04285482464889,34.75904032059384,33.80842194912104,33.90705490112305,52760000,0.0,0.0
2016-02-11 00:00:00-05:00,33.45504000096497,34.166268159839646,33.151120873677556,33.85699462890625,60480000,0.0,0.0
2016-02-12 00:00:00-05:00,34.211363212318425,34.38433763040211,33.63345834357653,33.82179641723633,42828000,0.0,0.0
2016-02-16 00:00:00-05:00,34.34618068889687,34.59499029203344,33.95314629399703,34.248046875,50400000,0.0,0.0
2016-02-17 00:00:00-05:00,34.599445474393605,35.17735043202495,34.26687881131228,35.11043930053711,49852000,0.0,0.0
2016-02-18 00:00:00-05:00,35.18973883368894,35.30621221543583,34.49734197683195,34.562767028808594,37664000,0.0,0.0
2016-02-19 00:00:00-05:00,34.44778280079231,34.84681439553333,34.39921125601237,34.73921585083008,31786000,0.0,0.0
2016-02-22 00:00:00-05:00,35.06335675740105,35.3503240162317,34.818513826721315,35.01428985595703,38996000,0.0,0.0
2016-02-23 00:00:00-05:00,34.76597790398513,35.110440733693224,34.375919456508555,34.488426208496094,40186000,0.0,0.0
2016-02-24 00:00:00-05:00,34.14495405856096,34.69411315379093,33.74151338466698,34.672306060791016,39272000,0.0,0.0
2016-02-25 00:00:00-05:00,34.69460878387444,34.990500068880266,34.227478689392726,34.97909927368164,32844000,0.0,0.0
2016-02-26 00:00:00-05:00,35.11936157527872,35.35974249752264,34.73673353123249,34.945396423339844,44870000,0.0,0.0
2016-02-29 00:00:00-05:00,34.7099681537909,35.233848808530794,34.57912182957413,34.58358383178711,49622000,0.0,0.0
2016-03-01 00:00:00-05:00,34.87352775678226,35.62638854980469,34.68270909361994,35.62638854980469,43028000,0.0,0.0
2016-03-02 00:00:00-05:00,35.63581015715854,35.68537241813432,35.2888667676118,35.62837600708008,32580000,0.0,0.0
2016-03-03 00:00:00-05:00,35.61994513505313,35.6581103802492,34.99247795065789,35.3096809387207,39160000,0.0,0.0
2016-03-04 00:00:00-05:00,35.4370587389929,35.511404014348784,34.992476941823796,35.233848571777344,39442000,0.0,0.0
2016-03-07 00:00:00-05:00,35.03609907088258,35.095126072883176,34.0448386985287,34.454227447509766,59702000,0.0,0.0
2016-03-08 00:00:00-05:00,34.1285983838703,34.8819545769954,33.96751631012131,34.39524841308594,41526000,0.0,0.0
2016-03-09 00:00:00-05:00,34.6182767188651,34.975626364704304,34.396730753127784,34.953819274902344,28430000,0.0,0.0
2016-03-10 00:00:00-05:00,35.09655915334817,35.508923786190906,34.86064023904069,35.329505920410156,56670000,0.0,0.0
2016-03-11 00:00:00-05:00,35.68536856110407,36.02834526890475,35.54287565819065,36.02338790893555,39416000,0.0,0.0
2016-03-14 00:00:00-04:00,36.02289793124455,36.45360220244634,35.940623137713196,36.205291748046875,34366000,0.0,0.0
2016-03-15 00:00:00-04:00,36.02834518275782,36.29449604515147,35.921782741142195,36.098228454589844,34420000,0.0,0.0
2016-03-16 00:00:00-04:00,36.00108890947788,36.551238696666324,35.908899399465824,36.48284149169922,32488000,0.0,0.0
2016-03-17 00:00:00-04:00,36.50068038693968,36.828788813665604,36.47837793792701,36.56660079956055,37216000,0.0,0.0
2016-03-18 00:00:00-04:00,36.76881794661809,36.77575673867878,36.2717017077853,36.557682037353516,59614000,0.0,0.0
2016-03-21 00:00:00-04:00,36.503159911534766,36.800537233921155,36.35526344480313,36.780216217041016,36730000,0.0,0.0
2016-03-22 00:00:00-04:00,36.55074261769919,36.92444666674494,36.55074261769919,36.713802337646484,25394000,0.0,0.0
2016-03-23 00:00:00-04:00,36.79359978360784,36.9601307877063,36.48581237194575,36.58047866821289,28642000,0.0,0.0
2016-03-24 00:00:00-04:00,36.28062392589573,36.56496694305003,36.23056630499717,36.443687438964844,31898000,0.0,0.0
2016-03-28 00:00:00-04:00,36.517534457646285,36.62657369629743,36.304908698548154,36.35595703125,26026000,0.0,0.0
2016-03-29 00:00:00-04:00,36.40850114672676,37.035968447667,36.11954862979957,36.91305160522461,38076000,0.0,0.0
2016-03-30 00:00:00-04:00,37.17722037004377,37.56282058449422,37.10981387993066,37.19853210449219,35648000,0.0,0.0
2016-03-31 00:00:00-04:00,37.135087652137166,37.2143865037469,36.72321839381933,36.921966552734375,34376000,0.0,0.0
2016-04-01 00:00:00-04:00,36.60723729791616,37.18910500394015,36.527934671610026,37.16779327392578,31534000,0.0,0.0
2016-04-04 00:00:00-04:00,37.17523801004827,37.31104171652812,36.7970719166686,36.93882369995117,22684000,0.0,0.0
2016-04-05 00:00:00-04:00,36.57750734161582,36.815407700992374,36.44715636745381,36.56759262084961,22646000,0.0,0.0
2016-04-06 00:00:00-04:00,36.46697759628394,36.9859008590036,36.45656751888022,36.958641052246094,21074000,0.0,0.0
2016-04-07 00:00:00-04:00,36.942786881179536,37.02357181499946,36.49225697386002,36.69050979614258,29064000,0.0,0.0
2016-04-08 00:00:00-04:00,36.87340109826066,36.9467518863662,36.45607905332342,36.63450622558594,25816000,0.0,0.0
2016-04-11 00:00:00-04:00,36.82631799875162,36.924451815414464,36.48086442720154,36.483341217041016,24402000,0.0,0.0
2016-04-12 00:00:00-04:00,36.57751106635587,36.86646356997937,36.23106300796437,36.82978439331055,27060000,0.0,0.0
2016-04-13 00:00:00-04:00,37.13062764229253,37.3893481476687,36.88781909082784,37.25750732421875,34142000,0.0,0.0
2016-04-14 00:00:00-04:00,37.37101445015141,37.53457332917417,37.30633431361642,37.330867767333984,22706000,0.0,0.0
2016-04-15 00:00:00-04:00,37.369522310621385,37.717452609180945,37.305783742689805,37.61832809448242,36186000,0.0,0.0
2016-04-18 00:00:00-04:00,37.690691007235294,38.06687564008999,37.534074715936434,37.995506286621094,31176000,0.0,0.0
2016-04-19 00:00:00-04:00,38.13923364476324,38.15856394651076,37.13905312771998,37.367042541503906,40610000,0.0,0.0
2016-04-20 00:00:00-04:00,37.568769193029695,37.57531094269577,37.17275889402403,37.304595947265625,30584000,0.0,0.0
2016-04-21 00:00:00-04:00,37.4389141649486,37.69019676463137,37.14996167439499,37.62527084350586,61210000,0.0,0.0
2016-04-22 00:00:00-04:00,35.9976251276353,36.48433517177122,35.36867170691535,35.62441635131836,119038000,0.0,0.0
2016-04-25 00:00:00-04:00,35.492075350575455,35.880152336306665,35.466796972635365,35.841495513916016,39184000,0.0,0.0
2016-04-26 00:00:00-04:00,35.954008354114315,35.9711568153556,34.844092634395366,35.09756088256836,54892000,0.0,0.0
2016-04-27 00:00:00-04:00,35.055419540879285,35.13918417397221,34.31569524581924,34.98355484008789,61972000,0.0,0.0
2016-04-28 00:00:00-04:00,35.10349690515627,35.39641599854607,34.176175647960044,34.24903106689453,57346000,0.0,0.0
2016-04-29 00:00:00-04:00,34.23317193115825,34.576148636651574,34.14891571903722,34.34766387939453,49754000,0.0,0.0
2016-05-02 00:00:00-04:00,34.57665038425563,34.72583631689697,34.24804655862855,34.60539627075195,32906000,0.0,0.0
2016-05-03 00:00:00-04:00,34.538983850747044,34.58706004601874,34.29761215839351,34.31545639038086,30876000,0.0,0.0
2016-05-04 00:00:00-04:00,34.22276619047848,34.68171714387604,34.14941163139599,34.480987548828125,33870000,0.0,0.0
2016-05-05 00:00:00-04:00,34.58011733672693,34.80910127185256,34.48198352530642,34.76498794555664,33670000,0.0,0.0
2016-05-06 00:00:00-04:00,34.61382061369833,35.28192991109127,34.60029091357624,35.24525451660156,36586000,0.0,0.0
2016-05-09 00:00:00-04:00,35.288864526570414,35.621434952754825,35.189740010913816,35.333473205566406,30206000,0.0,0.0
2016-05-10 00:00:00-04:00,35.52429416387862,35.85884226185343,35.47324204774423,35.84298324584961,31392000,0.0,0.0
2016-05-11 00:00:00-04:00,35.85438859285212,35.90741836602222,35.328522613443944,35.451934814453125,33842000,0.0,0.0
2016-05-12 00:00:00-04:00,35.53965923486986,35.648203124351944,35.140181420536265,35.353797912597656,27214000,0.0,0.0
2016-05-13 00:00:00-04:00,35.285400360482434,35.51993154291782,35.15306794733717,35.23088073730469,26290000,0.0,0.0
2016-05-16 00:00:00-04:00,35.1466221211025,35.6100351052191,34.974143039206574,35.51140594482422,26342000,0.0,0.0
2016-05-17 00:00:00-04:00,35.48662557864909,35.760709770175275,34.89781893826284,35.002891540527344,40024000,0.0,0.0
2016-05-18 00:00:00-04:00,34.876014984317536,35.26905322231135,34.72534673412884,35.02272415161133,35336000,0.0,0.0
2016-05-19 00:00:00-04:00,34.81107829451562,34.991486877663895,34.535508059648414,34.70996856689453,33404000,0.0,0.0
2016-05-20 00:00:00-04:00,34.77440325957084,35.41673874319171,34.719883641495464,35.17685317993164,36568000,0.0,0.0
2016-05-23 00:00:00-04:00,35.017760011768644,35.26299622224279,34.901286613751175,34.90426254272461,26614000,0.0,0.0
2016-05-24 00:00:00-04:00,35.03410931540533,35.73344496022163,35.03410931540533,35.6898307800293,38590000,0.0,0.0
2016-05-25 00:00:00-04:00,35.72304013568517,36.05759202971925,35.67075151314405,35.946571350097656,32584000,0.0,0.0
2016-05-26 00:00:00-04:00,35.827618374025775,36.09823125954435,35.699248832523864,35.88957214355469,31526000,0.0,0.0
2016-05-27 00:00:00-04:00,35.8841204692249,36.376082722504556,35.883625111312035,36.31283950805664,39500000,0.0,0.0
2016-05-31 00:00:00-04:00,36.267242109592566,36.663248599923115,36.24344980551182,36.464500427246094,42590000,0.0,0.0
2016-06-01 00:00:00-04:00,36.40552317656416,36.53835093863724,36.21371379258155,36.386688232421875,25072000,0.0,0.0
2016-06-02 00:00:00-04:00,36.30491043556802,36.33068417277864,35.89205040771197,36.200828552246094,26836000,0.0,0.0
2016-06-03 00:00:00-04:00,36.14482943746471,36.1557310950215,35.71313438602055,35.80135726928711,24526000,0.0,0.0
2016-06-06 00:00:00-04:00,35.928719811845575,35.928719811845575,35.41822142006083,35.514373779296875,31306000,0.0,0.0
2016-06-07 00:00:00-04:00,35.67744284617869,35.78350616010388,35.514379339943325,35.51933670043945,26724000,0.0,0.0
2016-06-08 00:00:00-04:00,35.88164468430738,36.110129473353474,35.714119171115456,36.09575653076172,31674000,0.0,0.0
2016-06-09 00:00:00-04:00,35.8276180131604,36.15820323328432,35.801148507402694,36.11062240600586,19778000,0.0,0.0
2016-06-10 00:00:00-04:00,35.659103891920296,35.97729762069905,35.508431893573125,35.656131744384766,24328000,0.0,0.0
2016-06-13 00:00:00-04:00,35.51240126391441,35.954997929679976,35.51240126391441,35.60409164428711,25178000,0.0,0.0
2016-06-14 00:00:00-04:00,35.510910228273424,35.80779220361038,35.34437544281623,35.59962844848633,26122000,0.0,0.0
2016-06-15 00:00:00-04:00,35.6358063964543,35.83306470371107,35.55204554141376,35.631839752197266,24290000,0.0,0.0
2016-06-16 00:00:00-04:00,35.43309322233755,35.519334652020866,34.855683651976946,35.207584381103516,39650000,0.0,0.0
2016-06-17 00:00:00-04:00,35.122827937916675,35.131256584420555,34.1217550591413,34.28372573852539,68048000,0.0,0.0
2016-06-20 00:00:00-04:00,34.633145761171,34.817025626901234,34.36749025226642,34.38235855102539,41650000,0.0,0.0
2016-06-21 00:00:00-04:00,34.61480791436088,34.83140031705296,34.29810027827305,34.49288558959961,29312000,0.0,0.0
2016-06-22 00:00:00-04:00,34.64752090477363,34.73673448435697,34.351232597722685,34.56822204589844,23686000,0.0,0.0
2016-06-23 00:00:00-04:00,34.567723546613045,34.79075558462408,34.04978720538335,34.78678894042969,43428000,0.0,0.0
2016-06-24 00:00:00-04:00,33.463461811858394,34.16874561075396,33.378214873460074,33.4659423828125,88980000,0.0,0.0
2016-06-27 00:00:00-04:00,33.2567868318789,33.321221180211495,32.874359142992866,33.1209831237793,52580000,0.0,0.0
2016-06-28 00:00:00-04:00,33.651800408003815,33.71920311064483,33.35590916078588,33.704830169677734,43476000,0.0,0.0
2016-06-29 00:00:00-04:00,33.85154400829458,34.07105564007405,33.772736719567156,33.906558990478516,38652000,0.0,0.0
2016-06-30 00:00:00-04:00,33.97396269939408,34.31347196603246,33.883758394046204,34.30256652832031,31954000,0.0,0.0
2016-07-01 00:00:00-04:00,34.30752184442707,34.7263299537394,34.30405055759522,34.65495681762695,26894000,0.0,0.0
2016-07-05 00:00:00-04:00,34.498832113181884,34.54244629395022,34.14296853141426,34.443817138671875,29252000,0.0,0.0
2016-07-06 00:00:00-04:00,34.19748829284096,34.77737463806938,34.15337497265737,34.58358383178711,28238000,0.0,0.0
2016-07-07 00:00:00-04:00,34.5989472171475,34.60489529293221,34.11001009374322,34.46413803100586,26084000,0.0,0.0
2016-07-08 00:00:00-04:00,34.66933139201521,34.977118838926785,34.5174228817103,34.9731559753418,31504000,0.0,0.0
2016-07-11 00:00:00-04:00,35.09309558440428,35.51239905587499,35.05294890394035,35.442020416259766,22236000,0.0,0.0
2016-07-12 00:00:00-04:00,35.64175842301401,35.831087244101354,35.48266156031596,35.71709442138672,26738000,0.0,0.0
2016-07-13 00:00:00-04:00,35.86478946047031,35.883624404862736,35.52924687351867,35.53569030761719,18718000,0.0,0.0
2016-07-14 00:00:00-04:00,35.763678879863356,35.794905333809275,35.58773229447906,35.73245620727539,19004000,0.0,0.0
2016-07-15 00:00:00-04:00,35.969373502546134,35.969868860542945,35.63854242512945,35.67794418334961,25586000,0.0,0.0
2016-07-18 00:00:00-04:00,35.81969102867228,36.48482437892032,35.744355028621165,36.368350982666016,25910000,0.0,0.0
2016-07-19 00:00:00-04:00,36.1755519148542,36.52744890341782,36.131442369807466,36.525962829589844,24550000,0.0,0.0
2016-07-20 00:00:00-04:00,36.544304536316446,36.78220492876962,36.532903740257595,36.735618591308594,25794000,0.0,0.0
2016-07-21 00:00:00-04:00,36.69447639165589,36.76039302545407,36.4700036328123,36.60873031616211,20526000,0.0,0.0
2016-07-22 00:00:00-04:00,36.76882099587498,36.8372182063394,36.50613759159908,36.81243896484375,25196000,0.0,0.0
2016-07-25 00:00:00-04:00,36.70984229588928,36.8059946746633,36.552726858652356,36.66523361206055,20648000,0.0,0.0
2016-07-26 00:00:00-04:00,36.62905113749674,36.760392827838515,36.392636851153135,36.598323822021484,23734000,0.0,0.0
2016-07-27 00:00:00-04:00,36.59138028581786,36.897677810482236,36.527936668761264,36.76435470581055,30250000,0.0,0.0
2016-07-28 00:00:00-04:00,37.02556060091092,37.1053548266164,36.64194178763159,36.96955490112305,70604000,0.0,0.0
2016-07-29 00:00:00-04:00,38.29783608005675,38.58728388282894,38.00343091740376,38.103546142578125,76830000,0.0,0.0
2016-08-01 00:00:00-04:00,37.72191085929611,38.68045850960077,37.72191085929611,38.30625915527344,54010000,0.0,0.0
2016-08-02 00:00:00-04:00,38.098597083149826,38.45297083882822,38.05696433047132,38.216556549072266,35690000,0.0,0.0
2016-08-03 00:00:00-04:00,38.02375910872568,38.322622548446745,38.00591487860215,38.321136474609375,25748000,0.0,0.0
2016-08-04 00:00:00-04:00,38.273548604958535,38.36523896572935,38.103795896457896,38.243316650390625,22806000,0.0,0.0
2016-08-05 00:00:00-04:00,38.350871362144325,38.80982615043671,38.2795020075578,38.76918411254883,36024000,0.0,0.0
2016-08-08 00:00:00-04:00,38.758279853576546,38.789506310506155,38.56453817917045,38.74638748168945,22158000,0.0,0.0
2016-08-09 00:00:00-04:00,38.71367639256911,39.102248787044495,38.687407295406594,38.870296478271484,26378000,0.0,0.0
2016-08-10 00:00:00-04:00,38.84501471104695,38.99677573791071,38.796840208574125,38.891109466552734,15728000,0.0,0.0
2016-08-11 00:00:00-04:00,38.9069664677979,39.14239003091745,38.80635209610087,38.899532318115234,19502000,0.0,0.0
2016-08-12 00:00:00-04:00,38.733497724025085,38.827419094741636,38.67897810396746,38.81874465942383,14810000,0.0,0.0
2016-08-15 00:00:00-04:00,38.8450162535622,39.03038221741594,38.664607650403106,38.78009033203125,18764000,0.0,0.0
2016-08-16 00:00:00-04:00,38.67401889493214,38.707722137430785,38.334214734643155,38.517398834228516,20560000,0.0,0.0
2016-08-17 00:00:00-04:00,38.52632783201473,38.69930228782929,38.33848129385672,38.654693603515625,18484000,0.0,0.0
2016-08-18 00:00:00-04:00,38.659650709878335,38.80090713102395,38.51046478035006,38.535247802734375,14388000,0.0,0.0
2016-08-19 00:00:00-04:00,38.41133541953946,38.51541729401011,38.31865433894816,38.432151794433594,17230000,0.0,0.0
2016-08-22 00:00:00-04:00,38.325594683063855,38.38853916817266,38.16599868771947,38.27008056640625,19028000,0.0,0.0
2016-08-23 00:00:00-04:00,38.43512927533329,38.48271010760235,38.25199430850321,38.26661682128906,18564000,0.0,0.0
2016-08-24 00:00:00-04:00,38.192261949167616,38.38654809304595,38.01829682002657,38.14567184448242,21440000,0.0,0.0
2016-08-25 00:00:00-04:00,38.01483564206468,38.25720180989408,37.82575259570942,38.13428497314453,18538000,0.0,0.0
2016-08-26 00:00:00-04:00,38.113963542228966,38.464869818319116,37.95783881753139,38.14072799682617,23334000,0.0,0.0
2016-08-29 00:00:00-04:00,38.101072771023674,38.41084161760026,37.99575060691603,38.27008056640625,16952000,0.0,0.0
2016-08-30 00:00:00-04:00,38.130319615900206,38.38487689186753,38.00690741702997,38.11842346191406,22600000,0.0,0.0
2016-08-31 00:00:00-04:00,38.015329697786996,38.118420868817275,37.93454475930294,38.01731491088867,24972000,0.0,0.0
2016-09-01 00:00:00-04:00,38.12634335905528,38.21406706515135,37.88100512140628,38.10304641723633,18502000,0.0,0.0
2016-09-02 00:00:00-04:00,38.31270004407457,38.357800291678835,38.0847106730002,38.235877990722656,21454000,0.0,0.0
2016-09-06 00:00:00-04:00,38.33451646568364,38.75827814747495,38.21308571159798,38.66312026977539,28856000,0.0,0.0
2016-09-07 00:00:00-04:00,38.65915716972403,38.794465520605385,38.470819047365715,38.67650604248047,17874000,0.0,0.0
2016-09-08 00:00:00-04:00,38.58926928967216,38.67650143831531,38.34095885120713,38.42719650268555,25406000,0.0,0.0
2016-09-09 00:00:00-04:00,38.16848406413057,38.32435922283768,37.65104675292969,37.65104675292969,37710000,0.0,0.0
2016-09-12 00:00:00-04:00,37.426525547524506,38.17790039636937,37.370519846177075,38.11495590209961,26220000,0.0,0.0
2016-09-13 00:00:00-04:00,37.889935685171935,37.97617712277829,37.459730557076384,37.652530670166016,27900000,0.0,0.0
2016-09-14 00:00:00-04:00,37.64856305310152,38.048536211659645,37.623783813129585,37.79130554199219,21748000,0.0,0.0
2016-09-15 00:00:00-04:00,37.81113460505515,38.35186508812928,37.6659153135078,38.25075912475586,26102000,0.0,0.0
2016-09-16 00:00:00-04:00,38.1511281610268,38.1511281610268,37.898854877421265,38.108009338378906,40986000,0.0,0.0
2016-09-19 00:00:00-04:00,38.28346717073894,38.361779103677264,37.88800514415486,37.95040512084961,23456000,0.0,0.0
2016-09-20 00:00:00-04:00,38.11396052790703,38.32856772430112,38.09066358078464,38.23340606689453,19572000,0.0,0.0
2016-09-21 00:00:00-04:00,38.295363639027585,38.518399504718474,38.079319505118086,38.47180938720703,23356000,0.0,0.0
2016-09-22 00:00:00-04:00,38.659152700216,39.14734871310558,38.581835272090636,39.016502380371094,29724000,0.0,0.0
2016-09-23 00:00:00-04:00,38.985769341420166,39.101747368509876,38.86483773552678,39.001136779785156,28238000,0.0,0.0
2016-09-26 00:00:00-04:00,38.794955668017536,38.794955668017536,38.315679887737716,38.3721809387207,30664000,0.0,0.0
2016-09-27 00:00:00-04:00,38.436120189617284,38.95603422777658,38.37704025207673,38.8083381652832,23064000,0.0,0.0
2016-09-28 00:00:00-04:00,38.55259697138792,38.74886459478362,38.409854475326654,38.736473083496094,22196000,0.0,0.0
2016-09-29 00:00:00-04:00,38.73052380664714,38.94662086649316,38.37327620697589,38.411834716796875,26294000,0.0,0.0
2016-09-30 00:00:00-04:00,38.4772642538701,38.70574906984703,38.366239782105595,38.52484130859375,31706000,0.0,0.0
2016-10-03 00:00:00-04:00,38.374162277627484,38.46411699360536,38.1387349533691,38.29039764404297,25576000,0.0,0.0
2016-10-04 00:00:00-04:00,38.46238640614068,38.595217953419954,38.30676083224448,38.48221206665039,24028000,0.0,0.0
2016-10-05 00:00:00-04:00,38.624952977338076,38.76174738232227,38.443553674045795,38.484195709228516,29224000,0.0,0.0
2016-10-06 00:00:00-04:00,38.609595702836195,38.68294649636114,38.438107310365325,38.5035285949707,21414000,0.0,0.0
2016-10-07 00:00:00-04:00,38.64230480743547,38.64230480743547,38.20069510475529,38.415306091308594,18664000,0.0,0.0
2016-10-10 00:00:00-04:00,38.545660973517,39.12406136884051,38.45446216640661,38.95356369018555,23498000,0.0,0.0
2016-10-11 00:00:00-04:00,38.98923394893463,39.26777628430042,38.68789002954648,38.811302185058594,27450000,0.0,0.0
2016-10-12 00:00:00-04:00,38.84551098957658,39.06210340657318,38.76125476590791,38.963470458984375,18748000,0.0,0.0
2016-10-13 00:00:00-04:00,38.71962320973599,38.71962320973599,38.312215882068024,38.5694465637207,27306000,0.0,0.0
2016-10-14 00:00:00-04:00,38.74093855950973,38.85493139831453,38.46090626101148,38.586299896240234,17050000,0.0,0.0
2016-10-17 00:00:00-04:00,38.649239834597445,38.94909395060122,38.53524323903179,38.657169342041016,21860000,0.0,0.0
2016-10-18 00:00:00-04:00,39.04822853631391,39.73021544395654,38.93497685000692,39.415489196777344,41138000,0.0,0.0
2016-10-19 00:00:00-04:00,39.56318071920005,39.87840228802149,39.55277442187757,39.72475814819336,35336000,0.0,0.0
2016-10-20 00:00:00-04:00,39.813972008550294,39.847179895079755,39.453646398507914,39.50023651123047,35150000,0.0,0.0
2016-10-21 00:00:00-04:00,39.40260156953442,39.62563365078088,39.35303930496392,39.61919021606445,25324000,0.0,0.0
2016-10-24 00:00:00-04:00,39.893274182022104,40.40278197277574,39.88931131844052,40.30018615722656,33950000,0.0,0.0
2016-10-25 00:00:00-04:00,40.47712278964781,40.47712278964781,39.90516592842475,40.03055953979492,31528000,0.0,0.0
2016-10-26 00:00:00-04:00,39.96464230617826,39.996360336284084,39.468021447103624,39.60431671142578,32954000,0.0,0.0
2016-10-27 00:00:00-04:00,39.69998090286995,39.82339310313184,39.229133694112704,39.419952392578125,54984000,0.0,0.0
2016-10-28 00:00:00-04:00,40.064266673021905,40.41814887358918,39.332717527998646,39.42094039916992,85398000,0.0,0.0
2016-10-31 00:00:00-04:00,39.425895543987664,39.49478811411705,38.85740989160928,38.88417434692383,48546000,0.0,0.0
2016-11-01 00:00:00-04:00,38.80238524469095,39.129499141179586,38.438096822252064,38.838069915771484,48128000,0.0,0.0
2016-11-02 00:00:00-04:00,38.56993770099229,38.74093070589423,37.83888399398884,38.099090576171875,37448000,0.0,0.0
2016-11-03 00:00:00-04:00,38.02722738653783,38.16104966178587,37.61982004668199,37.77346420288086,38864000,0.0,0.0
2016-11-04 00:00:00-04:00,37.20498008284465,38.181372248832155,37.20007187938605,37.76801681518555,42696000,0.0,0.0
2016-11-07 00:00:00-05:00,38.38655741471222,38.91638621864966,38.289909677124534,38.784053802490234,31702000,0.0,0.0
2016-11-08 00:00:00-05:00,38.827669018726446,39.433975810984826,38.668572144081296,39.1800651550293,27338000,0.0,0.0
2016-11-09 00:00:00-05:00,38.65618186800215,39.21559977886774,38.24629398510223,38.922332763671875,52142000,0.0,0.0
2016-11-10 00:00:00-05:00,39.21277502469874,39.21277502469874,37.28031552450311,37.794776916503906,94904000,0.0,0.0
2016-11-11 00:00:00-05:00,37.496403993781655,37.7065529675542,37.19109714461574,37.37150573730469,48636000,0.0,0.0
2016-11-14 00:00:00-05:00,37.4498175099667,37.56133733245947,36.05907925976419,36.48234939575195,73088000,0.0,0.0
2016-11-15 00:00:00-05:00,37.02208574842265,37.8867613358734,37.02208574842265,37.59305191040039,47680000,0.0,0.0
2016-11-16 00:00:00-05:00,37.42998904296732,37.983114766973166,37.19754139565375,37.88993453979492,29452000,0.0,0.0
2016-11-17 00:00:00-05:00,38.010870815942454,38.2973427335739,37.877543906350624,38.2244873046875,26080000,0.0,0.0
2016-11-18 00:00:00-05:00,38.23142779170228,38.41134104257891,37.66789573207738,37.69466018676758,30942000,0.0,0.0
2016-11-21 00:00:00-05:00,37.797252269503424,38.148653870055035,37.69762861117852,38.123870849609375,26612000,0.0,0.0
2016-11-22 00:00:00-05:00,38.29387495408113,38.50848215714509,38.014833407354885,38.077781677246094,31862000,0.0,0.0
2016-11-23 00:00:00-05:00,38.05101743596583,38.07842472032421,37.43247042151026,37.71696090698242,29568000,0.0,0.0
2016-11-25 00:00:00-05:00,37.87903768695178,37.91571308415933,37.693671706282515,37.751163482666016,11748000,0.0,0.0
2016-11-28 00:00:00-05:00,37.667892119499776,38.63585927298051,37.65798118010797,38.076290130615234,43764000,0.0,0.0
2016-11-29 00:00:00-05:00,38.23935302040426,38.58480654025001,38.07628952076758,38.20515441894531,32332000,0.0,0.0
2016-11-30 00:00:00-05:00,38.16699188308386,38.311715792515656,37.41165052482506,37.57074737548828,47858000,0.0,0.0
2016-12-01 00:00:00-05:00,37.541017419004135,37.66046297226429,36.52918637798961,37.069175720214844,60358000,0.0,0.0
2016-12-02 00:00:00-05:00,36.90412904371025,37.37051800175234,36.83027911505376,37.19704818725586,29050000,0.0,0.0
2016-12-05 00:00:00-05:00,37.55439753875512,37.86119048318531,37.31599802222614,37.79279327392578,27884000,0.0,0.0
2016-12-06 00:00:00-05:00,37.90232166765328,38.10553183036439,37.53605179827251,37.623779296875,33814000,0.0,0.0
2016-12-07 00:00:00-05:00,37.71745414295716,38.23092852774335,37.45972812544589,38.222503662109375,35220000,0.0,0.0
2016-12-08 00:00:00-05:00,38.28644305923454,38.56895212806862,38.026236442355106,38.481719970703125,29762000,0.0,0.0
2016-12-09 00:00:00-05:00,38.65915371708845,39.12653336618578,38.61063132926621,39.11959457397461,36438000,0.0,0.0
2016-12-12 00:00:00-05:00,38.90894913716249,39.216736556704994,38.87500010462216,39.11860275268555,42082000,0.0,0.0
2016-12-13 00:00:00-05:00,39.348072134955,39.86749452095239,39.320316971205976,39.45711135864258,42904000,0.0,0.0
2016-12-14 00:00:00-05:00,39.52154999203102,39.84866773000165,39.353532901689675,39.50519561767578,34084000,0.0,0.0
2016-12-15 00:00:00-05:00,39.518579193816,39.7991068265835,39.299509978498605,39.54385757446289,32530000,0.0,0.0
2016-12-16 00:00:00-05:00,39.670235772533275,39.69283694796068,39.1691529281988,39.19443130493164,48876000,0.0,0.0
2016-12-19 00:00:00-05:00,39.165694828917744,39.53444158372008,38.96991876440452,39.362953186035156,24642000,0.0,0.0
2016-12-20 00:00:00-05:00,39.489834013786364,39.58350582479363,39.31685955380266,39.47298049926758,19020000,0.0,0.0
2016-12-21 00:00:00-05:00,39.44423055428834,39.48566667569199,39.01104952128615,39.38079071044922,24226000,0.0,0.0
2016-12-22 00:00:00-05:00,39.27175519057315,39.31933602329977,39.084407788726224,39.21723556518555,19444000,0.0,0.0
2016-12-23 00:00:00-05:00,39.19939268341162,39.29059148840071,39.019974783953856,39.150325775146484,12468000,0.0,0.0
2016-12-27 00:00:00-05:00,39.18848289273783,39.54434646998627,39.038654154863906,39.23160171508789,15782000,0.0,0.0
2016-12-28 00:00:00-05:00,39.338165696635464,39.36443100854992,38.817752535457885,38.90944290161133,23076000,0.0,0.0
2016-12-29 00:00:00-05:00,38.824204031909616,38.953068954255855,38.605630156315264,38.79743957519531,14886000,0.0,0.0
2016-12-30 00:00:00-05:00,38.79545187850394,38.79693795222395,38.183843680807655,38.253726959228516,35400000,0.0,0.0
2017-01-03 00:00:00-05:00,38.600172687456144,39.1364449090113,38.45099054329599,38.963470458984375,33146000,0.0,0.0
2017-01-04 00:00:00-05:00,39.073496843897466,39.22119668212002,38.81577083586534,39.001136779785156,21460000,0.0,0.0
2017-01-05 00:00:00-05:00,38.960493299927016,39.376820785460986,38.90795511569442,39.35402297973633,26704000,0.0,0.0
2017-01-06 00:00:00-05:00,39.41548339834323,40.04195987142099,39.26401732557665,39.955223083496094,32804000,0.0,0.0
2017-01-09 00:00:00-05:00,39.96761566140219,40.144356335216045,39.79067457561332,39.98000717163086,25492000,0.0,0.0
2017-01-10 00:00:00-05:00,40.03998305768209,40.10292754884583,39.82438134840164,39.887821197509766,23536000,0.0,0.0
2017-01-11 00:00:00-05:00,39.8982328193432,40.05435754910578,39.71831956325489,40.04246139526367,21318000,0.0,0.0
2017-01-12 00:00:00-05:00,40.004286396166414,40.01667790495266,39.60927065803809,39.96562957763672,27062000,0.0,0.0
2017-01-13 00:00:00-05:00,40.0211441887252,40.20670676905062,39.981988226805825,40.04096984863281,21984000,0.0,0.0
2017-01-17 00:00:00-05:00,40.00131626369249,40.004288410899235,39.66874962923164,39.8788948059082,27242000,0.0,0.0
2017-01-18 00:00:00-05:00,39.93837274544821,39.9579488350925,39.69947789988953,39.95125961303711,25888000,0.0,0.0
2017-01-19 00:00:00-05:00,39.90418107804723,40.12027437325133,39.739631480796255,39.758216857910156,18386000,0.0,0.0
2017-01-20 00:00:00-05:00,39.99289127397162,39.99289127397162,39.73417077619549,39.89921569824219,33400000,0.0,0.0
2017-01-23 00:00:00-05:00,40.009748419851284,40.684796531859575,39.83578324261034,40.607479095458984,39272000,0.0,0.0
2017-01-24 00:00:00-05:00,40.75567566741435,40.9340990721994,40.53367966766611,40.83348846435547,29480000,0.0,0.0
2017-01-25 00:00:00-05:00,41.118465626008266,41.42328087689927,40.89245765267364,41.4183235168457,29890000,0.0,0.0
2017-01-26 00:00:00-05:00,41.52439360245907,41.53381296623486,40.98911206999288,41.243865966796875,59478000,0.0,0.0
2017-01-27 00:00:00-05:00,41.37074701404106,41.72958277970971,40.663481780409874,40.805728912353516,59316000,0.0,0.0
2017-01-30 00:00:00-05:00,40.37700812224482,40.435490605301304,39.64050167763337,39.76539993286133,64932000,0.0,0.0
2017-01-31 00:00:00-05:00,39.49478906952985,39.71237222303505,39.18056195367979,39.4913215637207,43212000,0.0,0.0
2017-02-01 00:00:00-05:00,39.63455394456271,39.70939458303895,39.213764421036274,39.43704605102539,40594000,0.0,0.0
2017-02-02 00:00:00-05:00,39.34312373831458,39.78423431182817,39.25391015146024,39.57755661010742,30642000,0.0,0.0
2017-02-03 00:00:00-05:00,39.79860751691308,39.947789652179765,39.668751902313225,39.72426223754883,29268000,0.0,0.0
2017-02-06 00:00:00-05:00,39.635543322732154,39.73318176558165,39.41498805933869,39.716827392578125,23690000,0.0,0.0
2017-02-07 00:00:00-05:00,39.84816881016587,40.17082451658102,39.73863421603818,39.99586486816406,24824000,0.0,0.0
2017-02-08 00:00:00-05:00,39.99735291709821,40.237238492409205,39.80851945724102,40.06575012207031,23106000,0.0,0.0
2017-02-09 00:00:00-05:00,40.121756489604024,40.178756682275605,39.875431257349,40.124237060546875,19794000,0.0,0.0
2017-02-10 00:00:00-05:00,40.230295827522234,40.40624618345887,40.13513417921247,40.32793426513672,22700000,0.0,0.0
2017-02-13 00:00:00-05:00,40.443421005233354,40.68920550025757,40.41814640770505,40.604007720947266,24266000,0.0,0.0
2017-02-14 00:00:00-05:00,40.59211005398788,40.79036287032157,40.443419496398114,40.66397476196289,21094000,0.0,0.0
2017-02-15 00:00:00-05:00,40.60995283729387,40.79036521716578,40.56584329418628,40.591121673583984,26272000,0.0,0.0
2017-02-16 00:00:00-05:00,40.6382010037986,40.859750766384366,40.59111931590041,40.84785461425781,25752000,0.0,0.0
2017-02-17 00:00:00-05:00,40.79135697938571,41.041648864746094,40.723700917188914,41.041648864746094,32220000,0.0,0.0
2017-02-21 00:00:00-05:00,41.07088722976899,41.30829601085876,41.05552357218795,41.21957778930664,25246000,0.0,0.0
2017-02-22 00:00:00-05:00,41.07088684133364,41.2983808995784,41.06989612554527,41.17496871948242,19658000,0.0,0.0
2017-02-23 00:00:00-05:00,41.143255652173025,41.25923369648934,40.784419862878885,41.20322799682617,29456000,0.0,0.0
2017-02-24 00:00:00-05:00,41.024796440850594,41.0877409265114,40.849836786456756,41.06989669799805,27844000,0.0,0.0
2017-02-27 00:00:00-05:00,40.86718306722924,41.162083598085104,40.83992325896463,41.10161590576172,22030000,0.0,0.0
2017-02-28 00:00:00-05:00,40.91971998502668,41.06493925828434,40.65158388809146,40.8007698059082,45216000,0.0,0.0
2017-03-01 00:00:00-05:00,41.080310760636216,41.44732562464196,41.00150347042363,41.39701843261719,29930000,0.0,0.0
2017-03-02 00:00:00-05:00,41.32812172537931,41.36083047217999,41.119458827581,41.16852951049805,18850000,0.0,0.0
2017-03-03 00:00:00-05:00,41.16505606779416,41.204707385827454,40.926709522088046,41.09170150756836,17928000,0.0,0.0
2017-03-06 00:00:00-05:00,40.986141500522756,41.081798527665086,40.76062883954657,41.027278900146484,22180000,0.0,0.0
2017-03-07 00:00:00-05:00,41.008436736266034,41.306313203317714,40.96482255447011,41.23196792602539,20752000,0.0,0.0
2017-03-08 00:00:00-05:00,41.31127193965808,41.54124659195738,41.226024996953036,41.40346145629883,19796000,0.0,0.0
2017-03-09 00:00:00-05:00,41.43468473541529,41.73206210468203,41.34596650445085,41.56751251220703,25230000,0.0,0.0
2017-03-10 00:00:00-05:00,41.79550001736235,41.87628494733374,41.60814885932255,41.794010162353516,34080000,0.0,0.0
2017-03-13 00:00:00-04:00,41.831185953474225,42.06338780445615,41.79401142293205,41.90751266479492,24472000,0.0,0.0
2017-03-14 00:00:00-04:00,41.813342330899395,41.99176949228472,41.67258505850065,41.911476135253906,15598000,0.0,0.0
2017-03-15 00:00:00-04:00,42.00912599072334,42.0606696917883,41.67110655107127,41.98979568481445,27630000,0.0,0.0
2017-03-16 00:00:00-04:00,42.08048385541512,42.1706881436457,41.93675066740705,42.068092346191406,19552000,0.0,0.0
2017-03-17 00:00:00-04:00,42.20836035238928,42.297074790564125,41.985324518159395,42.23363494873047,34246000,0.0,0.0
2017-03-20 00:00:00-04:00,42.12906100291588,42.13947108208392,41.88818470321249,42.04926300048828,24630000,0.0,0.0
2017-03-21 00:00:00-04:00,42.197957231732225,42.30203912565761,41.08873729777487,41.16010665893555,49270000,0.0,0.0
2017-03-22 00:00:00-04:00,41.23197264600198,41.41238125114193,40.99753977463618,41.11698532104492,28030000,0.0,0.0
2017-03-23 00:00:00-04:00,40.691239316571405,40.769055891045284,40.2579107695862,40.52173614501953,69742000,0.0,0.0
2017-03-24 00:00:00-04:00,40.645644311792374,40.73733469161564,40.09103246715871,40.3656120300293,39620000,0.0,0.0
2017-03-27 00:00:00-04:00,39.994879766840754,40.722466066875775,39.817443304094574,40.61738967895508,37886000,0.0,0.0
2017-03-28 00:00:00-04:00,40.661992740587394,40.93855369484349,40.345632994409925,40.68727111816406,32410000,0.0,0.0
2017-03-29 00:00:00-04:00,40.88948928635369,41.274344573024464,40.75963366671899,41.20718765258789,35726000,0.0,0.0
2017-03-30 00:00:00-04:00,41.31076772560379,41.3196879480457,41.0877356950533,41.21164321899414,21106000,0.0,0.0
2017-03-31 00:00:00-04:00,41.08625634645182,41.21858875665643,41.00794441893617,41.11549758911133,28038000,0.0,0.0
2017-04-03 00:00:00-04:00,41.09863965272002,41.67505848468358,41.09863965272002,41.561065673828125,33430000,0.0,0.0
2017-04-04 00:00:00-04:00,41.20471081632811,41.39403963645926,41.08952686637875,41.363807678222656,20908000,0.0,0.0
2017-04-05 00:00:00-04:00,41.410397838638644,41.75436529982064,41.172989049635845,41.20718765258789,31106000,0.0,0.0
2017-04-06 00:00:00-04:00,41.2562531507815,41.4540106116705,40.96185174202831,41.032230377197266,25088000,0.0,0.0
2017-04-07 00:00:00-04:00,41.0361905073249,41.0622138113747,40.667095958502436,40.873130798339844,21146000,0.0,0.0
2017-04-10 00:00:00-04:00,40.908822608524645,41.105090235529886,40.82852924400882,40.8761100769043,19578000,0.0,0.0
2017-04-11 00:00:00-04:00,40.875119049466356,41.00978078420048,40.49398081261387,40.80771255493164,21594000,0.0,0.0
2017-04-12 00:00:00-04:00,40.73733054695515,40.97176340325474,40.692226507889686,40.85578536987305,18010000,0.0,0.0
2017-04-13 00:00:00-04:00,40.74773663167259,40.95788560534621,40.71304267155643,40.818119049072266,22448000,0.0,0.0
2017-04-17 00:00:00-04:00,40.88998399155265,41.521417850618576,40.863219539116706,41.492671966552734,17900000,0.0,0.0
2017-04-18 00:00:00-04:00,41.346454019953704,41.579896136982434,41.27161716989919,41.475318908691406,16734000,0.0,0.0
2017-04-19 00:00:00-04:00,41.622528123151326,41.74296817161469,41.44905830357717,41.544219970703125,19084000,0.0,0.0
2017-04-20 00:00:00-04:00,41.70430397133574,41.890660644510085,41.599231372721704,41.71471405029297,19180000,0.0,0.0
2017-04-21 00:00:00-04:00,41.7756748558916,41.825237114352376,41.66266897398879,41.791038513183594,26472000,0.0,0.0
2017-04-24 00:00:00-04:00,42.18804252867933,42.79518874644497,42.12162675313431,42.760990142822266,27450000,0.0,0.0
2017-04-25 00:00:00-04:00,42.87201017701542,43.36764035247224,42.76346629131528,43.233821868896484,33440000,0.0,0.0
2017-04-26 00:00:00-04:00,43.32947394680312,43.419682024422606,43.00820976695103,43.20556640625,24744000,0.0,0.0
2017-04-27 00:00:00-04:00,43.298253866310645,43.38746745210578,43.13866164029091,43.33047103881836,40536000,0.0,0.0
2017-04-28 00:00:00-04:00,45.135054003063395,45.44184690332075,44.892691657912906,44.90210723876953,65526000,0.0,0.0
2017-05-01 00:00:00-04:00,44.70286825196114,45.38386438660374,44.67858058851609,45.2297248840332,42320000,0.0,0.0
2017-05-02 00:00:00-04:00,45.08351228140046,45.63614266505492,45.07523488817848,45.421531677246094,31744000,0.0,0.0
2017-05-03 00:00:00-04:00,45.34322826035961,45.99944145918666,45.228392179506436,45.94690704345703,29990000,0.0,0.0
2017-05-04 00:00:00-04:00,45.8988203140723,46.38751164979752,45.82546575445135,46.17587661743164,28442000,0.0,0.0
2017-05-05 00:00:00-04:00,46.26905716016116,46.3364636499716,45.855701778856435,45.951358795166016,38226000,0.0,0.0
2017-05-08 00:00:00-04:00,45.90130247820743,46.43682977413283,45.85867900829314,46.30672836303711,26596000,0.0,0.0
2017-05-09 00:00:00-04:00,46.43807392082816,46.465333734540096,46.07031789605987,46.20116424560547,31636000,0.0,0.0
2017-05-10 00:00:00-04:00,46.191739778852586,46.19273049468052,45.85372039497942,46.033138275146484,23478000,0.0,0.0
2017-05-11 00:00:00-04:00,45.86164794766367,46.21899761902039,45.74815048847431,46.12334060668945,16700000,0.0,0.0
2017-05-12 00:00:00-04:00,46.16943756640318,46.264103867471995,45.98704753781309,46.203636169433594,21012000,0.0,0.0
2017-05-15 00:00:00-04:00,46.239815157939596,46.50249853935991,46.0608926388133,46.44451141357422,22162000,0.0,0.0
2017-05-16 00:00:00-04:00,46.58923211724186,46.743371605039634,46.46929122934212,46.73792266845703,19390000,0.0,0.0
2017-05-17 00:00:00-04:00,46.37462389764057,46.556170662667874,45.50578511791176,45.57913589477539,47242000,0.0,0.0
2017-05-18 00:00:00-04:00,45.64753523246674,46.25071853588916,45.536019207006866,46.105499267578125,31938000,0.0,0.0
2017-05-19 00:00:00-04:00,46.16646560798267,46.47796633022695,46.14316866037837,46.292354583740234,27860000,0.0,0.0
2017-05-22 00:00:00-04:00,46.341414788337474,46.682557527859615,46.341414788337474,46.68141555786133,22408000,0.0,0.0
2017-05-23 00:00:00-04:00,46.98178138799675,47.15758053178324,46.7168669655194,47.026390075683594,25416000,0.0,0.0
2017-05-24 00:00:00-04:00,47.23255852663294,47.3371395396706,47.060079452702766,47.33069610595703,20496000,0.0,0.0
2017-05-25 00:00:00-04:00,47.448160920891276,48.2064252705238,47.355971416016416,48.05332565307617,33210000,0.0,0.0
2017-05-26 00:00:00-04:00,48.06126311399778,48.32295581006758,47.829802379103,48.148990631103516,25040000,0.0,0.0
2017-05-30 00:00:00-04:00,48.09148431827654,48.38341269158256,48.050842286252845,48.367549896240234,29334000,0.0,0.0
2017-05-31 00:00:00-04:00,48.32493266772078,48.535577004156885,47.58941691493791,47.821372985839844,48962000,0.0,0.0
2017-06-01 00:00:00-04:00,48.02408561558449,48.15047373415465,47.58099361708596,47.92496109008789,28210000,0.0,0.0
2017-06-02 00:00:00-04:00,48.04936350979902,48.36755724166597,47.87787513296418,48.35367965698242,35020000,0.0,0.0
2017-06-05 00:00:00-04:00,48.40077111015383,48.91424558825018,48.32890638821923,48.754154205322266,25042000,0.0,0.0
2017-06-06 00:00:00-04:00,48.728374828507924,48.98064812486584,48.33087847966367,48.40175247192383,36292000,0.0,0.0
2017-06-07 00:00:00-04:00,48.57176086537713,48.769022990903416,48.37053587621001,48.618350982666016,29078000,0.0,0.0
2017-06-08 00:00:00-04:00,48.68823405343731,48.79826402072081,48.43298479742074,48.74077224731445,29638000,0.0,0.0
2017-06-09 00:00:00-04:00,48.79479021068471,48.79479021068471,46.37264876318791,47.07644271850586,66188000,0.0,0.0
2017-06-12 00:00:00-04:00,46.567430889017366,47.05290057064277,45.36171077207696,46.73297119140625,75270000,0.0,0.0
2017-06-13 00:00:00-04:00,47.17953367735536,47.57950684168715,46.79194824250927,47.253379821777344,40266000,0.0,0.0
2017-06-14 00:00:00-04:00,47.5765293045561,47.63749235950655,46.7007516480157,47.12253189086914,29794000,0.0,0.0
2017-06-15 00:00:00-04:00,46.29037612476322,46.75473071760164,45.81803908434309,46.703731536865234,42662000,0.0,0.0
2017-06-16 00:00:00-04:00,46.58923643054278,46.690346165984295,46.17265932913099,46.578330993652344,61894000,0.0,0.0
2017-06-19 00:00:00-04:00,47.082881308404936,47.57999751613828,47.037777272153136,47.45014190673828,30666000,0.0,0.0
2017-06-20 00:00:00-04:00,47.45757957050439,47.66078975558676,47.08536158448684,47.116092681884766,22520000,0.0,0.0
2017-06-21 00:00:00-04:00,47.265276142488936,47.58545508707598,47.12253365103101,47.55323791503906,24044000,0.0,0.0
2017-06-22 00:00:00-04:00,47.51607349533385,47.616188748914915,47.310386487532746,47.436275482177734,18828000,0.0,0.0
2017-06-23 00:00:00-04:00,47.423379827775136,47.8778725927268,47.293028853979536,47.85755157470703,30558000,0.0,0.0
2017-06-26 00:00:00-04:00,48.07117254502167,48.24018413904854,47.12402546141998,47.1973762512207,31968000,0.0,0.0
2017-06-27 00:00:00-04:00,46.71116187917815,47.00011435773135,45.93748088824838,45.961273193359375,51598000,0.0,0.0
2017-06-28 00:00:00-04:00,46.04404150732347,46.72553296085088,45.39972080235438,46.613521575927734,54428000,0.0,0.0
2017-06-29 00:00:00-04:00,46.089639598610404,46.1560553730528,45.133073210263866,45.488441467285156,65984000,0.0,0.0
2017-06-30 00:00:00-04:00,45.89783848872106,45.89783848872106,45.01858944412962,45.039405822753906,41804000,0.0,0.0
2017-07-03 00:00:00-04:00,45.210395194292744,45.29762356545093,44.34849131099383,44.54228591918945,34196000,0.0,0.0
2017-07-05 00:00:00-04:00,44.69394983143202,45.32587530676358,44.53237239084634,45.18709945678711,36278000,0.0,0.0
2017-07-06 00:00:00-04:00,44.81091840288567,45.347387266823375,44.59184919146011,44.93829345703125,28490000,0.0,0.0
2017-07-07 00:00:00-04:00,45.045355687458844,45.67430907419682,45.045355687458844,45.528099060058594,32756000,0.0,0.0
2017-07-10 00:00:00-04:00,45.68570440664389,46.1124420250203,45.57765587707456,46.03413009643555,23856000,0.0,0.0
2017-07-11 00:00:00-04:00,46.07081223889067,46.16448405056951,45.697104364015445,46.09807205200195,22264000,0.0,0.0
2017-07-12 00:00:00-04:00,46.523811160757425,46.90148186650026,46.31515203790036,46.7790641784668,30642000,0.0,0.0
2017-07-13 00:00:00-04:00,46.90098826065954,47.30542343434026,46.73842388730899,46.94411087036133,25894000,0.0,0.0
2017-07-14 00:00:00-04:00,47.183994531622034,47.42735141532133,46.98599126078675,47.381752014160156,21076000,0.0,0.0
2017-07-17 00:00:00-04:00,47.43180813318062,47.61717409830676,47.04725155699085,47.25437545776367,23310000,0.0,0.0
2017-07-18 00:00:00-04:00,47.23355655193846,47.978983236036925,47.114602588967614,47.84813690185547,23080000,0.0,0.0
2017-07-19 00:00:00-04:00,47.969064289148335,48.226794071521695,47.780230845206894,48.12023162841797,24490000,0.0,0.0
2017-07-20 00:00:00-04:00,48.323945332668856,48.36855023638544,47.65534066536201,47.984439849853516,32490000,0.0,0.0
2017-07-21 00:00:00-04:00,47.69201382495111,48.236215556662785,47.5879319397995,48.22085189819336,34220000,0.0,0.0
2017-07-24 00:00:00-04:00,48.18615404992949,48.879046293890184,48.1142893426539,48.58860397338867,64966000,0.0,0.0
2017-07-25 00:00:00-04:00,47.27370356988161,47.56563200302144,46.856880649316906,47.119564056396484,93220000,0.0,0.0
2017-07-26 00:00:00-04:00,47.31681772787403,47.332676742275865,46.70218449518055,46.97582244873047,41766000,0.0,0.0
2017-07-27 00:00:00-04:00,47.17309412439022,47.17309412439022,45.597980577791745,46.296321868896484,64260000,0.0,0.0
2017-07-28 00:00:00-04:00,46.06386765993554,46.779062364442815,45.96969672076949,46.66506576538086,36928000,0.0,0.0
2017-07-31 00:00:00-04:00,46.682908005280886,46.76716422023118,45.897330918128766,46.118385314941406,39402000,0.0,0.0
2017-08-01 00:00:00-04:00,46.21156480736973,46.4626999222412,46.0569299504487,46.134742736816406,25554000,0.0,0.0
2017-08-02 00:00:00-04:00,46.02471505774454,46.22247253188592,45.433427848405486,46.112937927246094,36488000,0.0,0.0
2017-08-03 00:00:00-04:00,46.11045703217754,46.20462797755606,45.708997791535616,45.77888107299805,24050000,0.0,0.0
2017-08-04 00:00:00-04:00,45.93252793169446,46.10882241102042,45.74815269001768,45.992496490478516,21646000,0.0,0.0
2017-08-07 00:00:00-04:00,46.047013719598674,46.17786004860959,45.92013403507328,46.06188201904297,20644000,0.0,0.0
2017-08-08 00:00:00-04:00,45.94937757753275,46.38176453625903,45.87602301106112,45.93450927734375,21232000,0.0,0.0
2017-08-09 00:00:00-04:00,45.6282132185726,45.89436792318393,45.46168218696002,45.74171447753906,23842000,0.0,0.0
2017-08-10 00:00:00-04:00,45.47654713696723,45.561302501804796,44.91053830184873,44.965553283691406,36480000,0.0,0.0
2017-08-11 00:00:00-04:00,45.001733509714654,45.487948124130625,44.88327867924698,45.31993103027344,24136000,0.0,0.0
2017-08-14 00:00:00-04:00,45.72336974051222,45.829334739909605,45.50826718223079,45.730308532714844,21290000,0.0,0.0
2017-08-15 00:00:00-04:00,45.807620050672234,45.92260735577141,45.589050015178046,45.70800018310547,17668000,0.0,0.0
2017-08-16 00:00:00-04:00,45.86016198430614,46.227422595761254,45.7687174045234,45.94293212890625,20134000,0.0,0.0
2017-08-17 00:00:00-04:00,45.88445136924276,45.937976493314295,45.150917053222656,45.150917053222656,25544000,0.0,0.0
2017-08-18 00:00:00-04:00,45.11770722447546,45.36378665572154,44.961287571557754,45.13555145263672,26854000,0.0,0.0
2017-08-21 00:00:00-04:00,45.10233836489991,45.2510289050195,44.7752206891798,44.936798095703125,18868000,0.0,0.0
2017-08-22 00:00:00-04:00,45.23715666809077,45.88841238676211,45.175448687547544,45.83042526245117,23334000,0.0,0.0
2017-08-23 00:00:00-04:00,45.69363317822737,46.09013504994346,45.56625434752815,45.944915771484375,21804000,0.0,0.0
2017-08-24 00:00:00-04:00,46.02718964820977,46.13523817389187,45.37494319356898,45.661415100097656,25406000,0.0,0.0
2017-08-25 00:00:00-04:00,45.77095185311461,45.87329809563272,45.37494532854684,45.39427185058594,21068000,0.0,0.0
2017-08-28 00:00:00-04:00,45.39972354322684,45.56055605023377,45.19502728145819,45.29117965698242,21730000,0.0,0.0
2017-08-29 00:00:00-04:00,44.85949165803512,45.763024568721775,44.85453429712248,45.66191482543945,23712000,0.0,0.0
2017-08-30 00:00:00-04:00,45.60045447527125,46.13420075894986,45.58062881381886,46.072296142578125,26024000,0.0,0.0
2017-08-31 00:00:00-04:00,46.18083633902578,46.687368146670835,46.18083633902578,46.556026458740234,31652000,0.0,0.0
2017-09-01 00:00:00-04:00,46.64524403051965,46.712155165628914,46.348857385648245,46.457401275634766,18948000,0.0,0.0
2017-09-05 00:00:00-04:00,46.24626017077665,46.44054635431601,45.69511965261337,46.01678466796875,26528000,0.0,0.0
2017-09-06 00:00:00-04:00,46.10104350366634,46.138959184334915,45.561799107792844,45.98506546020508,30554000,0.0,0.0
2017-09-07 00:00:00-04:00,46.17935337279952,46.41130946835167,45.777398741370845,46.388511657714844,24254000,0.0,0.0
2017-09-08 00:00:00-04:00,46.415270304649326,46.44004954405994,45.83984214086008,45.920135498046875,20230000,0.0,0.0
2017-09-11 00:00:00-04:00,46.30425554187604,46.50894804286481,45.94095773789694,46.048011779785156,25340000,0.0,0.0
2017-09-12 00:00:00-04:00,46.22197506116668,46.266084603222104,45.789338538647435,46.19620132446289,22688000,0.0,0.0
2017-09-13 00:00:00-04:00,46.12631785948276,46.45293644406891,46.086666538769016,46.345882415771484,22052000,0.0,0.0
2017-09-14 00:00:00-04:00,46.15556587417268,46.230901882040165,45.79623470820252,45.85124969482422,27952000,0.0,0.0
2017-09-15 00:00:00-04:00,45.82893905108892,45.919638702836146,45.417565119896544,45.61234664916992,50108000,0.0,0.0
2017-09-18 00:00:00-04:00,45.59846912411454,45.7010649280989,45.13208021553325,45.35015869140625,26138000,0.0,0.0
2017-09-19 00:00:00-04:00,45.470103782097716,45.7179188797923,45.22873211895012,45.687686920166016,18734000,0.0,0.0
2017-09-20 00:00:00-04:00,45.74567090572406,46.28590974787507,45.69709936167021,46.171913146972656,33396000,0.0,0.0
2017-09-21 00:00:00-04:00,46.242298111189214,46.417253994728554,45.78780531897334,46.21503829956055,25812000,0.0,0.0
2017-09-22 00:00:00-04:00,45.982087501700754,46.32803637520705,45.91914301774236,46.02074432373047,21054000,0.0,0.0
2017-09-25 00:00:00-04:00,45.86809083632222,45.915176305088636,45.08747487091886,45.64604949951172,37136000,0.0,0.0
2017-09-26 00:00:00-04:00,45.78235468585381,46.134251682043676,45.654480488067925,45.8388557434082,33338000,0.0,0.0
2017-09-27 00:00:00-04:00,45.98159314982164,47.07990748888992,45.98159314982164,46.811771392822266,44788000,0.0,0.0
2017-09-28 00:00:00-04:00,46.656648400727676,47.119070742602695,46.616501716585994,47.060089111328125,20406000,0.0,0.0
2017-09-29 00:00:00-04:00,47.18398849258519,47.56988741381392,47.15970461193366,47.53638458251953,31620000,0.0,0.0
2017-10-02 00:00:00-04:00,47.579503447306095,47.706383131527694,46.977806209638175,47.2469367980957,25668000,0.0,0.0
2017-10-03 00:00:00-04:00,47.283119775830826,47.48137260346329,47.04224347887654,47.47096252441406,17766000,0.0,0.0
2017-10-04 00:00:00-04:00,47.43180688918642,47.59982775939296,47.11906587799448,47.16813278198242,19048000,0.0,0.0
2017-10-05 00:00:00-04:00,47.356966334655965,48.12122792467321,47.34159889613479,48.07414245605469,24276000,0.0,0.0
2017-10-06 00:00:00-04:00,47.9125686390243,48.544993233324675,47.747028340250736,48.51674270629883,23478000,0.0,0.0
2017-10-09 00:00:00-04:00,48.57175957270392,48.84064061985048,48.378959455263136,48.42306900024414,17828000,0.0,0.0
2017-10-10 00:00:00-04:00,48.571755646328384,48.6495684318616,47.88183931111086,48.20499038696289,19368000,0.0,0.0
2017-10-11 00:00:00-04:00,48.2605018651065,49.102576286008215,48.187642656867574,49.030216217041016,33866000,0.0,0.0
2017-10-12 00:00:00-04:00,48.94100388857472,49.271589130605555,48.819573132185404,48.959835052490234,25248000,0.0,0.0
2017-10-13 00:00:00-04:00,49.16651629428479,49.42474148411755,49.017829497151816,49.05153274536133,23396000,0.0,0.0
2017-10-16 00:00:00-04:00,49.17146508106148,49.26102654124847,48.77000588304026,49.166507720947266,18210000,0.0,0.0
2017-10-17 00:00:00-04:00,49.081762337926804,49.3865738496306,48.997506112148244,49.175437927246094,25804000,0.0,0.0
2017-10-18 00:00:00-04:00,49.155117528642435,49.40045205864724,48.917462937454516,49.206661224365234,21152000,0.0,0.0
2017-10-19 00:00:00-04:00,48.869130873782346,49.011873351872744,48.491955552062436,48.79230880737305,26272000,0.0,0.0
2017-10-20 00:00:00-04:00,49.03963071439695,49.116948142148665,48.79875442617805,48.978172302246094,23664000,0.0,0.0
2017-10-23 00:00:00-04:00,49.04359964099293,49.04359964099293,47.88382304532027,47.999305725097656,29568000,0.0,0.0
2017-10-24 00:00:00-04:00,48.07612174989792,48.186647055154545,47.6300538846067,48.10288619995117,24244000,0.0,0.0
2017-10-25 00:00:00-04:00,47.99533913022962,48.37796720532662,47.606271402091835,48.241172790527344,24226000,0.0,0.0
2017-10-26 00:00:00-04:00,48.571753384849686,48.948433347430765,48.185162483334466,48.2030029296875,40842000,0.0,0.0
2017-10-27 00:00:00-04:00,50.01850388991994,51.96137338081978,49.96943698376949,50.51810073852539,103354000,0.0,0.0
2017-10-30 00:00:00-04:00,50.25689795075826,50.80060428564215,49.93473759708611,50.41103744506836,41702000,0.0,0.0
2017-10-31 00:00:00-04:00,50.31736626843949,50.75252872861655,50.079462129771606,50.38774490356445,26614000,0.0,0.0
2017-11-01 00:00:00-04:00,50.41599520205693,51.033551462656774,50.40310833404568,50.826873779296875,27468000,0.0,0.0
2017-11-02 00:00:00-04:00,50.641512235055686,50.955243971608176,50.207835812799736,50.830841064453125,20980000,0.0,0.0
2017-11-03 00:00:00-04:00,50.65885132115727,51.181245910245714,50.569637745041724,51.172821044921875,21528000,0.0,0.0
2017-11-06 00:00:00-05:00,50.999851331422136,51.29128060907478,50.80209385947873,50.84669876098633,22504000,0.0,0.0
2017-11-07 00:00:00-05:00,50.914604882674745,51.246680007647825,50.808541557194275,51.21495819091797,22246000,0.0,0.0
2017-11-08 00:00:00-05:00,51.07567893413679,51.720097953811255,50.973083130582,51.53810119628906,21774000,0.0,0.0
2017-11-09 00:00:00-05:00,51.24765878471669,51.24765878471669,50.537716448332034,51.11235046386719,24904000,0.0,0.0
2017-11-10 00:00:00-05:00,50.87445611713515,51.087573459469546,50.815969851452294,50.95425033569336,14400000,0.0,0.0
2017-11-13 00:00:00-05:00,50.723785019056805,51.12821640008872,50.68165690775591,50.839263916015625,17716000,0.0,0.0
2017-11-14 00:00:00-05:00,50.68264625417783,50.891800731272795,50.26433351862985,50.851654052734375,19184000,0.0,0.0
2017-11-15 00:00:00-05:00,50.515120491907886,50.75698749636638,50.327277749799485,50.59938049316406,17080000,0.0,0.0
2017-11-16 00:00:00-05:00,50.67918098881755,51.34332745356573,50.67918098881755,51.17382049560547,22594000,0.0,0.0
2017-11-17 00:00:00-05:00,51.248660624493155,51.26898164492409,50.44276616276948,50.509178161621094,27942000,0.0,0.0
2017-11-20 00:00:00-05:00,50.567163990757486,50.68363738271475,50.4303695804125,50.47398376464844,19070000,0.0,0.0
2017-11-21 00:00:00-05:00,50.718329234926216,51.30317295995189,50.68586627705375,51.27244186401367,21940000,0.0,0.0
2017-11-22 00:00:00-05:00,51.29772937581263,51.53097113749356,51.12078826245159,51.34531021118164,14926000,0.0,0.0
2017-11-24 00:00:00-05:00,51.34084690482736,51.70305567401102,51.29772807371071,51.575775146484375,10740000,0.0,0.0
2017-11-27 00:00:00-05:00,51.54553902841282,52.311782111493734,51.4682215971453,52.24982833862305,26158000,0.0,0.0
2017-11-28 00:00:00-05:00,52.29344647906179,52.65451325005542,51.545539199447106,51.91279983520508,28488000,0.0,0.0
2017-11-29 00:00:00-05:00,51.67836808782278,51.7477560126609,50.33868199915119,50.63655471801758,49188000,0.0,0.0
2017-11-30 00:00:00-05:00,50.671745414102254,50.97507085987507,50.30646619223063,50.62416458129883,34480000,0.0,0.0
2017-12-01 00:00:00-05:00,50.34610770032068,50.67768361008488,49.663130222543124,50.06706619262695,38192000,0.0,0.0
2017-12-04 00:00:00-05:00,50.1904890863447,50.36098675862927,49.34345722520145,49.497596740722656,38128000,0.0,0.0
2017-12-05 00:00:00-05:00,49.361789821191955,50.58450703634439,48.98213770271338,49.81826400756836,41346000,0.0,0.0
2017-12-06 00:00:00-05:00,49.63736206809779,50.800606132582104,49.61951783926049,50.47398376464844,25440000,0.0,0.0
2017-12-07 00:00:00-05:00,50.57558749657793,51.26005488780716,50.45866790750982,51.09600067138672,29164000,0.0,0.0
2017-12-08 00:00:00-05:00,51.42113341609649,51.64714140289178,51.174902726673054,51.39932632446289,25816000,0.0,0.0
2017-12-11 00:00:00-05:00,51.322500223878194,51.733870347925695,51.151507228176165,51.60005187988281,23856000,0.0,0.0
2017-12-12 00:00:00-05:00,51.527200195699436,52.0565336321197,51.23279876678965,51.56932830810547,25590000,0.0,0.0
2017-12-13 00:00:00-05:00,51.84886863960682,51.875878883460736,51.46524981852608,51.575775146484375,25654000,0.0,0.0
2017-12-14 00:00:00-05:00,51.793347926493986,52.46244783721542,51.69967235082273,51.9990348815918,31174000,0.0,0.0
2017-12-15 00:00:00-05:00,52.26965487498035,52.91447099410166,52.0163870607214,52.744468688964844,65518000,0.0,0.0
2017-12-18 00:00:00-05:00,52.8381421827059,53.4532178946438,52.63592271311894,53.38630676269531,31092000,0.0,0.0
2017-12-19 00:00:00-05:00,53.29014671063813,53.37143077309301,52.71274097148971,53.066123962402344,26774000,0.0,0.0
2017-12-20 00:00:00-05:00,53.12064590282017,53.19994475602121,52.61212891371734,52.78213119506836,25372000,0.0,0.0
2017-12-21 00:00:00-05:00,52.782141831187985,52.99922584152538,52.62571837396652,52.71671676635742,19914000,0.0,0.0
2017-12-22 00:00:00-05:00,52.591814401683315,52.7449631905208,52.509044251838525,52.542747497558594,15102000,0.0,0.0
2017-12-26 00:00:00-05:00,52.441141702564565,52.54274679629412,52.05107948304172,52.37522506713867,15212000,0.0,0.0
2017-12-27 00:00:00-05:00,52.407441307049346,52.456012855241546,51.944523634707004,52.009944915771484,25438000,0.0,0.0
2017-12-28 00:00:00-05:00,52.1204706107389,52.27659154332029,51.78195208802025,51.94898223876953,16742000,0.0,0.0
2017-12-29 00:00:00-05:00,51.87860239441568,52.02630224979931,51.78839809205581,51.86274337768555,17750000,0.0,0.0
2018-01-02 00:00:00-05:00,51.958894495455496,52.88076693962761,51.80475499062032,52.78461456298828,24752000,0.0,0.0
2018-01-03 00:00:00-05:00,52.75041735526322,53.83981155981523,52.69589773110589,53.650978088378906,28604000,0.0,0.0
2018-01-04 00:00:00-05:00,53.924559440954624,54.20062502899971,53.72640494877816,53.84525680541992,20092000,0.0,0.0
2018-01-05 00:00:00-05:00,54.22193821258216,54.72995986366835,54.12280991551092,54.62984085083008,25582000,0.0,0.0
2018-01-08 00:00:00-05:00,54.629846724989726,55.07789608812686,54.599614765413044,54.86328887939453,20952000,0.0,0.0
2018-01-09 00:00:00-05:00,54.9852115680415,55.043198693895555,54.58033021645551,54.82958221435547,18050000,0.0,0.0
2018-01-10 00:00:00-05:00,54.37558816327823,54.74731080900589,54.32652125805604,54.648681640625,20856000,0.0,0.0
2018-01-11 00:00:00-05:00,54.8315645389233,54.842715764024604,54.49899787346576,54.79290771484375,19566000,0.0,0.0
2018-01-12 00:00:00-05:00,54.63877043914098,55.723211128689684,54.576321302893405,55.622596740722656,34410000,0.0,0.0
2018-01-16 00:00:00-05:00,56.13060973555485,56.49737498705693,55.40312562391039,55.597808837890625,31506000,0.0,0.0
2018-01-17 00:00:00-05:00,55.818866014445625,56.13507832865972,55.362387992020274,56.104347229003906,24052000,0.0,0.0
2018-01-18 00:00:00-05:00,56.07608955749179,56.130609175850104,55.386668601831815,55.99579620361328,23964000,0.0,0.0
2018-01-19 00:00:00-05:00,56.096903480649964,56.395770652783774,55.92194762047957,56.378421783447266,35564000,0.0,0.0
2018-01-22 00:00:00-05:00,56.37743983441831,57.487155064561215,56.25948036120364,57.28543472290039,32360000,0.0,0.0
2018-01-23 00:00:00-05:00,57.48566162575603,58.06936336741268,57.43114200828808,57.987239837646484,26662000,0.0,0.0
2018-01-24 00:00:00-05:00,58.352029864364894,58.47742348535652,57.54514473378086,57.703250885009766,28332000,0.0,0.0
2018-01-25 00:00:00-05:00,58.11412648362555,58.28313807430303,57.629897083513974,58.00707244873047,29610000,0.0,0.0
2018-01-26 00:00:00-05:00,58.24050924741914,58.278175354003906,57.39942179759987,58.278175354003906,40376000,0.0,0.0
2018-01-29 00:00:00-05:00,58.30990180467592,58.82585301318156,58.086865950702276,58.26529312133789,27578000,0.0,0.0
2018-01-30 00:00:00-05:00,57.88117890111962,58.3118831686166,57.667562410808294,57.67599105834961,31126000,0.0,0.0
2018-01-31 00:00:00-05:00,58.016990043585,58.137430100684924,57.44999042655866,57.98576736450195,30774000,0.0,0.0
2018-02-01 00:00:00-05:00,57.62246346442768,58.18698623193474,57.37018636160835,57.87473678588867,48242000,0.0,0.0
2018-02-02 00:00:00-05:00,55.609699311450676,55.66273285486956,54.8800333811633,55.10911560058594,97158000,0.0,0.0
2018-02-05 00:00:00-05:00,54.053423166104565,55.01494687100167,52.14178033195127,52.32863235473633,75966000,0.0,0.0
2018-02-06 00:00:00-05:00,50.910146020766646,53.61281527756751,50.70976049056923,53.55780029296875,68960000,0.0,0.0
2018-02-07 00:00:00-05:00,53.60438284083807,53.61627899295201,51.95492425173527,51.970787048339844,47384000,0.0,0.0
2018-02-08 00:00:00-05:00,52.30931437239838,52.46841126514506,49.59573940743253,49.638362884521484,57182000,0.0,0.0
2018-02-09 00:00:00-05:00,50.417979273340805,51.74230544280613,49.19426748239539,51.435508728027344,70118000,0.0,0.0
2018-02-12 00:00:00-05:00,51.94203697123362,52.611136862569275,51.59152402426443,52.13731384277344,41154000,0.0,0.0
2018-02-13 00:00:00-05:00,51.79335145504905,52.45600797730068,51.74809994370887,52.14524841308594,25302000,0.0,0.0
2018-02-14 00:00:00-05:00,51.98912793691191,53.11767810911238,51.88009246973171,53.01756286621094,31116000,0.0,0.0
2018-02-15 00:00:00-05:00,53.48196440860326,54.0969947514831,52.751901368974934,53.999900817871094,36868000,0.0,0.0
2018-02-16 00:00:00-05:00,53.94488142307242,54.7507757533945,53.94007153587972,54.26158905029297,33590000,0.0,0.0
2018-02-20 00:00:00-05:00,54.051933472714296,55.21071541993259,53.950328390834436,54.641239166259766,28462000,0.0,0.0
2018-02-21 00:00:00-05:00,54.83999203142783,56.202974975028226,54.833053239420366,55.081363677978516,30258000,0.0,0.0
2018-02-22 00:00:00-05:00,55.3217502109681,55.650350258112816,54.647692820819394,54.84792709350586,26344000,0.0,0.0
2018-02-23 00:00:00-05:00,55.14580115766479,55.87140226207993,54.75296338407964,55.84711837768555,25220000,0.0,0.0
2018-02-26 00:00:00-05:00,55.89717519357597,56.69811607349837,55.84240977897008,56.687705993652344,31182000,0.0,0.0
2018-02-27 00:00:00-05:00,56.563301243061375,56.70207709410784,55.41145789801738,55.42583084106445,35482000,0.0,0.0
2018-02-28 00:00:00-05:00,55.660753937691084,55.883785994677325,54.67989992586077,54.75374984741211,37652000,0.0,0.0
2018-03-01 00:00:00-05:00,54.90938551132032,55.02090155263478,52.883794992882564,53.008644104003906,50318000,0.0,0.0
2018-03-02 00:00:00-05:00,52.19382109309138,53.62713353500574,51.94774165232952,53.47452926635742,45432000,0.0,0.0
2018-03-05 00:00:00-05:00,53.28718481323301,54.37558829913073,52.982868659692855,54.069786071777344,24044000,0.0,0.0
2018-03-06 00:00:00-05:00,54.48064976897818,54.61100072577489,54.01252905075577,54.27446746826172,30656000,0.0,0.0
2018-03-07 00:00:00-05:00,53.983541854583336,55.124978831939806,53.7997640691388,54.99710464477539,25850000,0.0,0.0
2018-03-08 00:00:00-05:00,55.278623277796704,55.887259338248796,55.15372501877887,55.80795669555664,27102000,0.0,0.0
2018-03-09 00:00:00-05:00,56.303588224000215,57.532752745817845,56.128186141581224,57.49508285522461,42560000,0.0,0.0
2018-03-12 00:00:00-04:00,57.683923539773055,58.33815527127775,57.36523064995878,57.71613693237305,43446000,0.0,0.0
2018-03-13 00:00:00-04:00,57.98873454892949,58.32378181105331,56.171258660272485,56.4111442565918,38144000,0.0,0.0
2018-03-14 00:00:00-04:00,56.76006043043749,57.423212279302156,56.5732046330465,56.97218704223633,25828000,0.0,0.0
2018-03-15 00:00:00-04:00,56.99548518180523,57.54662566044222,56.23122358979444,56.97665023803711,27908000,0.0,0.0
2018-03-16 00:00:00-04:00,57.20265991148329,57.288897562614316,56.10335106900717,56.29020309448242,61840000,0.0,0.0
2018-03-19 00:00:00-04:00,55.51108256301997,55.60921638308677,53.9746295662952,54.510406494140625,56118000,0.0,0.0
2018-03-20 00:00:00-04:00,54.469757958588445,54.77704625249041,53.699548229413,54.40582275390625,36638000,0.0,0.0
2018-03-21 00:00:00-04:00,54.15948839332347,54.83156046647603,53.783303789870494,54.067298889160156,37578000,0.0,0.0
2018-03-22 00:00:00-04:00,53.62123742036332,53.67179039581671,51.838455677143266,51.995567321777344,53340000,0.0,0.0
2018-03-23 00:00:00-04:00,51.89396466161055,52.70332651248,50.614742618704646,50.63208770751953,43134000,0.0,0.0
2018-03-26 00:00:00-04:00,51.84291808532892,52.32021247802906,49.979347477366765,52.20026779174805,53302000,0.0,0.0
2018-03-27 00:00:00-04:00,52.68549540823093,52.77664127588541,49.410369973598854,49.8157958984375,61906000,0.0,0.0
2018-03-28 00:00:00-04:00,49.463895632746706,50.763930414714515,48.60348157250914,49.78902816772461,67386000,0.0,0.0
2018-03-29 00:00:00-04:00,50.13942876322866,51.69422089991106,49.706743141770005,51.13861846923828,54536000,0.0,0.0
2018-04-02 00:00:00-04:00,50.694042462794755,51.287810202970185,49.08572502676013,49.883689880371094,53608000,0.0,0.0
2018-04-03 00:00:00-04:00,50.25243655709297,50.60334279818786,49.269105753118744,50.227657318115234,45502000,0.0,0.0
2018-04-04 00:00:00-04:00,49.23639220396824,50.98636292100444,49.21607118805526,50.809024810791016,49694000,0.0,0.0
2018-04-05 00:00:00-04:00,51.61146263233676,51.68382270746155,50.560774375952164,50.941368103027344,27260000,0.0,0.0
2018-04-06 00:00:00-04:00,50.55427704510975,51.12028584892392,49.7131933472958,49.91194152832031,34928000,0.0,0.0
2018-04-09 00:00:00-04:00,50.39566936288077,51.52570540029577,50.26085640091426,50.328758239746094,35032000,0.0,0.0
2018-04-10 00:00:00-04:00,50.87346904030427,51.361169771971674,50.125070099345564,51.13119888305664,39490000,0.0,0.0
2018-04-11 00:00:00-04:00,50.95028411772291,51.11750710582636,50.34957761002071,50.55278778076172,29678000,0.0,0.0
2018-04-12 00:00:00-04:00,50.80408359620653,51.579746170991974,50.62541060996776,51.174320220947266,27140000,0.0,0.0
2018-04-13 00:00:00-04:00,51.58915350253646,51.8637330489473,50.70197501630287,51.013729095458984,24460000,0.0,0.0
2018-04-16 00:00:00-04:00,51.39684776600565,51.706121268252005,50.888334502503376,51.44541931152344,24224000,0.0,0.0
2018-04-17 00:00:00-04:00,52.1090685149295,53.42298454979377,51.95492523649208,53.238609313964844,46406000,0.0,0.0
2018-04-18 00:00:00-04:00,53.40068111758173,53.40068111758173,52.845328161113194,53.135520935058594,26882000,0.0,0.0
2018-04-19 00:00:00-04:00,53.002690537670745,54.230115573972604,52.94222284135775,53.909690856933594,34954000,0.0,0.0
2018-04-20 00:00:00-04:00,53.62718371679614,54.1401627657886,53.011117281443425,53.179134368896484,37794000,0.0,0.0
2018-04-23 00:00:00-04:00,53.42199519627016,53.662871489816716,52.57149212811595,52.906044006347656,46826000,0.0,0.0
2018-04-24 00:00:00-04:00,52.1402893466198,52.3881044172432,50.08788550648322,50.55328369140625,95206000,0.0,0.0
2018-04-25 00:00:00-04:00,50.82786496878673,51.173318493398014,50.32182473179223,50.61275863647461,47822000,0.0,0.0
2018-04-26 00:00:00-04:00,51.02562418933969,51.94105325173784,50.4645726949566,51.547523498535156,41590000,0.0,0.0
2018-04-27 00:00:00-04:00,51.84291026167658,52.01638004896413,50.83132899615963,51.0523796081543,32396000,0.0,0.0
2018-04-30 00:00:00-04:00,51.050401585035885,51.39684582487442,50.39815135992986,50.42194366455078,33426000,0.0,0.0
2018-05-01 00:00:00-04:00,50.240044346991866,51.46970413806588,49.96992682334237,51.41221237182617,28558000,0.0,0.0
2018-05-02 00:00:00-04:00,50.95573375315911,51.564815976846795,50.69652166913743,50.7713623046875,32062000,0.0,0.0
2018-05-03 00:00:00-04:00,50.504721375125214,51.033805286266215,49.87477350522396,50.7386589050293,36302000,0.0,0.0
2018-05-04 00:00:00-04:00,50.40062966395485,51.96731428292707,50.40062966395485,51.95244598388672,38774000,0.0,0.0
2018-05-07 00:00:00-04:00,52.00300183308082,52.6200627468886,51.89743387896932,52.27857208251953,29322000,0.0,0.0
2018-05-08 00:00:00-04:00,52.46443414675418,52.56405780743735,51.899665625346906,52.23495864868164,24354000,0.0,0.0
2018-05-09 00:00:00-04:00,52.44262646338202,53.797679907056114,52.356634599643414,53.664852142333984,40656000,0.0,0.0
2018-05-10 00:00:00-04:00,53.82691936575214,54.54112334647253,53.807592845326134,54.39888000488281,28860000,0.0,0.0
2018-05-11 00:00:00-04:00,54.202117187593196,54.58524062034979,54.06879405972842,54.43307876586914,25074000,0.0,0.0
2018-05-14 00:00:00-04:00,54.519317271106544,55.05211817734915,54.475207729926716,54.52922821044922,30362000,0.0,0.0
2018-05-15 00:00:00-04:00,54.02368644907425,54.02616323853993,53.204409870123506,53.489891052246094,29898000,0.0,0.0
2018-05-16 00:00:00-04:00,53.39473306807265,53.98750630381493,53.342690238537934,53.61578369140625,21946000,0.0,0.0
2018-05-17 00:00:00-04:00,53.52260622068786,53.86855511506313,53.205898568882155,53.45817565917969,20876000,0.0,0.0
2018-05-18 00:00:00-04:00,52.628980616934484,53.029452886298095,52.57049813590889,52.85201644897461,31304000,0.0,0.0
2018-05-21 00:00:00-04:00,53.23365148217446,53.924562307173915,53.213330464340416,53.507240295410156,20464000,0.0,0.0
2018-05-22 00:00:00-04:00,53.704504922451825,53.85467778069562,52.86837478592543,53.019046783447266,21800000,0.0,0.0
2018-05-23 00:00:00-04:00,52.791057141479094,53.566719576412765,52.62155019961464,53.5126953125,21214000,0.0,0.0
2018-05-24 00:00:00-04:00,53.47849462530637,53.551350049975206,52.84160805935824,53.49039077758789,15336000,0.0,0.0
2018-05-25 00:00:00-04:00,53.47948878089245,53.65494002221892,53.21953174545051,53.312957763671875,17988000,0.0,0.0
2018-05-29 00:00:00-04:00,52.77916526739839,53.19945947866934,52.29989320825482,52.55266189575195,37302000,0.0,0.0
2018-05-30 00:00:00-04:00,52.68697134467851,52.99326889492697,52.37967929731005,52.92338562011719,22770000,0.0,0.0
2018-05-31 00:00:00-04:00,52.91148636439122,54.38004089044266,52.91148636439122,53.77537155151367,61766000,0.0,0.0
2018-06-01 00:00:00-04:00,54.487110850576464,55.51058853675774,54.444982732682156,55.48580551147461,48432000,0.0,0.0
2018-06-04 00:00:00-04:00,55.62606354408072,56.595516823717695,55.60995495800922,56.466651916503906,37792000,0.0,0.0
2018-06-05 00:00:00-04:00,56.550905800245005,56.786231057404436,56.16431487596123,56.484989166259766,33560000,0.0,0.0
2018-06-06 00:00:00-04:00,56.60939415031114,56.65053154633762,55.79522235021428,56.347206115722656,33964000,0.0,0.0
2018-06-07 00:00:00-04:00,56.07163788719694,56.29466996554954,55.33810352445262,55.70189666748047,30400000,0.0,0.0
2018-06-08 00:00:00-04:00,55.42037255977122,55.84116207351596,55.12150537071799,55.55369567871094,25816000,0.0,0.0
2018-06-11 00:00:00-04:00,55.44118790118947,56.36603241369824,55.44118790118947,56.00571060180664,21586000,0.0,0.0
2018-06-12 00:00:00-04:00,56.059238671141706,56.49142518329354,56.042634728897504,56.46813201904297,18240000,0.0,0.0
2018-06-13 00:00:00-04:00,56.55735353355148,56.8240035812837,56.173734727555285,56.24361801147461,30128000,0.0,0.0
2018-06-14 00:00:00-04:00,56.692658778430165,57.26857853250526,56.533561915339945,57.102542877197266,26868000,0.0,0.0
2018-06-15 00:00:00-04:00,56.94096936620341,57.16697736244102,56.674568902034096,57.10948181152344,42450000,0.0,0.0
2018-06-18 00:00:00-04:00,56.68274609944155,58.20234921259643,56.67977395182321,58.160221099853516,28274000,0.0,0.0
2018-06-19 00:00:00-04:00,57.41875882570339,58.05167881291205,57.1962221026544,57.892581939697266,32420000,0.0,0.0
2018-06-20 00:00:00-04:00,58.25190121569546,58.79590623070881,57.94708975873782,57.98079299926758,32970000,0.0,0.0
2018-06-21 00:00:00-04:00,58.22910235790307,58.35028352358595,57.10808487741561,57.377113342285156,24762000,0.0,0.0
2018-06-22 00:00:00-04:00,57.45048040668599,57.61686395685321,56.86166996758828,57.26907730102539,26220000,0.0,0.0
2018-06-25 00:00:00-04:00,56.68027340363864,56.695637063492995,55.15274067181322,55.748985290527344,43146000,0.0,0.0
2018-06-26 00:00:00-04:00,55.907086066242535,56.16530745512044,55.34499095091755,55.43425369262695,31264000,0.0,0.0
2018-06-27 00:00:00-04:00,55.57698954638176,56.097202276140905,54.69873139533571,54.716575622558594,25878000,0.0,0.0
2018-06-28 00:00:00-04:00,54.62290768223141,55.62507350411707,54.32156367828574,55.22410583496094,21448000,0.0,0.0
2018-06-29 00:00:00-04:00,55.510580831027845,55.918336033100005,55.262765738032186,55.29498291015625,26302000,0.0,0.0
2018-07-02 00:00:00-04:00,54.46975395572342,55.907082139460066,54.212024161514066,55.88031768798828,24346000,0.0,0.0
2018-07-03 00:00:00-04:00,56.29466938457959,56.29466938457959,54.52031237223754,54.662559509277344,13580000,0.0,0.0
2018-07-05 00:00:00-04:00,55.04121762350186,55.882301321006906,54.939612531755905,55.72221374511719,21334000,0.0,0.0
2018-07-06 00:00:00-04:00,55.68801281709786,56.54793142331497,55.547104295299896,56.51026153564453,19922000,0.0,0.0
2018-07-09 00:00:00-04:00,56.92213081298989,57.228927507001806,56.671343592585885,57.19819641113281,18180000,0.0,0.0
2018-07-10 00:00:00-04:00,57.34341716726419,57.47277742528411,56.977147266290075,57.13822555541992,15968000,0.0,0.0
2018-07-11 00:00:00-04:00,56.72933381063122,57.705725856815306,56.551402003692765,57.190765380859375,22400000,0.0,0.0
2018-07-12 00:00:00-04:00,57.48764908980958,58.7029360350934,57.29162725970162,58.65684127807617,25038000,0.0,0.0
2018-07-13 00:00:00-04:00,58.73217618521557,59.248475267781004,58.48436109582648,58.9215087890625,24438000,0.0,0.0
2018-07-16 00:00:00-04:00,58.94975861987424,59.02955283915122,58.4486757285241,58.67567443847656,21114000,0.0,0.0
2018-07-17 00:00:00-04:00,58.098761712368784,59.62629430833079,58.01846835171621,59.41614532470703,32208000,0.0,0.0
2018-07-18 00:00:00-04:00,59.30512658684875,59.698656332058874,58.99684378436059,59.27142333984375,27872000,0.0,0.0
2018-07-19 00:00:00-04:00,59.0295532587699,59.47562117384537,58.64891040253931,58.82931900024414,25534000,0.0,0.0
2018-07-20 00:00:00-04:00,58.82932345466273,59.31999630771927,58.69351974750363,58.727718353271484,24948000,0.0,0.0
2018-07-23 00:00:00-04:00,58.534413971157385,59.797281621388024,58.53391861327654,59.74821472167969,52384000,0.0,0.0
2018-07-24 00:00:00-04:00,62.577777321521374,62.74678513934898,61.23808738388838,61.85861587524414,66364000,0.0,0.0
2018-07-25 00:00:00-04:00,61.415022109278226,62.73983982627809,61.415022109278226,62.63278579711914,42556000,0.0,0.0
2018-07-26 00:00:00-04:00,62.00333853923359,62.93368505691505,61.90520472564256,62.862266540527344,48112000,0.0,0.0
2018-07-27 00:00:00-04:00,62.994594767845605,63.13783261508171,61.01207405898275,61.38379669189453,42612000,0.0,0.0
2018-07-30 00:00:00-04:00,60.86387879126687,61.2061597479148,60.04410686264964,60.4539909362793,36998000,0.0,0.0
2018-07-31 00:00:00-04:00,60.46737662990437,60.8429638086957,59.753172610873996,60.331077575683594,32894000,0.0,0.0
2018-08-01 00:00:00-04:00,60.86338700361741,61.134495257305666,59.981661255036364,60.467376708984375,31344000,0.0,0.0
2018-08-02 00:00:00-04:00,59.768042300663474,60.95656478719982,59.71302731977951,60.77169418334961,30626000,0.0,0.0
2018-08-03 00:00:00-04:00,60.94367216081239,60.96250710437515,60.222034043072966,60.6507568359375,21792000,0.0,0.0
2018-08-06 00:00:00-04:00,60.71469364096677,60.76861958701255,60.25856355417632,60.70329284667969,21634000,0.0,0.0
2018-08-07 00:00:00-04:00,61.30944812842902,62.01175596121125,61.26831073516874,61.56816864013672,29880000,0.0,0.0
2018-08-08 00:00:00-04:00,61.481433108783975,62.27593046491204,61.35940868487899,61.73618698120117,27406000,0.0,0.0
2018-08-09 00:00:00-04:00,61.94881196724852,62.228447172054636,61.756011867351965,61.90916442871094,16972000,0.0,0.0
2018-08-10 00:00:00-04:00,61.60683273981663,61.74040543601889,61.06163651802856,61.33968734741211,22174000,0.0,0.0
2018-08-13 00:00:00-04:00,61.30846150952368,61.917740414458095,61.14297036729143,61.21082305908203,19946000,0.0,0.0
2018-08-14 00:00:00-04:00,61.21973635635961,61.74906972604352,60.72014336566318,61.562217712402344,26962000,0.0,0.0
2018-08-15 00:00:00-04:00,60.925836423052814,61.22222305736102,59.946963797670456,60.18833923339844,36576000,0.0,0.0
2018-08-16 00:00:00-04:00,60.701307456225145,60.764251936930165,59.601998700872485,59.797279357910156,26864000,0.0,0.0
2018-08-17 00:00:00-04:00,59.57623453602742,59.92267878317328,58.892757842029816,59.52320098876953,27792000,0.0,0.0
2018-08-20 00:00:00-04:00,59.724418737448296,60.020805330314715,59.20926169855175,59.8607177734375,17416000,0.0,0.0
2018-08-21 00:00:00-04:00,59.872131968952125,60.331083010682484,59.49317178455923,59.5559196472168,24112000,0.0,0.0
2018-08-22 00:00:00-04:00,59.47562281686445,60.062448024214,59.42606055412205,59.83892059326172,17748000,0.0,0.0
2018-08-23 00:00:00-04:00,59.829499793637936,60.53032159169438,59.68577036954264,59.742271423339844,19852000,0.0,0.0
2018-08-24 00:00:00-04:00,59.91276988821223,60.54866199366497,59.79079461603556,60.49909973144531,18932000,0.0,0.0
2018-08-27 00:00:00-04:00,60.84355902843554,61.61128814376347,60.75018217391204,61.548343658447266,23126000,0.0,0.0
2018-08-28 00:00:00-04:00,61.522069640288045,61.58427297445704,60.89757841609294,61.019500732421875,26080000,0.0,0.0
2018-08-29 00:00:00-04:00,61.331754492391035,61.98648149937057,61.27768107342781,61.91907501220703,25978000,0.0,0.0
2018-08-30 00:00:00-04:00,61.66778808878579,62.13393120687263,61.090877652707185,61.41452407836914,26628000,0.0,0.0
2018-08-31 00:00:00-04:00,61.20933402463024,61.39172404789836,60.034938754146864,60.37717056274414,36328000,0.0,0.0
2018-09-04 00:00:00-04:00,59.68725662098215,60.11944695447001,59.103898931425825,59.32693099975586,36620000,0.0,0.0
2018-09-05 00:00:00-04:00,59.16832917562435,59.42655434317317,57.5922250613328,58.8055305480957,41226000,0.0,0.0
2018-09-06 00:00:00-04:00,58.79660317185228,58.79660317185228,57.096591610763404,58.060096740722656,37770000,0.0,0.0
2018-09-07 00:00:00-04:00,57.4271799013355,58.24943244922658,57.35506562009792,57.73249053955078,28026000,0.0,0.0
2018-09-10 00:00:00-04:00,58.09727525998911,58.21374865542585,57.498553908567864,57.72307205200195,22308000,0.0,0.0
2018-09-11 00:00:00-04:00,57.5738903102379,58.41893690376522,57.30674491389054,58.353515625,24186000,0.0,0.0
2018-09-12 00:00:00-04:00,58.123542493466914,58.41546711891527,57.41181527488311,57.63286590576172,25910000,0.0,0.0
2018-09-13 00:00:00-04:00,58.02540510409571,58.415467317224135,57.634355956503995,58.252899169921875,28624000,0.0,0.0
2018-09-14 00:00:00-04:00,58.43975979212019,58.505430643596426,57.905964332418314,58.11412811279297,18880000,0.0,0.0
2018-09-17 00:00:00-04:00,57.995666321331925,58.34756327394448,57.197206119713535,57.297325134277344,26130000,0.0,0.0
2018-09-18 00:00:00-04:00,57.3488697256316,58.29007242346633,57.3488697256316,57.553565979003906,24072000,0.0,0.0
2018-09-19 00:00:00-04:00,57.73992885254695,58.14783154808003,57.22447297946041,58.04275894165039,23828000,0.0,0.0
2018-09-20 00:00:00-04:00,58.48386427677112,58.97453708272249,58.15526047817231,58.82485580444336,24508000,0.0,0.0
2018-09-21 00:00:00-04:00,59.07911277396556,59.08952285248988,57.7924565629529,57.79493713378906,88112000,0.0,0.0
2018-09-24 00:00:00-04:00,57.352843188040154,58.3852410198256,56.84432610186607,58.15576171875,25420000,0.0,0.0
2018-09-25 00:00:00-04:00,58.29354737440025,58.825361414775166,57.88961131567648,58.7148323059082,19554000,0.0,0.0
2018-09-26 00:00:00-04:00,58.73960183187211,59.18963254726274,58.22489099425318,58.50864028930664,29246000,0.0,0.0
2018-09-27 00:00:00-04:00,58.81792108194786,59.57970597094172,58.664276929769244,59.209964752197266,25216000,0.0,0.0
2018-09-28 00:00:00-04:00,59.07267108242856,59.24812609796649,58.70739189059745,59.151973724365234,27612000,0.0,0.0
2018-10-01 00:00:00-04:00,59.47016275229733,59.966288239087135,58.99485364016952,59.2431640625,27152000,0.0,0.0
2018-10-02 00:00:00-04:00,59.02756942540632,59.96926747861509,58.81296223325491,59.48107147216797,33758000,0.0,0.0
2018-10-03 00:00:00-04:00,59.72343507825624,59.79331835698387,59.16981778543246,59.621829986572266,25124000,0.0,0.0
2018-10-04 00:00:00-04:00,59.24416379520018,59.352212329282196,57.27383785853129,57.899024963378906,44190000,0.0,0.0
2018-10-05 00:00:00-04:00,57.86482351599098,58.16220086772443,56.75560368739669,57.361759185791016,23686000,0.0,0.0
2018-10-08 00:00:00-04:00,57.00292363111253,57.889606752460466,55.875560841761654,56.9464225769043,38648000,0.0,0.0
2018-10-09 00:00:00-04:00,56.806653371235285,57.21306997723448,56.38150391634357,56.443359375,26174000,0.0,0.0
2018-10-10 00:00:00-04:00,56.05973981210883,56.113764077040386,53.58406567674025,53.58852767944336,53514000,0.0,0.0
2018-10-11 00:00:00-04:00,53.178149547001844,54.83652863821831,52.94669258792066,53.494361877441406,58980000,0.0,0.0
2018-10-12 00:00:00-04:00,54.9158297222371,55.262769362643034,53.84536495054754,55.0189208984375,42026000,0.0,0.0
2018-10-15 00:00:00-04:00,54.96092435614643,55.185741220105506,53.974126023213124,54.13520431518555,27448000,0.0,0.0
2018-10-16 00:00:00-04:00,54.746810487025556,55.71973119968962,54.643223967313794,55.57401657104492,38570000,0.0,0.0
2018-10-17 00:00:00-04:00,55.830758157166926,55.95615177381244,54.62786276262704,55.29696273803711,29344000,0.0,0.0
2018-10-18 00:00:00-04:00,55.6017766067806,55.6017766067806,53.38383225045247,53.92307662963867,41890000,0.0,0.0
2018-10-19 00:00:00-04:00,54.19071568727616,55.03279389942778,53.91217328223461,54.343868255615234,25352000,0.0,0.0
2018-10-22 00:00:00-04:00,54.670979869122036,55.125472631441305,54.073249265691764,54.57680892944336,30284000,0.0,0.0
2018-10-23 00:00:00-04:00,53.5721694755308,54.91037324264322,53.03242974734496,54.70220947265625,36974000,0.0,0.0
2018-10-24 00:00:00-04:00,54.729960735207705,54.822641818553365,51.97871653685111,52.07635498046875,39648000,0.0,0.0
2018-10-25 00:00:00-04:00,53.12114734821992,55.06352138334362,53.01012667220117,54.29975509643555,50916000,0.0,0.0
2018-10-26 00:00:00-04:00,51.39833896649261,54.84296726914689,51.25262054476684,53.105289459228516,83752000,0.0,0.0
2018-10-29 00:00:00-04:00,53.65047856937193,54.37261207312094,49.35633815127183,50.55824279785156,77614000,0.0,0.0
2018-10-30 00:00:00-04:00,49.98232572490899,51.42114019957384,49.60019297825797,51.35770034790039,64254000,0.0,0.0
2018-10-31 00:00:00-04:00,52.52738118813789,54.119839615910436,52.388106209599655,53.36796951293945,50596000,0.0,0.0
2018-11-01 00:00:00-04:00,53.31989898594536,53.72507532198954,52.658728466236475,53.032432556152344,29640000,0.0,0.0
2018-11-02 00:00:00-04:00,53.2172928174626,53.675502616214,52.26964676820295,52.4272575378418,36780000,0.0,0.0
2018-11-05 00:00:00-05:00,52.28898248310602,52.460966211111426,50.61573531590441,51.54999923706055,48828000,0.0,0.0
2018-11-06 00:00:00-05:00,51.51976637103047,52.75215263161339,51.44988308853361,52.329132080078125,24666000,0.0,0.0
2018-11-07 00:00:00-05:00,52.982864151386096,54.2942996011444,52.82921623251837,54.19170379638672,41168000,0.0,0.0
2018-11-08 00:00:00-05:00,54.09208416908417,54.18575975079391,53.141711681832206,53.64700698852539,29764000,0.0,0.0
2018-11-09 00:00:00-05:00,53.23018225590334,53.30799503808962,52.19530401623175,52.84160614013672,26864000,0.0,0.0
2018-11-12 00:00:00-05:00,52.60569694671272,52.64187698547148,51.099475951865216,51.47764205932617,29436000,0.0,0.0
2018-11-13 00:00:00-05:00,51.708601539106446,52.368531723431836,51.10690427005026,51.34976577758789,30274000,0.0,0.0
2018-11-14 00:00:00-05:00,52.0411671951963,52.2673718157599,51.09946912777352,51.72693634033203,31318000,0.0,0.0
2018-11-15 00:00:00-05:00,51.77898043202885,53.12411918644081,51.13813097768939,52.770240783691406,36722000,0.0,0.0
2018-11-16 00:00:00-05:00,52.50755413326892,52.883734963032985,51.990612255004436,52.61064529418945,33162000,0.0,0.0
2018-11-19 00:00:00-05:00,52.39802028346971,52.57595208283473,50.36890956355766,50.55427551269531,37172000,0.0,0.0
2018-11-20 00:00:00-05:00,49.56302197995498,51.13615408239996,49.36575985168744,50.83976364135742,48982000,0.0,0.0
2018-11-21 00:00:00-05:00,51.384953951731084,51.96979769455439,51.22189044853534,51.42708206176758,30686000,0.0,0.0
2018-11-23 00:00:00-05:00,51.04990361544537,51.42608821681462,50.67317449855005,50.746578216552734,13830000,0.0,0.0
2018-11-26 00:00:00-05:00,51.46375829411763,52.00696929368195,51.24369837743777,51.97277069091797,38856000,0.0,0.0
2018-11-27 00:00:00-05:00,51.59510278853573,52.41686001532033,51.47069988125706,51.76411437988281,36064000,0.0,0.0
2018-11-28 00:00:00-05:00,51.979710661046624,53.86706972734443,51.33538991232638,53.83683776855469,49508000,0.0,0.0
2018-11-29 00:00:00-05:00,53.33377013183804,54.23408121203102,53.32980348733456,53.939430236816406,29378000,0.0,0.0
2018-11-30 00:00:00-05:00,53.97759249293122,54.299752852052976,53.42298449368208,54.24325180053711,51604000,0.0,0.0
2018-12-03 00:00:00-05:00,55.666205640572024,55.74104249519383,54.70096487348964,54.83800506591797,39824000,0.0,0.0
2018-12-04 00:00:00-05:00,54.67395767916018,54.738392026185664,52.040181056343265,52.08181381225586,46904000,0.0,0.0
2018-12-06 00:00:00-05:00,51.261042271311915,53.09190006416395,51.088067842636164,52.969478607177734,55384000,0.0,0.0
2018-12-07 00:00:00-05:00,52.537288687737636,53.293125385783256,50.975557677474605,51.37602615356445,42024000,0.0,0.0
2018-12-10 00:00:00-05:00,51.300199475335404,51.9643458706168,50.7173409354567,51.52323532104492,36154000,0.0,0.0
2018-12-11 00:00:00-05:00,52.362831193714555,52.566532948542815,51.53760653314384,52.12790298461914,27894000,0.0,0.0
2018-12-12 00:00:00-05:00,52.93330431433464,53.60983844585815,52.675079147311514,52.71918869018555,30476000,0.0,0.0
2018-12-13 00:00:00-05:00,52.93676454512744,53.516155506037286,52.23594284648436,52.63096237182617,26596000,0.0,0.0
2018-12-14 00:00:00-05:00,52.040173788585214,52.66565953717831,51.58469032690577,51.64961624145508,33732000,0.0,0.0
2018-12-17 00:00:00-05:00,51.422121694518836,52.197288705394335,49.954561595645075,50.38228988647461,47708000,0.0,0.0
2018-12-18 00:00:00-05:00,50.85611393169102,52.015391293689426,50.625643948827204,50.98596954345703,43850000,0.0,0.0
2018-12-19 00:00:00-05:00,51.24766238069987,52.63591987548292,49.96199690756288,50.703460693359375,49586000,0.0,0.0
2018-12-20 00:00:00-05:00,50.46160168747826,51.2590675103037,49.3826137231535,50.02941131591797,53470000,0.0,0.0
2018-12-21 00:00:00-05:00,50.32132949032405,50.75351980619261,48.25901463515496,48.54895782470703,91920000,0.0,0.0
2018-12-24 00:00:00-05:00,48.26941973003247,49.7384659434398,48.08157699328746,48.38440704345703,31806000,0.0,0.0
2018-12-26 00:00:00-05:00,49.018322508160225,51.545540394042746,48.72044978883565,51.518775939941406,47466000,0.0,0.0
2018-12-27 00:00:00-05:00,50.4130210549695,51.73833791772793,49.414326562383096,51.73784255981445,42196000,0.0,0.0
2018-12-28 00:00:00-05:00,52.022337064938945,52.31674228673451,51.20355574687359,51.40081787109375,28296000,0.0,0.0
2018-12-31 00:00:00-05:00,52.08875131786357,52.17498897525523,50.73221171585902,51.32795715332031,29866000,0.0,0.0
2019-01-02 00:00:00-05:00,50.38427393469616,52.15615402231458,50.341650467033794,51.835479736328125,30652000,0.0,0.0
2019-01-03 00:00:00-05:00,51.59510067338943,52.38711748454018,50.260368213364714,50.35900115966797,36822000,0.0,0.0
2019-01-04 00:00:00-05:00,51.17827512673147,53.074058943007344,50.92193308885542,53.0676155090332,41878000,0.0,0.0
2019-01-07 00:00:00-05:00,53.10677236808774,53.23067990801265,52.27708569594955,52.95262908935547,39638000,0.0,0.0
2019-01-08 00:00:00-05:00,53.33526028396007,53.75406839856641,52.56306911523096,53.343685150146484,35298000,0.0,0.0
2019-01-09 00:00:00-05:00,53.60983381021651,53.658405351513046,52.853997100830796,53.263389587402344,23986000,0.0,0.0
2019-01-10 00:00:00-05:00,52.916453745985166,53.08942820303813,52.423304113442754,53.04878616333008,29128000,0.0,0.0
2019-01-11 00:00:00-05:00,52.694403933010385,52.72389474217079,51.965827045487536,52.39752197265625,30416000,0.0,0.0
2019-01-14 00:00:00-05:00,51.88850992571477,52.116994688260064,51.60773654777698,51.777984619140625,22886000,0.0,0.0
2019-01-15 00:00:00-05:00,52.04959342450191,53.53053587835969,51.90933150627294,53.386802673339844,29272000,0.0,0.0
2019-01-16 00:00:00-05:00,53.52806135304468,54.141405235258304,53.49534882221873,53.57613754272461,26636000,0.0,0.0
2019-01-17 00:00:00-05:00,53.50178826890117,54.11290110415514,53.205897002419576,54.01873016357422,24854000,0.0,0.0
2019-01-18 00:00:00-05:00,54.5193202026271,54.93326926753395,54.06829492044433,54.43307876586914,39112000,0.0,0.0
2019-01-22 00:00:00-05:00,53.924566777033554,54.098531947105535,52.70878445556371,53.058204650878906,32270000,0.0,0.0
2019-01-23 00:00:00-05:00,53.396717435169414,53.77240293136855,52.52440726464751,53.308494567871094,19340000,0.0,0.0
2019-01-24 00:00:00-05:00,53.35359745282718,53.50203844565543,52.57149159821509,53.22572326660156,27226000,0.0,0.0
2019-01-25 00:00:00-05:00,53.77587192681532,54.221939823493685,53.6182611439437,54.07275390625,22382000,0.0,0.0
2019-01-28 00:00:00-05:00,53.53350458061459,53.676742408379454,52.725129723651925,53.0363883972168,25686000,0.0,0.0
2019-01-29 00:00:00-05:00,53.16525070282579,53.28767215949223,52.33185080213348,52.56752014160156,20436000,0.0,0.0
2019-01-30 00:00:00-05:00,52.95461357893241,54.073248928288876,52.87630165520224,53.97709655761719,25596000,0.0,0.0
2019-01-31 00:00:00-05:00,54.66800905193248,55.37824641727424,54.29182442332058,55.330665588378906,30766000,0.0,0.0
2019-02-01 00:00:00-05:00,55.13389964142747,55.758394721083896,54.76168165203607,55.052120208740234,29244000,0.0,0.0
2019-02-04 00:00:00-05:00,55.14678606424278,56.14498519897461,54.96637746841487,56.14498519897461,51530000,0.0,0.0
2019-02-05 00:00:00-05:00,55.75046081941512,56.841340964475094,55.37417789966803,56.7987174987793,71044000,0.0,0.0
2019-02-06 00:00:00-05:00,56.480525134854716,56.848776459240455,55.15223618704957,55.27416229248047,42112000,0.0,0.0
2019-02-07 00:00:00-05:00,54.72550083493149,54.759204079631225,53.82543551167955,54.45538330078125,40896000,0.0,0.0
2019-02-08 00:00:00-05:00,53.874989733293276,54.46528611333113,53.85268728657748,54.27446746826172,21516000,0.0,0.0
2019-02-11 00:00:00-05:00,54.368147912342906,54.81396622381606,54.16543687966703,54.271995544433594,21304000,0.0,0.0
2019-02-12 00:00:00-05:00,54.856353790972236,55.77302316827288,54.809268314290854,55.578487396240234,32182000,0.0,0.0
2019-02-13 00:00:00-05:00,55.75790296297888,56.24064630087242,55.43623792991355,55.51851272583008,20996000,0.0,0.0
2019-02-14 00:00:00-05:00,55.413927773999404,55.91847813559896,55.03700202178107,55.593345642089844,18952000,0.0,0.0
2019-02-15 00:00:00-05:00,56.010173367540794,56.08897686702311,55.047163596731714,55.19585037231445,28996000,0.0,0.0
2019-02-19 00:00:00-05:00,55.01495195819712,55.60425774569946,55.01495195819712,55.439212799072266,20928000,0.0,0.0
2019-02-20 00:00:00-05:00,55.5100819163026,55.679588850841206,54.781009626665,55.203285217285156,21756000,0.0,0.0
2019-02-21 00:00:00-05:00,55.05658016687627,55.11109978664322,54.14858535643662,54.369140625,28302000,0.0,0.0
2019-02-22 00:00:00-05:00,54.56392598593693,55.076409691433845,54.30124258936897,55.03329086303711,20990000,0.0,0.0
2019-02-25 00:00:00-05:00,55.312324353582326,55.43821332349301,54.87963868522357,54.98521041870117,28262000,0.0,0.0
2019-02-26 00:00:00-05:00,54.80430414999004,55.486290986858606,54.51535167215848,55.26920700073242,29426000,0.0,0.0
2019-02-27 00:00:00-05:00,54.86378639667529,55.41046494976384,54.56888581427849,55.31481170654297,19368000,0.0,0.0
2019-02-28 00:00:00-05:00,55.079374132230356,55.88973044100516,55.06500119144253,55.50660705566406,30850000,0.0,0.0
2019-03-01 00:00:00-05:00,55.753437604695876,56.64904094212092,55.74600345454249,56.550907135009766,29006000,0.0,0.0
2019-03-04 00:00:00-05:00,56.848281057152775,57.40785018609902,56.04040527788396,56.888427734375,28920000,0.0,0.0
2019-03-05 00:00:00-05:00,57.00044325246175,57.96940116877115,56.80888342681641,57.59371566772461,28864000,0.0,0.0
2019-03-06 00:00:00-05:00,57.6165146938531,57.86809602370845,57.269575070600695,57.38703918457031,21986000,0.0,0.0
2019-03-07 00:00:00-05:00,57.28096870537371,57.33226660893111,56.24956169724898,56.66539764404297,23332000,0.0,0.0
2019-03-08 00:00:00-05:00,55.84413860955142,56.852747860097125,55.67414008640166,56.61682891845703,24248000,0.0,0.0
2019-03-11 00:00:00-04:00,56.722395433506634,58.29552739949543,56.722395433506634,58.27421188354492,34384000,0.0,0.0
2019-03-12 00:00:00-04:00,58.39811865841487,59.47562043340102,58.39811865841487,59.13859176635742,40262000,0.0,0.0
2019-03-13 00:00:00-04:00,59.5075870656846,59.52171421935588,59.076141675003164,59.14453887939453,28718000,0.0,0.0
2019-03-14 00:00:00-04:00,59.203516433463335,59.370546580395434,58.706400199957315,58.75943374633789,23456000,0.0,0.0
2019-03-15 00:00:00-04:00,59.14750741966665,59.30561355277165,58.61371582458308,58.705406188964844,49236000,0.0,0.0
2019-03-18 00:00:00-04:00,58.64791477975115,58.9799860626621,58.35653468857087,58.69549560546875,25852000,0.0,0.0
2019-03-19 00:00:00-04:00,58.92100948748009,59.47562128955189,58.775294850588864,59.41862487792969,30414000,0.0,0.0
2019-03-20 00:00:00-04:00,59.34427793215854,60.82075834399639,59.28579166705814,60.66364669799805,44548000,0.0,0.0
2019-03-21 00:00:00-04:00,60.26862772757376,61.05122894334426,60.12737509587096,61.03883743286133,24080000,0.0,0.0
2019-03-22 00:00:00-04:00,60.7801170332709,60.962507048724966,59.61563275207629,59.74821472167969,34284000,0.0,0.0
2019-03-25 00:00:00-04:00,59.32346272167182,59.79272548467085,58.83328526683685,59.12868118286133,29936000,0.0,0.0
2019-03-26 00:00:00-04:00,59.402757898054944,59.615879010591605,58.321788678228636,58.71333694458008,38024000,0.0,0.0
2019-03-27 00:00:00-04:00,58.756959486158635,58.85900699972602,57.46187455575806,58.13841247558594,28004000,0.0,0.0
2019-03-28 00:00:00-04:00,58.06505437121876,58.066294656630674,57.46489614209688,57.91388702392578,19234000,0.0,0.0
2019-03-29 00:00:00-04:00,58.23158976076885,58.434304595080015,57.6358443315302,58.15278625488281,25398000,0.0,0.0
2019-04-01 00:00:00-04:00,58.68756612081953,59.310075937049525,58.58348046483842,59.19955062866211,25050000,0.0,0.0
2019-04-02 00:00:00-04:00,59.24366471338741,59.54253191614005,58.76736484296315,59.499908447265625,16558000,0.0,0.0
2019-04-03 00:00:00-04:00,59.84635276919146,60.283496676668875,59.500403875914415,59.76903533935547,20286000,0.0,0.0
2019-04-04 00:00:00-04:00,59.77002276968136,60.25227069051327,59.68031383416024,60.21906280517578,19000000,0.0,0.0
2019-04-05 00:00:00-04:00,60.218574182015615,60.27953724137414,59.72492541181733,59.82999801635742,18144000,0.0,0.0
2019-04-08 00:00:00-04:00,59.866676585195904,59.906327908477756,59.46868484127658,59.66594696044922,17204000,0.0,0.0
2019-04-09 00:00:00-04:00,59.27737117615889,59.58912148299306,59.132647248481135,59.339324951171875,17528000,0.0,0.0
2019-04-10 00:00:00-04:00,59.50932899069561,59.66322271682084,59.29893420663723,59.58268356323242,14492000,0.0,0.0
2019-04-11 00:00:00-04:00,59.67188872718613,59.87013775991529,59.482060778532045,59.70459747314453,14204000,0.0,0.0
2019-04-12 00:00:00-04:00,59.97125065135546,60.38510139010391,59.87757506680601,60.36131286621094,18668000,0.0,0.0
2019-04-15 00:00:00-04:00,60.36776011377811,60.675048418936726,59.92714489446824,60.52140426635742,23748000,0.0,0.0
2019-04-16 00:00:00-04:00,60.71469495477498,61.00315207259089,60.472827949546364,60.82026290893555,17126000,0.0,0.0
2019-04-17 00:00:00-04:00,61.111200734559006,61.485895505001324,60.85446164752751,61.27674102783203,24438000,0.0,0.0
2019-04-18 00:00:00-04:00,61.417499962345154,61.55726652284431,61.19099660825448,61.278228759765625,26636000,0.0,0.0
2019-04-22 00:00:00-04:00,61.259399360055276,61.908673741212475,60.87875646862335,61.89628601074219,16146000,0.0,0.0
2019-04-23 00:00:00-04:00,61.98797109778073,62.895470592546296,61.774354611223636,62.6749153137207,26398000,0.0,0.0
2019-04-24 00:00:00-04:00,62.65359426760231,62.846394348700514,62.201578340124364,62.25114059448242,20376000,0.0,0.0
2019-04-25 00:00:00-04:00,62.68581693831751,62.81656496019718,62.0543868421965,62.62039566040039,22146000,0.0,0.0
2019-04-26 00:00:00-04:00,62.89546691647892,63.097187238397666,62.465258039618085,63.053077697753906,24828000,0.0,0.0
2019-04-29 00:00:00-04:00,63.14328617425473,63.900113676695725,62.76140302687297,63.816349029541016,49988000,0.0,0.0
2019-04-30 00:00:00-04:00,58.73217256202719,59.1192588304985,58.236542413824424,58.9046516418457,124140000,0.0,0.0
2019-05-01 00:00:00-04:00,58.88334036194835,58.88334036194835,57.848961232961855,57.8935661315918,52784000,0.0,0.0
2019-05-02 00:00:00-04:00,57.87771247573592,58.1964015737132,57.245386174498876,57.62246322631836,38896000,0.0,0.0
2019-05-03 00:00:00-04:00,58.16963195794889,58.82138682040963,57.93916575142036,58.75199890136719,39614000,0.0,0.0
2019-05-06 00:00:00-04:00,57.80336605714712,59.022120508433986,57.80336605714712,58.94976043701172,31278000,0.0,0.0
2019-05-07 00:00:00-04:00,58.50764962468374,59.001793690531514,57.5446398703877,58.19193649291992,31028000,0.0,0.0
2019-05-08 00:00:00-04:00,58.088342523104444,58.50536576872271,57.777582989795896,57.80385208129883,26186000,0.0,0.0
2019-05-09 00:00:00-04:00,57.445021633796486,57.97187824163804,57.03959577487918,57.61105728149414,23714000,0.0,0.0
2019-05-10 00:00:00-04:00,57.671039182344856,58.11760250881554,56.62575444027386,57.704742431640625,26290000,0.0,0.0
2019-05-13 00:00:00-04:00,56.59897799719662,56.89536460367926,55.615151884982694,56.10681915283203,37212000,0.0,0.0
2019-05-14 00:00:00-04:00,56.363563424388474,56.52266029823049,55.48828104860213,55.53239059448242,36732000,0.0,0.0
2019-05-15 00:00:00-04:00,55.40500789829478,58.0546469675084,55.34533428941571,57.70175552368164,45786000,0.0,0.0
2019-05-16 00:00:00-04:00,57.7166274279143,58.888795508351436,57.63385727986668,58.433807373046875,30628000,0.0,0.0
2019-05-17 00:00:00-04:00,57.912892174348066,58.49178778632187,57.493588763817534,57.60708999633789,24172000,0.0,0.0
2019-05-20 00:00:00-04:00,56.72486793494292,56.83871705783152,56.07772634828305,56.44483947753906,27066000,0.0,0.0
2019-05-21 00:00:00-04:00,56.92262492765815,57.13168107741895,56.39973498363843,56.9791259765625,23196000,0.0,0.0
2019-05-22 00:00:00-04:00,56.83638747644349,57.41974133439741,56.79376022932178,57.06784439086914,18290000,0.0,0.0
2019-05-23 00:00:00-04:00,56.52662631764859,56.79788206035803,55.96775289456048,56.540008544921875,23978000,0.0,0.0
2019-05-24 00:00:00-04:00,56.86662240473744,56.98582215469314,56.088483200184136,56.178192138671875,22240000,0.0,0.0
2019-05-28 00:00:00-04:00,56.204464653323164,57.07612823968521,56.16084668550884,56.21189880371094,27300000,0.0,0.0
2019-05-29 00:00:00-04:00,55.88329722456684,55.96160915777857,54.92673076234392,55.33513259887695,30764000,0.0,0.0
2019-05-30 00:00:00-04:00,55.28953576741057,55.66572044755344,55.12002880491645,55.40898132324219,19038000,0.0,0.0
2019-05-31 00:00:00-04:00,54.583252163241774,54.99512145665299,54.528237185874325,54.6992301940918,30156000,0.0,0.0
2019-06-03 00:00:00-04:00,52.809398906490664,52.809398906490664,50.80209509976164,51.35868835449219,102612000,0.0,0.0
2019-06-04 00:00:00-04:00,51.68927269842352,52.341027604898166,51.232798475605584,52.19233703613281,56670000,0.0,0.0
2019-06-05 00:00:00-04:00,52.117494090173736,52.21711774999619,51.07419470935783,51.65556716918945,43368000,0.0,0.0
2019-06-06 00:00:00-04:00,51.79286017817942,51.91676772730888,51.233294775341925,51.760643005371094,34064000,0.0,0.0
2019-06-07 00:00:00-04:00,52.07239247250862,53.07802571928461,51.96186337888677,52.83615493774414,36048000,0.0,0.0
2019-06-10 00:00:00-04:00,53.180125019842954,54.1555263579392,53.147514587046906,53.54689407348633,29284000,0.0,0.0
2019-06-11 00:00:00-04:00,54.22095080866961,54.617948035013306,53.40925581862067,53.46461868286133,28734000,0.0,0.0
2019-06-12 00:00:00-04:00,53.42893556354391,53.57415484503207,52.9105037874115,53.380859375,21220000,0.0,0.0
2019-06-13 00:00:00-04:00,53.70846806853084,54.230367344127735,53.53549361962958,53.96272659301758,21154000,0.0,0.0
2019-06-14 00:00:00-04:00,53.84625028436293,54.1570098460621,53.53657975376265,53.79322052001953,22230000,0.0,0.0
2019-06-17 00:00:00-04:00,53.83931167861761,54.47867503254493,53.83931167861761,54.1475944519043,18832000,0.0,0.0
2019-06-18 00:00:00-04:00,54.99958179168381,55.331653077406976,54.469257694018005,54.6977424621582,27734000,0.0,0.0
2019-06-19 00:00:00-04:00,54.796865135582976,54.86625305022691,54.19616242536931,54.634796142578125,26776000,0.0,0.0
2019-06-20 00:00:00-04:00,55.5100871647557,55.51653059937688,54.754250351813354,55.085330963134766,25240000,0.0,0.0
2019-06-21 00:00:00-04:00,54.977279483654605,55.7142812604912,54.91978393704294,55.603755950927734,38952000,0.0,0.0
2019-06-24 00:00:00-04:00,55.49124711131898,55.60970193195548,55.06500487510028,55.288536071777344,27912000,0.0,0.0
2019-06-25 00:00:00-04:00,55.14678623269844,55.23054709663454,53.71639676745699,53.8427848815918,30938000,0.0,0.0
2019-06-26 00:00:00-04:00,53.85021781564812,54.170888321899376,53.143447964900915,53.51814651489258,36218000,0.0,0.0
2019-06-27 00:00:00-04:00,53.72631349983747,53.87995764912482,53.29461851413058,53.33030319213867,20086000,0.0,0.0
2019-06-28 00:00:00-04:00,53.34913172031366,53.57761648502597,53.19945045250001,53.573158264160156,33864000,0.0,0.0
2019-07-01 00:00:00-04:00,54.42019373618223,54.89500752593524,54.20722008652532,54.4177131652832,28726000,0.0,0.0
2019-07-02 00:00:00-04:00,54.63033723249964,55.10267421803505,54.42861691075016,55.076900482177734,19832000,0.0,0.0
2019-07-03 00:00:00-04:00,55.38220857428463,55.845625346854526,55.206261984420024,55.58888626098633,15340000,0.0,0.0
2019-07-05 00:00:00-04:00,55.40154140799565,56.14895332937727,55.319266615878895,56.08501434326172,25286000,0.0,0.0
2019-07-08 00:00:00-04:00,55.76681381596316,55.806960491275895,55.07491609890342,55.32966995239258,24728000,0.0,0.0
2019-07-09 00:00:00-04:00,55.10416644306329,55.908325242099124,54.87469092826864,55.74997329711914,26608000,0.0,0.0
2019-07-10 00:00:00-04:00,56.06667614611577,56.603443703688946,56.05428463576243,56.52562713623047,24190000,0.0,0.0
2019-07-11 00:00:00-04:00,56.66292179197319,57.1496317735779,56.48102710965569,56.71050262451172,23910000,0.0,0.0
2019-07-12 00:00:00-04:00,56.69959731226986,56.86563296682123,56.44137214627522,56.74469757080078,17280000,0.0,0.0
2019-07-15 00:00:00-04:00,56.84183747967121,57.03810886292043,56.47210008283613,57.01431655883789,18076000,0.0,0.0
2019-07-16 00:00:00-04:00,56.79921461145757,57.42271894540434,56.74965235257408,57.174903869628906,24776000,0.0,0.0
2019-07-17 00:00:00-04:00,57.045546611055094,57.411816525774675,56.787820582503734,56.816566467285156,23400000,0.0,0.0
2019-07-18 00:00:00-04:00,56.58807678098896,56.87876110214634,56.14151354563453,56.81557083129883,25814000,0.0,0.0
2019-07-19 00:00:00-04:00,56.90776351917799,57.053973519275836,55.98737712715875,56.01116943359375,32944000,0.0,0.0
2019-07-22 00:00:00-04:00,56.17720499857441,56.46467141889993,55.72073076924032,56.406185150146484,26030000,0.0,0.0
2019-07-23 00:00:00-04:00,56.70009293122513,56.84382613613091,56.095423511055344,56.809627532958984,21874000,0.0,0.0
2019-07-24 00:00:00-04:00,56.100379946002924,56.70009199573427,55.85702308310791,56.39329528808594,31796000,0.0,0.0
2019-07-25 00:00:00-04:00,56.39379523090517,56.58609999379951,55.55618274991006,56.11128616333008,44196000,0.0,0.0
2019-07-26 00:00:00-04:00,60.66711707355508,62.724478463696286,60.66513564183836,61.97409439086914,96116000,0.0,0.0
2019-07-29 00:00:00-04:00,61.51018574869165,61.82342211968218,60.87478521994973,61.42890167236328,44474000,0.0,0.0
2019-07-30 00:00:00-04:00,60.73501613732327,61.20388184917977,60.630438898689924,60.72163391113281,29066000,0.0,0.0
2019-07-31 00:00:00-04:00,60.61557015414377,61.16076257453415,59.86042539147515,60.302330017089844,34510000,0.0,0.0
2019-08-01 00:00:00-04:00,60.170989792645315,61.166216782670645,59.75912048388502,59.922183990478516,33970000,0.0,0.0
2019-08-02 00:00:00-04:00,59.51230157693982,59.81761224165632,58.92745776823819,59.17775344848633,32902000,0.0,0.0
2019-08-05 00:00:00-04:00,57.990707861212805,58.24843765179403,56.508774800123355,57.11245346069336,51950000,0.0,0.0
2019-08-06 00:00:00-04:00,57.65715267935828,58.48237734810616,57.49309846141145,57.98625183105469,34188000,0.0,0.0
2019-08-07 00:00:00-04:00,57.2948448615528,58.40728634536083,56.978832994285206,58.186485290527344,28886000,0.0,0.0
2019-08-08 00:00:00-04:00,58.62462505321443,59.72393397750418,58.13841422074413,59.71352767944336,29360000,0.0,0.0
2019-08-09 00:00:00-04:00,59.37600238474386,59.66792702124474,58.66293653840098,58.88136291503906,21314000,0.0,0.0
2019-08-12 00:00:00-04:00,58.445207675758965,58.73019730977556,57.873349072630745,58.22217559814453,20060000,0.0,0.0
2019-08-13 00:00:00-04:00,58.06109461579066,59.71253094878961,58.06109461579066,59.34031295776367,25888000,0.0,0.0
2019-08-14 00:00:00-04:00,58.301468188475894,58.59835394387436,57.51986150371205,57.70572280883789,31574000,0.0,0.0
2019-08-15 00:00:00-04:00,57.66657148362361,58.278179708961886,57.597678917902456,57.852928161621094,24374000,0.0,0.0
2019-08-16 00:00:00-04:00,58.46205758292534,58.61917301226194,58.07843880299278,58.36540985107422,26266000,0.0,0.0
2019-08-19 00:00:00-04:00,58.98445000111891,59.82206238540756,58.98445000111891,59.39879608154297,24632000,0.0,0.0
2019-08-20 00:00:00-04:00,59.24020090958981,59.28034759139572,58.58894133901906,58.6176872253418,18310000,0.0,0.0
2019-08-21 00:00:00-04:00,59.136113536529486,59.42605672531775,58.85261000044681,59.04194259643555,14814000,0.0,0.0
2019-08-22 00:00:00-04:00,59.18170904649308,59.37708803360675,58.41397992934954,58.956695556640625,18950000,0.0,0.0
2019-08-23 00:00:00-04:00,58.58298966396966,59.18220636249937,56.885953945688485,57.061405181884766,33740000,0.0,0.0
2019-08-26 00:00:00-04:00,57.35729692527544,57.96246170510472,57.14417579757558,57.9337158203125,24522000,0.0,0.0
2019-08-27 00:00:00-04:00,58.51063283532703,58.603313928396865,57.56496805191356,57.881675720214844,21544000,0.0,0.0
2019-08-28 00:00:00-04:00,57.57785596250091,58.3069283343778,57.35928588341028,58.03928756713867,16040000,0.0,0.0
2019-08-29 00:00:00-04:00,58.53987009442708,59.28034319812611,58.53987009442708,59.121246337890625,21768000,0.0,0.0
2019-08-30 00:00:00-04:00,59.401278153040195,59.401278153040195,58.672852415231965,58.88582229614258,22596000,0.0,0.0
2019-09-03 00:00:00-04:00,58.33716303563386,58.82585444436634,57.65170486394027,57.908935546875,29598000,0.0,0.0
2019-09-04 00:00:00-04:00,58.32130200313338,58.656844627600165,58.03829757313493,58.55424880981445,21378000,0.0,0.0
2019-09-05 00:00:00-04:00,59.05581998537994,60.12192093617758,59.05581998537994,60.03964614868164,28162000,0.0,0.0
2019-09-06 00:00:00-04:00,59.878576004904524,60.07112656212165,59.600623465504235,59.719970703125,21442000,0.0,0.0
2019-09-09 00:00:00-04:00,59.67386614824108,60.46687356993593,59.10983883965561,59.69418716430664,29438000,0.0,0.0
2019-09-10 00:00:00-04:00,59.235244299931864,59.97125546496511,59.20699377119725,59.77300262451172,25202000,0.0,0.0
2019-09-11 00:00:00-04:00,59.64463005292162,60.59574368312142,59.58465771526018,60.475303649902344,26140000,0.0,0.0
2019-09-12 00:00:00-04:00,60.67999956185772,61.55032447380662,60.616559719278285,61.173152923583984,34518000,0.0,0.0
2019-09-13 00:00:00-04:00,61.029420765090784,61.50175397790372,60.81431443222917,61.43633270263672,26028000,0.0,0.0
2019-09-16 00:00:00-04:00,60.93872031042301,61.43633189512205,60.74492571396243,61.026939392089844,21066000,0.0,0.0
2019-09-17 00:00:00-04:00,60.98233722528429,61.210326652169066,60.6497705574275,60.92038345336914,19102000,0.0,0.0
2019-09-18 00:00:00-04:00,60.839104836535085,61.24056410452599,60.29490306696755,61.08196258544922,22702000,0.0,0.0
2019-09-19 00:00:00-04:00,61.06460868366916,61.67819829296924,61.06262725210714,61.394203186035156,19920000,0.0,0.0
2019-09-20 00:00:00-04:00,61.117147745807635,61.62269265312403,60.619536128059586,60.959041595458984,45400000,0.0,0.0
2019-09-23 00:00:00-04:00,60.764262581768186,61.413041584525516,60.67356291946621,61.162254333496094,21248000,0.0,0.0
2019-09-24 00:00:00-04:00,61.45814096201009,61.79219748074978,60.004953699621225,60.40542221069336,31664000,0.0,0.0
2019-09-25 00:00:00-04:00,60.25970749597277,61.86951482741289,59.97571237751406,61.78129196166992,29060000,0.0,0.0
2019-09-26 00:00:00-04:00,61.55528147001392,61.7059534585976,61.07491666376665,61.52703094482422,30760000,0.0,0.0
2019-09-27 00:00:00-04:00,61.60732735154188,61.657384970466936,60.19180618643834,60.71915817260742,27078000,0.0,0.0
2019-09-30 00:00:00-04:00,60.51495870204893,60.764259868098215,60.08524893535029,60.417320251464844,28082000,0.0,0.0
2019-10-01 00:00:00-04:00,60.41731533796191,61.02347079259969,59.65305374631116,59.728389739990234,25470000,0.0,0.0
2019-10-02 00:00:00-04:00,59.3259464043042,59.3259464043042,58.05267222024603,58.31734085083008,32302000,0.0,0.0
2019-10-03 00:00:00-04:00,58.48435952566377,58.93339957830609,57.61353544937634,58.8724365234375,32424000,0.0,0.0
2019-10-04 00:00:00-04:00,59.073661827520795,60.042615870643594,58.9388488573344,59.92168426513672,23248000,0.0,0.0
2019-10-07 00:00:00-04:00,59.69369784342393,60.37786273542078,59.66148067290139,59.85626220703125,16858000,0.0,0.0
2019-10-08 00:00:00-04:00,59.35617402563609,59.776963550036776,58.930922498730084,58.93687057495117,20786000,0.0,0.0
2019-10-09 00:00:00-04:00,59.443405456114654,59.88947338209935,59.35815851572217,59.59011459350586,17354000,0.0,0.0
2019-10-10 00:00:00-04:00,59.405242262542785,60.219066161503655,59.343783848688076,59.905330657958984,16932000,0.0,0.0
2019-10-11 00:00:00-04:00,60.57641840695206,60.88271599196445,60.15661957120842,60.241371154785156,25454000,0.0,0.0
2019-10-14 00:00:00-04:00,60.087230092715,60.780617746247394,60.058484207662076,60.325130462646484,17350000,0.0,0.0
2019-10-15 00:00:00-04:00,60.48670591565954,61.82143834603065,60.48670591565954,61.60732650756836,27634000,0.0,0.0
2019-10-16 00:00:00-04:00,61.51612452854646,62.18869574830544,61.38131533867983,61.638545989990234,21892000,0.0,0.0
2019-10-17 00:00:00-04:00,61.99985939669415,62.61419011359637,61.95079249910809,62.10592269897461,19048000,0.0,0.0
2019-10-18 00:00:00-04:00,62.125259475380226,62.39438629404651,61.51166984062889,61.73024368286133,27056000,0.0,0.0
2019-10-21 00:00:00-04:00,62.065784786508665,62.183199741197264,61.48787980679595,61.76295471191406,20544000,0.0,0.0
2019-10-22 00:00:00-04:00,61.8472156819064,61.98351096040901,61.52654137278045,61.596920013427734,20476000,0.0,0.0
2019-10-23 00:00:00-04:00,61.57511154599928,62.44395044144383,61.57511154599928,62.40628433227539,18230000,0.0,0.0
2019-10-24 00:00:00-04:00,62.494000674836975,62.647648584980665,62.137891307136286,62.49846267700195,20562000,0.0,0.0
2019-10-25 00:00:00-04:00,62.004814940508865,62.925201216546974,61.954261967742305,62.70365524291992,24262000,0.0,0.0
2019-10-28 00:00:00-04:00,63.2151404061601,64.39771461519575,63.070911865077676,63.936283111572266,52264000,0.0,0.0
2019-10-29 00:00:00-04:00,63.253806810876775,63.51946233117115,62.311216374597834,62.579254150390625,37728000,0.0,0.0
2019-10-30 00:00:00-04:00,62.10097530963487,62.913313171850604,62.05289912004878,62.51333999633789,28178000,0.0,0.0
2019-10-31 00:00:00-04:00,62.51284400169133,62.82955166393538,61.99555418979967,62.454856872558594,29114000,0.0,0.0
2019-11-01 00:00:00-04:00,62.6972129655502,63.17400816389511,62.47418091418429,63.130393981933594,33402000,0.0,0.0
2019-11-04 00:00:00-05:00,63.264717485353145,64.1409905911147,63.26000969405415,64.00419616699219,30020000,0.0,0.0
2019-11-05 00:00:00-05:00,64.07953448247258,64.37889706319929,63.99720674768602,64.03691101074219,25654000,0.0,0.0
2019-11-06 00:00:00-05:00,63.90953080668794,64.12116586833079,63.564572613909384,64.02550506591797,23060000,0.0,0.0
2019-11-07 00:00:00-05:00,64.14841534979327,65.60854133409582,64.14668348786616,64.87104797363281,40600000,0.0,0.0
2019-11-08 00:00:00-05:00,64.69362489606777,65.32406814403912,64.64827127981476,64.9954605102539,25028000,0.0,0.0
2019-11-11 00:00:00-05:00,64.58952693557245,64.7503632159557,64.30355039415088,64.39177703857422,20238000,0.0,0.0
2019-11-12 00:00:00-05:00,64.43192498522055,64.92755517741455,64.22227135686357,64.37245178222656,21718000,0.0,0.0
2019-11-13 00:00:00-05:00,64.13802409341729,64.64505137030523,64.11026891977978,64.33280944824219,16534000,0.0,0.0
2019-11-14 00:00:00-05:00,64.3080031592417,65.27448030689541,64.21631280407793,64.9999008178711,23870000,0.0,0.0
2019-11-15 00:00:00-05:00,65.37063918897262,66.16067827741527,65.1396738535872,66.1601791381836,35652000,0.0,0.0
2019-11-18 00:00:00-05:00,66.02886356880991,66.19286868485472,65.29929566602814,65.45790100097656,29748000,0.0,0.0
2019-11-19 00:00:00-05:00,65.80482440961757,65.80482440961757,65.06633268187899,65.19817352294922,25384000,0.0,0.0
2019-11-20 00:00:00-05:00,65.01378834728304,65.17536577534396,63.99329057112177,64.58308410644531,26172000,0.0,0.0
2019-11-21 00:00:00-05:00,64.50526850702184,65.05591740013173,64.08497814449846,64.49882507324219,19910000,0.0,0.0
2019-11-22 00:00:00-05:00,64.71046601815705,64.86460930370674,64.00618049121658,64.20095825195312,27714000,0.0,0.0
2019-11-25 00:00:00-05:00,64.39128983445967,64.99248805136547,64.33925077627326,64.76351165771484,20724000,0.0,0.0
2019-11-26 00:00:00-05:00,64.92062641163479,65.16546941220125,64.68421584182143,65.103515625,21394000,0.0,0.0
2019-11-27 00:00:00-05:00,65.17536829106415,65.34189930455516,64.90921361541525,65.07574462890625,19912000,0.0,0.0
2019-11-29 00:00:00-05:00,64.7848074344281,64.93770285372163,64.62868273561543,64.67774963378906,11740000,0.0,0.0
2019-12-02 00:00:00-05:00,64.48148633046327,64.72086898015576,63.490226018312974,63.93232727050781,30218000,0.0,0.0
2019-12-03 00:00:00-05:00,63.41934823649511,64.35564272861464,63.39109771086336,64.19798278808594,22876000,0.0,0.0
2019-12-04 00:00:00-05:00,64.779357529841,65.71064548256966,64.67329044032628,65.44994354248047,30750000,0.0,0.0
2019-12-05 00:00:00-05:00,65.81968266494684,65.88699083373226,65.24673133155547,65.82612609863281,24254000,0.0,0.0
2019-12-06 00:00:00-05:00,66.08930394359223,66.6126892619872,66.08930394359223,66.4451675415039,26296000,0.0,0.0
2019-12-09 00:00:00-05:00,66.31729255522355,67.37843984161813,66.30737783532972,66.59088134765625,27086000,0.0,0.0
2019-12-10 00:00:00-05:00,66.48878477634793,66.90883316360794,66.21817566265132,66.6454086303711,21882000,0.0,0.0
2019-12-11 00:00:00-05:00,66.9517109286454,66.96955137759392,66.54678038262978,66.66325378417969,17008000,0.0,0.0
2019-12-12 00:00:00-05:00,66.7088470773105,67.19630197212763,66.43922866981495,66.92345428466797,25620000,0.0,0.0
2019-12-13 00:00:00-05:00,66.80847267672303,67.06337404520521,66.60625319320887,66.80252838134766,30992000,0.0,0.0
2019-12-16 00:00:00-05:00,67.23223483005337,67.63766451566093,67.04241063805671,67.46369934082031,27946000,0.0,0.0
2019-12-17 00:00:00-05:00,67.5489422607547,67.65351950260975,66.97564298420967,67.16383361816406,37080000,0.0,0.0
2019-12-18 00:00:00-05:00,67.23718285905514,67.428988445449,66.95963120616285,67.0399169921875,30452000,0.0,0.0
2019-12-19 00:00:00-05:00,67.00027242703715,67.31152353570494,66.85975717776493,67.20942687988281,29398000,0.0,0.0
2019-12-20 00:00:00-05:00,67.57173819868626,67.58610735857236,66.86050259790282,66.8897476196289,66300000,0.0,0.0
2019-12-23 00:00:00-05:00,67.20100665032328,67.39578439492104,66.7370945396995,66.85257720947266,17662000,0.0,0.0
2019-12-24 00:00:00-05:00,66.83572425884071,66.9229526183033,66.55222074651417,66.59088134765625,6950000,0.0,0.0
2019-12-26 00:00:00-05:00,66.72025320685862,67.4714805467689,66.6359969798853,67.42552947998047,13350000,0.0,0.0
2019-12-27 00:00:00-05:00,67.55388814239292,67.6302186299379,66.87586800964048,67.00373840332031,20768000,0.0,0.0
2019-12-30 00:00:00-05:00,66.91007348004523,67.05876404476636,66.11805289250898,66.22312927246094,21018000,0.0,0.0
2019-12-31 00:00:00-05:00,65.92427648852485,66.31532948487586,65.87347015237792,66.26675415039062,19236000,0.0,0.0
2020-01-02 00:00:00-05:00,66.49126340092567,67.80914230015969,66.49126340092567,67.77098083496094,28132000,0.0,0.0
2020-01-03 00:00:00-05:00,66.80400192271014,68.02523682826747,66.68921502272471,67.43840789794922,23728000,0.0,0.0
2020-01-06 00:00:00-05:00,66.91006632852127,69.21474336586192,66.91006632852127,69.10124969482422,34646000,0.0,0.0
2020-01-07 00:00:00-05:00,69.28614450809323,69.53643266406868,68.91144207642803,69.05815124511719,30054000,0.0,0.0
2020-01-08 00:00:00-05:00,68.99568228033196,69.96216717973303,68.93422764722503,69.60234069824219,30560000,0.0,0.0
2020-01-09 00:00:00-05:00,70.40774240813768,70.74278588083082,69.89723634662342,70.37106323242188,30018000,0.0,0.0
2020-01-10 00:00:00-05:00,70.75416792019058,71.11940168042118,70.29769756569523,70.86172485351562,36414000,0.0,0.0
2020-01-13 00:00:00-05:00,71.17893642901268,71.39651576711137,70.67785355781335,71.33258056640625,33046000,0.0,0.0
2020-01-14 00:00:00-05:00,71.32167311762339,71.45994981228968,70.79432494878284,70.9187240600586,31178000,0.0,0.0
2020-01-15 00:00:00-05:00,70.88551270340243,71.43987486572964,70.88551270340243,71.33108520507812,25654000,0.0,0.0
2020-01-16 00:00:00-05:00,71.73949427864629,71.96500691138033,71.41633941776145,71.95063018798828,23474000,0.0,0.0
2020-01-17 00:00:00-05:00,72.50624218326487,73.41745884544581,72.27379450939864,73.37260437011719,47924000,0.0,0.0
2020-01-21 00:00:00-05:00,73.30965740544534,73.94059218662267,72.91711458577055,73.57135009765625,40734000,0.0,0.0
2020-01-22 00:00:00-05:00,73.89845083262415,74.50380836588057,73.59759846170188,73.64815521240234,32216000,0.0,0.0
2020-01-23 00:00:00-05:00,73.73192816279978,74.12248194203654,73.45734863329378,73.68285369873047,27024000,0.0,0.0
2020-01-24 00:00:00-05:00,74.02682825511559,74.12124877333612,72.62221244185329,72.694580078125,35692000,0.0,0.0
2020-01-27 00:00:00-05:00,70.92468335297553,71.27509426100212,70.43896032066846,71.06841278076172,35104000,0.0,0.0
2020-01-28 00:00:00-05:00,71.51942873122914,72.16374940790455,70.99752573115437,71.99324798583984,31548000,0.0,0.0
2020-01-29 00:00:00-05:00,72.3025303955083,72.63113040957518,71.70479600398232,72.29410552978516,21554000,0.0,0.0
2020-01-30 00:00:00-05:00,71.3687708577545,72.22719974405047,71.19232510638744,72.15583038330078,26788000,0.0,0.0
2020-01-31 00:00:00-05:00,72.80311769742113,72.86408075479662,70.80225736659668,71.08477020263672,48344000,0.0,0.0
2020-02-03 00:00:00-05:00,72.46111467704995,73.8488803847424,72.3119325671435,73.64765167236328,60736000,0.0,0.0
2020-02-04 00:00:00-05:00,72.21679109678662,72.8328575699195,70.6917390034765,71.72116088867188,78660000,0.0,0.0
2020-02-05 00:00:00-05:00,72.48194304173253,72.55232167257824,70.9028631617282,71.77864074707031,39724000,0.0,0.0
2020-02-06 00:00:00-05:00,71.88272454635879,73.45238124229559,71.84505466120972,73.1664047241211,33588000,0.0,0.0
2020-02-07 00:00:00-05:00,72.72381067280398,73.6427109180894,72.6767252029664,73.31510162353516,23446000,0.0,0.0
2020-02-10 00:00:00-05:00,73.07175440811922,74.81537653613232,73.07175440811922,74.77473449707031,28398000,0.0,0.0
2020-02-11 00:00:00-05:00,74.92985551657404,75.81306722279808,74.62395124543428,74.7801742553711,26892000,0.0,0.0
2020-02-12 00:00:00-05:00,75.06219540560913,75.37023239322802,74.74648226119484,75.25003814697266,23352000,0.0,0.0
2020-02-13 00:00:00-05:00,74.97347898649164,75.69164964573635,74.57251889706814,75.07112121582031,18590000,0.0,0.0
2020-02-14 00:00:00-05:00,75.11770937567593,75.37246704101562,74.70831684768703,75.37246704101562,23956000,0.0,0.0
2020-02-18 00:00:00-05:00,75.08797056100981,75.91220074851084,74.96852502138645,75.31942749023438,22414000,0.0,0.0
2020-02-19 00:00:00-05:00,75.58705742667227,75.93578176594465,75.40515901179992,75.66735076904297,18986000,0.0,0.0
2020-02-20 00:00:00-05:00,75.43492503741733,75.81359031207438,74.68256319362449,75.24411010742188,21932000,0.0,0.0
2020-02-21 00:00:00-05:00,74.74251740298138,74.94994003166151,73.37507992314244,73.60653686523438,34634000,0.0,0.0
2020-02-24 00:00:00-05:00,70.68231288769127,71.2205741077777,69.95275275422355,70.45829010009766,57342000,0.0,0.0
2020-02-25 00:00:00-05:00,71.02380637170567,71.27855647285035,68.51591886863937,68.8157730102539,49566000,0.0,0.0
2020-02-26 00:00:00-05:00,69.19691054956736,70.16636758966548,68.34739819002651,69.05020141601562,44048000,0.0,0.0
2020-02-27 00:00:00-05:00,67.5078016566272,67.98578802291699,65.28291854846519,65.32852172851562,59566000,0.0,0.0
2020-02-28 00:00:00-05:00,63.316759894379146,66.47094979253626,62.99459949872314,66.38124084472656,75782000,0.0,0.0
2020-03-02 00:00:00-05:00,66.98985966588117,68.93570851700791,65.76094866911602,68.84847259521484,48630000,0.0,0.0
2020-03-03 00:00:00-05:00,69.35946019985275,69.89127026840005,66.01792026914723,66.48332214355469,48046000,0.0,0.0
2020-03-04 00:00:00-05:00,67.36753897867062,68.79792837900952,66.56858341836565,68.72010803222656,38266000,0.0,0.0
2020-03-05 00:00:00-05:00,66.91998493777331,67.35167988724288,64.6846881222303,65.37560272216797,51226000,0.0,0.0
2020-03-06 00:00:00-05:00,63.294954923772764,64.74020907770763,62.501451952365755,64.3531265258789,53212000,0.0,0.0
2020-03-09 00:00:00-04:00,59.73830908829801,62.18969570322557,59.47562567989582,60.246826171875,67308000,0.0,0.0
2020-03-10 00:00:00-04:00,62.44940082210287,63.49766134419455,60.40591710624182,63.459991455078125,52228000,0.0,0.0
2020-03-11 00:00:00-04:00,61.93890381231204,62.49698311924457,59.280839687857686,60.23938751220703,52170000,0.0,0.0
2020-03-12 00:00:00-04:00,55.80796290818082,59.17180653565014,55.17851418251273,55.25830841064453,84534000,0.0,0.0
2020-03-13 00:00:00-04:00,58.434794427726544,60.454981099285675,55.36897532825544,60.453495025634766,74002000,0.0,0.0
2020-03-16 00:00:00-04:00,54.32106849740802,57.10983158110936,53.25249067659068,53.74266815185547,85048000,0.0,0.0
2020-03-17 00:00:00-04:00,54.17782379101999,56.048828292630574,52.339036457972924,55.50066375732422,77230000,0.0,0.0
2020-03-18 00:00:00-04:00,52.36382780465441,54.8414834968882,51.4107288536939,54.360721588134766,84668000,0.0,0.0
2020-03-19 00:00:00-04:00,54.174852986520236,57.392482274826385,52.542149613793846,55.27713394165039,73022000,0.0,0.0
2020-03-20 00:00:00-04:00,56.28970860333002,56.69959647553861,52.808900422755755,53.14741516113281,72036000,0.0,0.0
2020-03-23 00:00:00-04:00,52.602228578073,53.097858799896,50.23390702670371,52.36928176879883,80882000,0.0,0.0
2020-03-24 00:00:00-04:00,54.706171456650026,56.254025042647434,54.05441656440324,56.22726058959961,66890000,0.0,0.0
2020-03-25 00:00:00-04:00,55.831253157603264,56.94294974986649,53.825930894509966,54.642730712890625,81630000,0.0,0.0
2020-03-26 00:00:00-04:00,55.10416368330763,57.987245112147,54.198645618182056,57.579837799072266,71434000,0.0,0.0
2020-03-27 00:00:00-04:00,55.79160423373836,57.03067970808296,54.812240007345835,55.050140380859375,64170000,0.0,0.0
2020-03-30 00:00:00-04:00,55.76037205583529,57.07825468243411,54.34485476900429,56.8398551940918,51482000,0.0,0.0
2020-03-31 00:00:00-04:00,56.86365015486283,58.25190769766954,56.40965274492728,57.63236999511719,49728000,0.0,0.0
2020-04-01 00:00:00-04:00,55.609701624077786,55.99084360134755,54.392932472950804,54.79785919189453,46884000,0.0,0.0
2020-04-02 00:00:00-04:00,54.4330809727971,55.85058365804512,54.34089523719115,55.552215576171875,39298000,0.0,0.0
2020-04-03 00:00:00-04:00,55.46176130726076,55.686033670352195,53.518646041627534,54.414249420166016,46268000,0.0,0.0
2020-04-06 00:00:00-04:00,56.4027171300986,59.210957967922496,56.05280158071798,58.82733917236328,53294000,0.0,0.0
2020-04-07 00:00:00-04:00,60.5164416430251,60.71469446284886,58.594884061561345,58.80701446533203,47746000,0.0,0.0
2020-04-08 00:00:00-04:00,59.79777531027271,60.420780471309506,58.888789842942096,59.98512268066406,39502000,0.0,0.0
2020-04-09 00:00:00-04:00,60.669098693287864,60.74294861990523,59.31379939485003,60.04311752319336,43508000,0.0,0.0
2020-04-13 00:00:00-04:00,59.930606652040005,60.49215722032076,58.86093988523289,60.345943450927734,34796000,0.0,0.0
2020-04-14 00:00:00-04:00,61.71041603260991,63.54325536983259,61.3059808901051,62.906864166259766,49408000,0.0,0.0
2020-04-15 00:00:00-04:00,61.736192115094475,63.46346745310119,61.477970715882584,62.57182693481445,33434000,0.0,0.0
2020-04-16 00:00:00-04:00,63.148247973362956,63.39110572172152,61.58800274426262,62.62139129638672,50362000,0.0,0.0
2020-04-17 00:00:00-04:00,63.68105207409784,64.1558621562838,63.00600392514162,63.601749420166016,38980000,0.0,0.0
2020-04-20 00:00:00-04:00,62.99459120777356,63.51996173725502,62.51730064462474,62.77701187133789,33910000,0.0,0.0
2020-04-21 00:00:00-04:00,61.80507973347536,62.16540534208037,59.95687670334583,60.28548049926758,43060000,0.0,0.0
2020-04-22 00:00:00-04:00,61.732723726851965,63.71885948523516,61.55726870177985,62.60850143432617,41848000,0.0,0.0
2020-04-23 00:00:00-04:00,63.02185541407545,64.10034415291737,62.73042613654665,63.257774353027344,31324000,0.0,0.0
2020-04-24 00:00:00-04:00,62.50739276637655,63.46048792332931,61.9265156199639,63.40646743774414,32792000,0.0,0.0
2020-04-27 00:00:00-04:00,64.23368159907392,64.24111575010389,62.89547769330069,63.23646926879883,32012000,0.0,0.0
2020-04-28 00:00:00-04:00,63.83370386323406,63.83964815890155,61.07155755887235,61.144412994384766,59026000,0.0,0.0
2020-04-29 00:00:00-04:00,66.48680225293444,67.40520337666909,65.68784666806131,66.48779296875,75872000,0.0,0.0
2020-04-30 00:00:00-04:00,65.66505447872503,67.04984078341153,65.54659208964864,66.84365844726562,53378000,0.0,0.0
2020-05-01 00:00:00-04:00,65.8444678276514,67.01266541803794,64.97711507338352,65.45341491699219,41450000,0.0,0.0
2020-05-04 00:00:00-04:00,64.83981803239747,65.80283152737923,64.38234937590765,65.76020050048828,30080000,0.0,0.0
2020-05-05 00:00:00-04:00,66.31134399173985,68.09659847492586,66.28854240626664,66.96507263183594,33030000,0.0,0.0
2020-05-06 00:00:00-04:00,67.48946984686522,67.95684572349685,66.77576117001276,66.77625274658203,24308000,0.0,0.0
2020-05-07 00:00:00-04:00,67.70010505538738,68.27801001953853,67.17126699442817,68.02821350097656,27952000,0.0,0.0
2020-05-08 00:00:00-04:00,68.55210209929821,69.32677386200999,68.17294529608483,68.81181335449219,27738000,0.0,0.0
2020-05-11 00:00:00-04:00,68.31171242323072,70.20749619716635,68.2558012655935,69.54979705810547,28242000,0.0,0.0
2020-05-12 00:00:00-04:00,69.74112471829548,70.13167856211977,68.1377605984832,68.18583679199219,27812000,0.0,0.0
2020-05-13 00:00:00-04:00,68.25074990483664,68.66866558117604,65.83950653107041,66.87686157226562,36252000,0.0,0.0
2020-05-14 00:00:00-04:00,66.16762611221502,67.27784054481307,65.61698468036194,67.21390533447266,32062000,0.0,0.0
2020-05-15 00:00:00-04:00,66.91008160822496,68.12338345335964,66.36488532558958,68.0594482421875,34154000,0.0,0.0
2020-05-18 00:00:00-04:00,67.49243895237782,69.00782575553094,67.12071633016467,68.59223937988281,36448000,0.0,0.0
2020-05-19 00:00:00-04:00,68.74376744994453,68.99172625567954,68.07406616210938,68.07406616210938,25612000,0.0,0.0
2020-05-20 00:00:00-04:00,68.87177064392694,69.90467125700027,68.7562955347511,69.72128295898438,33108000,0.0,0.0
2020-05-21 00:00:00-04:00,69.78473023611531,70.15595372853451,69.06358742310073,69.5270004272461,27700000,0.0,0.0
2020-05-22 00:00:00-04:00,69.22517580686699,70.02066024696296,68.983304975825,69.9046859741211,26188000,0.0,0.0
2020-05-26 00:00:00-04:00,71.2354365907741,71.42030718004885,69.98941865059295,70.23178100585938,41212000,0.0,0.0
2020-05-27 00:00:00-04:00,70.24318533110457,70.46571824458493,68.95652536045921,70.27242279052734,33716000,0.0,0.0
2020-05-28 00:00:00-04:00,69.23260547642842,71.41238471180615,69.18998200336522,70.21742248535156,33844000,0.0,0.0
2020-05-29 00:00:00-04:00,70.22781505772772,71.0024866977076,70.0498870494315,70.82157897949219,36418000,0.0,0.0
2020-06-01 00:00:00-04:00,70.2996843572998,71.26963288623324,70.28035405617894,70.96531677246094,24342000,0.0,0.0
2020-06-02 00:00:00-04:00,70.90236353217014,71.35140732716212,70.32148648073952,71.33207702636719,25562000,0.0,0.0
2020-06-03 00:00:00-04:00,71.28648397910636,71.69547564757107,70.86406092744652,71.19132232666016,25124000,0.0,0.0
2020-06-04 00:00:00-04:00,70.89493894005365,71.3191997735755,69.62266314149429,69.99190521240234,29686000,0.0,0.0
2020-06-05 00:00:00-04:00,70.04095866091346,71.62102915517137,69.68559424307446,71.29093933105469,34698000,0.0,0.0
2020-06-08 00:00:00-04:00,70.49545368868087,71.76674619992588,70.49545368868087,71.69834899902344,28084000,0.0,0.0
2020-06-09 00:00:00-04:00,71.63641032633866,72.75852094388068,71.52985163949887,72.17169189453125,28184000,0.0,0.0
2020-06-10 00:00:00-04:00,72.33919847560246,73.0687207220939,72.17712947772439,72.65194702148438,30504000,0.0,0.0
2020-06-11 00:00:00-04:00,71.49366657764574,72.08817174329805,69.4873534445087,69.57855224609375,39826000,0.0,0.0
2020-06-12 00:00:00-04:00,70.80027079340208,71.22205102240396,68.69533251152936,70.04145812988281,38928000,0.0,0.0
2020-06-15 00:00:00-04:00,68.93224243797648,70.61738192945275,68.78950373730005,70.3720474243164,30078000,0.0,0.0
2020-06-16 00:00:00-04:00,71.62946173606959,72.11517716296441,70.67190090318964,71.50555419921875,34184000,0.0,0.0
2020-06-17 00:00:00-04:00,71.72562263313831,72.36201012401604,70.94351671550973,71.92189025878906,30992000,0.0,0.0
2020-06-18 00:00:00-04:00,71.82473711997325,71.93625692589225,70.72691818149396,71.17050170898438,31638000,0.0,0.0
2020-06-19 00:00:00-04:00,71.56899760584699,71.75733950126089,70.44639550926242,70.96036529541016,63158000,0.0,0.0
2020-06-22 00:00:00-04:00,70.82554134685216,72.00266288557403,70.53857410803894,71.95855712890625,30848000,0.0,0.0
2020-06-23 00:00:00-04:00,72.14591450983903,73.15209618297672,71.6304624124581,72.58058166503906,28596000,0.0,0.0
2020-06-24 00:00:00-04:00,72.43683654311894,73.12626123131635,70.8627178580367,70.97274780273438,35120000,0.0,0.0
2020-06-25 00:00:00-04:00,70.87016038569092,71.5144735533797,70.37948379720302,71.43666076660156,24610000,0.0,0.0
2020-06-26 00:00:00-04:00,70.94401030282637,71.04610697124998,67.00870556251247,67.40074920654297,85354000,0.0,0.0
2020-06-29 00:00:00-04:00,67.31549227169604,69.17014246960055,66.76187877923489,69.138916015625,36204000,0.0,0.0
2020-06-30 00:00:00-04:00,68.91440641958248,70.31257874451346,68.59323297834766,70.06277465820312,40848000,0.0,0.0
2020-07-01 00:00:00-04:00,69.93836998710933,71.51943135796787,69.87492636403398,71.27359771728516,35504000,0.0,0.0
2020-07-02 00:00:00-04:00,71.71470065807696,73.49946359096978,71.68892692526357,72.59494018554688,37182000,0.0,0.0
2020-07-06 00:00:00-04:00,73.35623783628768,74.67114462627491,72.99938350629786,74.13140869140625,31280000,0.0,0.0
2020-07-07 00:00:00-04:00,73.84889167840304,75.17717683821971,73.52920811699985,73.61000061035156,29164000,0.0,0.0
2020-07-08 00:00:00-04:00,74.0630281152907,74.63597206595455,73.63232376420032,74.14629364013672,24994000,0.0,0.0
2020-07-09 00:00:00-04:00,74.66421530642235,75.47060511577364,73.75398939474809,74.88922882080078,28466000,0.0,0.0
2020-07-10 00:00:00-04:00,74.64934123504234,76.51687082641804,74.17304136477138,76.41328430175781,37126000,0.0,0.0
2020-07-13 00:00:00-04:00,76.82267531493576,78.16741699280199,74.60438698675745,74.90657043457031,36928000,0.0,0.0
2020-07-14 00:00:00-04:00,73.86427097837495,75.48200422143529,73.52674691609714,75.36454010009766,31700000,0.0,0.0
2020-07-15 00:00:00-04:00,75.49091677156002,76.09558615941758,74.2453979629321,75.02056121826172,32214000,0.0,0.0
2020-07-16 00:00:00-04:00,74.34452043124675,75.27085478936667,73.66600114123098,75.23665618896484,30386000,0.0,0.0
2020-07-17 00:00:00-04:00,75.41608681923269,75.50628734466852,74.26622107852947,75.115234375,29134000,0.0,0.0
2020-07-20 00:00:00-04:00,75.10086169503572,77.82831763299981,74.52295670397935,77.60181427001953,31146000,0.0,0.0
2020-07-21 00:00:00-04:00,78.6560182200513,78.6560182200513,77.03480623868134,77.23999786376953,24324000,0.0,0.0
2020-07-22 00:00:00-04:00,77.34309866860218,77.81394587312545,76.62938992954005,77.73910522460938,18640000,0.0,0.0
2020-07-23 00:00:00-04:00,77.66375942591681,77.90661335529414,74.71088948386054,75.12166595458984,32552000,0.0,0.0
2020-07-24 00:00:00-04:00,74.29149740218564,75.21861836676847,73.76959434432771,74.9328384399414,30880000,0.0,0.0
2020-07-27 00:00:00-04:00,75.11770054237287,76.37511544015808,75.09837024147528,75.84132385253906,24920000,0.0,0.0
2020-07-28 00:00:00-04:00,75.59251582203669,75.65694259372691,74.22854230305666,74.36136627197266,34044000,0.0,0.0
2020-07-29 00:00:00-04:00,74.6577699770825,75.89347250238562,74.4104464542788,75.43590545654297,22130000,0.0,0.0
2020-07-30 00:00:00-04:00,74.1958326523374,76.22147587784752,73.95892301141564,75.90328216552734,33428000,0.0,0.0
2020-07-31 00:00:00-04:00,74.59283484328614,74.78811172594841,72.06610883236047,73.49996948242188,68798000,0.0,0.0
2020-08-03 00:00:00-04:00,73.68237162701634,73.8721958228916,72.64154514169648,73.07820129394531,46604000,0.0,0.0
2020-08-04 00:00:00-04:00,73.1832625830081,73.62883513266792,72.29509719386661,72.60832977294922,38070000,0.0,0.0
2020-08-05 00:00:00-04:00,72.82293595073801,73.47270939109877,72.5334881181194,73.03655242919922,39590000,0.0,0.0
2020-08-06 00:00:00-04:00,72.9443648819882,74.46297328014694,72.65937907374018,74.34947204589844,39908000,0.0,0.0
2020-08-07 00:00:00-04:00,74.34452369697038,75.17940973350267,73.43454745294021,74.0714340209961,31556000,0.0,0.0
2020-08-10 00:00:00-04:00,73.70912859484278,74.54649522053427,73.01028824176667,74.15122985839844,25786000,0.0,0.0
2020-08-11 00:00:00-04:00,73.96983192507606,74.84015688416908,73.25414182698161,73.36912536621094,29088000,0.0,0.0
2020-08-12 00:00:00-04:00,73.62983759275771,74.95842553375024,73.61347943503345,74.67264556884766,28740000,0.0,0.0
2020-08-13 00:00:00-04:00,74.85698340158868,76.19072851621169,74.74125875204649,75.25894165039062,29104000,0.0,0.0
2020-08-14 00:00:00-04:00,75.12068023967929,75.42995752240962,74.48726493670631,74.72764587402344,27096000,0.0,0.0
2020-08-17 00:00:00-04:00,75.07161399113353,75.61383806579582,74.73954267860516,75.23567199707031,27566000,0.0,0.0
2020-08-18 00:00:00-04:00,75.64208147780859,77.44072222977495,75.51966379352957,77.24891662597656,40542000,0.0,0.0
2020-08-19 00:00:00-04:00,76.98671680870588,77.99631660463567,76.52281229338247,76.70024871826172,33212000,0.0,0.0
2020-08-20 00:00:00-04:00,76.49803686860079,78.60050216390114,76.23783406234583,78.39630126953125,34138000,0.0,0.0
2020-08-21 00:00:00-04:00,78.16234721650171,79.1878059108149,77.71504291148933,78.33036804199219,28930000,0.0,0.0
2020-08-24 00:00:00-04:00,79.00244863298842,80.00313203222413,78.33781450025491,78.71598052978516,28198000,0.0,0.0
2020-08-25 00:00:00-04:00,78.41216110307802,79.87674913372051,78.41216110307802,79.70823669433594,44942000,0.0,0.0
2020-08-26 00:00:00-04:00,79.69732624258839,82.23594079832286,79.47924777582989,81.89693450927734,79868000,0.0,0.0
2020-08-27 00:00:00-04:00,81.96136243888029,82.02678749237332,80.57706783230635,81.0023193359375,37232000,0.0,0.0
2020-08-28 00:00:00-04:00,80.96068921163345,81.63870938398742,80.82488552146178,81.50191497802734,29980000,0.0,0.0
2020-08-31 00:00:00-04:00,81.67439833719081,81.67811163074094,80.80308270277501,80.99488830566406,36468000,0.0,0.0
2020-09-01 00:00:00-04:00,81.1163118426305,82.55859734770881,80.89774179710447,82.3097915649414,36506000,0.0,0.0
2020-09-02 00:00:00-04:00,82.95733536711774,85.90162162982597,82.58833533801526,85.65876770019531,50224000,0.0,0.0
2020-09-03 00:00:00-04:00,84.73858191778625,84.73858191778625,80.04724023633713,81.37454223632812,62156000,0.0,0.0
2020-09-04 00:00:00-04:00,80.50321398346387,81.53660609397302,76.70436375911142,78.85673522949219,52172000,0.0,0.0
2020-09-08 00:00:00-04:00,76.00538521791832,77.50987424865934,75.73278709736105,75.94987487792969,52218000,0.0,0.0
2020-09-09 00:00:00-04:00,77.19588736388992,77.76436916839293,76.13132163585225,77.16763305664062,35494000,0.0,0.0
2020-09-10 00:00:00-04:00,77.3500271659493,78.51183435862443,75.62350437154626,75.93153381347656,32372000,0.0,0.0
2020-09-11 00:00:00-04:00,76.12880577430165,78.07167535360452,74.21368380394722,75.3714828491211,31942000,0.0,0.0
2020-09-14 00:00:00-04:00,76.27772689380606,77.51655270347293,75.12464715744498,75.30009460449219,33932000,0.0,0.0
2020-09-15 00:00:00-04:00,76.12878861674386,77.29698613461295,75.92235673798739,76.39840698242188,26622000,0.0,0.0
2020-09-16 00:00:00-04:00,77.09725140004852,77.41742653517655,75.32685745027062,75.38038635253906,26234000,0.0,0.0
2020-09-17 00:00:00-04:00,74.1462713081013,74.75579594200235,72.85762993050274,74.12297058105469,37596000,0.0,0.0
2020-09-18 00:00:00-04:00,74.24589824935879,74.49336546839221,71.2285028135171,72.36151123046875,62078000,0.0,0.0
2020-09-21 00:00:00-04:00,71.3737201285344,71.78509409733928,69.71286437592464,70.93260955810547,57776000,0.0,0.0
2020-09-22 00:00:00-04:00,71.8708369204708,72.8338429562736,71.09963649407956,72.63262176513672,31664000,0.0,0.0
2020-09-23 00:00:00-04:00,72.30154011266035,72.40958107535472,69.7698603849799,70.14207458496094,33148000,0.0,0.0
2020-09-24 00:00:00-04:00,69.93491038275906,71.55457968847226,69.87642789149727,70.79036712646484,29004000,0.0,0.0
2020-09-25 00:00:00-04:00,71.00546431020767,71.86637366165101,70.04939330191402,71.6165771484375,26460000,0.0,0.0
2020-09-28 00:00:00-04:00,73.0662916758362,73.19465364726554,71.83172373475259,72.58602142333984,40158000,0.0,0.0
2020-09-29 00:00:00-04:00,72.87697820130725,73.18788908277749,72.30278643353837,72.8244400024414,19564000,0.0,0.0
2020-09-30 00:00:00-04:00,72.69903853828838,73.83651657183003,72.35606931617548,72.83782196044922,34032000,0.0,0.0
2020-10-01 00:00:00-04:00,73.56490589287814,74.29695419108354,73.31411864103369,73.85336303710938,35590000,0.0,0.0
2020-10-02 00:00:00-04:00,72.46261770554736,73.51186893191004,71.91196878639863,72.28369140625,25682000,0.0,0.0
2020-10-05 00:00:00-04:00,72.66980455052203,73.76018959662484,72.5736521602561,73.65164947509766,22266000,0.0,0.0
2020-10-06 00:00:00-04:00,73.13419261920257,73.68830524840186,71.79648431039487,72.036865234375,24908000,0.0,0.0
2020-10-07 00:00:00-04:00,72.57462996161686,72.80608688944669,71.1724948243328,72.37638092041016,34924000,0.0,0.0
2020-10-08 00:00:00-04:00,72.61427046115658,73.84888368897262,72.61427046115658,73.64716339111328,23756000,0.0,0.0
2020-10-09 00:00:00-04:00,74.0818428659468,75.16330373323112,73.8216400491454,75.098876953125,28706000,0.0,0.0
2020-10-12 00:00:00-04:00,76.47573675496513,78.99651107394085,75.95879485058829,77.77180480957031,49652000,0.0,0.0
2020-10-13 00:00:00-04:00,78.49443679542112,78.8051963648727,77.47691115058741,77.89720153808594,32020000,0.0,0.0
2020-10-14 00:00:00-04:00,78.23967764141322,78.6904079528005,76.84893954375634,77.7187728881836,38586000,0.0,0.0
2020-10-15 00:00:00-04:00,76.68142065018904,78.06695565034373,76.57635183280779,77.27518463134766,30800000,0.0,0.0
2020-10-16 00:00:00-04:00,77.6082541707034,78.36557701653543,77.46699775597537,77.96311950683594,28694000,0.0,0.0
2020-10-19 00:00:00-04:00,78.33237381867033,78.7135120539856,75.73229667959747,76.05990600585938,32142000,0.0,0.0
2020-10-20 00:00:00-04:00,75.68519714329963,78.185650150246,75.61679994585228,77.1165771484375,44834000,0.0,0.0
2020-10-21 00:00:00-04:00,77.97898383974783,80.22914921962466,77.89472761189754,78.96925354003906,51366000,0.0,0.0
2020-10-22 00:00:00-04:00,78.9563532631504,80.39071301299032,78.55737464348724,80.06062316894531,28672000,0.0,0.0
2020-10-23 00:00:00-04:00,80.5929347075244,81.40031518862908,80.3173644460874,81.33291625976562,27516000,0.0,0.0
2020-10-26 00:00:00-04:00,80.5404016718287,81.19611941795841,78.13609318573147,78.82749938964844,37066000,0.0,0.0
2020-10-27 00:00:00-04:00,79.08621219382523,79.64007522401424,78.44734424174912,79.51195526123047,24580000,0.0,0.0
2020-10-28 00:00:00-04:00,77.3054297432622,77.38522397248478,75.06914939138447,75.16827392578125,36680000,0.0,0.0
2020-10-29 00:00:00-04:00,75.45274789799177,78.98907386464616,75.44680360327452,77.67713928222656,40062000,0.0,0.0
2020-10-30 00:00:00-04:00,82.87481051257774,83.61280300361643,79.52187292207024,80.3421401977539,86582000,0.0,0.0
2020-11-02 00:00:00-05:00,80.69652560602833,82.312776510931,80.09532743050677,80.59095764160156,50708000,0.0,0.0
2020-11-03 00:00:00-05:00,80.87593539750762,82.35886301859172,80.1245644288924,81.78938293457031,33234000,0.0,0.0
2020-11-04 00:00:00-05:00,84.76664097405978,87.79420062336693,84.55599662853186,86.6921615600586,71418000,0.0,0.0
2020-11-05 00:00:00-05:00,88.27172242491409,88.89819504969753,86.76054070799741,87.3979263305664,41316000,0.0,0.0
2020-11-06 00:00:00-05:00,86.93105889987245,87.84697949374018,86.25700154200906,87.3176498413086,33218000,0.0,0.0
2020-11-09 00:00:00-05:00,88.76240537226172,90.10853860866732,87.23190067711361,87.37960052490234,45366000,0.0,0.0
2020-11-10 00:00:00-05:00,85.79803221848107,87.3795926686371,85.11455936420948,86.25897216796875,52722000,0.0,0.0
2020-11-11 00:00:00-05:00,86.73529215883607,87.440076909365,86.60469159379954,86.8696060180664,25280000,0.0,0.0
2020-11-12 00:00:00-05:00,86.61781750630749,87.64079590014305,86.51720312759008,86.72734832763672,24950000,0.0,0.0
2020-11-13 00:00:00-05:00,87.11344591827967,88.27371784171743,86.46516232064567,88.07447052001953,29998000,0.0,0.0
2020-11-16 00:00:00-05:00,87.81080193529694,89.16734155546084,87.6120537403841,88.29057312011719,24936000,0.0,0.0
2020-11-17 00:00:00-05:00,88.07051925455009,88.46999710366175,87.57786116654357,87.7339859008789,22942000,0.0,0.0
2020-11-18 00:00:00-05:00,87.49012957074888,87.898531407156,86.54397318859226,86.57569122314453,23470000,0.0,0.0
2020-11-19 00:00:00-05:00,86.1593539424191,87.70621675109514,86.09120630839033,87.4251937866211,24998000,0.0,0.0
2020-11-20 00:00:00-05:00,87.48913193523614,87.92478976878569,86.33183971503769,86.34819030761719,46270000,0.0,0.0
2020-11-23 00:00:00-05:00,86.71545206984375,86.92856939858318,85.13538143903462,85.9848861694336,43232000,0.0,0.0
2020-11-24 00:00:00-05:00,85.76880831419807,87.80584875513378,85.62953332279173,87.67103576660156,31560000,0.0,0.0
2020-11-25 00:00:00-05:00,87.86977675480436,88.1498090071273,87.05942416031759,87.79741668701172,20916000,0.0,0.0
2020-11-27 00:00:00-05:00,87.87968642012437,89.41167329821602,87.84746925132592,88.87590026855469,17698000,0.0,0.0
2020-11-30 00:00:00-05:00,88.28085371507703,88.6219019823669,86.98309911115048,87.26759338378906,36476000,0.0,0.0
2020-12-01 00:00:00-05:00,87.94313924600563,90.44409198474904,87.69532413134365,89.11927032470703,34738000,0.0,0.0
2020-12-02 00:00:00-05:00,89.11925285934463,90.98034642579326,88.69167204248289,90.59870910644531,24440000,0.0,0.0
2020-12-03 00:00:00-05:00,90.4034430099412,91.55280954460262,90.33603651739992,90.54023742675781,24546000,0.0,0.0
2020-12-04 00:00:00-05:00,90.42870902845401,90.85693268659581,90.05550412793687,90.60069274902344,27564000,0.0,0.0
2020-12-07 00:00:00-05:00,90.15512462600529,90.81778494437627,89.49990602036944,90.17891693115234,26418000,0.0,0.0
2020-12-08 00:00:00-05:00,89.71401963544385,90.29886720311792,89.02534353070801,90.13282775878906,21926000,0.0,0.0
2020-12-09 00:00:00-05:00,89.80868634710603,90.91195810053874,87.61800185648615,88.42686462402344,30152000,0.0,0.0
2020-12-10 00:00:00-05:00,87.71662706043237,88.2870978811163,86.25551025912611,87.99071502685547,27256000,0.0,0.0
2020-12-11 00:00:00-05:00,87.38256568369583,88.44272228414569,87.23090298473718,88.30989074707031,24414000,0.0,0.0
2020-12-14 00:00:00-05:00,87.97435217160282,89.08406729782526,87.09287225030265,87.23387908935547,32004000,0.0,0.0
2020-12-15 00:00:00-05:00,87.44999592829149,87.79693560142904,86.73281584887337,87.61602783203125,29646000,0.0,0.0
2020-12-16 00:00:00-05:00,87.86927883747131,87.87523069513693,87.03662378158097,87.37960052490234,30270000,0.0,0.0
2020-12-17 00:00:00-05:00,87.65269115937011,87.81496436307795,86.17323478264711,86.63119506835938,32494000,0.0,0.0
2020-12-18 00:00:00-05:00,86.94245848614152,86.98855324450007,85.25930025475854,85.79408264160156,80328000,0.0,0.0
2020-12-21 00:00:00-05:00,84.92672847160367,86.28178578016737,84.20756706246826,86.20842742919922,36568000,0.0,0.0
2020-12-22 00:00:00-05:00,85.96357708428384,86.11102735704515,84.88038440504826,85.42185974121094,18734000,0.0,0.0
2020-12-23 00:00:00-05:00,85.65034919837969,86.6356576990246,85.49818734526555,85.86198425292969,20676000,0.0,0.0
2020-12-24 00:00:00-05:00,85.99183281593179,86.53702901737283,85.69990441293795,86.18264770507812,6936000,0.0,0.0
2020-12-28 00:00:00-05:00,86.8163123422826,88.75388019441684,86.55362896298506,88.02837371826172,27860000,0.0,0.0
2020-12-29 00:00:00-05:00,88.60827626492362,88.8387424962282,87.03712185285005,87.16747283935547,25988000,0.0,0.0
2020-12-30 00:00:00-05:00,87.3305347807353,87.48343777931248,85.52594210037674,86.21585845947266,26122000,0.0,0.0
2020-12-31 00:00:00-05:00,86.0126478051477,87.17787321352291,86.0126478051477,86.82845306396484,20238000,0.0,0.0
2021-01-04 00:00:00-05:00,87.1089767072172,87.26311997658573,84.64619349735915,85.65678405761719,38038000,0.0,0.0
2021-01-05 00:00:00-05:00,85.496199348198,86.61979203115855,85.150000908083,86.28524017333984,22906000,0.0,0.0
2021-01-06 00:00:00-05:00,84.38747151631257,86.63614664535898,84.20755451533383,86.0062026977539,52042000,0.0,0.0
2021-01-07 00:00:00-05:00,86.24262882775052,88.63850508527564,86.09344667537114,88.58151245117188,45300000,0.0,0.0
2021-01-08 00:00:00-05:00,88.61768656703295,89.70112887180485,87.90174689981127,89.5707778930664,41012000,0.0,0.0
2021-01-11 00:00:00-05:00,88.52301564787511,88.9316670211408,87.25668418595048,87.56397247314453,24194000,0.0,0.0
2021-01-12 00:00:00-05:00,86.92956446545095,88.12502568589198,85.51157032407164,86.56428527832031,27140000,0.0,0.0
2021-01-13 00:00:00-05:00,86.169266629138,87.4804524876278,86.14101232276558,86.95335388183594,21882000,0.0,0.0
2021-01-14 00:00:00-05:00,86.914705033761,87.97486180881256,85.91253917160194,86.24858093261719,23590000,0.0,0.0
2021-01-15 00:00:00-05:00,86.14994392220567,87.03266419268685,85.32521456188599,86.05081939697266,26844000,0.0,0.0
2021-01-19 00:00:00-05:00,86.84680492883547,89.6731358453659,86.31201498122367,88.76042938232422,34692000,0.0,0.0
2021-01-20 00:00:00-05:00,90.77267770337184,94.35360856960604,90.47876787428183,93.52045440673828,49806000,0.0,0.0
2021-01-21 00:00:00-05:00,94.07060533540135,95.89749283092411,93.53086185572522,93.73605346679688,41278000,0.0,0.0
2021-01-22 00:00:00-05:00,93.95561656871892,94.71244783053908,93.265700219909,94.22177124023438,25442000,0.0,0.0
2021-01-25 00:00:00-05:00,95.19420425804239,95.63580640069642,92.56042773049734,94.13999938964844,38546000,0.0,0.0
2021-01-26 00:00:00-05:00,93.61662005534345,95.40881760460792,93.38887639560056,95.02420806884766,26262000,0.0,0.0
2021-01-27 00:00:00-05:00,93.30385960381521,93.67409233751714,89.6594853551088,90.73946380615234,54966000,0.0,0.0
2021-01-28 00:00:00-05:00,91.39122764909371,94.11174085003306,91.32680087001178,92.34135437011719,35462000,0.0,0.0
2021-01-29 00:00:00-05:00,91.50175174857779,92.05239308309584,89.71897007422065,90.98480987548828,32252000,0.0,0.0
2021-02-01 00:00:00-05:00,91.8685125685851,95.27953935955722,91.73767002413015,94.23663330078125,32044000,0.0,0.0
2021-02-02 00:00:00-05:00,95.28786868697729,96.93336441857134,94.88789932969807,95.53321075439453,45474000,0.0,0.0
2021-02-03 00:00:00-05:00,102.7441190945623,104.9001054468599,100.03698476187878,102.5988998413086,82364000,0.0,0.0
2021-02-04 00:00:00-05:00,102.54042473223232,103.01919756454852,101.23691508277774,102.21726989746094,37046000,0.0,0.0
2021-02-05 00:00:00-05:00,102.59544928805532,104.20674654418703,102.06661121002247,103.98321533203125,30702000,0.0,0.0
2021-02-08 00:00:00-05:00,104.37524720014898,105.2493912529577,102.69456220985744,103.73092651367188,24838000,0.0,0.0
2021-02-09 00:00:00-05:00,103.01871231383504,104.33659120372786,103.01871231383504,103.2650375366211,17798000,0.0,0.0
2021-02-10 00:00:00-05:00,103.79537206045246,104.4971845872037,102.25297115951753,103.85335540771484,22710000,0.0,0.0
2021-02-11 00:00:00-05:00,104.05805710984835,104.18295537452418,102.95824904805707,103.8786392211914,18914000,0.0,0.0
2021-02-12 00:00:00-05:00,103.59908945346342,104.5194795459831,103.24620556502322,104.2860336303711,17114000,0.0,0.0
2021-02-16 00:00:00-05:00,104.2984361284602,106.69332155041313,104.2984361284602,105.16777038574219,22676000,0.0,0.0
2021-02-17 00:00:00-05:00,104.08234007920224,105.75062997057648,104.02881117156582,105.48546600341797,21418000,0.0,0.0
2021-02-18 00:00:00-05:00,104.59729044683503,105.70477454903315,104.26620987440927,104.934814453125,22432000,0.0,0.0
2021-02-19 00:00:00-05:00,105.0374113048308,105.5954867976591,103.95396150263319,104.13883209228516,29148000,0.0,0.0
2021-02-22 00:00:00-05:00,102.44675888424668,103.65708847520821,102.20588636272302,102.34169006347656,27350000,0.0,0.0
2021-02-23 00:00:00-05:00,100.36560904756054,103.19069951762096,99.22614971508457,102.63806915283203,33348000,0.0,0.0
2021-02-24 00:00:00-05:00,101.19925768090762,104.1209997472014,101.01587693201483,103.84294891357422,24966000,0.0,0.0
2021-02-25 00:00:00-05:00,102.46906216428576,103.82858147526002,100.18123451701058,100.68033599853516,36568000,0.0,0.0
2021-02-26 00:00:00-05:00,101.62995610035973,102.64550029728606,99.92201499983882,100.95292663574219,41670000,0.0,0.0
2021-03-01 00:00:00-05:00,101.92733258910441,103.4142231054919,101.41088982185654,103.1659164428711,28090000,0.0,0.0
2021-03-02 00:00:00-05:00,102.90224419609625,104.29892665824069,102.65790039238483,102.88489532470703,22692000,0.0,0.0
2021-03-03 00:00:00-05:00,102.45714787237186,103.51324324396886,99.6216514796028,100.4498519897461,29684000,0.0,0.0
2021-03-04 00:00:00-05:00,100.28431816218371,103.5490291063258,100.13066646649789,101.55907440185547,42360000,0.0,0.0
2021-03-05 00:00:00-05:00,102.75007432070196,104.9799183848455,101.42649317847557,104.50559997558594,43904000,0.0,0.0
2021-03-08 00:00:00-05:00,104.13834392847765,105.51024332195891,100.1970873582059,100.323974609375,32948000,0.0,0.0
2021-03-09 00:00:00-05:00,102.59543697024547,102.99392401851154,101.49662733095751,101.73799896240234,33946000,0.0,0.0
2021-03-10 00:00:00-05:00,102.68267652955811,102.84326325035669,100.77995757603279,101.8534927368164,25372000,0.0,0.0
2021-03-11 00:00:00-05:00,102.79668193443077,105.35611705729985,102.71341642240814,104.81439208984375,24782000,0.0,0.0
2021-03-12 00:00:00-05:00,103.33889828971348,103.59960026293786,101.482765582229,102.19498443603516,34516000,0.0,0.0
2021-03-15 00:00:00-04:00,102.21380608772772,102.44972501607036,101.28251810330815,102.42147827148438,25962000,0.0,0.0
2021-03-16 00:00:00-04:00,103.04102280678816,105.2500469460827,102.5954502335247,103.71160888671875,29832000,0.0,0.0
2021-03-17 00:00:00-04:00,102.89430248992838,104.56705421419312,101.80242783831503,103.64022827148438,25980000,0.0,0.0
2021-03-18 00:00:00-04:00,102.1493966099388,102.868058953281,100.78888644356262,100.92121887207031,27228000,0.0,0.0
2021-03-19 00:00:00-04:00,101.21015069189241,101.75781986304548,100.00230183051968,101.26715087890625,46298000,0.0,0.0
2021-03-22 00:00:00-04:00,101.19975162396116,102.00018949373312,100.41813735450914,101.03866577148438,39096000,0.0,0.0
2021-03-23 00:00:00-04:00,101.68843972946398,102.70953497146553,101.06989274095093,101.75089263916016,27340000,0.0,0.0
2021-03-24 00:00:00-04:00,102.36596458213361,103.00235199459931,101.1856212701931,101.35933685302734,23080000,0.0,0.0
2021-03-25 00:00:00-04:00,101.34696370710267,102.04381513297412,99.65785356944589,101.32466125488281,28378000,0.0,0.0
2021-03-26 00:00:00-04:00,101.05206614088812,101.65326434101095,99.82091629002458,100.88800811767578,29870000,0.0,0.0
2021-03-29 00:00:00-04:00,100.50784871516063,102.02200282592527,99.90020715173766,101.89908599853516,24596000,0.0,0.0
2021-03-30 00:00:00-04:00,101.98234781238062,102.6341026761578,101.3082904991572,101.8787612915039,20732000,0.0,0.0
2021-03-31 00:00:00-04:00,102.05620344338112,103.75160564552316,101.93848976245499,102.52754974365234,29198000,0.0,0.0
2021-04-01 00:00:00-04:00,103.98072513836945,106.21056920952837,103.92818695157311,105.95333099365234,33980000,0.0,0.0
2021-04-05 00:00:00-04:00,106.70619848848916,110.88782822438391,106.64077343446716,110.30496215820312,43298000,0.0,0.0
2021-04-06 00:00:00-04:00,110.15380763789219,110.90518619827041,109.77217028127119,110.26532745361328,27060000,0.0,0.0
2021-04-07 00:00:00-04:00,110.3337162875674,111.76459724327387,110.29406496860264,111.50092315673828,25798000,0.0,0.0
2021-04-08 00:00:00-04:00,112.90257188026278,113.20217644345813,111.89743396425405,112.28204345703125,27166000,0.0,0.0
2021-04-09 00:00:00-04:00,111.84886407834288,113.45173646905039,111.70086927870828,113.29511260986328,20888000,0.0,0.0
2021-04-12 00:00:00-04:00,112.32219406950345,112.77172951134852,110.94508386482231,111.75420379638672,31318000,0.0,0.0
2021-04-13 00:00:00-04:00,112.08527529906593,112.86539214879267,111.81862149350997,112.37274169921875,23310000,0.0,0.0
2021-04-14 00:00:00-04:00,112.7638026899758,112.90406083205876,111.47665101262801,111.75667572021484,20220000,0.0,0.0
2021-04-15 00:00:00-04:00,112.85400534620594,114.3219135408098,112.3098073747312,113.82940673828125,27472000,0.0,0.0
2021-04-16 00:00:00-04:00,114.14362235379001,114.31411621726856,113.22423056487837,113.8839111328125,22596000,0.0,0.0
2021-04-19 00:00:00-04:00,113.59744128043279,114.9093758966617,113.39249923629254,114.1138916015625,24688000,0.0,0.0
2021-04-20 00:00:00-04:00,114.38598816439529,114.4707435221753,112.59280014549097,113.6792221069336,21774000,0.0,0.0
2021-04-21 00:00:00-04:00,113.26388169380104,113.76298315107185,111.94154076185467,113.66236877441406,23930000,0.0,0.0
2021-04-22 00:00:00-04:00,113.65939592756725,114.18139728635546,111.8364712571868,112.40496063232422,21096000,0.0,0.0
2021-04-23 00:00:00-04:00,113.17565999130237,115.27465401742874,112.91495804362314,114.75325012207031,28670000,0.0,0.0
2021-04-26 00:00:00-04:00,114.98271983510006,116.03990429588447,114.68088428999732,115.32024383544922,20834000,0.0,0.0
2021-04-27 00:00:00-04:00,115.77922736338134,115.85108830319514,114.20659055107647,114.34784698486328,31972000,0.0,0.0
2021-04-28 00:00:00-04:00,119.30536718417467,121.54725125812809,117.70473339279063,117.95552062988281,59728000,0.0,0.0
2021-04-29 00:00:00-04:00,119.46322875919614,120.76127824128,119.06424254095603,120.43267822265625,39554000,0.0,0.0
2021-04-30 00:00:00-04:00,119.1737934475974,120.29639559468626,119.05831075917962,119.45282745361328,39142000,0.0,0.0
2021-05-03 00:00:00-04:00,119.08604858003083,119.92762760392012,118.18300736412907,118.71184539794922,33788000,0.0,0.0
2021-05-04 00:00:00-04:00,117.4514601947824,117.92329804660062,114.57482234362114,116.68373107910156,35120000,0.0,0.0
2021-05-05 00:00:00-04:00,117.38603984790878,118.06902119538977,116.54297848423748,116.80714416503906,21806000,0.0,0.0
2021-05-06 00:00:00-04:00,116.50481371229871,118.09430010868064,116.093341428123,118.02689361572266,20618000,0.0,0.0
2021-05-07 00:00:00-04:00,118.95124031054598,119.76457262276101,118.45561014258537,118.88631439208984,23272000,0.0,0.0
2021-05-10 00:00:00-04:00,117.70670082167601,117.86084408811325,115.71625461521184,116.05972290039062,26006000,0.0,0.0
2021-05-11 00:00:00-04:00,113.59149909326351,115.08532462261648,113.15236997359824,114.42911529541016,32110000,0.0,0.0
2021-05-12 00:00:00-04:00,112.09716666544622,113.26982624219538,110.52800146532142,110.97555541992188,34934000,0.0,0.0
2021-05-13 00:00:00-04:00,112.06643989798022,112.83521269642391,111.15597204723466,112.11006164550781,26670000,0.0,0.0
2021-05-14 00:00:00-04:00,113.59000046800689,115.04269227145842,113.16822025200835,114.79586791992188,26624000,0.0,0.0
2021-05-17 00:00:00-04:00,114.45687458952851,115.1517445473041,113.74712876833237,115.05609130859375,19842000,0.0,0.0
2021-05-18 00:00:00-04:00,115.82410904374173,116.13358294994576,114.15155387284486,114.1649398803711,17302000,0.0,0.0
2021-05-19 00:00:00-04:00,112.2304910648047,114.82560674877791,112.18687688265052,114.42662811279297,19350000,0.0,0.0
2021-05-20 00:00:00-04:00,115.38469377714485,116.98557720936954,115.04022715722633,116.77493286132812,23832000,0.0,0.0
2021-05-21 00:00:00-04:00,117.26559823890925,117.41478037408469,116.09492005799999,116.230224609375,22832000,0.0,0.0
2021-05-24 00:00:00-04:00,117.31564473884379,119.8671536101821,116.97415789440603,119.28181457519531,21244000,0.0,0.0
2021-05-25 00:00:00-04:00,119.94249700137718,120.58136499448375,119.09942811474023,119.40077209472656,18838000,0.0,0.0
2021-05-26 00:00:00-04:00,119.58737440995169,121.07967220882956,119.57151539461012,120.61308288574219,21856000,0.0,0.0
2021-05-27 00:00:00-04:00,120.78209670482737,120.933759413252,119.05036328689584,119.07564544677734,38962000,0.0,0.0
2021-05-28 00:00:00-04:00,120.03965252427454,120.3459501149454,119.33238725478645,119.52420043945312,24108000,0.0,0.0
2021-06-01 00:00:00-04:00,120.04163609578916,120.83321054560012,119.19312195063074,120.42872619628906,19166000,0.0,0.0
2021-06-02 00:00:00-04:00,120.70131235784183,121.03288452088951,119.15940310622467,120.00594329833984,17158000,0.0,0.0
2021-06-03 00:00:00-04:00,118.70441649519012,119.43423373596274,118.10024622171554,119.17972564697266,18346000,0.0,0.0
2021-06-04 00:00:00-04:00,120.0674037773061,121.62065717875939,119.83197641288334,121.5166244506836,25948000,0.0,0.0
2021-06-07 00:00:00-04:00,121.49481176781347,122.32152249474767,120.98693758090909,122.22685241699219,23850000,0.0,0.0
2021-06-08 00:00:00-04:00,122.91133089817407,123.63469715525575,122.33342592755342,123.05754089355469,25060000,0.0,0.0
2021-06-09 00:00:00-04:00,123.88275958200325,124.15535768827324,123.27958002417898,123.4813003540039,20126000,0.0,0.0
2021-06-10 00:00:00-04:00,123.61065868780943,125.06037842620621,123.61015954854648,124.97810363769531,31234000,0.0,0.0
2021-06-11 00:00:00-04:00,125.14265085087479,125.245246655623,123.82278297293935,124.59795379638672,25240000,0.0,0.0
2021-06-14 00:00:00-04:00,124.5711884964935,125.30670043242567,123.95412381716069,125.24771881103516,22550000,0.0,0.0
2021-06-15 00:00:00-04:00,125.41624321865433,125.75326810236375,124.55037271812343,124.93151092529297,22182000,0.0,0.0
2021-06-16 00:00:00-04:00,125.14413314320345,125.41772195586535,123.06491564361433,124.59795379638672,26316000,0.0,0.0
2021-06-17 00:00:00-04:00,124.42596748707687,126.0848416362786,124.41803419819699,125.26655578613281,25756000,0.0,0.0
2021-06-18 00:00:00-04:00,124.6068642850491,125.28439285033282,123.51399894166097,124.4700698852539,53306000,0.0,0.0
2021-06-21 00:00:00-04:00,124.6410755374934,125.92649531328948,124.04061854594865,125.3498306274414,26256000,0.0,0.0
2021-06-22 00:00:00-04:00,125.34487503567935,126.15770826428835,124.92507619416746,125.88957214355469,20984000,0.0,0.0
2021-06-23 00:00:00-04:00,125.44399734334849,126.67910232551053,125.14859765193465,125.35626983642578,19694000,0.0,0.0
2021-06-24 00:00:00-04:00,125.94309808049533,126.42088782241761,125.85041698947713,126.16960144042969,18934000,0.0,0.0
2021-06-25 00:00:00-04:00,125.84744668558378,126.3906539334085,125.33892961896906,125.88511657714844,33484000,0.0,0.0
2021-06-28 00:00:00-04:00,125.89007751307476,126.22413028913088,124.87284668976974,125.7111587524414,28110000,0.0,0.0
2021-06-29 00:00:00-04:00,125.66455290774036,125.89006554685616,124.34072209720667,124.91714477539062,20950000,0.0,0.0
2021-06-30 00:00:00-04:00,124.55539196374131,124.70056587830835,123.66717354614626,124.22079467773438,24006000,0.0,0.0
2021-07-01 00:00:00-04:00,123.7586041738612,125.3572640901754,123.7586041738612,125.26408386230469,17120000,0.0,0.0
2021-07-02 00:00:00-04:00,125.7309572157415,127.72191018017409,125.6610701602398,127.59402465820312,21160000,0.0,0.0
2021-07-06 00:00:00-04:00,128.31816318211662,128.74937418354727,127.28675982922613,128.63685607910156,21350000,0.0,0.0
2021-07-07 00:00:00-04:00,129.2018902258368,129.49816724878073,128.62595903313536,128.94068908691406,16680000,0.0,0.0
2021-07-08 00:00:00-04:00,127.12913442693282,128.89605713494794,126.92096310718405,128.04803466796875,19780000,0.0,0.0
2021-07-09 00:00:00-04:00,127.81754825071404,128.71463747704684,127.81654997236404,128.44203186035156,15106000,0.0,0.0
2021-07-12 00:00:00-04:00,128.69879763319938,129.62712106436328,128.46734826222308,129.42291259765625,16944000,0.0,0.0
2021-07-13 00:00:00-04:00,129.73763620241206,130.88800092868556,129.49526628098934,129.8496551513672,16618000,0.0,0.0
2021-07-14 00:00:00-04:00,130.74875896090174,131.83369134250623,130.74528011067704,130.9281768798828,17912000,0.0,0.0
2021-07-15 00:00:00-04:00,131.34198745716597,131.43615839405658,129.45661753868265,130.1192626953125,16586000,0.0,0.0
2021-07-16 00:00:00-04:00,130.49049576193022,131.02775106818032,129.6781542435525,130.69320678710938,14856000,0.0,0.0
2021-07-19 00:00:00-04:00,130.00926058837544,130.09995269015585,127.41364537521233,128.12437438964844,25710000,0.0,0.0
2021-07-20 00:00:00-04:00,128.86782227128887,130.84771135969666,128.0593526868454,129.9557342529297,19084000,0.0,0.0
2021-07-21 00:00:00-04:00,129.64396218425753,131.4582123382449,129.4600823112968,131.4416046142578,14742000,0.0,0.0
2021-07-22 00:00:00-04:00,131.49067121509853,132.33771051280502,131.24285614298154,132.1632537841797,13608000,0.0,0.0
2021-07-23 00:00:00-04:00,134.0778653549156,137.59536022147253,133.52326113538885,136.6115264892578,26378000,0.0,0.0
2021-07-26 00:00:00-04:00,137.04175882580606,138.49197034015555,136.44799477729384,138.424072265625,23052000,0.0,0.0
2021-07-27 00:00:00-04:00,138.78736681390427,138.78736681390427,133.91929127804903,135.6009521484375,42164000,0.0,0.0
2021-07-28 00:00:00-04:00,137.3510146618387,138.45527713118932,135.15835630210034,135.1895751953125,54688000,0.0,0.0
2021-07-29 00:00:00-04:00,135.18868381647192,135.95285093603806,134.94820455923784,135.34718322753906,19284000,0.0,0.0
2021-07-30 00:00:00-04:00,134.32667378141056,134.5847438947588,133.63595582360026,134.03919982910156,23954000,0.0,0.0
2021-08-02 00:00:00-04:00,134.30041878215883,134.8317298874316,133.49253912392356,134.80101013183594,20140000,0.0,0.0
2021-08-03 00:00:00-04:00,134.81140705339433,135.14396993832906,133.01078481298242,135.08895874023438,19064000,0.0,0.0
2021-08-04 00:00:00-04:00,135.05872228263124,135.3446988338676,134.23151238221777,134.83966064453125,16528000,0.0,0.0
2021-08-05 00:00:00-04:00,134.83967689742926,135.75311699831278,134.4149244523131,135.7432098388672,11866000,0.0,0.0
2021-08-06 00:00:00-04:00,135.103842310148,135.88203077609694,134.85750948819918,135.83836364746094,13560000,0.0,0.0
2021-08-09 00:00:00-04:00,135.75210754630416,137.1126098442839,135.2364059648391,136.7958984375,12374000,0.0,0.0
2021-08-10 00:00:00-04:00,136.87273766972007,137.3406126959752,136.02719570102272,136.88958740234375,16034000,0.0,0.0
2021-08-11 00:00:00-04:00,137.0744638632989,137.63427126577432,136.14961925968484,136.48614501953125,15204000,0.0,0.0
2021-08-12 00:00:00-04:00,136.50945230866833,137.20829276400184,135.58362445612704,137.18003845214844,14646000,0.0,0.0
2021-08-13 00:00:00-04:00,137.1482816134208,137.46201328936107,136.79886904732808,137.1963653564453,12580000,0.0,0.0
2021-08-16 00:00:00-04:00,136.79393989388618,137.7757771825997,134.97572661397365,137.70193481445312,18040000,0.0,0.0
2021-08-17 00:00:00-04:00,136.9832298714424,137.50613111181167,135.59200794590006,136.10052490234375,21272000,0.0,0.0
2021-08-18 00:00:00-04:00,135.91715341997238,137.08536621500676,135.22873447579948,135.37643432617188,14934000,0.0,0.0
2021-08-19 00:00:00-04:00,134.2835573571537,136.250710575215,134.1730358236268,135.7169189453125,18296000,0.0,0.0
2021-08-20 00:00:00-04:00,135.88494136924143,137.4030659817041,135.27432762789584,137.22711181640625,15564000,0.0,0.0
2021-08-23 00:00:00-04:00,137.78369720782266,140.9344153589922,137.53533762124232,139.8663330078125,21090000,0.0,0.0
2021-08-24 00:00:00-04:00,140.30646829785283,141.75767799114166,140.11812640300855,141.15399169921875,15126000,0.0,0.0
2021-08-25 00:00:00-04:00,141.63425255844453,142.06050238718717,141.19463184688692,141.70066833496094,12838000,0.0,0.0
2021-08-26 00:00:00-04:00,141.37205804432725,141.88384215982578,140.84967100103097,140.88088989257812,14922000,0.0,0.0
2021-08-27 00:00:00-04:00,140.87048942802775,143.74365609869835,140.77879905574363,143.2871856689453,24562000,0.0,0.0
2021-08-30 00:00:00-04:00,143.4398370433749,145.20924046509765,143.33625807710695,144.19815063476562,16916000,0.0,0.0
2021-08-31 00:00:00-04:00,144.60954301341715,144.8350481132899,143.73276696376104,144.19073486328125,26756000,0.0,0.0
2021-09-01 00:00:00-04:00,144.37705950009808,145.53733139824254,144.3418777449803,144.5673828125,15824000,0.0,0.0
2021-09-02 00:00:00-04:00,144.67393227681757,145.04615401224612,142.84705245039112,142.95855712890625,21844000,0.0,0.0
2021-09-03 00:00:00-04:00,142.8862344211217,144.10647889900406,142.25084514282136,143.50973510742188,19104000,0.0,0.0
2021-09-07 00:00:00-04:00,143.48444727787225,144.54956519502716,143.27777335151706,144.24722290039062,15170000,0.0,0.0
2021-09-08 00:00:00-04:00,144.12281642473047,144.2789411518269,142.93975037364532,143.61727905273438,15486000,0.0,0.0
2021-09-09 00:00:00-04:00,143.6172513180427,144.39637738512306,143.17168637688346,143.64698791503906,14798000,0.0,0.0
2021-09-10 00:00:00-04:00,144.17237014353682,144.74284095381356,140.50272847516052,140.6806640625,32896000,0.0,0.0
2021-09-13 00:00:00-04:00,141.949481265479,142.93081935860877,141.03900582596071,142.21116638183594,20176000,0.0,0.0
2021-09-14 00:00:00-04:00,142.90105534046012,143.46260205833164,141.65653495187883,142.1526641845703,18916000,0.0,0.0
2021-09-15 00:00:00-04:00,142.50262095242712,144.30918776941877,141.0127504910159,143.9369659423828,20648000,0.0,0.0
2021-09-16 00:00:00-04:00,143.85268951459992,143.93099387588092,142.16293675723705,143.11172485351562,20292000,0.0,0.0
2021-09-17 00:00:00-04:00,142.54174200846145,142.98880441337624,139.82866295123725,140.22715759277344,60040000,0.0,0.0
2021-09-20 00:00:00-04:00,137.78537937013954,138.14451762607175,135.85519274968732,137.80203247070312,34918000,0.0,0.0
2021-09-21 00:00:00-04:00,138.89244868200248,139.58097358734125,137.69153455645204,138.42605590820312,18130000,0.0,0.0
2021-09-22 00:00:00-04:00,138.82651689975006,140.3461086397524,138.25282435593874,139.70675659179688,22068000,0.0,0.0
2021-09-23 00:00:00-04:00,140.37187645905587,141.00921679756655,139.86335942697647,140.5869903564453,17272000,0.0,0.0
2021-09-24 00:00:00-04:00,139.71417618266344,141.65457249372565,139.61950610299098,141.3864288330078,14950000,0.0,0.0
2021-09-27 00:00:00-04:00,140.34809278521013,141.25460537170252,139.27208459455582,140.26434326171875,18844000,0.0,0.0
2021-09-28 00:00:00-04:00,137.8729158935371,138.3863940780007,134.51402621091523,134.99380493164062,42190000,0.0,0.0
2021-09-29 00:00:00-04:00,135.9113965156611,136.19767556102167,133.07669398868055,133.34532165527344,26338000,0.0,0.0
2021-09-30 00:00:00-04:00,133.15106465674455,134.40500859382666,131.83764750927674,132.100830078125,35294000,0.0,0.0
2021-10-01 00:00:00-04:00,132.3872771587971,135.8730387760148,132.21182215087924,135.2698516845703,28388000,0.0,0.0
2021-10-04 00:00:00-04:00,134.5135191075148,134.51401824675966,130.0201466219527,132.59593200683594,31530000,0.0,0.0
2021-10-05 00:00:00-04:00,132.82888647157216,136.16150327350928,132.82888647157216,134.9868621826172,24126000,0.0,0.0
2021-10-06 00:00:00-04:00,133.44891049396676,136.6472131473903,133.311117816798,136.153564453125,19764000,0.0,0.0
2021-10-07 00:00:00-04:00,137.64937918901305,138.92953517747364,137.35199808771898,137.96905517578125,18250000,0.0,0.0
2021-10-08 00:00:00-04:00,138.68327195842016,139.09067547228446,138.2107837101895,138.8319549560547,18924000,0.0,0.0
2021-10-11 00:00:00-04:00,138.5782081372301,139.53343976320886,137.59339116336497,137.634033203125,16584000,0.0,0.0
2021-10-12 00:00:00-04:00,138.4171136172655,138.47412137248665,135.0592222183902,135.51817321777344,22536000,0.0,0.0
2021-10-13 00:00:00-04:00,136.54612594377107,137.3391373227963,135.77938744359855,136.69480895996094,16380000,0.0,0.0
2021-10-14 00:00:00-04:00,138.72885501616014,140.41351045841066,138.12122105390935,140.1761016845703,21426000,0.0,0.0
2021-10-15 00:00:00-04:00,140.95723430430255,140.95723430430255,139.83165998868782,140.43682861328125,21250000,0.0,0.0
2021-10-18 00:00:00-04:00,139.97931872688673,141.74896376406278,139.97931872688673,141.71104431152344,16564000,0.0,0.0
2021-10-19 00:00:00-04:00,142.03918231782805,142.84754591424652,141.84538015554773,142.56504821777344,15316000,0.0,0.0
2021-10-20 00:00:00-04:00,142.96203174949812,142.98706433732832,140.6717239054888,141.17031860351562,17940000,0.0,0.0
2021-10-21 00:00:00-04:00,140.94931130768418,141.6010662824149,140.39915387682134,141.5326690673828,14850000,0.0,0.0
2021-10-22 00:00:00-04:00,139.1243652827816,140.32131626970926,135.97166580894276,137.4134521484375,30182000,0.0,0.0
2021-10-25 00:00:00-04:00,137.59734371798118,137.98918316834994,135.5533684178351,137.56016540527344,21082000,0.0,0.0
2021-10-26 00:00:00-04:00,139.37716739560585,139.60861678470926,137.7906455113786,138.45132446289062,28258000,0.0,0.0
2021-10-27 00:00:00-04:00,138.67979846728335,147.81475816635793,138.67979846728335,145.1477813720703,51850000,0.0,0.0
2021-10-28 00:00:00-04:00,146.0116557404477,146.13606242469905,143.49832308448276,144.8518829345703,32418000,0.0,0.0
2021-10-29 00:00:00-04:00,144.24820527134028,147.3141757246461,143.8977943869837,146.9746551513672,28954000,0.0,0.0
2021-11-01 00:00:00-04:00,146.87010263574854,147.1025654400898,142.32468265744112,142.51748657226562,32272000,0.0,0.0
2021-11-02 00:00:00-04:00,143.54381509311216,145.63646401123387,143.37689082359583,144.5882110595703,21150000,0.0,0.0
2021-11-03 00:00:00-04:00,144.99662728897695,145.62658654218853,143.78580594541305,145.5071258544922,17886000,0.0,0.0
2021-11-04 00:00:00-04:00,145.9135042920165,148.63946995181294,145.3534398363894,147.383544921875,24700000,0.0,0.0
2021-11-05 00:00:00-04:00,148.04819583441935,149.25481203480683,147.35281923055575,147.93667602539062,20408000,0.0,0.0
2021-11-08 00:00:00-05:00,148.68903442004924,149.7144932484363,147.81672057798045,148.04620361328125,18388000,0.0,0.0
2021-11-09 00:00:00-05:00,148.43727190974002,149.06423620474177,146.2178415985996,147.94412231445312,16876000,0.0,0.0
2021-11-10 00:00:00-05:00,146.71619327679934,147.40040732815328,144.05490373069406,145.34454345703125,22708000,0.0,0.0
2021-11-11 00:00:00-05:00,145.82132539919093,147.2043797765205,145.41243959573342,145.46546936035156,12464000,0.0,0.0
2021-11-12 00:00:00-05:00,146.53950476930524,148.5497806809216,145.17404118802602,148.337646484375,17048000,0.0,0.0
2021-11-15 00:00:00-05:00,148.68904829396303,149.16188442867957,147.35332138001854,148.0823974609375,16248000,0.0,0.0
2021-11-16 00:00:00-05:00,147.86681939693952,148.52303635922385,147.05349454973532,147.7731475830078,17254000,0.0,0.0
2021-11-17 00:00:00-05:00,147.92480996176664,148.31834350756205,147.2646301372862,147.75926208496094,15290000,0.0,0.0
2021-11-18 00:00:00-05:00,147.84253257199322,150.2850028866118,147.69633012055246,149.39187622070312,26658000,0.0,0.0
2021-11-19 00:00:00-05:00,149.68034433104478,150.52292185593026,148.57756393464444,148.64199829101562,19766000,0.0,0.0
2021-11-22 00:00:00-05:00,148.8295511913779,149.4270359628658,145.72070037465772,145.79307556152344,24608000,0.0,0.0
2021-11-23 00:00:00-05:00,145.82730250771252,146.40321852668484,143.6232242882398,145.4744110107422,18126000,0.0,0.0
2021-11-24 00:00:00-05:00,145.07096077451914,145.7152739629577,143.93001912396514,145.43524169921875,16464000,0.0,0.0
2021-11-26 00:00:00-05:00,143.7481152072577,144.02714918182764,141.24022778382184,141.55792236328125,16992000,0.0,0.0
2021-11-29 00:00:00-05:00,143.03736661496774,145.57846940720174,143.03736661496774,144.83700561523438,26276000,0.0,0.0
2021-11-30 00:00:00-05:00,144.17908833714895,145.34702899741532,140.82440313853803,141.20703125,41590000,0.0,0.0
2021-12-01 00:00:00-05:00,142.95213283952668,145.21880000592998,140.26334508376559,140.38031005859375,28476000,0.0,0.0
2021-12-02 00:00:00-05:00,140.58452312776336,143.41060453293966,139.74987144640286,142.51995849609375,21250000,0.0,0.0
2021-12-03 00:00:00-05:00,143.23267837339708,143.94390656281027,139.91641169488426,141.27493286132812,26688000,0.0,0.0
2021-12-06 00:00:00-05:00,142.31923570399286,143.08993708878327,139.4178143742438,142.53977966308594,22198000,0.0,0.0
2021-12-07 00:00:00-05:00,144.67443959952038,147.00390738431344,144.4291050922199,146.74270629882812,23258000,0.0,0.0
2021-12-08 00:00:00-05:00,147.03513805490115,147.85292485322583,145.91352667933072,147.42074584960938,18964000,0.0,0.0
2021-12-09 00:00:00-05:00,146.88099535272772,148.29750730560878,146.23966185587122,146.81161499023438,18580000,0.0,0.0
2021-12-10 00:00:00-05:00,147.79691425574214,148.09428024031754,146.0696353472702,147.37562561035156,21634000,0.0,0.0
2021-12-13 00:00:00-05:00,147.14666272606996,147.2641268443899,145.08087636400703,145.42236328125,24104000,0.0,0.0
2021-12-14 00:00:00-05:00,143.5047582949688,144.17088231447653,140.99933638390345,143.70350646972656,24778000,0.0,0.0
2021-12-15 00:00:00-05:00,143.10428951631962,146.22799386482097,141.45830968573367,146.08055114746094,27280000,0.0,0.0
2021-12-16 00:00:00-05:00,146.78285389655562,147.2532094710235,142.83317995856643,143.57266235351562,27400000,0.0,0.0
2021-12-17 00:00:00-05:00,141.46723463893235,143.19758432937653,140.54883339020788,141.55496215820312,43404000,0.0,0.0
2021-12-20 00:00:00-05:00,139.45010744833306,141.3641402160955,139.0242660133888,141.15696716308594,20264000,0.0,0.0
2021-12-21 00:00:00-05:00,141.89891277709864,143.42748899134267,140.49628603975955,142.96006774902344,19548000,0.0,0.0
2021-12-22 00:00:00-05:00,142.8406039661575,146.01559823422593,142.70479272456944,145.66470336914062,18438000,0.0,0.0
2021-12-23 00:00:00-05:00,145.80399110918586,147.27413787103015,145.66656142022308,145.85653686523438,13818000,0.0,0.0
2021-12-27 00:00:00-05:00,146.17474265388168,147.12932396741317,145.9631075706326,146.76998901367188,13256000,0.0,0.0
2021-12-28 00:00:00-05:00,147.07775227233543,147.07775227233543,144.6600729264541,145.1680908203125,18624000,0.0,0.0
2021-12-29 00:00:00-05:00,145.14974908151038,145.89739914887926,144.23283031286846,145.22409057617188,17022000,0.0,0.0
2021-12-30 00:00:00-05:00,145.1700697507742,145.77721971730963,144.4846154226943,144.7264862060547,12978000,0.0,0.0
2021-12-31 00:00:00-05:00,144.27198546894425,145.08580927222604,143.41305763106743,143.4150390625,17298000,0.0,0.0
2022-01-03 00:00:00-05:00,143.21284605562658,144.2779640188264,142.2483576073186,143.80661010742188,25214000,0.0,0.0
2022-01-04 00:00:00-05:00,144.27841908099225,145.32865329592045,142.5592173589301,143.15432739257812,22928000,0.0,0.0
2022-01-05 00:00:00-05:00,142.92090276677456,143.03688457937403,136.32158603124802,136.45045471191406,49642000,0.0,0.0
2022-01-06 00:00:00-05:00,136.29584717495126,138.46522794059405,135.5682683331115,136.348876953125,29050000,0.0,0.0
2022-01-07 00:00:00-05:00,136.69974094439345,137.04643094308852,134.60223695769824,135.80711364746094,19408000,0.0,0.0
2022-01-10 00:00:00-05:00,133.91827931737623,137.42833253415026,131.97689981922537,137.3629150390625,34096000,0.0,0.0
2022-01-11 00:00:00-05:00,136.97284196302226,139.1030624332411,135.61779988412613,138.79379272460938,23502000,0.0,0.0
2022-01-12 00:00:00-05:00,140.31736065879366,141.56610118620915,139.87872313538554,140.4100341796875,23642000,0.0,0.0
2022-01-13 00:00:00-05:00,140.60089321103132,141.93413987304632,137.6999707578909,137.91506958007812,26566000,0.0,0.0
2022-01-14 00:00:00-05:00,136.29828841634713,139.9664475642496,136.29828841634713,138.56480407714844,23826000,0.0,0.0
2022-01-18 00:00:00-05:00,135.40615421472438,136.19072543777457,134.4317437092138,135.09934997558594,27382000,0.0,0.0
2022-01-19 00:00:00-05:00,135.7417011555704,137.18993095430727,134.31576624261018,134.4664306640625,20796000,0.0,0.0
2022-01-20 00:00:00-05:00,135.32091372226228,136.70669063620772,131.98085542381884,132.33969116210938,21930000,0.0,0.0
2022-01-21 00:00:00-05:00,131.84949505588716,133.58271811197847,128.86482414906817,128.95501708984375,41920000,0.0,0.0
2022-01-24 00:00:00-05:00,124.92604663652044,129.63553106890961,123.55261212969484,129.23257446289062,55148000,0.0,0.0
2022-01-25 00:00:00-05:00,127.31301573149965,128.2081236781422,125.27349490351581,125.62786865234375,36008000,0.0,0.0
2022-01-26 00:00:00-05:00,129.45117723443548,131.6468154693274,126.04223719431836,128.11050415039062,39630000,0.0,0.0
2022-01-27 00:00:00-05:00,130.21292882019375,131.45097559028127,127.81805884395568,127.99251556396484,30248000,0.0,0.0
2022-01-28 00:00:00-05:00,128.86384734239766,132.2048890688023,127.56976068807809,132.12460327148438,30518000,0.0,0.0
2022-01-31 00:00:00-05:00,133.02512289627364,134.65624915873946,131.1179424292802,134.51251220703125,34056000,0.0,0.0
2022-02-01 00:00:00-05:00,136.63038494626073,136.99218531478255,133.3921808953898,136.67349243164062,51204000,0.0,0.0
2022-02-02 00:00:00-05:00,150.53625540104753,150.7706995972964,144.28536811177133,146.74270629882812,89750000,0.0,0.0
2022-02-03 00:00:00-05:00,144.02516672471867,147.8144656178996,140.9621759586774,141.40377807617188,56930000,0.0,0.0
2022-02-04 00:00:00-05:00,141.76708117558874,143.2720617327576,138.59555018877185,141.76609802246094,49224000,0.0,0.0
2022-02-07 00:00:00-05:00,142.45303907428868,142.58933435287565,137.48682996377403,137.72373962402344,44610000,0.0,0.0
2022-02-08 00:00:00-05:00,137.77653508304783,138.61498326859876,135.67679207771616,137.996337890625,34256000,0.0,0.0
2022-02-09 00:00:00-05:00,139.61878232396384,140.93295565764288,139.15016612756583,140.21676635742188,28628000,0.0,0.0
2022-02-10 00:00:00-05:00,138.28080653909916,140.19492986287722,136.84348218438834,137.39114379882812,33018000,0.0,0.0
2022-02-11 00:00:00-05:00,137.53738192726018,138.06597045201428,132.12361113942117,132.957763671875,38808000,0.0,0.0
2022-02-14 00:00:00-05:00,132.1999209241808,134.9764511004413,132.1369840016216,134.11752319335938,26792000,0.0,0.0
2022-02-15 00:00:00-05:00,136.27003313700823,136.69478550161787,134.35492664014006,135.23318481445312,26578000,0.0,0.0
2022-02-16 00:00:00-05:00,135.23813501422367,136.74039290746853,133.64533628581003,136.28590393066406,25610000,0.0,0.0
2022-02-17 00:00:00-05:00,134.96009441724854,135.64356735886216,131.04660038088105,131.1521759033203,30968000,0.0,0.0
2022-02-18 00:00:00-05:00,131.87480154462116,132.65442682224892,129.16821132937702,129.32725524902344,31858000,0.0,0.0
2022-02-22 00:00:00-05:00,128.84897404379853,130.74798718397395,126.62458260578833,128.2715606689453,38906000,0.0,0.0
2022-02-23 00:00:00-05:00,129.9329230853464,130.597549702702,126.38916288143294,126.4699478149414,26432000,0.0,0.0
2022-02-24 00:00:00-05:00,123.90754799658191,131.8743102436429,123.67410962475509,131.51397705078125,43166000,0.0,0.0
2022-02-25 00:00:00-05:00,132.35854068682184,134.2057645230196,130.6134286532408,133.34385681152344,26236000,0.0,0.0
2022-02-28 00:00:00-05:00,132.11966138621904,134.45507392767942,131.6644311687988,133.71212768554688,29676000,0.0,0.0
2022-03-01 00:00:00-05:00,133.30467679945806,134.921419031825,132.21280216062613,132.9954071044922,24640000,0.0,0.0
2022-03-02 00:00:00-05:00,133.43180920974896,134.43025408272956,132.26633419433264,133.5738067626953,23966000,0.0,0.0
2022-03-03 00:00:00-05:00,134.79010324923786,135.51898276008464,132.264866764264,133.1342010498047,19780000,0.0,0.0
2022-03-04 00:00:00-05:00,132.21679733647423,133.02615927362388,129.26877475452406,130.96730041503906,24446000,0.0,0.0
2022-03-07 00:00:00-05:00,130.75121246260815,130.75121246260815,125.30522481766135,125.35924530029297,39178000,0.0,0.0
2022-03-08 00:00:00-05:00,125.14711457764885,130.0994533159502,124.76076566466169,126.16613006591797,35250000,0.0,0.0
2022-03-09 00:00:00-05:00,130.25160868049826,133.02565849415632,128.9510785630642,132.69606018066406,32258000,0.0,0.0
2022-03-10 00:00:00-05:00,130.3135451952608,132.37140547732028,130.2525897077912,131.52239990234375,24266000,0.0,0.0
2022-03-11 00:00:00-05:00,132.8283935007495,133.02714169352703,129.157753361994,129.33518981933594,26600000,0.0,0.0
2022-03-14 00:00:00-04:00,129.43183400562268,129.880877842223,125.30819493763482,125.6333236694336,30254000,0.0,0.0
2022-03-15 00:00:00-04:00,126.62507842505924,129.37656085279806,125.46183440282367,128.52731323242188,30292000,0.0,0.0
2022-03-16 00:00:00-04:00,129.85511783828895,132.6018966496122,128.07184429712046,132.52210998535156,32058000,0.0,0.0
2022-03-17 00:00:00-04:00,132.1558204008862,133.56192599177672,131.55907670847736,133.42413330078125,23994000,0.0,0.0
2022-03-18 00:00:00-04:00,132.7138982710172,135.71691666702154,131.7702225681311,135.60589599609375,45900000,0.0,0.0
2022-03-21 00:00:00-04:00,135.65149914733792,136.38007608151847,133.43503346696508,135.2857208251953,26632000,0.0,0.0
2022-03-22 00:00:00-04:00,135.30706119919165,140.26336380722066,135.30706119919165,139.05154418945312,29776000,0.0,0.0
2022-03-23 00:00:00-04:00,137.92247449371632,138.80121670159508,136.95896936635887,137.2930145263672,25302000,0.0,0.0
2022-03-24 00:00:00-04:00,138.05531524933818,140.16074523739468,136.83298365244158,140.0769805908203,20544000,0.0,0.0
2022-03-25 00:00:00-04:00,140.51511892866688,140.71882825685037,138.4785701624108,140.28465270996094,19270000,0.0,0.0
2022-03-28 00:00:00-04:00,139.45495355033347,140.7356692373456,138.60609919214602,140.7093963623047,23774000,0.0,0.0
2022-03-29 00:00:00-04:00,141.90933621179371,142.90257800561594,141.23873502442558,141.998046875,28678000,0.0,0.0
2022-03-30 00:00:00-04:00,141.62138134030985,142.22654998346263,140.9255205905751,141.39785766601562,21046000,0.0,0.0
2022-03-31 00:00:00-04:00,141.20351867649774,141.3978048128556,138.3987498629994,138.42898559570312,29516000,0.0,0.0
2022-04-01 00:00:00-04:00,138.78634962589769,139.71813673110918,137.58395341901516,139.47032165527344,23480000,0.0,0.0
2022-04-04 00:00:00-04:00,139.5937504452006,142.7848691519828,139.5937504452006,142.3871307373047,19076000,0.0,0.0
2022-04-05 00:00:00-04:00,142.1462361538845,142.33506204370642,139.71169203757032,139.8301544189453,19256000,0.0,0.0
2022-04-06 00:00:00-04:00,137.94527864876952,138.6262710120673,135.22586195086694,135.9771270751953,23574000,0.0,0.0
2022-04-07 00:00:00-04:00,135.42398630253066,136.4980280146715,133.6786325974038,135.27232360839844,19448000,0.0,0.0
2022-04-08 00:00:00-04:00,135.05922394412897,135.05922394412897,132.58355361703886,132.83929443359375,16434000,0.0,0.0
2022-04-11 00:00:00-04:00,131.73851728470672,131.77737452775276,128.48470341216816,128.66213989257812,24188000,0.0,0.0
2022-04-12 00:00:00-04:00,131.26614950943943,131.26614950943943,126.46101918631918,127.2525405883789,23004000,0.0,0.0
2022-04-13 00:00:00-04:00,127.50235729310955,129.51387364429752,127.31610269800372,129.14735412597656,19542000,0.0,0.0
2022-04-14 00:00:00-04:00,129.50766125289138,129.56787559378367,126.0005805011945,126.14083862304688,23484000,0.0,0.0
2022-04-18 00:00:00-04:00,126.29648724480126,127.58711018129883,125.47220409203968,126.84266662597656,14918000,0.0,0.0
2022-04-19 00:00:00-04:00,126.95766511720852,129.7597123893052,126.33763573699852,129.39022827148438,22720000,0.0,0.0
2022-04-20 00:00:00-04:00,130.13661431150624,130.77052116154962,126.7762954262851,127.12467193603516,22610000,0.0,0.0
2022-04-21 00:00:00-04:00,128.21952308408018,129.16864391050677,123.56059523713984,123.8455810546875,30158000,0.0,0.0
2022-04-22 00:00:00-04:00,123.90755678354306,124.35560995747133,118.09926905584105,118.5686264038086,46410000,0.0,0.0
2022-04-25 00:00:00-04:00,118.38571559388944,122.2005838409631,117.73123817655832,122.1728286743164,34522000,0.0,0.0
2022-04-26 00:00:00-04:00,121.67721514259868,121.67721514259868,118.1204240836614,118.46156311035156,49394000,0.0,0.0
2022-04-27 00:00:00-04:00,113.37341863392227,116.47308859192913,112.13558350881496,114.0152587890625,62238000,0.0,0.0
2022-04-28 00:00:00-04:00,116.09145876313171,119.38591425102099,114.1375855484594,118.36788940429688,36790000,0.0,0.0
2022-04-29 00:00:00-04:00,116.55041870142567,117.92033676833051,113.69162103382509,113.96173858642578,33694000,0.0,0.0
2022-05-02 00:00:00-04:00,112.91100684431912,116.31400253692031,112.40843406000879,116.13309478759766,30280000,0.0,0.0
2022-05-03 00:00:00-04:00,115.7445074403369,118.25735591174546,115.60771303596802,117.09708404541016,21216000,0.0,0.0
2022-05-04 00:00:00-04:00,116.97220380859316,122.06678275205267,114.72699950546513,121.50374603271484,33232000,0.0,0.0
2022-05-05 00:00:00-04:00,119.1698187102124,120.173723977847,114.17585435453648,115.72618103027344,43090000,0.0,0.0
2022-05-06 00:00:00-04:00,114.50940342649268,116.4716031393066,113.14542970751592,114.64917755126953,35310000,0.0,0.0
2022-05-09 00:00:00-04:00,112.3132595752208,114.55291253289992,111.5678329131017,112.0956802368164,34520000,0.0,0.0
2022-05-10 00:00:00-04:00,115.02634527678873,115.6711651660785,112.39237215455056,113.58307647705078,31158000,0.0,0.0
2022-05-11 00:00:00-04:00,112.71670494954066,115.65132605460367,112.65673261342113,112.96501159667969,36502000,0.0,0.0
2022-05-12 00:00:00-04:00,110.95970137939482,113.85268984811408,109.15114589425238,112.17201232910156,41464000,0.0,0.0
2022-05-13 00:00:00-04:00,113.8417894542764,117.05297934413852,113.00368165888769,115.49720001220703,29738000,0.0,0.0
2022-05-16 00:00:00-04:00,114.37558304668512,115.58838556706614,113.33574740484215,113.78925323486328,23282000,0.0,0.0
2022-05-17 00:00:00-04:00,116.20297588287787,116.20297588287787,114.32949438938233,115.68157196044922,21576000,0.0,0.0
2022-05-18 00:00:00-04:00,114.23035960905261,114.68450069066544,111.1619086913657,111.41864776611328,27982000,0.0,0.0
2022-05-19 00:00:00-04:00,110.86354880760791,112.59478308047197,109.5025472995803,109.77761840820312,29192000,0.0,0.0
2022-05-20 00:00:00-04:00,111.10591146366372,111.56635230691289,105.4433353596284,108.3576431274414,37586000,0.0,0.0
2022-05-23 00:00:00-04:00,109.14173028666772,111.0266163953242,108.20028551093047,110.6905746459961,31558000,0.0,0.0
2022-05-24 00:00:00-04:00,105.44780578079573,105.46514709015733,101.31474329817107,105.00025177001953,60386000,0.0,0.0
2022-05-25 00:00:00-04:00,104.22309876177823,105.61354202907413,103.30048514564724,104.91450500488281,37900000,0.0,0.0
2022-05-26 00:00:00-04:00,105.123659201264,108.00302742382456,104.5660752306155,107.34953308105469,30288000,0.0,0.0
2022-05-27 00:00:00-04:00,108.82899155218449,111.88157629314202,108.59258102635842,111.81318664550781,29924000,0.0,0.0
2022-05-31 00:00:00-04:00,112.0907340890013,115.41591682904993,111.58866046802076,113.04234313964844,51302000,0.0,0.0
2022-06-01 00:00:00-04:00,113.92704683903948,116.37298064258923,112.55811194412158,113.13948822021484,28630000,0.0,0.0
2022-06-02 00:00:00-04:00,113.19003148618118,116.86760618900814,112.31771760639072,116.71693420410156,27472000,0.0,0.0
2022-06-03 00:00:00-04:00,114.97876449382875,115.34751497130216,112.67457882092386,113.56275177001953,25052000,0.0,0.0
2022-06-06 00:00:00-04:00,115.72221372284406,118.35499950363368,115.50988289650353,115.98786926269531,23786000,0.0,0.0
2022-06-07 00:00:00-04:00,114.63728810673697,116.71957631535234,114.11935544276633,116.20496368408203,26414000,0.0,0.0
2022-06-08 00:00:00-04:00,115.85504228585641,117.60907818643314,115.67685712876947,116.21337890625,22544000,0.0,0.0
2022-06-09 00:00:00-04:00,115.32471733517964,117.31566293550569,113.863101382796,113.91365814208984,23142000,0.0,0.0
2022-06-10 00:00:00-04:00,111.79557985607693,112.50507607566507,109.89211225490057,110.45365905761719,31324000,0.0,0.0
2022-06-13 00:00:00-04:00,106.50696282714625,108.2639709577647,105.65651265900922,105.94244384765625,36756000,0.0,0.0
2022-06-14 00:00:00-04:00,105.95582761068908,107.50962562464498,105.42252749849844,106.25717163085938,25480000,0.0,0.0
2022-06-15 00:00:00-04:00,107.947761297908,111.08361911860895,107.17383823992468,109.42573547363281,33192000,0.0,0.0
2022-06-16 00:00:00-04:00,107.20430176364356,108.33532859473377,104.86790660547429,105.70403289794922,35314000,0.0,0.0
2022-06-17 00:00:00-04:00,105.60392845667421,108.2946976251783,104.70539454188324,106.92279815673828,43516000,0.0,0.0
2022-06-21 00:00:00-04:00,108.7432523678559,111.68828013309935,108.33832182700624,111.0360336303711,39010000,0.0,0.0
2022-06-22 00:00:00-04:00,110.19147299227227,112.77519174683722,109.75660169296219,111.05485534667969,23922000,0.0,0.0
2022-06-23 00:00:00-04:00,111.96285147318207,112.20720283218014,110.05864273499675,111.69967651367188,24710000,0.0,0.0
2022-06-24 00:00:00-04:00,112.61014680197275,117.60064717308863,112.61014680197275,117.50202178955078,39122000,0.0,0.0
2022-06-27 00:00:00-04:00,117.89554575477695,118.20779518098458,114.98694023209232,115.60325622558594,32840000,0.0,0.0
2022-06-28 00:00:00-04:00,115.3341253352535,116.82646850636334,111.4612736345962,111.58766174316406,28232000,0.0,0.0
2022-06-29 00:00:00-04:00,111.16836332743853,112.67111291470273,110.57906133031314,111.27542114257812,18628000,0.0,0.0
2022-06-30 00:00:00-04:00,109.53375994537909,110.35681028751968,106.37213642490457,108.41661071777344,38046000,0.0,0.0
2022-07-01 00:00:00-04:00,107.39016932891914,108.84668040612429,106.16894191565952,108.12767028808594,31028000,0.0,0.0
2022-07-05 00:00:00-04:00,106.57486597061106,113.05581898669575,105.32091465107848,112.89167022705078,36398000,0.0,0.0
2022-07-06 00:00:00-04:00,113.09488445216735,115.33512751203715,111.26947909025056,114.20658111572266,28852000,0.0,0.0
2022-07-07 00:00:00-04:00,114.99412509887264,118.81443850513011,114.52426113420195,118.26329803466797,32184000,0.0,0.0
2022-07-08 00:00:00-04:00,116.5226633805522,119.38244419762943,116.48697492046105,119.11827850341797,29082000,0.0,0.0
2022-07-11 00:00:00-04:00,117.61304398133936,117.75628183029939,115.21865014976669,115.50413513183594,26718000,0.0,0.0
2022-07-12 00:00:00-04:00,115.81737176654475,116.81953753955206,113.61330132327477,113.84575653076172,24970000,0.0,0.0
2022-07-13 00:00:00-04:00,111.6545578818773,114.15054883305172,110.84568768113479,111.20650482177734,38958000,0.0,0.0
2022-07-14 00:00:00-04:00,109.8574245610098,111.00878014216154,108.37004234326388,110.466064453125,32366000,0.0,0.0
2022-07-15 00:00:00-04:00,111.97574982101048,113.00418857105622,110.84522195510992,111.78146362304688,34330000,0.0,0.0
2022-07-18 00:00:00-04:00,112.44857244209587,113.79668707417552,108.34475534708503,108.94942474365234,33354000,0.0,20.0
2022-07-19 00:00:00-04:00,110.75351402116091,113.80658992512305,109.53426055346856,113.61825561523438,30992300,0.0,0.0
2022-07-20 00:00:00-04:00,113.06314195614918,115.3133069639686,112.27013829194637,113.69754791259766,26780100,0.0,0.0
2022-07-21 00:00:00-04:00,114.0841501547198,114.2031041194054,110.93194949907256,114.03459167480469,27267800,0.0,0.0
2022-07-22 00:00:00-04:00,110.8328009141934,112.19083011533216,106.65959636570237,107.41295623779297,44455300,0.0,0.0
2022-07-25 00:00:00-04:00,107.92842485010071,109.6135719931085,106.0747728243234,107.2642822265625,28289900,0.0,0.0
2022-07-26 00:00:00-04:00,106.49110740331565,106.79839571396627,103.84444389248894,104.51850128173828,36626600,0.0,0.0
2022-07-27 00:00:00-04:00,108.64213621159618,113.40018906401737,107.47244865986777,112.607177734375,41474600,0.0,0.0
2022-07-28 00:00:00-04:00,111.8141819413519,113.69757074881038,110.87347069084136,113.58853149414062,23303800,0.0,0.0
2022-07-29 00:00:00-04:00,112.40892408426146,115.87833527474658,112.24041164148979,115.62060546875,31336200,0.0,0.0
2022-08-01 00:00:00-04:00,114.52030738139145,116.0964152754024,113.6876523149074,114.47074890136719,22856200,0.0,0.0
2022-08-02 00:00:00-04:00,113.42992339110344,116.05676485981884,113.26141094481602,114.88707733154297,17911000,0.0,0.0
2022-08-03 00:00:00-04:00,115.32322002356321,118.3763035719251,115.13488570863572,117.74189758300781,25302800,0.0,0.0
2022-08-04 00:00:00-04:00,117.26609764870283,118.4556069951155,116.6812501334368,117.83111572265625,15757700,0.0,0.0
2022-08-05 00:00:00-04:00,115.90806380898916,117.82119643483232,115.68998533929994,117.1867904663086,15615700,0.0,0.0
2022-08-08 00:00:00-04:00,118.07893664804281,119.80372755457819,116.80020987782504,117.10749816894531,17061100,0.0,0.0
2022-08-09 00:00:00-04:00,116.95881424064035,117.16697802025072,115.54131154477439,116.47309875488281,15424300,0.0,0.0
2022-08-10 00:00:00-04:00,118.54480953067467,120.71567189573992,118.31682390855832,119.59555053710938,20497000,0.0,0.0
2022-08-11 00:00:00-04:00,121.01307788925934,121.27080016182333,118.50519015378502,118.7728271484375,16671600,0.0,0.0
2022-08-12 00:00:00-04:00,120.1011110076257,121.57808685302734,119.34775100291655,121.57808685302734,16121100,0.0,0.0
2022-08-15 00:00:00-04:00,121.14191821679245,122.1827445385037,120.50751224100974,121.80606079101562,15525000,0.0,0.0
2022-08-16 00:00:00-04:00,121.25096627904998,122.15102783749656,120.47283083325728,121.4393081665039,15626200,0.0,0.0
2022-08-17 00:00:00-04:00,119.87310964095225,121.08244842969269,119.14948628675452,119.26844024658203,17589200,0.0,0.0
2022-08-18 00:00:00-04:00,119.17923489998142,120.62647409971393,118.50517756121542,119.80372619628906,15652000,0.0,0.0
2022-08-19 00:00:00-04:00,118.82238264019311,118.95124376502731,116.64160530020443,117.08767700195312,20187000,0.0,0.0
2022-08-22 00:00:00-04:00,115.08532803095609,115.48183369352006,113.66782539212353,114.0643310546875,19316000,0.0,0.0
2022-08-23 00:00:00-04:00,113.32088836077709,114.91681820606638,113.30106648041874,113.76695251464844,14390700,0.0,0.0
2022-08-24 00:00:00-04:00,113.4497328495251,114.70566545784403,112.78559029554242,113.69754791259766,16051200,0.0,0.0
2022-08-25 00:00:00-04:00,114.14363157077688,116.75064358595978,114.04450704766384,116.67134094238281,14874700,0.0,0.0
2022-08-26 00:00:00-04:00,114.79786473442158,115.58096135951988,110.24798311939034,110.32728576660156,31698700,0.0,0.0
2022-08-29 00:00:00-04:00,109.81182073286261,110.98150825231131,108.85029698008914,109.37566375732422,20386100,0.0,0.0
2022-08-30 00:00:00-04:00,110.05963145521252,110.39666389459045,107.84912519007679,108.94942474365234,20548200,0.0,0.0
2022-08-31 00:00:00-04:00,110.65438141963342,110.79315725266964,108.09693566602616,108.19606018066406,25898000,0.0,0.0
2022-09-01 00:00:00-04:00,108.24561676399605,110.24796671316389,107.24444935212769,109.58382415771484,22784400,0.0,0.0
2022-09-02 00:00:00-04:00,110.36691970564337,110.6989985659482,107.18497500595043,107.73017120361328,20618100,0.0,0.0
2022-09-06 00:00:00-04:00,107.18993130964033,107.92841536993323,105.57913337245876,106.54065704345703,20565100,0.0,0.0
2022-09-07 00:00:00-04:00,106.81821318895243,110.01997975710351,106.67447620879294,109.51444244384766,22987200,0.0,0.0
2022-09-08 00:00:00-04:00,108.22579137562879,109.6135571994227,107.11557720405058,108.46369171142578,21660700,0.0,0.0
2022-09-09 00:00:00-04:00,109.08820908535681,111.0211638232645,109.0386430407062,110.80308532714844,21732900,0.0,0.0
2022-09-12 00:00:00-04:00,111.01124987443963,111.65557064579893,109.96051627243985,110.89230346679688,19732900,0.0,0.0
2022-09-13 00:00:00-04:00,107.93833943473582,108.41414773265961,104.08233725938175,104.3896255493164,33015000,0.0,0.0
2022-09-14 00:00:00-04:00,104.51849042645514,105.17271830420144,103.58670330678432,104.94473266601562,22115800,0.0,0.0
2022-09-15 00:00:00-04:00,104.09225057279176,105.28175995744031,102.40710345470403,102.99195098876953,26494900,0.0,0.0
2022-09-16 00:00:00-04:00,102.0700914824939,103.1208251572948,100.96483817950704,102.72431945800781,64540100,0.0,0.0
2022-09-19 00:00:00-04:00,101.64384174535034,103.11090289388399,101.47532929336089,102.94239044189453,19738600,0.0,0.0
2022-09-20 00:00:00-04:00,101.9808670988104,102.26833352196824,100.23625424220083,100.94004821777344,24001700,0.0,0.0
2022-09-21 00:00:00-04:00,101.34646229170745,102.58553780531842,99.11612636720771,99.13595581054688,26596800,0.0,0.0
2022-09-22 00:00:00-04:00,98.5808409587637,100.79135491565997,98.54119719907884,99.69105529785156,21272700,0.0,0.0
2022-09-23 00:00:00-04:00,99.1855124652128,99.23507850993032,97.1534331979774,98.30329132080078,25657000,0.0,0.0
2022-09-26 00:00:00-04:00,97.74817735958501,99.56218549712803,97.52018416632177,97.94642639160156,22437900,0.0,0.0
2022-09-27 00:00:00-04:00,99.03682043175928,99.58200906038847,96.48927419467026,97.23271942138672,24225000,0.0,0.0
2022-09-28 00:00:00-04:00,97.16334379100546,100.51380887661327,96.94527284960387,99.85957336425781,24617000,0.0,0.0
2022-09-29 00:00:00-04:00,98.43215104234596,98.43215104234596,95.67644104930223,97.23271942138672,21921500,0.0,0.0
2022-09-30 00:00:00-04:00,96.87587017637254,98.62445324409393,95.19072316823332,95.30967712402344,26277800,0.0,0.0
2022-10-03 00:00:00-04:00,96.37033600445206,99.0963020678613,96.17207938948326,98.43215942382812,24840000,0.0,0.0
2022-10-04 00:00:00-04:00,100.1569470936632,101.82226479119078,100.1569470936632,101.51497650146484,22580900,0.0,0.0
2022-10-05 00:00:00-04:00,99.81001009648504,101.84208933814455,98.868308197721,101.3266372680664,18475500,0.0,0.0
2022-10-06 00:00:00-04:00,100.61291272812723,102.823426355069,100.61291272812723,101.34644317626953,17156200,0.0,0.0
2022-10-07 00:00:00-04:00,99.77034621605222,100.53361328509622,98.342929028243,98.69978332519531,24249900,0.0,0.0
2022-10-10 00:00:00-04:00,98.97734917535044,99.11612502597963,97.01465782347097,97.8473129272461,16529900,0.0,0.0
2022-10-11 00:00:00-04:00,97.39133377063263,99.24499343113513,96.4000733760206,97.19308471679688,21617700,0.0,0.0
2022-10-12 00:00:00-04:00,97.41116617162268,98.77712907209593,96.81641138316351,97.44091033935547,17343400,0.0,0.0
2022-10-13 00:00:00-04:00,95.0915920080077,99.65138744996581,94.43735664095423,98.83855438232422,32812200,0.0,0.0
2022-10-14 00:00:00-04:00,99.74558034075083,100.40476943139834,96.18199790015713,96.3306884765625,22624800,0.0,0.0
2022-10-17 00:00:00-04:00,98.6502330882516,100.88056902008093,98.64032592926621,99.89922332763672,23311600,0.0,0.0
2022-10-18 00:00:00-04:00,103.03160802724919,103.30915972822098,99.7703604153974,100.50389099121094,21610500,0.0,0.0
2022-10-19 00:00:00-04:00,99.81991838203265,100.77053673430952,98.76423120791151,99.41350555419922,21573700,0.0,0.0
2022-10-20 00:00:00-04:00,99.93888705657174,102.09983533014568,99.0963171125073,99.65142059326172,25125100,0.0,0.0
2022-10-21 00:00:00-04:00,97.59949847549899,100.73188498240941,97.37151281768823,100.59310913085938,28988700,0.0,0.0
2022-10-24 00:00:00-04:00,101.1977771985916,102.19895238537546,99.42342762218934,102.0700912475586,24680800,0.0,0.0
2022-10-25 00:00:00-04:00,102.39720297259052,104.18146716589473,102.1196437062076,104.01295471191406,29910200,0.0,0.0
2022-10-26 00:00:00-04:00,95.9143577012564,97.678799989971,93.74349502148996,93.9913101196289,71504300,0.0,0.0
2022-10-27 00:00:00-04:00,93.48575703549861,94.33824150364586,91.09682363073505,91.79070281982422,54036500,0.0,0.0
2022-10-28 00:00:00-04:00,91.72131643566924,96.01347544736973,91.5161248228803,95.73592376708984,35696900,0.0,0.0
2022-10-31 00:00:00-04:00,94.94291704051449,95.50793514897694,93.55515100979653,93.83271026611328,29868700,0.0,0.0
2022-11-01 00:00:00-04:00,94.75456410526293,95.32454328927615,89.63966512423875,89.70905303955078,43220600,0.0,0.0
2022-11-02 00:00:00-04:00,90.11547983812552,90.50207076012538,86.24956305541087,86.30903625488281,43553600,0.0,0.0
2022-11-03 00:00:00-04:00,85.59038202182825,85.79359222261678,82.72067887594022,82.76033020019531,48510400,0.0,0.0
2022-11-04 00:00:00-04:00,84.76267371074536,85.9720125344355,83.14691451793607,85.94226837158203,40173300,0.0,0.0
2022-11-07 00:00:00-05:00,86.5766727199699,88.1626952821661,86.19999652094215,87.87522888183594,26899900,0.0,0.0
2022-11-08 00:00:00-05:00,88.38077253505776,89.61488677619667,86.88396735506481,88.1329574584961,30172000,0.0,0.0
2022-11-09 00:00:00-05:00,87.77115165204944,88.70789244193911,86.59651048006376,86.63616180419922,26743900,0.0,0.0
2022-11-10 00:00:00-05:00,91.53298409821265,93.7236762946595,90.84901954698381,93.34699249267578,42371200,0.0,0.0
2022-11-11 00:00:00-05:00,93.88227044746247,96.50911198841588,93.33708177164883,95.8846206665039,30569100,0.0,0.0
2022-11-14 00:00:00-05:00,94.66536806208133,96.33068583416379,94.28174925931076,95.19073486328125,24170100,0.0,0.0
2022-11-15 00:00:00-05:00,97.80765746787775,99.54236309010463,96.17207636866341,97.85722351074219,31831000,0.0,0.0
2022-11-16 00:00:00-05:00,97.16333889449542,98.9773472007372,97.04637392103429,98.12486267089844,24660200,0.0,0.0
2022-11-17 00:00:00-05:00,96.33067400515527,98.61057566695783,96.25137136795684,97.6391372680664,21818700,0.0,0.0
2022-11-18 00:00:00-05:00,98.14469085777597,98.29338142507163,95.8945255940689,96.94526672363281,24969900,0.0,0.0
2022-11-21 00:00:00-05:00,96.70735351987976,97.85721911072903,94.8338721371305,94.99247741699219,18696900,0.0,0.0
2022-11-22 00:00:00-05:00,95.31959734153253,96.69545960633542,93.58489175714192,96.4793701171875,18868900,0.0,0.0
2022-11-23 00:00:00-05:00,96.48927600203007,98.20316896890091,96.48927600203007,97.95634460449219,17568900,0.0,0.0
2022-11-25 00:00:00-05:00,97.60443967110425,98.07529435346162,96.677613730978,96.74700164794922,8567800,0.0,0.0
2022-11-28 00:00:00-05:00,96.3505078312445,96.97500672322975,95.05195912763283,95.4088134765625,19974500,0.0,0.0
2022-11-29 00:00:00-05:00,95.16098405757155,95.5475749502882,93.56505444908879,94.60588073730469,20220000,0.0,0.0
2022-11-30 00:00:00-05:00,94.2886825357181,100.5633544921875,93.8426108627236,100.5633544921875,39888100,0.0,0.0
2022-12-01 00:00:00-05:00,100.51380565465377,101.69340038310222,99.79018223806692,100.39485168457031,21771500,0.0,0.0
2022-12-02 00:00:00-05:00,98.50154465700733,100.26598688707821,98.30328804745554,99.94878387451172,18821500,0.0,0.0
2022-12-05 00:00:00-05:00,98.94265750047664,100.86074392056751,98.48667863204723,98.99717712402344,19955500,0.0,0.0
2022-12-06 00:00:00-05:00,98.79892414398898,99.33420567776044,95.91436025739024,96.45954895019531,20877600,0.0,0.0
2022-12-07 00:00:00-05:00,95.92425727904724,96.45953875624959,94.1945128708793,94.31842041015625,26647900,0.0,0.0
2022-12-08 00:00:00-05:00,94.85371246360121,95.0321396425634,92.98023086585677,93.12891387939453,25593200,0.0,0.0
2022-12-09 00:00:00-05:00,93.07934732249565,93.66418729226271,92.20703338424484,92.25659942626953,21885300,0.0,0.0
2022-12-12 00:00:00-05:00,92.27643120984163,93.05457428939641,91.0968364227488,92.74232482910156,27380900,0.0,0.0
2022-12-13 00:00:00-05:00,97.21291328013008,98.92779720829628,94.54642021524262,95.01231384277344,34788500,0.0,0.0
2022-12-14 00:00:00-05:00,94.70500582088489,96.37032335444273,93.11899092290493,94.47701263427734,26452900,0.0,0.0
2022-12-15 00:00:00-05:00,92.72249194173223,93.20820738464596,89.63967171819472,90.40293884277344,28298800,0.0,0.0
2022-12-16 00:00:00-05:00,90.40295052293426,90.94814679858482,89.2233557234531,90.06592559814453,48485500,0.0,0.0
2022-12-19 00:00:00-05:00,90.08573332228431,90.40293631570829,88.14782518386009,88.37085723876953,23020500,0.0,0.0
2022-12-20 00:00:00-05:00,87.9545436967806,88.99536263923198,87.2705715612289,88.84667205810547,21976800,0.0,0.0
2022-12-21 00:00:00-05:00,88.9457906439147,90.12043168723397,88.13295749496473,89.46124267578125,20336400,0.0,0.0
2022-12-22 00:00:00-05:00,88.15279781971395,88.40061294823415,86.18019151425408,87.48865509033203,23656100,0.0,0.0
2022-12-23 00:00:00-05:00,86.85424541361634,89.3125671528587,86.85424541361634,89.02510070800781,17815000,0.0,0.0
2022-12-27 00:00:00-05:00,88.52946620600879,88.71780810697568,86.76998500042941,87.16152954101562,15470900,0.0,0.0
2022-12-28 00:00:00-05:00,86.73528025847817,87.74636248361041,85.61515879028939,85.7043685913086,17879600,0.0,0.0
2022-12-29 00:00:00-05:00,86.26937438554297,88.58396605546945,86.2297230698381,88.17259216308594,18280700,0.0,0.0
2022-12-30 00:00:00-05:00,86.6014605803937,88.05366096298629,86.26938926215634,87.95453643798828,19190300,0.0,0.0
2023-01-03 00:00:00-05:00,89.04490718163771,90.74987596631902,88.24198126255878,88.9160385131836,20738500,0.0,0.0
2023-01-04 00:00:00-05:00,90.2146017196898,90.44258735280854,87.03265707482767,87.93470001220703,27046500,0.0,0.0
2023-01-05 00:00:00-05:00,87.30029920201592,87.43907504676169,85.8034939477251,86.01165771484375,23136100,0.0,0.0
2023-01-06 00:00:00-05:00,86.59649984848183,87.6967993793261,84.82214301552322,87.38951110839844,26612600,0.0,0.0
2023-01-09 00:00:00-05:00,88.41547030825699,90.03618316575376,87.80584728510773,88.02392578125,22996700,0.0,0.0
2023-01-10 00:00:00-05:00,85.9620951010045,88.6930145263698,85.94226565972788,88.46006774902344,22855600,0.0,0.0
2023-01-11 00:00:00-05:00,89.2728971922013,91.6420086244184,88.95569420938985,91.45367431640625,25998800,0.0,0.0
2023-01-12 00:00:00-05:00,91.59245831528006,91.81053680341643,89.77845005056355,91.10674285888672,22754200,0.0,0.0
2023-01-13 00:00:00-05:00,90.72806647440073,92.16737978114648,90.13529327864818,91.98895263671875,18630700,0.0,0.0
2023-01-17 00:00:00-05:00,91.96913745155635,92.157479345065,90.0460898816327,91.35456085205078,22935800,0.0,0.0
2023-01-18 00:00:00-05:00,92.12773267932215,92.77006437847754,90.60119094331283,90.97786712646484,19641600,0.0,0.0
2023-01-19 00:00:00-05:00,90.5912761522944,93.57497170501738,90.58136143195937,93.0892562866211,28707700,0.0,0.0
2023-01-20 00:00:00-05:00,95.11143170301396,98.55110647747289,95.07178794247635,98.4123306274414,53704800,0.0,0.0
2023-01-23 00:00:00-05:00,98.26364640457192,100.51381187765003,97.88697015339524,100.32546997070312,31791800,0.0,0.0
2023-01-24 00:00:00-05:00,98.67998140116316,100.20651584792246,97.83740396354935,98.34294891357422,27391400,0.0,0.0
2023-01-25 00:00:00-05:00,96.35050669621924,96.86596633314176,94.42944811773769,95.8846206665039,31000900,0.0,0.0
2023-01-26 00:00:00-05:00,97.42106678205593,98.34293921757886,95.97382756678526,98.29338073730469,24542100,0.0,0.0
2023-01-27 00:00:00-05:00,98.1843381492177,100.69222555971872,98.10503550822004,99.82982635498047,29020400,0.0,0.0
2023-01-30 00:00:00-05:00,97.8819983997213,98.54018911045188,96.66769851487861,97.09394073486328,24365100,0.0,0.0
2023-01-31 00:00:00-05:00,97.00474163761426,99.0368284468499,96.9353537133471,98.99717712402344,22306800,0.0,0.0
2023-02-01 00:00:00-05:00,98.86829348262663,101.29688559014215,97.55983027809447,100.54352569580078,26392600,0.0,0.0
2023-02-02 00:00:00-05:00,105.85670079758701,107.86895823327592,105.60888569343385,107.84913635253906,46622600,0.0,0.0
2023-02-03 00:00:00-05:00,102.60536825671008,107.07594730858385,102.39720447590433,104.30042266845703,36823400,0.0,0.0
2023-02-06 00:00:00-05:00,101.78755380938658,103.78494255824143,101.31670671493748,102.5656967163086,25573000,0.0,0.0
2023-02-07 00:00:00-05:00,102.72430990704285,107.72026310303056,102.6430258302971,107.09577178955078,33738800,0.0,0.0
2023-02-08 00:00:00-05:00,101.79253042910247,102.6747515587043,97.59454213182441,99.12603759765625,73546000,0.0,0.0
2023-02-09 00:00:00-05:00,99.66132182539029,99.73070975109178,93.03970203082538,94.62571716308594,97798600,0.0,0.0
2023-02-10 00:00:00-05:00,94.90326649326386,96.17207856735138,93.70384234314311,94.03096008300781,49325300,0.0,0.0
2023-02-13 00:00:00-05:00,94.17964586097514,94.51667074232031,93.22803685382179,94.16973114013672,43116600,0.0,0.0
2023-02-14 00:00:00-05:00,93.83271934270418,94.34321787768246,91.8402836884613,94.12017822265625,42513100,0.0,0.0
2023-02-15 00:00:00-05:00,93.91201327385897,96.48928894115187,93.53533702399952,96.25138854980469,36964500,0.0,0.0
2023-02-16 00:00:00-05:00,94.70501649927482,97.02456213109988,94.13999839182642,94.94291687011719,35642100,0.0,0.0
2023-02-17 00:00:00-05:00,94.2391215911686,94.91317893467547,92.6332770944479,93.76331329345703,31095100,0.0,0.0
2023-02-21 00:00:00-05:00,92.42510080591089,92.59857436951702,91.19594025052925,91.2455062866211,28367200,0.0,0.0
2023-02-22 00:00:00-05:00,91.13051989855494,91.55279925466432,90.07582356811066,90.99769592285156,29891100,0.0,0.0
2023-02-23 00:00:00-05:00,91.32481190374311,91.32481190374311,89.22334483453814,90.27407836914062,32423700,0.0,0.0
2023-02-24 00:00:00-05:00,88.8466587320212,89.34228888629208,88.08339162203906,88.56910705566406,31295600,0.0,0.0
2023-02-27 00:00:00-05:00,89.30263868499165,89.65949300555377,88.82683796605286,89.31255340576172,22724300,0.0,0.0
2023-02-28 00:00:00-05:00,88.7574508834549,90.650754181734,88.73762144172767,89.51081085205078,30546900,0.0,0.0
2023-03-01 00:00:00-05:00,89.37203926226681,90.40294339963894,89.06474340260571,89.71897888183594,26323900,0.0,0.0
2023-03-02 00:00:00-05:00,89.07465760706769,91.67176250353135,88.98544024100104,91.50324249267578,23328600,0.0,0.0
2023-03-03 00:00:00-05:00,91.92948354421638,93.28751295815329,91.85018846318832,93.19829559326172,30242500,0.0,0.0
2023-03-06 00:00:00-05:00,93.53533573562464,95.45838340954505,93.4758625292863,94.74467468261719,28288200,0.0,0.0
2023-03-07 00:00:00-05:00,94.5860680250604,95.2502106953665,93.02384516343223,93.34699249267578,24101500,0.0,0.0
2023-03-08 00:00:00-05:00,93.57992293935655,95.39888459540394,93.57992293935655,93.82278442382812,25395200,0.0,0.0
2023-03-09 00:00:00-05:00,93.66418993238995,95.08169255928668,91.54785449463071,91.85018920898438,24438900,0.0,0.0
2023-03-10 00:00:00-05:00,91.69156754503761,92.36562477652595,90.00642824767431,90.21459197998047,32850100,0.0,0.0
2023-03-13 00:00:00-04:00,89.77348606340017,92.26650496219763,89.15394841334682,90.85891723632812,31508600,0.0,0.0
2023-03-14 00:00:00-04:00,92.2565973145623,94.00121758841422,91.9691309153747,93.42628479003906,32303900,0.0,0.0
2023-03-15 00:00:00-04:00,92.72248878544168,96.40006356774973,92.2268586385638,95.70618438720703,38367300,0.0,0.0
2023-03-16 00:00:00-04:00,95.72601935244823,101.07882718306936,95.03214007704344,100.18669128417969,54499500,0.0,0.0
2023-03-17 00:00:00-04:00,99.95870002808107,102.58554172997583,99.86949021779218,101.56454467773438,76140300,0.0,0.0
2023-03-20 00:00:00-04:00,100.17676250708118,101.68348238329911,99.90912555632339,101.0391616821289,26033900,0.0,0.0
2023-03-21 00:00:00-04:00,101.08873523913921,105.03394725237992,100.9697812728921,104.91499328613281,33122800,0.0,0.0
2023-03-22 00:00:00-04:00,104.22110066900818,106.57039015228044,103.29922834648013,103.30914306640625,32336900,0.0,0.0
2023-03-23 00:00:00-04:00,104.96455268231041,106.16496745494507,104.48875197288588,105.3313217163086,31385800,0.0,0.0
2023-03-24 00:00:00-04:00,104.81586888509983,105.23220398609433,103.82460852002833,105.13307189941406,25236200,0.0,0.0
2023-03-27 00:00:00-04:00,104.39954474393693,104.47884739077506,101.73305185505883,102.15929412841797,25393400,0.0,0.0
2023-03-28 00:00:00-04:00,102.09980250586769,102.09980250586769,99.40357350150353,100.47413635253906,24913500,0.0,0.0
2023-03-29 00:00:00-04:00,101.82227079689513,101.92139532561623,100.14703827945627,101.00943756103516,26148300,0.0,0.0
2023-03-30 00:00:00-04:00,100.55344797799117,100.72196041515589,99.41349711221838,100.43449401855469,25009800,0.0,0.0
2023-03-31 00:00:00-04:00,100.82109252996227,103.27942160453397,100.55345555445932,103.09107971191406,28108000,0.0,0.0
2023-04-03 00:00:00-04:00,101.77270477492362,104.03277730624616,101.48523834766358,103.99313354492188,20719900,0.0,0.0
2023-04-04 00:00:00-04:00,103.92372707695291,105.17271718278973,103.685826720556,104.20128631591797,20377200,0.0,0.0
2023-04-05 00:00:00-04:00,105.19254857927487,105.60887610138671,103.19217991608376,104.03276824951172,21864200,0.0,0.0
2023-04-06 00:00:00-04:00,104.8455927806714,108.67185793119216,103.89894499440878,107.9482421875,34684200,0.0,0.0
2023-04-10 00:00:00-04:00,106.45144627206706,107.02637907872624,104.67708937320133,106.01528930664062,19741500,0.0,0.0
2023-04-11 00:00:00-04:00,105.9855620854032,106.28294323591209,104.35989560477944,105.19255828857422,18721300,0.0,0.0
2023-04-12 00:00:00-04:00,106.45145596616659,106.64673287749031,104.05260756330016,104.30042266845703,22761600,0.0,0.0
2023-04-13 00:00:00-04:00,105.53948451760512,107.31879492700234,105.50974791887448,107.24445343017578,21650700,0.0,0.0
2023-04-14 00:00:00-04:00,106.7488294428189,108.62231089809501,106.64969735770971,108.50335693359375,20758700,0.0,0.0
2023-04-17 00:00:00-04:00,104.50857596937094,105.7773879705057,104.39953672901878,105.48992156982422,29043400,0.0,0.0
2023-04-18 00:00:00-04:00,106.06485297267317,106.11441901316735,103.86425387853268,104.20128631591797,17641400,0.0,0.0
2023-04-19 00:00:00-04:00,103.30418514554717,104.80099026700557,102.89281878973186,104.1021499633789,16732000,0.0,0.0
2023-04-20 00:00:00-04:00,103.73538907533346,105.9538285376357,103.7254743550437,104.9744644165039,22515300,0.0,0.0
2023-04-21 00:00:00-04:00,105.16280222425164,105.7079984175904,104.56309397429494,104.98438262939453,22379000,0.0,0.0
2023-04-24 00:00:00-04:00,105.12315547265155,106.38205269770543,104.4391834609859,105.84677124023438,21410900,0.0,0.0
2023-04-25 00:00:00-04:00,105.67826032999733,106.50100818736911,103.64617370640983,103.69573974609375,31408100,0.0,0.0
2023-04-26 00:00:00-04:00,104.63743947929584,106.08467867382628,102.36745238429786,103.53713989257812,37068200,0.0,0.0
2023-04-27 00:00:00-04:00,104.31032532436318,108.1960639086968,103.50739933388414,107.42288208007812,38235200,0.0,0.0
2023-04-28 00:00:00-04:00,106.85786529160453,107.34358072980093,105.11324501459067,107.2741928100586,23957900,0.0,0.0
2023-05-01 00:00:00-04:00,106.77856096081663,107.73016994338309,106.56048248430258,106.76864624023438,20926300,0.0,0.0
2023-05-02 00:00:00-04:00,106.7190973620145,106.78848528689979,103.5867108952689,105.05377960205078,20343100,0.0,0.0
2023-05-03 00:00:00-04:00,105.29168281783824,107.18498628374654,104.69692807953729,105.19255828857422,17116300,0.0,0.0
2023-05-04 00:00:00-04:00,105.2321986629842,105.37097450205701,103.78495194799751,104.29049682617188,19780600,0.0,0.0
2023-05-05 00:00:00-04:00,104.39953797598555,105.50975227159712,103.82361445193798,105.28671264648438,20710600,0.0,0.0
2023-05-08 00:00:00-04:00,104.87038281844224,107.47244113559259,104.86542923946352,107.29401397705078,17266000,0.0,0.0
2023-05-09 00:00:00-04:00,107.82929811837514,109.62843804792274,106.78351816159666,106.99664306640625,24782400,0.0,0.0
2023-05-10 00:00:00-04:00,107.60131672081481,112.51796727280806,107.53192879708025,111.29871368408203,47533500,0.0,0.0
2023-05-11 00:00:00-04:00,114.8474375181161,117.40489132035786,113.92556498766695,115.87834930419922,57115100,0.0,0.0
2023-05-12 00:00:00-04:00,115.97746941157517,117.22645966126055,115.53140524661738,116.8894271850586,31293800,0.0,0.0
2023-05-15 00:00:00-04:00,115.47192681661164,117.75678243883246,115.46201965734396,115.93782043457031,22107900,0.0,0.0
2023-05-16 00:00:00-04:00,115.80894035207834,120.1407429364614,115.80894035207834,119.04044342041016,32370100,0.0,0.0
2023-05-17 00:00:00-04:00,119.12967057739483,121.21131582452256,118.41596190690157,120.4183120727539,26659600,0.0,0.0
2023-05-18 00:00:00-04:00,120.49760607968923,122.81715923811149,120.42821815749417,122.44047546386719,27014500,0.0,0.0
2023-05-19 00:00:00-04:00,123.11452290878876,125.37360440593724,121.64746193954453,122.1728286743164,30268900,0.0,0.0
2023-05-22 00:00:00-04:00,122.43056820140826,125.9396307552529,122.37108743763713,124.76994323730469,29760200,0.0,0.0
2023-05-23 00:00:00-04:00,123.83815259361351,124.32386803486708,121.97458590686387,122.21248626708984,24477900,0.0,0.0
2023-05-24 00:00:00-04:00,120.8148046552801,121.67720385323314,119.69468322018656,120.576904296875,23087900,0.0,0.0
2023-05-25 00:00:00-04:00,124.11570623796197,124.87898093472371,121.82589727310922,123.26322174072266,33812700,0.0,0.0
2023-05-26 00:00:00-04:00,122.98071775046859,124.89880410776867,122.21248946662755,124.33378601074219,25154700,0.0,0.0
2023-05-30 00:00:00-04:00,125.18627079099284,125.27548059258994,121.81598408085841,123.55068969726562,27230700,0.0,0.0
2023-05-31 00:00:00-04:00,122.61888869607786,123.80840552202885,122.02413406446009,122.29177856445312,41548800,0.0,0.0
2023-06-01 00:00:00-04:00,122.42065132342724,123.94719314624126,122.22240228159318,123.28305053710938,25017700,0.0,0.0
2023-06-02 00:00:00-04:00,123.40199050989685,125.63728728814176,123.26321467529773,124.13552856445312,19367500,0.0,0.0
2023-06-05 00:00:00-04:00,123.52095751535528,126.8714149031773,123.29296429859076,125.52330017089844,22672500,0.0,0.0
2023-06-06 00:00:00-04:00,125.49354296173793,127.75362262722577,124.8690517426188,126.79209899902344,19450100,0.0,0.0
2023-06-07 00:00:00-04:00,126.46002543961696,128.4177705156001,121.55824372560231,121.86553955078125,34179300,0.0,0.0
2023-06-08 00:00:00-04:00,121.51365179592423,122.64864915700255,120.94368010710224,121.59790802001953,24815000,0.0,0.0
2023-06-09 00:00:00-04:00,121.4888619960866,123.19879209258669,121.35008615676428,121.79615783691406,20304500,0.0,0.0
2023-06-12 00:00:00-04:00,122.31656630116841,123.65972738918312,121.28070106113655,123.26322174072266,22255700,0.0,0.0
2023-06-13 00:00:00-04:00,124.55186816963669,124.76003194176045,122.76264288251957,123.342529296875,19287700,0.0,0.0
2023-06-14 00:00:00-04:00,122.71803585822775,123.69938149918744,121.0923694693327,123.29296112060547,24659600,0.0,0.0
2023-06-15 00:00:00-04:00,122.79732485319806,125.0574047195441,122.06379433913057,124.69063568115234,24517100,0.0,0.0
2023-06-16 00:00:00-04:00,125.59268044322187,125.59268044322187,122.70811682340506,122.97575378417969,56699200,0.0,0.0
2023-06-20 00:00:00-04:00,122.45535151479027,124.0810178910405,121.7565111498642,122.76759338378906,22698000,0.0,0.0
2023-06-21 00:00:00-04:00,122.15797891302455,122.33145251224933,119.80373540686544,120.20024108886719,22612000,0.0,0.0
2023-06-22 00:00:00-04:00,119.60546993502844,122.85184132683017,118.55472888749837,122.78741455078125,20781900,0.0,0.0
2023-06-23 00:00:00-04:00,120.97340861309057,122.36117455359009,120.79498145555897,121.94483947753906,29573100,0.0,0.0
2023-06-26 00:00:00-04:00,120.40443600328874,121.64747433450019,117.95006981105865,118.0491943359375,23185000,0.0,0.0
2023-06-27 00:00:00-04:00,116.8101291800804,118.84716973144286,115.88826421088058,117.96990966796875,27221700,0.0,0.0
2023-06-28 00:00:00-04:00,116.92906979972042,120.21013913313531,116.57221546924865,120.02180480957031,19753100,0.0,0.0
2023-06-29 00:00:00-04:00,119.04045383413106,119.85329459521877,118.16814743381342,118.9611587524414,18517500,0.0,0.0
2023-06-30 00:00:00-04:00,120.04162662558682,120.9634990516996,119.82354813900069,119.91276550292969,23871800,0.0,0.0
2023-07-03 00:00:00-04:00,119.26846251368465,119.96234183543392,118.65883942652512,119.50636291503906,13888300,0.0,0.0
2023-07-05 00:00:00-04:00,119.01070423558402,122.29178083442095,119.01070423558402,121.55824279785156,17830300,0.0,0.0
2023-07-06 00:00:00-04:00,119.58565673895781,120.09120167188182,118.20780535700463,119.87312316894531,17732500,0.0,0.0
2023-07-07 00:00:00-04:00,119.83346449720223,120.68594901311299,119.04045318291247,119.09001922607422,20997700,0.0,0.0
2023-07-10 00:00:00-04:00,118.02936431327821,118.02936431327821,115.62060146759025,115.84859466552734,32960100,0.0,0.0
2023-07-11 00:00:00-04:00,115.73956481344426,117.19175764916311,114.81769235174434,116.68125915527344,18286600,0.0,0.0
2023-07-12 00:00:00-04:00,118.25736668219044,119.90285498487366,117.95998554229132,118.57456970214844,22059600,0.0,0.0
2023-07-13 00:00:00-04:00,120.47778896254565,124.23962033548773,120.00198064674555,123.7390365600586,31535900,0.0,0.0
2023-07-14 00:00:00-04:00,124.03640706392649,125.97927647671978,123.80842141452044,124.60142517089844,20499800,0.0,0.0
2023-07-17 00:00:00-04:00,124.95827079644857,126.16760957053319,123.41190715101102,123.96701049804688,20675300,0.0,0.0
2023-07-18 00:00:00-04:00,123.81337700132984,123.89763322640836,122.22240832080129,122.99559020996094,21045800,0.0,0.0
2023-07-19 00:00:00-04:00,123.69939054725803,124.3734479453274,121.3996666413832,121.70695495605469,22313800,0.0,0.0
2023-07-20 00:00:00-04:00,121.05271207487644,123.61015793324675,117.64772775907899,118.48534393310547,27541700,0.0,0.0
2023-07-21 00:00:00-04:00,119.8136482637292,120.23989054177105,118.02937650385246,119.25853729248047,56514600,0.0,0.0
2023-07-24 00:00:00-04:00,120.86040725463891,122.27195794549935,120.31917392125851,120.81480407714844,22276100,0.0,0.0
2023-07-25 00:00:00-04:00,120.8148149445869,122.60900141294452,120.46787531679952,121.71686553955078,31820800,0.0,0.0
2023-07-26 00:00:00-04:00,129.22068885334926,130.2218562766415,127.58511546496895,128.5268096923828,46216900,0.0,0.0
2023-07-27 00:00:00-04:00,130.64811033360834,132.43238189553338,128.05099806691618,128.73497009277344,35931600,0.0,0.0
2023-07-28 00:00:00-04:00,129.8253697136488,132.8982828598072,129.77580367088507,131.8475341796875,26971000,0.0,0.0
2023-07-31 00:00:00-04:00,131.8475384434933,132.66037921989317,130.9752395894599,131.94667053222656,18381900,0.0,0.0
2023-08-01 00:00:00-04:00,129.71137704799364,131.75833221996115,129.60729893979817,130.73733520507812,22154300,0.0,0.0
2023-08-02 00:00:00-04:00,128.70524121569568,129.28017403822267,126.73263522140212,127.51573181152344,22705800,0.0,0.0
2023-08-03 00:00:00-04:00,127.24809430371253,128.63586795637696,126.65830071099778,127.64460754394531,15018100,0.0,0.0
2023-08-04 00:00:00-04:00,128.46735949296328,130.77698301531052,127.19358619330679,127.41661071777344,20521900,0.0,0.0
2023-08-07 00:00:00-04:00,128.37812518552687,130.90584215631836,128.29882254080576,130.78689575195312,17621000,0.0,0.0
2023-08-08 00:00:00-04:00,129.83530522178586,130.78692202416528,128.99274281255842,130.6877899169922,16836000,0.0,0.0
2023-08-09 00:00:00-04:00,131.03470703381606,131.31225871955155,128.37317543551842,129.0125274658203,17745200,0.0,0.0
2023-08-10 00:00:00-04:00,130.816649783184,131.48773507973087,128.89856313006237,129.07203674316406,17855700,0.0,0.0
2023-08-11 00:00:00-04:00,128.07282152951012,129.30000843355853,127.62477594477717,129.03236389160156,15205500,0.0,0.0
2023-08-14 00:00:00-04:00,128.71512005819756,130.75711328584987,128.45738277190088,130.6778106689453,17526200,0.0,0.0
2023-08-15 00:00:00-04:00,130.43995614441675,130.83646939104116,128.68443779781302,129.13150024414062,14769200,0.0,0.0
2023-08-16 00:00:00-04:00,128.1501485071559,129.75400414839368,127.33732281136596,127.98163604736328,17548400,0.0,0.0
2023-08-17 00:00:00-04:00,129.30991719318206,131.33308004883705,128.71517002366664,129.31983947753906,23665600,0.0,0.0
2023-08-18 00:00:00-04:00,127.9320583823518,128.69533308716038,125.89006448091948,126.99036407470703,23627200,0.0,0.0
2023-08-21 00:00:00-04:00,126.73264425310396,128.1303175244768,126.048679700184,127.8031997680664,21851100,0.0,0.0
2023-08-22 00:00:00-04:00,128.00146092438217,129.80554699606782,127.79825072632644,128.5565643310547,15557900,0.0,0.0
2023-08-23 00:00:00-04:00,129.7064167057348,132.89827609162649,129.36937670736575,132.04579162597656,26497000,0.0,0.0
2023-08-24 00:00:00-04:00,133.54951575537146,133.79038822894879,129.16120498525896,129.2801513671875,18680400,0.0,0.0
2023-08-25 00:00:00-04:00,129.00262481267583,130.25160744210342,126.92097197153018,129.54782104492188,20678100,0.0,0.0
2023-08-28 00:00:00-04:00,130.92567283304214,132.0755385041884,129.70642680050648,130.63819885253906,16715500,0.0,0.0
2023-08-29 00:00:00-04:00,131.8356374226288,136.09507999385735,131.81778941321838,134.3058624267578,30803300,0.0,0.0
2023-08-30 00:00:00-04:00,134.3851616656101,136.05047165406486,133.8409486466764,135.73326110839844,21773400,0.0,0.0
2023-08-31 00:00:00-04:00,135.85224652802023,137.19043904873914,135.62426086160454,136.14962768554688,28147900,0.0,0.0
2023-09-01 00:00:00-04:00,137.22015994287773,137.36885806733497,134.75193140646954,135.6044158935547,16671600,0.0,0.0
2023-09-05 00:00:00-04:00,135.24756847535383,136.16943336723784,134.37525450205308,135.5152130126953,17730200,0.0,0.0
2023-09-06 00:00:00-04:00,135.81753237152992,136.2784647910127,133.51285514868383,134.18690490722656,15814300,0.0,0.0
2023-09-07 00:00:00-04:00,133.4236513032612,135.3863425926654,132.78924527408853,135.00965881347656,16976000,0.0,0.0
2023-09-08 00:00:00-04:00,134.68255257189034,136.3131802481158,134.68255257189034,136.0009307861328,17810700,0.0,0.0
2023-09-11 00:00:00-04:00,136.17933954854215,137.05561628167808,135.35659171654487,136.53619384765625,17180800,0.0,0.0
2023-09-12 00:00:00-04:00,135.93154723146802,136.4370846042188,134.7420226183988,134.8808135986328,15212900,0.0,0.0
2023-09-13 00:00:00-04:00,134.71228658565744,136.49655838737772,133.75076275710356,136.29830932617188,16394900,0.0,0.0
2023-09-14 00:00:00-04:00,137.18050635036207,138.3303718784946,135.86212839360462,137.7752685546875,19064600,0.0,0.0
2023-09-15 00:00:00-04:00,137.58692345177175,138.14202676253095,135.98107158801173,137.09129333496094,48958800,0.0,0.0
2023-09-18 00:00:00-04:00,136.42715124467608,138.70703768920123,136.42715124467608,137.7455291748047,16233600,0.0,0.0
2023-09-19 00:00:00-04:00,137.04173591447164,137.95865471330762,136.2982906925125,137.61666870117188,15479100,0.0,0.0
2023-09-20 00:00:00-04:00,137.61667613359884,137.62658329193792,133.34434644740185,133.41372680664062,21473500,0.0,0.0
2023-09-21 00:00:00-04:00,131.23292602978216,132.02593714692807,129.94428485509866,130.21192932128906,22058400,0.0,0.0
2023-09-22 00:00:00-04:00,130.5291552211912,131.84753329763632,129.3693824303558,130.10292053222656,17348700,0.0,0.0
2023-09-25 00:00:00-04:00,129.62711889354506,131.06444336142113,128.8935807968085,131.01487731933594,14650000,0.0,0.0
2023-09-26 00:00:00-04:00,129.7698743529857,130.2565805806717,127.06968180632316,128.31866455078125,20378800,0.0,0.0
2023-09-27 00:00:00-04:00,128.30876101329426,130.56883373398065,128.249287803608,130.3111114501953,18764200,0.0,0.0
2023-09-28 00:00:00-04:00,129.5478290690914,133.00731831761533,129.5478290690914,131.9665069580078,18201400,0.0,0.0
2023-09-29 00:00:00-04:00,132.9081993800804,133.71111790293816,130.172326056744,130.69769287109375,23237300,0.0,0.0
2023-10-02 00:00:00-04:00,131.0000282204524,134.17701989078594,130.91081840688267,133.98867797851562,19210400,0.0,0.0
2023-10-03 00:00:00-04:00,133.75073843095956,134.0580418141862,131.65423267999836,132.13499450683594,19628700,0.0,0.0
2023-10-04 00:00:00-04:00,132.49186559758178,135.37643692426926,132.26386482059846,135.0790557861328,22848000,0.0,0.0
2023-10-05 00:00:00-04:00,134.94027425498027,135.3070357388226,133.27991016862984,134.80149841308594,15922900,0.0,0.0
2023-10-06 00:00:00-04:00,133.7606625989179,137.96955586279142,133.7606625989179,137.5175323486328,20826700,0.0,0.0
2023-10-09 00:00:00-04:00,136.7839948407885,138.74668572128058,135.50526076492162,138.28079223632812,16599100,0.0,0.0
2023-10-10 00:00:00-04:00,138.29074780958595,139.51000912283178,137.2201846475685,137.98345947265625,19554900,0.0,0.0
2023-10-11 00:00:00-04:00,138.62777098965336,140.97705326361248,138.6178487055192,140.4615936279297,20146300,0.0,0.0
2023-10-12 00:00:00-04:00,140.91758635674947,141.13566486138083,138.23126393629965,139.0639190673828,18173100,0.0,0.0
2023-10-13 00:00:00-04:00,139.42076709849843,140.10473918421,136.7641965269364,137.36886596679688,19438700,0.0,0.0
2023-10-16 00:00:00-04:00,138.5088089430675,139.67354291701528,138.10240368177273,139.26217651367188,17345600,0.0,0.0
2023-10-17 00:00:00-04:00,138.80619583861974,140.01553476485353,137.31832205075807,139.7578125,17424000,0.0,0.0
2023-10-18 00:00:00-04:00,139.51989810529398,140.74906641830466,137.4927724487628,138.062744140625,18304900,0.0,0.0
2023-10-19 00:00:00-04:00,138.57820638551172,139.77267697774047,137.38869693540158,137.76536560058594,21831200,0.0,0.0
2023-10-20 00:00:00-04:00,137.3787595900788,137.8248236942881,135.05425300627036,135.54493713378906,24970300,0.0,0.0
2023-10-23 00:00:00-04:00,135.03940583616657,137.80503094076985,133.92919898079168,136.69480895996094,20780700,0.0,0.0
2023-10-24 00:00:00-04:00,137.9437843426102,139.4802408033417,137.53736399727146,138.8953857421875,26535200,0.0,0.0
2023-10-25 00:00:00-04:00,128.63587116913118,128.9629889284556,124.98802489505022,125.56295776367188,58796100,0.0,0.0
2023-10-26 00:00:00-04:00,123.38217245013502,124.36351804308872,121.25096126324286,122.36117553710938,33907400,0.0,0.0
2023-10-27 00:00:00-04:00,122.94601685567899,123.35243721888715,120.39847812385011,122.32152557373047,37367700,0.0,0.0
2023-10-30 00:00:00-04:00,123.37226654367501,125.44400467983101,122.79733370563014,124.65099334716797,24165600,0.0,0.0
2023-10-31 00:00:00-04:00,125.16643404055745,125.45390043344618,122.8419350029773,124.20491790771484,21123400,0.0,0.0
2023-11-01 00:00:00-04:00,124.24457179023194,126.62359820311676,123.8332053897384,126.45508575439453,26536600,0.0,0.0
2023-11-02 00:00:00-04:00,128.42768392483387,128.95305068147727,126.99035949391448,127.45625305175781,24091700,0.0,0.0
2023-11-03 00:00:00-04:00,127.96177894109807,129.58744510668097,127.88247630796835,129.2305908203125,19529400,0.0,0.0
2023-11-06 00:00:00-05:00,129.08194702432658,130.41023250028226,128.79447300127876,130.3011932373047,15360400,0.0,0.0
2023-11-07 00:00:00-05:00,130.8265161615251,132.11515743873753,129.99386122871593,131.2428436279297,19223800,0.0,0.0
2023-11-08 00:00:00-05:00,131.20320872948116,132.37288857706253,131.0049597023999,132.0953369140625,15093600,0.0,0.0
2023-11-09 00:00:00-05:00,132.19446527400962,132.78922746396447,130.36062779284123,130.5390625,17976500,0.0,0.0
2023-11-10 00:00:00-05:00,130.38047909922955,133.0965380382454,129.72624360564106,132.88836669921875,20872900,0.0,0.0
2023-11-13 00:00:00-05:00,132.19446372890604,132.9379088949447,131.60962382839233,132.47201538085938,16409900,0.0,0.0
2023-11-14 00:00:00-05:00,134.46446215683176,136.0405776289328,133.91928105766561,134.2463836669922,22317300,0.0,0.0
2023-11-15 00:00:00-05:00,135.4458173457088,135.64406639607702,134.14726867154909,135.18809509277344,15840900,0.0,0.0
2023-11-16 00:00:00-05:00,135.76305502467414,137.66627351386688,134.8907408784223,137.4878387451172,17615100,0.0,0.0
2023-11-17 00:00:00-05:00,136.61552388397578,136.79394350660203,134.29596291179467,135.7432098388672,25565300,0.0,0.0
2023-11-20 00:00:00-05:00,134.3157668255202,137.2152061455485,134.30585966795775,136.71461486816406,19569400,0.0,0.0
2023-11-21 00:00:00-05:00,136.73447369013095,137.75050963685294,136.50152687119112,137.4085235595703,17648100,0.0,0.0
2023-11-22 00:00:00-05:00,137.88433734918357,139.86685828806222,137.78520525206588,138.79629516601562,17306400,0.0,0.0
2023-11-24 00:00:00-05:00,138.32043367270168,138.45624490351076,136.26853304230556,137.01197814941406,8828600,0.0,0.0
2023-11-27 00:00:00-05:00,136.3677050864526,138.4096991592382,136.3379533580507,136.843505859375,17886400,0.0,0.0
2023-11-28 00:00:00-05:00,136.4271853599198,137.44818244920475,135.8423301785714,137.4085235595703,17046900,0.0,0.0
2023-11-29 00:00:00-05:00,137.7703155720554,138.44932646818887,135.103822902957,135.20790100097656,21014700,0.0,0.0
2023-11-30 00:00:00-05:00,135.20790951512492,135.76302803219372,131.62945894536622,132.7495880126953,29913500,0.0,0.0
2023-12-01 00:00:00-05:00,132.1548614501953,132.3332810858324,130.99705474884635,132.1548614501953,24268000,0.0,0.0
2023-12-04 00:00:00-05:00,130.14654059904797,130.30116789390306,128.2690811838875,129.48834228515625,24117100,0.0,0.0
2023-12-05 00:00:00-05:00,129.23062083475907,132.3729146658635,128.59621474780792,131.23297119140625,19235100,0.0,0.0
2023-12-06 00:00:00-05:00,131.73849548859283,132.14491586535502,130.16239514994845,130.28134155273438,16360600,0.0,0.0
2023-12-07 00:00:00-05:00,135.40615263660638,138.7764313477363,135.03937606846594,137.23997497558594,38419400,0.0,0.0
2023-12-08 00:00:00-05:00,134.47435481609313,136.78399276753973,134.38514503320238,135.44578552246094,23016100,0.0,0.0
2023-12-11 00:00:00-05:00,132.65045213151473,133.61196064568915,131.72857224618667,133.5227508544922,24502900,0.0,0.0
2023-12-12 00:00:00-05:00,132.10525393908478,133.36414352993353,131.66909702160652,132.47201538085938,26584000,0.0,0.0
2023-12-13 00:00:00-05:00,133.3691355525454,133.60208236352648,131.7880739233103,132.79916381835938,25414500,0.0,0.0
2023-12-14 00:00:00-05:00,133.59215939707673,133.85484278046872,129.9145769041566,132.03587341308594,29619100,0.0,0.0
2023-12-15 00:00:00-05:00,131.75833033450147,133.6516413254665,131.47087147416872,132.6702880859375,58594000,0.0,0.0
2023-12-18 00:00:00-05:00,132.69012861467695,137.17063022469526,132.60091880147579,135.99102783203125,25699800,0.0,0.0
2023-12-19 00:00:00-05:00,136.79391906897746,137.55719372209188,136.24872288818145,136.89305114746094,20661000,0.0,0.0
2023-12-20 00:00:00-05:00,139.10358055164713,141.82756535312876,138.19162275408846,138.43943786621094,33507300,0.0,0.0
2023-12-21 00:00:00-05:00,139.53971781431304,140.78870035743472,139.24531640687348,140.5607147216797,18101500,0.0,0.0
2023-12-22 00:00:00-05:00,140.88781636501372,141.99802294335112,140.8134597500395,141.47265625,18513500,0.0,0.0
2023-12-26 00:00:00-05:00,141.7303827432205,142.68696035572574,141.25458207031477,141.57179260253906,11170100,0.0,0.0
2023-12-27 00:00:00-05:00,141.58170861587152,142.06743160168645,139.81824966799448,140.203857421875,17288400,0.0,0.0
2023-12-28 00:00:00-05:00,140.61031385477273,141.0266414671292,139.59724243532082,140.0452880859375,12192500,0.0,0.0
2023-12-29 00:00:00-05:00,139.45050338575658,140.19890981487515,138.67732149724236,139.6983184814453,14881000,0.0,0.0
2024-01-02 00:00:00-05:00,138.37996040063405,139.3860891198697,136.53621541816787,138.34030151367188,20071900,0.0,0.0
2024-01-03 00:00:00-05:00,137.38868804237762,139.85691658836782,137.2201604755854,139.13330078125,18974300,0.0,0.0
2024-01-04 00:00:00-05:00,138.62778178973699,139.40590975780026,136.80385104263146,136.83358764648438,18253300,0.0,0.0
2024-01-05 00:00:00-05:00,137.14286812037912,137.59685801659694,135.65399604194496,136.18927001953125,15439500,0.0,0.0
2024-01-08 00:00:00-05:00,136.79391633280034,139.41084282284535,136.6749699413446,139.3018035888672,17645300,0.0,0.0
2024-01-09 00:00:00-05:00,138.83592080518676,141.55197958203743,138.56827627825632,141.31407165527344,19579700,0.0,0.0
2024-01-10 00:00:00-05:00,141.27441622899556,143.26188276132598,141.21494303357457,142.54322814941406,16641900,0.0,0.0
2024-01-11 00:00:00-05:00,143.62869838991273,145.37827261620907,140.9721123105669,142.41439819335938,17471100,0.0,0.0
2024-01-12 00:00:00-05:00,143.07853286547123,143.4750461294407,142.10710183825628,142.9794158935547,13998700,0.0,0.0
2024-01-16 00:00:00-05:00,142.17647244358,144.56541364661942,141.80574807079444,142.82080078125,19198900,0.0,0.0
2024-01-17 00:00:00-05:00,141.6610037562188,142.1566338735168,139.2819701179299,141.64117431640625,17884500,0.0,0.0
2024-01-18 00:00:00-05:00,142.1863828331688,144.31264045636914,142.09717303440206,143.72283935546875,18876800,0.0,0.0
2024-01-19 00:00:00-05:00,145.02633145438332,146.74616868610383,144.52575528637146,146.67678833007812,27181000,0.0,0.0
2024-01-22 00:00:00-05:00,147.41032769509755,148.70391514242215,146.2901987020772,146.4190673828125,21829200,0.0,0.0
2024-01-23 00:00:00-05:00,146.4289832307713,147.55901944882223,145.90361644411632,147.38058471679688,14113600,0.0,0.0
2024-01-24 00:00:00-05:00,148.97650715870722,150.24533428643957,148.53044303883223,149.03599548339844,19245000,0.0,0.0
2024-01-25 00:00:00-05:00,150.413867645896,153.4074633447901,149.89840797157325,152.29725646972656,21495100,0.0,0.0
2024-01-26 00:00:00-05:00,151.5339651429379,152.7631334243533,151.4645847835353,152.4459228515625,19494500,0.0,0.0
2024-01-29 00:00:00-05:00,152.2972307859903,153.84359442274217,151.5835221651153,153.4867401123047,20909300,0.0,0.0
2024-01-30 00:00:00-05:00,152.66400382676414,153.68500079574437,151.439796667297,151.71240234375,26578900,0.0,0.0
2024-01-31 00:00:00-05:00,144.11933559785788,144.3175846344028,140.31289964464057,140.5607147216797,43908600,0.0,0.0
2024-02-01 00:00:00-05:00,142.43419944437557,143.35606429240525,141.0166893051946,141.4627685546875,25526900,0.0,0.0
2024-02-02 00:00:00-05:00,139.65868824249114,142.62256251903412,136.96245853032548,142.2855224609375,42136100,0.0,0.0
2024-02-05 00:00:00-05:00,142.78110912631396,145.38812822988777,142.65225558869884,143.663330078125,29254400,0.0,0.0
2024-02-06 00:00:00-05:00,144.68437164885762,145.45755353484284,143.2569542822901,144.13917541503906,21517700,0.0,0.0
2024-02-07 00:00:00-05:00,144.8429526728496,145.7152665919054,143.9409172797519,145.39805603027344,21436100,0.0,0.0
2024-02-08 00:00:00-05:00,145.68554975530893,146.3199558392007,145.14035348194082,145.93336486816406,18241300,0.0,0.0
2024-02-09 00:00:00-05:00,146.6569697193562,149.3779897389088,146.14151008830993,148.90713500976562,21877700,0.0,0.0
2024-02-12 00:00:00-05:00,148.2330330304881,149.27385919098893,147.26160233922093,147.43011474609375,17236100,0.0,0.0
2024-02-13 00:00:00-05:00,144.79340852748894,146.74617752779247,143.8417919235302,145.0907745361328,18138500,0.0,0.0
2024-02-14 00:00:00-05:00,146.08202004908955,146.53800642504368,144.28288025252638,145.85403442382812,16651800,0.0,0.0
2024-02-15 00:00:00-05:00,143.19748172953396,143.49484774439102,140.64002812373158,142.68202209472656,26724300,0.0,0.0
2024-02-16 00:00:00-05:00,142.9496725290305,143.21730195343935,140.28317956599855,140.5210723876953,21865100,0.0,0.0
2024-02-20 00:00:00-05:00,139.70823179851814,142.07634507770643,139.56945595885696,140.95721435546875,18625600,0.0,0.0
2024-02-21 00:00:00-05:00,141.3933612105411,142.7216463131413,140.66974546441276,142.58287048339844,16440800,0.0,0.0
2024-02-22 00:00:00-05:00,144.84293808997796,144.9222407224017,142.75137842677196,144.04994201660156,23024700,0.0,0.0
2024-02-23 00:00:00-05:00,143.7030224304543,144.67941453648643,143.524587691947,144.0202178955078,14519400,0.0,0.0
2024-02-26 00:00:00-05:00,142.19632078346268,142.582911787266,137.52749213179456,137.5373992919922,33513000,0.0,0.0
2024-02-27 00:00:00-05:00,138.1916229622158,139.2621860632494,137.2895723226272,138.87559509277344,22364000,0.0,0.0
2024-02-28 00:00:00-05:00,137.88431512221896,138.06273471774827,135.44580810529465,136.22889709472656,30628700,0.0,0.0
2024-02-29 00:00:00-05:00,137.14086988561976,138.72687730574705,136.36768805415343,138.55836486816406,35485000,0.0,0.0
2024-03-01 00:00:00-05:00,138.3898570952682,138.77644802403213,136.7691518795718,136.87322998046875,28551500,0.0,0.0
2024-03-04 00:00:00-05:00,135.34669113925463,135.43591607241564,131.69886005257868,133.0271453857422,43571500,0.0,0.0
2024-03-05 00:00:00-05:00,131.57992035043168,132.84873254312973,130.400317970009,132.61082458496094,28447600,0.0,0.0
2024-03-06 00:00:00-05:00,133.06676840396005,133.56239848053488,130.79677418300685,131.4014434814453,23175200,0.0,0.0
2024-03-07 00:00:00-05:00,132.71983701818613,134.63297720556133,131.50059112053717,134.05804443359375,24107300,0.0,0.0
2024-03-08 00:00:00-05:00,133.85482516585475,137.77029994331036,133.62187841309137,135.09884643554688,26495200,0.0,0.0
2024-03-11 00:00:00-04:00,135.87207114702375,138.756627433927,135.87207114702375,137.72572326660156,22536400,0.0,0.0
2024-03-12 00:00:00-04:00,137.04174317736917,139.0540004747491,137.00209941862028,138.39976501464844,19019700,0.0,0.0
2024-03-13 00:00:00-04:00,138.83590196801708,140.94729104595734,138.78633593265394,139.53970336914062,19637000,0.0,0.0
2024-03-14 00:00:00-04:00,141.05635717869322,143.46511267739785,140.2484775370133,143.07852172851562,36117900,0.0,0.0
2024-03-15 00:00:00-04:00,142.15665858409102,143.07852350230291,139.8965860663864,140.927490234375,41039500,0.0,0.0
2024-03-18 00:00:00-04:00,148.06456369569878,151.59344836130646,146.84531761751043,147.18234252929688,47676700,0.0,0.0
2024-03-19 00:00:00-04:00,147.67794595615578,148.31235190317517,145.72516207813356,146.62721252441406,17748400,0.0,0.0
2024-03-20 00:00:00-04:00,147.48962032713732,148.45114407345028,146.37445243712375,148.37184143066406,17730000,0.0,0.0
2024-03-21 00:00:00-04:00,149.0062874180902,149.9826645019535,146.71646293009633,147.44009399414062,19843900,0.0,0.0
2024-03-22 00:00:00-04:00,148.92697622925616,151.2266926200149,148.77827808572079,150.443603515625,19252900,0.0,0.0
2024-03-25 00:00:00-04:00,149.63076094611947,150.13233546352012,147.49955704241367,149.82901000976562,15114700,0.0,0.0
2024-03-26 00:00:00-04:00,149.91823520832514,151.8610972110774,149.71006385959896,150.37420654296875,19312700,0.0,0.0
2024-03-27 00:00:00-04:00,150.81530123920018,151.35553628285044,148.81791235745666,150.61209106445312,16622000,0.0,0.0
2024-03-28 00:00:00-04:00,150.67158376635552,151.33572643237886,150.00744110033216,150.92930603027344,21105600,0.0,0.0
2024-04-01 00:00:00-04:00,150.50307861482872,155.62789341740714,150.32464386543003,155.13226318359375,24469800,0.0,0.0
2024-04-02 00:00:00-04:00,153.3975598222474,154.62672826694885,152.11884045371843,154.5077667236328,17598100,0.0,0.0
2024-04-03 00:00:00-04:00,153.56604774610545,155.18180691612167,152.78494017610268,155.0033721923828,17266200,0.0,0.0
2024-04-04 00:00:00-04:00,153.7246477737926,154.81502501884967,150.5526178670504,150.61209106445312,24184800,0.0,0.0
2024-04-05 00:00:00-04:00,150.35436169361876,153.4867480102606,149.7605977156856,152.59461975097656,16297300,0.0,0.0
2024-04-08 00:00:00-04:00,152.6689473276631,155.28587379171236,152.64417187149968,154.77537536621094,16641500,0.0,0.0
2024-04-09 00:00:00-04:00,155.97483024941258,158.49262501440663,155.27102870905213,156.75791931152344,21521500,0.0,0.0
2024-04-10 00:00:00-04:00,156.50019825104417,156.77774995559685,154.83487289829455,156.28211975097656,16339200,0.0,0.0
2024-04-11 00:00:00-04:00,156.95618047864298,159.71188339783848,156.54976005250114,159.384765625,17841700,0.0,0.0
2024-04-12 00:00:00-04:00,158.01185391610946,160.28679459040544,157.2138965994434,157.79873657226562,16989800,0.0,0.0
2024-04-15 00:00:00-04:00,158.8792051533479,159.42440136223684,154.78529513302007,154.96372985839844,21140900,0.0,0.0
2024-04-16 00:00:00-04:00,154.27975761360125,155.85585791287042,153.694917647271,154.63661193847656,15413200,0.0,0.0
2024-04-17 00:00:00-04:00,155.816214675771,157.294181175049,154.77042715579861,155.50892639160156,16237800,0.0,0.0
2024-04-18 00:00:00-04:00,155.5535039702567,157.0998674031398,154.8447565844236,156.08383178710938,14016100,0.0,0.0
2024-04-19 00:00:00-04:00,156.37131175708697,156.6092196733784,152.56487584901492,154.3590545654297,21479900,0.0,0.0
2024-04-22 00:00:00-04:00,154.64650230340214,157.79375654380567,154.29957029980665,156.56954956054688,17243900,0.0,0.0
2024-04-23 00:00:00-04:00,157.2039760390289,159.0774575046003,156.58443831727337,158.52235412597656,16115400,0.0,0.0
2024-04-24 00:00:00-04:00,157.69960415178363,159.97950596308132,157.43197474980064,159.69204711914062,19485700,0.0,0.0
2024-04-25 00:00:00-04:00,152.01966875653784,156.89666724994652,151.43284742229648,156.56954956054688,36197800,0.0,0.0
2024-04-26 00:00:00-04:00,174.4519296162936,174.87816434366184,169.9020327186937,172.17202758789062,56500800,0.0,0.0
2024-04-29 00:00:00-04:00,169.27754485630953,169.8822143128753,165.5999620712095,166.4326171875,35914600,0.0,0.0
2024-04-30 00:00:00-04:00,165.91716976750044,168.38539847095555,163.0623349895508,163.20111083984375,29420800,0.0,0.0
2024-05-01 00:00:00-04:00,164.72762482687668,167.33464418373774,163.4588128880878,164.1229705810547,25223200,0.0,0.0
2024-05-02 00:00:00-04:00,165.21336736547428,167.05711229565978,164.24193641851772,166.98773193359375,17041100,0.0,0.0
2024-05-03 00:00:00-04:00,168.05825782488054,168.36556121084215,163.53811345935839,167.51307678222656,22767100,0.0,0.0
2024-05-06 00:00:00-04:00,167.74107947622002,168.41512926140294,166.42270138121285,168.3457489013672,15147900,0.0,0.0
2024-05-07 00:00:00-04:00,168.63321065643325,171.9539389727334,168.514264251218,171.4682159423828,21102400,0.0,0.0
2024-05-08 00:00:00-04:00,169.2577031653874,170.40657051209982,169.03169895380995,169.66412353515625,14569900,0.0,0.0
2024-05-09 00:00:00-04:00,169.6541793205462,170.9329134649224,168.44484065125218,170.08042907714844,11937700,0.0,0.0
2024-05-10 00:00:00-04:00,168.20694971859828,169.84252303693665,166.4425077310879,168.80169677734375,18740500,0.0,0.0
2024-05-13 00:00:00-04:00,164.39755496461115,169.45595337156058,164.31130974822378,169.40638732910156,19648600,0.0,0.0
2024-05-14 00:00:00-04:00,170.09035853651122,171.26996076413488,168.93058575085828,170.42738342285156,18729500,0.0,0.0
2024-05-15 00:00:00-04:00,170.7941886613964,172.52493168752054,170.52654408894549,172.36038208007812,20958200,0.0,0.0
2024-05-16 00:00:00-04:00,173.07407198748905,174.79885540418152,172.52887574209583,173.8968048095703,17247300,0.0,0.0
2024-05-17 00:00:00-04:00,174.01575623428218,175.94374973614293,173.45073057857905,175.74053955078125,16546400,0.0,0.0
2024-05-20 00:00:00-04:00,175.7603711064543,178.37729783836116,175.67612244653048,176.90032958984375,17495100,0.0,0.0
2024-05-21 00:00:00-04:00,176.84084997523405,178.24845305891185,175.76037976527252,177.97088623046875,14706000,0.0,0.0
2024-05-22 00:00:00-04:00,176.84084930610737,177.28891001821344,175.23501229827983,176.44435119628906,16189400,0.0,0.0
2024-05-23 00:00:00-04:00,177.21750331635036,178.33763222022472,173.01455448159984,173.53001403808594,14928400,0.0,0.0
2024-05-24 00:00:00-04:00,174.9773128679031,175.7544577347801,173.66884170901255,174.78897094726562,11403600,0.0,0.0
2024-05-28 00:00:00-04:00,174.20408490399885,176.94986495542605,174.14459658257002,176.4641571044922,15655300,0.0,0.0
2024-05-29 00:00:00-04:00,175.26473888495815,176.67232675744165,174.7195426710375,175.84957885742188,15023800,0.0,0.0
2024-05-30 00:00:00-04:00,175.14580173410954,175.14580173410954,171.71603410983985,172.04315185546875,18826300,0.0,0.0
2024-05-31 00:00:00-04:00,171.88453300608919,172.89562276507053,169.47577769474688,172.4396514892578,28085200,0.0,0.0
2024-06-03 00:00:00-04:00,172.36035594451104,174.32304721885995,170.94284576689097,172.8956298828125,20742800,0.0,0.0
2024-06-04 00:00:00-04:00,172.92536138054135,173.65889946920606,171.70611541091074,173.59942626953125,14066600,0.0,0.0
2024-06-05 00:00:00-04:00,174.99216349536283,176.41461979116644,173.75803397573898,175.52249145507812,15233900,0.0,0.0
2024-06-06 00:00:00-04:00,175.87930226656434,177.14812932626748,175.66123892278353,176.79127502441406,14255800,0.0,0.0
2024-06-07 00:00:00-04:00,176.90031973658174,177.8519211540354,174.2536414260487,174.41224670410156,14716300,0.0,0.0
2024-06-10 00:00:00-04:00,175.10693045082377,177.11155926219143,173.0526943334875,175.2855682373047,17099800,0.2,0.0
2024-06-11 00:00:00-04:00,176.36727069057991,177.03216911288987,174.10462631110417,176.8336944580078,14402400,0.0,0.0
2024-06-12 00:00:00-04:00,178.3817935008911,180.69406001262348,176.4267873760067,178.1932373046875,18600400,0.0,0.0
2024-06-13 00:00:00-04:00,176.48633240462576,177.1512307513976,175.31532147400654,175.39471435546875,15956900,0.0,0.0
2024-06-14 00:00:00-04:00,174.5134896671073,177.36957427203606,174.5134896671073,177.01231384277344,12361600,0.0,0.0
2024-06-17 00:00:00-04:00,175.632872274822,178.55049621958756,175.14661171245663,177.41917419433594,15272900,0.0,0.0
2024-06-18 00:00:00-04:00,177.42910340002112,177.54820029698303,174.2832342014271,175.10691833496094,15640300,0.0,0.0
2024-06-20 00:00:00-04:00,175.36495720156964,177.37950440051273,175.11686010669837,176.3573455810547,16753200,0.0,0.0
2024-06-21 00:00:00-04:00,177.1313774438964,181.1227508403237,176.70464263848368,178.8878936767578,58903200,0.0,0.0
2024-06-24 00:00:00-04:00,179.90018572754036,180.69409955456464,178.8581747759864,179.41390991210938,18198300,0.0,0.0
2024-06-25 00:00:00-04:00,179.76617981994147,184.33612362463904,179.72647580872876,184.16741943359375,18797000,0.0,0.0
2024-06-26 00:00:00-04:00,182.79792239511522,184.5147499194687,182.58952933135316,183.95901489257812,13375700,0.0,0.0
2024-06-27 00:00:00-04:00,184.23195008381518,186.07282633912286,184.0384270759527,185.4376983642578,13025700,0.0,0.0
2024-06-28 00:00:00-04:00,184.30637637214596,185.15983100885668,181.92960189469738,182.0238800048828,23032400,0.0,0.0
2024-07-01 00:00:00-04:00,183.0758055605703,183.92926017987347,181.33912588173848,183.0857391357422,11815900,0.0,0.0
2024-07-02 00:00:00-04:00,182.07349164324893,185.5269988586025,181.66660878583306,185.18959045410156,12555500,0.0,0.0
2024-07-03 00:00:00-04:00,184.88192354977173,186.19186809152933,183.97387987248507,185.963623046875,7409100,0.0,0.0
2024-07-05 00:00:00-04:00,185.89418959541223,190.79657523505668,185.89418959541223,190.49887084960938,14303400,0.0,0.0
2024-07-08 00:00:00-04:00,189.90839419432572,190.21999951997353,187.87896191963213,189.03012084960938,12097600,0.0,0.0
2024-07-09 00:00:00-04:00,190.2904743701383,191.3920260921458,188.78203977273944,188.99044799804688,10198500,0.0,0.0
2024-07-10 00:00:00-04:00,189.29807710432445,191.83858884866817,189.1690617736268,191.19354248046875,12052900,0.0,0.0
2024-07-11 00:00:00-04:00,189.8835706176959,190.94543334999653,185.39798647692308,185.87432861328125,16452000,0.0,0.0
2024-07-12 00:00:00-04:00,185.49722538689053,187.25375697623758,184.72316369856355,185.35829162597656,14449100,0.0,0.0
2024-07-15 00:00:00-04:00,185.07052629262512,188.45455937678614,185.07052629262512,186.75758361816406,12186000,0.0,0.0
2024-07-16 00:00:00-04:00,187.52171364663334,188.89119930453398,183.71093078546045,184.08804321289062,12760100,0.0,0.0
2024-07-17 00:00:00-04:00,183.27428289618683,183.82009954606394,180.23757680750992,181.22996520996094,17376600,0.0,0.0
2024-07-18 00:00:00-04:00,182.14292897940817,182.64905666774374,176.85351304170624,177.85581970214844,17877200,0.0,0.0
2024-07-19 00:00:00-04:00,178.99710310898902,180.58493071468322,177.49860197381676,178.02456665039062,14485900,0.0,0.0
2024-07-22 00:00:00-04:00,180.96201840623203,182.89717262519915,180.5154315426945,181.95440673828125,16303900,0.0,0.0
2024-07-23 00:00:00-04:00,182.44066289225518,183.8101636028194,181.934550306572,182.20249938964844,23772600,0.0,0.0
2024-07-24 00:00:00-04:00,174.05498015563583,176.59549173446084,172.24884135676385,173.04273986816406,31250700,0.0,0.0
2024-07-25 00:00:00-04:00,172.9237058984834,173.8664719982383,167.7632884353509,167.87245178222656,28967900,0.0,0.0
2024-07-26 00:00:00-04:00,167.48539885442386,168.54724659580478,164.60251168902047,167.3960723876953,25150100,0.0,0.0
2024-07-29 00:00:00-04:00,169.20222879248618,170.8495972349061,168.4281670217387,169.8274383544922,13768900,0.0,0.0
2024-07-30 00:00:00-04:00,170.52210944067878,171.63357966072712,168.82511852582647,170.5518798828125,13681400,0.0,0.0
2024-07-31 00:00:00-04:00,173.588562813264,174.57103269969517,170.41292322335454,171.83203125,15650200,0.0,0.0
2024-08-01 00:00:00-04:00,170.6709663402814,174.34280068323034,169.2121540650662,171.13739013671875,17177800,0.0,0.0
2024-08-02 00:00:00-04:00,166.90980150334516,168.91443024023945,165.12349941812474,167.11819458007812,18907800,0.0,0.0
2024-08-05 00:00:00-04:00,156.17215264207914,164.6769282251563,155.40802450134723,159.41726684570312,34907800,0.0,0.0
2024-08-06 00:00:00-04:00,159.71995490631787,161.114259367224,156.92637919696486,159.31802368164062,36146500,0.0,0.0
2024-08-07 00:00:00-04:00,161.99749617552757,163.5356861602987,159.0203308228412,159.5264434814453,19334200,0.0,0.0
2024-08-08 00:00:00-04:00,161.1082955492952,164.24027913414565,160.79669019708157,162.59291076660156,15733600,0.0,0.0
2024-08-09 00:00:00-04:00,160.41461410566686,164.26011884277403,159.70504494899117,164.131103515625,13549200,0.0,0.0
2024-08-12 00:00:00-04:00,164.73152001603518,165.43115570783263,162.30513806951302,162.70208740234375,12435000,0.0,0.0
2024-08-13 00:00:00-04:00,163.92768290024955,165.2723650035769,163.51584835824895,164.66700744628906,12717600,0.0,0.0
2024-08-14 00:00:00-04:00,162.9600600972468,163.70435118838537,158.31567581436886,160.79664611816406,22515900,0.0,0.0
2024-08-15 00:00:00-04:00,160.97530950582424,162.27533572935116,160.2607887330602,161.92799377441406,18392500,0.0,0.0
2024-08-16 00:00:00-04:00,162.16619035053037,165.67923858633876,161.838700364902,163.48606872558594,16853100,0.0,0.0
2024-08-19 00:00:00-04:00,165.72885692637598,167.18766903408562,164.82577988014722,167.11819458007812,13100800,0.0,0.0
2024-08-20 00:00:00-04:00,167.45560829767214,169.11289495248423,167.37621541603133,167.67393493652344,12622500,0.0,0.0
2024-08-21 00:00:00-04:00,165.71895219988247,167.356387080216,165.30215086930022,166.3540802001953,15269600,0.0,0.0
2024-08-22 00:00:00-04:00,167.75331306192018,168.13042546492176,163.77384139486225,164.2303466796875,19123800,0.0,0.0
2024-08-23 00:00:00-04:00,165.28225678175508,166.6715941966557,164.3990318945735,166.15554809570312,14281600,0.0,0.0
2024-08-26 00:00:00-04:00,166.8750573458864,168.0907390993711,165.05403325193555,166.65176391601562,11990300,0.0,0.0
2024-08-27 00:00:00-04:00,166.33420454320324,166.9643656660434,164.8952445283016,165.1135711669922,13718200,0.0,0.0
2024-08-28 00:00:00-04:00,165.51053866216952,166.11589620109805,162.03717920925232,163.24789428710938,15208700,0.0,0.0
2024-08-29 00:00:00-04:00,164.7960066398147,166.35406361458502,160.74904404943624,162.15625,17133800,0.0,0.0
2024-08-30 00:00:00-04:00,162.97001594158164,164.02194516906894,162.16618380143169,163.85324096679688,18498800,0.0,0.0
2024-09-03 00:00:00-04:00,162.07191447337993,162.136422142404,156.6534671297475,157.40272521972656,26533100,0.0,0.0
2024-09-04 00:00:00-04:00,156.8717774597525,159.17907722822045,156.2416163407417,156.60879516601562,17410700,0.0,0.0
2024-09-05 00:00:00-04:00,156.5790564265932,159.78943383201354,156.3210408677681,157.392822265625,14139500,0.0,0.0
2024-09-06 00:00:00-04:00,157.48211111057333,158.00807572942523,150.77852289996548,150.9720458984375,24999100,0.0,0.0
2024-09-09 00:00:00-04:00,152.66133000352892,153.66495624716177,147.26555960142852,148.59710693359375,28057700,0.2,0.0
2024-09-10 00:00:00-04:00,150.4950554479833,151.33970198649348,148.60008200807764,149.0641326904297,20401800,0.0,0.0
2024-09-11 00:00:00-04:00,150.13732934919085,151.51856438272753,147.7623996105896,151.19064331054688,18991500,0.0,0.0
2024-09-12 00:00:00-04:00,153.8338722598281,154.62883104293255,152.53213464425113,154.55926513671875,20980800,0.0,0.0
2024-09-13 00:00:00-04:00,155.37609479354282,158.27072196046186,155.12568481343916,157.37142944335938,16733900,0.0,0.0
2024-09-16 00:00:00-04:00,157.3317065915592,158.2359725393169,156.61624509032015,157.987548828125,14157600,0.0,0.0
2024-09-17 00:00:00-04:00,159.08058949166997,160.5711316223217,158.4048843371456,159.26939392089844,12064800,0.0,0.0
2024-09-18 00:00:00-04:00,159.83580730660975,160.6108880020177,158.65330812288826,159.79605102539062,16756500,0.0,0.0
2024-09-19 00:00:00-04:00,163.78076327978215,163.94968955468067,161.49724879703658,162.21072387695312,17548200,0.0,0.0
2024-09-20 00:00:00-04:00,163.48265967891217,163.7112052191287,162.15109722974654,163.60189819335938,46362700,0.0,0.0
2024-09-23 00:00:00-04:00,164.297469761265,165.55946621205064,161.9225401547121,162.0417938232422,15648400,0.0,0.0
2024-09-24 00:00:00-04:00,163.21435444664,163.51246588910374,161.00835100001706,162.6082000732422,18774100,0.0,0.0
2024-09-25 00:00:00-04:00,161.9424326507354,163.18156404518257,161.7486548988047,161.96231079101562,13607900,0.0,0.0
2024-09-26 00:00:00-04:00,163.98942762322687,164.4564653238597,162.46907601481004,162.7969970703125,18234500,0.0,0.0
2024-09-27 00:00:00-04:00,162.8765142550433,165.91721784138522,162.79701685351148,164.247802734375,13604300,0.0,0.0
2024-09-30 00:00:00-04:00,163.74099558866268,166.3047294857802,163.60187895064433,166.13580322265625,14070100,0.0,0.0
2024-10-01 00:00:00-04:00,167.79530614513925,169.3653457637193,164.85396283737091,167.3580780029297,18629500,0.0,0.0
2024-10-02 00:00:00-04:00,166.70219492254574,167.81514314694323,165.2017215865128,166.25503540039062,12745000,0.0,0.0
2024-10-03 00:00:00-04:00,164.77445049834296,166.85126863191192,164.32727578566707,166.1556854248047,11004300,0.0,0.0
2024-10-04 00:00:00-04:00,168.27225778126535,168.48094034094336,165.90727469285602,167.49717712402344,11422100,0.0,0.0
2024-10-07 00:00:00-04:00,168.0735196367093,168.82872214427357,163.09511468718185,163.3534698486328,14034700,0.0,0.0
2024-10-08 00:00:00-04:00,164.38691058188274,165.05269938868935,163.27397734527142,164.65521240234375,11723900,0.0,0.0
2024-10-09 00:00:00-04:00,163.81555600030646,165.211696015321,160.1041052253633,162.03187561035156,19666400,0.0,0.0
2024-10-10 00:00:00-04:00,161.08784709361515,163.2749731131795,160.62080937546463,162.15109252929688,12900500,0.0,0.0
2024-10-11 00:00:00-04:00,162.30016682626191,164.22793708496354,161.47539835668448,163.482666015625,10946000,0.0,0.0
2024-10-14 00:00:00-04:00,163.87020929740152,166.56311365175304,163.7410241243794,165.30113220214844,9981800,0.0,0.0
2024-10-15 00:00:00-04:00,166.08613318007752,168.02383483156237,165.0030095854755,165.84764099121094,14829300,0.0,0.0
2024-10-16 00:00:00-04:00,164.98314495354106,166.22526344241766,164.17428200300867,165.6886749267578,9968500,0.0,0.0
2024-10-17 00:00:00-04:00,166.32461599312074,166.8711359226098,163.33358538134826,163.4727020263672,15113400,0.0,0.0
2024-10-18 00:00:00-04:00,163.8304349366838,165.32097693755154,163.7111964286391,164.00930786132812,13091300,0.0,0.0
2024-10-21 00:00:00-04:00,163.54228408519845,165.17194287179123,163.26900893088214,164.7545928955078,11384000,0.0,0.0
2024-10-22 00:00:00-04:00,163.66152993879703,166.41406877041842,163.6317203079106,165.76817321777344,11958600,0.0,0.0
2024-10-23 00:00:00-04:00,165.38058782310145,166.54322386801542,162.60122689067086,163.44288635253906,12754300,0.0,0.0
2024-10-24 00:00:00-04:00,163.5522034832088,164.00930970681912,161.7436870530128,163.49258422851562,12764400,0.0,0.0
2024-10-25 00:00:00-04:00,164.32231897011687,166.34447603118087,164.18816049018363,165.93707275390625,14566400,0.0,0.0
2024-10-28 00:00:00-04:00,169.51437755878808,169.53028310313923,164.7446399008579,167.278564453125,20858300,0.0,0.0
2024-10-29 00:00:00-04:00,168.31697400737147,170.77637449444777,167.5965544358344,170.0609130859375,28916100,0.0,0.0
2024-10-30 00:00:00-04:00,181.25985860515516,182.63114701645532,174.6368747654501,175.02938842773438,49698300,0.0,0.0
2024-10-31 00:00:00-04:00,173.61833422412218,177.29500147629722,171.47195009458156,171.60113525390625,32801900,0.0,0.0
2024-11-01 00:00:00-04:00,170.45838437063261,172.72402226550076,169.23614411934983,171.56138610839844,21752900,0.0,0.0
2024-11-04 00:00:00-05:00,170.1602720063757,170.83597706922038,168.41633309810572,169.60379028320312,16194000,0.0,0.0
2024-11-05 00:00:00-05:00,169.75287884850286,171.01188841995238,169.29577258419562,170.3292236328125,12518300,0.0,0.0
2024-11-06 00:00:00-05:00,174.24437563780998,177.51362460297045,173.93631753730043,177.20558166503906,27061500,0.0,0.0
2024-11-07 00:00:00-05:00,177.98065076502607,181.42877244059756,177.76203672730395,181.1306610107422,16730400,0.0,0.0
2024-11-08 00:00:00-05:00,180.85244303087092,181.20024225557705,178.43777208602387,178.72593688964844,15021500,0.0,0.0
2024-11-11 00:00:00-05:00,178.93460280818536,180.93689692036529,178.8551054167185,180.82261657714844,12503400,0.0,0.0
2024-11-12 00:00:00-05:00,180.2363382530564,182.86464965293638,179.8487979508242,182.1641082763672,14065800,0.0,0.0
2024-11-13 00:00:00-05:00,181.00146548361437,181.46354499657735,178.98426665685244,179.35194396972656,13969700,0.0,0.0
2024-11-14 00:00:00-05:00,178.61662702479006,179.30725213749923,174.9200814305197,176.2317657470703,17925800,0.0,0.0
2024-11-15 00:00:00-05:00,174.53251408564262,174.77100624154022,171.65576405309244,172.79354858398438,21708900,0.0,0.0
2024-11-18 00:00:00-05:00,173.85185850124924,175.7945334642115,173.32022819637518,175.6852264404297,18662800,0.0,0.0
2024-11-19 00:00:00-05:00,174.13010315299093,179.03398440356642,174.0118502005661,178.4477081298828,15392900,0.0,0.0
2024-11-20 00:00:00-05:00,177.70242559978072,177.98065890368147,174.22449413844342,176.21188354492188,15729800,0.0,0.0
2024-11-21 00:00:00-05:00,174.34872211078613,174.47293396018574,164.26768416799112,168.17291259765625,38839400,0.0,0.0
2024-11-22 00:00:00-05:00,166.1060058346279,167.20403420711378,164.66515158559497,165.5197296142578,24497000,0.0,0.0
2024-11-25 00:00:00-05:00,166.9307715023666,169.38519852719662,166.34448012902007,168.36167907714844,21395700,0.0,0.0
2024-11-26 00:00:00-05:00,168.42133988000393,170.4136876762116,168.36170545445665,169.54420471191406,14937500,0.0,0.0
2024-11-27 00:00:00-05:00,169.60381861348725,170.06092488608897,168.60019233923836,169.74295043945312,12433400,0.0,0.0
2024-11-29 00:00:00-05:00,168.9877271756166,169.79261749908844,167.68598947591983,169.41502380371094,9250700,0.0,0.0
2024-12-02 00:00:00-05:00,169.24608122185896,172.50539848311146,169.1963934565042,171.88929748535156,16593400,0.0,0.0
2024-12-03 00:00:00-05:00,172.02840699487012,173.2208526636113,171.42225267287142,171.92904663085938,15721500,0.0,0.0
2024-12-04 00:00:00-05:00,171.69056362476053,175.31754310005746,171.66075399770924,174.9796905517578,18239800,0.0,0.0
2024-12-05 00:00:00-05:00,176.20195301833948,176.58949334821534,172.91281079609615,173.21092224121094,16145500,0.0,0.0
2024-12-06 00:00:00-05:00,172.78362321579365,175.7239651956829,172.45570217578734,175.37716674804688,13319500,0.0,0.0
2024-12-09 00:00:00-05:00,174.8051452045689,177.1181033334023,174.49177384380053,176.1829833984375,19887800,0.2,0.0
2024-12-10 00:00:00-05:00,183.5794829006666,187.0563809613101,181.7241343909125,185.56414794921875,34317400,0.0,0.0
2024-12-11 00:00:00-05:00,185.733259114003,195.87049743622276,185.29553501761131,195.69143676757812,41664500,0.0,0.0
2024-12-12 00:00:00-05:00,195.28358411282017,195.68648585481125,192.27921707668364,192.62741088867188,25197800,0.0,0.0
2024-12-13 00:00:00-05:00,191.71215315964693,193.33370268775937,190.26964912439732,190.3890380859375,18883200,0.0,0.0
2024-12-16 00:00:00-05:00,193.35860874768625,199.60111154105618,193.1049242470253,197.1339569091797,32248600,0.0,0.0
2024-12-17 00:00:00-05:00,197.50203757260567,201.8295199388988,195.67156848433694,196.09933471679688,24129500,0.0,0.0
2024-12-18 00:00:00-05:00,195.81080861472392,197.66117807135498,188.29989976518146,189.16539001464844,27638400,0.0,0.0
2024-12-19 00:00:00-05:00,192.2792077384488,193.59238015211147,188.53868223430246,188.71774291992188,26981200,0.0,0.0
2024-12-20 00:00:00-05:00,186.04167290712456,193.1297802725029,185.40498737903968,191.96087646484375,45319700,0.0,0.0
2024-12-23 00:00:00-05:00,193.0253312102281,195.47260025991622,190.6377642376675,194.97518920898438,15235900,0.0,0.0
2024-12-24 00:00:00-05:00,195.15423711111293,196.6464701661113,194.18726997003574,196.5469970703125,6809800,0.0,0.0
2024-12-26 00:00:00-05:00,195.72128547038113,197.13393088682756,194.85578000934456,196.0794219970703,7907900,0.0,0.0
2024-12-27 00:00:00-05:00,195.45270397585065,195.78099709844378,190.97799296779937,193.0352783203125,14693000,0.0,0.0
2024-12-30 00:00:00-05:00,189.87671356058155,192.7766131193924,189.37432357435688,191.6922607421875,12209500,0.0,0.0
2024-12-31 00:00:00-05:00,191.44854157562307,192.24936605997945,188.59837086504533,189.45391845703125,14355200,0.0,0.0
2025-01-02 00:00:00-05:00,190.4935129925602,192.1996292739025,187.73288769977347,189.6429443359375,17545200,0.0,0.0
2025-01-03 00:00:00-05:00,191.72708790343754,193.49289099095455,190.35920756866858,192.12998962402344,12875000,0.0,0.0
2025-01-06 00:00:00-05:00,194.13951955134468,198.52668849297285,194.0499892088086,196.9349822998047,19483300,0.0,0.0
2025-01-07 00:00:00-05:00,197.24335661494604,201.0933127885917,194.92541959889266,195.69143676757812,16966800,0.0,0.0
2025-01-08 00:00:00-05:00,192.94571930593688,196.6166148279811,192.7467579465929,194.37826538085938,14335300,0.0,0.0
2025-01-10 00:00:00-05:00,194.40813428616252,196.59673988513126,190.60792173173346,192.16978454589844,20753800,0.0,0.0
2025-01-13 00:00:00-05:00,190.3591916148729,191.49328806291552,187.683118064548,191.2943115234375,13169100,0.0,0.0
2025-01-14 00:00:00-05:00,191.50324947109388,192.26926671931673,188.65805772890357,190.06076049804688,13651200,0.0,0.0
2025-01-15 00:00:00-05:00,193.34366564133316,196.77579857406522,192.3289429306872,195.9600372314453,12894900,0.0,0.0
2025-01-16 00:00:00-05:00,194.81101729674714,195.96003550523864,193.29391980166088,193.40335083007812,13449600,0.0,0.0
2025-01-17 00:00:00-05:00,197.02449533847414,197.7805545753439,194.29867766012646,196.52708435058594,22109100,0.0,0.0
2025-01-21 00:00:00-05:00,199.4717618084452,202.78452102376292,198.40731011895576,198.59632873535156,19005200,0.0,0.0
2025-01-22 00:00:00-05:00,199.51157443569275,201.07343723329433,198.1685585338646,198.9942626953125,15477400,0.0,0.0
2025-01-23 00:00:00-05:00,198.94450782813456,200.89436571072702,195.8008817101618,198.5465850830078,15170800,0.0,0.0
2025-01-24 00:00:00-05:00,198.8151953957776,201.52111262197343,198.74952766742587,200.8545684814453,12732400,0.0,0.0
2025-01-27 00:00:00-05:00,193.18448601479813,197.6412843107571,191.70219577463513,192.76666259765625,24970200,0.0,0.0
2025-01-28 00:00:00-05:00,193.64210831596336,196.20875105775642,191.6126779883814,196.04959106445312,15939200,0.0,0.0
2025-01-29 00:00:00-05:00,196.34803046612717,197.43239807765912,194.17932560262406,196.1590118408203,12287800,0.0,0.0
2025-01-30 00:00:00-05:00,198.7256306617779,202.18563348536375,198.43912752144243,201.58078002929688,14571500,0.0,0.0
2025-01-31 00:00:00-05:00,202.66016640588438,206.00774800498388,202.52587089641744,204.53541564941406,17060300,0.0,0.0
2025-02-03 00:00:00-05:00,201.16795682887798,204.157402238387,200.61583782354293,201.59075927734375,16719500,0.0,0.0
2025-02-04 00:00:00-05:00,203.44110556464975,207.61935506351793,203.20234281222488,206.63449096679688,28285400,0.0,0.0
2025-02-05 00:00:00-05:00,192.10014141176407,193.54263032942174,188.9266566850494,192.29910278320312,43666400,0.0,0.0
2025-02-06 00:00:00-05:00,190.00104205834504,192.8263326396389,189.5036311033379,192.30902099609375,20816600,0.0,0.0
2025-02-07 00:00:00-05:00,191.7420150229491,192.01558502568938,184.14157486525048,186.17100524902344,29565700,0.0,0.0
2025-02-10 00:00:00-05:00,188.08104189834265,189.0062342371054,186.63855305725247,187.22549438476562,16606000,0.0,0.0
2025-02-11 00:00:00-05:00,185.86756511226048,187.82238659460495,185.11646968488623,186.10134887695312,13028100,0.0,0.0
2025-02-12 00:00:00-05:00,184.27088725533045,185.86260863474703,182.67918105569393,184.4698486328125,17632300,0.0,0.0
2025-02-13 00:00:00-05:00,184.96726554958548,187.0166118241956,183.92271448963606,186.9071807861328,12729300,0.0,0.0
2025-02-14 00:00:00-05:00,185.86258806839624,187.1757451582964,185.1463150448949,185.90237426757812,12714200,0.0,0.0
2025-02-18 00:00:00-05:00,186.46944392506552,186.8076797724687,182.62943027809777,184.8379364013672,19796000,0.0,0.0
2025-02-19 00:00:00-05:00,185.2209272059834,186.38984606394857,184.53947658106588,186.16104125976562,13120500,0.0,0.0
2025-02-20 00:00:00-05:00,185.5343095066818,186.15109431078312,183.64415371230572,185.673583984375,12063800,0.0,0.0
2025-02-21 00:00:00-05:00,186.32021104897444,186.4992869075997,180.1921188897077,180.63978576660156,19520800,0.0,0.0
2025-02-24 00:00:00-05:00,182.84830204185678,184.13161585087974,179.94342337867946,180.25181579589844,18734000,0.0,0.0
2025-02-25 00:00:00-05:00,179.22215144319523,179.82401448689754,175.8546845272106,176.45156860351562,20832500,0.0,0.0
2025-02-26 00:00:00-05:00,176.02879599433606,177.15791356323382,172.69115706684158,173.79541015625,23637200,0.0,0.0
2025-02-27 00:00:00-05:00,175.0289848591496,175.67561308631582,168.8730228102201,169.3286590576172,25930500,0.0,0.0
2025-02-28 00:00:00-05:00,169.41819064055986,171.6067960175819,167.51807696614574,171.3282470703125,30049800,0.0,0.0
2025-03-03 00:00:00-05:00,172.83043749186666,174.09386579684514,166.77197460528376,167.7866973876953,24122000,0.0,0.0
2025-03-04 00:00:00-05:00,167.07041521167136,174.25799531635866,166.67247728926768,171.7162322998047,30711400,0.0,0.0
2025-03-05 00:00:00-05:00,171.4277501758378,174.8399826650256,170.04493289539997,174.08392333984375,18848000,0.0,0.0
2025-03-06 00:00:00-05:00,171.65654466452523,175.8148934721599,171.61475473144714,173.30795288085938,19082400,0.0,0.0
2025-03-07 00:00:00-05:00,172.34495662578817,175.98400504395343,171.35808883384823,174.8399658203125,16395300,0.0,0.0
2025-03-10 00:00:00-04:00,169.47177260480427,169.7605929808429,164.89535637752135,167.1312713623047,28990700,0.2,0.0
2025-03-11 00:00:00-04:00,166.00583577190864,167.9728537301256,162.5797620234785,165.3086700439453,23705900,0.0,0.0
2025-03-12 00:00:00-04:00,167.78861212422908,168.84432244608345,164.8106999243913,168.31646728515625,19880100,0.0,0.0
2025-03-13 00:00:00-04:00,167.30059115347333,167.4400243076883,163.4064169189429,164.06373596191406,15206200,0.0,0.0
2025-03-14 00:00:00-04:00,164.64636206004445,167.56948859750952,163.84461009622345,166.94203186035156,18611100,0.0,0.0
2025-03-17 00:00:00-04:00,166.64825260405573,167.77867183357736,165.13938061489787,165.8963165283203,17839100,0.0,0.0
2025-03-18 00:00:00-04:00,165.28875604475374,165.76681035604642,158.157712114234,162.01205444335938,24616800,0.0,0.0
2025-03-19 00:00:00-04:00,163.25201254718093,167.45295447296462,162.3905209059076,165.60745239257812,24955700,0.0,0.0
2025-03-20 00:00:00-04:00,163.1623796664472,166.35441833778265,162.48015269371498,164.38243103027344,19981500,0.0,0.0
2025-03-21 00:00:00-04:00,162.71920370917795,165.7967023536815,162.37061322836445,165.5775909423828,29882100,0.0,0.0
2025-03-24 00:00:00-04:00,168.58037219758296,169.8103775933118,166.7627568258079,169.24267578125,18742800,0.0,0.0
2025-03-25 00:00:00-04:00,170.48765181597193,172.210665738712,169.8602101974201,172.0911407470703,13841600,0.0,0.0
2025-03-26 00:00:00-04:00,170.60716747637557,171.244578340995,166.18611076415286,166.4639892578125,22498000,0.0,0.0
2025-03-27 00:00:00-04:00,166.0357341858343,166.76277738476176,163.18730108651417,163.41636657714844,21571200,0.0,0.0
2025-03-28 00:00:00-04:00,161.70332475947822,163.14745709835745,154.71072555268628,155.42880249023438,34866500,0.0,0.0
2025-03-31 00:00:00-04:00,154.1838591136328,156.49448302721146,151.5943840899133,155.59811401367188,33591600,0.0,0.0
2025-04-01 00:00:00-04:00,154.6718741426035,159.4325396613724,154.62705797398158,158.23739624023438,20111400,0.0,0.0
2025-04-02 00:00:00-04:00,156.32517424283495,159.62675379666416,155.89690549651638,158.2174835205078,17113300,0.0,0.0
2025-04-03 00:00:00-04:00,152.2168527377023,154.0613519562659,151.56448795871475,152.01268005371094,28416100,0.0,0.0
2025-04-04 00:00:00-04:00,149.29370816580848,152.47080831875712,146.94325281731616,147.1424560546875,39832200,0.0,0.0
2025-04-07 00:00:00-04:00,142.81005279583192,154.30337211706168,142.08300956524164,148.6363983154297,47823000,0.0,0.0
2025-04-08 00:00:00-04:00,152.95383964213912,153.81534648973863,144.62268287612036,145.9871368408203,35304400,0.0,0.0
2025-04-09 00:00:00-04:00,145.73815100242538,161.21529075347854,145.22024995524768,160.4085693359375,46479500,0.0,0.0
2025-04-10 00:00:00-04:00,158.1178807531074,159.3827484216451,151.58441547470102,154.74159240722656,35270500,0.0,0.0
2025-04-11 00:00:00-04:00,154.95573747217279,159.213440999718,154.95573747217279,158.7552947998047,22582000,0.0,0.0
2025-04-14 00:00:00-04:00,161.65352396559663,163.36656852683146,159.2731910876245,160.81692504882812,18255900,0.0,0.0
2025-04-15 00:00:00-04:00,160.91653392939605,161.39458830381662,157.00740563751106,158.0382080078125,15690800,0.0,0.0
2025-04-16 00:00:00-04:00,154.84118578647085,157.5402163845334,153.28749780872553,154.87106323242188,16921500,0.0,0.0
2025-04-17 00:00:00-04:00,155.97655493433558,156.43470104375413,150.28964367445488,152.7397003173828,19513400,0.0,0.0
2025-04-21 00:00:00-04:00,150.3543868146869,150.44900378307005,147.79975906248515,149.2538604736328,16147800,0.0,0.0
2025-04-22 00:00:00-04:00,150.45900148257337,153.98467719094523,150.25979822914624,153.2775421142578,15910300,0.0,0.0
2025-04-23 00:00:00-04:00,157.2713109719998,159.37277734174148,155.7176230772282,157.0820770263672,18575700,0.0,0.0
2025-04-24 00:00:00-04:00,157.88382900283386,161.05595982379364,157.45059082083137,160.81692504882812,30787500,0.0,0.0
2025-04-25 00:00:00-04:00,166.4241411890917,167.55952965377435,162.34071827033415,163.18728637695312,35148100,0.0,0.0
2025-04-28 00:00:00-04:00,163.59563109967962,164.28284276799292,159.73133442106317,161.76307678222656,20871200,0.0,0.0
2025-04-29 00:00:00-04:00,161.38958703408312,162.02201322671587,158.74532672732573,161.40452575683594,15955200,0.0,0.0
2025-04-30 00:00:00-04:00,159.21342500394488,160.72129376483562,156.51936392224943,160.2392578125,20639500,0.0,0.0
2025-05-01 00:00:00-04:00,161.86266428242843,163.27691902559422,160.27908375995273,162.13156127929688,21904300,0.0,0.0
2025-05-02 00:00:00-04:00,164.2878361090193,166.02577353826536,162.99807560112598,165.13937377929688,16844900,0.0,0.0
2025-05-05 00:00:00-04:00,163.84959235508165,166.42414359888113,163.8047761883749,165.37838745117188,15309300,0.0,0.0
2025-05-06 00:00:00-04:00,163.29685485815608,166.0656096677416,162.47021004852107,164.53182983398438,10691900,0.0,0.0
2025-05-07 00:00:00-04:00,165.39830770319665,166.31458477625367,148.88536663239546,152.18197631835938,78729800,0.0,0.0
2025-05-08 00:00:00-04:00,155.2893514740916,156.77333036995827,153.47672069646467,155.1200408935547,38387500,0.0,0.0
2025-05-09 00:00:00-04:00,154.92086597342728,155.79729639404246,153.20782146453058,153.75559997558594,22871000,0.0,0.0
2025-05-12 00:00:00-04:00,158.4565159583647,159.79109259540746,157.2514031940014,158.9345703125,31884900,0.0,0.0
2025-05-13 00:00:00-04:00,159.27317989421834,161.40452376405077,156.94264799111681,160.2392578125,24944300,0.0,0.0
2025-05-14 00:00:00-04:00,160.65756033705904,167.65912546103155,160.27909242860437,166.13531494140625,31769200,0.0,0.0
2025-05-15 00:00:00-04:00,166.46400136302861,166.83250003430257,163.17734517951882,164.7310333251953,22717600,0.0,0.0
2025-05-16 00:00:00-04:00,168.2467407377016,169.9597852649903,166.27475327380358,166.7528076171875,36271400,0.0,0.0
2025-05-19 00:00:00-04:00,165.04475721501143,167.27071830038446,164.74596753432272,167.1910400390625,21374700,0.0,0.0
2025-05-20 00:00:00-04:00,167.0814703082653,168.9937028282985,163.59562645259507,164.65135192871094,33563300,0.0,0.0
2025-05-21 00:00:00-04:00,164.28282949470022,173.82408342915107,164.2230746061224,169.37216186523438,45567600,0.0,0.0
2025-05-22 00:00:00-04:00,172.64887782629978,177.40954350959885,171.1848221457587,171.28440856933594,45024100,0.0,0.0
2025-05-23 00:00:00-04:00,169.59127963179472,170.512541390871,168.57540089655492,168.90406799316406,24963600,0.0,0.0
2025-05-27 00:00:00-04:00,170.60715313028052,173.5850498768435,170.51752079679463,173.27630615234375,24341300,0.0,0.0
2025-05-28 00:00:00-04:00,173.27632085153758,175.76620941784861,172.3152275122392,172.6787567138672,25999200,0.0,0.0
2025-05-29 00:00:00-04:00,174.29219459507527,174.6905706753204,171.08521699876005,172.2604522705078,21174700,0.0,0.0
2025-05-30 00:00:00-04:00,171.71268658459127,172.7385195050437,167.8433898495234,172.15090942382812,36258300,0.0,0.0
2025-06-02 00:00:00-04:00,168.3264234555339,170.37012596378605,167.9678788892252,169.68092346191406,24742900,0.0,0.0
2025-06-03 00:00:00-04:00,168.18201981526315,169.11323571442114,166.0058444266652,167.0316925048828,25386700,0.0,0.0
2025-06-04 00:00:00-04:00,167.5993838493575,168.89412898875253,167.1163448426358,168.70489501953125,18508700,0.0,0.0
2025-06-05 00:00:00-04:00,170.92586104829266,171.66287351594346,168.6650532300248,169.12318420410156,25375400,0.0,0.0
2025-06-06 00:00:00-04:00,171.603110984008,175.11883217708964,171.603110984008,174.21250915527344,22258100,0.0,0.0
2025-06-09 00:00:00-04:00,175.36922348204553,177.40839873005288,175.15982995593336,177.1242218017578,18817600,0.21,0.0
2025-06-10 00:00:00-04:00,177.25382807443742,181.92550045360693,175.97249863835316,179.49742126464844,32908000,0.0,0.0
2025-06-11 00:00:00-04:00,180.71393825540056,181.23246180117897,177.4931400308658,178.2808837890625,18994400,0.0,0.0
2025-06-12 00:00:00-04:00,176.97462201103352,177.62278026732977,175.60852795053205,176.46607971191406,17345900,0.0,0.0
2025-06-13 00:00:00-04:00,173.08572718916088,177.83516488025438,173.07576114200484,175.37918090820312,20873200,0.0,0.0
2025-06-16 00:00:00-04:00,175.40411009338223,177.73744330231764,175.3193606510868,177.43331909179688,18132500,0.0,0.0
2025-06-17 00:00:00-04:00,176.4960009711626,178.20611393906023,175.4390217048858,176.725341796875,17656100,0.0,0.0
2025-06-18 00:00:00-04:00,176.77519493381817,177.31765222631788,172.34783537554478,173.48458862304688,32531800,0.0,0.0
2025-06-20 00:00:00-04:00,174.3670730180205,174.86564925551943,165.7965462781869,167.25238037109375,55402600,0.0,0.0
2025-06-23 00:00:00-04:00,166.84359050577245,168.0002760286221,162.86494591172044,165.5373077392578,36975600,0.0,0.0
2025-06-24 00:00:00-04:00,167.2075235754851,168.76806975687913,166.4347364323062,167.2623748779297,27310300,0.0,0.0
2025-06-25 00:00:00-04:00,168.16976896218105,172.86636409735513,168.0810330981547,171.00169372558594,23627400,0.0,0.0
2025-06-26 00:00:00-04:00,172.89128129298544,174.152678600943,170.37347730849507,173.9333038330078,25909100,0.0,0.0
2025-06-27 00:00:00-04:00,174.13274050001613,178.33074387318422,172.21820958571067,177.7623748779297,74053100,0.0,0.0
2025-06-30 00:00:00-04:00,180.2702403650563,181.0629748734639,175.00028510770912,176.88490295410156,43964600,0.0,0.0
2025-07-01 00:00:00-04:00,176.3015380338959,176.71536483629342,174.16265690586334,176.40625,25778500,0.0,0.0
2025-07-02 00:00:00-04:00,176.04228161814348,179.42262789488552,175.5885754168347,179.2481231689453,19325900,0.0,0.0
2025-07-03 00:00:00-04:00,179.30797160007916,180.2552634412392,177.6826081403371,180.035888671875,13287400,0.0,0.0
2025-07-07 00:00:00-04:00,179.62207773822146,179.82649584662397,176.1370342776054,177.05441284179688,20991400,0.0,0.0
2025-07-08 00:00:00-04:00,178.27092688927698,178.28089293698707,173.42476501767194,174.66123962402344,24108600,0.0,0.0
2025-07-09 00:00:00-04:00,175.60852437791746,179.7666484059067,173.38487860127222,177.15411376953125,31288000,0.0,0.0
2025-07-10 00:00:00-04:00,176.16692851390087,179.078611957727,175.23958400192473,178.19114685058594,24693700,0.0,0.0
2025-07-11 00:00:00-04:00,177.40341900651282,182.09003308540355,177.03546641829647,180.79373168945312,23975700,0.0,0.0
2025-07-14 00:00:00-04:00,181.55157606315228,184.203990340659,180.19643695394902,182.28945922851562,20990400,0.0,0.0
2025-07-15 00:00:00-04:00,183.41623298699918,184.88204837684916,181.8706435714378,182.57862854003906,23911600,0.0,0.0
2025-07-16 00:00:00-04:00,183.7951562789434,184.8072654587967,182.55868170023993,183.24671936035156,21152600,0.0,0.0
2025-07-17 00:00:00-04:00,182.59360912811604,184.6597003678229,180.98320215483517,184.17408752441406,21654400,0.0,0.0
2025-07-18 00:00:00-04:00,186.0885941142983,186.82649243957306,184.2039765036521,185.41053771972656,21033400,0.0,0.0
2025-07-21 00:00:00-04:00,186.56725704377217,190.71540028494329,186.5173963708382,190.605712890625,24665000,0.0,0.0
2025-07-22 00:00:00-04:00,191.87210315551704,192.80942904222442,187.9582761229891,191.56298828125,26212900,0.0,0.0
2025-07-23 00:00:00-04:00,191.81224631504227,192.80939876724872,189.63844605725603,190.96466064453125,34068100,0.0,0.0
2025-07-24 00:00:00-04:00,197.545878907922,198.4034306514475,191.40341596431313,192.6498565673828,45252100,0.0,0.0
2025-07-25 00:00:00-04:00,192.38063967306033,194.71896368694811,191.5829297825064,193.52737426757812,31101800,0.0,0.0
2025-07-28 00:00:00-04:00,193.856433954113,194.26527015774164,191.30870123671065,192.86924743652344,25553500,0.0,0.0
2025-07-29 00:00:00-04:00,192.74958939416115,196.10002254359046,192.44047454062365,195.87066650390625,31891600,0.0,0.0
2025-07-30 00:00:00-04:00,195.74105428582791,197.91483960451836,195.00315589990151,196.8778076171875,21150500,0.0,0.0
2025-07-31 00:00:00-04:00,196.0401927171234,196.26953353783088,191.53305903886246,192.3108367919922,27852000,0.0,0.0
2025-08-01 00:00:00-04:00,189.2396045493179,191.07236832994607,188.1626779989125,189.40911865234375,21236700,0.0,0.0
2025-08-04 00:00:00-04:00,190.6306269182437,195.52165857721764,190.37634816892103,195.19259643554688,23386000,0.0,0.0
2025-08-05 00:00:00-04:00,194.98820518838943,198.13422045396607,194.12068728708013,194.76385498046875,19010200,0.0,0.0
2025-08-06 00:00:00-04:00,194.69402534174006,196.81796503255865,193.91325018819003,196.35926818847656,15383700,0.0,0.0
2025-08-07 00:00:00-04:00,197.14702995233705,197.8051390469662,194.6641147185485,196.71824645996094,14660600,0.0,0.0
2025-08-08 00:00:00-04:00,197.416259260937,202.85073766140218,197.33648523042044,201.51455688476562,24379900,0.0,0.0
2025-08-11 00:00:00-04:00,200.9810638173645,201.58435203185698,199.23107153514874,201.0558624267578,16690200,0.0,0.0
2025-08-12 00:00:00-04:00,201.51955180494028,204.54591353591007,200.82652345870838,203.57867431640625,19854000,0.0,0.0
2025-08-13 00:00:00-04:00,204.3963335446304,204.84504916685745,198.0743897785972,202.45188903808594,19573000,0.0,0.0
2025-08-14 00:00:00-04:00,201.98320217166057,204.8350588484687,201.74887073226878,203.2396240234375,17777100,0.0,0.0
2025-08-15 00:00:00-04:00,204.13707666196314,206.73964549503341,201.50958510061872,204.3265380859375,21111400,0.0,0.0
2025-08-18 00:00:00-04:00,204.48609075472882,205.55303612354803,202.8308137889139,203.7082977294922,13000200,0.0,0.0
2025-08-19 00:00:00-04:00,203.3244011339479,203.70829941015938,200.3578660416823,201.91343688964844,13476600,0.0,0.0
2025-08-20 00:00:00-04:00,201.10571211053593,201.59432232086678,196.89774249140027,199.61996459960938,13971700,0.0,0.0
2025-08-21 00:00:00-04:00,200.148473178232,202.7809554610943,199.82937703953772,200.0487518310547,11768900,0.0,0.0
2025-08-22 00:00:00-04:00,203.37924258904317,208.6342256189113,201.55445158058532,206.13137817382812,25723700,0.0,0.0
2025-08-25 00:00:00-04:00,206.41056953451064,210.4889196480279,205.3635563561227,208.56442260742188,22788800,0.0,0.0
2025-08-26 00:00:00-04:00,207.77668190384477,207.86643720129274,205.86215074219382,207.35787963867188,23051000,0.0,0.0
2025-08-27 00:00:00-04:00,205.87213986987481,208.97328517564355,205.8023318820089,207.61715698242188,15249000,0.0,0.0
2025-08-28 00:00:00-04:00,207.24818932023632,212.2937789587124,207.00888243799457,211.76528930664062,20915700,0.0,0.0
2025-08-29 00:00:00-04:00,210.66842253634155,214.72682548432343,210.36927372964016,212.92198181152344,24682200,0.0,0.0
2025-09-02 00:00:00-04:00,208.39491024343394,211.76428641121737,206.37069184883856,211.38636779785156,28900100,0.0,0.0
2025-09-03 00:00:00-04:00,225.8351154891725,231.13997459873178,224.47898735115547,230.4419708251953,72250300,0.0,0.0
2025-09-04 00:00:00-04:00,229.49964084428723,232.10720020502256,226.11430372222992,231.9975128173828,32196000,0.0,0.0
2025-09-05 00:00:00-04:00,231.99751875750673,235.4576393653349,231.71831725733676,234.5003662109375,26127700,0.0,0.0
2025-09-08 00:00:00-04:00,235.32873581763147,237.9336306885174,233.2727680706754,233.70193481445312,23128800,0.21,0.0
2025-09-09 00:00:00-04:00,233.73188999346144,240.1193644961195,232.92347691738414,239.47064208984375,22854800,0.0,0.0
2025-09-10 00:00:00-04:00,238.78197848839386,241.60644426204072,237.64420916870392,239.09136962890625,19990100,0.0,0.0
2025-09-11 00:00:00-04:00,239.67024304096682,242.09549744985415,236.11720946779278,240.30899047851562,21308600,0.0,0.0
2025-09-12 00:00:00-04:00,240.32895441337703,241.9487806264288,238.03345058625408,240.90782165527344,14536600,0.0,0.0
2025-09-15 00:00:00-04:00,244.66045674238666,252.25557067635967,244.5007660792978,251.2675018310547,29935200,0.0,0.0
2025-09-16 00:00:00-04:00,251.83640041639592,252.73463376812833,249.22651032925336,250.9281768798828,24493500,0.0,0.0
2025-09-17 00:00:00-04:00,250.96810297309426,251.45713469310198,246.0976443107254,249.3612518310547,20491300,0.0,0.0
2025-09-18 00:00:00-04:00,251.36731345678214,253.64285211495618,249.6207367971961,251.83639526367188,21166400,0.0,0.0
2025-09-19 00:00:00-04:00,252.90429521414327,256.1978580599402,251.5749001290136,254.74070739746094,41616800,0.0,0.0
2025-09-22 00:00:00-04:00,254.28159202417987,255.80859778310395,250.31935701525043,252.38531494140625,20079000,0.0,0.0
2025-09-23 00:00:00-04:00,253.15878923661495,254.2716135136843,250.59880455040593,251.8463592529297,17521100,0.0,0.0
2025-09-24 00:00:00-04:00,251.6567409307806,252.465169210253,246.73639225090292,247.34519958496094,16958500,0.0,0.0
2025-09-25 00:00:00-04:00,244.36105019347215,246.83121478968334,241.17728790642323,246.08767700195312,17379800,0.0,0.0
2025-09-26 00:00:00-04:00,247.30029966360988,249.63072353115038,246.15753518831568,246.69647216796875,16594600,0.0,0.0
2025-09-29 00:00:00-04:00,247.7893233809348,251.15572628312094,242.72425403895525,243.88198852539062,23157200,0.0,0.0
2025-09-30 00:00:00-04:00,242.5845309216633,243.19833335962917,239.1023575820505,243.07357788085938,22541200,0.0,0.0
2025-10-01 00:00:00-04:00,240.70820538398718,246.6665283113266,238.73208285012265,245.05967712402344,23967700,0.0,0.0
2025-10-02 00:00:00-04:00,245.15948907619045,247.15058167045217,242.6294442783024,245.94793701171875,20657500,0.0,0.0
2025-10-03 00:00:00-04:00,244.75028083348028,246.6345880461835,241.9956853826143,245.9678955078125,19941400,0.0,0.0
2025-10-06 00:00:00-04:00,245.29920341478498,251.7066427694446,245.20938312792492,251.0179901123047,18309000,0.0,0.0
2025-10-07 00:00:00-04:00,248.4430272638954,251.05791228547747,246.32717935405861,246.6465606689453,13811200,0.0,0.0
2025-10-08 00:00:00-04:00,245.71837051628768,246.7762944646119,244.61054133420603,244.97982788085938,14136500,0.0,0.0
2025-10-09 00:00:00-04:00,244.5806064331981,245.07463323132637,239.21112602039744,241.73619079589844,19375700,0.0,0.0
2025-10-10 00:00:00-04:00,241.6862837352197,244.36103373708602,236.2219879862294,237.02542114257812,22449100,0.0,0.0
2025-10-13 00:00:00-04:00,240.55849921146196,244.5107594146721,240.2790481619253,244.16143798828125,12465000,0.0,0.0
2025-10-14 00:00:00-04:00,241.28209772688697,247.5398217507458,240.70621533424085,245.7084197998047,17705400,0.0,0.0
2025-10-15 00:00:00-04:00,247.59969690234325,252.26553937260695,246.3072168107861,251.2176055908203,16048100,0.0,0.0
2025-10-16 00:00:00-04:00,251.9711151399471,257.07609924459695,250.17962841163254,251.38726806640625,18946000,0.0,0.0
2025-10-17 00:00:00-04:00,250.8583192068179,254.38141265847207,248.1037085285355,253.2935333251953,17653800,0.0,0.0
2025-10-20 00:00:00-04:00,254.730720175168,257.3755454382386,254.10196292360385,256.5172119140625,13726800,0.0,0.0
2025-10-21 00:00:00-04:00,254.75068259010632,254.88043315871175,244.1913772492023,250.84832763671875,27836400,0.0,0.0
2025-10-22 00:00:00-04:00,254.51113980291018,256.6768929861004,249.96106769580882,252.03599548339844,19650200,0.0,0.0
2025-10-23 00:00:00-04:00,253.20371774019742,255.3594960774361,252.27354929291647,253.23365783691406,13241300,0.0,0.0
2025-10-24 00:00:00-04:00,256.79662410065674,261.9964535508816,255.5989899714157,260.0003662109375,18406000,0.0,0.0
2025-10-27 00:00:00-04:00,264.8408796912386,270.27024022649704,264.421718365036,269.4019470214844,22987700,0.0,0.0
2025-10-28 00:00:00-04:00,269.6714336408872,270.8491179569037,266.6473622943728,267.9048767089844,20101200,0.0,0.0
2025-10-29 00:00:00-04:00,268.084518803547,275.430136689206,267.9048782372746,274.6317138671875,26287900,0.0,0.0
2025-10-30 00:00:00-04:00,291.149338690232,291.3589193601236,279.9013960238178,281.3485412597656,48570000,0.0,0.0
2025-10-31 00:00:00-04:00,282.651007876155,285.7250001291056,276.98014610019925,281.26873779296875,29932800,0.0,0.0
2025-11-03 00:00:00-05:00,281.86755274284974,285.38065607049083,279.82154461028614,283.564208984375,19691800,0.0,0.0
2025-11-04 00:00:00-05:00,276.52303396227904,281.2827177201756,276.3234130003011,277.5160827636719,18123700,0.0,0.0
2025-11-05 00:00:00-05:00,278.83347249108255,286.1391601752395,277.33640684061817,284.1929626464844,20063200,0.0,0.0
2025-11-06 00:00:00-05:00,285.1760461917381,288.2450432279728,281.0691054763307,284.7818298339844,23103800,0.0,0.0
2025-11-07 00:00:00-05:00,283.65401936749936,283.9434605971931,275.20058717815346,279.1528625488281,21991100,0.0,0.0
2025-11-10 00:00:00-05:00,284.70701038582297,290.8898692555018,282.98537855082736,290.0215759277344,19508200,0.0,0.0
2025-11-11 00:00:00-05:00,287.63622797404787,291.7681133620935,287.3168466563392,291.1692810058594,14156700,0.0,0.0
2025-11-12 00:00:00-05:00,291.5135987132187,291.7880546515022,283.8236850599058,286.8677062988281,16998800,0.0,0.0
2025-11-13 00:00:00-05:00,282.43140406714,282.95540141720784,277.4561704506044,278.573974609375,18060200,0.0,0.0
2025-11-14 00:00:00-05:00,271.3631268988507,278.6039400444266,270.87909024198706,276.4382019042969,18330500,0.0,0.0
2025-11-17 00:00:00-05:00,285.839743672837,293.94385460993595,283.67400564199863,285.04132080078125,34286100,0.0,0.0
2025-11-18 00:00:00-05:00,287.9206557340323,288.8688095426974,278.46421494061445,284.4025573730469,29702200,0.0,0.0
2025-11-19 00:00:00-05:00,287.1222246159708,303.654822395168,287.1072697972532,292.4168395996094,43123600,0.0,0.0
2025-11-20 00:00:00-05:00,304.14388799780994,306.2897067467055,288.6043676402575,289.41278076171875,34801400,0.0,0.0
2025-11-21 00:00:00-05:00,296.28925176883206,303.3653785062888,293.7841521372714,299.0638122558594,43670600,0.0,0.0
2025-11-24 00:00:00-05:00,310.4016170398079,319.1744002550105,308.7947506575406,317.8470153808594,55311800,0.0,0.0
2025-11-25 00:00:00-05:00,326.1606884500195,328.02705586506585,317.1942849998955,323.00689697265625,50899300,0.0,0.0
2025-11-26 00:00:00-05:00,320.1524948095306,324.3542507562828,316.57951134155564,319.6534729003906,29839600,0.0,0.0
2025-11-28 00:00:00-05:00,322.7972661019505,326.24052904498996,316.31997224508586,319.4937438964844,19695800,0.0,0.0
2025-12-01 00:00:00-05:00,316.85397476893087,319.00475802970755,313.3658164150799,314.5035705566406,28520600,0.0,0.0
2025-12-02 00:00:00-05:00,316.28007786122015,317.97676452439663,313.6053277555434,315.40179443359375,24668200,0.0,0.0
2025-12-03 00:00:00-05:00,315.4117804706808,321.4100334471199,313.66520382303423,319.9927978515625,32285100,0.0,0.0
2025-12-04 00:00:00-05:00,322.41304312234007,322.4669231064659,314.9726102211733,317.76715087890625,20831600,0.0,0.0
2025-12-05 00:00:00-05:00,319.3739921709227,323.1964862382524,319.35404226124786,321.45989990234375,15719900,0.0,0.0
2025-12-08 00:00:00-05:00,320.61104175996445,320.8107929430465,311.5029486020491,314.0396423339844,22006900,0.21,0.0
2025-12-09 00:00:00-05:00,312.69140162718145,318.293090499111,312.2120170689398,317.3353271484375,14151300,0.0,0.0
2025-12-10 00:00:00-05:00,316.2067963622882,321.44994495209085,314.98838728040494,320.5810852050781,22764500,0.0,0.0
2025-12-11 00:00:00-05:00,320.68095545193773,321.5697781115332,309.47559686198167,313.2906188964844,25912100,0.0,0.0
2025-12-12 00:00:00-05:00,314.384191403608,315.72743733563,306.5593944963072,310.11474609375,21264800,0.0,0.0
2025-12-15 00:00:00-05:00,312.2170002056079,312.2919145159097,305.34097591001495,308.91632080078125,22028900,0.0,0.0
2025-12-16 00:00:00-05:00,305.6006464692463,311.4380195138882,303.4334650759046,307.3283996582031,21285200,0.0,0.0
2025-12-17 00:00:00-05:00,308.60674262731374,308.79149875866017,297.0618312050489,297.6710205078125,29120400,0.0,0.0
2025-12-18 00:00:00-05:00,302.6645051874067,304.8616463852272,300.2376836446455,303.3536071777344,21040500,0.0,0.0
2025-12-19 00:00:00-05:00,302.87421730733627,308.58675384401073,301.9454382853998,308.2072448730469,45234400,0.0,0.0
2025-12-22 00:00:00-05:00,310.8188320764369,311.29321825822973,306.1898713767453,310.9236755371094,14091400,0.0,0.0
2025-12-23 00:00:00-05:00,310.7289841005398,315.8872219232364,310.34447676582494,315.2680358886719,13961400,0.0,0.0
2025-12-24 00:00:00-05:00,315.7374107235817,315.87724264961207,312.9111173503096,315.258056640625,6138200,0.0,0.0
2025-12-26 00:00:00-05:00,315.50771928299366,316.14686819703024,313.31057822091293,314.5489501953125,6730900,0.0,0.0
2025-12-29 00:00:00-05:00,312.41177786022433,314.5589660191107,311.4929650481145,313.979736328125,12317700,0.0,0.0
2025-12-30 00:00:00-05:00,313.000999413296,317.28540943965805,312.8412045581068,314.1394958496094,11052500,0.0,0.0
2025-12-31 00:00:00-05:00,312.9610408855354,314.97842425011913,311.7925848269269,313.3904724121094,10821500,0.0,0.0
2026-01-02 00:00:00-05:00,317.17553493261676,322.4925921245844,310.2445893355621,314.90850830078125,22043700,0.0,0.0
2026-01-05 00:00:00-05:00,317.2803943893332,318.8333576971289,314.8375721951358,316.9058837890625,19934000,0.0,0.0
2026-01-06 00:00:00-05:00,316.89590376555594,321.1403574586827,311.9323884629541,314.1394958496094,18989900,0.0,0.0
2026-01-07 00:00:00-05:00,314.1594883653292,326.0389542255147,314.08957240180337,322.00921630859375,24681800,0.0,0.0
2026-01-08 00:00:00-05:00,328.8352904632479,330.10862036359265,321.56976069270803,325.58453369140625,21789600,0.0,0.0
2026-01-09 00:00:00-05:00,327.06260864018543,331.04742232785975,325.8242366201649,328.7104797363281,17917700,0.0,0.0
2026-01-12 00:00:00-05:00,326.0738959562766,334.00353617058494,325.0851977244808,332.2957763671875,23893800,0.0,0.0
2026-01-13 00:00:00-05:00,334.842443176996,340.7547307187532,333.9136641838289,335.9909362792969,24616700,0.0,0.0
2026-01-14 00:00:00-05:00,334.5478107597875,336.5901553278728,330.7078579636465,335.87109375,17839300,0.0,0.0
2026-01-15 00:00:00-05:00,337.61382063072415,337.68873494454425,330.85766500986597,332.7252197265625,16424900,0.0,0.0
2026-01-16 00:00:00-05:00,334.49790980660475,334.8025044691476,327.74175393116076,329.9089050292969,21868600,0.0,0.0
2026-01-20 00:00:00-05:00,320.82075024052295,327.66181662107743,320.4712313964823,321.73956298828125,27169900,0.0,0.0
2026-01-21 00:00:00-05:00,320.67598013932434,332.290808151728,319.12301669075015,327.95147705078125,22791700,0.0,0.0
2026-01-22 00:00:00-05:00,333.8287821334127,334.7725256981915,328.4508000741002,330.4082336425781,19902100,0.0,0.0
2026-01-23 00:00:00-05:00,332.2208964370305,333.59410211341356,327.54201262517483,328.00140380859375,19110600,0.0,0.0
2026-01-26 00:00:00-05:00,327.7717128570099,335.9110710528279,327.06261745942396,333.1546630859375,18502500,0.0,0.0
2026-01-27 00:00:00-05:00,335.19198786494,337.77360575319784,333.3144364997522,334.56280517578125,16080900,0.0,0.0
2026-01-28 00:00:00-05:00,336.17071194822404,337.18940036194795,331.69657781901543,335.8411560058594,17538500,0.0,0.0
2026-01-29 00:00:00-05:00,339.9058450626567,341.84331577646435,326.29362750773345,338.2180480957031,24548300,0.0,0.0
2026-01-30 00:00:00-05:00,334.02353024324157,339.8459393190057,332.2059284569407,338.0882263183594,21740200,0.0,0.0
2026-02-02 00:00:00-05:00,336.1107810155394,344.71455893391885,335.5715076740309,344.44989013671875,22775200,0.0,0.0
2026-02-03 00:00:00-05:00,348.0602055415327,349.6930511556747,338.14813929481124,340.2554016113281,25786500,0.0,0.0
2026-02-04 00:00:00-05:00,343.3063846149433,343.800733734723,328.94014812343124,332.90496826171875,36991100,0.0,0.0
2026-02-05 00:00:00-05:00,312.79126924034074,332.2098940118301,306.5194661993319,330.8975830078125,51842000,0.0,0.0
2026-02-06 00:00:00-05:00,326.9228291868256,330.2085444197576,319.732212669293,322.6783752441406,33877000,0.0,0.0
2026-02-09 00:00:00-05:00,320.82077417447744,327.3122917175226,317.28541579501643,323.9766540527344,26103300,0.0,0.0
2026-02-10 00:00:00-05:00,320.49122633441056,321.21028797646636,314.2493823852293,318.2142028808594,25281900,0.0,0.0
2026-02-11 00:00:00-05:00,318.5437226409867,320.6260234898432,309.7252599216724,310.9236755371094,24008100,0.0,0.0
2026-02-12 00:00:00-05:00,311.94236944068,316.06698440393103,307.74783851722964,308.96624755859375,28194000,0.0,0.0
2026-02-13 00:00:00-05:00,307.5830680236357,308.48691626632296,303.5034074415816,305.6206359863281,20236000,0.0,0.0
2026-02-17 00:00:00-05:00,300.24765706433305,304.49211049817023,296.51251731768605,302.4248046875,23750800,0.0,0.0
2026-02-18 00:00:00-05:00,302.0373377837931,305.51079587835017,301.58593178171805,303.5433654785156,15847700,0.0,0.0
2026-02-19 00:00:00-05:00,302.1251671400422,305.63059595669705,300.27760597580755,303.163818359375,13448600,0.0,0.0
2026-02-20 00:00:00-05:00,304.4022187611668,316.3466327070812,304.0227402687717,314.4890441894531,33663100,0.0,0.0
2026-02-23 00:00:00-05:00,318.7235232646917,319.0380841366731,309.5854400242665,311.2832336425781,17641200,0.0,0.0
2026-02-24 00:00:00-05:00,310.23461833809165,311.962341120562,305.69053796389596,310.5142517089844,15040700,0.0,0.0
2026-02-25 00:00:00-05:00,311.71267438325657,313.25067319659894,308.95626646698753,312.6214904785156,20209100,0.0,0.0
2026-02-26 00:00:00-05:00,312.39679526824995,312.59154811608227,302.01537127964497,306.7491760253906,22380000,0.0,0.0
2026-02-27 00:00:00-05:00,303.54334418120766,311.6727051893538,303.1948006205073,311.0235595703125,33389200,0.0,0.0
2026-03-02 00:00:00-05:00,302.5696161295488,307.7378808552178,300.6671034421218,305.9601745605469,21854400,0.0,0.0
2026-03-03 00:00:00-05:00,298.03054247338764,303.54332729400136,296.31178027781107,303.163818359375,20361100,0.0,0.0
2026-03-04 00:00:00-05:00,302.28999979339955,305.06137237929244,300.40744992717754,303.05401611328125,20015600,0.0,0.0
2026-03-05 00:00:00-05:00,302.80432345436964,302.97408452968756,297.68101344342887,300.5173034667969,22643900,0.0,0.0
2026-03-06 00:00:00-05:00,295.6856162816382,299.9380551922433,294.864698015099,297.91070556640625,17598000,0.0,0.0
2026-03-09 00:00:00-04:00,293.95810054029374,306.3156537788302,293.7532067591801,305.8259582519531,19632700,0.21,0.0
2026-03-10 00:00:00-04:00,305.6910336876566,308.9640578626859,305.12637106289316,306.7453918457031,14386400,0.0,0.0
2026-03-11 00:00:00-04:00,306.11574664278464,310.8818905063814,305.6560318751311,308.2344970703125,13376700,0.0,0.0
2026-03-12 00:00:00-04:00,306.02581398501115,308.4543755816348,300.6590487824004,303.0276184082031,15610200,0.0,0.0
2026-03-13 00:00:00-04:00,306.4705694514694,307.075216570357,299.59970423366394,301.2786865234375,16857500,0.0,0.0
2026-03-16 00:00:00-04:00,303.41739386063404,305.3862101461126,301.62846198721604,304.2369079589844,14822000,0.0,0.0
2026-03-17 00:00:00-04:00,304.4867681271186,309.86350667991195,304.1669532729026,309.2239074707031,14423600,0.0,0.0
2026-03-18 00:00:00-04:00,307.7197987713232,310.56308876859424,305.36123291378533,306.1157531738281,13848400,0.0,0.0
2026-03-19 00:00:00-04:00,303.0276083402022,306.495522328792,300.8189462117848,305.5461120605469,15399700,0.0,0.0
2026-03-20 00:00:00-04:00,303.8871134611093,304.1869208156099,296.5715090190732,298.61029052734375,34763500,0.0,0.0
2026-03-23 00:00:00-04:00,300.3492505237287,303.18753879791194,297.8507541028747,298.84014892578125,22204100,0.0,0.0
2026-03-24 00:00:00-04:00,296.03182484480067,296.9213041605432,288.6812683049409,289.02606201171875,27411200,0.0,0.0
2026-03-25 00:00:00-04:00,291.97425966938914,294.48275961254154,287.1971361576211,289.4158020019531,22343000,0.0,0.0
2026-03-26 00:00:00-04:00,286.01787071952646,286.34268744484854,278.8821505013807,280.5711364746094,29281200,0.0,0.0
2026-03-27 00:00:00-04:00,277.2331315119547,278.92211737858287,273.3155065603785,273.5953369140625,25703300,0.0,0.0
2026-03-30 00:00:00-04:00,275.2743430238678,276.0938571665062,271.37169284977546,272.9757385253906,22752300,0.0,0.0
2026-03-31 00:00:00-04:00,277.37306812768094,286.8773271197116,276.59353851793674,286.68743896484375,31625100,0.0,0.0
2026-04-01 00:00:00-04:00,289.8056019553753,297.80576171350253,289.2958989360971,294.7226257324219,24403600,0.0,0.0
2026-04-02 00:00:00-04:00,288.8161565344196,295.7220036805807,287.3970277745505,294.2828674316406,13433400,0.0,0.0
2026-04-06 00:00:00-04:00,294.52274605218776,298.2454810135183,293.6132897699338,297.48095703125,10121700,0.0,0.0
2026-04-07 00:00:00-04:00,299.9594938576911,303.9171035550764,295.2473028799287,303.7471923828125,17317700,0.0,0.0
2026-04-08 00:00:00-04:00,317.63882755519,319.1979173516329,312.5169099892079,314.5506896972656,20887500,0.0,0.0
2026-04-09 00:00:00-04:00,313.00163791186503,317.23907805281584,309.2838740431667,316.1797180175781,14606800,0.0,0.0
2026-04-10 00:00:00-04:00,318.03358841229215,319.3078153785124,314.3508074416827,315.53009033203125,11997600,0.0,0.0
2026-04-13 00:00:00-04:00,315.23030679320124,319.2378742739686,313.50133630699344,319.01800537109375,12212800,0.0,0.0
2026-04-14 00:00:00-04:00,321.87130162031684,330.4411565240312,320.95684339258287,330.38116455078125,18557500,0.0,0.0
2026-04-15 00:00:00-04:00,330.3611774124935,334.79850934948115,328.462326295132,334.2688293457031,15104100,0.0,0.0
2026-04-16 00:00:00-04:00,335.64798864456304,337.1770671128283,331.4505027908985,332.56982421875,13949600,0.0,0.0
2026-04-17 00:00:00-04:00,334.22884980226,339.7805014284534,333.0895513147008,339.19586181640625,19683800,0.0,0.0
2026-04-20 00:00:00-04:00,338.3563758313641,338.9560210703948,334.4287467895101,335.1982727050781,12897300,0.0,0.0
2026-04-21 00:00:00-04:00,335.3831540609058,336.9672227230362,329.43174911178386,330.271240234375,14623800,0.0,0.0
2026-04-22 00:00:00-04:00,334.6835958687374,337.8266933540505,332.7597353449777,337.5268859863281,12954200,0.0,0.0
2026-04-23 00:00:00-04:00,339.3707589505945,339.9553985352305,334.8584600686641,337.5468444824219,13442100,0.0,0.0
2026-04-24 00:00:00-04:00,337.516865979281,343.48327630328015,333.84906002833503,342.1141052246094,18260900,0.0,0.0
2026-04-27 00:00:00-04:00,343.6731704622599,350.688937144481,340.6050096635064,348.31036376953125,17443000,0.0,0.0
2026-04-28 00:00:00-04:00,346.7113473864688,349.6895354514848,344.0729206585439,347.2909851074219,18502300,0.0,0.0
2026-04-29 00:00:00-04:00,345.27221882647495,353.1874381893852,342.22403497775565,347.1011047363281,22232200,0.0,0.0
2026-04-30 00:00:00-04:00,371.0316955643996,382.3998535192728,362.87159825964693,381.71026611328125,44570500,0.0,0.0
2026-05-01 00:00:00-04:00,377.7526634694606,383.15941312113796,375.0342982758103,382.989501953125,28047900,0.0,0.0
2026-05-04 00:00:00-04:00,382.0900629369803,383.94892960999147,376.5433826561863,379.41168212890625,18275000,0.0,0.0
2026-05-05 00:00:00-04:00,381.6402985876544,388.72603026067463,380.1212238542502,384.0388488769531,15432500,0.0,0.0
2026-05-06 00:00:00-04:00,389.3556636937157,396.14158814851396,386.86717115178936,394.90234375,23097300,0.0,0.0
2026-05-07 00:00:00-04:00,396.8211765082595,397.11601249324696,390.0752364541107,395.0622253417969,15153600,0.0,0.0
2026-05-08 00:00:00-04:00,394.032860955436,398.13040116879216,393.43324621625237,396.8111877441406,13762500,0.0,0.0
2026-05-11 00:00:00-04:00,390.4550091226855,394.09280386567815,385.99770027578,386.537353515625,16314900,0.0,0.0
2026-05-12 00:00:00-04:00,384.7684247628253,386.2075610512266,379.49160187176113,383.5891418457031,17103900,0.0,0.0
2026-05-13 00:00:00-04:00,381.67528465785847,399.6894366024174,381.3504679441929,398.79998779296875,18160100,0.0,0.0
2026-05-14 00:00:00-04:00,393.55314996386056,398.8639490394177,392.4917770286838,396.9311218261719,13805400,0.0,0.0
2026-05-15 00:00:00-04:00,392.97848723377916,395.6418928419125,389.5255787505654,393.08343505859375,15801900,0.0,0.0
2026-05-18 00:00:00-04:00,391.8891422596936,404.2267181336527,390.66487298033206,392.87353515625,18592800,0.0,0.0
2026-05-19 00:00:00-04:00,393.063429089017,393.1264099838384,382.7696364443794,384.6684875488281,25559400,0.0,0.0
2026-05-20 00:00:00-04:00,384.8084179824556,390.46501731409904,379.7714408586532,384.6684875488281,16488100,0.0,0.0
2026-05-21 00:00:00-04:00,381.7802360746463,388.4462070831433,379.25175905431604,383.2393493652344,16837600,0.0,0.0
2026-05-22 00:00:00-04:00,383.0294961863553,384.6385132044718,378.0325034604433,379.1518249511719,13382800,0.0,0.0
2026-05-26 00:00:00-04:00,380.76583200111435,385.15820799010294,378.911967276954,384.6085205078125,16150900,0.0,0.0
2026-05-27 00:00:00-04:00,382.5347809021544,389.49058591164453,381.7702264112071,384.5985107421875,16893100,0.0,0.0
2026-05-28 00:00:00-04:00,383.6291059052824,389.76542753221133,381.0206903760399,385.88775634765625,20795400,0.0,0.0
2026-05-29 00:00:00-04:00,380.9957121529665,381.4204443301482,374.07485900677307,376.2035827636719,48018600,0.0,0.0
2026-06-01 00:00:00-04:00,372.35092462272263,374.37470057389226,369.4876270555196,372.35589599609375,19091900,0.0,0.0
2026-06-02 00:00:00-04:00,362.94155828091095,369.56757513109494,354.78646296524,358.1744384765625,34648600,0.0,0.0
2026-06-03 00:00:00-04:00,358.1194663498822,362.28196979782444,354.16685855422884,355.466064453125,43031000,0.0,0.0
2026-06-04 00:00:00-04:00,355.226213908984,369.63752354949486,354.58658421381983,369.0478820800781,37746200,0.0,0.0
2026-06-05 00:00:00-04:00,363.16143521275876,368.97794185707363,361.41248782137086,365.5400085449219,23411500,0.0,0.0
2026-06-08 00:00:00-04:00,362.4849853515625,363.3800048828125,357.8900146484375,361.1700134277344,18739000,0.22,0.0
2026-06-09 00:00:00-04:00,364.885009765625,369.6919860839844,354.7200012207031,362.2900085449219,19873600,0.0,0.0
2026-06-10 00:00:00-04:00,361.04998779296875,366.30999755859375,352.80999755859375,353.32000732421875,19878600,0.0,0.0
2026-06-11 00:00:00-04:00,353.04998779296875,358.010009765625,343.6300048828125,356.55999755859375,28771800,0.0,0.0
2026-06-12 00:00:00-04:00,361.1000061035156,364.77301025390625,353.3399963378906,358.1600036621094,17637100,0.0,0.0
2026-06-15 00:00:00-04:00,365.989990234375,370.6499938964844,364.6499938964844,367.1099853515625,17268600,0.0,0.0
2026-06-16 00:00:00-04:00,367.4649963378906,373.6000061035156,365.32000732421875,371.1000061035156,16492800,0.0,0.0
2026-06-17 00:00:00-04:00,367.04998779296875,370.1499938964844,360.2300109863281,362.1000061035156,16003500,0.0,0.0
2026-06-18 00:00:00-04:00,363.8900146484375,369.0,356.6080017089844,367.4599914550781,29339100,0.0,0.0
2026-06-22 00:00:00-04:00,357.135009765625,358.20001220703125,340.94000244140625,348.7799987792969,32211200,0.0,0.0
2026-06-23 00:00:00-04:00,340.1050109863281,348.7200012207031,339.7149963378906,346.0799865722656,21820900,0.0,0.0
2026-06-24 00:00:00-04:00,348.7200012207031,352.8299865722656,341.5,345.0400085449219,23898400,0.0,0.0
2026-06-25 00:00:00-04:00,336.9200134277344,343.19000244140625,335.8999938964844,342.19000244140625,27687600,0.0,0.0
2026-06-26 00:00:00-04:00,340.9800109863281,344.1199951171875,333.69000244140625,334.69000244140625,82484600,0.0,0.0
2026-06-29 00:00:00-04:00,339.95001220703125,351.9700012207031,338.80999755859375,351.2799987792969,25565700,0.0,0.0
2026-06-30 00:00:00-04:00,350.9599914550781,355.3900146484375,348.1099853515625,353.3299865722656,21278400,0.0,0.0
2026-07-01 00:00:00-04:00,354.614990234375,359.55999755859375,353.2300109863281,357.8900146484375,19546800,0.0,0.0
2026-07-02 00:00:00-04:00,356.1499938964844,360.989990234375,350.32000732421875,356.17999267578125,15532900,0.0,0.0
2026-07-06 00:00:00-04:00,358.19500732421875,365.67999267578125,354.19000244140625,364.8999938964844,22652700,0.0,0.0
2026-07-07 00:00:00-04:00,367.2349853515625,370.8900146484375,362.4200134277344,363.6199951171875,16443900,0.0,0.0
2026-07-08 00:00:00-04:00,362.2099914550781,364.9800109863281,354.70001220703125,358.7099914550781,14710400,0.0,0.0
2026-07-09 00:00:00-04:00,351.0849914550781,356.7300109863281,348.6600036621094,356.239990234375,17217400,0.0,0.0
2026-07-10 00:00:00-04:00,354.9540100097656,355.67999267578125,350.70001220703125,355.0299987792969,11618500,0.0,0.0
2026-07-13 00:00:00-04:00,353.989990234375,355.75,349.82000732421875,350.6700134277344,10583500,0.0,0.0
2026-07-14 00:00:00-04:00,348.8399963378906,357.8800048828125,348.8399963378906,357.3299865722656,11252600,0.0,0.0
2026-07-15 00:00:00-04:00,356.010009765625,372.1400146484375,355.6700134277344,370.2099914550781,20258200,0.0,0.0
2026-07-16 00:00:00-04:00,372.1700134277344,374.3500061035156,351.6700134277344,353.80999755859375,23603700,0.0,0.0
2026-07-17 00:00:00-04:00,345.7699890136719,348.1700134277344,341.125,346.1199951171875,22023900,0.0,0.0
2026-07-20 00:00:00-04:00,350.1700134277344,359.489990234375,350.0050048828125,351.3699951171875,13203300,0.0,0.0
2026-07-21 00:00:00-04:00,350.55999755859375,350.739990234375,346.010009765625,346.19000244140625,17419500,0.0,0.0
2026-07-22 00:00:00-04:00,347.17999267578125,349.45001220703125,341.6400146484375,341.9100036621094,23273800,0.0,0.0
2026-07-23 00:00:00-04:00,321.6300048828125,324.45001220703125,314.8900146484375,318.3399963378906,46751900,0.0,0.0
2026-07-24 00:00:00-04:00,318.29998779296875,323.9800109863281,317.5,319.0899963378906,21630800,0.0,0.0
2026-07-27 00:00:00-04:00,324.739990234375,330.10101318359375,324.4100036621094,326.57000732421875,21419600,0.0,0.0
2026-07-28 00:00:00-04:00,327.79998779296875,335.2099914550781,324.5400085449219,332.6000061035156,20986900,0.0,0.0
2026-07-29 00:00:00-04:00,333.5,341.9800109863281,330.4079895019531,335.760009765625,20242900,0.0,0.0
2026-07-30 00:00:00-04:00,333.0799865722656,335.45001220703125,329.82000732421875,333.67999267578125,17309500,0.0,0.0
2026-07-31 00:00:00-04:00,340.07000732421875,358.8800048828125,339.1600036621094,356.6499938964844,30514500,0.0,0.0
2026-08-03 00:00:00-04:00,365.29998779296875,376.1000061035156,363.260009765625,372.4700012207031,27165400,0.0,0.0
2026-08-04 00:00:00-04:00,366.5199890136719,377.66900634765625,366.1600036621094,375.3500061035156,19983300,0.0,0.0
2026-08-05 00:00:00-04:00,380.0,381.80999755859375,355.1600036621094,360.1300048828125,29436300,0.0,0.0
2026-08-06 00:00:00-04:00,358.7919921875,361.9599914550781,355.8299865722656,356.6199951171875,16513400,0.0,0.0
2026-08-07 00:00:00-04:00,355.2799987792969,357.54998779296875,352.82000732421875,353.4700012207031,14516700,0.0,0.0
2026-08-10 00:00:00-04:00,354.239990234375,355.92999267578125,351.4700012207031,355.8399963378906,12789500,0.0,0.0
2026-08-11 00:00:00-04:00,354.0,355.0,342.57000732421875,343.0,18390200,0.0,0.0
2026-08-12 00:00:00-04:00,345.3299865722656,345.5,339.82000732421875,342.3699951171875,15608800,0.0,0.0
2026-08-13 00:00:00-04:00,344.57000732421875,345.8299865722656,342.3999938964844,343.94000244140625,14966700,0.0,0.0
