Date,Open,High,Low,Close,Volume,Dividends,Stock Splits
2006-08-14 00:00:00-04:00,31.112069038845164,31.30024573989305,30.969510075063337,31.03223419189453,2694600,0.0,0.0
2006-08-15 00:00:00-04:00,31.431405770221993,31.636691065591293,31.25463401331432,31.52834701538086,2718200,0.0,0.0
2006-08-16 00:00:00-04:00,31.779231952889784,31.85906459443734,31.613863095240514,31.682292938232422,2322500,0.0,0.0
2006-08-17 00:00:00-04:00,31.568260054539735,31.984532004231554,31.499832355005047,31.904699325561523,2972600,0.0,0.0
2006-08-18 00:00:00-04:00,31.419987967237784,31.45420289426191,30.752813204842507,31.38007164001465,6831300,0.0,0.0
2006-08-21 00:00:00-04:00,31.362958532615,31.528327381489625,31.169078338311422,31.294530868530273,2789800,0.0,0.0
2006-08-22 00:00:00-04:00,31.22040853340431,31.3515625,31.020826883210177,31.3515625,2566300,0.0,0.0
2006-08-23 00:00:00-04:00,31.465606929521925,31.62527223364254,31.23181037336962,31.391475677490234,2418500,0.0,0.0
2006-08-24 00:00:00-04:00,31.39149354301959,31.659505177704244,31.334470809174196,31.499839782714844,2289400,0.0,0.0
2006-08-25 00:00:00-04:00,31.31733621410344,31.419978789918723,31.163374525656568,31.397171020507812,2255000,0.0,0.0
2006-08-28 00:00:00-04:00,31.357265198891614,32.07576129477274,31.357265198891614,31.841964721679688,2783800,0.0,0.0
2006-08-29 00:00:00-04:00,31.916110375602646,32.16131203545997,31.876194028674966,31.995943069458008,3289200,0.0,0.0
2006-08-30 00:00:00-04:00,31.995933842752656,32.10998144763417,31.81345854505309,31.967422485351562,3539300,0.0,0.0
2006-08-31 00:00:00-04:00,32.01875171670377,32.0415595030985,31.893299102783203,31.893299102783203,2628600,0.0,0.0
2006-09-01 00:00:00-04:00,31.933198928833008,32.041542927813424,31.693700980999505,31.933198928833008,3722400,0.0,0.0
2006-09-05 00:00:00-04:00,32.05867380173446,32.07007878461259,31.608186766799346,31.773555755615234,2510300,0.0,0.0
2006-09-06 00:00:00-04:00,31.648091928140694,31.665198308769877,31.340164025151694,31.57966423034668,2813900,0.0,0.0
2006-09-07 00:00:00-04:00,31.579660831267184,31.613873588843052,31.203305270993233,31.28883934020996,2080100,0.0,0.0
2006-09-08 00:00:00-04:00,31.402892148378136,31.659498749133277,31.163394104524947,31.5112361907959,2339300,0.0,0.0
2006-09-11 00:00:00-04:00,31.305947010323916,31.48842229649972,30.775627530101424,30.940994262695312,7760100,0.0,0.0
2006-09-12 00:00:00-04:00,31.277427229591932,31.682296229215773,31.1975945797518,31.44849967956543,7589300,0.0,0.0
2006-09-13 00:00:00-04:00,31.58536204405626,31.722219599374657,31.305947707560218,31.48271942138672,4589700,0.0,0.0
2006-09-14 00:00:00-04:00,31.248923087099765,31.465613311841924,31.248923087099765,31.357269287109375,4584300,0.0,0.0
2006-09-15 00:00:00-04:00,31.499835190424694,31.64239417953269,31.060753242938766,31.248929977416992,18261400,0.0,0.0
2006-09-18 00:00:00-04:00,31.237510904671865,31.56824865432563,31.237510904671865,31.44849967956543,4754500,0.0,0.0
2006-09-19 00:00:00-04:00,31.534035885549226,31.534035885549226,31.191895312760042,31.374370574951172,3144800,0.0,0.0
2006-09-20 00:00:00-04:00,31.591065836423795,31.961717820573504,31.40859054493657,31.790647506713867,4909800,0.0,0.0
2006-09-21 00:00:00-04:00,32.047261186681034,32.28105784180813,31.82486951171594,31.916107177734375,4653100,0.0,0.0
2006-09-22 00:00:00-04:00,31.762145086083375,31.92751404529181,31.591074724095673,31.893299102783203,2513100,0.0,0.0
2006-09-25 00:00:00-04:00,31.9902314016606,32.40650550054614,31.779244739070563,32.263946533203125,4091400,0.0,0.0
2006-09-26 00:00:00-04:00,32.33236983652567,32.53765506965868,32.04725194056915,32.417903900146484,4049900,0.0,0.0
2006-09-27 00:00:00-04:00,32.286752202881665,32.61749002961685,32.269645824008144,32.5091438293457,3003700,0.0,0.0
2006-09-28 00:00:00-04:00,32.68021168554707,32.703019462385555,32.34947390570633,32.6859130859375,2709800,0.0,0.0
2006-09-29 00:00:00-04:00,31.933208800198734,32.64600363948889,31.80775621239496,32.50344467163086,6465300,0.0,0.0
2006-10-02 00:00:00-04:00,32.39509867283801,32.58327536784449,32.22402618157037,32.38369369506836,3143500,0.0,0.0
2006-10-03 00:00:00-04:00,32.38940554005652,32.640310781337284,32.25255011324682,32.32667922973633,2891200,0.0,0.0
2006-10-04 00:00:00-04:00,32.21831132222047,33.0394498011387,32.21831132222047,32.8455696105957,6750400,0.0,0.0
2006-10-05 00:00:00-04:00,32.84558714111944,33.01665965223313,32.6117905079117,32.936824798583984,3671800,0.0,0.0
2006-10-06 00:00:00-04:00,32.76573667114502,32.89118919776779,32.54904871187535,32.82276153564453,3339200,0.0,0.0
2006-10-09 00:00:00-04:00,32.72583043447411,32.91971068294287,32.66310415184057,32.79425811767578,1518000,0.0,0.0
2006-10-10 00:00:00-04:00,32.72582110120228,32.822762285427835,32.40078697959673,32.64598846435547,2821600,0.0,0.0
2006-10-11 00:00:00-04:00,32.549059853512844,32.64029749266681,32.34947602236066,32.537654876708984,3794300,0.0,0.0
2006-10-12 00:00:00-04:00,32.537648117746315,32.931109947000564,32.50343319444212,32.81706237792969,4319400,0.0,0.0
2006-10-13 00:00:00-04:00,32.63459147691883,32.76004403710575,32.5148424923459,32.71442413330078,2776600,0.0,0.0
2006-10-16 00:00:00-04:00,32.71442997127176,32.976740114406745,32.64600227862996,32.879798889160156,2493300,0.0,0.0
2006-10-17 00:00:00-04:00,32.76574108061162,33.073668864520045,32.51483816887685,32.81706237792969,3237000,0.0,0.0
2006-10-18 00:00:00-04:00,32.925416806930336,33.347390090487345,32.891201875043144,33.21623611450195,4699800,0.0,0.0
2006-10-19 00:00:00-04:00,32.64600224183959,33.19342813291135,32.40080065359924,32.782859802246094,6121600,0.0,0.0
2006-10-20 00:00:00-04:00,32.76575498690193,32.79996992472748,32.229734012632655,32.64030456542969,4776100,0.0,0.0
2006-10-23 00:00:00-04:00,32.429308389240674,33.1021867875993,32.36088070431788,33.02235412597656,3885100,0.0,0.0
2006-10-24 00:00:00-04:00,32.81707674291355,32.97674427961446,32.72013768069997,32.9482307434082,3748200,0.0,0.0
2006-10-25 00:00:00-04:00,32.92541876400085,33.016656412512816,32.65740721981323,32.782859802246094,3309300,0.0,0.0
2006-10-26 00:00:00-04:00,32.62889927335119,32.93112360777535,32.395102638644744,32.66881561279297,3936400,0.0,0.0
2006-10-27 00:00:00-04:00,32.446401649986186,32.703005891328665,32.269627857365585,32.520530700683594,4214000,0.0,0.0
2006-10-30 00:00:00-05:00,32.452127619327655,32.57187664599293,32.10428334401446,32.11568832397461,3780700,0.0,0.0
2006-10-31 00:00:00-05:00,32.269645446153504,32.30956177990904,31.898991289535484,31.938907623291016,3847000,0.0,0.0
2006-11-01 00:00:00-05:00,32.07577160238333,32.127092923958244,31.727927331184198,31.92751121520996,5348100,0.0,0.0
2006-11-02 00:00:00-05:00,31.933208892677342,32.29815950340644,31.90469753407861,32.144195556640625,5291100,0.0,0.0
2006-11-03 00:00:00-05:00,32.04725421363265,32.184109595243655,31.904695255542894,31.97882652282715,3159700,0.0,0.0
2006-11-06 00:00:00-05:00,31.97882858103809,32.33807561234653,31.870482373739208,32.31526565551758,3601000,0.0,0.0
2006-11-07 00:00:00-05:00,32.360888540610496,32.77716050221413,32.22973453971708,32.492042541503906,5023700,0.0,0.0
2006-11-08 00:00:00-05:00,32.189810431656056,32.33807077832725,31.773538570501177,32.20691680908203,5708300,0.0,0.0
2006-11-09 00:00:00-05:00,32.10998032646371,32.13278810642194,31.12917400411709,31.28883934020996,11254400,0.0,0.0
2006-11-10 00:00:00-05:00,31.28881877028975,31.414271266331674,30.758499623736057,30.872547149658203,5895200,0.0,0.0
2006-11-13 00:00:00-05:00,30.947249559535656,31.274703117255026,30.79788566309819,31.0564022064209,5647000,0.4,0.0
2006-11-14 00:00:00-05:00,31.154052081189096,31.154052081189096,30.654255063610158,30.935749053955078,7396500,0.0,0.0
2006-11-15 00:00:00-05:00,31.02192668666699,31.355126210391273,30.912776252068223,31.23448371887207,6522900,0.0,0.0
2006-11-16 00:00:00-05:00,30.84958043705877,31.481507642383136,30.84958043705877,31.3436336517334,5852800,0.0,0.0
2006-11-17 00:00:00-05:00,31.34362902272335,31.59639942922897,31.19426299819988,31.33788299560547,6100500,0.0,0.0
2006-11-20 00:00:00-05:00,31.165538014706154,31.360861289922447,30.981704601734016,31.24022102355957,4203900,0.0,0.0
2006-11-21 00:00:00-05:00,31.113854273337815,31.240240645941185,30.820870272220077,31.050661087036133,5901500,0.0,0.0
2006-11-22 00:00:00-05:00,30.9357531792206,31.165546100790475,30.907029611891296,31.039159774780273,3452500,0.0,0.0
2006-11-24 00:00:00-05:00,30.964475631713867,31.188522501014127,30.89553644772342,30.964475631713867,1668000,0.0,0.0
2006-11-27 00:00:00-05:00,30.912773617377454,31.056393636093535,30.671490846371302,30.780643463134766,4973300,0.0,0.0
2006-11-28 00:00:00-05:00,30.66575489896747,31.17704194649606,30.66575489896747,30.8610782623291,4695800,0.0,0.0
2006-11-29 00:00:00-05:00,30.987455384760942,31.217248298231123,30.878304956169806,31.044904708862305,3561100,0.0,0.0
2006-11-30 00:00:00-05:00,30.987465153028634,31.142575089796612,30.70597104633249,30.78639793395996,4946800,0.0,0.0
2006-12-01 00:00:00-05:00,30.705975395235512,30.86108535397179,30.585335046707954,30.6772518157959,4248000,0.0,0.0
2006-12-04 00:00:00-05:00,30.786389314227584,31.056395668352028,30.619789555662813,31.039159774780273,4569700,0.0,0.0
2006-12-05 00:00:00-05:00,31.15407339220174,31.475783221272536,30.84385343468372,31.42407989501953,5445100,0.0,0.0
2006-12-06 00:00:00-05:00,31.268951247270973,31.55044526210785,31.079371767041245,31.51597785949707,4757900,0.0,0.0
2006-12-07 00:00:00-05:00,31.07937482798192,31.366614899188658,30.92426711802197,31.016183853149414,5768500,0.0,0.0
2006-12-08 00:00:00-05:00,30.907036116961265,31.090869616321907,30.79213963199382,31.02193260192871,4338200,0.0,0.0
2006-12-11 00:00:00-05:00,30.964494977269116,31.113858919630935,30.878322039176897,31.010452270507812,3309800,0.0,0.0
2006-12-12 00:00:00-05:00,31.06788221623206,31.096605780494343,30.763406298942947,30.964475631713867,3704000,0.0,0.0
2006-12-13 00:00:00-05:00,31.131077806271097,31.136823834857747,30.72319743533111,30.84383773803711,4259400,0.0,0.0
2006-12-14 00:00:00-05:00,30.786389023354662,31.12533237416061,30.786389023354662,31.00469207763672,3035200,0.0,0.0
2006-12-15 00:00:00-05:00,31.016189621315164,31.349387026317345,30.884057235495355,31.320663452148438,6476300,0.0,0.0
2006-12-18 00:00:00-05:00,30.780649688757716,31.050653888356425,30.407236687983232,30.579580307006836,10482100,0.0,0.0
2006-12-19 00:00:00-05:00,30.378505366794823,30.44744235852399,30.06828561681239,30.22913932800293,8798300,0.0,0.0
2006-12-20 00:00:00-05:00,30.160195986618277,30.367009109732663,30.03380970216682,30.10274887084961,5643800,0.0,0.0
2006-12-21 00:00:00-05:00,29.941906191399244,30.102762131048777,29.694879540138704,29.752328872680664,7315800,0.0,0.0
2006-12-22 00:00:00-05:00,29.809773475326107,29.815519503824984,29.37316954252567,29.499553680419922,8505200,0.0,0.0
2006-12-26 00:00:00-05:00,29.528281147956683,30.332552058366165,29.442108247231285,29.74658203125,12240000,0.0,0.0
2006-12-27 00:00:00-05:00,29.867217208356333,30.045304612042923,29.528273908848718,29.872961044311523,6117400,0.0,0.0
2006-12-28 00:00:00-05:00,29.746589124291862,29.918934966838336,29.70637567875593,29.878719329833984,3394100,0.0,0.0
2006-12-29 00:00:00-05:00,29.717862844594915,29.999359129210347,29.70637297670569,29.930419921875,4311300,0.0,0.0
2007-01-03 00:00:00-05:00,30.131498083329657,30.37852483609932,29.827021974410737,30.0166015625,10305500,0.0,0.0
2007-01-04 00:00:00-05:00,29.86723679682798,30.16596467470094,29.815533473452124,30.07979393005371,6827100,0.0,0.0
2007-01-05 00:00:00-05:00,30.171706326922685,30.20617593466011,29.79829324657358,29.89595603942871,4114400,0.0,0.0
2007-01-08 00:00:00-05:00,29.993608677748785,29.993608677748785,29.72934832965966,29.758071899414062,3804200,0.0,0.0
2007-01-09 00:00:00-05:00,29.89595658046486,29.930423997357572,29.729356760588345,29.77531623840332,6272000,0.0,0.0
2007-01-10 00:00:00-05:00,29.63743891312482,29.77531515006161,29.62594904409105,29.67765235900879,3400300,0.0,0.0
2007-01-11 00:00:00-05:00,29.73507873648889,30.062534296483474,29.677631622927404,30.005084991455078,4432200,0.0,0.0
2007-01-12 00:00:00-05:00,30.102759004322014,30.401486736639995,30.028075975508653,30.217653274536133,5533100,0.0,0.0
2007-01-16 00:00:00-05:00,30.332557677586422,30.390007019202027,30.16595787410363,30.378517150878906,4181300,0.0,0.0
2007-01-17 00:00:00-05:00,30.37850679688529,30.545104352117857,30.183183484901452,30.361270904541016,5018000,0.0,0.0
2007-01-18 00:00:00-05:00,30.21765200869484,30.568085215984073,30.21765200869484,30.47042465209961,3943000,0.0,0.0
2007-01-19 00:00:00-05:00,30.6197789006259,30.70595176409519,30.349774831924886,30.424455642700195,3837200,0.0,0.0
2007-01-22 00:00:00-05:00,30.200418781608484,30.516382399360396,30.171695214806977,30.292335510253906,5872300,0.0,0.0
2007-01-23 00:00:00-05:00,30.361270296431282,30.41871961731561,30.14296945147338,30.246376037597656,4397700,0.0,0.0
2007-01-24 00:00:00-05:00,30.298090019863515,30.677246905597038,30.263620415172,30.637033462524414,3934000,0.0,0.0
2007-01-25 00:00:00-05:00,30.562331032315615,30.619778145567242,30.36126175300112,30.522117614746094,5061100,0.0,0.0
2007-01-26 00:00:00-05:00,30.476172810526265,30.70596575685007,30.217656293778973,30.32680892944336,3966100,0.0,0.0
2007-01-29 00:00:00-05:00,30.389996661292287,30.447443791859715,30.18892732137117,30.361270904541016,3472700,0.0,0.0
2007-01-30 00:00:00-05:00,30.372762373885195,30.44744540074325,30.217652483395852,30.292335510253906,2671200,0.0,0.0
2007-01-31 00:00:00-05:00,30.27511644576328,31.234497627871082,30.188943512228533,31.090877532958984,10521200,0.0,0.0
2007-02-01 00:00:00-05:00,31.395326942656027,31.619373749674885,31.309154082356372,31.464263916015625,6648100,0.0,0.0
2007-02-02 00:00:00-05:00,31.41259195057847,31.47003912039769,31.2345022177884,31.36663246154785,4973400,0.0,0.0
2007-02-05 00:00:00-05:00,31.268957719417077,31.435557504744555,31.039164760933108,31.406831741333008,5090500,0.0,0.0
2007-02-06 00:00:00-05:00,31.36662101765287,31.49300737490683,31.245980690165865,31.38960075378418,4486200,0.0,0.0
2007-02-07 00:00:00-05:00,31.424075822798684,31.470033111585273,31.217262544587435,31.263219833374023,4679100,0.0,0.0
2007-02-08 00:00:00-05:00,31.050653753095414,31.435556618990518,31.050653753095414,31.14257049560547,3124600,0.0,0.0
2007-02-09 00:00:00-05:00,31.13683619084952,31.424076373068672,31.085132870391327,31.154069900512695,3591600,0.0,0.0
2007-02-12 00:00:00-05:00,31.452798300598282,31.452798300598282,31.154068263808153,31.257474899291992,3300400,0.0,0.0
2007-02-13 00:00:00-05:00,31.491964821889628,31.555655489116166,31.29510376351696,31.428274154663086,3356500,0.425,0.0
2007-02-14 00:00:00-05:00,31.48037160867134,31.78145323399173,31.39931159583887,31.764083862304688,3773400,0.0,0.0
2007-02-15 00:00:00-05:00,31.758304117249615,31.908846088867673,31.70040471814759,31.82199478149414,3092000,0.0,0.0
2007-02-16 00:00:00-05:00,31.706190518190446,31.86831279472227,31.59618078770693,31.83936309814453,3680800,0.0,0.0
2007-02-20 00:00:00-05:00,31.862528066171805,31.960959705191836,31.706197022119326,31.827789306640625,3228800,0.0,0.0
2007-02-21 00:00:00-05:00,31.642510760104724,31.729359873691823,31.480388439044564,31.56723976135254,3370600,0.0,0.0
2007-02-22 00:00:00-05:00,31.613531441668364,31.613531441668364,31.27191992343239,31.347190856933594,3344100,0.0,0.0
2007-02-23 00:00:00-05:00,31.26615103161491,31.474592391887604,31.121400332394472,31.387741088867188,3380500,0.0,0.0
2007-02-26 00:00:00-05:00,31.532482350401917,31.64828331686307,31.41089232954159,31.497743606567383,3847900,0.0,0.0
2007-02-27 00:00:00-05:00,31.09823084993805,31.567223777228065,30.443959465734153,30.6871395111084,8073700,0.0,0.0
2007-02-28 00:00:00-05:00,30.988223567079963,30.988223567079963,30.28183959368867,30.449750900268555,7682500,0.0,0.0
2007-03-01 00:00:00-05:00,30.11393751290239,30.409230205798565,30.05024905418576,30.252899169921875,6262800,0.0,0.0
2007-03-02 00:00:00-05:00,30.189206006103653,30.218155704711986,29.940234622375247,29.9749755859375,6537200,0.0,0.0
2007-03-05 00:00:00-05:00,29.807071480149737,30.166052689252968,29.65074041923681,29.893922805786133,7562800,0.0,0.0
2007-03-06 00:00:00-05:00,29.963390984343086,30.27026172145027,29.85338126185865,30.24131202697754,5054300,0.0,0.0
2007-03-07 00:00:00-05:00,30.148670573445763,30.36290095514921,29.905490498331584,30.027080535888672,4844600,0.0,0.0
2007-03-08 00:00:00-05:00,30.171831051070978,30.333951100284207,30.10814040067435,30.31658172607422,3296500,0.0,0.0
2007-03-09 00:00:00-05:00,30.426590263074104,30.640820635322964,30.328160868077575,30.449750900268555,5052100,0.0,0.0
2007-03-12 00:00:00-04:00,30.333959017043817,30.71031175376331,30.252898971281613,30.57135009765625,3643200,0.0,0.0
2007-03-13 00:00:00-04:00,30.32238399191028,30.617676734451457,30.10815351801245,30.148683547973633,5432200,0.0,0.0
2007-03-14 00:00:00-04:00,30.25868827249568,30.281848916820795,29.73179576206259,30.050249099731445,5342900,0.0,0.0
2007-03-15 00:00:00-04:00,29.963397896749594,30.16025895678721,29.83601656121919,30.13709831237793,3769600,0.0,0.0
2007-03-16 00:00:00-04:00,30.195006258278415,30.3513351190371,29.986564832305394,30.21237564086914,6181800,0.0,0.0
2007-03-19 00:00:00-04:00,30.24131937797954,30.525031753704862,30.17762870942565,30.50187110900879,3265300,0.0,0.0
2007-03-20 00:00:00-04:00,30.455552045562285,30.617674361563424,30.328172907865223,30.553983688354492,3532300,0.0,0.0
2007-03-21 00:00:00-04:00,30.484505341410802,31.21404806600252,30.484505341410802,31.161937713623047,6668200,0.0,0.0
2007-03-22 00:00:00-04:00,30.687157279332748,31.42828037098628,30.687157279332748,31.36458969116211,4229700,0.0,0.0
2007-03-23 00:00:00-04:00,31.26036578867456,31.393536183155263,30.912962742936468,31.156145095825195,3956100,0.0,0.0
2007-03-26 00:00:00-04:00,30.970862683980588,31.242992515098063,30.802951331369027,31.098241806030273,5206300,0.0,0.0
2007-03-27 00:00:00-04:00,30.918752050293595,31.034550849484994,30.721890999459497,30.843481063842773,4548400,0.0,0.0
2007-03-28 00:00:00-04:00,30.8492784593269,30.889808491743857,30.46713657602339,30.692947387695312,5457700,0.0,0.0
2007-03-29 00:00:00-04:00,30.802955207262414,30.999816284714186,30.530823133182402,30.924545288085938,5333000,0.0,0.0
2007-03-30 00:00:00-04:00,30.976651740506263,31.312474445729386,30.802951331369027,31.098241806030273,3728100,0.0,0.0
2007-04-02 00:00:00-04:00,31.243004294141834,31.549877414990906,31.208265524449715,31.491975784301758,6021300,0.0,0.0
2007-04-03 00:00:00-04:00,31.352998645044597,31.798828802504747,31.329838005801957,31.70039939880371,4308200,0.0,0.0
2007-04-04 00:00:00-04:00,31.64250895047344,31.984120745309394,31.555657633132483,31.93779945373535,4346000,0.0,0.0
2007-04-05 00:00:00-04:00,31.93201139535841,32.20414126134446,31.879901045068173,32.12308120727539,2997000,0.0,0.0
2007-04-09 00:00:00-04:00,32.09412936809442,32.267829787931,32.00148899693353,32.18098068237305,2295500,0.0,0.0
2007-04-10 00:00:00-04:00,32.088341970434705,32.26783367751023,32.042022883631276,32.23888397216797,2985200,0.0,0.0
2007-04-11 00:00:00-04:00,32.26203091762808,32.27361123659079,32.013059581729834,32.18675994873047,3776900,0.0,0.0
2007-04-12 00:00:00-04:00,32.19253953515381,32.47625174449274,32.134640166090044,32.389400482177734,4002300,0.0,0.0
2007-04-13 00:00:00-04:00,32.563120031366616,33.0031612089827,32.53995938814458,32.93368148803711,6485200,0.0,0.0
2007-04-16 00:00:00-04:00,33.408452745945155,33.8600740980331,33.008939511049086,33.81375503540039,10756500,0.0,0.0
2007-04-17 00:00:00-04:00,33.81376571371538,34.213276866056425,33.779024749229876,34.08589553833008,9278900,0.0,0.0
2007-04-18 00:00:00-04:00,33.906405167502314,34.36960697128231,33.84271450534748,34.242225646972656,6871500,0.0,0.0
2007-04-19 00:00:00-04:00,34.21907093749827,34.90229454480108,33.95852139619329,34.75175476074219,9921500,0.0,0.0
2007-04-20 00:00:00-04:00,34.93705644350778,35.319198502895134,34.76914496971218,35.06443786621094,9630000,0.0,0.0
2007-04-23 00:00:00-04:00,34.86176814341909,34.9022981744468,34.3175061491034,34.52594757080078,7704300,0.0,0.0
2007-04-24 00:00:00-04:00,34.17274059998816,34.45066163891959,34.10326089243532,34.323280334472656,5043500,0.0,0.0
2007-04-25 00:00:00-04:00,34.50856939088471,34.5259409785233,34.224859227861494,34.456459045410156,4655800,0.0,0.0
2007-04-26 00:00:00-04:00,34.09168036448101,34.67068307755912,34.09168036448101,34.583831787109375,6101200,0.0,0.0
2007-04-27 00:00:00-04:00,34.16695927890259,34.566472683214414,34.15538116487449,34.51436233520508,2967600,0.0,0.0
2007-04-30 00:00:00-04:00,34.7285864151251,34.7285864151251,34.12063393899354,34.23643493652344,5198200,0.0,0.0
2007-05-01 00:00:00-04:00,34.23063585884841,34.38696683852382,34.02219455261453,34.09746551513672,7409300,0.0,0.0
2007-05-02 00:00:00-04:00,34.161162899760576,34.444875224493806,34.027992529774046,34.25380325317383,4561500,0.0,0.0
2007-05-03 00:00:00-04:00,34.42171731225259,34.5085664080561,34.14379622998459,34.242225646972656,4140300,0.0,0.0
2007-05-04 00:00:00-04:00,34.21327565940976,34.58962836420761,34.11484403453262,34.47382736206055,6180400,0.0,0.0
2007-05-07 00:00:00-04:00,34.4796170792904,34.71700814431898,34.47382802299624,34.57804870605469,4577200,0.0,0.0
2007-05-08 00:00:00-04:00,34.53173074762716,34.722802754549114,34.42172099767615,34.64174270629883,8457300,0.0,0.0
2007-05-09 00:00:00-04:00,34.49699901921137,34.61279784961288,34.38698703812038,34.595428466796875,4803800,0.0,0.0
2007-05-10 00:00:00-04:00,34.433302866945034,34.496993538780195,33.95272940398577,33.99325942993164,6166400,0.0,0.0
2007-05-11 00:00:00-04:00,34.241129696267144,34.241129696267144,33.76871900149669,34.07782745361328,7569800,0.425,0.0
2007-05-14 00:00:00-04:00,34.083665692077986,34.614400314047344,34.083665692077986,34.53274917602539,4713200,0.0,0.0
2007-05-15 00:00:00-04:00,34.509407968266586,34.76019479295807,34.45691987571925,34.550235748291016,4076700,0.0,0.0
2007-05-16 00:00:00-04:00,34.56189720176744,34.684376088347946,34.340273401875876,34.47441482543945,3938700,0.0,0.0
2007-05-17 00:00:00-04:00,34.23528526330385,34.50939931881477,34.21778701201461,34.42191696166992,2789700,0.0,0.0
2007-05-18 00:00:00-04:00,34.474411602062226,34.75435918482302,34.41025653052475,34.62604904174805,3042100,0.0,0.0
2007-05-21 00:00:00-04:00,34.64354268476378,34.92932149743851,34.521063825935,34.7718505859375,6823500,0.0,0.0
2007-05-22 00:00:00-04:00,34.98766842830936,34.99349969933546,34.64356559227282,34.719383239746094,3095700,0.0,0.0
2007-05-23 00:00:00-04:00,34.71354486432118,34.847686318736315,34.579403409906035,34.643558502197266,2914100,0.0,0.0
2007-05-24 00:00:00-04:00,34.935152072528126,34.935152072528126,34.45690811078575,34.521060943603516,3900900,0.0,0.0
2007-05-25 00:00:00-04:00,34.17697567718644,34.70187893760168,34.17697567718644,34.6202278137207,1821600,0.0,0.0
2007-05-29 00:00:00-04:00,34.58522721984085,34.72520213872297,34.2936148449268,34.67854309082031,3201700,0.0,0.0
2007-05-30 00:00:00-04:00,34.41609209569482,34.567731779140125,34.13031320930512,34.550235748291016,5105800,0.0,0.0
2007-05-31 00:00:00-04:00,34.556069022724905,34.637720137861294,34.04866407521593,34.188636779785156,5378500,0.0,0.0
2007-06-01 00:00:00-04:00,34.25279416257895,34.386935607140735,34.07199366347768,34.37527084350586,3851300,0.0,0.0
2007-06-04 00:00:00-04:00,34.37527182192292,34.5444075622034,34.25862863190654,34.50358200073242,4873700,0.0,0.0
2007-06-05 00:00:00-04:00,34.51523987675171,34.53273590679736,34.252788301937876,34.41025924682617,5278100,0.0,0.0
2007-06-06 00:00:00-04:00,34.26446057537597,34.52107871321579,33.914526548792004,33.996177673339844,5925400,0.0,0.0
2007-06-07 00:00:00-04:00,33.87952834234415,33.92035389990179,33.07467750438814,33.20298767089844,12166200,0.0,0.0
2007-06-08 00:00:00-04:00,33.1330126348617,33.33130922136462,32.893890476857614,33.255489349365234,6994900,0.0,0.0
2007-06-11 00:00:00-04:00,33.2846352235619,33.64040266548013,33.12133301080958,33.42461013793945,4952000,0.0,0.0
2007-06-12 00:00:00-04:00,33.17382521513203,33.40711378594801,33.004689499532944,33.115501403808594,4326900,0.0,0.0
2007-06-13 00:00:00-04:00,33.20883560180664,33.430461757477644,32.88223097747794,33.20883560180664,5704000,0.0,0.0
2007-06-14 00:00:00-04:00,33.27297359548189,33.69289615333545,33.12716739898563,33.46543884277344,4829700,0.0,0.0
2007-06-15 00:00:00-04:00,33.82702516008246,33.98449606142738,33.541244141013856,33.66372299194336,4939200,0.0,0.0
2007-06-18 00:00:00-04:00,33.6637143426659,33.82701646884749,33.37210213172755,33.482913970947266,3045200,0.0,0.0
2007-06-19 00:00:00-04:00,33.54126131926407,33.768720887584244,33.47710845237134,33.681236267089844,4120800,0.0,0.0
2007-06-20 00:00:00-04:00,33.582081571668766,33.78620934058375,33.06300968460842,33.10966873168945,4817200,0.0,0.0
2007-06-21 00:00:00-04:00,33.20881703709967,33.20881703709967,32.71890814965298,33.132999420166016,4107000,0.0,0.0
2007-06-22 00:00:00-04:00,33.04550353206399,33.10965858973591,32.41562216319223,32.54393005371094,5704300,0.0,0.0
2007-06-25 00:00:00-04:00,32.80055947040995,32.86471232122316,32.25232680573204,32.35730743408203,5931300,0.0,0.0
2007-06-26 00:00:00-04:00,32.567270357261094,32.707245277165576,32.298987504338875,32.58476638793945,4988000,0.0,0.0
2007-06-27 00:00:00-04:00,32.31649814149402,32.89389188793603,32.3106668702409,32.847232818603516,5067200,0.0,0.0
2007-06-28 00:00:00-04:00,32.87637585738289,33.068841077126606,32.71890492072685,32.76556396484375,3416800,0.0,0.0
2007-06-29 00:00:00-04:00,32.67224634334661,32.89970360911288,32.38063400778459,32.59059524536133,4410400,0.0,0.0
2007-07-02 00:00:00-04:00,32.80057052203885,33.08634948730469,32.718917164279254,33.08634948730469,3610900,0.0,0.0
2007-07-03 00:00:00-04:00,33.226310882092186,33.24380691062727,32.98135535847298,33.12133026123047,1495700,0.0,0.0
2007-07-05 00:00:00-04:00,33.138835356025986,33.220486477962304,32.89971325971553,32.98719787597656,2675700,0.0,0.0
2007-07-06 00:00:00-04:00,33.045512570225455,33.10383415233755,32.77722973278864,33.03384780883789,3312100,0.0,0.0
2007-07-09 00:00:00-04:00,33.11549923598146,33.17382304348686,32.65475339323049,32.68391418457031,5284200,0.0,0.0
2007-07-10 00:00:00-04:00,32.48562024693258,32.68974802721205,32.32231579788306,32.333980560302734,4202000,0.0,0.0
2007-07-11 00:00:00-04:00,32.24649290945489,32.555601276168936,32.16484181068708,32.520606994628906,3505200,0.0,0.0
2007-07-12 00:00:00-04:00,32.54393684649105,33.19131660019641,32.45062098626126,33.12133026123047,4293000,0.0,0.0
2007-07-13 00:00:00-04:00,33.302127988669376,33.33129100222387,32.969690102543304,33.197147369384766,2894100,0.0,0.0
2007-07-16 00:00:00-04:00,33.033846991227435,33.42460870114922,33.033846991227435,33.17965316772461,3603200,0.0,0.0
2007-07-17 00:00:00-04:00,33.04552023502354,33.12717135884947,32.7772373353594,32.893882751464844,4295800,0.0,0.0
2007-07-18 00:00:00-04:00,32.7772276343853,32.80638842357446,32.52060734993917,32.68974304199219,5418300,0.0,0.0
2007-07-19 00:00:00-04:00,32.78304901062278,32.94635338549418,32.54976054267426,32.882198333740234,4696900,0.0,0.0
2007-07-20 00:00:00-04:00,32.52060297283916,32.9755196772981,32.52060297283916,32.67807388305664,6857900,0.0,0.0
2007-07-23 00:00:00-04:00,32.905537998134676,33.401280350508756,32.83555165391244,33.34295654296875,5888100,0.0,0.0
2007-07-24 00:00:00-04:00,33.89118920971595,34.37526457575625,33.33129400628652,33.34295654296875,10908500,0.0,0.0
2007-07-25 00:00:00-04:00,33.24381340490134,34.25862552986915,33.24381340490134,34.083656311035156,7315500,0.0,0.0
2007-07-26 00:00:00-04:00,33.76872567432793,33.937859219858225,32.91721555193603,33.06885528564453,8365400,0.0,0.0
2007-07-27 00:00:00-04:00,32.946360703208356,33.010513544386356,32.0831862831219,32.089019775390625,6353800,0.0,0.0
2007-07-30 00:00:00-04:00,32.042371105645756,32.112359686566634,31.63994677706838,31.94322395324707,5848100,0.0,0.0
2007-07-31 00:00:00-04:00,32.194002984852474,32.223163774072034,31.476636890888404,31.54662322998047,8272900,0.0,0.0
2007-08-01 00:00:00-04:00,31.260855861502783,31.919900665967656,31.22003029373144,31.61079216003418,6246400,0.0,0.0
2007-08-02 00:00:00-04:00,31.62827790019435,32.0307021764348,31.53496202926211,31.844070434570312,5113400,0.0,0.0
2007-08-03 00:00:00-04:00,31.867395613895116,32.246492539338035,31.546622490349485,31.5699520111084,5586200,0.0,0.0
2007-08-06 00:00:00-04:00,31.651613362776228,32.81806308069762,31.569962238493932,32.788902282714844,7400000,0.0,0.0
2007-08-07 00:00:00-04:00,32.56725905557316,33.43626461651993,32.555594297560276,32.96385192871094,7510100,0.0,0.0
2007-08-08 00:00:00-04:00,33.1213334374849,34.077821652771505,33.01051931326762,34.060325622558594,6724600,0.0,0.0
2007-08-09 00:00:00-04:00,33.95533862950842,34.42191788797947,33.56457697097145,33.73954391479492,8511800,0.0,0.0
2007-08-10 00:00:00-04:00,34.04281743527594,34.17695881903175,33.132988532440834,33.33711624145508,8071300,0.0,0.0
2007-08-13 00:00:00-04:00,33.316552066519236,33.61034881800267,33.08151376873596,33.451698303222656,4004700,0.425,0.0
2007-08-14 00:00:00-04:00,33.5222170778002,33.5222170778002,32.44104467879747,32.57619094848633,5378900,0.0,0.0
2007-08-15 00:00:00-04:00,32.5820820175591,32.928762506242506,32.25890582269999,32.423431396484375,4974600,0.0,0.0
2007-08-16 00:00:00-04:00,32.06497879079733,32.39990692397512,31.54202090711594,32.21775436401367,8893600,0.0,0.0
2007-08-17 00:00:00-04:00,32.62319550061436,32.940496568563034,32.24125878088078,32.79359817504883,6827500,0.0,0.0
2007-08-20 00:00:00-04:00,32.78185058860926,32.90524471834499,32.26476754398896,32.687835693359375,4859100,0.0,0.0
2007-08-21 00:00:00-04:00,32.60557028084098,32.68783302728866,32.200129256932094,32.482173919677734,4815500,0.0,0.0
2007-08-22 00:00:00-04:00,32.78185497694409,32.81123421536279,32.32940753252105,32.75247573852539,4696500,0.0,0.0
2007-08-23 00:00:00-04:00,32.89348926142814,32.90524140233654,32.64082383562657,32.828853607177734,2757700,0.0,0.0
2007-08-24 00:00:00-04:00,32.858230883012276,33.263671875,32.61144266309936,33.263671875,5599500,0.0,0.0
2007-08-27 00:00:00-04:00,33.15204176991949,33.275438173872544,33.08740833350624,33.13441467285156,3104400,0.0,0.0
2007-08-28 00:00:00-04:00,33.06391573895739,33.19906209443341,32.80537517737196,32.96402359008789,5497400,0.0,0.0
2007-08-29 00:00:00-04:00,32.9875213398226,33.122667668468075,32.69372438846473,33.09328842163086,5931500,0.0,0.0
2007-08-30 00:00:00-04:00,32.934631231797376,33.451714390699536,32.86412060514921,33.2989387512207,4664500,0.0,0.0
2007-08-31 00:00:00-04:00,33.45169434728224,33.77487028739751,33.39293590053076,33.698482513427734,5654600,0.0,0.0
2007-09-04 00:00:00-04:00,33.686751457894616,34.20970954753704,33.54572796873071,34.15682601928711,5677500,0.0,0.0
2007-09-05 00:00:00-04:00,34.01580535947845,34.01580535947845,33.557482904185115,33.66324996948242,4765200,0.0,0.0
2007-09-06 00:00:00-04:00,33.8454009058923,33.91591377352201,33.56335615985064,33.75726318359375,4073700,0.0,0.0
2007-09-07 00:00:00-04:00,33.416454452266045,33.68674926880777,32.911123491047725,33.0051383972168,5972700,0.0,0.0
2007-09-10 00:00:00-04:00,33.26955539434464,33.287184729945,32.787728729121284,32.987510681152344,4413200,0.0,0.0
2007-09-11 00:00:00-04:00,33.05801153349964,33.35180830313843,32.869981780250136,33.25779342651367,4067400,0.0,0.0
2007-09-12 00:00:00-04:00,33.1696690577527,33.57510795569629,33.069776950394434,33.52222442626953,4309900,0.0,0.0
2007-09-13 00:00:00-04:00,33.757245170800026,33.89826634782606,33.49870261043364,33.598594665527344,4756300,0.0,0.0
2007-09-14 00:00:00-04:00,33.44583581106512,33.59273425136283,33.23430393988997,33.38707733154297,4993000,0.0,0.0
2007-09-17 00:00:00-04:00,33.39294898801542,33.39294898801542,32.59969619702956,32.8758659362793,4384500,0.0,0.0
2007-09-18 00:00:00-04:00,32.9757504217913,33.639731781515714,32.84060417007599,33.575096130371094,4074900,0.0,0.0
2007-09-19 00:00:00-04:00,33.67497978134348,34.08041843510015,33.36355374384333,33.80424880981445,5495700,0.0,0.0
2007-09-20 00:00:00-04:00,33.80427522473464,33.874788104262855,33.539859771728516,33.539859771728516,3676300,0.0,0.0
2007-09-21 00:00:00-04:00,33.7866480230672,34.051065716763674,33.53985966994567,33.85715866088867,4892100,0.0,0.0
2007-09-24 00:00:00-04:00,34.015782800119155,34.1861854302525,33.64559831708593,33.80424880981445,3286500,0.0,0.0
2007-09-25 00:00:00-04:00,33.65149789074436,34.08044110463393,33.469343002040915,33.616241455078125,4537800,0.0,0.0
2007-09-26 00:00:00-04:00,33.816027752813866,34.08632040290967,33.68088142776597,33.72789001464844,5383700,0.0,0.0
2007-09-27 00:00:00-04:00,33.84540097016445,33.904161693300786,33.398830681790216,33.71025466918945,5710400,0.0,0.0
2007-09-28 00:00:00-04:00,33.59859667896437,33.74549505470609,33.34005634459583,33.451698303222656,4329200,0.0,0.0
2007-10-01 00:00:00-04:00,33.54573004168836,34.374237207806566,33.516350800065645,34.2508430480957,5629900,0.0,0.0
2007-10-02 00:00:00-04:00,34.3037226857104,34.41536468780091,34.05693215281004,34.32722473144531,2889400,0.0,0.0
2007-10-03 00:00:00-04:00,34.1098225783877,34.756177158931095,33.986428407722265,34.59752655029297,4101300,0.0,0.0
2007-10-04 00:00:00-04:00,34.609273244376205,34.91482002603692,34.609273244376205,34.644527435302734,4869200,0.0,0.0
2007-10-05 00:00:00-04:00,34.844314119829264,35.14986318434676,34.75617638908875,34.94420623779297,3760800,0.0,0.0
2007-10-08 00:00:00-04:00,34.826680359931785,34.90894312281714,34.61514626023107,34.66802978515625,2690300,0.0,0.0
2007-10-09 00:00:00-04:00,34.63866012524093,34.7738064504212,34.374242427500064,34.403621673583984,4175100,0.0,0.0
2007-10-10 00:00:00-04:00,34.391853390152086,34.60338744909274,34.19794866378432,34.315467834472656,4350000,0.0,0.0
2007-10-11 00:00:00-04:00,34.32721077191312,34.591628291959466,34.19206453755417,34.28607940673828,5115700,0.0,0.0
2007-10-12 00:00:00-04:00,34.28609010619218,34.538755566251886,34.06868107363801,34.3918571472168,2865400,0.0,0.0
2007-10-15 00:00:00-04:00,34.44475292509051,34.56227215043687,33.98055545928624,34.045188903808594,5585000,0.0,0.0
2007-10-16 00:00:00-04:00,34.04518728132865,34.05106447513691,33.4869749101484,33.580989837646484,6512400,0.0,0.0
2007-10-17 00:00:00-04:00,33.71612446521519,33.9687899155378,33.257799891273855,33.46345901489258,6062200,0.0,0.0
2007-10-18 00:00:00-04:00,33.55160874399447,33.74551579506675,33.06978195474497,33.287193298339844,8366700,0.0,0.0
2007-10-19 00:00:00-04:00,33.146155217508856,33.59272537171426,32.82885413238064,32.94049835205078,5634500,0.0,0.0
2007-10-22 00:00:00-04:00,32.8112203818894,33.240163358134794,32.746584739723836,32.95224380493164,5161000,0.0,0.0
2007-10-23 00:00:00-04:00,33.14617223930273,33.56924057006836,32.96989451531468,33.56924057006836,4417300,0.0,0.0
2007-10-24 00:00:00-04:00,33.1990575557975,33.345956040557674,32.634967912276785,32.99340057373047,5975500,0.0,0.0
2007-10-25 00:00:00-04:00,30.643003975711355,31.148332536732706,30.43734489203047,30.80752944946289,22843100,0.0,0.0
2007-10-26 00:00:00-04:00,30.860420449046075,31.001441677497066,30.572498558596273,30.954435348510742,9437100,0.0,0.0
2007-10-29 00:00:00-04:00,30.972057871813607,31.730054147745534,30.972057871813607,31.448009490966797,9798600,0.0,0.0
2007-10-30 00:00:00-04:00,31.248225610384033,31.788810608115696,31.195342100476235,31.547897338867188,5856400,0.0,0.0
2007-10-31 00:00:00-04:00,31.630173148698056,31.97685131495835,31.318746931959147,31.81820297241211,9714200,0.0,0.0
2007-11-01 00:00:00-04:00,31.530282327333047,31.724189351769855,30.907432109996748,31.00732421875,8103300,0.0,0.0
2007-11-02 00:00:00-04:00,31.195357014823845,31.436270399251864,30.860428705777394,30.948566436767578,11851300,0.0,0.0
2007-11-05 00:00:00-05:00,31.1777209263424,31.20122296960037,30.343336749655467,30.64888572692871,12322500,0.0,0.0
2007-11-06 00:00:00-05:00,30.67238666284875,30.930927042394533,30.554867493421863,30.836912155151367,7184400,0.0,0.0
2007-11-07 00:00:00-05:00,30.578375815935736,30.88979975079757,30.231695453139878,30.278701782226562,5961700,0.0,0.0
2007-11-08 00:00:00-05:00,30.313963556136212,30.53724982277834,30.06717300005967,30.33159065246582,8351900,0.0,0.0
2007-11-09 00:00:00-05:00,30.06717244845451,30.60188493656191,29.885019812410548,30.26695442199707,6833200,0.0,0.0
2007-11-12 00:00:00-05:00,30.272829370541565,31.095459251232178,30.114178793770925,30.848670959472656,6991600,0.0,0.0
2007-11-13 00:00:00-05:00,31.047115633205358,31.30776604880653,30.72130204875757,31.183364868164062,8527800,0.425,0.0
2007-11-14 00:00:00-05:00,31.248537531500205,31.74022176598222,31.1596782270223,31.414405822753906,6561200,0.0,0.0
2007-11-15 00:00:00-05:00,31.22482082269633,31.384766109400008,30.774606217733172,30.83976936340332,6006300,0.0,0.0
2007-11-16 00:00:00-05:00,30.987869688884835,31.15966078303046,30.425099681745436,30.691675186157227,6753200,0.0,0.0
2007-11-19 00:00:00-05:00,30.436965161615962,30.61468151305819,29.874194832227225,30.075607299804688,8647500,0.0,0.0
2007-11-20 00:00:00-05:00,30.18223624722878,30.205932362331293,29.54245469817642,29.826801300048828,6083400,0.0,0.0
2007-11-21 00:00:00-05:00,29.64315733060191,29.779406581036323,29.080387115478516,29.080387115478516,5995000,0.0,0.0
2007-11-23 00:00:00-05:00,29.578000544902828,30.105226706951456,29.33512100082022,30.08745574951172,2837200,0.0,0.0
2007-11-26 00:00:00-05:00,30.16446551508093,30.182238732764414,29.323273697742025,29.423978805541992,4981000,0.0,0.0
2007-11-27 00:00:00-05:00,29.51875582319023,30.271088141580496,29.37065851866237,30.15853500366211,6762700,0.0,0.0
2007-11-28 00:00:00-05:00,30.32440329913852,30.99972890684135,29.98081872729706,30.95825958251953,6086900,0.0,0.0
2007-11-29 00:00:00-05:00,30.798322940513916,31.461798372012208,30.71538653426387,31.272233963012695,6583800,0.0,0.0
2007-11-30 00:00:00-05:00,31.10635551814621,31.574343522784506,31.10635551814621,31.367008209228516,5926500,0.0,0.0
2007-12-03 00:00:00-05:00,31.284072712833886,31.36700683462183,30.92863785687583,31.118202209472656,4885700,0.0,0.0
2007-12-04 00:00:00-05:00,30.9937992927875,31.118200468509574,30.6561376673789,30.86939811706543,5450600,0.0,0.0
2007-12-05 00:00:00-05:00,31.21891117656199,31.864615492566678,31.011573601457098,31.686899185180664,4862700,0.0,0.0
2007-12-06 00:00:00-05:00,32.433314593476915,32.433314593476915,31.657283786941132,31.947555541992188,6523100,0.0,0.0
2007-12-07 00:00:00-05:00,32.31483391887317,32.37407420118058,31.823152004543054,32.1667366027832,4464800,0.0,0.0
2007-12-10 00:00:00-05:00,32.19042988241173,32.55178766343145,32.05418063477545,32.451080322265625,4606700,0.0,0.0
2007-12-11 00:00:00-05:00,32.43924122026482,32.782828142881286,31.989026289021524,32.02457046508789,5713500,0.0,0.0
2007-12-12 00:00:00-05:00,32.11340878819769,32.456995510446816,31.787595273510114,32.036399841308594,7299400,0.0,0.0
2007-12-13 00:00:00-05:00,31.817214704020667,32.14895337898366,31.68689065225133,32.095638275146484,5670200,0.0,0.0
2007-12-14 00:00:00-05:00,31.917914624702824,32.09563084307983,31.72242520263909,31.81720733642578,5029400,0.0,0.0
2007-12-17 00:00:00-05:00,31.686885787220486,31.94753611052519,31.372918108479812,31.503244400024414,4799000,0.0,0.0
2007-12-18 00:00:00-05:00,31.675051130050203,32.10156981581954,31.49733256287874,31.686899185180664,9406900,0.0,0.0
2007-12-19 00:00:00-05:00,31.627645536616352,31.83498302405408,31.224820871646223,31.503244400024414,6350400,0.0,0.0
2007-12-20 00:00:00-05:00,31.66913196051349,31.692828075254813,31.44402564982854,31.532882690429688,5556700,0.0,0.0
2007-12-21 00:00:00-05:00,31.752064959018675,32.16673791291713,31.633588909149804,32.12527084350586,7503300,0.0,0.0
2007-12-24 00:00:00-05:00,32.160822353007426,32.28522358962792,31.935713739275357,32.279300689697266,1468900,0.0,0.0
2007-12-26 00:00:00-05:00,32.113424354720934,32.22005461263851,31.97125218402143,32.172664642333984,2919600,0.0,0.0
2007-12-27 00:00:00-05:00,32.10749688417449,32.10749688417449,31.633585949678213,31.917932510375977,3369400,0.0,0.0
2007-12-28 00:00:00-05:00,31.82907802314148,32.07788271365195,31.81722996551851,32.01864242553711,3026600,0.0,0.0
2007-12-31 00:00:00-05:00,31.852759687739137,31.900149636945674,31.473631054947244,31.62765121459961,3970800,0.0,0.0
2008-01-02 00:00:00-05:00,31.669126657808103,31.858691024426125,30.92864014452348,31.13005256652832,5556800,0.0,0.0
2008-01-03 00:00:00-05:00,31.23075975139791,31.49141018924913,31.171519474759794,31.390705108642578,4513400,0.0,0.0
2008-01-04 00:00:00-05:00,31.124127571327445,31.29592097318114,30.614672522953224,30.685758590698242,6186500,0.0,0.0
2008-01-07 00:00:00-05:00,30.928632643560235,32.42145336347011,30.9049365385335,32.314823150634766,10376100,0.0,0.0
2008-01-08 00:00:00-05:00,32.47478673544544,33.89652219972016,32.23190717177535,33.2093505859375,12197900,0.0,0.0
2008-01-09 00:00:00-05:00,33.2034256405986,33.84320728158432,33.2034256405986,33.68326187133789,9577400,0.0,0.0
2008-01-10 00:00:00-05:00,33.49960229948322,33.837263897096896,33.215255809902494,33.67731857299805,6288300,0.0,0.0
2008-01-11 00:00:00-05:00,33.41667273288269,33.84319365514105,33.304119604969095,33.653629302978516,5360600,0.0,0.0
2008-01-14 00:00:00-05:00,33.89651028849469,34.07422659413301,33.70102077044274,33.8728141784668,5563800,0.0,0.0
2008-01-15 00:00:00-05:00,33.766175775775885,33.83726182887985,33.29818788495623,33.52329635620117,5884000,0.0,0.0
2008-01-16 00:00:00-05:00,33.35150878570627,33.866886714898314,33.13232543233717,33.21525955200195,7974400,0.0,0.0
2008-01-17 00:00:00-05:00,33.244890974974616,33.351521242881326,32.403699150139616,32.48663330078125,9679400,0.0,0.0
2008-01-18 00:00:00-05:00,32.397748188342305,32.64062754740723,31.63356822334275,31.81720733642578,10013600,0.0,0.0
2008-01-22 00:00:00-05:00,30.27108346678004,31.39662371128744,29.64907533577761,30.904939651489258,10933000,0.0,0.0
2008-01-23 00:00:00-05:00,30.057829937374237,30.928640551810158,29.7438621149529,30.910869598388672,8778300,0.0,0.0
2008-01-24 00:00:00-05:00,30.92863315862899,31.24852380246231,30.194071968846913,30.40140724182129,12998200,0.0,0.0
2008-01-25 00:00:00-05:00,30.638377822859542,30.656148780180292,29.8386508466354,30.057836532592773,9579100,0.0,0.0
2008-01-28 00:00:00-05:00,30.117060440236237,30.585048348367035,29.951192223596447,30.44879913330078,7076500,0.0,0.0
2008-01-29 00:00:00-05:00,31.349242019149223,31.349242019149223,30.816092982098226,30.987886428833008,9264300,0.0,0.0
2008-01-30 00:00:00-05:00,30.92273140532559,31.01158847173346,30.330341923460296,30.419198989868164,7358300,0.0,0.0
2008-01-31 00:00:00-05:00,30.010434905355186,30.667987237810667,29.86826051193833,30.44287872314453,9969700,0.0,0.0
2008-02-01 00:00:00-05:00,30.342182301688094,31.100439923354564,30.342182301688094,30.602832794189453,7374800,0.0,0.0
2008-02-04 00:00:00-05:00,30.608760772872547,31.023433825958108,30.43104439577483,30.851642608642578,4836400,0.0,0.0
2008-02-05 00:00:00-05:00,30.371814925358816,30.804259060222115,30.282955581847233,30.35404396057129,5440700,0.0,0.0
2008-02-06 00:00:00-05:00,30.50211424004714,30.673905353087648,30.117060440236237,30.44879913330078,4101300,0.0,0.0
2008-02-07 00:00:00-05:00,30.342182159423828,30.543594621707875,29.957128191597107,30.342182159423828,7153300,0.0,0.0
2008-02-08 00:00:00-05:00,30.241471525662288,30.241471525662288,29.6194632493824,29.755712509155273,4524200,0.0,0.0
2008-02-11 00:00:00-05:00,29.72016833973316,29.826798588213794,29.435821763713374,29.755712509155273,4222500,0.0,0.0
2008-02-12 00:00:00-05:00,29.992668125575456,30.34810076888027,29.797178589907865,30.22369956970215,5217700,0.0,0.0
2008-02-13 00:00:00-05:00,30.672117509374964,30.672117509374964,29.996493219659367,30.09813690185547,6503400,0.47,0.0
2008-02-14 00:00:00-05:00,30.04432315912806,30.098133978406096,29.655689210920453,29.882890701293945,5213600,0.0,0.0
2008-02-15 00:00:00-05:00,29.757330968542387,30.462849539993783,29.673625761894904,30.385122299194336,6480400,0.0,0.0
2008-02-19 00:00:00-05:00,30.468838409662972,30.642229131652787,29.984543174804262,30.07422637939453,5914800,0.0,0.0
2008-02-20 00:00:00-05:00,29.870945369561017,30.139999581977985,29.59591318833343,30.1160831451416,4290300,0.0,0.0
2008-02-21 00:00:00-05:00,30.277504914929132,30.373168347488303,29.679607891235282,29.787229537963867,5465000,0.0,0.0
2008-02-22 00:00:00-05:00,30.6781144838136,30.6781144838136,29.6796247026566,30.19979476928711,9059000,0.0,0.0
2008-02-25 00:00:00-05:00,30.157923546329908,30.725926146601832,30.032365725022352,30.672115325927734,5266900,0.0,0.0
2008-02-26 00:00:00-05:00,30.52262579850003,31.395554425091667,30.52262579850003,31.359682083129883,8059900,0.0,0.0
2008-02-27 00:00:00-05:00,31.114548558404966,31.287939169654265,30.821578136611485,30.988990783691406,3648600,0.0,0.0
2008-02-28 00:00:00-05:00,30.110094191649196,30.63026395869046,29.924745294981104,30.450895309448242,4396800,0.0,0.0
2008-02-29 00:00:00-05:00,30.17588028563284,30.319374373818956,29.69756057621936,29.90682601928711,6902600,0.0,0.0
2008-03-03 00:00:00-05:00,29.924757653720746,30.05031553196531,29.745388930400356,30.00846290588379,4099700,0.0,0.0
2008-03-04 00:00:00-05:00,29.78724110176125,30.02640091640222,29.73941050731127,29.900840759277344,5862500,0.0,0.0
2008-03-05 00:00:00-05:00,29.90082411428785,30.265541602228193,29.81114094431948,30.14596176147461,4520500,0.0,0.0
2008-03-06 00:00:00-05:00,29.94267758403803,30.044318961364215,29.685581736830365,29.70351791381836,4446400,0.0,0.0
2008-03-07 00:00:00-05:00,29.69158534144494,30.038366934636027,29.524174796206555,29.71550178527832,7275600,0.0,0.0
2008-03-10 00:00:00-04:00,29.715487467662676,30.37915363908446,29.31489520926001,29.54807472229004,7032700,0.0,0.0
2008-03-11 00:00:00-04:00,30.15194666095672,30.31337912876673,29.733418294130335,30.247610092163086,7442200,0.0,0.0
2008-03-12 00:00:00-04:00,30.253586734683083,30.32533601554475,29.69156438604274,29.7633113861084,5878900,0.0,0.0
2008-03-13 00:00:00-04:00,29.410563903097536,29.70353454915378,29.03389029062127,29.392627716064453,6655300,0.0,0.0
2008-03-14 00:00:00-04:00,29.548075032402423,29.548075032402423,28.298472221849416,28.58546257019043,8428300,0.0,0.0
2008-03-17 00:00:00-04:00,27.939727574539614,29.440450377551986,27.86200032302839,29.219226837158203,6847300,0.0,0.0
2008-03-18 00:00:00-04:00,29.607857963474416,29.84701538085938,29.177371419067203,29.847015380859375,5392200,0.0,0.0
2008-03-19 00:00:00-04:00,29.61983042121084,30.678108831294463,29.61983042121084,29.87692642211914,5758900,0.0,0.0
2008-03-20 00:00:00-04:00,29.91876656324516,29.924744529722044,29.398594528710024,29.79918670654297,9166300,0.0,0.0
2008-03-24 00:00:00-04:00,29.858974102722296,30.002470380235557,29.643733107646344,29.95463752746582,5791500,0.0,0.0
2008-03-25 00:00:00-04:00,29.906820611256443,30.307410672534772,29.88888442367592,29.996503829956055,4567500,0.0,0.0
2008-03-26 00:00:00-04:00,29.900841215732143,30.134023064925415,29.63776724024871,30.00846290588379,6626700,0.0,0.0
2008-03-27 00:00:00-04:00,30.050312846258784,30.391116355144845,30.050312846258784,30.15195655822754,4940700,0.0,0.0
2008-03-28 00:00:00-04:00,30.24164139106209,30.540589990274025,29.984545413276077,30.06825065612793,5339600,0.0,0.0
2008-03-31 00:00:00-04:00,30.026405117784797,30.959123507639813,29.978572235844876,30.845523834228516,8754500,0.0,0.0
2008-04-01 00:00:00-04:00,30.923231132589358,31.192282936746754,30.809629251833602,31.108577728271484,7230400,0.0,0.0
2008-04-02 00:00:00-04:00,31.120551471077164,31.210236971082526,30.75583378289096,30.947160720825195,5531500,0.0,0.0
2008-04-03 00:00:00-04:00,30.839535424075716,31.07271494259969,30.558523039804996,30.971071243286133,5075100,0.0,0.0
2008-04-04 00:00:00-04:00,30.959108119484224,31.65266859729898,30.851486469409846,31.258056640625,5583800,0.0,0.0
2008-04-07 00:00:00-04:00,31.545053388236404,31.92770948929787,31.13848541480257,31.724424362182617,6127900,0.0,0.0
2008-04-08 00:00:00-04:00,31.539075620429884,31.640717044234638,31.15044154880733,31.270021438598633,4895400,0.0,0.0
2008-04-09 00:00:00-04:00,31.22218677610943,31.377639015991154,30.88138561720269,30.95313262939453,5090400,0.0,0.0
2008-04-10 00:00:00-04:00,30.893358045097923,31.53908834195299,30.893358045097923,31.32384490966797,5458600,0.0,0.0
2008-04-11 00:00:00-04:00,31.311867671975246,31.311867671975246,30.91127774578931,31.04879379272461,5346600,0.0,0.0
2008-04-14 00:00:00-04:00,31.078693772564566,31.138484856406652,30.827578062817725,30.983030319213867,4800300,0.0,0.0
2008-04-15 00:00:00-04:00,31.090648382364837,31.138481243889196,30.69005843068201,30.82159423828125,5602300,0.0,0.0
2008-04-16 00:00:00-04:00,31.10858028477054,31.473297820924536,30.89333699911926,31.41948699951172,4301400,0.0,0.0
2008-04-17 00:00:00-04:00,31.264037521524795,31.40753153733286,30.64222403756649,30.725929260253906,6928500,0.0,0.0
2008-04-18 00:00:00-04:00,31.030862091769983,31.216208743151324,30.767785893737287,31.132503509521484,6223600,0.0,0.0
2008-04-21 00:00:00-04:00,30.31338152795303,30.343275924921773,29.55405198480623,29.649715423583984,10138800,0.0,0.0
2008-04-22 00:00:00-04:00,29.64971585700648,29.64971585700648,28.85451165739504,29.32685089111328,8526100,0.0,0.0
2008-04-23 00:00:00-04:00,29.38065667888925,29.811143226235767,29.290973502056012,29.410551071166992,6545200,0.0,0.0
2008-04-24 00:00:00-04:00,29.39261835923877,29.58992547697976,29.02790080035721,29.320871353149414,4447000,0.0,0.0
2008-04-25 00:00:00-04:00,29.40457014645279,29.870929005290957,29.36271754531581,29.512191772460938,4609500,0.0,0.0
2008-04-28 00:00:00-04:00,29.62579136400478,29.679602177008853,29.38663396905,29.512191772460938,4912900,0.0,0.0
2008-04-29 00:00:00-04:00,29.476336130965525,29.476336130965525,28.615364848899162,28.76483917236328,8559000,0.0,0.0
2008-04-30 00:00:00-04:00,28.878431701659796,29.255107542341356,28.67514658074556,28.78276824951172,6142000,0.0,0.0
2008-05-01 00:00:00-04:00,28.800705087604932,29.727447509765625,28.788749151512143,29.727447509765625,6267500,0.0,0.0
2008-05-02 00:00:00-04:00,29.829081131234254,29.835061378513355,29.440449447547028,29.524154663085938,3656500,0.0,0.0
2008-05-05 00:00:00-04:00,29.45241342798055,29.45241342798055,29.11161222542657,29.290983200073242,3459400,0.0,0.0
2008-05-06 00:00:00-04:00,29.123561676777005,29.273035923462327,28.88440425055809,29.147478103637695,4277900,0.0,0.0
2008-05-07 00:00:00-04:00,29.111598773559855,29.374674865054732,29.027893573828077,29.087684631347656,5504600,0.0,0.0
2008-05-08 00:00:00-04:00,29.2491144358013,29.279011104602322,28.84852461877839,28.956146240234375,5302100,0.0,0.0
2008-05-09 00:00:00-04:00,28.9621255931582,28.9621255931582,28.55555551057715,28.848526000976562,4293400,0.0,0.0
2008-05-12 00:00:00-04:00,28.938233670039306,29.285012959220445,28.84854815206623,29.153474807739258,3542100,0.0,0.0
2008-05-13 00:00:00-04:00,28.77916569045775,29.292326119381528,28.67653498647046,28.70672035217285,5367300,0.47,0.0
2008-05-14 00:00:00-04:00,28.77915628281367,29.171572817654713,28.706710968210487,29.15949821472168,4371500,0.0,0.0
2008-05-15 00:00:00-04:00,29.231944448241347,29.43720809856542,28.924050124252783,29.38287353515625,5194300,0.0,0.0
2008-05-16 00:00:00-04:00,30.095245864773844,30.095245864773844,29.310415416209917,29.551902770996094,5196200,0.0,0.0
2008-05-19 00:00:00-04:00,29.576065910384976,29.99866552599959,29.497582137630044,29.902070999145508,3779600,0.0,0.0
2008-05-20 00:00:00-04:00,29.817551103833438,30.046963968949044,29.437209146430362,29.557952880859375,4133300,0.0,0.0
2008-05-21 00:00:00-04:00,29.666617074315837,29.793396938019285,28.996491647605033,29.03875160217285,4681500,0.0,0.0
2008-05-22 00:00:00-04:00,29.19572598598928,29.455324226794858,28.899903931468273,29.268171310424805,3106100,0.0,0.0
2008-05-23 00:00:00-04:00,29.256105074380464,29.256105074380464,28.706723075690142,28.71879768371582,3602800,0.0,0.0
2008-05-27 00:00:00-04:00,28.785190628271465,29.002528844062937,28.742930675533643,28.942155838012695,2989600,0.0,0.0
2008-05-28 00:00:00-04:00,29.038769430829923,29.147438610149976,28.676540368427222,28.887840270996094,3520700,0.0,0.0
2008-05-29 00:00:00-04:00,28.815370488679036,29.53379185131272,28.815370488679036,29.34060287475586,6290000,0.0,0.0
2008-05-30 00:00:00-04:00,29.413055150992566,29.413055150992566,28.978378733038703,29.062898635864258,4057000,0.0,0.0
2008-06-02 00:00:00-04:00,29.147438668150436,29.19573710483155,28.622205835722497,28.73087501525879,5930600,0.0,0.0
2008-06-03 00:00:00-04:00,28.887834044074378,29.256101483166365,28.64634882219137,29.147432327270508,7263300,0.0,0.0
2008-06-04 00:00:00-04:00,29.35269625895568,29.94433816617741,29.35269625895568,29.606258392333984,7408800,0.0,0.0
2008-06-05 00:00:00-04:00,29.96846751610389,30.077136600811293,29.509644283001457,29.859798431396484,7863000,0.0,0.0
2008-06-06 00:00:00-04:00,29.793403380712256,29.793403380712256,29.21383619017208,29.23194694519043,7811900,0.0,0.0
2008-06-09 00:00:00-04:00,29.443247960581672,29.443247960581672,28.857642338372116,29.087055206298828,6420500,0.0,0.0
2008-06-10 00:00:00-04:00,28.827450581009284,29.250052411382182,28.67652152037573,28.942155838012695,5166200,0.0,0.0
2008-06-11 00:00:00-04:00,28.86366913821721,29.129303407571005,28.525587274771606,28.63425636291504,4056400,0.0,0.0
2008-06-12 00:00:00-04:00,28.77312442639462,29.171577170662122,28.70671525185081,28.797273635864258,4595400,0.0,0.0
2008-06-13 00:00:00-04:00,28.930097737287152,29.201770661977054,28.930097737287152,29.177623748779297,4298900,0.0,0.0
2008-06-16 00:00:00-04:00,28.93010025150987,29.17762628451371,28.48938738115464,28.887840270996094,5568600,0.0,0.0
2008-06-17 00:00:00-04:00,29.020638329273943,29.340607186910265,28.821413175479783,28.84556007385254,3432300,0.0,0.0
2008-06-18 00:00:00-04:00,28.797268570542837,28.978383003717077,28.31429598107988,28.356555938720703,4217600,0.0,0.0
2008-06-19 00:00:00-04:00,28.398813451519832,28.99649125984049,28.151289876792077,28.851600646972656,8223400,0.0,0.0
2008-06-20 00:00:00-04:00,28.579922899977547,29.147415257198396,28.21165567655985,28.332399368286133,7423900,0.0,0.0
2008-06-23 00:00:00-04:00,28.39881684250246,28.82141873598515,28.3807037864851,28.736896514892578,5380100,0.0,0.0
2008-06-24 00:00:00-04:00,28.35051072644104,28.435030621571013,27.752833009168,28.338436126708984,9260400,0.0,0.0
2008-06-25 00:00:00-04:00,28.392775057537598,28.658411686665357,28.253920593672987,28.374664306640625,6017500,0.0,0.0
2008-06-26 00:00:00-04:00,28.10903504173993,28.259964134376645,27.746803837614703,27.78302764892578,6517300,0.0,0.0
2008-06-27 00:00:00-04:00,27.77095432165634,27.95810723420668,27.51135608614906,27.535505294799805,7417900,0.0,0.0
2008-06-30 00:00:00-04:00,27.63210653427287,28.103004702299394,27.38458284300305,27.867555618286133,5417100,0.0,0.0
2008-07-01 00:00:00-04:00,27.57173107003684,28.036593044997492,27.481174978080755,27.831329345703125,6454400,0.0,0.0
2008-07-02 00:00:00-04:00,27.831317292173075,28.187509960125592,27.71661203750841,27.825281143188477,4656100,0.0,0.0
2008-07-03 00:00:00-04:00,28.012434658289887,28.435034186927837,27.958100104180048,28.36258888244629,4530900,0.0,0.0
2008-07-07 00:00:00-04:00,28.32032981109537,28.44710967363297,27.722649697283465,27.897727966308594,6096900,0.0,0.0
2008-07-08 00:00:00-04:00,27.879617792712462,29.352684676165158,27.831319385224756,29.25609016418457,9372800,0.0,0.0
2008-07-09 00:00:00-04:00,29.346661860422696,29.859820006662154,29.12328738178861,29.20176887512207,6500100,0.0,0.0
2008-07-10 00:00:00-04:00,29.14741936410424,29.539835841758016,28.700670635662252,29.074974060058594,7374800,0.0,0.0
2008-07-11 00:00:00-04:00,28.688603468125645,28.996497817345613,28.332410701697288,28.779159545898438,4538900,0.0,0.0
2008-07-14 00:00:00-04:00,29.068933434822704,29.346642310063928,28.948189744676068,28.984411239624023,5716100,0.0,0.0
2008-07-15 00:00:00-04:00,28.700672176509528,29.183644734400943,28.700672176509528,29.044790267944336,8184600,0.0,0.0
2008-07-16 00:00:00-04:00,29.171581540357526,29.280250696253383,28.81538870780905,29.147432327270508,6356300,0.0,0.0
2008-07-17 00:00:00-04:00,29.09913457637904,29.310434421581697,28.555788827292798,29.20780372619629,6514900,0.0,0.0
2008-07-18 00:00:00-04:00,29.171576828813386,29.31043132714356,28.67652955546395,28.924053192138672,6421400,0.0,0.0
2008-07-21 00:00:00-04:00,28.96026999006196,29.05686450041239,28.326366068955295,28.483333587646484,4741700,0.0,0.0
2008-07-22 00:00:00-04:00,28.32637330518414,28.549750038616388,28.07884966524183,28.211668014526367,6668400,0.0,0.0
2008-07-23 00:00:00-04:00,28.374675977027543,28.791239539952254,28.253932214398496,28.748979568481445,5608500,0.0,0.0
2008-07-24 00:00:00-04:00,28.94215258898612,29.28023447593053,28.51351465762415,28.978376388549805,4949200,0.0,0.0
2008-07-25 00:00:00-04:00,28.80934722531872,29.250059919129086,28.525599781538574,28.86368179321289,4200200,0.0,0.0
2008-07-28 00:00:00-04:00,28.869723331110496,29.250065377343496,28.69464499044816,28.748979568481445,5131200,0.0,0.0
2008-07-29 00:00:00-04:00,28.785206303975485,29.38892287527867,28.670500984506422,29.135360717773438,5535600,0.0,0.0
2008-07-30 00:00:00-04:00,29.322509126606846,29.65455272861768,28.344489077939922,28.6221981048584,7426300,0.0,0.0
2008-07-31 00:00:00-04:00,28.495418483719543,28.755016755881687,28.28411633268293,28.441083908081055,4931800,0.0,0.0
2008-08-01 00:00:00-04:00,28.441094213436322,28.664468748445206,28.115086641479714,28.398834228515625,4329200,0.0,0.0
2008-08-04 00:00:00-04:00,28.320336356616796,28.791234413732365,28.320336356616796,28.598045349121094,4751900,0.0,0.0
2008-08-05 00:00:00-04:00,28.893860600975337,28.9783805089807,28.519557164239536,28.851600646972656,6486100,0.0,0.0
2008-08-06 00:00:00-04:00,28.51351465762415,29.201750728373096,28.51351465762415,28.978376388549805,3519600,0.0,0.0
2008-08-07 00:00:00-04:00,28.773128657836477,29.219879886743506,28.51353037534921,28.72483253479004,4596900,0.0,0.0
2008-08-08 00:00:00-04:00,28.694634182896433,29.328538122196324,28.543705112205004,29.28627586364746,4158800,0.0,0.0
2008-08-11 00:00:00-04:00,29.28023832020173,29.914139926328797,29.03875089739392,29.612281799316406,6115800,0.0,0.0
2008-08-12 00:00:00-04:00,29.696812224110793,30.05300503225789,29.491548532924405,29.733036041259766,6038100,0.0,0.0
2008-08-13 00:00:00-04:00,29.812273476368794,29.812273476368794,29.306362048732584,29.489221572875977,4955000,0.47,0.0
2008-08-14 00:00:00-04:00,29.26369851237602,29.94028098155958,29.21493704780372,29.464845657348633,4706200,0.0,0.0
2008-08-15 00:00:00-04:00,29.5623712402787,29.98904510466003,29.5623712402787,29.73303985595703,4611400,0.0,0.0
2008-08-18 00:00:00-04:00,29.75130366417363,29.757397970498094,29.14786502997141,29.288057327270508,6245500,0.0,0.0
2008-08-19 00:00:00-04:00,29.062549248169873,29.342934020842545,28.800449731267342,29.135692596435547,5448700,0.0,0.0
2008-08-20 00:00:00-04:00,29.153971515534238,29.20273295816227,28.763868348587867,28.897966384887695,4545100,0.0,0.0
2008-08-21 00:00:00-04:00,28.940634586260895,28.940634586260895,28.385959495455985,28.751678466796875,4161600,0.0,0.0
2008-08-22 00:00:00-04:00,28.776063742122695,29.34902647663276,28.702920404273353,29.275880813598633,5134400,0.0,0.0
2008-08-25 00:00:00-04:00,29.202732966570057,29.64159757627081,28.837014008609042,28.965015411376953,3940300,0.0,0.0
2008-08-26 00:00:00-04:00,28.946731041819604,29.123493892608085,28.544439245747864,28.660249710083008,3370600,0.0,0.0
2008-08-27 00:00:00-04:00,28.641962788370368,28.94672935322767,28.31890864849626,28.568817138671875,5520100,0.0,0.0
2008-08-28 00:00:00-04:00,28.68463541533349,28.873589233616887,28.44082118667676,28.593204498291016,4285500,0.0,0.0
2008-08-29 00:00:00-04:00,28.453017694043677,28.66025913136835,28.410350544463768,28.43473243713379,4765200,0.0,0.0
2008-09-02 00:00:00-04:00,28.776053859519998,29.0198680021974,28.294522206583324,28.440811157226562,5241900,0.0,0.0
2008-09-03 00:00:00-04:00,28.44082118667676,28.94673489732479,28.17872170468546,28.593204498291016,4425900,0.0,0.0
2008-09-04 00:00:00-04:00,28.52615371676596,28.58710843277805,28.008051419178877,28.093385696411133,4714400,0.0,0.0
2008-09-05 00:00:00-04:00,28.020241596781617,28.099479237655313,27.502136988166086,27.697187423706055,5127800,0.0,0.0
2008-09-08 00:00:00-04:00,28.227496019448125,28.562738965128105,27.75205832857759,28.44692611694336,5790600,0.0,0.0
2008-09-09 00:00:00-04:00,28.166527305831945,29.184448911653135,28.166527305831945,28.318910598754883,7821600,0.0,0.0
2008-09-10 00:00:00-04:00,28.379883751247547,28.86751014040588,28.34331090011591,28.483503341674805,6101700,0.0,0.0
2008-09-11 00:00:00-04:00,28.19700515408269,28.550535530498934,28.001954713709818,28.477392196655273,4722200,0.0,0.0
2008-09-12 00:00:00-04:00,28.325002030905328,28.556622919479935,28.154331193048552,28.404239654541016,4271700,0.0,0.0
2008-09-15 00:00:00-04:00,27.94710297816771,28.48958960914955,27.83738678989589,28.062915802001953,5313600,0.0,0.0
2008-09-16 00:00:00-04:00,27.593573365581875,27.79471814982703,27.105947180094308,27.58747673034668,10048900,0.0,0.0
2008-09-17 00:00:00-04:00,27.246124404139177,27.819084562660407,26.703640429282647,26.770687103271484,7175900,0.0,0.0
2008-09-18 00:00:00-04:00,27.03889011198841,27.867855543674,26.740217854178255,27.684993743896484,9917400,0.0,0.0
2008-09-19 00:00:00-04:00,28.04462365162974,28.85530398565728,27.36804370109167,28.4591064453125,11996600,0.0,0.0
2008-09-22 00:00:00-04:00,28.385957566837757,28.727296955366384,27.837376821913956,27.977571487426758,5783900,0.0,0.0
2008-09-23 00:00:00-04:00,28.093392878366245,28.178727177413847,27.672815693695085,27.873960494995117,7878100,0.0,0.0
2008-09-24 00:00:00-04:00,27.904424407654286,28.349383288980597,27.67280350516721,28.245763778686523,7240700,0.0,0.0
2008-09-25 00:00:00-04:00,28.385954406807258,29.086918355599927,28.17871307348296,28.404239654541016,9338200,0.0,0.0
2008-09-26 00:00:00-04:00,28.142142168976992,28.684628582251072,27.89223369046873,28.538339614868164,5769900,0.0,0.0
2008-09-29 00:00:00-04:00,27.25221871079861,28.068992989005004,26.459826309597485,26.770687103271484,9791500,0.0,0.0
2008-09-30 00:00:00-04:00,27.35585221834393,27.4107103024622,26.136785749213264,26.83774757385254,8438800,0.0,0.0
2008-10-01 00:00:00-04:00,26.563456006920877,27.08765256698566,26.45373985302292,26.630502700805664,6340200,0.0,0.0
2008-10-02 00:00:00-04:00,26.630500061382314,26.776789027141966,25.868583693264647,25.935632705688477,6564400,0.0,0.0
2008-10-03 00:00:00-04:00,26.270883834952766,26.270883834952766,25.137153870174274,25.179821014404297,9396200,0.0,0.0
2008-10-06 00:00:00-04:00,24.771430852410866,24.80800368439537,22.607588284801086,23.41826629638672,18989200,0.0,0.0
2008-10-07 00:00:00-04:00,24.0887498447928,24.363040221383244,23.479216708007105,23.534074783325195,12466300,0.0,0.0
2008-10-08 00:00:00-04:00,23.613305097318143,24.076549068982406,22.955008462381965,23.10129737854004,8946200,0.0,0.0
2008-10-09 00:00:00-04:00,22.90626072402696,23.07083265588835,19.773257855895583,20.248695373535156,13833900,0.0,0.0
2008-10-10 00:00:00-04:00,19.48067672830478,20.352309220936505,17.82884263534755,19.114957809448242,15866600,0.0,0.0
2008-10-13 00:00:00-04:00,19.815928171096175,21.943200584140136,19.626974320851275,21.857866287231445,8286200,0.0,0.0
2008-10-14 00:00:00-04:00,22.699014774224626,22.894065189723463,21.07156010874978,21.297086715698242,10643400,0.0,0.0
2008-10-15 00:00:00-04:00,21.12033492767756,21.327576393244442,19.462403203142532,19.834218978881836,10602700,0.0,0.0
2008-10-16 00:00:00-04:00,19.925637041211953,21.12641804284844,19.20029345872643,20.95574951171875,10297900,0.0,0.0
2008-10-17 00:00:00-04:00,20.291363570669493,20.79727498700074,19.590399364400895,19.626972198486328,9160900,0.0,0.0
2008-10-20 00:00:00-04:00,19.846398829707667,20.785078048706055,19.364867116436574,20.785078048706055,9049300,0.0,0.0
2008-10-21 00:00:00-04:00,20.547362781106987,21.114228820144906,20.145070978420513,20.529077529907227,7733000,0.0,0.0
2008-10-22 00:00:00-04:00,20.486406923115517,20.498597863578308,19.139338229370967,19.572107315063477,6671900,0.0,0.0
2008-10-23 00:00:00-04:00,20.718042228990843,20.72413654018575,19.05401508792897,20.40717887878418,8729300,0.0,0.0
2008-10-24 00:00:00-04:00,19.4989672076176,19.9926887811594,18.98086374768246,19.34048843383789,7224100,0.0,0.0
2008-10-27 00:00:00-04:00,19.078389626035815,19.87078235966962,18.529809951782227,18.529809951782227,7526900,0.0,0.0
2008-10-28 00:00:00-04:00,18.938193857160815,20.401074275603435,18.225040060077298,20.346216201782227,8334900,0.0,0.0
2008-10-29 00:00:00-04:00,20.309648232987858,20.522983945970655,19.401443806343067,19.52334976196289,9180200,0.0,0.0
2008-10-30 00:00:00-04:00,20.09631490138419,20.175552561204537,19.663544464188853,20.0109806060791,7363200,0.0,0.0
2008-10-31 00:00:00-04:00,19.889064967953427,21.059367360551867,19.889064967953427,20.614408493041992,6874800,0.0,0.0
2008-11-03 00:00:00-05:00,20.992318295968836,21.05327299866654,20.44373992279444,20.7302188873291,4801900,0.0,0.0
2008-11-04 00:00:00-05:00,21.18127471820621,21.723758792196985,20.51078925432228,21.42508888244629,7786900,0.0,0.0
2008-11-05 00:00:00-05:00,21.175183453416352,21.595760505726183,20.449837489417458,20.577838897705078,5858400,0.0,0.0
2008-11-06 00:00:00-05:00,20.657084625277335,20.82775321728317,19.870786054647294,20.03536033630371,6447300,0.0,0.0
2008-11-07 00:00:00-05:00,20.047547543411323,20.94965644392252,20.047547543411323,20.846036911010742,4023900,0.0,0.0
2008-11-10 00:00:00-05:00,21.193470748374356,21.638429728559174,20.97403841290025,21.254423141479492,5806900,0.0,0.0
2008-11-11 00:00:00-05:00,21.16907936774396,21.486036785156976,20.49859404352886,20.705835342407227,4962000,0.0,0.0
2008-11-12 00:00:00-05:00,20.551324402919082,20.656397711728026,19.686005716471605,19.772537231445312,6160700,0.47,0.0
2008-11-13 00:00:00-05:00,19.927050897832554,21.323921221579695,19.630369358783458,21.089048385620117,13039100,0.0,0.0
2008-11-14 00:00:00-05:00,20.260823070153286,20.94689771358186,19.809621358215324,19.81580352783203,8113700,0.0,0.0
2008-11-17 00:00:00-05:00,19.599472922812307,20.35353730569895,19.469675651012555,19.85906982421875,6436700,0.0,0.0
2008-11-18 00:00:00-05:00,20.334999897914237,20.606956481933594,19.494403819190392,20.606956481933594,6581300,0.0,0.0
2008-11-19 00:00:00-05:00,20.49569182388538,20.996341359479157,19.222437469072148,19.414043426513672,7163500,0.0,0.0
2008-11-20 00:00:00-05:00,19.30278730551008,19.933234061076224,18.289128648335367,18.486915588378906,7966700,0.0,0.0
2008-11-21 00:00:00-05:00,18.684701670494114,18.89485057936695,17.689586026728982,18.808319091796875,9947500,0.0,0.0
2008-11-24 00:00:00-05:00,19.098819818252977,20.248456728589186,18.857767126858853,19.828161239624023,7845200,0.0,0.0
2008-11-25 00:00:00-05:00,20.33498607336227,20.61930444851958,19.673634502860207,20.273176193237305,6495500,0.0,0.0
2008-11-26 00:00:00-05:00,20.038313322102745,20.35353797287145,19.67364427937221,20.316452026367188,5886700,0.0,0.0
2008-11-28 00:00:00-05:00,20.43387742330809,21.323918385365506,20.43387742330809,21.107589721679688,2736300,0.0,0.0
2008-12-01 00:00:00-05:00,20.594588293257765,20.644036216077943,18.93193961333699,19.23480224609375,6326300,0.0,0.0
2008-12-02 00:00:00-05:00,19.49439236874497,20.5760406139899,19.469668414408773,20.514230728149414,6817900,0.0,0.0
2008-12-03 00:00:00-05:00,20.131024786787734,21.682419189391165,19.791078567023426,21.614429473876953,7760000,0.0,0.0
2008-12-04 00:00:00-05:00,21.348653646784847,21.55880261334697,20.73674854015174,20.946897506713867,6856500,0.0,0.0
2008-12-05 00:00:00-05:00,20.823276403157656,21.78748955571003,20.124842265375385,21.595882415771484,7571000,0.0,0.0
2008-12-08 00:00:00-05:00,22.053269557021867,22.15834285892448,21.200311729560507,21.54644012451172,6885000,0.0,0.0
2008-12-09 00:00:00-05:00,21.262118030605034,21.694775503698224,21.22503209385145,21.367191314697266,4471700,0.0,0.0
2008-12-10 00:00:00-05:00,21.58969744318639,21.99145341681161,21.41045232524247,21.639142990112305,4854200,0.0,0.0
2008-12-11 00:00:00-05:00,22.183065140124896,22.615725011579276,21.756587437612122,22.01618194580078,8004200,0.0,0.0
2008-12-12 00:00:00-05:00,21.52171028035697,22.560092823602048,21.385730884182497,22.504465103149414,6637400,0.0,0.0
2008-12-15 00:00:00-05:00,22.504461870282796,22.646621055949694,21.571155092102455,21.83074951171875,5728500,0.0,0.0
2008-12-16 00:00:00-05:00,22.02854819652974,23.079293128681055,21.96674064197081,22.99894142150879,6155900,0.0,0.0
2008-12-17 00:00:00-05:00,22.689891110764492,23.066923193890617,22.417934663532233,22.832050323486328,4963700,0.0,0.0
2008-12-18 00:00:00-05:00,22.99894448561947,23.437784311752154,22.54774267536662,22.788795471191406,6650000,0.0,0.0
2008-12-19 00:00:00-05:00,23.468681615475088,23.963149005087917,22.86913857930338,23.647924423217773,10252500,0.0,0.0
2008-12-22 00:00:00-05:00,23.61084378425099,23.790088972131947,22.640450674422055,23.07929039001465,5046400,0.0,0.0
2008-12-23 00:00:00-05:00,23.52430710661276,23.796263555580566,23.12255106449993,23.171998977661133,4237500,0.0,0.0
2008-12-24 00:00:00-05:00,23.48723060339934,23.536678536417117,23.178188095459873,23.36361312866211,1237100,0.0,0.0
2008-12-26 00:00:00-05:00,23.456325072472055,23.54903640324597,23.369793553960246,23.47486686706543,1614000,0.0,0.0
2008-12-29 00:00:00-05:00,23.536666838460718,23.796261284361396,23.264708057643574,23.783899307250977,4001000,0.0,0.0
2008-12-30 00:00:00-05:00,23.926056113972425,24.58122668845125,23.926056113972425,24.51941680908203,4743600,0.0,0.0
2008-12-31 00:00:00-05:00,24.51941801216007,25.032429425970005,24.340175247709087,24.890270233154297,4735100,0.0,0.0
2009-01-02 00:00:00-05:00,24.958267392245542,25.205499922406137,24.29073460941801,25.075702667236328,6022900,0.0,0.0
2009-01-05 00:00:00-05:00,25.063334152994656,25.069516320375783,24.148569078487665,24.38962173461914,6854500,0.0,0.0
2009-01-06 00:00:00-05:00,24.500882555986138,24.575052076223823,23.80244603014552,24.457616806030273,8975000,0.0,0.0
2009-01-07 00:00:00-05:00,24.142396480734995,24.38962902029494,23.728278381316834,23.870437622070312,6365600,0.0,0.0
2009-01-08 00:00:00-05:00,23.759187549556213,24.049688266261413,23.425423427464803,23.98788070678711,5627000,0.0,0.0
2009-01-09 00:00:00-05:00,23.98786839286383,23.98786839286383,23.505760716781644,23.783899307250977,5937400,0.0,0.0
2009-01-12 00:00:00-05:00,23.77155184379326,23.95079708462295,23.43160551802463,23.567584991455078,5199200,0.0,0.0
2009-01-13 00:00:00-05:00,23.641744894203057,23.90752156137679,23.43159595638677,23.80862808227539,5301400,0.0,0.0
2009-01-14 00:00:00-05:00,23.697370549355632,23.715912338249666,22.93094438504934,23.159637451171875,6557100,0.0,0.0
2009-01-15 00:00:00-05:00,23.128729972929445,23.258529561013457,22.42411374249989,23.209081649780273,4957200,0.0,0.0
2009-01-16 00:00:00-05:00,23.511957239397848,23.74064806105202,23.04839342485676,23.567584991455078,5443900,0.0,0.0
2009-01-20 00:00:00-05:00,23.43776781206671,23.956958990577338,23.011290270285226,23.110183715820312,9442300,0.0,0.0
2009-01-21 00:00:00-05:00,23.413051999883645,23.91988132811638,23.01129595193526,23.635562896728516,6836000,0.0,0.0
2009-01-22 00:00:00-05:00,23.258539807710154,23.697379603110463,22.968039095748747,23.36361312866211,5547800,0.0,0.0
2009-01-23 00:00:00-05:00,22.992759417342917,23.264715932407288,22.770248469650774,23.12873649597168,6228600,0.0,0.0
2009-01-26 00:00:00-05:00,23.27090064359244,23.790092125644286,23.023665706307906,23.221452713012695,6766000,0.0,0.0
2009-01-27 00:00:00-05:00,23.38833403691694,24.043504916889187,23.295620353535437,23.864259719848633,5403700,0.0,0.0
2009-01-28 00:00:00-05:00,24.105308625987817,24.228926064861884,23.7220966875041,24.16093635559082,5368700,0.0,0.0
2009-01-29 00:00:00-05:00,23.88280673751764,24.198031443721348,23.32653158896995,23.468690872192383,6473900,0.0,0.0
2009-01-30 00:00:00-05:00,23.926065019361257,23.926065019361257,22.41793876850819,22.757884979248047,9599100,0.0,0.0
2009-02-02 00:00:00-05:00,22.578647716291115,23.246180749173483,22.374680861448738,23.03603172302246,5505000,0.0,0.0
2009-02-03 00:00:00-05:00,23.295615302711173,24.198020904174985,22.788785954475838,23.913700103759766,9611300,0.0,0.0
2009-02-04 00:00:00-05:00,24.24128688962345,24.259828679338902,23.363605237458092,23.4934024810791,7416500,0.0,0.0
2009-02-05 00:00:00-05:00,23.357424177210238,23.672646374540793,23.02365783334991,23.58611488342285,5051300,0.0,0.0
2009-02-06 00:00:00-05:00,23.382142016668563,23.94459891958813,23.382142016668563,23.59847068786621,4978300,0.0,0.0
2009-02-09 00:00:00-05:00,23.623199812551935,23.62937962259446,23.116370508041836,23.561389923095703,4132900,0.0,0.0
2009-02-10 00:00:00-05:00,23.48722102185355,23.734455870469247,22.720794877389892,22.832050323486328,5721900,0.0,0.0
2009-02-11 00:00:00-05:00,23.257996220242763,23.301843583313214,22.83831124435151,23.001174926757812,4244400,0.49,0.0
2009-02-12 00:00:00-05:00,22.662932052626488,22.93228162743601,22.16181739815639,22.763154983520508,6098300,0.0,0.0
2009-02-13 00:00:00-05:00,22.64414448305803,22.850853264416468,22.161820807216984,22.193140029907227,6020700,0.0,0.0
2009-02-17 00:00:00-05:00,21.748392683395956,21.992685873895656,21.466515006087604,21.66069793701172,7399900,0.0,0.0
2009-02-18 00:00:00-05:00,21.773458246798295,21.773458246798295,21.366303508354004,21.547958374023438,5916800,0.0,0.0
2009-02-19 00:00:00-05:00,21.70455264312453,21.836094807142633,21.497841480093136,21.598064422607422,4240600,0.0,0.0
2009-02-20 00:00:00-05:00,21.222222675019907,21.378821125477103,20.62714808538202,20.821331024169922,8361100,0.0,0.0
2009-02-23 00:00:00-05:00,21.08441348771684,21.19090166754753,20.20746128365036,20.23878288269043,5545100,0.0,0.0
2009-02-24 00:00:00-05:00,20.301421425108227,20.65846567291107,20.08218456751088,20.6146183013916,7345600,0.0,0.0
2009-02-25 00:00:00-05:00,20.539454128078937,20.696052584579384,20.113506135237504,20.395383834838867,6943800,0.0,0.0
2009-02-26 00:00:00-05:00,20.658467111977867,20.658467111977867,19.41820768223966,19.44326400756836,12135600,0.0,0.0
2009-02-27 00:00:00-05:00,19.02357700573109,19.249077923060415,18.403446197509766,18.403446197509766,9522900,0.0,0.0
2009-03-02 00:00:00-05:00,17.88354175650307,18.07146060541414,17.326051680377983,17.382427215576172,13436000,0.0,0.0
2009-03-03 00:00:00-05:00,17.58913880268165,17.85848834233557,17.050439723373813,17.219566345214844,9488100,0.0,0.0
2009-03-04 00:00:00-05:00,17.66430667682378,18.083990595297475,17.081760217401193,17.852224349975586,8865100,0.0,0.0
2009-03-05 00:00:00-05:00,17.470118538474416,17.783315363874106,17.044170664770665,17.207033157348633,9028200,0.0,0.0
2009-03-06 00:00:00-05:00,17.319790766625996,17.683099173925783,17.194512705859722,17.526500701904297,8700000,0.0,0.0
2009-03-09 00:00:00-04:00,17.369895012296496,17.958705356963623,17.207032525697034,17.52022933959961,8635800,0.0,0.0
2009-03-10 00:00:00-04:00,17.933655176951397,18.641480887716202,17.745737502187193,18.616424560546875,10124700,0.0,0.0
2009-03-11 00:00:00-04:00,18.798079394399004,18.848190854109188,17.958711548189807,18.071462631225586,9624700,0.0,0.0
2009-03-12 00:00:00-04:00,18.071461137129166,18.873244426203005,18.008821518982437,18.810606002807617,6359600,0.0,0.0
2009-03-13 00:00:00-04:00,18.93588191680021,19.44952457734042,18.848187178098573,19.192703247070312,6790500,0.0,0.0
2009-03-16 00:00:00-04:00,19.31798467249012,19.881738847262906,19.25534505423729,19.299192428588867,6624300,0.0,0.0
2009-03-17 00:00:00-04:00,19.393161555295467,19.894277572631836,19.117549000250044,19.894277572631836,5031600,0.0,0.0
2009-03-18 00:00:00-04:00,20.326476507516613,20.73363098812182,20.01327965035766,20.35779571533203,6519000,0.0,0.0
2009-03-19 00:00:00-04:00,20.432964636069794,20.52692465979758,19.743932427074917,19.938114166259766,5170900,0.0,0.0
2009-03-20 00:00:00-04:00,19.981962453895566,20.614620350236713,19.981962453895566,20.389118194580078,10262000,0.0,0.0
2009-03-23 00:00:00-04:00,20.846385631627257,21.3537654876709,20.683524289287643,21.3537654876709,6611700,0.0,0.0
2009-03-24 00:00:00-04:00,21.053095878792327,21.491572014161786,20.777481079101562,20.777481079101562,8487800,0.0,0.0
2009-03-25 00:00:00-04:00,20.896495397843132,21.21595515155547,20.583298530104482,21.002981185913086,7747900,0.0,0.0
2009-03-26 00:00:00-04:00,21.13453659807165,21.479052852556194,20.915297243760612,21.435205459594727,7407000,0.0,0.0
2009-03-27 00:00:00-04:00,21.190903590741154,21.39761230405097,21.021776976486176,21.140790939331055,5461800,0.0,0.0
2009-03-30 00:00:00-04:00,20.0633923406075,20.658466919350555,20.0633923406075,20.570772171020508,7106400,0.0,0.0
2009-03-31 00:00:00-04:00,20.796279954886373,21.222228038948757,20.420442145094274,20.92782211303711,6702000,0.0,0.0
2009-04-01 00:00:00-04:00,20.689781185539243,21.253536417911747,20.414168843880525,21.159576416015625,5483400,0.0,0.0
2009-04-02 00:00:00-04:00,21.554212469919584,21.554212469919584,21.021778648601465,21.234752655029297,6665800,0.0,0.0
2009-04-03 00:00:00-04:00,21.00298065139203,21.140788034330658,20.370324046042008,20.677255630493164,7122500,0.0,0.0
2009-04-06 00:00:00-04:00,20.51439663430795,20.88396906620078,20.288894487457725,20.570772171020508,6618900,0.0,0.0
2009-04-07 00:00:00-04:00,19.931851442958365,20.13229727703126,19.361833154281786,19.96943473815918,6031800,0.0,0.0
2009-04-08 00:00:00-04:00,20.01954567099472,20.376589952905555,19.794044710959728,20.25757598876953,5226900,0.0,0.0
2009-04-09 00:00:00-04:00,20.683518227738666,21.172104501074337,20.270098521954154,20.44548797607422,4984200,0.0,0.0
2009-04-13 00:00:00-04:00,20.251316274690033,20.54571978778127,20.21373177983656,20.401649475097656,3405300,0.0,0.0
2009-04-14 00:00:00-04:00,20.51439656594205,20.51439656594205,20.03207306223149,20.138561248779297,5248600,0.0,0.0
2009-04-15 00:00:00-04:00,20.10097854736652,20.645940522526782,20.0446030058325,20.551982879638672,6155300,0.0,0.0
2009-04-16 00:00:00-04:00,20.652210229355482,20.95914194060301,20.313956907589994,20.84012794494629,4967300,0.0,0.0
2009-04-17 00:00:00-04:00,20.833856923201044,21.32870860311345,20.790009547968577,21.140790939331055,6670400,0.0,0.0
2009-04-20 00:00:00-04:00,21.096940882738526,21.566736177236262,20.620880312859455,20.664730072021484,9799300,0.0,0.0
2009-04-21 00:00:00-04:00,20.93407670032305,21.096940403504043,20.508131174663045,20.88396644592285,6409700,0.0,0.0
2009-04-22 00:00:00-04:00,20.739907603271828,20.883977949597494,20.332750510544397,20.508142471313477,11129900,0.0,0.0
2009-04-23 00:00:00-04:00,20.376585970121216,20.639672562450297,20.063389125135632,20.5958251953125,8591400,0.0,0.0
2009-04-24 00:00:00-04:00,20.670992744678866,21.084412503992347,20.577032730947543,20.677255630493164,8328100,0.0,0.0
2009-04-27 00:00:00-04:00,20.6647352010729,20.984195029241214,20.514399618138796,20.752429962158203,4168700,0.0,0.0
2009-04-28 00:00:00-04:00,20.71484612365269,21.103209673375737,20.645942412193115,20.79627799987793,7663500,0.0,0.0
2009-04-29 00:00:00-04:00,20.952871352001317,21.128260836829813,20.645937364048926,20.896495819091797,6750000,0.0,0.0
2009-04-30 00:00:00-04:00,21.20969763879748,21.22848869098149,20.56451269244699,20.620885848999023,8283200,0.0,0.0
2009-05-01 00:00:00-04:00,20.620890893010436,21.034313258209213,20.43297315669514,20.977937698364258,5411900,0.0,0.0
2009-05-04 00:00:00-04:00,20.934081540237152,21.29112823683548,20.84012389545059,21.178377151489258,5363100,0.0,0.0
2009-05-05 00:00:00-04:00,21.610590489498318,21.792245301876317,21.266074307421448,21.63564682006836,8330900,0.0,0.0
2009-05-06 00:00:00-04:00,21.93004528007226,22.06785267690162,21.334973098133084,21.56673812866211,5696700,0.0,0.0
2009-05-07 00:00:00-04:00,21.754663815052087,22.52512816537486,21.62938453437688,22.45622444152832,11236400,0.0,0.0
2009-05-08 00:00:00-04:00,22.750628777597097,22.95733993446207,22.39358440619702,22.518863677978516,7172300,0.0,0.0
2009-05-11 00:00:00-04:00,22.312149170311802,22.481275803392155,21.948841965160042,22.143022537231445,6339100,0.0,0.0
2009-05-12 00:00:00-04:00,22.29962112353812,22.719306264763883,22.117968714756806,22.48754119873047,6427600,0.0,0.0
2009-05-13 00:00:00-04:00,22.2779678978059,22.893976163028498,22.106500930403204,22.32242202758789,6042000,0.49,0.0
2009-05-14 00:00:00-04:00,22.36688098058137,22.506592951780203,22.227166586813638,22.303373336791992,4647400,0.0,0.0
2009-05-15 00:00:00-04:00,22.290665581535034,22.33511970848568,21.62385125470707,21.700057983398438,6176500,0.0,0.0
2009-05-18 00:00:00-04:00,21.858824132605466,22.06839567160021,21.598448913670612,22.017589569091797,5553400,0.0,0.0
2009-05-19 00:00:00-04:00,22.106505117342767,22.131905751623048,21.80802525578772,21.928686141967773,4369900,0.0,0.0
2009-05-20 00:00:00-04:00,22.1382590304597,22.373231263725412,21.909636350495663,22.055700302124023,4780800,0.0,0.0
2009-05-21 00:00:00-04:00,22.30336495359352,22.30336495359352,21.706407861765893,21.9858341217041,5217100,0.0,0.0
2009-05-22 00:00:00-04:00,21.992193889291254,22.081102166119628,21.681012497823094,21.808025360107422,3339200,0.0,0.0
2009-05-26 00:00:00-04:00,21.738165058200316,22.176356826763556,21.623853740737122,22.13190269470215,3952900,0.0,0.0
2009-05-27 00:00:00-04:00,22.125547877036563,22.24620871783477,21.325371267795134,21.382524490356445,5193700,0.0,0.0
2009-05-28 00:00:00-04:00,21.382531571516814,21.66830989180298,21.3190263548171,21.452388763427734,4498700,0.0,0.0
2009-05-29 00:00:00-04:00,21.496844766246777,21.973141200558615,21.33807928814283,21.954090118408203,4873200,0.0,0.0
2009-06-01 00:00:00-04:00,22.15730198355638,22.265263730626224,21.769913964921926,22.0048885345459,5319700,0.0,0.0
2009-06-02 00:00:00-04:00,21.90962957492953,22.44308152235228,21.846124371275867,22.258913040161133,5291500,0.0,0.0
2009-06-03 00:00:00-04:00,22.068397139109226,22.14460387537115,21.78261884991642,21.97313690185547,5278000,0.0,0.0
2009-06-04 00:00:00-04:00,22.004900189123017,22.125561102043296,21.592108902835182,21.833433151245117,4666600,0.0,0.0
2009-06-05 00:00:00-04:00,21.93503463666777,22.106501609336547,21.573049613000943,22.081098556518555,5526000,0.0,0.0
2009-06-08 00:00:00-04:00,22.100147091699206,22.106499065456987,21.401580177570324,21.655603408813477,5648700,0.0,0.0
2009-06-09 00:00:00-04:00,21.560349496129145,21.827074300450214,21.280920742000085,21.53494644165039,4052000,0.0,0.0
2009-06-10 00:00:00-04:00,21.668308843810927,21.731816480007808,21.33807640329297,21.53494644165039,4738700,0.0,0.0
2009-06-11 00:00:00-04:00,21.554004309116966,22.16366569576151,21.554004309116966,21.833433151245117,6347400,0.0,0.0
2009-06-12 00:00:00-04:00,21.839771298480798,22.12554954567954,21.636551749932384,21.77626609802246,5266200,0.0,0.0
2009-06-15 00:00:00-04:00,21.58575606004744,21.58575606004744,20.918939095695592,20.931640625,7087900,0.0,0.0
2009-06-16 00:00:00-04:00,21.045947635807902,21.29362134986059,20.817325000507417,20.944337844848633,6471600,0.0,0.0
2009-06-17 00:00:00-04:00,20.950691456521902,21.47144197869959,20.950691456521902,21.230117797851562,5062500,0.0,0.0
2009-06-18 00:00:00-04:00,21.236462415385105,21.7064091401894,21.147554164830595,21.496837615966797,4871900,0.0,0.0
2009-06-19 00:00:00-04:00,21.642910743755014,21.769921185869624,21.338078899487034,21.407936096191406,6932400,0.0,0.0
2009-06-22 00:00:00-04:00,21.211071146593678,21.211071146593678,20.817330973898017,21.096759796142578,7991300,0.0,0.0
2009-06-23 00:00:00-04:00,21.115803550714613,21.439683982855644,21.052298343649586,21.312673568725586,5840100,0.0,0.0
2009-06-24 00:00:00-04:00,21.388877417532154,21.573045884782236,21.185657875245184,21.344423294067383,6134000,0.0,0.0
2009-06-25 00:00:00-04:00,21.19836052161958,22.487535015478056,21.115801821142643,22.436731338500977,12777400,0.0,0.0
2009-06-26 00:00:00-04:00,22.354172215097375,22.52563916396628,21.604799218959858,22.40497589111328,18743900,0.0,0.0
2009-06-29 00:00:00-04:00,22.41768473249382,22.41768473249382,21.92868677557887,22.246217727661133,6993100,0.0,0.0
2009-06-30 00:00:00-04:00,22.24621459847083,22.366877893733484,21.795321291353975,21.9985408782959,6700100,0.0,0.0
2009-07-01 00:00:00-04:00,22.074748393781636,22.37958020747927,21.998541651641553,22.20176124572754,5269200,0.0,0.0
2009-07-02 00:00:00-04:00,22.042997359772333,22.042997359772333,21.52859878540039,21.52859878540039,4492900,0.0,0.0
2009-07-06 00:00:00-04:00,21.388880313675827,21.57304880586309,21.128505088454247,21.31902313232422,6241500,0.0,0.0
2009-07-07 00:00:00-04:00,21.3126865020166,21.51590619502762,21.147568987339003,21.268232345581055,6003900,0.0,0.0
2009-07-08 00:00:00-04:00,20.982440791569474,21.547645361193293,20.982440791569474,21.22376251220703,5880000,0.0,0.0
2009-07-09 00:00:00-04:00,21.274573644002277,21.325379758821022,20.88083594443257,20.957042694091797,5492500,0.0,0.0
2009-07-10 00:00:00-04:00,20.86177942187144,21.541295362564032,20.798274210104644,21.160259246826172,13989200,0.0,0.0
2009-07-13 00:00:00-04:00,21.21106411228691,21.242816716311044,20.442637528519832,20.91258430480957,13187100,0.0,0.0
2009-07-14 00:00:00-04:00,20.836372356062512,20.976084263317645,20.703007576427996,20.899877548217773,9884200,0.0,0.0
2009-07-15 00:00:00-04:00,20.963400383494694,21.3126865020166,20.722078512150254,21.268232345581055,7363900,0.0,0.0
2009-07-16 00:00:00-04:00,21.192012101143263,21.534946062868674,21.192012101143263,21.439685821533203,6020100,0.0,0.0
2009-07-17 00:00:00-04:00,21.40793621451979,21.420637743315236,21.09675723802255,21.293624877929688,4388500,0.0,0.0
2009-07-20 00:00:00-04:00,21.439690111032647,21.547651900984306,21.04595238503572,21.414289474487305,6245200,0.0,0.0
2009-07-21 00:00:00-04:00,21.661968424213633,21.92869334098657,21.56670814104065,21.87788963317871,6772300,0.0,0.0
2009-07-22 00:00:00-04:00,22.131908171185454,22.144609700998604,21.45239207288114,21.458744049072266,9882600,0.0,0.0
2009-07-23 00:00:00-04:00,21.630206488543294,21.93503587181865,21.465089058497107,21.76991844177246,6543100,0.0,0.0
2009-07-24 00:00:00-04:00,21.681009001296108,22.07474663056693,21.477789423442232,22.023942947387695,7136100,0.0,0.0
2009-07-27 00:00:00-04:00,22.11285048212847,22.32242202758789,21.915980462687955,22.32242202758789,4740800,0.0,0.0
2009-07-28 00:00:00-04:00,22.233515212069467,22.430385265747503,21.922336249478636,22.27161979675293,4896400,0.0,0.0
2009-07-29 00:00:00-04:00,22.220809977368454,22.398626478374222,21.979485852740527,22.163654327392578,4125500,0.0,0.0
2009-07-30 00:00:00-04:00,22.36687479345424,22.639951529787805,22.170004786018715,22.258913040161133,4579700,0.0,0.0
2009-07-31 00:00:00-04:00,22.233517239587417,22.487542982171355,22.150960932431307,22.157310485839844,5893600,0.0,0.0
2009-08-03 00:00:00-04:00,22.436735869726494,22.627253936361022,21.954087516845785,22.20176124572754,5663700,0.0,0.0
2009-08-04 00:00:00-04:00,22.15730845455443,22.265270233154297,21.97949190458853,22.265270233154297,4364800,0.0,0.0
2009-08-05 00:00:00-04:00,22.316066426535425,22.398625120956883,21.90962735025747,22.036640167236328,4805900,0.0,0.0
2009-08-06 00:00:00-04:00,22.081098763986937,22.093800290515276,21.80802200004888,21.85882568359375,4453200,0.0,0.0
2009-08-07 00:00:00-04:00,22.062052649297634,22.265272274337175,21.954090860800303,22.157310485839844,5257700,0.0,0.0
2009-08-10 00:00:00-04:00,21.573040993494885,21.592092064212302,21.388872568001585,21.484132766723633,9479700,0.0,0.0
2009-08-11 00:00:00-04:00,21.553991425744165,21.611147070873404,21.293616247392723,21.382524490356445,6293700,0.0,0.0
2009-08-12 00:00:00-04:00,21.52430966207572,21.53719630632422,21.202089472274256,21.22786521911621,7475700,0.49,0.0
2009-08-13 00:00:00-04:00,21.21497795405221,21.363201417542776,20.873425309949557,21.182756423950195,6266000,0.0,0.0
2009-08-14 00:00:00-04:00,21.208529962419444,21.24719726503655,20.879866494380227,21.189197540283203,3817300,0.0,0.0
2009-08-17 00:00:00-04:00,21.092538077052236,21.227869997227476,20.91209551681858,21.079648971557617,4247000,0.0,0.0
2009-08-18 00:00:00-04:00,20.77031448779839,21.27297722984604,20.77031448779839,21.163423538208008,5479500,0.0,0.0
2009-08-19 00:00:00-04:00,20.841197396903006,21.234306335449222,20.841197396903006,21.23430633544922,5936900,0.0,0.0
2009-08-20 00:00:00-04:00,21.369646371880364,21.440535218524534,21.150536508773545,21.363203048706055,4443900,0.0,0.0
2009-08-21 00:00:00-04:00,21.395418019683564,21.807859410021003,21.395418019683564,21.556528091430664,5728300,0.0,0.0
2009-08-24 00:00:00-04:00,21.63386245070521,21.846528947172846,21.511419668655414,21.73697280883789,5603000,0.0,0.0
2009-08-25 00:00:00-04:00,21.756307282381616,22.007641108706085,21.73697485664323,21.82719612121582,5369100,0.0,0.0
2009-08-26 00:00:00-04:00,21.74341498843605,22.00763539104399,21.653191288958816,21.685415267944336,5392700,0.0,0.0
2009-08-27 00:00:00-04:00,21.640304754301685,22.007635499782694,21.640304754301685,21.981857299804688,6200500,0.0,0.0
2009-08-28 00:00:00-04:00,21.981866186262145,22.052755035687184,21.511424909031508,21.653200149536133,8660000,0.0,0.0
2009-08-31 00:00:00-04:00,21.466308447202728,21.788528614752995,21.466308447202728,21.562973022460938,5819100,0.0,0.0
2009-09-01 00:00:00-04:00,21.459861283569072,21.620971356956748,21.098976292521247,21.189197540283203,7084900,0.0,0.0
2009-09-02 00:00:00-04:00,21.105422504033974,21.337421434818094,21.040979449191703,21.27297592163086,7142100,0.0,0.0
2009-09-03 00:00:00-04:00,21.247199041656682,21.28586388916219,20.924978867938357,21.03453254699707,5838000,0.0,0.0
2009-09-04 00:00:00-04:00,21.060314058398944,21.26653480529785,21.034535850450276,21.26653480529785,4159700,0.0,0.0
2009-09-08 00:00:00-04:00,21.395416998954122,21.4276385200974,21.03452957045373,21.15697479248047,5376900,0.0,0.0
2009-09-09 00:00:00-04:00,21.118308714657488,21.363196714543246,21.08608719164888,21.189197540283203,6195400,0.0,0.0
2009-09-10 00:00:00-04:00,21.376084904532,21.39541978641256,21.105421141652194,21.150531768798828,5942400,0.0,0.0
2009-09-11 00:00:00-04:00,21.195642395945463,21.350309159265926,21.05386473443044,21.150531768798828,7281700,0.0,0.0
2009-09-14 00:00:00-04:00,21.472754071089593,21.47919985180476,21.272976660785112,21.350311279296875,8473700,0.0,0.0
2009-09-15 00:00:00-04:00,21.41475406877931,21.41475406877931,21.079644767784348,21.105422973632812,7476100,0.0,0.0
2009-09-16 00:00:00-04:00,21.17631310126786,21.234312838789553,21.060313626224474,21.182756423950195,6122600,0.0,0.0
2009-09-17 00:00:00-04:00,21.137652444301807,21.240762848094658,21.060320256043656,21.098987579345703,7067600,0.0,0.0
2009-09-18 00:00:00-04:00,21.26653083821644,21.311641464539015,21.15697716238869,21.17630958557129,9311900,0.0,0.0
2009-09-21 00:00:00-04:00,21.26653083821644,21.285863261399044,21.10542075610874,21.17630958557129,4607600,0.0,0.0
2009-09-22 00:00:00-04:00,21.22786652696991,21.27942294052012,21.066756422143147,21.11831283569336,6737400,0.0,0.0
2009-09-23 00:00:00-04:00,21.16986690294236,21.16986690294236,20.912092208862305,20.912092208862305,6428500,0.0,0.0
2009-09-24 00:00:00-04:00,20.989426981235944,21.092537363358517,20.815427750464337,20.879873275756836,6937400,0.0,0.0
2009-09-25 00:00:00-04:00,20.866982534440012,21.182756979403205,20.866982534440012,21.060314178466797,6311700,0.0,0.0
2009-09-28 00:00:00-04:00,21.09252953329803,21.492081808406287,21.09252953329803,21.292306900024414,5600500,0.0,0.0
2009-09-29 00:00:00-04:00,21.382534686463817,21.620976968628188,21.214978789978925,21.537199020385742,9277100,0.0,0.0
2009-09-30 00:00:00-04:00,21.601640728068283,21.601640728068283,21.10542136583953,21.285863876342773,6579000,0.0,0.0
2009-10-01 00:00:00-04:00,21.24719625817498,21.285861100615215,21.008751590852505,21.04097557067871,6639300,0.0,0.0
2009-10-02 00:00:00-04:00,20.944310843984503,21.040977877371574,20.815422285583338,20.950754165649414,5759000,0.0,0.0
2009-10-05 00:00:00-04:00,21.01520334003897,21.047424870673982,20.796093490037595,20.92498207092285,5052900,0.0,0.0
2009-10-06 00:00:00-04:00,21.040988039130355,21.38254079425351,20.957210066957252,21.279430389404297,4829000,0.0,0.0
2009-10-07 00:00:00-04:00,21.266532284583334,21.34386444091797,21.16986524540635,21.34386444091797,5456500,0.0,0.0
2009-10-08 00:00:00-04:00,21.414745804653787,21.601634037415916,21.38896760875334,21.498523712158203,5007700,0.0,0.0
2009-10-09 00:00:00-04:00,21.51786042757691,21.840080565655857,21.356750358537436,21.76919174194336,5442700,0.0,0.0
2009-10-12 00:00:00-04:00,21.84653100529929,21.949641373145838,21.74986395991718,21.82719612121582,4233800,0.0,0.0
2009-10-13 00:00:00-04:00,21.78852227017805,21.814298007734426,21.459856418307535,21.498523712158203,5376800,0.0,0.0
2009-10-14 00:00:00-04:00,21.646754799003762,21.962531700959325,21.51142289459933,21.859418869018555,6773600,0.0,0.0
2009-10-15 00:00:00-04:00,21.77564037775965,22.239635765782822,21.74986217332923,22.233192443847656,6888400,0.0,0.0
2009-10-16 00:00:00-04:00,22.078519613228185,22.28474273370135,22.078519613228185,22.19451904296875,6747500,0.0,0.0
2009-10-19 00:00:00-04:00,22.374968197390373,22.909852372706034,22.271857846826833,22.73585319519043,9515500,0.0,0.0
2009-10-20 00:00:00-04:00,22.677860922614304,22.96141632361532,22.452307724859388,22.710084915161133,12117400,0.0,0.0
2009-10-21 00:00:00-04:00,22.813193410110035,22.884079796143645,21.57586644082693,21.691865921020508,17840300,0.0,0.0
2009-10-22 00:00:00-04:00,21.89163500305191,21.994745339649576,21.556525794523402,21.97541046142578,10035000,0.0,0.0
2009-10-23 00:00:00-04:00,22.059195899062885,22.091417429295785,21.782086314038633,21.885196685791016,7867500,0.0,0.0
2009-10-26 00:00:00-04:00,21.943199031398127,22.16875468652504,21.736978263384955,21.852977752685547,8003700,0.0,0.0
2009-10-27 00:00:00-04:00,21.9109723549405,22.18808190786175,21.833640199671397,22.0269718170166,6637400,0.0,0.0
2009-10-28 00:00:00-04:00,22.014086788801414,22.14941870015387,21.91097640991211,21.91097640991211,7898000,0.0,0.0
2009-10-29 00:00:00-04:00,22.00764168857213,22.00764168857213,21.717643003129883,22.001195907592773,7201100,0.0,0.0
2009-10-30 00:00:00-04:00,21.956081014887516,22.12363687101472,21.717638790154595,21.91741371154785,8669400,0.0,0.0
2009-11-02 00:00:00-05:00,22.033416606565073,22.033416606565073,21.794974344568825,21.943195343017578,7000200,0.0,0.0
2009-11-03 00:00:00-05:00,21.846531417319564,21.91097447655963,21.511422100911943,21.614532470703125,7223300,0.0,0.0
2009-11-04 00:00:00-05:00,21.794964782323017,22.155852136523617,21.685411141321964,21.898075103759766,5766000,0.0,0.0
2009-11-05 00:00:00-05:00,22.001191556069315,22.297633505513758,21.917413628323832,22.188079833984375,4852300,0.0,0.0
2009-11-06 00:00:00-05:00,22.16230361083644,22.252524867998034,22.014082622878842,22.233192443847656,9027300,0.0,0.0
2009-11-09 00:00:00-05:00,22.400739807714636,22.800294493471014,22.304075254717485,22.761627197265625,5819100,0.0,0.0
2009-11-10 00:00:00-05:00,22.709354711762558,23.09492371162191,22.670143417683175,23.036108016967773,6043400,0.49,0.0
2009-11-11 00:00:00-05:00,23.075307848886677,23.1341235143254,22.78122952169306,22.996885299682617,6164200,0.0,0.0
2009-11-12 00:00:00-05:00,22.885798146148588,23.134131316523465,22.81391203159827,22.859657287597656,5226600,0.0,0.0
2009-11-13 00:00:00-05:00,22.931543210542333,23.212551205293156,22.84005269930801,23.107990264892578,5019100,0.0,0.0
2009-11-16 00:00:00-05:00,23.12759060276097,23.565441177724693,23.036100107585305,23.454343795776367,7371200,0.0,0.0
2009-11-17 00:00:00-05:00,23.454349478618333,23.493560768735282,23.251764045338184,23.487024307250977,4780700,0.0,0.0
2009-11-18 00:00:00-05:00,23.526231654213326,23.67000386761531,23.219082832101527,23.663467407226562,5744200,0.0,0.0
2009-11-19 00:00:00-05:00,23.571979485401087,23.66346999742444,23.04263831778521,23.60465431213379,7071700,0.0,0.0
2009-11-20 00:00:00-05:00,23.552379861154392,23.983694143054336,23.52623899729864,23.911808013916016,7319900,0.0,0.0
2009-11-23 00:00:00-05:00,23.937943028503835,24.297371093438734,23.937943028503835,24.04903793334961,5129200,0.0,0.0
2009-11-24 00:00:00-05:00,24.107850216049314,24.44113986943867,23.996755326872215,24.37578773498535,8028200,0.0,0.0
2009-11-25 00:00:00-05:00,24.46729285645788,24.53264502997771,24.310452625871328,24.44115447998047,5113500,0.0,0.0
2009-11-27 00:00:00-05:00,24.120921479414434,24.20587801068539,23.826843096498912,24.11438751220703,3040500,0.0,0.0
2009-11-30 00:00:00-05:00,24.1666802214543,24.17975065609574,23.898742543631002,24.00330352783203,6680700,0.0,0.0
2009-12-01 00:00:00-05:00,24.0621088560645,24.49342304142688,23.964081885011012,24.238555908203125,6762200,0.0,0.0
2009-12-02 00:00:00-05:00,24.238563207636943,24.611061821130924,24.238563207636943,24.51303482055664,6618300,0.0,0.0
2009-12-03 00:00:00-05:00,24.499970189683058,24.826723578490654,24.38233877027788,24.44115447998047,6362400,0.0,0.0
2009-12-04 00:00:00-05:00,24.676407100823035,24.83324977523995,24.343119845465477,24.43461036682129,5001100,0.0,0.0
2009-12-07 00:00:00-05:00,24.4607514298209,24.689477735097174,24.19934780127965,24.225488662719727,5677300,0.0,0.0
2009-12-08 00:00:00-05:00,24.19281545391745,24.39540340426194,23.81378041642064,23.859525680541992,7180900,0.0,0.0
2009-12-09 00:00:00-05:00,23.852983466689484,24.016360065776396,23.676536440524128,23.892194747924805,6549500,0.0,0.0
2009-12-10 00:00:00-05:00,23.389003643198446,23.5523803059876,22.71589009731471,22.88580322265625,21928200,0.0,0.0
2009-12-11 00:00:00-05:00,23.029569762310008,23.127594239872824,22.526369466780096,22.85312271118164,12559000,0.0,0.0
2009-12-14 00:00:00-05:00,23.029571909163632,23.402070443071953,22.944615359679208,23.277902603149414,6539000,0.0,0.0
2009-12-15 00:00:00-05:00,23.251766704657875,23.38900249636849,23.02303789221027,23.36286163330078,6072400,0.0,0.0
2009-12-16 00:00:00-05:00,23.487019969185774,23.565442534934977,23.336713790893555,23.336713790893555,7272500,0.0,0.0
2009-12-17 00:00:00-05:00,23.317113378648198,23.369392605148157,23.081850627074388,23.166807174682617,5318600,0.0,0.0
2009-12-18 00:00:00-05:00,23.186413319530786,23.382464796300095,23.088388827611023,23.3432559967041,9838300,0.0,0.0
2009-12-21 00:00:00-05:00,23.428205340467507,23.872589927896122,23.343251296495332,23.683074951171875,6356000,0.0,0.0
2009-12-22 00:00:00-05:00,23.807251234188215,23.970627922595803,23.500102262244212,23.598129272460938,5231200,0.0,0.0
2009-12-23 00:00:00-05:00,23.754961890726037,23.833384470959928,23.454349478618333,23.487024307250977,5578300,0.0,0.0
2009-12-24 00:00:00-05:00,23.52623809545962,23.59158775966394,23.395536274121092,23.578519821166992,1410500,0.0,0.0
2009-12-28 00:00:00-05:00,23.65039697937827,23.754957909235383,23.519697686753787,23.663467407226562,3104000,0.0,0.0
2009-12-29 00:00:00-05:00,23.663475803486854,23.76150280066631,23.51970603200178,23.532773971557617,3629300,0.0,0.0
2009-12-30 00:00:00-05:00,23.428207219287874,23.6373291015625,23.408602821865088,23.6373291015625,3457600,0.0,0.0
2009-12-31 00:00:00-05:00,23.591580897255543,23.624258212782294,23.304038968295973,23.336713790893555,4821400,0.0,0.0
2010-01-04 00:00:00-05:00,23.375925030977854,23.754957459688494,23.375925030977854,23.408599853515625,6067100,0.0,0.0
2010-01-05 00:00:00-05:00,23.460876657223054,23.467410623192404,22.826974762264438,22.996885299682617,7517100,0.0,0.0
2010-01-06 00:00:00-05:00,23.02957140057443,23.21908640118258,23.02957140057443,23.166807174682617,7661600,0.0,0.0
2010-01-07 00:00:00-05:00,23.192949413852677,23.238694674609548,22.970757078920844,23.049177169799805,5997100,0.0,0.0
2010-01-08 00:00:00-05:00,23.055713222037802,23.055713222037802,22.76817120087861,22.872732162475586,5624400,0.0,0.0
2010-01-11 00:00:00-05:00,22.931541875007202,23.238690710202157,22.931541875007202,23.18640899658203,4793400,0.0,0.0
2010-01-12 00:00:00-05:00,23.10145380384472,23.264830429028713,23.0099632926104,23.107990264892578,4700800,0.0,0.0
2010-01-13 00:00:00-05:00,23.101463546039856,23.526243947825577,23.049184300257444,23.4282169342041,5320900,0.0,0.0
2010-01-14 00:00:00-05:00,23.362860838572185,23.52623748779297,23.362860838572185,23.52623748779297,6417300,0.0,0.0
2010-01-15 00:00:00-05:00,23.526231208994933,23.59811731433553,23.15373274762018,23.408599853515625,6519600,0.0,0.0
2010-01-19 00:00:00-05:00,23.519701431054877,24.78096675759132,23.467419711338547,24.44767951965332,17795600,0.0,0.0
2010-01-20 00:00:00-05:00,24.44113986943867,24.650261713831227,23.957544046200226,24.37578773498535,8851200,0.0,0.0
2010-01-21 00:00:00-05:00,24.35619700695493,24.493432826914002,23.52624313069273,23.598129272460938,11022600,0.0,0.0
2010-01-22 00:00:00-05:00,23.585051559467136,23.79417345665565,23.173341733720523,23.212553024291992,7247500,0.0,0.0
2010-01-25 00:00:00-05:00,23.428211298040146,23.539308719612965,23.21908937935828,23.36286163330078,6499400,0.0,0.0
2010-01-26 00:00:00-05:00,23.500094625655805,23.683078152402686,23.37592928026975,23.630796432495117,7128400,0.0,0.0
2010-01-27 00:00:00-05:00,23.630793135091654,23.800703715222973,23.46088255496034,23.781099319458008,7009700,0.0,0.0
2010-01-28 00:00:00-05:00,23.467422592641714,23.53277225738108,23.049178755277982,23.36286163330078,9423500,0.0,0.0
2010-01-29 00:00:00-05:00,23.48703451388038,23.48703451388038,22.957695578382697,23.003440856933594,9281900,0.0,0.0
2010-02-01 00:00:00-05:00,23.107994949301272,23.32365084193817,22.77470517032156,22.872732162475586,6767300,0.0,0.0
2010-02-02 00:00:00-05:00,22.87272924034082,23.36285915263384,22.80737958254028,23.277902603149414,6573500,0.0,0.0
2010-02-03 00:00:00-05:00,23.166811731578015,23.166811731578015,22.918478501299848,23.075321197509766,5493500,0.0,0.0
2010-02-04 00:00:00-05:00,22.938076235763123,23.016498807536998,22.6178594596059,22.657068252563477,8914200,0.0,0.0
2010-02-05 00:00:00-05:00,22.6374697054309,22.75510110055739,22.16041015538681,22.559049606323242,8698500,0.0,0.0
2010-02-08 00:00:00-05:00,22.539439332792085,22.95768307631185,22.36299228607043,22.728954315185547,8301000,0.0,0.0
2010-02-09 00:00:00-05:00,22.840064149843055,23.179887999743055,22.781248435573236,23.003440856933594,10261600,0.0,0.0
2010-02-10 00:00:00-05:00,23.02993940246454,23.02993940246454,22.519635405855407,22.645553588867188,9425900,0.49,0.0
2010-02-11 00:00:00-05:00,22.645553588867188,22.817865342590903,22.41359837591859,22.645553588867188,6352000,0.0,0.0
2010-02-12 00:00:00-05:00,22.499752044677734,22.559398026171237,22.287678005616826,22.499752044677734,8706400,0.0,0.0
2010-02-16 00:00:00-05:00,22.698574038703057,22.698574038703057,22.499754917711137,22.58591079711914,7280900,0.0,0.0
2010-02-17 00:00:00-05:00,22.764837623393756,22.943775523023145,22.678684304703605,22.79134750366211,5708100,0.0,0.0
2010-02-18 00:00:00-05:00,22.791354354587533,22.923901267650667,22.70519848187818,22.804609298706055,4158200,0.0,0.0
2010-02-19 00:00:00-05:00,22.66543614146835,22.851000302587305,22.4401071480573,22.691946029663086,5476400,0.0,0.0
2010-02-22 00:00:00-05:00,22.797982663518425,22.963665669712242,22.585908617840097,22.84437370300293,5855000,0.0,0.0
2010-02-23 00:00:00-05:00,22.771479705048602,22.844380654456877,22.43348485381438,22.506385803222656,5547900,0.0,0.0
2010-02-24 00:00:00-05:00,22.605783956632457,22.738330833128227,22.506373167230283,22.55939292907715,4426200,0.0,0.0
2010-02-25 00:00:00-05:00,22.426852203959935,22.744963277930463,22.347325067497824,22.691946029663086,6111600,0.0,0.0
2010-02-26 00:00:00-05:00,22.751590650319688,22.877508819514055,22.658806047199594,22.758216857910156,4850100,0.0,0.0
2010-03-01 00:00:00-05:00,22.864264244704387,22.897400353927168,22.71846233037645,22.744972229003906,5714700,0.0,0.0
2010-03-02 00:00:00-05:00,22.75821535494578,23.036561561558127,22.75158914779291,22.897388458251953,6316400,0.0,0.0
2010-03-03 00:00:00-05:00,22.94379141246368,23.016692369627645,22.68532622115367,22.744972229003906,5317600,0.0,0.0
2010-03-04 00:00:00-05:00,22.79135342368272,22.904019180027323,22.73833617749619,22.890764236450195,5815300,0.0,0.0
2010-03-05 00:00:00-05:00,22.963659366788978,23.255260467529297,22.95040442655696,23.255260467529297,5995400,0.0,0.0
2010-03-08 00:00:00-05:00,23.2685325154481,23.2685325154481,23.069713322033024,23.149240493774414,5672000,0.0,0.0
2010-03-09 00:00:00-05:00,23.195621062829453,23.308284294493177,23.043192999219794,23.23538589477539,4805800,0.0,0.0
2010-03-10 00:00:00-05:00,23.3546682347023,23.50046750215527,23.24863125468149,23.420940399169922,5063800,0.0,0.0
2010-03-11 00:00:00-05:00,23.414322192054623,23.74568818382587,23.348047476827244,23.739059448242188,6661300,0.0,0.0
2010-03-12 00:00:00-05:00,23.85173269135711,23.858358900900047,23.51373785784566,23.811967849731445,7245200,0.0,0.0
2010-03-15 00:00:00-04:00,23.798706599913967,23.884862469891583,23.6992957862381,23.864978790283203,6446000,0.0,0.0
2010-03-16 00:00:00-04:00,23.918003693350848,24.004159581801208,23.78545675607089,23.977649688720703,6635900,0.0,0.0
2010-03-17 00:00:00-04:00,23.997521655831736,24.083677511293065,23.917994535163672,24.004150390625,6155400,0.0,0.0
2010-03-18 00:00:00-04:00,23.911369233578235,24.11018830683483,23.871604407678245,24.096933364868164,5731200,0.0,0.0
2010-03-19 00:00:00-04:00,23.971017837524414,24.24274041411864,23.8649808070993,23.971017837524414,9641300,0.0,0.0
2010-03-22 00:00:00-04:00,23.971025258975107,24.401802250514834,23.93788915073121,24.216238021850586,6691600,0.0,0.0
2010-03-23 00:00:00-04:00,24.282505816259285,24.3885428602032,24.163213825807063,24.269250869750977,6515200,0.0,0.0
2010-03-24 00:00:00-04:00,24.3090151655215,24.322270111733314,23.977649094593588,24.03066635131836,5450700,0.0,0.0
2010-03-25 00:00:00-04:00,24.24273729719539,24.24273729719539,23.831841645020557,23.845096588134766,5852200,0.0,0.0
2010-03-26 00:00:00-04:00,23.884870028212156,23.884870028212156,23.460721808135332,23.473974227905273,8199200,0.0,0.0
2010-03-29 00:00:00-04:00,23.526993660526156,23.679421766783,23.42095660712475,23.507112503051758,6954900,0.0,0.0
2010-03-30 00:00:00-04:00,23.533621753812906,23.81859683166005,23.513740594747325,23.792089462280273,7239900,0.0,0.0
2010-03-31 00:00:00-04:00,23.772192707170902,24.183088308219332,23.7258016761044,24.004150390625,9361900,0.0,0.0
2010-04-01 00:00:00-04:00,24.1565962356332,24.24937836617326,23.88487605557011,23.95777702331543,6248100,0.0,0.0
2010-04-05 00:00:00-04:00,24.090305808876973,24.50120144558899,23.990897531444173,24.22285270690918,8196400,0.0,0.0
2010-04-06 00:00:00-04:00,24.116813440773036,24.242734119793145,23.898113228357506,24.196340560913086,7033500,0.0,0.0
2010-04-07 00:00:00-04:00,24.19634749015908,24.309013260066994,24.156585182762882,24.20297622680664,9554200,0.0,0.0
2010-04-08 00:00:00-04:00,24.19634749015908,24.269248424548504,24.156585182762882,24.20297622680664,6104900,0.0,0.0
2010-04-09 00:00:00-04:00,24.31563968098836,24.468067759623928,24.216231383507242,24.415050506591797,4587200,0.0,0.0
2010-04-12 00:00:00-04:00,24.40842819745965,24.40842819745965,24.216235252253814,24.236116409301758,5256400,0.0,0.0
2010-04-13 00:00:00-04:00,24.236106284740416,24.494571330881534,24.189715252259788,24.468061447143555,5788900,0.0,0.0
2010-04-14 00:00:00-04:00,24.33552838037788,24.401800592362346,24.156590374272415,24.249372482299805,7678300,0.0,0.0
2010-04-15 00:00:00-04:00,24.26262647286416,24.37528973441638,24.189725525684377,24.335527420043945,5629500,0.0,0.0
2010-04-16 00:00:00-04:00,24.202983072928426,24.415057199436994,24.189728124006262,24.216238021850586,7987600,0.0,0.0
2010-04-19 00:00:00-04:00,23.825224337511766,24.26925372115785,23.69267738497823,24.242746353149414,11600000,0.0,0.0
2010-04-20 00:00:00-04:00,24.209598541259766,24.28912819950454,24.16320750467792,24.209598541259766,7789400,0.0,0.0
2010-04-21 00:00:00-04:00,24.189718590585294,24.22948342168004,23.725805673634596,23.864978790283203,11347000,0.0,0.0
2010-04-22 00:00:00-04:00,23.719180208578155,23.752316304800384,23.334794413658464,23.447460174560547,10391800,0.0,0.0
2010-04-23 00:00:00-04:00,23.473980285971564,23.513745139912167,23.09622302196796,23.500490188598633,10398900,0.0,0.0
2010-04-26 00:00:00-04:00,23.513732796987092,23.6595346567776,23.361304729079812,23.407695770263672,6419000,0.0,0.0
2010-04-27 00:00:00-04:00,23.387817266835775,23.460718204988225,23.076332359501645,23.109468460083008,7002500,0.0,0.0
2010-04-28 00:00:00-04:00,23.20888714371116,23.20888714371116,22.910657081314618,23.036575317382812,6968300,0.0,0.0
2010-04-29 00:00:00-04:00,23.175736880618587,23.42757319898162,23.08295481299834,23.22212791442871,6256300,0.0,0.0
2010-04-30 00:00:00-04:00,23.281774393139877,23.52698450973342,23.175737380981445,23.175737380981445,6937600,0.0,0.0
2010-05-03 00:00:00-04:00,23.374554877016845,23.46733694034585,23.195616957115927,23.321535110473633,5234100,0.0,0.0
2010-05-04 00:00:00-04:00,23.215494930057147,23.447452584773746,23.102831733745493,23.202239990234375,7010800,0.0,0.0
2010-05-05 00:00:00-04:00,23.169106597547643,23.440826575191707,23.102834418852627,23.24863624572754,6713800,0.0,0.0
2010-05-06 00:00:00-04:00,23.228761365125127,23.28178115065418,22.14850725213465,22.79798698425293,12354100,0.0,0.0
2010-05-07 00:00:00-04:00,22.797987265336296,23.12935334461082,22.546148337213342,22.94378662109375,23682700,0.0,0.0
2010-05-10 00:00:00-04:00,23.507104629643354,23.725804872979147,23.142600010547156,23.29503059387207,13461100,0.0,0.0
2010-05-11 00:00:00-04:00,23.182368316630427,23.55349919894436,23.162487162833674,23.381187438964844,6984800,0.0,0.0
2010-05-12 00:00:00-04:00,23.56936194525032,23.56936194525032,23.166123241907957,23.374462127685547,6697600,0.49,0.0
2010-05-13 00:00:00-04:00,23.37446466643714,23.408070031806584,23.17284529286764,23.18628692626953,5617300,0.0,0.0
2010-05-14 00:00:00-04:00,23.078760851066615,23.11908575900971,22.668799926699894,22.796491622924805,7688500,0.0,0.0
2010-05-17 00:00:00-04:00,22.830092944607877,22.95778461817986,22.56798749880095,22.85697364807129,5526900,0.0,0.0
2010-05-18 00:00:00-04:00,23.018274068420148,23.132524125176726,22.58815198507564,22.594871520996094,6693100,0.0,0.0
2010-05-19 00:00:00-04:00,22.494064769071624,22.850259165074768,22.494064769071624,22.75617027282715,9399300,0.0,0.0
2010-05-20 00:00:00-04:00,22.480622128189033,22.82337487231157,22.245397344348536,22.406694412231445,12160500,0.0,0.0
2010-05-21 00:00:00-04:00,22.178193303109843,22.312607108601984,21.956410139488295,22.258840560913086,9019400,0.0,0.0
2010-05-24 00:00:00-04:00,22.18491222581684,22.45373982936227,22.110987070385377,22.164751052856445,4874600,0.0,0.0
2010-05-25 00:00:00-04:00,21.92952084931201,22.050492970550827,21.519560056639246,22.010168075561523,10079600,0.0,0.0
2010-05-26 00:00:00-04:00,22.16474128180263,22.16474128180263,21.573322352960474,21.67413330078125,12715000,0.0,0.0
2010-05-27 00:00:00-04:00,21.95640377112664,22.09081753763264,21.85559536904416,22.057214736938477,6110700,0.0,0.0
2010-05-28 00:00:00-04:00,22.07066068384901,22.23195774792888,21.88248291219738,22.037057876586914,8389500,0.0,0.0
2010-06-01 00:00:00-04:00,21.929529487284004,22.26556272003668,21.781674044479193,21.875762939453125,5852100,0.0,0.0
2010-06-02 00:00:00-04:00,22.01688845662924,22.326040869317037,21.92279959509655,22.319318771362305,5509500,0.0,0.0
2010-06-03 00:00:00-04:00,22.332768100667906,22.54110962567447,22.292443190228873,22.426856994628906,5107700,0.0,0.0
2010-06-04 00:00:00-04:00,22.191627715063913,22.245391681518676,21.68757803137032,21.754783630371094,6832600,0.0,0.0
2010-06-07 00:00:00-04:00,21.902645058109968,22.077381201883625,21.795114531850032,21.895925521850586,9650100,0.0,0.0
2010-06-08 00:00:00-04:00,21.88920166751207,22.12442387368776,21.76150997897809,22.110984802246094,7600900,0.0,0.0
2010-06-09 00:00:00-04:00,22.178191277830937,22.373091149810072,22.05049958432557,22.144588470458984,6512400,0.0,0.0
2010-06-10 00:00:00-04:00,22.413411312511773,22.796488919487228,22.279000096101143,22.48733901977539,7213400,0.0,0.0
2010-06-11 00:00:00-04:00,22.393247304528472,22.715838797739927,22.352922406478555,22.628469467163086,5601600,0.0,0.0
2010-06-14 00:00:00-04:00,22.85025730342229,22.998112729896803,22.736007247495497,22.762887954711914,6053200,0.0,0.0
2010-06-15 00:00:00-04:00,22.816644215245045,23.132513533475812,22.688950017655312,23.11235237121582,6373600,0.0,0.0
2010-06-16 00:00:00-04:00,23.031711485638546,23.09219755276371,22.796486751827626,22.92418098449707,7534700,0.0,0.0
2010-06-17 00:00:00-04:00,23.011543996187196,23.11235237121582,22.803202585828828,23.11235237121582,6494200,0.0,0.0
2010-06-18 00:00:00-04:00,23.29382047265556,23.347587013286716,23.09220107274827,23.260217666625977,8506400,0.0,0.0
2010-06-21 00:00:00-04:00,23.36101929797925,23.421505356752284,23.199724850403843,23.293813705444336,5373200,0.0,0.0
2010-06-22 00:00:00-04:00,23.293818476875305,23.50887949351427,23.13252143253131,23.152685165405273,5256400,0.0,0.0
2010-06-23 00:00:00-04:00,23.145969892637346,23.32070862252059,23.011558640395222,23.226619720458984,5625800,0.0,0.0
2010-06-24 00:00:00-04:00,23.21316692027715,23.260211348686315,22.97794221450225,23.172842025756836,16867500,0.0,0.0
2010-06-25 00:00:00-04:00,23.065318658760184,23.085479830380493,22.756168729842795,22.809932708740234,12710800,0.0,0.0
2010-06-28 00:00:00-04:00,23.01827584207871,23.024995378516934,22.695684254713242,22.86370086669922,8289300,0.0,0.0
2010-06-29 00:00:00-04:00,22.58814685388158,22.722560615325346,22.406688660491877,22.682235717773438,8854700,0.0,0.0
2010-06-30 00:00:00-04:00,22.64862920878887,22.89729296030788,22.4671710451197,22.51421546936035,7742600,0.0,0.0
2010-07-01 00:00:00-04:00,22.46718208761241,22.494065361456858,22.057221134539926,22.258840560913086,17132600,0.0,0.0
2010-07-02 00:00:00-04:00,22.366364039161862,22.76288323026685,22.238672374264397,22.628469467163086,6888200,0.0,0.0
2010-07-06 00:00:00-04:00,22.830095030816974,22.95106718050988,22.628473072175662,22.789770126342773,19358500,0.0,0.0
2010-07-07 00:00:00-04:00,22.86369176027122,23.300533239206217,22.688953117714004,23.293813705444336,6759500,0.0,0.0
2010-07-08 00:00:00-04:00,23.408071193850684,23.650012915907112,23.354304657573994,23.643293380737305,7511300,0.0,0.0
2010-07-09 00:00:00-04:00,23.616412620124272,23.643295891117006,23.441676486131147,23.636573791503906,5367200,0.0,0.0
2010-07-12 00:00:00-04:00,23.58952026313553,23.650006317706804,23.481989784312024,23.609683990478516,4361700,0.0,0.0
2010-07-13 00:00:00-04:00,23.7037789571515,23.925559505337258,23.63657078820922,23.663454055786133,7524300,0.0,0.0
2010-07-14 00:00:00-04:00,23.623131774462685,23.656734577149173,23.320701422825266,23.387907028198242,11570800,0.0,0.0
2010-07-15 00:00:00-04:00,23.42823485063478,23.68362079760611,23.266937788408196,23.636573791503906,7380700,0.0,0.0
2010-07-16 00:00:00-04:00,23.576091112964654,23.602971821180283,23.24005790483503,23.280380249023438,7637500,0.0,0.0
2010-07-19 00:00:00-04:00,23.361034073250565,23.57609774558855,23.361034073250565,23.51561164855957,4951300,0.0,0.0
2010-07-20 00:00:00-04:00,23.367754180577116,23.730670731776414,23.152693090325034,23.697065353393555,6926100,0.0,0.0
2010-07-21 00:00:00-04:00,23.811307620247526,23.811307620247526,23.334141194482555,23.48871612548828,6809100,0.0,0.0
2010-07-22 00:00:00-04:00,24.093571253305353,24.093571253305353,23.522316032298278,23.623126983642578,8888000,0.0,0.0
2010-07-23 00:00:00-04:00,23.670179162109743,23.68362079760611,23.23333498153219,23.636573791503906,6328000,0.0,0.0
2010-07-26 00:00:00-04:00,23.656733028509752,23.87179402810017,23.636569297234228,23.81802749633789,4673400,0.0,0.0
2010-07-27 00:00:00-04:00,23.945727206363618,24.28176041557663,23.69034124951735,24.2615966796875,11840500,0.0,0.0
2010-07-28 00:00:00-04:00,24.207827579173134,24.328799714001487,23.878513975756093,23.97260284423828,10420300,0.0,0.0
2010-07-29 00:00:00-04:00,24.033091736968693,24.187669254766487,23.65673621879581,23.824752807617188,7269400,0.0,0.0
2010-07-30 00:00:00-04:00,23.697059235045234,24.07341732767962,23.555925911705998,23.925561904907227,7662800,0.0,0.0
2010-08-02 00:00:00-04:00,24.086856555827588,24.456492512091263,24.026370485622298,24.422889709472656,6991400,0.0,0.0
2010-08-03 00:00:00-04:00,24.483385080815232,24.637960082566828,24.382574070932222,24.584196090698242,5950300,0.0,0.0
2010-08-04 00:00:00-04:00,24.510264176086867,24.745486407367338,24.34224756410652,24.718603134155273,6623300,0.0,0.0
2010-08-05 00:00:00-04:00,24.59090416202905,24.785803989602,24.503534831784407,24.765640258789062,3620200,0.0,0.0
2010-08-06 00:00:00-04:00,24.597628833811232,24.79252870208994,24.456495507290715,24.77908706665039,4711800,0.0,0.0
2010-08-09 00:00:00-04:00,24.85301072504348,24.87317189304868,24.779083024051857,24.839569091796875,5664200,0.0,0.0
2010-08-10 00:00:00-04:00,24.738760547932692,25.484751960923752,24.738760547932692,25.383943557739258,11213900,0.0,0.0
2010-08-11 00:00:00-04:00,25.063916335352623,25.3703190911561,24.90049928115494,24.995824813842773,9675700,0.49,0.0
2010-08-12 00:00:00-04:00,24.79836869446183,25.104774114374152,24.668998671577306,24.920930862426758,7401800,0.0,0.0
2010-08-13 00:00:00-04:00,24.097038986707542,24.403444358722663,23.9880951430384,24.30811882019043,13055600,0.0,0.0
2010-08-16 00:00:00-04:00,24.090238265917147,24.328552182811944,23.988102245861157,24.219608306884766,5217800,0.0,0.0
2010-08-17 00:00:00-04:00,23.885960640382397,23.93362340743305,23.456993139500515,23.66126251220703,14976600,0.0,0.0
2010-08-18 00:00:00-04:00,23.702124699848746,23.811068571888587,23.58637037475384,23.68169593811035,23704700,0.0,0.0
2010-08-19 00:00:00-04:00,23.55231976263074,23.62040869087259,23.273151000957366,23.34123992919922,10578400,0.0,0.0
2010-08-20 00:00:00-04:00,23.218677487084943,23.307195170621934,22.966745338861593,23.266340255737305,9187800,0.0,0.0
2010-08-23 00:00:00-04:00,23.388901644670685,23.518274238897906,23.320812719496573,23.36166763305664,13820500,0.0,0.0
2010-08-24 00:00:00-04:00,23.177831696869877,23.300393878613132,23.048459062014874,23.130168914794922,6426300,0.0,0.0
2010-08-25 00:00:00-04:00,23.041643970401097,23.49103762985786,23.01440736136105,23.36166763305664,7127500,0.0,0.0
2010-08-26 00:00:00-04:00,23.46380241846512,23.46380241846512,23.041645342902154,23.116544723510742,6380900,0.0,0.0
2010-08-27 00:00:00-04:00,23.225488791079314,23.32081433188423,22.95993832814386,23.28676986694336,5809800,0.0,0.0
2010-08-30 00:00:00-04:00,23.30720173429806,23.34124620757634,23.11655060599825,23.130168914794922,4576400,0.0,0.0
2010-08-31 00:00:00-04:00,23.11655769673221,23.177838806401105,22.837388774335615,22.87143325805664,9329300,0.0,0.0
2010-09-01 00:00:00-04:00,23.225488791079314,23.37528755373057,23.034837709469485,23.28676986694336,8004300,0.0,0.0
2010-09-02 00:00:00-04:00,23.259531647869466,23.436564411777766,23.23229503882942,23.36166763305664,4316400,0.0,0.0
2010-09-03 00:00:00-04:00,23.354860798218578,23.634029590538972,23.341242491589973,23.599985122680664,4450600,0.0,0.0
2010-09-07 00:00:00-04:00,23.634029833340943,23.68169260831752,23.443378733434646,23.518278121948242,4009800,0.0,0.0
2010-09-08 00:00:00-04:00,23.702129364013672,23.76341046643431,23.552330536446046,23.702129364013672,3587400,0.0,0.0
2010-09-09 00:00:00-04:00,23.76340966259507,24.131093667254024,23.67489194044235,23.947250366210938,5616000,0.0,0.0
2010-09-10 00:00:00-04:00,24.1379030545633,24.185565841901866,23.96767807194639,24.124284744262695,4600900,0.0,0.0
2010-09-13 00:00:00-04:00,24.32854418853091,24.33535463959109,24.049375435862288,24.192363739013672,3943200,0.0,0.0
2010-09-14 00:00:00-04:00,24.21960704265565,24.41025816621977,24.137899789331993,24.274080276489258,6042800,0.0,0.0
2010-09-15 00:00:00-04:00,24.267263904779707,24.403444358722663,24.17874622010287,24.30811882019043,4535900,0.0,0.0
2010-09-16 00:00:00-04:00,24.226422149382174,24.348981754197418,24.09024163606526,24.287700653076172,4461200,0.0,0.0
2010-09-17 00:00:00-04:00,24.40345212877756,24.491969841638422,24.226419300482778,24.369407653808594,4899300,0.0,0.0
2010-09-20 00:00:00-04:00,24.457918608698648,24.77794233330686,24.383021815478422,24.75070571899414,5525700,0.0,0.0
2010-09-21 00:00:00-04:00,24.771137445056606,24.84603684467336,24.56686800810071,24.737092971801758,4736600,0.0,0.0
2010-09-22 00:00:00-04:00,24.66219445463223,24.995833940865353,24.505587794114877,24.54644012451172,6931300,0.0,0.0
2010-09-23 00:00:00-04:00,24.464729350995686,24.51919998284032,24.34216718256209,24.41706657409668,4437700,0.0,0.0
2010-09-24 00:00:00-04:00,24.655383791919533,24.703046575262395,24.519203297756984,24.58048439025879,6132600,0.0,0.0
2010-09-27 00:00:00-04:00,24.6145275611479,24.634953722935887,24.47153663635254,24.47153663635254,4638800,0.0,0.0
2010-09-28 00:00:00-04:00,24.546438517164678,24.777944564819336,24.44430510043355,24.777944564819336,5453300,0.0,0.0
2010-09-29 00:00:00-04:00,24.72347383798211,25.002642665238785,24.58048289920051,24.87327003479004,6778900,0.0,0.0
2010-09-30 00:00:00-04:00,24.9141249597886,25.125204842807737,24.73709214631496,24.87327003479004,6022100,0.0,0.0
2010-10-01 00:00:00-04:00,24.97541248427058,25.036693588846052,24.79837702775148,24.88008689880371,5212600,0.0,0.0
2010-10-04 00:00:00-04:00,24.880078543041897,24.89369685031034,24.600909737605065,24.71666145324707,4680800,0.0,0.0
2010-10-05 00:00:00-04:00,24.91411785043982,25.193286598034515,24.81198186580172,25.11838722229004,5468200,0.0,0.0
2010-10-06 00:00:00-04:00,25.07074322306481,25.309057235717773,24.995843791251612,25.309057235717773,4981700,0.0,0.0
2010-10-07 00:00:00-04:00,25.383952050935903,25.465661923923093,25.152445938993786,25.247774124145508,3782400,0.0,0.0
2010-10-08 00:00:00-04:00,25.281810275815634,25.35670966932845,25.132011488789995,25.240955352783203,4539400,0.0,0.0
2010-10-11 00:00:00-04:00,25.29542728166814,25.417989447031182,25.2545723607383,25.343090057373047,3152400,0.0,0.0
2010-10-12 00:00:00-04:00,25.281814580573016,25.533746821936553,25.19329686431073,25.43842124938965,3733900,0.0,0.0
2010-10-13 00:00:00-04:00,25.533754791065775,25.533754791065775,25.370337617534698,25.465665817260742,5772600,0.0,0.0
2010-10-14 00:00:00-04:00,25.465643785927558,25.588205910685573,25.40436272354855,25.479259490966797,4715900,0.0,0.0
2010-10-15 00:00:00-04:00,25.64948858089422,25.806097786203367,25.526929033468072,25.710769653320312,6742200,0.0,0.0
2010-10-18 00:00:00-04:00,25.81290688574865,25.92866118255216,25.64948981891609,25.915042877197266,10374700,0.0,0.0
2010-10-19 00:00:00-04:00,25.65630720403028,25.7652510788858,25.343093888499016,25.49970054626465,6696200,0.0,0.0
2010-10-20 00:00:00-04:00,24.19236779614157,24.614527520184975,24.13789716565542,24.51919937133789,18242000,0.0,0.0
2010-10-21 00:00:00-04:00,24.41706416251066,24.46472693470218,23.98809661536066,24.171939849853516,10773400,0.0,0.0
2010-10-22 00:00:00-04:00,24.20599046500604,24.328552652468506,24.001721018377573,24.103857040405273,6708900,0.0,0.0
2010-10-25 00:00:00-04:00,24.158319640521455,24.246837323657225,23.87234302990352,23.920005798339844,8500300,0.0,0.0
2010-10-26 00:00:00-04:00,23.858728490761187,23.960861897490993,23.70892971064569,23.763402938842773,7667800,0.0,0.0
2010-10-27 00:00:00-04:00,23.64083799021596,23.817870766166138,23.613601379323264,23.790634155273438,7163400,0.0,0.0
2010-10-28 00:00:00-04:00,23.817873770095492,24.008524875537084,23.736166524538596,23.93362808227539,6306900,0.0,0.0
2010-10-29 00:00:00-04:00,23.920011475622275,23.967674255371094,23.736168211979678,23.967674255371094,6326300,0.0,0.0
2010-11-01 00:00:00-04:00,24.008518833016424,24.07661035169849,23.74977885430212,23.858722686767578,6940900,0.0,0.0
2010-11-02 00:00:00-04:00,23.994909203598763,24.103853063655077,23.879154891236514,24.090234756469727,5843000,0.0,0.0
2010-11-03 00:00:00-04:00,24.117472286828775,24.22641876018284,23.940439462482196,24.219608306884766,4714800,0.0,0.0
2010-11-04 00:00:00-04:00,24.36259635160107,24.39664342281083,24.144708602478257,24.34897804260254,19563700,0.0,0.0
2010-11-05 00:00:00-04:00,24.389835781587898,24.464735191001818,24.17875586391478,24.321746826171875,19177000,0.0,0.0
2010-11-08 00:00:00-05:00,24.362589080321182,24.43068060499119,24.25364523827525,24.32854461669922,18223300,0.0,0.0
2010-11-09 00:00:00-05:00,24.389833659315958,24.423878134061603,24.27408192569538,24.355789184570312,6519300,0.0,0.0
2010-11-10 00:00:00-05:00,24.34888723178374,24.34888723178374,24.024418658685605,24.155588150024414,6763500,0.49,0.0
2010-11-11 00:00:00-05:00,24.07273042098989,24.34887407442897,24.052020568707327,24.127960205078125,5473000,0.0,0.0
2010-11-12 00:00:00-05:00,24.072739132847293,24.114161485904106,23.976089609216736,23.99679946899414,5527300,0.0,0.0
2010-11-15 00:00:00-05:00,23.996799382168415,24.086546496715783,23.79659792687321,23.907054901123047,5821300,0.0,0.0
2010-11-16 00:00:00-05:00,23.79659683426378,23.996798280366832,23.665427372832063,23.76898193359375,5934500,0.0,0.0
2010-11-17 00:00:00-05:00,23.775884209152533,23.941570978745013,23.693042141107224,23.748271942138672,4032200,0.0,0.0
2010-11-18 00:00:00-05:00,23.85873910895818,24.08655555183686,23.851834064126805,24.017520904541016,4699100,0.0,0.0
2010-11-19 00:00:00-05:00,24.024413005059138,24.031318046927005,23.78969161808693,23.817306518554688,5109800,0.0,0.0
2010-11-22 00:00:00-05:00,23.824203190897727,23.858723124922175,23.582579453733935,23.851818084716797,4272000,0.0,0.0
2010-11-23 00:00:00-05:00,23.71375685638683,23.720661899680863,23.520457780192295,23.527362823486328,5980400,0.0,0.0
2010-11-24 00:00:00-05:00,23.582597250813908,23.693054275947567,23.55498233615469,23.624019622802734,5834300,0.0,0.0
2010-11-26 00:00:00-05:00,23.596394071066495,23.596394071066495,23.472129644620694,23.52045440673828,2807800,0.0,0.0
2010-11-29 00:00:00-05:00,23.458328595535875,23.499750960156405,23.16147489951224,23.396196365356445,5126700,0.0,0.0
2010-11-30 00:00:00-05:00,23.265026405103658,23.396193258731124,23.14076196124505,23.237411499023438,6176200,0.0,0.0
2010-12-01 00:00:00-05:00,23.451421301992013,23.693045128212713,23.409998945996097,23.651622772216797,6252100,0.0,0.0
2010-12-02 00:00:00-05:00,23.69995179664629,23.817311196431625,23.58258976335858,23.64472198486328,8527100,0.0,0.0
2010-12-03 00:00:00-05:00,23.637816246706862,23.693043417210976,23.416899664184402,23.56877899169922,16305000,0.0,0.0
2010-12-06 00:00:00-05:00,23.513548218862073,23.603292686369937,23.444510974431104,23.451416015625,4658500,0.0,0.0
2010-12-07 00:00:00-05:00,23.603298082261297,23.630912986346658,23.340964393956956,23.548070907592773,15330600,0.0,0.0
2010-12-08 00:00:00-05:00,23.5894879072826,23.803499438987494,23.506645838091178,23.686140060424805,4641600,0.0,0.0
2010-12-09 00:00:00-05:00,23.810401998502297,24.162482730984497,23.72065489669247,23.934663772583008,6603700,0.0,0.0
2010-12-10 00:00:00-05:00,24.114154802651985,24.217709339842813,24.017505305807894,24.148672103881836,5813300,0.0,0.0
2010-12-13 00:00:00-05:00,24.210811662027417,24.300558779318234,24.107257093345545,24.14177703857422,8563300,0.0,0.0
2010-12-14 00:00:00-05:00,24.231511781169683,24.300549010371633,24.114152441777897,24.224609375,10706900,0.0,0.0
2010-12-15 00:00:00-05:00,24.12796528369825,24.36268664847692,24.12796528369825,24.252229690551758,9004000,0.0,0.0
2010-12-16 00:00:00-05:00,24.23152479513061,24.33507937779881,24.09345552957625,24.286754608154297,4629000,0.0,0.0
2010-12-17 00:00:00-05:00,24.259125356983603,24.272932802075047,24.024404057430793,24.16937828063965,8493700,0.0,0.0
2010-12-20 00:00:00-05:00,24.19699830875018,24.34197256274249,24.14867355741941,24.190095901489258,4608400,0.0,0.0
2010-12-21 00:00:00-05:00,24.300549000712714,24.383391042221106,24.203899513369418,24.259126663208008,3793700,0.0,0.0
2010-12-22 00:00:00-05:00,24.259133833114042,24.32817108269285,24.134869417373984,24.300556182861328,2846700,0.0,0.0
2010-12-23 00:00:00-05:00,24.314367579686234,24.43863201559792,24.30056012752913,24.321269989013672,2913600,0.0,0.0
2010-12-27 00:00:00-05:00,24.252232058471,24.31436426796417,24.1555825400376,24.2108097076416,2002800,0.0,0.0
2010-12-28 00:00:00-05:00,24.293648100001068,24.30055314084545,24.169383699816798,24.196998596191406,2617900,0.0,0.0
2010-12-29 00:00:00-05:00,24.224616544872184,24.41791557684722,24.197001645018094,24.26603889465332,3177400,0.0,0.0
2010-12-30 00:00:00-05:00,24.231519587084954,24.362689048072937,24.141775110463758,24.176292419433594,3176500,0.0,0.0
2010-12-31 00:00:00-05:00,24.13486610939613,24.279840363388438,24.079638950804434,24.190095901489258,2979600,0.0,0.0
2011-01-03 00:00:00-05:00,24.2798521670754,24.348889440754387,24.155590341458655,24.162492752075195,7491700,0.0,0.0
2011-01-04 00:00:00-05:00,24.176298426073505,24.231525607446148,24.127973654808997,24.18320083618164,7729300,0.0,0.0
2011-01-05 00:00:00-05:00,24.155581764898173,24.197001480896574,24.010604858398438,24.010604858398438,11609100,0.0,0.0
2011-01-06 00:00:00-05:00,24.052024808944953,24.162481763093318,24.024409912032482,24.12105941772461,6037400,0.0,0.0
2011-01-07 00:00:00-05:00,24.121062813562943,24.1901000655634,24.031318336215183,24.09345054626465,8366900,0.0,0.0
2011-01-10 00:00:00-05:00,24.024416565133322,24.093453826533043,23.79660018626986,23.810407638549805,8807700,0.0,0.0
2011-01-11 00:00:00-05:00,23.831123968924643,24.121072645000226,23.824218924159247,24.10036277770996,11646800,0.0,0.0
2011-01-12 00:00:00-05:00,24.203913333511085,24.231525607446148,24.045131565998773,24.18320083618164,11675100,0.0,0.0
2011-01-13 00:00:00-05:00,24.210809924412594,24.217714966363584,24.010605843864102,24.09345054626465,4218000,0.0,0.0
2011-01-14 00:00:00-05:00,24.079652910419693,24.16939742434616,23.907063660326237,24.10036277770996,4993000,0.0,0.0
2011-01-18 00:00:00-05:00,24.114170464156395,24.231529891259928,23.99680840354987,24.017520904541016,6273000,0.0,0.0
2011-01-19 00:00:00-05:00,23.95538332852669,24.058935276387032,23.886346063117394,23.920866012573242,6668300,0.0,0.0
2011-01-20 00:00:00-05:00,23.8863365122891,23.99679345927593,23.817301907985332,23.989891052246094,6900400,0.0,0.0
2011-01-21 00:00:00-05:00,24.114161485904106,24.148678796700445,23.99679946899414,23.99679946899414,5620200,0.0,0.0
2011-01-24 00:00:00-05:00,23.92776279289986,24.065834657732008,23.92776279289986,24.010604858398438,12259000,0.0,0.0
2011-01-25 00:00:00-05:00,24.01751756229999,24.058937291512397,23.851830744942504,23.97609519958496,6893300,0.0,0.0
2011-01-26 00:00:00-05:00,24.065828014729387,24.176284949404806,23.962273486314466,24.127960205078125,6617200,0.0,0.0
2011-01-27 00:00:00-05:00,24.169387642246193,24.58360325492637,24.141775374869027,24.486953735351562,9754600,0.0,0.0
2011-01-28 00:00:00-05:00,24.466245709142026,24.56289787986214,23.98990043278217,24.003707885742188,17586000,0.0,0.0
2011-01-31 00:00:00-05:00,24.052032654351056,24.107259832688744,23.969190570093335,24.003707885742188,5704100,0.0,0.0
2011-02-01 00:00:00-05:00,24.045125226577447,24.31436391935364,23.98989542626345,24.307458877563477,6232300,0.0,0.0
2011-02-02 00:00:00-05:00,24.28675229088575,24.514568664115778,24.22462007391353,24.452436447143555,6754000,0.0,0.0
2011-02-03 00:00:00-05:00,24.383400565599466,24.611219560602652,24.36269070550901,24.597412109375,20017900,0.0,0.0
2011-02-04 00:00:00-05:00,24.625017494288517,24.625017494288517,24.431718498143127,24.52836799621582,19844100,0.0,0.0
2011-02-07 00:00:00-05:00,24.57670508330683,24.756199355695948,24.514572855711005,24.71477699279785,21207700,0.0,0.0
2011-02-08 00:00:00-05:00,24.763103359682823,24.797620680901225,24.680261262058096,24.742393493652344,7706300,0.0,0.0
2011-02-09 00:00:00-05:00,24.714767608358297,24.714767608358297,24.55598589446052,24.700960159301758,6415500,0.0,0.0
2011-02-10 00:00:00-05:00,24.638828448541442,24.74238300178774,24.528371487379513,24.590503692626953,7107900,0.0,0.0
2011-02-11 00:00:00-05:00,24.49950802340668,24.49950802340668,24.14951505164373,24.163515090942383,9101700,0.49,0.0
2011-02-14 00:00:00-05:00,24.19851937704742,24.254519547023293,24.142521877306613,24.19152069091797,7215100,0.0,0.0
2011-02-15 00:00:00-05:00,24.191510257768623,24.198508940879726,24.10751003903185,24.128511428833008,6143500,0.0,0.0
2011-02-16 00:00:00-05:00,24.135513175136616,24.268509532998376,24.044514261739486,24.261510848999023,5705000,0.0,0.0
2011-02-17 00:00:00-05:00,24.170509818688945,24.443503864736584,24.15650978168214,24.401506423950195,4189000,0.0,0.0
2011-02-18 00:00:00-05:00,24.35951833779034,24.401518469543753,24.17752310732959,24.219520568847656,7277800,0.0,0.0
2011-02-22 00:00:00-05:00,24.016525405926586,24.219519356989274,23.93952650334909,24.100522994995117,7829700,0.0,0.0
2011-02-23 00:00:00-05:00,24.058520103509263,24.114520269949807,23.806524694996643,23.827526092529297,5926600,0.0,0.0
2011-02-24 00:00:00-05:00,23.820521904426673,23.967520988737945,23.77152309973445,23.876522064208984,5576500,0.0,0.0
2011-02-25 00:00:00-05:00,23.890516476493687,23.918513879555174,23.799517573400472,23.862516403198242,5821400,0.0,0.0
2011-02-28 00:00:00-05:00,23.967525351484614,24.19152069091797,23.90452649537929,24.19152069091797,5853300,0.0,0.0
2011-03-01 00:00:00-05:00,24.149515596890478,24.324512086723015,23.974519107057937,23.981517791748047,4837800,0.0,0.0
2011-03-02 00:00:00-05:00,23.92551449781322,24.00951204488452,23.83451559751622,23.995512008666992,4869400,0.0,0.0
2011-03-03 00:00:00-05:00,23.82751393073356,24.268503000310616,23.806512543920217,24.072507858276367,7070700,0.0,0.0
2011-03-04 00:00:00-05:00,24.107522887740576,24.289520788436672,24.079525470140315,24.219520568847656,6903800,0.0,0.0
2011-03-07 00:00:00-05:00,24.226512088533745,24.34550840816254,24.14951321336958,24.261510848999023,7097800,0.0,0.0
2011-03-08 00:00:00-05:00,24.268505690143297,24.569499788904718,24.198508180296667,24.485502243041992,6907800,0.0,0.0
2011-03-09 00:00:00-05:00,24.436502351762485,24.62549882411876,24.401503598415115,24.5625,4693100,0.0,0.0
2011-03-10 00:00:00-05:00,24.569506401504622,24.639506600424838,24.31751369609551,24.338512420654297,5660700,0.0,0.0
2011-03-11 00:00:00-05:00,24.42250514434339,24.499504012763804,24.289508798129777,24.401506423950195,5137800,0.0,0.0
2011-03-14 00:00:00-04:00,24.282518178379707,24.422515940098496,24.191521902962425,24.310518264770508,11484600,0.0,0.0
2011-03-15 00:00:00-04:00,23.911516484887123,24.04451283485643,23.799518855903997,23.869516372680664,7572000,0.0,0.0
2011-03-16 00:00:00-04:00,23.86952277988852,23.86952277988852,23.421532143703548,23.540531158447266,8771200,0.0,0.0
2011-03-17 00:00:00-04:00,23.70152357779956,23.995516381238748,23.70152357779956,23.890520095825195,16946300,0.0,0.0
2011-03-18 00:00:00-04:00,24.135517120361328,24.163517201404186,23.953521934052144,24.135517120361328,6271000,0.0,0.0
2011-03-21 00:00:00-04:00,24.324513404200008,24.324513404200008,24.058517977581896,24.065519332885742,4656600,0.0,0.0
2011-03-22 00:00:00-04:00,24.19151816030579,24.32451454473348,24.14951803721741,24.198516845703125,3995800,0.0,0.0
2011-03-23 00:00:00-04:00,24.135509310239087,24.16350938222127,23.91851275772791,24.051511764526367,3677300,0.0,0.0
2011-03-24 00:00:00-04:00,24.107522887740576,24.289520788436672,24.023525294469103,24.219520568847656,3466800,0.0,0.0
2011-03-25 00:00:00-04:00,24.21251600811184,24.296513581005716,24.114518394696532,24.135517120361328,4750700,0.0,0.0
2011-03-28 00:00:00-04:00,24.121519918987286,24.240518942308487,24.065522420545257,24.08652114868164,5009800,0.0,0.0
2011-03-29 00:00:00-04:00,24.065521228344014,24.296515237105876,24.030522459772204,24.275516510009766,4423200,0.0,0.0
2011-03-30 00:00:00-04:00,24.4085145175207,24.660509940326623,24.35251701813886,24.625511169433594,6180700,0.0,0.0
2011-03-31 00:00:00-04:00,24.68150814697203,24.793505813602792,24.61151060666593,24.61850929260254,5860800,0.0,0.0
2011-04-01 00:00:00-04:00,24.646514533602897,24.69551335611618,24.415520466073936,24.49251937866211,6385300,0.0,0.0
2011-04-04 00:00:00-04:00,24.583516218208874,24.625516354264555,24.478519883423104,24.520517349243164,5073200,0.0,0.0
2011-04-05 00:00:00-04:00,24.47149958561777,24.674496080755215,24.46450090347635,24.506498336791992,4158100,0.0,0.0
2011-04-06 00:00:00-04:00,24.56251556583752,25.059505120931718,24.56251556583752,25.003507614135742,10337600,0.0,0.0
2011-04-07 00:00:00-04:00,24.96149353242576,25.052492434132215,24.82849719165011,25.0104923248291,6786600,0.0,0.0
2011-04-08 00:00:00-04:00,25.094499648511192,25.094499648511192,24.905505758611305,24.982501983642578,6119100,0.0,0.0
2011-04-11 00:00:00-04:00,25.045489258631466,25.2344857313943,25.010490505208804,25.108488082885742,5675500,0.0,0.0
2011-04-12 00:00:00-04:00,25.031508969434203,25.227506949635693,25.003511546750413,25.087509155273438,3578300,0.0,0.0
2011-04-13 00:00:00-04:00,25.129492120340625,25.157489523890078,24.94749431098217,24.975494384765625,5063400,0.0,0.0
2011-04-14 00:00:00-04:00,24.92650227888627,25.129498862932106,24.81450462393594,25.024499893188477,9595100,0.0,0.0
2011-04-15 00:00:00-04:00,25.129499066198733,25.24149672205499,25.094497629177923,25.20649528503418,11458100,0.0,0.0
2011-04-18 00:00:00-04:00,24.98250100684013,25.08749998177685,24.758505685860996,24.933502197265625,11452500,0.0,0.0
2011-04-19 00:00:00-04:00,25.017503944833035,25.21349919487882,24.779508568248144,24.989503860473633,6311700,0.0,0.0
2011-04-20 00:00:00-04:00,25.192499206052943,25.297495511793993,25.136499040136478,25.290496826171875,7168900,0.0,0.0
2011-04-21 00:00:00-04:00,25.2834930964794,25.696484935515965,25.213495565890682,25.38149070739746,11597500,0.0,0.0
2011-04-25 00:00:00-04:00,25.367501693199166,25.395499112515868,25.262502692496124,25.36050033569336,3641800,0.0,0.0
2011-04-26 00:00:00-04:00,25.54248551361252,25.843476980418426,25.430487881474406,25.773479461669922,6795100,0.0,0.0
2011-04-27 00:00:00-04:00,25.75248533467793,26.102478331332208,25.74548397941344,26.06047821044922,7015400,0.0,0.0
2011-04-28 00:00:00-04:00,25.990474483890004,26.193468344183714,25.91347561574266,26.13047218322754,4427300,0.0,0.0
2011-04-29 00:00:00-04:00,26.116484494644855,26.221480816116767,25.885487780983144,25.90648651123047,6882500,0.0,0.0
2011-05-02 00:00:00-04:00,26.046489179341428,26.26348589027053,26.032489133129637,26.11648941040039,8642300,0.0,0.0
2011-05-03 00:00:00-04:00,26.200482907021428,27.047465543189176,26.116485313164265,26.662473678588867,15087400,0.0,0.0
2011-05-04 00:00:00-04:00,26.66246723181348,26.795463612449453,26.515470810547185,26.6834659576416,15479900,0.0,0.0
2011-05-05 00:00:00-04:00,26.627477040225692,26.830473689384466,26.55747681453185,26.732473373413086,13642200,0.0,0.0
2011-05-06 00:00:00-04:00,26.879472213322202,27.04746741264797,26.760473166083862,26.87247085571289,9031600,0.0,0.0
2011-05-09 00:00:00-04:00,26.914469003223374,27.096464234093183,26.809470008721526,26.984466552734375,7901900,0.0,0.0
2011-05-10 00:00:00-04:00,27.07545070255412,27.12444949447381,26.92845432679504,27.103450775146484,6419100,0.0,0.0
2011-05-11 00:00:00-04:00,27.082189352069555,27.429577170490504,27.018383039885784,27.138904571533203,11591500,0.49,0.0
2011-05-12 00:00:00-04:00,27.09636148365579,27.599720751878806,27.06091143858929,27.479196548461914,8522600,0.0,0.0
2011-05-13 00:00:00-04:00,27.486284747280248,27.677703611772476,27.436657934759126,27.6138973236084,7120700,0.0,0.0
2011-05-16 00:00:00-04:00,27.613907055770955,27.932938609029858,27.571368613849966,27.755699157714844,8632400,0.0,0.0
2011-05-17 00:00:00-04:00,27.628086786289355,27.798235146593385,27.557189382446488,27.741519927978516,5197600,0.0,0.0
2011-05-18 00:00:00-04:00,27.798251869613978,27.819522455792626,27.301980562002072,27.472131729125977,12087300,0.0,0.0
2011-05-19 00:00:00-04:00,27.535925203329025,27.564284168666266,27.294879406882064,27.44375991821289,7521700,0.0,0.0
2011-05-20 00:00:00-04:00,27.40121202244276,27.52882460540536,27.167254718858455,27.252328872680664,7899800,0.0,0.0
2011-05-23 00:00:00-04:00,27.025471825112536,27.294876558785575,26.933309254072935,27.223981857299805,7087500,0.0,0.0
2011-05-24 00:00:00-04:00,27.202720272887294,27.472125095589732,27.117646062098252,27.37287139892578,5281700,0.0,0.0
2011-05-25 00:00:00-04:00,27.18854112787441,27.301974311835373,27.03257219021585,27.160184860229492,7009800,0.0,0.0
2011-05-26 00:00:00-04:00,27.19561773968995,27.280691906238022,26.862406756059762,26.88367462158203,8494300,0.0,0.0
2011-05-27 00:00:00-04:00,26.876601035222958,26.975854734930177,26.67809363580852,26.834062576293945,6648300,0.0,0.0
2011-05-31 00:00:00-04:00,27.039649208949825,27.294874441637063,26.855321376708655,27.28069496154785,8168400,0.0,0.0
2011-06-01 00:00:00-04:00,27.15309445663599,27.28070712990027,26.88368962369356,26.897869110107422,6470400,0.0,0.0
2011-06-02 00:00:00-04:00,26.912041982001142,26.912041982001142,26.493756701211257,26.600101470947266,6794700,0.0,0.0
2011-06-03 00:00:00-04:00,26.41577008160864,26.479576400587927,26.238530607161707,26.266889572143555,7027500,0.0,0.0
2011-06-06 00:00:00-04:00,26.26689384635421,26.401597599707436,26.20308751699221,26.31652069091797,6607800,0.0,0.0
2011-06-07 00:00:00-04:00,26.493751551047747,26.73479730506023,26.401588986615998,26.4157657623291,5866000,0.0,0.0
2011-06-08 00:00:00-04:00,26.38031884333654,26.500843074533375,26.316512533752185,26.4228572845459,5483900,0.0,0.0
2011-06-09 00:00:00-04:00,26.408673260570918,26.841137872853423,26.387405395855023,26.741884231567383,6241900,0.0,0.0
2011-06-10 00:00:00-04:00,26.73480167650507,26.79151960646877,26.259801183127973,26.266889572143555,7572400,0.0,0.0
2011-06-13 00:00:00-04:00,26.344870770165382,26.50793073362863,26.295243942348712,26.387409210205078,6848900,0.0,0.0
2011-06-14 00:00:00-04:00,26.50793070718417,26.777335418248256,26.458303879417006,26.663902282714844,6506400,0.0,0.0
2011-06-15 00:00:00-04:00,26.564660432928882,26.756079441297217,26.32361457473844,26.373241424560547,6333500,0.0,0.0
2011-06-16 00:00:00-04:00,26.288155554571738,26.437036038021752,26.23143763451881,26.387409210205078,5911200,0.0,0.0
2011-06-17 00:00:00-04:00,26.529192841226152,26.76315015395721,26.40867134397102,26.465389251708984,7188400,0.0,0.0
2011-06-20 00:00:00-04:00,26.50793947747849,26.642643229807636,26.422865273795992,26.628463745117188,12416000,0.0,0.0
2011-06-21 00:00:00-04:00,26.692263844127577,26.869503304700906,26.656813788445277,26.7773380279541,4473000,0.0,0.0
2011-06-22 00:00:00-04:00,26.663900854334695,26.848228675529857,26.663900854334695,26.71352767944336,5631300,0.0,0.0
2011-06-23 00:00:00-04:00,26.585908647279986,26.663894412025368,26.089637811639065,26.366130828857422,8335800,0.0,0.0
2011-06-24 00:00:00-04:00,26.41575421819704,26.41575421819704,26.011648675491685,26.061275482177734,6158600,0.0,0.0
2011-06-27 00:00:00-04:00,26.139276212131378,26.252709364465627,25.947857260481147,26.110919952392578,4255600,0.0,0.0
2011-06-28 00:00:00-04:00,26.217268114139237,26.486672927815825,26.139282296670203,26.479581832885742,6028100,0.0,0.0
2011-06-29 00:00:00-04:00,26.60718512086773,26.60718512086773,26.330692014155304,26.4228572845459,5658100,0.0,0.0
2011-06-30 00:00:00-04:00,26.55756234171746,26.656816015216133,26.35905499472012,26.607189178466797,7044300,0.0,0.0
2011-07-01 00:00:00-04:00,26.57173895876757,26.713531064671752,26.42285846457494,26.706439971923828,8036800,0.0,0.0
2011-07-05 00:00:00-04:00,26.72061950002283,26.727710592783243,26.344872717505506,26.429946899414062,9685800,0.0,0.0
2011-07-06 00:00:00-04:00,26.34486581473377,26.763150930837796,26.34486581473377,26.699344635009766,6991700,0.0,0.0
2011-07-07 00:00:00-04:00,26.869512644298364,26.869512644298364,26.67809363580852,26.834062576293945,6109700,0.0,0.0
2011-07-08 00:00:00-04:00,26.692264597860504,26.805697747652168,26.515025132282307,26.734800338745117,4192500,0.0,0.0
2011-07-11 00:00:00-04:00,26.522112174083034,26.564650617267052,26.366140586867775,26.429946899414062,4080300,0.0,0.0
2011-07-12 00:00:00-04:00,26.359052814100362,26.86241223346466,26.33778494424145,26.57883071899414,6437800,0.0,0.0
2011-07-13 00:00:00-04:00,26.635552135232324,26.9474926850416,26.53629844685938,26.628463745117188,5672600,0.0,0.0
2011-07-14 00:00:00-04:00,26.57882781152374,27.358680271583676,26.57882781152374,27.231067657470703,13546700,0.0,0.0
2011-07-15 00:00:00-04:00,27.337422202549206,27.337422202549206,26.862418923216612,27.174362182617188,8511500,0.0,0.0
2011-07-18 00:00:00-04:00,27.110543307077865,27.202705859742544,26.834047535706937,26.975839614868164,6450200,0.0,0.0
2011-07-19 00:00:00-04:00,27.096381199421373,27.209814394577297,26.926230054457132,27.11764907836914,6826800,0.0,0.0
2011-07-20 00:00:00-04:00,27.117646288700143,27.252347348946756,26.97585413322662,27.060928344726562,5965200,0.0,0.0
2011-07-21 00:00:00-04:00,27.160176367701908,28.202342574331663,27.160176367701908,27.876222610473633,16441400,0.0,0.0
2011-07-22 00:00:00-04:00,27.79113958088722,27.826586921424038,27.379942858175667,27.436660766601562,7580900,0.0,0.0
2011-07-25 00:00:00-04:00,27.280697077596518,27.528833941715728,27.167263932543584,27.223981857299805,5358100,0.0,0.0
2011-07-26 00:00:00-04:00,27.26651000976562,27.387034214108148,27.216883191641863,27.266510009765625,5327300,0.0,0.0
2011-07-27 00:00:00-04:00,27.167265727405667,27.401223125792704,26.88368149380799,26.926219940185547,7074500,0.0,0.0
2011-07-28 00:00:00-04:00,27.004194015464332,27.259419174001348,26.904940388135163,26.940387725830078,20393200,0.0,0.0
2011-07-29 00:00:00-04:00,26.791508977410945,27.337406666667405,26.600090096415144,27.153076171875,26942600,0.0,0.0
2011-08-01 00:00:00-04:00,27.585551682689808,27.585551682689808,26.550473801442298,26.919132232666016,19511900,0.0,0.0
2011-08-02 00:00:00-04:00,26.812789380606475,26.826968864103574,26.330697759544893,26.344877243041992,16525000,0.0,0.0
2011-08-03 00:00:00-04:00,26.32361261800211,26.56465845827468,25.997489866249612,26.45122528076172,8410600,0.0,0.0
2011-08-04 00:00:00-04:00,26.174732899736306,26.174732899736306,25.409059524536133,25.409059524536133,10905900,0.0,0.0
2011-08-05 00:00:00-04:00,25.550840569791095,26.032932105406736,25.040390072207604,25.6926326751709,15044700,0.0,0.0
2011-08-08 00:00:00-04:00,25.18218245199843,25.522481885942522,24.565389897003477,24.67173194885254,14778200,0.0,0.0
2011-08-09 00:00:00-04:00,24.919862329125326,25.288517924980187,23.927320543322505,25.267250061035156,29025000,0.0,0.0
2011-08-10 00:00:00-04:00,24.969500509672695,25.23890259042324,24.388155192006746,24.451961517333984,14628700,0.0,0.0
2011-08-11 00:00:00-04:00,24.437569947400867,25.645784353594646,24.322502039355523,25.38688087463379,13633500,0.49,0.0
2011-08-12 00:00:00-04:00,25.51632995396833,25.609823476831764,25.020100166650195,25.07044219970703,11800800,0.0,0.0
2011-08-15 00:00:00-04:00,25.36530978252682,25.782429974395676,25.25024185958689,25.724897384643555,11231800,0.0,0.0
2011-08-16 00:00:00-04:00,25.52353126279099,25.86154177049124,25.32935361278315,25.6673641204834,5977200,0.0,0.0
2011-08-17 00:00:00-04:00,25.72488887289569,25.983792299704522,25.444411074997713,25.696121215820312,6050800,0.0,0.0
2011-08-18 00:00:00-04:00,25.26460952413974,25.422826102280023,24.948170880991317,25.178306579589844,9590700,0.0,0.0
2011-08-19 00:00:00-04:00,24.926596516570807,25.45159375046332,24.926596516570807,25.178306579589844,7381800,0.0,0.0
2011-08-22 00:00:00-04:00,25.5451037525317,25.789623433325673,25.3149679051298,25.47318458557129,7740500,0.0,0.0
2011-08-23 00:00:00-04:00,25.559475383504786,25.85433696868252,25.372488382113406,25.832759857177734,11905400,0.0,0.0
2011-08-24 00:00:00-04:00,25.82558024420443,26.19955166180572,25.724896159357076,26.17078399658203,6038700,0.0,0.0
2011-08-25 00:00:00-04:00,26.213928628834513,26.213928628834513,25.559479505295243,25.811189651489258,6843700,0.0,0.0
2011-08-26 00:00:00-04:00,25.602636173337306,26.01975910864185,25.127980648280644,25.724897384643555,7599000,0.0,0.0
2011-08-29 00:00:00-04:00,25.9118771338835,26.60228729248047,25.89749330313823,26.60228729248047,6909600,0.0,0.0
2011-08-30 00:00:00-04:00,26.31463014874036,26.889969967126063,26.28586247196191,26.73175048828125,7756700,0.0,0.0
2011-08-31 00:00:00-04:00,26.882770336130992,27.098522352194802,26.738934744276545,26.976261138916016,8745900,0.0,0.0
2011-09-01 00:00:00-04:00,27.019412330519202,27.220780510751222,26.64544089334852,26.70297622680664,6322700,0.0,0.0
2011-09-02 00:00:00-04:00,26.3002406126107,26.55195087129944,26.149214457397456,26.20674705505371,7199400,0.0,0.0
2011-09-06 00:00:00-04:00,25.674564882983702,26.163604423111902,25.5523036262333,26.055727005004883,7619800,0.0,0.0
2011-09-07 00:00:00-04:00,26.321812176801956,26.602292819455457,26.221128084101824,26.56633186340332,6053200,0.0,0.0
2011-09-08 00:00:00-04:00,26.530377964915242,26.92592385488687,26.357777418915653,26.61667823791504,6645300,0.0,0.0
2011-09-09 00:00:00-04:00,26.602292002436464,26.6813989703886,25.875923510089823,25.983800888061523,9365100,0.0,0.0
2011-09-12 00:00:00-04:00,25.804014684821034,25.947850316655817,25.48757574609721,25.919082641601562,6807800,0.0,0.0
2011-09-13 00:00:00-04:00,25.890301366274855,26.45125701797826,25.818384959853667,26.39372444152832,7568400,0.0,0.0
2011-09-14 00:00:00-04:00,26.480040175061458,26.99784738332692,26.28586247196191,26.73175048828125,9023800,0.0,0.0
2011-09-15 00:00:00-04:00,27.04817404201792,27.04817404201792,26.559134789039085,26.925912857055664,8448500,0.0,0.0
2011-09-16 00:00:00-04:00,27.206394710390757,27.220775797829692,26.85399771256196,27.1920108795166,7975700,0.0,0.0
2011-09-19 00:00:00-04:00,26.803659951160736,27.08413783935243,26.659824362913913,26.98345375061035,5706700,0.0,0.0
2011-09-20 00:00:00-04:00,27.033788886911825,27.587553976922752,26.897146621883792,27.235157012939453,6242300,0.0,0.0
2011-09-21 00:00:00-04:00,27.285499118035972,27.479676701558436,26.68139199488885,26.68858528137207,7545200,0.0,0.0
2011-09-22 00:00:00-04:00,26.221127783450072,26.393731042839633,25.9622242660836,26.293046951293945,9340700,0.0,0.0
2011-09-23 00:00:00-04:00,26.177974313905285,26.285848931099075,25.71050940909313,25.940645217895508,11861900,0.0,0.0
2011-09-26 00:00:00-04:00,26.177983484800308,26.3721584124612,25.998189649721834,26.350584030151367,15018700,0.0,0.0
2011-09-27 00:00:00-04:00,26.746114568653713,27.076937120345757,26.559130294597015,26.738924026489258,7601600,0.0,0.0
2011-09-28 00:00:00-04:00,26.68859377605474,27.213591375597133,26.68859377605474,26.782087326049805,7820900,0.0,0.0
2011-09-29 00:00:00-04:00,27.091324531621666,27.328653629994232,26.480026797798537,26.78927230834961,13519500,0.0,0.0
2011-09-30 00:00:00-04:00,26.58071640970876,26.969071700622322,26.5231838166674,26.587909698486328,7368300,0.0,0.0
2011-10-03 00:00:00-04:00,26.623861961864776,27.048175371528306,26.12763214111328,26.12763214111328,10378700,0.0,0.0
2011-10-04 00:00:00-04:00,25.832778758320732,26.415311813354492,25.667368747408123,26.415311813354492,10299100,0.0,0.0
2011-10-05 00:00:00-04:00,26.451254460410855,26.695774059409406,26.206734861412304,26.63104820251465,6679600,0.0,0.0
2011-10-06 00:00:00-04:00,26.559133224229793,26.810843379270235,26.436872046470913,26.774885177612305,6733300,0.0,0.0
2011-10-07 00:00:00-04:00,26.99783171621829,27.508445337256678,26.87557053257758,27.271116256713867,9975800,0.0,0.0
2011-10-10 00:00:00-04:00,27.58755406593616,27.853648053821946,27.458102343519297,27.623512268066406,5480000,0.0,0.0
2011-10-11 00:00:00-04:00,27.450919841960587,27.51564572859855,27.105716027703465,27.1129093170166,8759200,0.0,0.0
2011-10-12 00:00:00-04:00,27.12728933716745,27.400573937040164,26.99783758209694,27.048179626464844,9029300,0.0,0.0
2011-10-13 00:00:00-04:00,27.25672931485008,27.42932975140789,26.918716240058863,27.328645706176758,5861000,0.0,0.0
2011-10-14 00:00:00-04:00,27.558798197739605,27.594756415254377,27.414962584244368,27.53722381591797,4710300,0.0,0.0
2011-10-17 00:00:00-04:00,27.42215105175764,27.60194485115179,27.249547797227567,27.307083129882812,6213000,0.0,0.0
2011-10-18 00:00:00-04:00,27.249546418841003,27.868037496420932,27.12009467035053,27.681053161621094,5550400,0.0,0.0
2011-10-19 00:00:00-04:00,27.81049419013789,28.03343941380144,27.6522775655898,27.83207130432129,6662100,0.0,0.0
2011-10-20 00:00:00-04:00,27.702634796053825,27.947154524657478,27.34304712125059,27.76736068725586,8612400,0.0,0.0
2011-10-21 00:00:00-04:00,27.65228512851227,27.868037125311453,27.141671429285914,27.378997802734375,11893400,0.0,0.0
2011-10-24 00:00:00-04:00,27.278320946526854,27.522840672589048,27.220785602306943,27.46530532836914,6443700,0.0,0.0
2011-10-25 00:00:00-04:00,27.371798065916646,27.472482114380654,26.846800710758206,26.911523818969727,6203700,0.0,0.0
2011-10-26 00:00:00-04:00,27.17042900796514,27.17762229386135,26.724541302616124,26.96906089782715,7208200,0.0,0.0
2011-10-27 00:00:00-04:00,27.623512178936977,27.63789600842966,27.141666236389458,27.235157012939453,9113900,0.0,0.0
2011-10-28 00:00:00-04:00,27.386188843705273,27.587556991738758,27.278311482438614,27.53002166748047,5430000,0.0,0.0
2011-10-31 00:00:00-04:00,27.292703207816597,27.43653881663097,26.717363515995153,26.72455406188965,10771300,0.0,0.0
2011-11-01 00:00:00-04:00,26.451259485942046,27.14166967180355,26.357768697558605,26.767698287963867,10497600,0.0,0.0
2011-11-02 00:00:00-04:00,27.055369296662448,27.120095172105195,26.789275250258086,26.95468521118164,5233400,0.0,0.0
2011-11-03 00:00:00-04:00,27.13446919676985,27.414946974494924,27.055359517219784,27.364604949951172,25756700,0.0,0.0
2011-11-04 00:00:00-04:00,27.307091959983758,27.31428250717299,27.040995075560875,27.28551483154297,25551000,0.0,0.0
2011-11-07 00:00:00-05:00,27.184820347539006,27.6163270871912,27.069752432318854,27.580366134643555,26566100,0.0,0.0
2011-11-08 00:00:00-05:00,27.609131269851705,28.076596175788477,27.4293374973276,28.040637969970703,6426000,0.0,0.0
2011-11-09 00:00:00-05:00,27.70982846805859,27.70982846805859,27.105720996509426,27.220788955688477,8454800,0.0,0.0
2011-11-10 00:00:00-05:00,27.475787934771894,27.5486503518303,27.08962685232188,27.126056671142578,8292800,0.49,0.0
2011-11-11 00:00:00-05:00,27.395656401977057,27.628810711655436,27.351941706048994,27.577808380126953,4408400,0.0,0.0
2011-11-14 00:00:00-05:00,27.410217289708697,27.519509542097467,27.279067698609154,27.432077407836914,3990900,0.0,0.0
2011-11-15 00:00:00-05:00,27.402932436610918,27.541366880808244,27.220780535574598,27.432077407836914,4423200,0.0,0.0
2011-11-16 00:00:00-05:00,27.30821085837478,27.30821085837478,26.81275749806795,26.834617614746094,6153000,0.0,0.0
2011-11-17 00:00:00-05:00,26.885624087249482,27.03134339745779,26.60146476174085,26.820049285888672,5687500,0.0,0.0
2011-11-18 00:00:00-05:00,26.95847750042087,26.987622467481415,26.703465987183705,26.87833023071289,5101600,0.0,0.0
2011-11-21 00:00:00-05:00,26.6451775914556,26.776327171383095,26.441168369087137,26.477598190307617,5887500,0.0,0.0
2011-11-22 00:00:00-05:00,26.492169388299452,26.528599207751014,26.229870241180915,26.33187484741211,5030800,0.0,0.0
2011-11-23 00:00:00-05:00,26.142446312601717,26.20073348611011,25.953006745009088,25.97486686706543,3866100,0.0,0.0
2011-11-25 00:00:00-05:00,25.90928043883673,26.00399740073242,25.83641803035925,25.923852920532227,2364200,0.0,0.0
2011-11-28 00:00:00-05:00,26.506739135338,26.63060106456889,26.2954423131499,26.426591873168945,6754300,0.0,0.0
2011-11-29 00:00:00-05:00,26.616031330318172,26.63789144552276,26.229870241180915,26.33187484741211,5956200,0.0,0.0
2011-11-30 00:00:00-05:00,26.849200467527364,27.585096015727373,26.849200467527364,27.577808380126953,8610000,0.0,0.0
2011-12-01 00:00:00-05:00,27.475793648898872,27.628800587416784,27.366504169707905,27.42479133605957,6250200,0.0,0.0
2011-12-02 00:00:00-05:00,27.54865654638147,27.60694371371755,27.21349491138286,27.22806739807129,5497400,0.0,0.0
2011-12-05 00:00:00-05:00,27.453943765853406,27.51951858294614,27.17707200708203,27.257219314575195,6042200,0.0,0.0
2011-12-06 00:00:00-05:00,27.599658829800337,28.503130768150605,27.512223909765687,28.31369400024414,16567500,0.0,0.0
2011-12-07 00:00:00-05:00,28.612421078188405,29.239024065304314,28.51041645785185,28.7289981842041,16615300,0.0,0.0
2011-12-08 00:00:00-05:00,28.70713789156986,28.765425048871524,28.26997170443018,28.335546493530273,8934700,0.0,0.0
2011-12-09 00:00:00-05:00,28.65614231326503,28.780004288741594,28.481275241478205,28.612424850463867,6309400,0.0,0.0
2011-12-12 00:00:00-05:00,28.61970319223413,28.70713809794092,28.21168474993784,28.408409118652344,4764500,0.0,0.0
2011-12-13 00:00:00-05:00,28.452131181530568,29.319176155429034,28.452131181530568,28.889297485351562,11747800,0.0,0.0
2011-12-14 00:00:00-05:00,28.8601451897899,29.49403297323504,28.787282767923262,29.173446655273438,12965800,0.0,0.0
2011-12-15 00:00:00-05:00,29.457604382927517,30.142494500589564,29.39202959021603,30.033205032348633,13059100,0.0,0.0
2011-12-16 00:00:00-05:00,30.186210152971622,30.186210152971622,29.46488747621895,29.53046226501465,12555400,0.0,0.0
2011-12-19 00:00:00-05:00,29.719912958053776,30.18622150737079,29.588763331131094,29.683483123779297,6979300,0.0,0.0
2011-12-20 00:00:00-05:00,29.98220252426252,30.00405986188118,29.683473532665865,29.960342407226562,8060000,0.0,0.0
2011-12-21 00:00:00-05:00,30.004064805720017,30.28822135925293,29.94577485657596,30.28822135925293,5994000,0.0,0.0
2011-12-22 00:00:00-05:00,30.433945878863504,30.499520687169262,30.076926860439265,30.20807647705078,4904000,0.0,0.0
2011-12-23 00:00:00-05:00,30.31735699046713,30.390216625025197,30.06963034178604,30.339214324951172,6535300,0.0,0.0
2011-12-27 00:00:00-05:00,30.21535381195582,30.514082774766173,30.200781328475188,30.419363021850586,3094400,0.0,0.0
2011-12-28 00:00:00-05:00,30.43393235497692,30.492219503448847,30.033198828700925,30.09148597717285,3230700,0.0,0.0
2011-12-29 00:00:00-05:00,30.19350139522334,30.35379597496228,30.178928908027277,30.237218856811523,4186400,0.0,0.0
2011-12-30 00:00:00-05:00,30.229923453054244,30.543222090470152,30.215350970943796,30.280925750732422,4391600,0.0,0.0
2012-01-03 00:00:00-05:00,30.565091361650722,30.623378528140492,30.353794476862905,30.455799102783203,6905200,0.0,0.0
2012-01-04 00:00:00-05:00,30.49222564823661,30.49222564823661,29.632468494537843,29.66161346435547,10240800,0.0,0.0
2012-01-05 00:00:00-05:00,28.72900231220176,29.413892561026945,28.597852701662365,29.362890243530273,14691100,0.0,0.0
2012-01-06 00:00:00-05:00,29.12245385495344,29.297318165672934,29.00587672133441,29.0568790435791,6329600,0.0,0.0
2012-01-09 00:00:00-05:00,29.100591637187822,29.100591637187822,28.852864898648946,29.005874633789062,12353900,0.0,0.0
2012-01-10 00:00:00-05:00,29.22445198623034,29.54503833737952,29.195307014466554,29.384746551513672,6838800,0.0,0.0
2012-01-11 00:00:00-05:00,29.217156615280544,29.275446543369753,29.0131474258018,29.129724502563477,5085900,0.0,0.0
2012-01-12 00:00:00-05:00,29.129731491735132,29.333740730162337,29.129731491735132,29.275453567504883,4299500,0.0,0.0
2012-01-13 00:00:00-05:00,29.115146972904103,29.188009370383604,28.889280489258322,29.100574493408203,4420100,0.0,0.0
2012-01-17 00:00:00-05:00,29.260882260823667,29.43574931467575,29.14430515139479,29.166162490844727,5899600,0.0,0.0
2012-01-18 00:00:00-05:00,29.18802143381,29.41388801080657,29.180733801341933,29.275453567504883,5173700,0.0,0.0
2012-01-19 00:00:00-05:00,29.34831860578888,29.428465901152954,29.195311648867243,29.268171310424805,7180500,0.0,0.0
2012-01-20 00:00:00-05:00,29.30460369090201,29.377463351888423,28.933012193384744,29.005874633789062,8713700,0.0,0.0
2012-01-23 00:00:00-05:00,29.03500537128198,29.04957785361152,28.554124572074407,28.707134246826172,9629000,0.0,0.0
2012-01-24 00:00:00-05:00,28.641567645016643,28.88200672357247,28.63428001206239,28.860149383544922,5868400,0.0,0.0
2012-01-25 00:00:00-05:00,28.81642321988474,29.122439784924126,28.575984213955074,29.064149856567383,5893300,0.0,0.0
2012-01-26 00:00:00-05:00,29.078724945185378,29.15887221415168,28.66341889637546,28.736278533935547,8690300,0.0,0.0
2012-01-27 00:00:00-05:00,28.77271732626949,28.780002179826965,28.422983208323338,28.561420440673828,6763100,0.0,0.0
2012-01-30 00:00:00-05:00,28.452132506199646,28.750861576980775,28.36470035313196,28.597854614257812,26016300,0.0,0.0
2012-01-31 00:00:00-05:00,29.013151659130305,29.02772414327889,28.670705230181472,28.954864501953125,13418400,0.0,0.0
2012-02-01 00:00:00-05:00,29.013155325956145,29.224452203689623,28.94758052870843,28.99858283996582,7765400,0.0,0.0
2012-02-02 00:00:00-05:00,29.093301336264304,29.144303645290172,28.59784795194098,28.852859497070312,6862800,0.0,0.0
2012-02-03 00:00:00-05:00,28.670698248945733,28.925712490324955,28.670698248945733,28.787275314331055,5911000,0.0,0.0
2012-02-06 00:00:00-05:00,28.838295166818465,28.94758465821029,28.69985791987043,28.889297485351562,7081300,0.0,0.0
2012-02-07 00:00:00-05:00,28.83099917569706,28.903858815504773,28.685277116664533,28.779996871948242,5838600,0.0,0.0
2012-02-08 00:00:00-05:00,28.765413819093254,29.03499772263159,28.714411534083734,28.98399543762207,7530400,0.0,0.0
2012-02-09 00:00:00-05:00,28.95487122835217,29.02044603254566,28.75085918229587,28.79457664489746,31139800,0.0,0.0
2012-02-10 00:00:00-05:00,28.714428794406967,28.721713648323238,28.48855941115403,28.641569137573242,6938600,0.0,0.0
2012-02-13 00:00:00-05:00,28.848162723357692,28.89980882733928,28.612065443869973,28.663711547851562,4656400,0.49,0.0
2012-02-14 00:00:00-05:00,28.479246475990337,28.560405403932055,28.257905736285792,28.398090362548828,5989700,0.0,0.0
2012-02-15 00:00:00-05:00,28.516133230438676,28.589912524055737,28.33905898545823,28.457107543945312,4462100,0.0,0.0
2012-02-16 00:00:00-05:00,28.457103985233214,28.58253214609633,28.33905544150873,28.56777572631836,3825300,0.0,0.0
2012-02-17 00:00:00-05:00,28.70058509223599,28.99570508956635,28.59729013794566,28.9661922454834,7182600,0.0,0.0
2012-02-21 00:00:00-05:00,29.069511476182004,29.069511476182004,28.560424341353393,28.589937210083008,6858500,0.0,0.0
2012-02-22 00:00:00-05:00,28.538273161739944,28.7153446338302,28.538273161739944,28.641565322875977,4360400,0.0,0.0
2012-02-23 00:00:00-05:00,28.567776848595496,28.685825396957487,28.49399474680713,28.619422912597656,3696800,0.0,0.0
2012-02-24 00:00:00-05:00,28.678449515323287,28.90716983891235,28.656316289153292,28.811254501342773,11409900,0.0,0.0
2012-02-27 00:00:00-05:00,28.803875301823574,29.03997240966643,28.634180681467743,28.907167434692383,5097000,0.0,0.0
2012-02-28 00:00:00-05:00,29.017838645220255,29.09161793461055,28.89978727899662,29.06948471069336,6218400,0.0,0.0
2012-02-29 00:00:00-05:00,29.09899174536917,29.143261003150627,28.921920343241727,28.951433181762695,4272500,0.0,0.0
2012-03-01 00:00:00-05:00,28.89979539304294,29.07686967759515,28.89979539304294,29.03260040283203,4590100,0.0,0.0
2012-03-02 00:00:00-05:00,29.054741642279936,29.21705671643181,28.995715932042327,29.128520965576172,5231700,0.0,0.0
2012-03-05 00:00:00-05:00,29.03997777855993,29.18015958272725,28.8407702792695,28.870283126831055,4875800,0.0,0.0
2012-03-06 00:00:00-05:00,28.92192610837995,29.010461827091895,28.44973185591656,28.50875473022461,5938400,0.0,0.0
2012-03-07 00:00:00-05:00,28.49400533999669,28.737482144666348,28.49400533999669,28.671079635620117,4043200,0.0,0.0
2012-03-08 00:00:00-05:00,28.75223384529729,28.980951372034845,28.75223384529729,28.914548873901367,4478000,0.0,0.0
2012-03-09 00:00:00-05:00,29.025227892716543,29.22443543687851,28.936692144589234,29.187545776367188,4906800,0.0,0.0
2012-03-12 00:00:00-04:00,29.21704545309233,29.37936327917052,29.187535423850587,29.364606857299805,4713200,0.0,0.0
2012-03-13 00:00:00-04:00,29.408888071441766,29.67449814402993,29.371998409026926,29.637605667114258,4835700,0.0,0.0
2012-03-14 00:00:00-04:00,29.630228777793086,29.844192759503567,29.622851971131027,29.704008102416992,4644300,0.0,0.0
2012-03-15 00:00:00-04:00,29.689241878733807,29.814667240220807,29.556436899218376,29.718751907348633,3802400,0.0,0.0
2012-03-16 00:00:00-04:00,29.73351594548671,29.836808108347157,29.475285538335605,29.65973663330078,9659000,0.0,0.0
2012-03-19 00:00:00-04:00,29.556444044519363,29.807297642637113,29.453149068647093,29.748271942138672,4278300,0.0,0.0
2012-03-20 00:00:00-04:00,29.644980351464444,29.726139283962038,29.438396024743554,29.526931762695312,4442500,0.0,0.0
2012-03-21 00:00:00-04:00,29.51954339563033,29.608081921847074,29.364605196500314,29.475276947021484,4671700,0.0,0.0
2012-03-22 00:00:00-04:00,29.194917829281202,29.401502146110005,29.12113852027098,29.371992111206055,3949400,0.0,0.0
2012-03-23 00:00:00-04:00,29.53431601354791,29.54169563536279,29.298218776491154,29.41626739501953,5203400,0.0,0.0
2012-03-26 00:00:00-04:00,29.49742175959694,29.807301094094786,29.49004495343061,29.71138572692871,5361100,0.0,0.0
2012-03-27 00:00:00-04:00,29.785167048203785,29.822056710515735,29.64498520561803,29.704008102416992,4183400,0.0,0.0
2012-03-28 00:00:00-04:00,29.748274938379357,29.785164597656248,29.416262375886166,29.74089813232422,4874800,0.0,0.0
2012-03-29 00:00:00-04:00,29.54906279572906,29.5785756443513,29.261319557912625,29.4826602935791,5311500,0.0,0.0
2012-03-30 00:00:00-04:00,29.556447466930102,29.777788240428205,29.475288526597318,29.71138572692871,4784300,0.0,0.0
2012-04-02 00:00:00-04:00,29.733510850894888,29.984364409645856,29.681864778313795,29.866315841674805,5233900,0.0,0.0
2012-04-03 00:00:00-04:00,29.866320528635242,29.94747945957044,29.608090125205344,29.748271942138672,3340400,0.0,0.0
2012-04-04 00:00:00-04:00,29.622836968591486,29.851554447791706,29.52692164355624,29.75564193725586,4175400,0.0,0.0
2012-04-05 00:00:00-04:00,29.608085478769336,29.88107226448367,29.585949437306105,29.866315841674805,4379400,0.0,0.0
2012-04-09 00:00:00-04:00,29.748278904643346,29.748278904643346,29.29084087671954,29.30559730529785,7599800,0.0,0.0
2012-04-10 00:00:00-04:00,29.224424557775574,29.453142056503662,29.084239959716797,29.084239959716797,6691900,0.0,0.0
2012-04-11 00:00:00-04:00,29.290841868406137,29.29821867569456,29.062121439450063,29.12114715576172,5141900,0.0,0.0
2012-04-12 00:00:00-04:00,29.180164978376293,29.231811063908772,29.025226721778857,29.202301025390625,6299800,0.0,0.0
2012-04-13 00:00:00-04:00,29.187533805693096,29.217043833298803,28.892411013639762,28.907167434692383,5438100,0.0,0.0
2012-04-16 00:00:00-04:00,28.980951498294118,29.290830762433718,28.973574693802696,29.21704864501953,10405800,0.0,0.0
2012-04-17 00:00:00-04:00,29.276075829295767,29.556442260742184,29.143270825689573,29.556442260742188,4826200,0.0,0.0
2012-04-18 00:00:00-04:00,29.438388197839107,29.54168033373685,29.283447179492878,29.29082679748535,6856700,0.0,0.0
2012-04-19 00:00:00-04:00,29.327701568603516,29.39410402435764,29.20227627134472,29.327701568603516,4995300,0.0,0.0
2012-04-20 00:00:00-04:00,29.28346758750049,29.556457353479715,29.27609077886664,29.445785522460938,7548300,0.0,0.0
2012-04-23 00:00:00-04:00,29.364612491604895,29.401502146110005,29.25394352808956,29.371992111206055,4348800,0.0,0.0
2012-04-24 00:00:00-04:00,29.431014215740262,29.51217314220134,29.268696362818105,29.4826602935791,4844700,0.0,0.0
2012-04-25 00:00:00-04:00,29.82205432959621,30.176202940118912,29.60071355889497,30.102420806884766,8205700,0.0,0.0
2012-04-26 00:00:00-04:00,30.08767490272977,30.249992838111364,29.9548698309633,30.161457061767578,4763200,0.0,0.0
2012-04-27 00:00:00-04:00,30.32375966330461,30.567236465856165,30.301626431981894,30.47132110595703,20040500,0.0,0.0
2012-04-30 00:00:00-04:00,30.345889950319624,30.63363316091093,30.345889950319624,30.537717819213867,23371700,0.0,0.0
2012-05-01 00:00:00-04:00,30.486083981781135,30.596755790811,30.34590212957752,30.427061080932617,6352200,0.0,0.0
2012-05-02 00:00:00-04:00,30.368025009979103,30.61150178101796,30.345891781521047,30.604122161865234,4856600,0.0,0.0
2012-05-03 00:00:00-04:00,30.611498432631723,30.61887523647749,30.39753453260772,30.449180603027344,5050800,0.0,0.0
2012-05-04 00:00:00-04:00,30.3975391589879,30.545100588859235,30.249977729116562,30.456562042236328,7203900,0.0,0.0
2012-05-07 00:00:00-04:00,30.3237590059293,30.773820129737313,30.24997969345273,30.700040817260742,6084500,0.0,0.0
2012-05-08 00:00:00-04:00,30.685279492417624,30.736925565805088,30.559851303833852,30.707412719726562,7069500,0.0,0.0
2012-05-09 00:00:00-04:00,30.486077531672315,30.61150574300202,30.257357154836043,30.47132110595703,6102700,0.0,0.0
2012-05-10 00:00:00-04:00,30.5967527430248,30.85498318570376,30.51559379975406,30.80333709716797,6195200,0.0,0.0
2012-05-11 00:00:00-04:00,30.736138375551125,30.98250666300791,30.62415512046387,30.803329467773438,5000000,0.49,0.0
2012-05-14 00:00:00-04:00,30.64655013746214,30.80332839789392,30.452444126631093,30.556962966918945,6009900,0.0,0.0
2012-05-15 00:00:00-04:00,30.50470342067841,30.56442725148539,30.206075722869137,30.295665740966797,5660500,0.0,0.0
2012-05-16 00:00:00-04:00,30.347929023699034,30.497240043683778,30.265806253952334,30.422584533691406,4080800,0.0,0.0
2012-05-17 00:00:00-04:00,30.407648962285585,30.56442722191763,30.25833511352539,30.25833511352539,5824200,0.0,0.0
2012-05-18 00:00:00-04:00,30.318070376788565,30.482315941723538,30.116497051075353,30.191152572631836,8350600,0.0,0.0
2012-05-21 00:00:00-04:00,30.213536348351404,30.385246240119493,30.131413607087495,30.33298683166504,4955700,0.0,0.0
2012-05-22 00:00:00-04:00,30.35539350515514,30.728676751823514,30.24340739198456,30.60922622680664,9236300,0.0,0.0
2012-05-23 00:00:00-04:00,30.54949176504014,30.609218436309842,30.131416457849987,30.362850189208984,7941300,0.0,0.0
2012-05-24 00:00:00-04:00,30.392710928164234,30.728666305541992,30.340451519230385,30.728666305541992,5630300,0.0,0.0
2012-05-25 00:00:00-04:00,30.691343307495117,30.982503730256088,30.60922055278312,30.691343307495117,4076000,0.0,0.0
2012-05-29 00:00:00-04:00,30.788402567005498,31.019836350718382,30.766003636250158,30.833194732666016,4191100,0.0,0.0
2012-05-30 00:00:00-04:00,30.758550642207794,30.94519232954167,30.57937336927977,30.60177230834961,4578900,0.0,0.0
2012-05-31 00:00:00-04:00,30.668948118395626,30.803327446095796,30.444975927071006,30.5718936920166,6573800,0.0,0.0
2012-06-01 00:00:00-04:00,30.36285864481423,30.407653660741254,29.952247633221504,29.98211097717285,6387700,0.0,0.0
2012-06-04 00:00:00-04:00,29.9447917988615,30.109037389716725,29.810409560511967,29.974655151367188,6544300,0.0,0.0
2012-06-05 00:00:00-04:00,29.974639139697405,30.370318381295046,29.892516388137622,30.325523376464844,5447800,0.0,0.0
2012-06-06 00:00:00-04:00,30.400179994682887,30.6166820526123,30.303125580347682,30.616682052612305,10635500,0.0,0.0
2012-06-07 00:00:00-04:00,30.773463270848506,30.975036510150826,30.698804933371143,30.810791015625,7191400,0.0,0.0
2012-06-08 00:00:00-04:00,30.795864203937963,31.16914740640994,30.75853645327573,31.004901885986328,7114100,0.0,0.0
2012-06-11 00:00:00-04:00,31.161685868934903,31.288600802474566,30.833194797796796,30.97504425048828,5598900,0.0,0.0
2012-06-12 00:00:00-04:00,31.034767172279377,31.10942267828646,30.840661147905962,31.087026596069336,4674100,0.0,0.0
2012-06-13 00:00:00-04:00,31.087028485193244,31.236342354206048,30.91531853260233,31.03476905822754,3553300,0.0,0.0
2012-06-14 00:00:00-04:00,31.05716616216934,31.348329497876627,30.98251064917277,31.213947296142578,5375600,0.0,0.0
2012-06-15 00:00:00-04:00,31.370725628414302,31.48270889807417,31.310998939588824,31.348329544067383,6396400,0.0,0.0
2012-06-18 00:00:00-04:00,31.19153988968161,31.422976473773954,31.19153988968161,31.385648727416992,3686600,0.0,0.0
2012-06-19 00:00:00-04:00,31.564823162479318,31.706672586239574,31.47523600131592,31.572290420532227,4149900,0.0,0.0
2012-06-20 00:00:00-04:00,31.53496256076933,31.557358638998608,31.27366264042162,31.385648727416992,3412600,0.0,0.0
2012-06-21 00:00:00-04:00,31.497634719649433,31.639484155299023,31.13928319703555,31.176610946655273,4243200,0.0,0.0
2012-06-22 00:00:00-04:00,31.325920161937365,31.452837909391015,31.221401339283965,31.408042907714844,4331800,0.0,0.0
2012-06-25 00:00:00-04:00,31.20647706582157,31.236340407347882,30.952644358697913,30.960111618041992,4376800,0.0,0.0
2012-06-26 00:00:00-04:00,30.93025020429613,31.169151255546545,30.93025020429613,31.03476905822754,4070600,0.0,0.0
2012-06-27 00:00:00-04:00,31.08701911492075,31.408042839761254,31.072087447727665,31.303524017333984,4267700,0.0,0.0
2012-06-28 00:00:00-04:00,31.325925875689908,31.45284364629297,30.915314919832657,31.430444717407227,5075000,0.0,0.0
2012-06-29 00:00:00-04:00,31.74401100121185,32.03517150878906,31.69921598161325,32.03517150878906,6136800,0.0,0.0
2012-07-02 00:00:00-04:00,32.147150014331565,32.26660052369029,32.00530057651978,32.09489059448242,4709200,0.0,0.0
2012-07-03 00:00:00-04:00,32.0650235165446,32.333787843246405,31.960504689032668,32.2218017578125,2294200,0.0,0.0
2012-07-05 00:00:00-04:00,32.13967598458164,32.1471432418011,31.953034425033636,31.9903621673584,3760200,0.0,0.0
2012-07-06 00:00:00-04:00,31.878379798066355,31.908243131899308,31.66933930915994,31.8485164642334,3244300,0.0,0.0
2012-07-09 00:00:00-04:00,31.83358873563846,32.09488866711737,31.83358873563846,32.065025329589844,3113600,0.0,0.0
2012-07-10 00:00:00-04:00,32.16208067247619,32.214340090681745,31.89331632289064,31.997835159301758,4142000,0.0,0.0
2012-07-11 00:00:00-04:00,31.848522237223584,32.035163835624545,31.744003397787008,31.953041076660156,4062700,0.0,0.0
2012-07-12 00:00:00-04:00,31.85598856607765,32.05009743493955,31.736538049826073,31.982906341552734,4075600,0.0,0.0
2012-07-13 00:00:00-04:00,32.04261895446986,32.47562870419597,31.90077240607197,32.296451568603516,4580100,0.0,0.0
2012-07-16 00:00:00-04:00,32.25913263377806,32.76679800060187,32.24420096440974,32.736934661865234,5779500,0.0,0.0
2012-07-17 00:00:00-04:00,32.9086513060435,33.050497909838064,32.69961075822644,32.819061279296875,11535500,0.0,0.0
2012-07-18 00:00:00-04:00,32.73693021830289,33.34911433968508,32.69213806420256,33.22966384887695,9138900,0.0,0.0
2012-07-19 00:00:00-04:00,33.23714349444702,33.2968673381488,33.140089044515534,33.14755630493164,4592100,0.0,0.0
2012-07-20 00:00:00-04:00,32.968369482504094,33.050492235626876,32.83398731338037,32.975833892822266,6506800,0.0,0.0
2012-07-23 00:00:00-04:00,32.766803734180115,32.83399483413236,32.54283435031439,32.72201156616211,4538100,0.0,0.0
2012-07-24 00:00:00-04:00,31.90824083297919,31.990360723216853,31.049688558646334,31.340848922729492,17930800,0.0,0.0
2012-07-25 00:00:00-04:00,32.30392639961068,32.535362994032404,31.788796641874793,32.19194030761719,12960200,0.0,0.0
2012-07-26 00:00:00-04:00,32.6398887324713,32.75187200022967,32.37858874518466,32.55776596069336,6966400,0.0,0.0
2012-07-27 00:00:00-04:00,32.84892001593283,33.24459927751613,32.8414556053797,33.12514877319336,7526500,0.0,0.0
2012-07-30 00:00:00-04:00,32.78173450386807,32.916116700073786,32.580161209559506,32.886253356933594,6791100,0.0,0.0
2012-07-31 00:00:00-04:00,32.908649416769165,33.155014856365966,32.84145832452914,32.87131881713867,7260000,0.0,0.0
2012-08-01 00:00:00-04:00,32.93851753104419,33.147558115230346,32.69215203444071,32.74441146850586,8163800,0.0,0.0
2012-08-02 00:00:00-04:00,32.61002723187539,32.80413328238371,32.22181228293338,32.34126281738281,6742000,0.0,0.0
2012-08-03 00:00:00-04:00,32.826513408076046,32.99822327497314,32.774254007191004,32.96089553833008,5380100,0.0,0.0
2012-08-06 00:00:00-04:00,32.93851172370756,32.945978983214935,32.63241958618164,32.63241958618164,3838700,0.0,0.0
2012-08-07 00:00:00-04:00,32.259143770918485,32.48311319291692,31.505112719007773,31.91572380065918,11700700,0.0,0.0
2012-08-08 00:00:00-04:00,31.915706682708873,32.10234824225688,31.811187865029858,31.9903621673584,5464700,0.0,0.0
2012-08-09 00:00:00-04:00,31.96051117893745,32.06503002767299,31.766402304492843,31.893320083618164,5164300,0.0,0.0
2012-08-10 00:00:00-04:00,31.90825949375238,32.61749552445794,31.773877270520103,32.5503044128418,11829200,0.0,0.0
2012-08-13 00:00:00-04:00,32.39929176169312,32.45969732391703,32.172776663944965,32.323787689208984,3928300,0.49,0.0
2012-08-14 00:00:00-04:00,32.459693316002756,32.482343958892095,32.2105247230385,32.26337814331055,3274600,0.0,0.0
2012-08-15 00:00:00-04:00,32.25583230958854,32.48989665838673,32.24828017429433,32.452144622802734,5168600,0.0,0.0
2012-08-16 00:00:00-04:00,32.43704462893871,32.48234880176728,32.19542813444461,32.27848434448242,3271500,0.0,0.0
2012-08-17 00:00:00-04:00,32.353973241928045,32.353973241928045,31.916044631197,32.029300689697266,4521500,0.0,0.0
2012-08-20 00:00:00-04:00,32.02930907353986,32.02930907353986,31.870748821958824,31.96890640258789,3892400,0.0,0.0
2012-08-21 00:00:00-04:00,32.08216506696365,32.08216506696365,31.787692327867372,31.87074851989746,4195400,0.0,0.0
2012-08-22 00:00:00-04:00,31.840545654296875,31.99910878422081,31.802793625379817,31.840545654296875,4709000,0.0,0.0
2012-08-23 00:00:00-04:00,31.832988392293366,32.07460477293247,31.802785624639867,32.01420211791992,4589600,0.0,0.0
2012-08-24 00:00:00-04:00,33.83388872912413,33.98489685868478,32.739062508036795,33.1165885925293,48000900,0.0,0.0
2012-08-27 00:00:00-04:00,33.033537789071964,33.96225176299208,33.033537789071964,33.667781829833984,15116900,0.0,0.0
2012-08-28 00:00:00-04:00,33.697966792112,34.317109113967554,33.380843499289135,33.75836944580078,13256500,0.0,0.0
2012-08-29 00:00:00-04:00,33.675318220059054,34.173652427395176,33.509208737810226,34.10569763183594,8328900,0.0,0.0
2012-08-30 00:00:00-04:00,33.977336620939575,33.977336620939575,33.69796821520543,33.901832580566406,5234500,0.0,0.0
2012-08-31 00:00:00-04:00,34.03019771592548,34.1963100986405,33.735727859508984,33.90938949584961,6397500,0.0,0.0
2012-09-04 00:00:00-04:00,33.95471064842311,34.28693269979208,33.75839539238498,34.196327209472656,6948400,0.0,0.0
2012-09-05 00:00:00-04:00,34.63422567311178,35.004202326859335,34.52096962993572,34.588924407958984,11305000,0.0,0.0
2012-09-06 00:00:00-04:00,34.7173031858483,35.3817499929337,34.7173031858483,35.343997955322266,8553600,0.0,0.0
2012-09-07 00:00:00-04:00,35.26847632299159,35.38928452125191,34.95135588266875,35.223175048828125,9900100,0.0,0.0
2012-09-10 00:00:00-04:00,35.29114293191737,35.37419625879127,35.125030517578125,35.125030517578125,4721800,0.0,0.0
2012-09-11 00:00:00-04:00,35.22316411780041,35.26091612798569,35.041950436499796,35.10235595703125,4263300,0.0,0.0
2012-09-12 00:00:00-04:00,35.09481733518762,35.38173790756331,35.07971594924207,35.14767074584961,3977600,0.0,0.0
2012-09-13 00:00:00-04:00,35.20051711693078,35.683749849369505,34.966452882321306,35.6006965637207,5501100,0.0,0.0
2012-09-14 00:00:00-04:00,35.494990553770236,35.494990553770236,35.11746458247583,35.27602767944336,6510400,0.0,0.0
2012-09-17 00:00:00-04:00,35.14011932077541,35.44213838013195,35.13256718812206,35.35908508300781,7230400,0.0,0.0
2012-09-18 00:00:00-04:00,35.12502854764121,35.54030667990332,35.12502854764121,35.419498443603516,4155500,0.0,0.0
2012-09-19 00:00:00-04:00,35.313789575717855,35.62336084353648,35.24583476667009,35.381744384765625,5176800,0.0,0.0
2012-09-20 00:00:00-04:00,35.31377381947042,35.5629394212763,35.29867243749823,35.50253677368164,4905700,0.0,0.0
2012-09-21 00:00:00-04:00,35.615796830418454,36.06127756775545,35.56294342770851,35.83476257324219,8368200,0.0,0.0
2012-09-24 00:00:00-04:00,35.86497473044819,35.96313230987733,35.60825690137633,35.78947067260742,4873400,0.0,0.0
2012-09-25 00:00:00-04:00,35.88007815098748,36.12169460612178,35.79702195447969,35.82722473144531,4395100,0.0,0.0
2012-09-26 00:00:00-04:00,35.82721743440203,36.0159804315482,35.366635260518215,35.63845443725586,4792400,0.0,0.0
2012-09-27 00:00:00-04:00,35.75927416297743,36.031093427303766,35.56295896972143,35.97068786621094,5020300,0.0,0.0
2012-09-28 00:00:00-04:00,35.766809560257094,35.88006850327657,35.48744114918218,35.79701232910156,5941800,0.0,0.0
2012-10-01 00:00:00-04:00,35.85741351205067,36.27269145219727,35.83475999802121,35.917816162109375,5301900,0.0,0.0
2012-10-02 00:00:00-04:00,36.09903084732567,36.34819646602188,36.08392946432979,36.19718551635742,4948300,0.0,0.0
2012-10-03 00:00:00-04:00,36.28779950339943,36.53696516115891,36.1896419386846,36.4765625,5763600,0.0,0.0
2012-10-04 00:00:00-04:00,36.58981116732179,36.95978783313885,36.559608402705265,36.81632614135742,7990400,0.0,0.0
2012-10-05 00:00:00-04:00,36.79368276003286,36.92204309480569,36.22739377318182,36.41615676879883,7089400,0.0,0.0
2012-10-08 00:00:00-04:00,36.280256806334336,38.462357153710094,36.06129098205834,38.341548919677734,28624000,0.0,0.0
2012-10-09 00:00:00-04:00,38.82477850589772,40.43304032292834,38.48500735720125,39.1192512512207,29784100,0.0,0.0
2012-10-10 00:00:00-04:00,39.05130636913258,39.16456248738028,37.813021042396834,37.92627716064453,11520300,0.0,0.0
2012-10-11 00:00:00-04:00,38.16787160911288,38.409487978081124,37.97910864083804,38.205623626708984,6467400,0.0,0.0
2012-10-12 00:00:00-04:00,37.805456121916805,38.31134249596476,37.75260270854844,38.092376708984375,6823400,0.0,0.0
2012-10-15 00:00:00-04:00,38.43213619022533,40.146101171018636,38.36418141581063,39.66286849975586,12886200,0.0,0.0
2012-10-16 00:00:00-04:00,39.89694422420947,40.68219892519548,39.866741455642035,40.51608657836914,11263700,0.0,0.0
2012-10-17 00:00:00-04:00,40.606695860256224,40.76525897014695,40.17631644832741,40.52363967895508,5918400,0.0,0.0
2012-10-18 00:00:00-04:00,40.365090198975594,40.667112233175736,40.0404175203139,40.62936019897461,7926300,0.0,0.0
2012-10-19 00:00:00-04:00,40.682201709250904,40.682201709250904,39.677981187869754,39.91204833984375,6781500,0.0,0.0
2012-10-22 00:00:00-04:00,40.304680094631486,40.37263489579183,39.20985402273479,39.47412109375,9336600,0.0,0.0
2012-10-23 00:00:00-04:00,39.16454515452027,39.29290548808169,38.17542891021052,39.19474792480469,10998200,0.0,0.0
2012-10-24 00:00:00-04:00,37.73749955767526,38.93803238289634,37.54873655295682,38.130126953125,14232600,0.0,0.0
2012-10-25 00:00:00-04:00,38.213190207078796,38.65111896130729,38.07728058810899,38.56806564331055,7109800,0.0,0.0
2012-10-26 00:00:00-04:00,38.4774562480822,38.507659024862775,37.85076447150957,37.91116714477539,6047600,0.0,0.0
2012-10-31 00:00:00-04:00,38.364195292143236,38.364195292143236,36.34065558909544,36.71818161010742,13386400,0.0,0.0
2012-11-01 00:00:00-04:00,36.91449502483525,37.51853610123167,36.36330736260507,37.073055267333984,8200800,0.0,0.0
2012-11-02 00:00:00-04:00,37.29201582551397,37.359970617092884,36.657772064208984,36.657772064208984,10584600,0.0,0.0
2012-11-05 00:00:00-05:00,36.52186873071121,36.922048296397136,36.47656744876969,36.83143997192383,4246100,0.0,0.0
2012-11-06 00:00:00-05:00,36.84654135933605,37.09570993119493,36.68043185839193,36.83143997192383,5705500,0.0,0.0
2012-11-07 00:00:00-05:00,36.62757987495408,37.00510596382529,35.895181221144874,36.378414154052734,9276000,0.0,0.0
2012-11-08 00:00:00-05:00,36.3330938282228,36.408600740594466,35.827210476656525,35.84231185913086,23062400,0.0,0.0
2012-11-09 00:00:00-05:00,35.59314336874566,36.242488413671,35.59314336874566,35.84231185913086,15307500,0.0,0.0
2012-11-12 00:00:00-05:00,35.864979656922074,36.72573870784091,35.781923453711386,36.46902084350586,7293700,0.0,0.0
2012-11-13 00:00:00-05:00,36.35459050686455,36.58342704590411,35.942682990704654,35.95793914794922,7142600,0.49,0.0
2012-11-14 00:00:00-05:00,36.03422651218814,36.30882866327532,35.09599158416738,35.25617980957031,9323100,0.0,0.0
2012-11-15 00:00:00-05:00,35.218039019160486,35.40111003523415,34.234041400936725,35.05785369873047,6867700,0.0,0.0
2012-11-16 00:00:00-05:00,35.08837326634223,35.27907094713757,34.653582786914114,35.01972198486328,8915600,0.0,0.0
2012-11-19 00:00:00-05:00,35.31720194302111,35.90455101669649,35.2027851062158,35.87403869628906,8489500,0.0,0.0
2012-11-20 00:00:00-05:00,35.874047348748945,36.07237456941674,35.66046687401354,35.99609375,4547600,0.0,0.0
2012-11-21 00:00:00-05:00,36.10287950385551,36.18678402330794,35.82064489453458,36.17152786254883,3922900,0.0,0.0
2012-11-23 00:00:00-05:00,36.217303123403084,36.43088359437501,36.1639080056601,36.41563034057617,2254200,0.0,0.0
2012-11-26 00:00:00-05:00,36.11811947569556,36.56053924560547,35.76723663668608,36.56053924560547,7630800,0.0,0.0
2012-11-27 00:00:00-05:00,36.476640359849796,36.81989665629802,36.24017426455997,36.369850158691406,5380000,0.0,0.0
2012-11-28 00:00:00-05:00,36.33172232549552,36.65209302692623,36.04186104099942,36.644466400146484,3654200,0.0,0.0
2012-11-29 00:00:00-05:00,36.83515221909891,37.20129129278212,36.789383743707994,37.05636215209961,4395700,0.0,0.0
2012-11-30 00:00:00-05:00,37.079241717319945,37.49114923065062,36.91142689859683,37.40724182128906,6859200,0.0,0.0
2012-12-03 00:00:00-05:00,37.53692960559423,37.84204704917054,37.22418553534553,37.31571960449219,5651800,0.0,0.0
2012-12-04 00:00:00-05:00,37.308089521705625,37.735253321178114,37.26232103646436,37.5445556640625,5488200,0.0,0.0
2012-12-05 00:00:00-05:00,37.54456673274308,37.91070599317035,37.36149564762135,37.81917190551758,5268300,0.0,0.0
2012-12-06 00:00:00-05:00,37.8572995574272,37.87255571911468,37.56743830499569,37.68185806274414,5151100,0.0,0.0
2012-12-07 00:00:00-05:00,37.73525722260508,37.880186409463576,37.52930338244893,37.857303619384766,2972400,0.0,0.0
2012-12-10 00:00:00-05:00,37.842041919274564,38.3759959182421,37.529297891421685,38.23106384277344,4296900,0.0,0.0
2012-12-11 00:00:00-05:00,38.299729580676384,38.719263984840744,38.246334451590904,38.59721755981445,5401500,0.0,0.0
2012-12-12 00:00:00-05:00,37.567437152473296,38.1395301040338,37.23181033509128,37.376739501953125,18763400,0.0,0.0
2012-12-13 00:00:00-05:00,37.51402666200145,37.582677904433645,36.59105111026833,36.78937530517578,10167100,0.0,0.0
2012-12-14 00:00:00-05:00,36.652082486959735,36.68259480493562,36.31645571866942,36.453758239746094,6357400,0.0,0.0
2012-12-17 00:00:00-05:00,36.46137969608389,37.03347248287332,36.446123539258444,36.873287200927734,7445300,0.0,0.0
2012-12-18 00:00:00-05:00,37.04873631360886,37.788644068921,36.88092146358384,37.77338790893555,13440200,0.0,0.0
2012-12-19 00:00:00-05:00,37.697114954054776,37.84967367584293,37.3080929778198,37.31571960449219,7036700,0.0,0.0
2012-12-20 00:00:00-05:00,37.29283114277101,37.64371411264685,37.15552860502565,37.56743621826172,6572200,0.0,0.0
2012-12-21 00:00:00-05:00,37.27757821819704,37.90306631786557,37.18604415502529,37.7962760925293,12842500,0.0,0.0
2012-12-24 00:00:00-05:00,37.727612391781065,37.727612391781065,37.22417084542617,37.40724182128906,2765100,0.0,0.0
2012-12-26 00:00:00-05:00,37.45301765257694,37.55981078183825,37.08687851026961,37.422508239746094,3680400,0.0,0.0
2012-12-27 00:00:00-05:00,37.36147031200739,37.67421423340751,37.01058745576613,37.353843688964844,4349100,0.0,0.0
2012-12-28 00:00:00-05:00,37.109762797928916,37.51404087328389,37.03348199421043,37.07162094116211,3646300,0.0,0.0
2012-12-31 00:00:00-05:00,36.995335001116096,37.64370568772532,36.90380096637686,37.62082290649414,5245200,0.0,0.0
2013-01-02 00:00:00-05:00,38.093758680773234,38.37599327683069,37.521665773359736,37.7657585144043,8352400,0.0,0.0
2013-01-03 00:00:00-05:00,37.77337519918306,38.02509447970864,37.53690916369562,37.925933837890625,7448100,0.0,0.0
2013-01-04 00:00:00-05:00,38.948091523035245,39.588835783560675,38.66585688829061,39.32948684692383,13587200,0.0,0.0
2013-01-07 00:00:00-05:00,39.13877477168588,39.588821204532366,38.90993533377311,39.27607727050781,6989100,0.0,0.0
2013-01-08 00:00:00-05:00,39.22269198685522,39.68036810128075,39.11590176643384,39.573577880859375,5246100,0.0,0.0
2013-01-09 00:00:00-05:00,39.81004298172,40.473672942383004,39.6651138057326,40.40502166748047,7267200,0.0,0.0
2013-01-10 00:00:00-05:00,40.618595123291016,40.83217553739948,40.32873391141889,40.618595123291016,6324400,0.0,0.0
2013-01-11 00:00:00-05:00,40.70250795777657,40.733020280938995,40.39739054578294,40.511810302734375,5126500,0.0,0.0
2013-01-14 00:00:00-05:00,40.580454578627844,40.74826650745879,40.23719827676828,40.27533721923828,6286100,0.0,0.0
2013-01-15 00:00:00-05:00,40.168565106482596,40.70251927097549,40.16093847847983,40.64912414550781,5915600,0.0,0.0
2013-01-16 00:00:00-05:00,40.55756836006936,40.66436147134308,40.21431497246976,40.3745002746582,4467100,0.0,0.0
2013-01-17 00:00:00-05:00,40.130397453726296,40.78639756593814,40.06174621152241,40.67960739135742,4880800,0.0,0.0
2013-01-18 00:00:00-05:00,40.66436439783504,41.0152473449707,40.37450318028973,41.0152473449707,6557400,0.0,0.0
2013-01-22 00:00:00-05:00,40.97709491553263,41.01523384770273,40.519419000049375,40.763511657714844,6089100,0.0,0.0
2013-01-23 00:00:00-05:00,40.23720949879976,40.39739484773781,39.8176751949934,39.97023391723633,10413800,0.0,0.0
2013-01-24 00:00:00-05:00,40.122766974454066,40.626208435463234,40.122766974454066,40.549930572509766,6719100,0.0,0.0
2013-01-25 00:00:00-05:00,40.557569041843585,40.938964287645305,40.49654731561901,40.58808135986328,6028200,0.0,0.0
2013-01-28 00:00:00-05:00,40.519436569575234,40.61860016406677,40.015994881117436,40.153297424316406,8054100,0.0,0.0
2013-01-29 00:00:00-05:00,40.24484070258761,41.85432973115916,40.24484070258761,41.43479537963867,11003300,0.0,0.0
2013-01-30 00:00:00-05:00,41.36613648481936,41.785670759184846,41.18306835882714,41.30511474609375,6316700,0.0,0.0
2013-01-31 00:00:00-05:00,41.24408485692057,41.31273612289841,40.58808451753573,40.9542236328125,5121400,0.0,0.0
2013-02-01 00:00:00-05:00,40.847435230653694,41.556830707243456,40.847435230653694,41.3432502746582,4205500,0.0,0.0
2013-02-04 00:00:00-05:00,41.068641128869544,41.09915344759099,40.7864094552333,40.84743118286133,4968900,0.0,0.0
2013-02-05 00:00:00-05:00,41.00760749672924,41.48816622683326,41.00760749672924,41.2669563293457,3519900,0.0,0.0
2013-02-06 00:00:00-05:00,41.13729476928711,41.31273624735565,40.90845818527662,41.13729476928711,3575100,0.0,0.0
2013-02-07 00:00:00-05:00,41.0762718476789,41.129666955855846,40.59571587408637,41.02287673950195,5233900,0.0,0.0
2013-02-08 00:00:00-05:00,40.91608336289719,41.190688417920384,40.855061633900334,40.977108001708984,17142800,0.0,0.0
2013-02-11 00:00:00-05:00,40.855076668419954,41.23647207190097,40.79405200715131,41.11442565917969,18307300,0.0,0.0
2013-02-12 00:00:00-05:00,40.992362331918535,41.122035318883874,40.946593854852345,41.03812789916992,19666700,0.0,0.0
2013-02-13 00:00:00-05:00,41.107405206682,41.14589469805171,40.99963051966287,41.1381950378418,4385000,0.49,0.0
2013-02-14 00:00:00-05:00,40.96885507451762,41.24598420818802,40.938062295985134,41.18439865112305,4276900,0.0,0.0
2013-02-15 00:00:00-05:00,41.18438747415434,41.5692882916698,41.18438747415434,41.25366973876953,5482800,0.0,0.0
2013-02-19 00:00:00-05:00,41.276772777523334,41.707862854003906,41.26137638873179,41.707862854003906,3981200,0.0,0.0
2013-02-20 00:00:00-05:00,41.69247405621539,42.09277142799553,41.64628488143103,41.79254913330078,4446300,0.0,0.0
2013-02-21 00:00:00-05:00,41.65396854658198,41.76174030978986,41.51540401201177,41.584686279296875,5512500,0.0,0.0
2013-02-22 00:00:00-05:00,41.623173031547644,41.77713394165039,41.20747945523826,41.77713394165039,5519000,0.0,0.0
2013-02-25 00:00:00-05:00,41.95420125014517,42.285216283924406,41.39224624633789,41.39224624633789,6361000,0.0,0.0
2013-02-26 00:00:00-05:00,41.63088107186538,41.96959279302119,41.35375196521031,41.90031051635742,4772100,0.0,0.0
2013-02-27 00:00:00-05:00,41.95418736470616,42.33139144227343,41.76943368789441,42.18512725830078,3972000,0.0,0.0
2013-02-28 00:00:00-05:00,42.09275463130062,42.32369453994527,42.015775640605824,42.07735824584961,5877500,0.0,0.0
2013-03-01 00:00:00-05:00,41.80793394522894,42.223624656907354,41.80793394522894,42.16973876953125,4592600,0.0,0.0
2013-03-04 00:00:00-05:00,42.0773598430531,42.26981026365553,41.97728480210293,42.15433883666992,4424200,0.0,0.0
2013-03-05 00:00:00-05:00,42.316004483233066,42.908752201975105,42.269815319602,42.754791259765625,4866800,0.0,0.0
2013-03-06 00:00:00-05:00,42.78558910422838,42.85486845304125,42.27751705377876,42.40068817138672,6787700,0.0,0.0
2013-03-07 00:00:00-05:00,42.408384759566644,42.77019257495667,42.400688033021794,42.6085319519043,3602300,0.0,0.0
2013-03-08 00:00:00-05:00,42.723990054400936,42.793272317897504,42.315996134121214,42.462257385253906,4824800,0.0,0.0
2013-03-11 00:00:00-04:00,42.38529719944818,42.523861787907634,42.17745031675901,42.39299392700195,4766200,0.0,0.0
2013-03-12 00:00:00-04:00,42.38529178168572,42.670117649751454,42.30061310661079,42.40068817138672,3870600,0.0,0.0
2013-03-13 00:00:00-04:00,42.45455905530963,42.54693442429099,42.3390876416629,42.385276794433594,3623700,0.0,0.0
2013-03-14 00:00:00-04:00,42.693216223143615,42.83948047571828,42.19284670842799,42.39299392700195,5357000,0.0,0.0
2013-03-15 00:00:00-04:00,42.09275946636404,42.439170837402344,41.869516256521514,42.439170837402344,10614700,0.0,0.0
2013-03-18 00:00:00-04:00,42.05426513595322,42.300601430048886,41.9849828697038,42.07735824584961,3926500,0.0,0.0
2013-03-19 00:00:00-04:00,42.20822960210387,42.30830171110754,41.954193625647235,42.17743682861328,3337200,0.0,0.0
2013-03-20 00:00:00-04:00,42.37757980191539,42.68550163331861,42.354486692356225,42.570030212402344,3802800,0.0,0.0
2013-03-21 00:00:00-04:00,42.36989539198473,42.56234585840556,42.24672721093784,42.40068817138672,2702500,0.0,0.0
2013-03-22 00:00:00-04:00,42.53154530524512,42.86256028191214,42.439169920484254,42.77788162231445,2811100,0.0,0.0
2013-03-25 00:00:00-04:00,42.87795746641783,42.94723974041741,42.5392428217263,42.81637191772461,4675200,0.0,0.0
2013-03-26 00:00:00-04:00,43.03193102377293,43.63237561685207,42.939552673636555,43.3321533203125,5107900,0.0,0.0
2013-03-27 00:00:00-04:00,43.13199362119315,43.463008627868575,43.07041100462327,43.39372634887695,3417800,0.0,0.0
2013-03-28 00:00:00-04:00,43.5015021258254,43.832517162903926,43.3552408285474,43.71704864501953,4223200,0.0,0.0
2013-04-01 00:00:00-04:00,43.62464690110863,43.72472191216451,43.27823859675122,43.578460693359375,3668000,0.0,0.0
2013-04-02 00:00:00-04:00,43.59387999531335,43.986477650397056,43.33214724640386,43.493804931640625,4040300,0.0,0.0
2013-04-03 00:00:00-04:00,43.62465340898772,44.05574334383379,43.55537408702882,43.76321792602539,5563600,0.0,0.0
2013-04-04 00:00:00-04:00,43.76323210258855,44.09424711867792,43.539991807542954,43.8248176574707,3016200,0.0,0.0
2013-04-05 00:00:00-04:00,43.45530425930266,43.57847240734102,43.27825023003253,43.478397369384766,3001200,0.0,0.0
2013-04-08 00:00:00-04:00,43.45530557779816,43.74013137817383,43.01651885356308,43.74013137817383,3691900,0.0,0.0
2013-04-09 00:00:00-04:00,43.847901271627265,44.055748069478476,43.555378759001336,43.67854690551758,4145100,0.0,0.0
2013-04-10 00:00:00-04:00,44.04805610847506,44.40216420093291,44.04035644667,44.332881927490234,3238000,0.0,0.0
2013-04-11 00:00:00-04:00,44.379072906849366,44.8486495165765,44.325187018248535,44.648502349853516,4048000,0.0,0.0
2013-04-12 00:00:00-04:00,44.4714360589496,44.9102227091337,44.15581753975472,44.27128601074219,4709100,0.0,0.0
2013-04-15 00:00:00-04:00,43.89409705418351,44.45605199103354,43.47840339572656,43.48610305786133,5645800,0.0,0.0
2013-04-16 00:00:00-04:00,43.72473603646336,44.13273293491955,43.52458888625802,44.01726150512695,4130500,0.0,0.0
2013-04-17 00:00:00-04:00,43.86330865282037,44.36368102529287,43.678557855012144,44.24051284790039,4147400,0.0,0.0
2013-04-18 00:00:00-04:00,44.24821660162062,44.27130972087399,43.23977497017613,43.3321533203125,4098600,0.0,0.0
2013-04-19 00:00:00-04:00,43.539976614398356,44.217399862351925,43.39371244087213,44.202003479003906,4892900,0.0,0.0
2013-04-22 00:00:00-04:00,44.232813162384865,44.36368100261302,43.87100829329498,44.325191497802734,2732900,0.0,0.0
2013-04-23 00:00:00-04:00,44.60232072330029,44.95643182666105,44.27900533706446,44.90254592895508,4014600,0.0,0.0
2013-04-24 00:00:00-04:00,44.57921627360796,44.902534514213755,43.124291532283,43.14738464355469,6678800,0.0,0.0
2013-04-25 00:00:00-04:00,43.401432824295455,43.493808231931425,42.35450174921686,43.43992233276367,7431300,0.0,0.0
2013-04-26 00:00:00-04:00,43.455312154709546,43.68625210717097,43.32444432182621,43.463008880615234,3457300,0.0,0.0
2013-04-29 00:00:00-04:00,43.56307880777008,43.593871580889044,42.94723802819322,43.11659240722656,4852700,0.0,0.0
2013-04-30 00:00:00-04:00,43.03191958226027,43.03191958226027,42.462264987460685,42.631622314453125,4679000,0.0,0.0
2013-05-01 00:00:00-04:00,42.41607441911361,42.43917046802221,41.68476512019418,41.75404739379883,5789900,0.0,0.0
2013-05-02 00:00:00-04:00,41.815632611835824,42.2082331655854,41.68476771829314,42.108158111572266,4060900,0.0,0.0
2013-05-03 00:00:00-04:00,42.48536749121143,42.48536749121143,42.01579078027286,42.3314094543457,3407600,0.0,0.0
2013-05-06 00:00:00-04:00,42.354485426395286,42.46225718319708,41.80022732106017,41.931095123291016,4618300,0.0,0.0
2013-05-07 00:00:00-04:00,41.969578007570064,42.023463877485035,41.453809477092925,41.70014572143555,6318500,0.0,0.0
2013-05-08 00:00:00-04:00,41.746353623388515,42.169744050029415,41.69246772926481,41.96959686279297,5429000,0.0,0.0
2013-05-09 00:00:00-04:00,42.015774039893735,42.292900157773246,41.838717082232726,42.0003776550293,12817600,0.0,0.0
2013-05-10 00:00:00-04:00,41.54620821484639,42.200538635253906,41.47692592849821,42.200538635253906,15278800,0.0,0.0
2013-05-13 00:00:00-04:00,42.12355490370411,43.34753986770834,41.99268707234526,43.32444381713867,18982900,0.0,0.0
2013-05-14 00:00:00-04:00,43.33997428641118,43.62730171517486,43.26231622299382,43.386566162109375,4821500,0.49,0.0
2013-05-15 00:00:00-04:00,43.42538970290098,44.341734030148416,43.42538970290098,44.0466423034668,5386200,0.0,0.0
2013-05-16 00:00:00-04:00,43.92239285032235,43.92239285032235,43.34773507729646,43.440921783447266,3819900,0.0,0.0
2013-05-17 00:00:00-04:00,43.4642369562375,43.66614205555637,42.9827657090832,43.40987777709961,3762700,0.0,0.0
2013-05-20 00:00:00-04:00,43.40987781186419,43.440938084001374,42.6177831064809,42.72650146484375,4242600,0.0,0.0
2013-05-21 00:00:00-04:00,42.76530104315625,43.04486404592946,42.44691050385369,42.81966018676758,4220100,0.0,0.0
2013-05-22 00:00:00-04:00,42.91286957864342,43.53412234131718,42.44693296899082,42.64883804321289,4569300,0.0,0.0
2013-05-23 00:00:00-04:00,42.454686341206944,42.943921728755406,42.330436413201994,42.50904846191406,3953000,0.0,0.0
2013-05-24 00:00:00-04:00,42.322672978273836,42.322672978273836,41.84896919206363,42.04310989379883,4983600,0.0,0.0
2013-05-28 00:00:00-04:00,42.48575878797413,42.85850865291753,42.18289970785465,42.35374450683594,4344000,0.0,0.0
2013-05-29 00:00:00-04:00,42.12076285185406,42.2139495479452,41.49951031164207,41.7402458190918,4201600,0.0,0.0
2013-05-30 00:00:00-04:00,41.88003538186061,42.41586269015814,41.771317055164204,41.99652099609375,4393500,0.0,0.0
2013-05-31 00:00:00-04:00,41.87226033691502,41.98098160582155,41.27430965086332,41.282073974609375,4827100,0.0,0.0
2013-06-03 00:00:00-04:00,41.21995628301918,41.34420621685694,40.78508003341096,41.26654815673828,4173000,0.0,0.0
2013-06-04 00:00:00-04:00,41.26654622082466,41.48398285425224,40.55210987536148,40.76954650878906,4093300,0.0,0.0
2013-06-05 00:00:00-04:00,40.62976458814652,41.0568735265214,40.19488836302102,40.23371887207031,4540700,0.0,0.0
2013-06-06 00:00:00-04:00,40.2958434627971,40.71518808830886,39.86873451267307,40.45115661621094,4976800,0.0,0.0
2013-06-07 00:00:00-04:00,40.83167055069461,41.20442031278196,40.598699357332215,40.76177978515625,4367400,0.0,0.0
2013-06-10 00:00:00-04:00,40.92485639633229,41.02581038052516,40.49774748800331,40.87826156616211,4212600,0.0,0.0
2013-06-11 00:00:00-04:00,40.55987878089198,40.629769558437836,40.210424893162696,40.33467483520508,5268400,0.0,0.0
2013-06-12 00:00:00-04:00,40.62201439269224,40.854982716258235,40.19490234340948,40.21043395996094,3507000,0.0,0.0
2013-06-13 00:00:00-04:00,40.132767691417435,40.29584517637843,39.47269046427886,40.2647819519043,7099100,0.0,0.0
2013-06-14 00:00:00-04:00,39.9696961928465,40.59871028972041,39.90756973459336,40.420101165771484,6116300,0.0,0.0
2013-06-17 00:00:00-04:00,40.70742714575255,41.196662618432136,40.53658531648778,40.66083526611328,5134700,0.0,0.0
2013-06-18 00:00:00-04:00,40.74625440431629,40.94039512023188,40.14053335626014,40.6530647277832,5163600,0.0,0.0
2013-06-19 00:00:00-04:00,40.59870081333556,40.67635886802537,39.8532012624248,39.89202880859375,4578700,0.0,0.0
2013-06-20 00:00:00-04:00,39.573632311451725,39.573632311451725,38.21464766095667,38.36996078491211,7952200,0.0,0.0
2013-06-21 00:00:00-04:00,38.8436850457975,39.16207578542072,38.46316783875853,38.758262634277344,7198300,0.0,0.0
2013-06-24 00:00:00-04:00,38.29232343246122,38.51752445598981,37.80308790232125,38.098182678222656,5861800,0.0,0.0
2013-06-25 00:00:00-04:00,38.47093110180913,38.47093110180913,37.981695590351336,38.22243118286133,4041300,0.0,0.0
2013-06-26 00:00:00-04:00,38.564104153982115,38.750480508270535,38.22241762719694,38.66505813598633,6075500,0.0,0.0
2013-06-27 00:00:00-04:00,38.91354999215199,39.08439470170877,38.61069107055664,38.61069107055664,3657300,0.0,0.0
2013-06-28 00:00:00-04:00,38.533037639884974,38.71941397823782,38.0903971689423,38.14475631713867,8242900,0.0,0.0
2013-07-01 00:00:00-04:00,38.32337560090745,39.06887819098639,38.261252113106316,38.952392578125,6987400,0.0,0.0
2013-07-02 00:00:00-04:00,38.890275632944146,39.55035298393283,38.88250834419217,39.2164306640625,5845400,0.0,0.0
2013-07-03 00:00:00-04:00,39.20089060686531,39.20089060686531,38.439859402460456,38.936859130859375,2671200,0.0,0.0
2013-07-05 00:00:00-04:00,39.28630970371628,39.46491878101922,38.8048416274061,39.27854537963867,2700400,0.0,0.0
2013-07-08 00:00:00-04:00,39.44939459560947,39.75225365162032,39.340676263949405,39.70566177368164,4376000,0.0,0.0
2013-07-09 00:00:00-04:00,39.923098324558495,40.23372466758582,39.728957600754505,40.21819305419922,4518800,0.0,0.0
2013-07-10 00:00:00-04:00,40.21042938285309,40.311383397769625,39.79885195932414,39.93086624145508,3865200,0.0,0.0
2013-07-11 00:00:00-04:00,40.42788013329266,40.42788013329266,39.938644501449666,40.02406692504883,3922600,0.0,0.0
2013-07-12 00:00:00-04:00,40.09394415944393,40.09394415944393,39.68236379980135,39.95416259765625,4066900,0.0,0.0
2013-07-15 00:00:00-04:00,39.92311288239951,40.16384853414682,39.73673641615103,40.02406692504883,2922300,0.0,0.0
2013-07-16 00:00:00-04:00,40.03181479054311,40.21819118014537,39.44939264627036,39.604705810546875,4029900,0.0,0.0
2013-07-17 00:00:00-04:00,39.760022443225864,39.79108567126136,39.30185019793595,39.34844207763672,4038000,0.0,0.0
2013-07-18 00:00:00-04:00,39.31737594626075,39.348436207309945,38.69612628999638,38.766014099121094,6040300,0.0,0.0
2013-07-19 00:00:00-04:00,38.77379067033031,39.301853745184985,38.408805113852075,39.29408645629883,7808800,0.0,0.0
2013-07-22 00:00:00-04:00,39.25524492883934,39.47268450497868,39.084403144728334,39.3173713684082,3362600,0.0,0.0
2013-07-23 00:00:00-04:00,39.42609811856153,39.65130206669948,39.26302062329708,39.59694290161133,3926400,0.0,0.0
2013-07-24 00:00:00-04:00,40.381267346256266,40.909330310080094,40.18712663786081,40.80837631225586,8955800,0.0,0.0
2013-07-25 00:00:00-04:00,40.69965404391077,40.87826312283712,40.28807672996535,40.83943557739258,4085400,0.0,0.0
2013-07-26 00:00:00-04:00,40.69965415884242,41.46845259516338,40.57540423565793,41.4373893737793,4349400,0.0,0.0
2013-07-29 00:00:00-04:00,41.33644141736048,41.802380919057136,41.27431792787896,41.592708587646484,4230700,0.0,0.0
2013-07-30 00:00:00-04:00,41.77907221573498,41.91885373721152,41.32090010919554,41.40632247924805,3594200,0.0,0.0
2013-07-31 00:00:00-04:00,41.43740017063939,41.66260414082502,41.10347785963385,41.24325942993164,4334500,0.0,0.0
2013-08-01 00:00:00-04:00,41.49174527916514,41.678118668163684,41.243245452265995,41.546104431152344,3297800,0.0,0.0
2013-08-02 00:00:00-04:00,41.52282253035975,41.87227349341357,41.3286817898398,41.84121322631836,3626300,0.0,0.0
2013-08-05 00:00:00-04:00,41.83344268798828,42.2838505929343,41.61600602345013,41.83344268798828,3794000,0.0,0.0
2013-08-06 00:00:00-04:00,41.85673026230615,42.08193119148363,41.33643171850977,41.40632247924805,4177300,0.0,0.0
2013-08-07 00:00:00-04:00,41.406333025699965,41.74025530512919,41.19666069008029,41.63930130004883,3377600,0.0,0.0
2013-08-08 00:00:00-04:00,41.84119937216861,41.87225962897937,41.32866810539562,41.6004638671875,17504400,0.0,0.0
2013-08-09 00:00:00-04:00,41.60048804777937,42.09748799385606,41.429643205433,42.07419204711914,14719900,0.0,0.0
2013-08-12 00:00:00-04:00,41.82567495233854,42.00428404969742,41.60823830552811,41.97322082519531,17194000,0.0,0.0
2013-08-13 00:00:00-04:00,43.88537306504406,44.27720675312481,42.8901151385845,43.07035827636719,14253300,0.49,0.0
2013-08-14 00:00:00-04:00,43.07035544363664,43.18006839077084,42.325870887357084,42.474769592285156,5054300,0.0,0.0
2013-08-15 00:00:00-04:00,42.12996392295187,42.26318895385414,41.74596851805125,41.84000778198242,4509000,0.0,0.0
2013-08-16 00:00:00-04:00,41.66759471260762,41.785146019770266,41.36980324951572,41.424659729003906,5112300,0.0,0.0
2013-08-19 00:00:00-04:00,41.30710574401682,41.651921294965064,41.28359667988989,41.36980056762695,3372700,0.0,0.0
2013-08-20 00:00:00-04:00,41.369808225530285,41.59707251900495,41.322787099118685,41.37764358520508,2890900,0.0,0.0
2013-08-21 00:00:00-04:00,41.322783409051304,41.47951749363957,41.00147988089967,41.0798454284668,3969600,0.0,0.0
2013-08-22 00:00:00-04:00,41.06417647581578,41.354132601623824,40.993646284191755,41.1111946105957,2388600,0.0,0.0
2013-08-23 00:00:00-04:00,41.11119702717634,41.2365837097168,40.69585420178377,41.2365837097168,3249400,0.0,0.0
2013-08-26 00:00:00-04:00,41.29926760435004,41.35412407658754,40.78204730221541,40.78988265991211,4048600,0.0,0.0
2013-08-27 00:00:00-04:00,40.50777357139451,40.5469593394792,40.15512557426738,40.17863464355469,4527000,0.0,0.0
2013-08-28 00:00:00-04:00,40.11592499100782,40.55477972217561,39.96702929141944,40.33535385131836,3211800,0.0,0.0
2013-08-29 00:00:00-04:00,40.170784375099544,40.54694730881161,40.04539772701336,40.31968307495117,2305000,0.0,0.0
2013-08-30 00:00:00-04:00,40.32752808460773,40.45291476270411,40.1002637963536,40.28050994873047,3237300,0.0,0.0
2013-09-03 00:00:00-04:00,40.57046633912246,40.67234394992762,39.998389429831406,40.20998001098633,2641600,0.0,0.0
2013-09-04 00:00:00-04:00,40.249143539986406,41.06415805776935,40.186448735794116,40.89175033569336,4179500,0.0,0.0
2013-09-05 00:00:00-04:00,40.97797040271733,41.0249885350035,40.68801130283405,40.91527557373047,2424400,0.0,0.0
2013-09-06 00:00:00-04:00,40.9230991007576,41.32276802770984,40.507753482782356,41.07199478149414,2886500,0.0,0.0
2013-09-09 00:00:00-04:00,41.0720115530758,41.20523657609702,40.82123820445786,41.17388916015625,2324500,0.0,0.0
2013-09-10 00:00:00-04:00,41.44815355955587,41.636234983992225,41.16603291762775,41.43247985839844,3414600,0.0,0.0
2013-09-11 00:00:00-04:00,41.43250007129148,41.651929005091354,41.291439681510944,41.37764358520508,3943800,0.0,0.0
2013-09-12 00:00:00-04:00,41.45599749831512,41.706770771763985,41.34628157540967,41.46383285522461,3094200,0.0,0.0
2013-09-13 00:00:00-04:00,41.54220504980679,41.7616339413836,41.47951321610893,41.7459602355957,2784500,0.0,0.0
2013-09-16 00:00:00-04:00,42.137808261131795,42.19266475534287,41.8713611509117,42.03593063354492,2666100,0.0,0.0
2013-09-17 00:00:00-04:00,42.0359233473658,42.459104506032915,42.01241427948014,42.18482208251953,3782200,0.0,0.0
2013-09-18 00:00:00-04:00,42.21615617803411,42.5139505860061,41.70677423196603,42.44342041015625,3332500,0.0,0.0
2013-09-19 00:00:00-04:00,42.239683296791824,42.412088129681145,42.02809269376651,42.208335876464844,3410300,0.0,0.0
2013-09-20 00:00:00-04:00,42.34939130950465,42.4591042783216,42.09861795522183,42.263187408447266,5877800,0.0,0.0
2013-09-23 00:00:00-04:00,42.19264130976365,42.20831501217936,41.40113876921499,41.56570816040039,4571400,0.0,0.0
2013-09-24 00:00:00-04:00,41.52654333487213,41.604908891344614,41.009322889572445,41.08768844604492,5359100,0.0,0.0
2013-09-25 00:00:00-04:00,41.22090997231177,41.49519539542985,41.03283144335786,41.2287483215332,4167600,0.0,0.0
2013-09-26 00:00:00-04:00,40.12376539908771,40.711515860042745,39.30091535164135,39.99837875366211,14551200,0.0,0.0
2013-09-27 00:00:00-04:00,39.716259482054454,39.825972427064805,39.238221944977724,39.575199127197266,5866600,0.0,0.0
2013-09-30 00:00:00-04:00,39.418466401682096,39.7005871209459,39.34793622186615,39.441978454589844,4803500,0.0,0.0
2013-10-01 00:00:00-04:00,39.504679006927645,39.72410495281013,39.37145696534307,39.708431243896484,3978100,0.0,0.0
2013-10-02 00:00:00-04:00,39.53602193664572,39.708426736215955,39.35577878878131,39.60655212402344,3424800,0.0,0.0
2013-10-03 00:00:00-04:00,39.379299654402494,39.410647078064216,38.00788125847803,38.24298095703125,15000900,0.0,0.0
2013-10-04 00:00:00-04:00,38.2899897982644,38.2899897982644,37.62387071187902,37.9138298034668,10750400,0.0,0.0
2013-10-07 00:00:00-04:00,37.74925164095713,37.78059904979062,37.271217108786914,37.34174728393555,7826100,0.0,0.0
2013-10-08 00:00:00-04:00,37.42010902412897,37.898146497304694,37.24770128247133,37.655208587646484,10496100,0.0,0.0
2013-10-09 00:00:00-04:00,37.68656387425843,37.81978589197805,37.247709071654135,37.584686279296875,6925000,0.0,0.0
2013-10-10 00:00:00-04:00,38.25864977716573,38.52509686531314,38.015711759031355,38.51726150512695,6285000,0.0,0.0
2013-10-11 00:00:00-04:00,38.109747208851,38.470233502096214,38.01570496669264,38.3056640625,6571900,0.0,0.0
2013-10-14 00:00:00-04:00,38.10975255727889,38.438891482663585,37.98436587292457,38.4232177734375,5516000,0.0,0.0
2013-10-15 00:00:00-04:00,38.24295892560126,38.46238777536746,38.08622488704058,38.250797271728516,4968700,0.0,0.0
2013-10-16 00:00:00-04:00,38.35267165700993,38.40752812180392,38.01569452215933,38.32916259765625,7249600,0.0,0.0
2013-10-17 00:00:00-04:00,38.32917095055648,38.99528701933466,38.32917095055648,38.94826889038086,5555800,0.0,0.0
2013-10-18 00:00:00-04:00,39.15986171786979,39.19120614251176,38.619129287804,38.838558197021484,7022700,0.0,0.0
2013-10-21 00:00:00-04:00,38.84639711552598,38.96394843443058,38.70533672862216,38.90909194946289,4469200,0.0,0.0
2013-10-22 00:00:00-04:00,38.96393759933561,39.47331953088002,38.815038904868324,39.3009147644043,5792100,0.0,0.0
2013-10-23 00:00:00-04:00,39.59086945229456,39.96702936998354,39.13634101667874,39.426300048828125,5754500,0.0,0.0
2013-10-24 00:00:00-04:00,39.825981909569464,39.96704229801291,39.465495578860335,39.6143913269043,5580400,0.0,0.0
2013-10-25 00:00:00-04:00,39.55951265818597,39.96701988634973,39.42629069350204,39.7005729675293,4546700,0.0,0.0
2013-10-28 00:00:00-04:00,39.73194071704163,40.076753322345574,39.65357217757202,39.87300109863281,4474700,0.0,0.0
2013-10-29 00:00:00-04:00,39.93568129909871,39.95135500242359,39.28523905310907,39.34009552001953,6986400,0.0,0.0
2013-10-30 00:00:00-04:00,39.37145332668433,39.39496239315498,38.376195323555294,38.564273834228516,8599400,0.0,0.0
2013-10-31 00:00:00-04:00,38.61128857174859,39.34793476407045,38.572105804292214,39.04230499267578,6757500,0.0,0.0
2013-11-01 00:00:00-04:00,39.11283840356312,39.52034579559818,39.034472862171434,39.481163024902344,5045400,0.0,0.0
2013-11-04 00:00:00-05:00,39.488987858067084,39.61437448454613,39.26172366336975,39.504661560058594,4322800,0.0,0.0
2013-11-05 00:00:00-05:00,39.40279744839652,39.72410097531913,39.34794096741856,39.47332763671875,3692700,0.0,0.0
2013-11-06 00:00:00-05:00,39.622231671434605,39.622231671434605,39.387129019218996,39.56737518310547,5477800,0.0,0.0
2013-11-07 00:00:00-05:00,39.61437745883492,39.669233925197375,39.159852024767,39.19119644165039,18678300,0.0,0.0
2013-11-08 00:00:00-05:00,39.14418421690442,39.70842266867433,39.08932774228032,39.67707824707031,18998600,0.0,0.0
2013-11-11 00:00:00-05:00,38.97178875329374,39.43415274932671,38.79938092748173,39.40280532836914,8162900,0.0,0.0
2013-11-12 00:00:00-05:00,39.246062347101514,39.40279342563506,39.159858460235846,39.23038864135742,27846900,0.0,0.0
2013-11-13 00:00:00-05:00,39.00088891262447,40.10095411406821,38.99297609937186,40.005985260009766,8956300,0.49,0.0
2013-11-14 00:00:00-05:00,39.9664043872234,40.47290883107024,39.958491576102816,40.3858528137207,5480100,0.0,0.0
2013-11-15 00:00:00-05:00,40.25923196526402,40.46500130935193,40.235490509794275,40.37002944946289,5759000,0.0,0.0
2013-11-18 00:00:00-05:00,40.44125154857866,40.44125154857866,40.180086515534654,40.3858528137207,4024500,0.0,0.0
2013-11-19 00:00:00-05:00,40.31462478637695,40.43333808430039,40.187998677460754,40.31462478637695,3724800,0.0,0.0
2013-11-20 00:00:00-05:00,40.27505272773446,40.36210873942884,39.9505731507855,40.1009407043457,3711400,0.0,0.0
2013-11-21 00:00:00-05:00,40.13260512912897,40.21966115632093,39.80021268240142,39.95849609375,4749300,0.0,0.0
2013-11-22 00:00:00-05:00,39.98224415636087,40.55206332378343,39.88727530145893,40.54414749145508,5165100,0.0,0.0
2013-11-25 00:00:00-05:00,40.67074989109175,40.85277468129331,40.53621101011813,40.63117980957031,4338300,0.0,0.0
2013-11-26 00:00:00-05:00,40.67867862023179,40.718248714303066,39.99806213378906,39.99806213378906,5851200,0.0,0.0
2013-11-27 00:00:00-05:00,39.8160321754119,40.085113007166186,39.72897616822606,39.8556022644043,3287300,0.0,0.0
2013-11-29 00:00:00-05:00,40.06928778483727,40.180085251066394,39.649836352535495,39.744808197021484,2142800,0.0,0.0
2013-12-02 00:00:00-05:00,39.808110638963626,39.958481182182254,39.46780248821094,39.76062774658203,3588300,0.0,0.0
2013-12-03 00:00:00-05:00,39.697325532704056,39.80021019650527,39.29370572702974,39.39658737182617,5035800,0.0,0.0
2013-12-04 00:00:00-05:00,39.40450384894898,39.59444151861664,39.198734517970045,39.46781539916992,4106300,0.0,0.0
2013-12-05 00:00:00-05:00,39.43616558311823,39.713159307221936,39.35702236265634,39.53904724121094,3716500,0.0,0.0
2013-12-06 00:00:00-05:00,39.83977559234016,40.10885643738197,39.76854822103484,40.06928634643555,3854200,0.0,0.0
2013-12-09 00:00:00-05:00,40.02971521839893,40.401677686463714,39.95848784893897,40.1959114074707,3804800,0.0,0.0
2013-12-10 00:00:00-05:00,40.25131844239164,40.267147085427,39.82395413745197,39.95849609375,4385600,0.0,0.0
2013-12-11 00:00:00-05:00,40.045550292834136,40.07720757984629,39.467818390385126,39.554874420166016,4610500,0.0,0.0
2013-12-12 00:00:00-05:00,39.41240550780456,39.53111878200737,38.890072535519344,38.961299896240234,5274400,0.0,0.0
2013-12-13 00:00:00-05:00,39.0008727672059,39.3095236793759,38.84259241563454,39.087928771972656,4286900,0.0,0.0
2013-12-16 00:00:00-05:00,39.262029377802726,39.52319429724315,38.91380545987775,38.92963409423828,4906900,0.0,0.0
2013-12-17 00:00:00-05:00,39.02461939856603,39.02461939856603,38.6843111896143,38.953392028808594,4110200,0.0,0.0
2013-12-18 00:00:00-05:00,38.96921146849339,40.02970593506541,38.882155479453324,39.97430419921875,6207900,0.0,0.0
2013-12-19 00:00:00-05:00,39.72105430539381,39.97430645928126,39.4836307884998,39.68148422241211,5356300,0.0,0.0
2013-12-20 00:00:00-05:00,39.74480202696227,40.30670510075306,39.56277721512881,39.728973388671875,6367100,0.0,0.0
2013-12-23 00:00:00-05:00,39.95058651022522,40.282982027937926,39.792303074124185,40.005985260009766,4574300,0.0,0.0
2013-12-24 00:00:00-05:00,40.029719255510486,40.28297147935279,39.97431750122812,40.15634536743164,1359500,0.0,0.0
2013-12-26 00:00:00-05:00,40.17217438890228,40.559968587663555,40.06137690897188,40.35420227050781,2440000,0.0,0.0
2013-12-27 00:00:00-05:00,40.44124232416053,40.662840232051764,40.29087479513042,40.55995559692383,2265000,0.0,0.0
2013-12-30 00:00:00-05:00,40.48081363377889,40.53621235354563,40.06927813050894,40.496639251708984,3309200,0.0,0.0
2013-12-31 00:00:00-05:00,40.51247386780097,40.56787259574391,40.24339303821919,40.36210632324219,2928600,0.0,0.0
2014-01-02 00:00:00-05:00,40.33836671682218,40.433335537776976,40.013887144472605,40.1484260559082,3175900,0.0,0.0
2014-01-03 00:00:00-05:00,40.18799005452423,40.5203854059867,40.100934057260154,40.44124221801758,4006300,0.0,0.0
2014-01-06 00:00:00-05:00,40.50456911039193,41.106042427210376,40.49665327968105,40.78156280517578,7898300,0.0,0.0
2014-01-07 00:00:00-05:00,40.78155873095154,41.21683880641848,40.48082361208925,40.51247787475586,7359200,0.0,0.0
2014-01-08 00:00:00-05:00,40.227562828353975,40.48081498977197,39.982223476166084,40.44915771484375,7517100,0.0,0.0
2014-01-09 00:00:00-05:00,40.552051325106824,40.94775829228817,40.512478213185034,40.900272369384766,6351700,0.0,0.0
2014-01-10 00:00:00-05:00,40.749908199209976,41.24058403401925,40.55996751079729,41.09812927246094,5399100,0.0,0.0
2014-01-13 00:00:00-05:00,41.177277493193756,41.56507175726717,41.082308639973796,41.20893478393555,5406300,0.0,0.0
2014-01-14 00:00:00-05:00,41.26432354625735,41.588803150315194,41.05064141397467,41.501747131347656,4994500,0.0,0.0
2014-01-15 00:00:00-05:00,41.667939805474376,42.40395491681469,41.48591196589197,42.269412994384766,8427400,0.0,0.0
2014-01-16 00:00:00-05:00,42.41186931968684,44.03426714577588,42.41186931968684,43.76518630981445,12158200,0.0,0.0
2014-01-17 00:00:00-05:00,43.80475597439925,43.88389917185783,43.416964873367206,43.654388427734375,7850900,0.0,0.0
2014-01-21 00:00:00-05:00,43.804760710067534,44.15298477852271,43.440711019414046,43.99470138549805,5624400,0.0,0.0
2014-01-22 00:00:00-05:00,44.11341737750749,44.14507164284077,43.74145183404708,44.00261688232422,3342300,0.0,0.0
2014-01-23 00:00:00-05:00,43.82851306777715,43.82851306777715,43.22703666985607,43.646488189697266,5130300,0.0,0.0
2014-01-24 00:00:00-05:00,43.29824449422136,43.51192656385095,42.73634146982713,42.8313102722168,5943500,0.0,0.0
2014-01-27 00:00:00-05:00,42.91045694607545,43.266590738747496,42.58597741077148,42.839229583740234,6378300,0.0,0.0
2014-01-28 00:00:00-05:00,42.942118374349064,43.1558004970375,42.625554614777144,42.91837692260742,5771200,0.0,0.0
2014-01-29 00:00:00-05:00,42.88672941402978,42.91047389018689,42.39605351252452,42.66513442993164,7314000,0.0,0.0
2014-01-30 00:00:00-05:00,42.80758583203725,43.179551399418536,41.96868585715785,42.158626556396484,7277600,0.0,0.0
2014-01-31 00:00:00-05:00,42.039904819140645,42.7838358048538,41.84205134745173,42.7442626953125,8214700,0.0,0.0
2014-02-03 00:00:00-05:00,42.82341618877104,43.03709835183796,41.55715185418985,41.675865173339844,6997800,0.0,0.0
2014-02-04 00:00:00-05:00,41.8262210904036,42.10321775146183,41.47008727033545,42.02407455444336,6001900,0.0,0.0
2014-02-05 00:00:00-05:00,41.992427588799146,42.324820017001045,41.517577381218835,41.72334671020508,4467300,0.0,0.0
2014-02-06 00:00:00-05:00,41.88162709372705,41.92911302018652,41.509664569644656,41.72334671020508,4494400,0.0,0.0
2014-02-07 00:00:00-05:00,41.794562249681036,42.380206748406394,41.747076336674674,42.11112594604492,4488800,0.0,0.0
2014-02-10 00:00:00-05:00,41.74707870320369,42.72843316127115,41.38302907319646,42.71260452270508,4220500,0.0,0.0
2014-02-11 00:00:00-05:00,42.59390568598466,43.2349521797622,42.467279553523,43.13998031616211,5869500,0.0,0.0
2014-02-12 00:00:00-05:00,43.243800421676205,43.243800421676205,42.421247783571395,42.58096694946289,6049500,0.49,0.0
2014-02-13 00:00:00-05:00,42.35735295173586,42.8844239547973,42.23756284115365,42.70873260498047,3769200,0.0,0.0
2014-02-14 00:00:00-05:00,42.652821726506026,43.41946973108574,42.58893591598524,43.28371047973633,3970200,0.0,0.0
2014-02-18 00:00:00-05:00,43.23579994584455,44.19411161016331,43.147954278376915,44.12223815917969,6844600,0.0,0.0
2014-02-19 00:00:00-05:00,45.759354655007705,46.4780892023217,45.160410214375695,46.39024353027344,16112300,0.0,0.0
2014-02-20 00:00:00-05:00,46.19857632648669,46.73363490205529,45.839212127551534,46.35829544067383,8991600,0.0,0.0
2014-02-21 00:00:00-05:00,46.39822902120036,46.925300017386775,46.13469504630166,46.28642654418945,6617300,0.0,0.0
2014-02-24 00:00:00-05:00,46.39825127141634,47.03712809737517,46.23054747547787,46.342350006103516,4142200,0.0,0.0
2014-02-25 00:00:00-05:00,46.31038960653806,46.98919214770314,46.26247295032823,46.701698303222656,5463600,0.0,0.0
2014-02-26 00:00:00-05:00,46.69371222203008,47.02911966559223,46.62183876321117,46.84544372558594,4598500,0.0,0.0
2014-02-27 00:00:00-05:00,46.75760202971863,47.63605582856672,46.677743978182164,47.54821014404297,5659200,0.0,0.0
2014-02-28 00:00:00-05:00,47.54022564991174,48.01139549642054,47.38050953629351,47.6041145324707,5882500,0.0,0.0
2014-03-03 00:00:00-05:00,47.07703290980588,47.51625821681801,46.965230436717945,47.14091873168945,4088000,0.0,0.0
2014-03-04 00:00:00-05:00,47.55618775722737,47.9954130690508,47.55618775722737,47.7957649230957,5599100,0.0,0.0
2014-03-05 00:00:00-05:00,47.867638544776206,47.89159839391903,47.29265395396062,47.460357666015625,3539300,0.0,0.0
2014-03-06 00:00:00-05:00,47.476336253517346,47.851672748041416,46.86940410027905,46.89336395263672,5075100,0.0,0.0
2014-03-07 00:00:00-05:00,47.02912417009972,47.18085873457804,46.43816727110978,46.789546966552734,4288600,0.0,0.0
2014-03-10 00:00:00-04:00,46.72565946487701,47.053082363533626,46.47809766734977,47.037113189697266,3978100,0.0,0.0
2014-03-11 00:00:00-04:00,47.05307472186609,47.132935810025586,46.57392037846515,46.661766052246094,3438800,0.0,0.0
2014-03-12 00:00:00-04:00,46.446143002104385,47.2846645778362,46.41419856868498,47.27667999267578,4546500,0.0,0.0
2014-03-13 00:00:00-04:00,47.30862791404737,47.38050137134566,46.50204766587887,46.58989334106445,4103700,0.0,0.0
2014-03-14 00:00:00-04:00,46.56592420582779,47.100979654607826,46.50203535119767,47.01313400268555,4201800,0.0,0.0
2014-03-17 00:00:00-04:00,47.21278210382226,47.34854439671713,46.83744574522925,47.01313400268555,3016200,0.0,0.0
2014-03-18 00:00:00-04:00,47.04508587195077,47.67597470247478,46.96522783741883,47.436397552490234,4082800,0.0,0.0
2014-03-19 00:00:00-04:00,47.39646803198013,47.70792169469928,46.82148345044311,47.156890869140625,2865900,0.0,0.0
2014-03-20 00:00:00-04:00,47.02112816149292,47.029112746236194,46.55794304027709,46.773563385009766,3546400,0.0,0.0
2014-03-21 00:00:00-04:00,47.02112317946557,47.7158977412872,46.126697463551444,46.142669677734375,7410400,0.0,0.0
2014-03-24 00:00:00-04:00,46.142688825279805,46.31039562059868,45.368055917487254,45.83922576904297,5910900,0.0,0.0
2014-03-25 00:00:00-04:00,45.8791521481792,46.19060282002881,45.47186815699938,45.6874885559082,6410000,0.0,0.0
2014-03-26 00:00:00-04:00,45.83122560924851,46.55794470237763,45.71143855549091,45.903099060058594,6628500,0.0,0.0
2014-03-27 00:00:00-04:00,45.91907832058364,46.4142049207905,45.65554127838997,45.94303512573242,5472500,0.0,0.0
2014-03-28 00:00:00-04:00,46.054822010815165,46.69369836466696,45.839204744736655,46.00690841674805,3117500,0.0,0.0
2014-03-31 00:00:00-04:00,46.27043948333131,47.220766325843904,46.16662467163225,47.00514602661133,5098900,0.0,0.0
2014-04-01 00:00:00-04:00,47.22077414634627,47.843675305255005,46.72564461586075,46.973209381103516,6344300,0.0,0.0
2014-04-02 00:00:00-04:00,47.25273599086175,47.34058168903019,46.91732846664394,47.23676681518555,3881400,0.0,0.0
2014-04-03 00:00:00-04:00,47.779788510046636,48.05929465346221,46.91730718798403,47.09299850463867,5446800,0.0,0.0
2014-04-04 00:00:00-04:00,47.29266866363399,47.883625655556756,47.06107601034997,47.124961853027344,5177900,0.0,0.0
2014-04-07 00:00:00-04:00,47.32460210644298,47.97945092374188,46.781561872606524,46.81350326538086,5522400,0.0,0.0
2014-04-08 00:00:00-04:00,46.31837001338074,47.061061362478824,45.99893176025012,46.78155517578125,6169800,0.0,0.0
2014-04-09 00:00:00-04:00,46.877384498365096,48.28290608205609,46.84544006441126,48.258949279785156,6638600,0.0,0.0
2014-04-10 00:00:00-04:00,48.23499624728847,48.23499624728847,46.7416258303166,46.84544372558594,5514500,0.0,0.0
2014-04-11 00:00:00-04:00,46.62183314114736,47.02911399441498,46.34232392549541,46.677734375,5351000,0.0,0.0
2014-04-14 00:00:00-04:00,47.05307414723228,47.63604942131552,46.55794759224615,47.07703399658203,3675600,0.0,0.0
2014-04-15 00:00:00-04:00,47.268705161714585,47.66800154842193,46.54198585976281,47.4523811340332,4526200,0.0,0.0
2014-04-16 00:00:00-04:00,47.43639232402487,47.91554657118132,47.39646026477149,47.883602142333984,5321800,0.0,0.0
2014-04-17 00:00:00-04:00,47.69993387114859,48.274921496762076,47.61208820096998,48.258949279785156,4743000,0.0,0.0
2014-04-21 00:00:00-04:00,48.266937836302894,48.62630513187872,47.875629150534095,48.60234832763672,3343000,0.0,0.0
2014-04-22 00:00:00-04:00,48.69019317509432,48.83394009087442,47.891600552488946,47.93951416015625,6270800,0.0,0.0
2014-04-23 00:00:00-04:00,47.65201727599214,47.923538872139765,47.30063764125534,47.56417465209961,6555400,0.0,0.0
2014-04-24 00:00:00-04:00,46.56593365170854,47.26070833161037,45.79928247257359,46.861412048339844,7854500,0.0,0.0
2014-04-25 00:00:00-04:00,46.87737809815573,47.22077310030323,46.54196768021211,46.71765899658203,4260400,0.0,0.0
2014-04-28 00:00:00-04:00,47.65201079146982,47.65201079146982,46.44613751309171,47.09299850463867,4930700,0.0,0.0
2014-04-29 00:00:00-04:00,47.27669120258108,47.652027721895166,47.212802320593404,47.612098693847656,5110900,0.0,0.0
2014-04-30 00:00:00-04:00,47.51626139003441,47.5801502625735,46.84544346031954,47.19682312011719,5198100,0.0,0.0
2014-05-01 00:00:00-04:00,47.260704987234554,47.68395804270562,46.949254395745385,47.5322265625,4173400,0.0,0.0
2014-05-02 00:00:00-04:00,47.404459762495506,47.620080141611226,46.917317762981014,47.18085479736328,4122500,0.0,0.0
2014-05-05 00:00:00-04:00,46.933287748902735,47.09300687913796,46.35031551297486,47.02113342285156,3805900,0.0,0.0
2014-05-06 00:00:00-04:00,46.90933377426818,47.596120896832,46.67774117378137,46.765586853027344,4185900,0.0,0.0
2014-05-07 00:00:00-04:00,46.86142721260764,47.25273599086175,46.35831287989106,47.23676681518555,5453300,0.0,0.0
2014-05-08 00:00:00-04:00,47.18084703255034,47.52423900975127,46.949254473126906,47.51625442504883,11023900,0.0,0.0
2014-05-09 00:00:00-04:00,47.46835055566262,47.51626721594194,46.66177324249246,47.40446472167969,5098400,0.0,0.0
2014-05-12 00:00:00-04:00,47.88362196281065,47.95549543427356,47.16489029457124,47.4523811340332,4982700,0.0,0.0
2014-05-13 00:00:00-04:00,47.54095838378103,48.59581167731445,47.31549104871998,48.34619140625,6843500,0.49,0.0
2014-05-14 00:00:00-04:00,48.35423969787976,48.708544173978396,48.31397866333766,48.394500732421875,4050200,0.0,0.0
2014-05-15 00:00:00-04:00,47.991873656055446,48.16097487857888,46.711553381060135,46.87260055541992,9782900,0.0,0.0
2014-05-16 00:00:00-04:00,46.6873991671828,47.106120607859,46.550511060354545,46.9772834777832,8677100,0.0,0.0
2014-05-19 00:00:00-04:00,46.92897126023343,47.315482674000584,46.88065925333733,47.22690963745117,3564300,0.0,0.0
2014-05-20 00:00:00-04:00,47.226911485821006,47.40406063757277,46.97728817744927,47.234962463378906,3952800,0.0,0.0
2014-05-21 00:00:00-04:00,47.31547075840203,47.5892499915054,47.22689774415823,47.565093994140625,3020700,0.0,0.0
2014-05-22 00:00:00-04:00,47.613409752567144,48.20122924683107,47.267159450618415,48.088497161865234,3782400,0.0,0.0
2014-05-23 00:00:00-04:00,48.0160278668625,48.201231023521345,47.83082471020366,48.152915954589844,2624600,0.0,0.0
2014-05-27 00:00:00-04:00,48.31398235046281,48.32203332929763,47.86305074270586,48.0965690612793,4006600,0.0,0.0
2014-05-28 00:00:00-04:00,48.499179240821015,48.51528426810561,48.07240676879883,48.07240676879883,2604600,0.0,0.0
2014-05-29 00:00:00-04:00,48.24150459909386,48.31397568549089,47.798627102987496,47.887203216552734,3362100,0.0,0.0
2014-05-30 00:00:00-04:00,47.81471777462469,48.394483220016674,47.75029768529284,48.201229095458984,4803000,0.0,0.0
2014-06-02 00:00:00-04:00,48.11266041814698,48.2012365187601,47.38794966014822,47.90330123901367,3405700,0.0,0.0
2014-06-03 00:00:00-04:00,47.75836994958221,48.01604426176071,47.597322736540626,47.79057693481445,2798200,0.0,0.0
2014-06-04 00:00:00-04:00,47.653661086047876,47.87107423645339,47.50066801208176,47.68587112426758,2997400,0.0,0.0
2014-06-05 00:00:00-04:00,47.73420434994253,48.12071576540818,47.565106181623754,47.97577667236328,2753800,0.0,0.0
2014-06-06 00:00:00-04:00,48.19318613026415,48.19318613026415,47.814728769431035,48.01603698730469,2551300,0.0,0.0
2014-06-09 00:00:00-04:00,47.9677154613706,48.12070858057015,47.66172615125227,48.10460662841797,2570100,0.0,0.0
2014-06-10 00:00:00-04:00,48.16902932336956,48.16902932336956,47.58120970559262,48.11266326904297,2988000,0.0,0.0
2014-06-11 00:00:00-04:00,47.71005098942225,48.185138539865044,47.677840935085825,47.887203216552734,2977400,0.0,0.0
2014-06-12 00:00:00-04:00,47.72615352377494,47.911356718956135,47.275222001777436,47.412113189697266,3937400,0.0,0.0
2014-06-13 00:00:00-04:00,48.273708885993344,48.273708885993344,47.379899951123214,47.42821502685547,2881200,0.0,0.0
2014-06-16 00:00:00-04:00,47.46042973514159,47.64563294803199,47.10612833722779,47.371856689453125,3209200,0.0,0.0
2014-06-17 00:00:00-04:00,47.31547942520208,47.774464961237626,47.210801369634865,47.710044860839844,2805700,0.0,0.0
2014-06-18 00:00:00-04:00,47.80666929719108,48.313966808764505,47.55704910124614,48.30591583251953,3211600,0.0,0.0
2014-06-19 00:00:00-04:00,48.35422342522248,48.47500955992066,48.03213218555902,48.19317626953125,2431300,0.0,0.0
2014-06-20 00:00:00-04:00,48.853479693650435,50.03717306686073,48.54749339624191,49.9485969543457,11960600,0.0,0.0
2014-06-23 00:00:00-04:00,49.98885849229459,50.24653276726768,49.69897416501995,49.980804443359375,5103400,0.0,0.0
2014-06-24 00:00:00-04:00,49.916386335073724,50.2465316847528,49.59429196243675,49.83586120605469,3809500,0.0,0.0
2014-06-25 00:00:00-04:00,49.90028634652613,50.81019735839661,49.90028634652613,50.72967529296875,6416500,0.0,0.0
2014-06-26 00:00:00-04:00,50.60082417976293,50.81018333512559,50.27872986350756,50.761871337890625,3663000,0.0,0.0
2014-06-27 00:00:00-04:00,50.705517855096794,50.93903306692803,50.48005054917311,50.81019592285156,4643700,0.0,0.0
2014-06-30 00:00:00-04:00,51.00344133701386,51.035651383487036,49.97274442362508,50.061317443847656,4879100,0.0,0.0
2014-07-01 00:00:00-04:00,50.431745668431276,50.608894846751355,49.92444799804687,50.327064514160156,4109000,0.0,0.0
2014-07-02 00:00:00-04:00,50.286793740150024,50.79409131230931,50.02106541654099,50.488101959228516,3941000,0.0,0.0
2014-07-03 00:00:00-04:00,50.64914748602889,50.8101915986289,50.27873804057804,50.777984619140625,2709100,0.0,0.0
2014-07-07 00:00:00-04:00,50.592774898225926,50.91486615354746,50.1821044776631,50.41562271118164,2627300,0.0,0.0
2014-07-08 00:00:00-04:00,50.31901992264695,50.35928096502477,49.819773167655946,50.29486083984375,3449400,0.0,0.0
2014-07-09 00:00:00-04:00,50.35122351052534,50.49616571066607,50.14186426127785,50.4236946105957,2748600,0.0,0.0
2014-07-10 00:00:00-04:00,50.029101283925606,50.496134585164555,49.92442018796642,50.351192474365234,2619200,0.0,0.0
2014-07-11 00:00:00-04:00,50.27873572432421,50.689406179006184,50.14184762057649,50.600830078125,2400700,0.0,0.0
2014-07-14 00:00:00-04:00,50.72966188438058,50.96318011280698,50.496143655954185,50.73771286010742,2436600,0.0,0.0
2014-07-15 00:00:00-04:00,50.72966401049813,50.826291081865314,50.51225079613254,50.6169319152832,3854400,0.0,0.0
2014-07-16 00:00:00-04:00,50.76993340433113,50.866560491628526,49.98080553600963,50.57667922973633,3885700,0.0,0.0
2014-07-17 00:00:00-04:00,50.21432182121516,50.62498922973178,50.03716960842937,50.13379669189453,3424700,0.0,0.0
2014-07-18 00:00:00-04:00,50.31093824764493,51.13227596241919,50.18210113974224,51.10811996459961,3281400,0.0,0.0
2014-07-21 00:00:00-04:00,50.72966192095305,51.285271398077946,50.52835373872704,51.24501037597656,3479400,0.0,0.0
2014-07-22 00:00:00-04:00,51.38995885223144,51.65568715997439,51.08396951742062,51.3094367980957,3101800,0.0,0.0
2014-07-23 00:00:00-04:00,51.47853560682345,51.88920607458771,51.37385447774557,51.736209869384766,5559900,0.0,0.0
2014-07-24 00:00:00-04:00,51.61541986065514,52.903791077255235,51.373850641507524,51.83283615112305,5090200,0.0,0.0
2014-07-25 00:00:00-04:00,51.55100027280549,51.615420370131,51.124230950760875,51.35774612426758,2987400,0.0,0.0
2014-07-28 00:00:00-04:00,51.35775679105248,52.179097843945186,50.624994926239516,51.04371643066406,3956600,0.0,0.0
2014-07-29 00:00:00-04:00,51.29333861663498,51.38191473103406,50.41563459388397,50.544471740722656,5287400,0.0,0.0
2014-07-30 00:00:00-04:00,50.8424161808111,50.87462624122469,50.14186426127785,50.4236946105957,3974000,0.0,0.0
2014-07-31 00:00:00-04:00,49.900284253266605,50.28679568020246,49.070892269896135,49.16752243041992,5485600,0.0,0.0
2014-08-01 00:00:00-04:00,49.12724788019198,49.16751197437414,48.46695728229676,48.86152267456055,6884700,0.0,0.0
2014-08-04 00:00:00-04:00,49.11920919463962,49.67481881577622,48.91790096023536,49.62650680541992,4379100,0.0,0.0
2014-08-05 00:00:00-04:00,49.52181625216485,49.68286342342631,48.909840687434425,49.01451873779297,3389600,0.0,0.0
2014-08-06 00:00:00-04:00,49.04672794745999,49.45739530901906,48.88568077895318,49.2077751159668,2682800,0.0,0.0
2014-08-07 00:00:00-04:00,49.44130703720477,49.45740899396356,48.42671174507521,48.59580993652344,2352400,0.0,0.0
2014-08-08 00:00:00-04:00,48.70048717322908,49.15141871925041,48.58775505465371,49.10310363769531,2665400,0.0,0.0
2014-08-11 00:00:00-04:00,49.401034435358014,49.81975588864739,49.16751924186858,49.183624267578125,2850400,0.0,0.0
2014-08-12 00:00:00-04:00,49.175567915109035,49.48960822243416,49.11920186362603,49.417137145996094,3481500,0.0,0.0
2014-08-13 00:00:00-04:00,49.70935887713339,49.91228734510653,49.07621995147619,49.18174362182617,4136900,0.49,0.0
2014-08-14 00:00:00-04:00,49.335974856910894,49.69313099087239,49.335974856910894,49.66877746582031,1801600,0.0,0.0
2014-08-15 00:00:00-04:00,49.7824075570532,49.88792811889466,49.108683634127395,49.384666442871094,3075600,0.0,0.0
2014-08-18 00:00:00-04:00,49.660662755253135,49.879825906771316,49.57137371984464,49.79865264892578,2198300,0.0,0.0
2014-08-19 00:00:00-04:00,50.23697167636482,50.61847819187901,49.77429501120378,50.45613479614258,3523200,0.0,0.0
2014-08-20 00:00:00-04:00,50.277561374249665,50.521078038467216,50.05839823431968,50.334381103515625,2082200,0.0,0.0
2014-08-21 00:00:00-04:00,50.62658782129619,50.68340753843861,50.25320022394824,50.35060501098633,2846000,0.0,0.0
2014-08-22 00:00:00-04:00,50.334366168468385,50.983739618444545,50.24508026071665,50.58599853515625,3147200,0.0,0.0
2014-08-25 00:00:00-04:00,50.675298251101765,51.243498591716126,50.48048555564096,50.9188117980957,2078700,0.0,0.0
2014-08-26 00:00:00-04:00,50.902572335999515,51.154204732085965,50.82951796916425,50.98374557495117,1927700,0.0,0.0
2014-08-27 00:00:00-04:00,51.29219830590684,51.373371550733395,50.97563039218995,51.13797378540039,3082100,0.0,0.0
2014-08-28 00:00:00-04:00,50.98375465167097,51.35714232799604,50.76459151214721,51.22726821899414,2162000,0.0,0.0
2014-08-29 00:00:00-04:00,51.43829789268547,51.61687590306931,51.1136142605101,51.592525482177734,3388300,0.0,0.0
2014-09-02 00:00:00-04:00,51.62499137823478,51.84415445431317,51.52758659879176,51.6899299621582,3470600,0.0,0.0
2014-09-03 00:00:00-04:00,51.8766251749999,52.07955670712845,51.74675110001833,52.07143783569336,4701200,0.0,0.0
2014-09-04 00:00:00-04:00,52.04709904172536,52.25002752274644,51.949691141396364,52.12826919555664,5792000,0.0,0.0
2014-09-05 00:00:00-04:00,52.038984070188825,52.6153002563527,51.92534460772757,52.53413009643555,5457200,0.0,0.0
2014-09-08 00:00:00-04:00,52.452956877970315,52.96433442922739,52.4286002578178,52.76140594482422,4264100,0.0,0.0
2014-09-09 00:00:00-04:00,52.54224439694309,52.62341454979508,52.03086066749275,52.306846618652344,4745800,0.0,0.0
2014-09-10 00:00:00-04:00,52.631517922158004,52.72892580408519,52.217548357957824,52.58281707763672,3893000,0.0,0.0
2014-09-11 00:00:00-04:00,52.47729771792391,52.91562390730129,52.40424025658531,52.90750503540039,3577000,0.0,0.0
2014-09-12 00:00:00-04:00,52.964313496477935,53.19971118849718,52.761385092276875,52.98054504394531,5376800,0.0,0.0
2014-09-15 00:00:00-04:00,52.875045980793125,52.9562161368678,52.590947338088796,52.91563415527344,2720900,0.0,0.0
2014-09-16 00:00:00-04:00,52.96433669838315,53.50007089274525,52.680238046624225,53.41078186035156,2867100,0.0,0.0
2014-09-17 00:00:00-04:00,53.38641540250618,53.71922104245032,53.29713257944934,53.50006103515625,5096200,0.0,0.0
2014-09-18 00:00:00-04:00,53.63803628980672,54.10883166511261,53.605567002590796,54.052005767822266,4326900,0.0,0.0
2014-09-19 00:00:00-04:00,54.37671407820773,54.49847240548219,53.897805835250175,54.003326416015625,6504900,0.0,0.0
2014-09-22 00:00:00-04:00,53.832859659840544,53.86532895540383,53.37018303561223,53.6380500793457,3981700,0.0,0.0
2014-09-23 00:00:00-04:00,53.28901367790335,53.67052016528412,53.16725536596917,53.53252410888672,2718900,0.0,0.0
2014-09-24 00:00:00-04:00,53.832861267310086,54.01955817415263,53.63805168099816,53.72734069824219,3273600,0.0,0.0
2014-09-25 00:00:00-04:00,53.54877239487278,53.68676228554965,53.167265832389255,53.23220443725586,3122600,0.0,0.0
2014-09-26 00:00:00-04:00,53.41076820709914,53.41076820709914,52.75327584637448,53.15102005004883,2925400,0.0,0.0
2014-09-29 00:00:00-04:00,52.81010512872322,53.12667305894675,52.62341439699431,53.037384033203125,3520600,0.0,0.0
2014-09-30 00:00:00-04:00,53.1104363173289,53.22407575846764,52.62340925632211,52.63964080810547,4945700,0.0,0.0
2014-10-01 00:00:00-04:00,53.47570323514443,53.47570323514443,52.51788069768696,52.82633590698242,4246900,0.0,0.0
2014-10-02 00:00:00-04:00,52.83445806890061,52.88316511709624,52.25814190715439,52.623416900634766,4306900,0.0,0.0
2014-10-03 00:00:00-04:00,52.93997949681077,53.37830572896671,52.858809348534194,53.30524826049805,3609800,0.0,0.0
2014-10-06 00:00:00-04:00,53.51630066702983,53.54876996799159,53.07797439337495,53.264671325683594,3428800,0.0,0.0
2014-10-07 00:00:00-04:00,52.86692564617277,52.91563269278015,52.030861295227645,52.12826919555664,6157400,0.0,0.0
2014-10-08 00:00:00-04:00,51.82793677422736,52.972456467220816,51.46266795763461,52.95621871948242,3411200,0.0,0.0
2014-10-09 00:00:00-04:00,52.71269163505422,53.069841465276724,52.18507647170579,52.19319534301758,3632100,0.0,0.0
2014-10-10 00:00:00-04:00,51.96591108569045,52.850682285582806,51.811689685730215,52.07143783569336,3281200,0.0,0.0
2014-10-13 00:00:00-04:00,51.99839700885247,52.37178470678735,51.32467599705197,51.36526107788086,4030300,0.0,0.0
2014-10-14 00:00:00-04:00,51.746755725006366,51.900980235192975,50.95127655759113,51.251609802246094,4432900,0.0,0.0
2014-10-15 00:00:00-04:00,50.25321079128556,51.25161858358942,49.17363284212175,51.03245544433594,6814100,0.0,0.0
2014-10-16 00:00:00-04:00,50.34250292754354,50.77271035904006,49.59572443329936,50.24509811401367,5488400,0.0,0.0
2014-10-17 00:00:00-04:00,50.69152300957352,50.98374044752632,50.24508107778658,50.79704666137695,5329400,0.0,0.0
2014-10-20 00:00:00-04:00,50.83763950828007,51.21914291381836,50.65094569356077,51.21914291381836,2900700,0.0,0.0
2014-10-21 00:00:00-04:00,51.470782288359125,52.5584791230254,51.470782288359125,52.50165939331055,3478200,0.0,0.0
2014-10-22 00:00:00-04:00,52.42860191631369,53.00492427998931,52.42048923555876,52.50165939331055,4294500,0.0,0.0
2014-10-23 00:00:00-04:00,52.168845129231414,52.92373923884683,51.771107086539224,52.23378372192383,6343000,0.0,0.0
2014-10-24 00:00:00-04:00,52.420488007157196,53.76792993434235,52.27437924947342,53.61370849609375,4784700,0.0,0.0
2014-10-27 00:00:00-04:00,53.524424815695845,54.07639060067399,53.402666473310596,53.73546600341797,4112500,0.0,0.0
2014-10-28 00:00:00-04:00,53.57312073648898,53.65429089296707,51.73864857067442,52.623416900634766,8981000,0.0,0.0
2014-10-29 00:00:00-04:00,52.76140724996374,53.5487707797865,52.58282918840979,53.15914535522461,6196800,0.0,0.0
2014-10-30 00:00:00-04:00,53.08607282011129,54.36858184614072,53.01301537286478,54.22247314453125,4134900,0.0,0.0
2014-10-31 00:00:00-04:00,54.62834781646042,54.73386839376916,53.50006599359058,53.84098434448242,4471900,0.0,0.0
2014-11-03 00:00:00-05:00,53.61369086512122,54.1088367037262,53.597453123559546,54.01142883300781,3465400,0.0,0.0
2014-11-04 00:00:00-05:00,54.287421752053525,54.57152656272432,53.93838453794993,54.52281951904297,4057800,0.0,0.0
2014-11-05 00:00:00-05:00,54.72573466944273,54.87996224994323,54.19000686240945,54.3766975402832,3073900,0.0,0.0
2014-11-06 00:00:00-05:00,54.409179494682775,54.5715259837559,54.10073045477185,54.352359771728516,3091800,0.0,0.0
2014-11-07 00:00:00-05:00,54.23872055939665,54.328009580550045,53.77604390109509,54.060142517089844,3796800,0.0,0.0
2014-11-10 00:00:00-05:00,54.238704294459026,55.53744485874792,53.91401760516593,55.48062515258789,4438100,0.0,0.0
2014-11-11 00:00:00-05:00,55.48064409183414,55.74039229336131,55.04231784059098,55.07478713989258,5282300,0.0,0.0
2014-11-12 00:00:00-05:00,55.06662617693857,55.47543558617781,54.7968104697359,55.10750961303711,4499400,0.49,0.0
2014-11-13 00:00:00-05:00,55.3364143371582,55.728873919349915,55.115660110754604,55.3364143371582,3292700,0.0,0.0
2014-11-14 00:00:00-05:00,55.336420047733306,55.36912553611886,54.87855568620376,55.050254821777344,2333300,0.0,0.0
2014-11-17 00:00:00-05:00,54.837678150361974,55.066610355691346,54.731389980154695,55.017555236816406,3309300,0.0,0.0
2014-11-18 00:00:00-05:00,54.93579800269481,55.598067099952054,54.788626399089296,55.418190002441406,3705400,0.0,0.0
2014-11-19 00:00:00-05:00,55.32008057088341,55.32008057088341,54.706866586512945,54.9521484375,3126000,0.0,0.0
2014-11-20 00:00:00-05:00,54.74772854500948,54.845845000869055,54.42067993007773,54.616912841796875,2467600,0.0,0.0
2014-11-21 00:00:00-05:00,55.14836599687697,55.18924941754512,54.80496771982756,55.07478332519531,5892000,0.0,0.0
2014-11-24 00:00:00-05:00,55.27920565417105,55.328260784333914,54.657813641051305,54.72322463989258,4574100,0.0,0.0
2014-11-25 00:00:00-05:00,54.66596906866756,54.960312204332034,54.57603054177376,54.65779113769531,4380000,0.0,0.0
2014-11-26 00:00:00-05:00,54.80497359838112,55.09931679254827,54.69050749375332,55.042083740234375,2372900,0.0,0.0
2014-11-28 00:00:00-05:00,55.377326661868636,56.047773859746485,55.27103222061185,55.696197509765625,2237800,0.0,0.0
2014-12-01 00:00:00-05:00,55.573522858327465,56.227613826295865,55.271001808959625,56.015037536621094,4669500,0.0,0.0
2014-12-02 00:00:00-05:00,56.11314747216592,57.862850315636564,56.08044198824,57.54397964477539,8413400,0.0,0.0
2014-12-03 00:00:00-05:00,57.462202789041136,58.181710755885526,57.233270704293,58.15717697143555,6423400,0.0,0.0
2014-12-04 00:00:00-05:00,58.034572471805106,59.22829491008843,57.92010012594804,59.17923355102539,6516600,0.0,0.0
2014-12-05 00:00:00-05:00,58.942122103866396,59.040238581895956,58.606901720318156,58.74589538574219,5787500,0.0,0.0
2014-12-08 00:00:00-05:00,58.844023721680806,59.5717039260503,58.72137965891306,59.547176361083984,4915100,0.0,0.0
2014-12-09 00:00:00-05:00,59.015717493439034,59.08112848596493,58.48426409555337,59.040245056152344,3794600,0.0,0.0
2014-12-10 00:00:00-05:00,58.7867752122067,59.03205703536235,58.050917266870734,58.091800689697266,4117600,0.0,0.0
2014-12-11 00:00:00-05:00,60.20126592196514,61.40316647465128,58.49244573988308,58.549678802490234,10901500,0.0,0.0
2014-12-12 00:00:00-05:00,58.42703554279202,58.58238510253855,56.79997596531987,56.865386962890625,7844400,0.0,0.0
2014-12-15 00:00:00-05:00,56.971656019812464,57.8219799888167,56.75907346807791,56.963478088378906,5718800,0.0,0.0
2014-12-16 00:00:00-05:00,56.7345497302161,58.33708131268187,56.44020655813725,56.62826156616211,4916700,0.0,0.0
2014-12-17 00:00:00-05:00,56.873551879675695,57.80563665117607,56.60374246324634,57.46223831176758,5506500,0.0,0.0
2014-12-18 00:00:00-05:00,58.21443095091412,59.26098780329237,57.9773270905856,59.236454010009766,5875600,0.0,0.0
2014-12-19 00:00:00-05:00,59.06477280213992,59.40817739499867,58.320743033139784,59.195594787597656,8311300,0.0,0.0
2014-12-22 00:00:00-05:00,58.00186041179294,58.53330746500588,57.43770163095137,58.39431381225586,4622900,0.0,0.0
2014-12-23 00:00:00-05:00,58.598721718649465,58.64778307489943,56.4238595548981,57.02071762084961,4768100,0.0,0.0
2014-12-24 00:00:00-05:00,57.26599258718813,57.8137954095,57.26599258718813,57.36410903930664,1507000,0.0,0.0
2014-12-26 00:00:00-05:00,57.470416810145814,58.04274738145502,57.44588924822333,57.55217742919922,1438200,0.0,0.0
2014-12-29 00:00:00-05:00,57.16788046212011,57.552162131254086,57.1433529067173,57.3150520324707,1739600,0.0,0.0
2014-12-30 00:00:00-05:00,57.1351762705646,57.36411468135838,56.775428386613534,56.93894958496094,2726100,0.0,0.0
2014-12-31 00:00:00-05:00,57.18423870776025,57.64210306218626,56.35844229315564,56.40749740600586,2491000,0.0,0.0
2015-01-02 00:00:00-05:00,57.04526131883297,57.90376355983958,57.00438412131712,57.282371520996094,3146200,0.0,0.0
2015-01-05 00:00:00-05:00,57.01255152766732,57.30688850441107,56.53833121091383,56.71820831298828,4845500,0.0,0.0
2015-01-06 00:00:00-05:00,57.167885221927904,57.9773320452177,56.57919889151141,57.004364013671875,5127400,0.0,0.0
2015-01-07 00:00:00-05:00,57.25782799682417,57.6666372856639,55.96598914698627,56.603736877441406,9043000,0.0,0.0
2015-01-08 00:00:00-05:00,57.23329173966013,58.45154148864002,56.95530445970427,57.94462203979492,7472200,0.0,0.0
2015-01-09 00:00:00-05:00,57.257812681817995,57.323223647640916,56.423844700341384,57.17605209350586,8141700,0.0,0.0
2015-01-12 00:00:00-05:00,57.41317632314308,57.732047062740875,56.64461288004347,56.75907897949219,5797600,0.0,0.0
2015-01-13 00:00:00-05:00,57.290534403583216,57.8873987195142,56.260333232629996,56.726375579833984,3364800,0.0,0.0
2015-01-14 00:00:00-05:00,56.22763942249793,57.13519674581057,56.17858429300085,57.037086486816406,3376100,0.0,0.0
2015-01-15 00:00:00-05:00,57.593054365578155,58.27167304136668,57.01254592642018,57.02071762084961,4055000,0.0,0.0
2015-01-16 00:00:00-05:00,56.898072465662665,57.952801154195186,56.77543467229167,57.78927993774414,4263300,0.0,0.0
2015-01-20 00:00:00-05:00,57.944617066615685,58.950284184771135,57.944617066615685,58.89305114746094,6163300,0.0,0.0
2015-01-21 00:00:00-05:00,58.557827480554906,59.27732937070906,58.14084038249837,59.06474685668945,5195900,0.0,0.0
2015-01-22 00:00:00-05:00,59.432691537793005,59.432691537793005,58.57418960640063,59.24463653564453,4582800,0.0,0.0
2015-01-23 00:00:00-05:00,59.244615620239124,59.57166415664027,58.909395392928644,58.97480010986328,2903200,0.0,0.0
2015-01-26 00:00:00-05:00,58.754053365416425,59.00751305016547,58.09995620988838,58.958457946777344,3466600,0.0,0.0
2015-01-27 00:00:00-05:00,58.67229748163788,58.98299022454525,58.41883153864682,58.647769927978516,3661600,0.0,0.0
2015-01-28 00:00:00-05:00,58.958482484977914,59.17923678003402,57.85469853382663,58.026397705078125,3105200,0.0,0.0
2015-01-29 00:00:00-05:00,58.026373554806185,58.99934135822264,57.57668098063906,58.958457946777344,4416600,0.0,0.0
2015-01-30 00:00:00-05:00,59.70249837428694,60.07043043125628,58.525132010613255,58.8685302734375,6720100,0.0,0.0
2015-02-02 00:00:00-05:00,58.762253390544686,58.86854156716208,57.4213593316608,58.615081787109375,6274500,0.0,0.0
2015-02-03 00:00:00-05:00,58.53329840379325,58.57418181906578,57.110644130963244,57.960968017578125,6811500,0.0,0.0
2015-02-04 00:00:00-05:00,57.42135160738763,57.63392793202683,57.04524159747519,57.41317367553711,5376400,0.0,0.0
2015-02-05 00:00:00-05:00,57.80561674966095,58.51694698319533,57.78926712681411,58.386131286621094,3847000,0.0,0.0
2015-02-06 00:00:00-05:00,58.181757917587035,58.36980675194765,57.429543866334996,57.52766036987305,3246000,0.0,0.0
2015-02-09 00:00:00-05:00,57.2333032877747,57.44588587517968,56.7263774987121,56.914432525634766,3771200,0.0,0.0
2015-02-10 00:00:00-05:00,57.32322300107347,57.69114876329463,57.14334596605585,57.642093658447266,6888000,0.0,0.0
2015-02-11 00:00:00-05:00,57.64210470518251,58.1526513228394,57.395064600592534,57.600929260253906,3456400,0.5,0.0
2015-02-12 00:00:00-05:00,57.79857165737044,58.09501730989013,57.50212600485074,58.07854461669922,3383500,0.0,0.0
2015-02-13 00:00:00-05:00,58.21027932635474,58.37496850190323,57.79855010499416,58.10322570800781,2691900,0.0,0.0
2015-02-17 00:00:00-05:00,57.97971688450431,58.984330992528385,57.88913594552421,58.92668914794922,3971600,0.0,0.0
2015-02-18 00:00:00-05:00,58.80321606608392,58.83614890077173,57.806825048186546,58.47383117675781,3800000,0.0,0.0
2015-02-19 00:00:00-05:00,58.32558448491593,58.70437475416354,58.276172688063355,58.564388275146484,2337000,0.0,0.0
2015-02-20 00:00:00-05:00,58.44086429330006,59.256086638122774,57.86443944022535,59.190208435058594,3461700,0.0,0.0
2015-02-23 00:00:00-05:00,59.1325679425364,59.22314890321707,58.22676461822104,58.539676666259766,3378600,0.0,0.0
2015-02-24 00:00:00-05:00,58.46557292285972,58.87730230964042,58.06207988291236,58.38322830200195,3158600,0.0,0.0
2015-02-25 00:00:00-05:00,58.35853006669791,58.35853006669791,57.68329407134739,57.93856430053711,3029500,0.0,0.0
2015-02-26 00:00:00-05:00,57.782092792086715,57.89737650214219,57.2633160968371,57.66680908203125,4544900,0.0,0.0
2015-02-27 00:00:00-05:00,57.60093493923136,58.05383974813538,57.56800211903057,57.78209686279297,3353200,0.0,0.0
2015-03-02 00:00:00-05:00,57.78209869697915,58.58085468576957,57.773868632913434,58.564388275146484,3815100,0.0,0.0
2015-03-03 00:00:00-05:00,58.56438664482457,58.58908940131736,57.716218882792965,57.94679260253906,4137300,0.0,0.0
2015-03-04 00:00:00-05:00,57.65033988975215,58.31733936322644,57.485644395845064,58.17735290527344,3005100,0.0,0.0
2015-03-05 00:00:00-05:00,58.25147264984301,58.53968196788702,57.97149967874081,58.127952575683594,3465900,0.0,0.0
2015-03-06 00:00:00-05:00,57.85620278142054,57.85620278142054,56.25045474785663,56.33280563354492,5880800,0.0,0.0
2015-03-09 00:00:00-04:00,56.60454091693633,57.42799949529003,56.34103442316276,57.29624938964844,5848000,0.0,0.0
2015-03-10 00:00:00-04:00,56.917453214161554,57.17272333621948,56.44808212514133,56.637474060058594,3664900,0.0,0.0
2015-03-11 00:00:00-04:00,56.728065127133924,57.09038893862088,56.332808498685274,56.37397766113281,3424500,0.0,0.0
2015-03-12 00:00:00-04:00,56.61279316026292,57.33743465101711,56.43986756414517,57.27979278564453,2724000,0.0,0.0
2015-03-13 00:00:00-04:00,57.15626090124976,57.68327387000653,56.93392357482697,57.551517486572266,3223800,0.0,0.0
2015-03-16 00:00:00-04:00,57.864435383986546,58.79494766018921,57.79032712260268,58.5232048034668,3922300,0.0,0.0
2015-03-17 00:00:00-04:00,58.22675391862092,58.67965863879967,57.91384192808211,58.33380126953125,2572500,0.0,0.0
2015-03-18 00:00:00-04:00,58.38323242538622,61.075940040811226,58.210306824624276,60.55716323852539,6436200,0.0,0.0
2015-03-19 00:00:00-04:00,60.326584006271794,61.41354920086718,59.77486192191973,61.117103576660156,7051200,0.0,0.0
2015-03-20 00:00:00-04:00,61.94054960394866,62.747535418734635,61.38059757058113,62.681663513183594,10713900,0.0,0.0
2015-03-23 00:00:00-04:00,62.59933896163702,63.78512171506728,62.541697093483734,62.87931823730469,6284400,0.0,0.0
2015-03-24 00:00:00-04:00,62.8051901818458,63.15927766228982,62.055846056830994,62.22053527832031,5111600,0.0,0.0
2015-03-25 00:00:00-04:00,62.30287856987045,62.97811434757567,61.23237991333008,61.23237991333008,5431600,0.0,0.0
2015-03-26 00:00:00-04:00,60.93591184143493,61.22412097878195,60.458304538123855,60.47477722167969,4023500,0.0,0.0
2015-03-27 00:00:00-04:00,60.62304607378992,60.92772184395452,60.277188563411094,60.59010696411133,4171600,0.0,0.0
2015-03-30 00:00:00-04:00,60.93594675804451,61.10063599304258,60.664203866055246,60.82889938354492,3370700,0.0,0.0
2015-03-31 00:00:00-04:00,60.40069840044669,60.91948143669982,59.82427978515625,59.82427978515625,4348000,0.0,0.0
2015-04-01 00:00:00-04:00,60.046623085026866,60.08779854412447,58.52322533581062,58.902015686035156,5875800,0.0,0.0
2015-04-02 00:00:00-04:00,58.84436613752632,59.10787270689912,58.07854918864721,58.663204193115234,3781800,0.0,0.0
2015-04-06 00:00:00-04:00,58.572613825252816,59.050221368906605,58.33381005342592,58.7208366394043,3936900,0.0,0.0
2015-04-07 00:00:00-04:00,58.6714079223551,59.35487986630052,58.613766088678304,59.041961669921875,3128100,0.0,0.0
2015-04-08 00:00:00-04:00,59.223145992240475,59.5195916158077,58.91023395958222,59.41254425048828,3215400,0.0,0.0
2015-04-09 00:00:00-04:00,59.47020362065988,59.75017663510007,59.20669702016027,59.585487365722656,2595800,0.0,0.0
2015-04-10 00:00:00-04:00,59.70074274614036,60.91946412097782,59.49487811598125,60.870052337646484,3956400,0.0,0.0
2015-04-13 00:00:00-04:00,60.34304780352314,60.63949341489888,60.2030613432876,60.54067611694336,4351500,0.0,0.0
2015-04-14 00:00:00-04:00,60.35952185490345,60.73007573622983,60.19482635459877,60.49127197265625,3950600,0.0,0.0
2015-04-15 00:00:00-04:00,60.55715326944109,60.95240992540236,60.35952494146046,60.697139739990234,4358700,0.0,0.0
2015-04-16 00:00:00-04:00,60.61478561247902,60.93593395097276,60.433623722561464,60.515968322753906,2880000,0.0,0.0
2015-04-17 00:00:00-04:00,60.12071285244944,60.277165710991994,59.256078828043606,59.67604446411133,4386700,0.0,0.0
2015-04-20 00:00:00-04:00,60.11248941620437,60.32659045267484,59.53607079781281,59.626651763916016,2540400,0.0,0.0
2015-04-21 00:00:00-04:00,60.096026639938145,60.21131037058884,59.338439761029406,59.46195983886719,4048400,0.0,0.0
2015-04-22 00:00:00-04:00,59.67606208456704,59.67606208456704,59.19021811066366,59.536075592041016,3506100,0.0,0.0
2015-04-23 00:00:00-04:00,60.01367636144582,60.063088162593594,58.52321791207536,59.6184196472168,5448700,0.0,0.0
2015-04-24 00:00:00-04:00,59.47020089042749,59.643126500082765,58.679681125220824,58.94318771362305,3816300,0.0,0.0
2015-04-27 00:00:00-04:00,59.231370901796694,59.428999185186946,58.16087232532729,58.37497329711914,5328400,0.0,0.0
2015-04-28 00:00:00-04:00,58.15264618880888,58.69612557543835,57.806788816418916,58.6137809753418,4557900,0.0,0.0
2015-04-29 00:00:00-04:00,59.17373356287314,59.96425303911433,59.1572608732173,59.51958465576172,6789600,0.0,0.0
2015-04-30 00:00:00-04:00,59.25608076289306,59.79133011535999,58.8196487052247,59.18197250366211,5479300,0.0,0.0
2015-05-01 00:00:00-04:00,59.50311363166374,60.38421398517519,58.671418778305686,60.21128845214844,6533400,0.0,0.0
2015-05-04 00:00:00-04:00,60.318345220427354,60.598318141691074,59.988960508800574,60.153656005859375,4040700,0.0,0.0
2015-05-05 00:00:00-04:00,59.972488974096144,60.08777267093783,59.14079406188941,59.214908599853516,3735900,0.0,0.0
2015-05-06 00:00:00-04:00,59.26432199334967,59.519592172841726,58.91023451091337,59.3302001953125,3567600,0.0,0.0
2015-05-07 00:00:00-04:00,59.0831548104225,59.52782321028134,59.058452057512106,59.14079666137695,3628100,0.0,0.0
2015-05-08 00:00:00-04:00,59.70076106488682,60.688909079860615,59.70076106488682,60.32659149169922,3713300,0.0,0.0
2015-05-11 00:00:00-04:00,60.32657473419759,60.927695953538255,60.268932887377396,60.4995002746582,2958600,0.0,0.0
2015-05-12 00:00:00-04:00,60.22774741269311,60.22774741269311,59.5442754267758,59.651329040527344,3152800,0.0,0.0
2015-05-13 00:00:00-04:00,59.91484151561883,60.301868011273,59.692504205035085,59.94778060913086,2682100,0.0,0.0
2015-05-14 00:00:00-04:00,60.262881077421575,60.710624759555344,60.055592687134066,60.57795715332031,3364300,0.5,0.0
2015-05-15 00:00:00-04:00,60.71888495311959,60.87641974218685,60.18822114351894,60.44526290893555,3464400,0.0,0.0
2015-05-18 00:00:00-04:00,60.56965433440165,60.60281490134981,60.21311814329799,60.47844696044922,2162000,0.0,0.0
2015-05-19 00:00:00-04:00,60.3789380790158,61.009096306366644,60.22139694069381,60.901302337646484,3548000,0.0,0.0
2015-05-20 00:00:00-04:00,60.901311439383,61.10031279940548,60.6774428167803,60.826690673828125,1980300,0.0,0.0
2015-05-21 00:00:00-04:00,60.81009452262664,61.64754105165651,60.67743329603195,61.581207275390625,3288200,0.0,0.0
2015-05-22 00:00:00-04:00,61.39880602983347,61.63096794786368,61.24955817882293,61.60609436035156,3023400,0.0,0.0
2015-05-26 00:00:00-04:00,61.324185085593115,61.66414101815403,61.208104114947545,61.61438751220703,4194600,0.0,0.0
2015-05-27 00:00:00-04:00,61.655852103862806,62.17821650896975,61.473437329588954,62.10359573364258,2901100,0.0,0.0
2015-05-28 00:00:00-04:00,62.02065756992841,63.41363510192911,61.97090407975722,63.355594635009766,4823600,0.0,0.0
2015-05-29 00:00:00-04:00,63.140017598279975,65.95913975030274,63.032223633419,65.4201889038086,11917000,0.0,0.0
2015-06-01 00:00:00-04:00,65.43675614361905,66.20786872085205,65.32067522454618,65.50308990478516,4866500,0.0,0.0
2015-06-02 00:00:00-04:00,65.30411048666414,65.30411048666414,64.26766894407588,64.63249206542969,4467700,0.0,0.0
2015-06-03 00:00:00-04:00,64.67399753796906,64.81495216822327,64.07700577931408,64.53304290771484,3270800,0.0,0.0
2015-06-04 00:00:00-04:00,64.12671495184117,65.17144990987964,64.11842797328802,64.40863037109375,3786500,0.0,0.0
2015-06-05 00:00:00-04:00,64.30913779665498,64.88954899132425,63.83652059613471,64.77346801757812,2788900,0.0,0.0
2015-06-08 00:00:00-04:00,64.6573729819195,65.37873225818117,64.53299872968695,65.10511016845703,6065900,0.0,0.0
2015-06-09 00:00:00-04:00,64.98072207944622,68.7284908094395,64.68222649708251,68.62899017333984,10109100,0.0,0.0
2015-06-10 00:00:00-04:00,67.98229184870867,69.22602206495404,67.4184672309732,68.96898651123047,13169400,0.0,0.0
2015-06-11 00:00:00-04:00,68.91094387867822,72.33534535695149,68.88607028727678,71.79639434814453,16740800,0.0,0.0
2015-06-12 00:00:00-04:00,71.21599917700733,71.3072065752136,68.89436666511288,69.8230209350586,12630500,0.0,0.0
2015-06-15 00:00:00-04:00,69.29235517910394,70.15467554632271,68.89435873041106,69.71522521972656,5462700,0.0,0.0
2015-06-16 00:00:00-04:00,69.57427947683003,70.74338272745499,69.34211116216701,70.29563903808594,5694500,0.0,0.0
2015-06-17 00:00:00-04:00,70.21272124608463,70.21272124608463,68.82803636777739,69.25919342041016,5968200,0.0,0.0
2015-06-18 00:00:00-04:00,69.55768446149123,69.95568091261724,68.6124500067483,68.8529052734375,7251500,0.0,0.0
2015-06-19 00:00:00-04:00,68.38027820579961,68.99384991729796,68.25590393734963,68.512939453125,6907000,0.0,0.0
2015-06-22 00:00:00-04:00,69.06850039898525,69.1845814019329,68.69537746727617,68.75341796875,3537100,0.0,0.0
2015-06-23 00:00:00-04:00,69.44156836065008,69.44156836065008,68.36366685870746,68.54608154296875,3643500,0.0,0.0
2015-06-24 00:00:00-04:00,68.40513359184484,68.88604392804861,68.20613861083984,68.20613861083984,4212100,0.0,0.0
2015-06-25 00:00:00-04:00,69.78155999068858,72.05343875714681,69.71522619398961,70.31221771240234,9630100,0.0,0.0
2015-06-26 00:00:00-04:00,70.63556247554403,71.24913406657684,70.12977852217178,71.18280029296875,14369800,0.0,0.0
2015-06-29 00:00:00-04:00,70.76822381324659,70.95893183119941,69.42499968812547,69.4664535522461,4441900,0.0,0.0
2015-06-30 00:00:00-04:00,70.0634675813777,70.12150807071525,69.14310673192591,69.22602081298828,4261200,0.0,0.0
2015-07-01 00:00:00-04:00,69.48304582532393,70.44486031891694,69.31721137750625,70.35365295410156,3629100,0.0,0.0
2015-07-02 00:00:00-04:00,70.65215828781359,71.50618525146835,70.22100131645112,71.42327117919922,5128100,0.0,0.0
2015-07-06 00:00:00-04:00,70.735046381051,71.67199339879834,70.68529922114793,71.59736633300781,5062900,0.0,0.0
2015-07-07 00:00:00-04:00,71.83783669092358,73.6122241303885,71.35692629026259,73.57077026367188,6912300,0.0,0.0
2015-07-08 00:00:00-04:00,73.189361541556,73.38006959057128,72.27729414516585,72.3436279296875,5330000,0.0,0.0
2015-07-09 00:00:00-04:00,72.96549687563747,73.22253239714915,72.05342942987964,72.53433990478516,4767600,0.0,0.0
2015-07-10 00:00:00-04:00,73.21421828971859,73.34687949084909,72.71672138915555,73.20592498779297,4471200,0.0,0.0
2015-07-13 00:00:00-04:00,73.9107374793679,74.77305782009218,73.52103434860474,73.6454086303711,5940500,0.0,0.0
2015-07-14 00:00:00-04:00,73.83613555603527,73.87758944324796,72.84114737382545,73.5956802368164,6028700,0.0,0.0
2015-07-15 00:00:00-04:00,72.79138576541767,73.10646181479557,71.3901143407224,71.62227630615234,6615900,0.0,0.0
2015-07-16 00:00:00-04:00,71.97050008033867,72.51773790125443,71.78808536472111,72.27728271484375,5578000,0.0,0.0
2015-07-17 00:00:00-04:00,72.13633387913004,72.50116333914053,71.82125791653566,72.44312286376953,4430100,0.0,0.0
2015-07-20 00:00:00-04:00,72.71675852041605,72.8991733003106,72.36022226678737,72.85771942138672,4320500,0.0,0.0
2015-07-21 00:00:00-04:00,72.61726872562188,72.70847612131583,70.90920812748568,70.95066833496094,8065300,0.0,0.0
2015-07-22 00:00:00-04:00,69.08506864689785,71.97052558023636,67.57600954566415,71.62227630615234,12677800,0.0,0.0
2015-07-23 00:00:00-04:00,73.8443885162711,74.51600696946777,70.99210555696578,71.93733978271484,5258500,0.0,0.0
2015-07-24 00:00:00-04:00,71.30718776847418,71.48130921205207,69.78154864801753,70.2458724975586,3460300,0.0,0.0
2015-07-27 00:00:00-04:00,70.06347977992893,70.15468718275906,69.10165855951657,69.77327728271484,5420600,0.0,0.0
2015-07-28 00:00:00-04:00,70.23760531890021,71.05846566565405,70.06348381055486,71.04188537597656,3027800,0.0,0.0
2015-07-29 00:00:00-04:00,71.23258533152077,71.29891280856518,70.23759726457898,70.55267333984375,2711800,0.0,0.0
2015-07-30 00:00:00-04:00,69.86447955978915,70.45317781835801,69.63231757905093,70.09664154052734,3867800,0.0,0.0
2015-07-31 00:00:00-04:00,70.37851417154145,70.6935964040541,69.96393761376059,70.07173156738281,4113600,0.0,0.0
2015-08-03 00:00:00-04:00,70.32051553047008,70.47805674042594,69.25919992347053,69.76498413085938,4815500,0.0,0.0
2015-08-04 00:00:00-04:00,70.05516895833244,70.469745658117,69.52451128868329,69.69034576416016,2848200,0.0,0.0
2015-08-05 00:00:00-04:00,70.2127130767139,70.54437571565542,69.62401489741357,70.2541732788086,3776800,0.0,0.0
2015-08-06 00:00:00-04:00,70.59411235952014,70.59411235952014,67.3604131829417,68.57097625732422,3866500,0.0,0.0
2015-08-07 00:00:00-04:00,68.40517038719062,68.56271159177702,66.87123752854461,68.21446228027344,4545300,0.0,0.0
2015-08-10 00:00:00-04:00,68.670474073105,69.45816715501974,68.35539810552659,69.24259185791016,3211600,0.0,0.0
2015-08-11 00:00:00-04:00,68.66218658722585,69.44159275709822,68.59585912723045,69.26747131347656,3205600,0.0,0.0
2015-08-12 00:00:00-04:00,68.99219503524515,69.65117094922647,68.09965932674429,69.55107116699219,2826900,0.5,0.0
2015-08-13 00:00:00-04:00,69.40093565950819,69.85971844565809,69.14235246951176,69.2591323852539,2253900,0.0,0.0
2015-08-14 00:00:00-04:00,69.15904857214886,70.02655482004978,69.05894876014692,69.99319458007812,2280200,0.0,0.0
2015-08-17 00:00:00-04:00,69.4509745713043,69.88472754642046,69.17570495577435,69.62614440917969,2814700,0.0,0.0
2015-08-18 00:00:00-04:00,69.92644391294898,70.0599039316005,69.42595770595786,69.55941772460938,2241400,0.0,0.0
2015-08-19 00:00:00-04:00,69.35088657628957,70.51034881733239,68.87542368869667,69.87639617919922,2651300,0.0,0.0
2015-08-20 00:00:00-04:00,72.45390534725725,74.19726703016742,71.57804970378716,72.84595489501953,10887700,0.0,0.0
2015-08-21 00:00:00-04:00,72.5540300970333,73.15460993926564,70.51036834716797,70.51036834716797,8320000,0.0,0.0
2015-08-24 00:00:00-04:00,68.06629418425084,69.20073295099061,66.31458932397027,67.34059143066406,8620700,0.0,0.0
2015-08-25 00:00:00-04:00,68.55846775807699,68.90046433862045,64.94661373558309,65.2802734375,6439000,0.0,0.0
2015-08-26 00:00:00-04:00,66.6315869739489,67.81607925122604,64.87153822560333,67.64924621582031,7217800,0.0,0.0
2015-08-27 00:00:00-04:00,68.22478990166286,70.10161806599167,68.15805670623116,69.85137176513672,4703400,0.0,0.0
2015-08-28 00:00:00-04:00,69.85136977021702,70.06824946716215,69.04224729979227,69.39259338378906,4860800,0.0,0.0
2015-08-31 00:00:00-04:00,69.57610872263706,70.41859145290465,68.44166985230696,68.69190979003906,3445300,0.0,0.0
2015-09-01 00:00:00-04:00,66.94022066062905,67.7743667124749,66.23119778936595,66.56485748291016,4300500,0.0,0.0
2015-09-02 00:00:00-04:00,67.32391869635575,68.25816444912383,66.98192216698602,68.2414779663086,3257900,0.0,0.0
2015-09-03 00:00:00-04:00,68.44165354287806,69.11730948698424,67.84940452744583,68.0662841796875,3227700,0.0,0.0
2015-09-04 00:00:00-04:00,67.26552261591273,67.65757219403774,66.46474334239329,66.99859619140625,3416400,0.0,0.0
2015-09-08 00:00:00-04:00,67.94951715853645,69.21742235806303,67.78269054155915,69.13400268554688,2643600,0.0,0.0
2015-09-09 00:00:00-04:00,69.60946127700107,69.65117111070215,67.47405016326942,67.64087677001953,2839600,0.0,0.0
2015-09-10 00:00:00-04:00,67.66592400764533,68.12470047700084,67.14875121037839,67.43235778808594,3667700,0.0,0.0
2015-09-11 00:00:00-04:00,67.27383986541503,68.27481197958328,65.68061881053544,68.23310852050781,3645900,0.0,0.0
2015-09-14 00:00:00-04:00,68.33320511211701,68.63349803322899,67.79935244436811,68.30818176269531,3197200,0.0,0.0
2015-09-15 00:00:00-04:00,68.75864072973187,69.5343966029016,68.49171431982549,69.20073699951172,3532600,0.0,0.0
2015-09-16 00:00:00-04:00,70.15166898195021,70.51035197384242,68.90879337173081,70.44361877441406,3845000,0.0,0.0
2015-09-17 00:00:00-04:00,70.46028993555286,77.4504287730346,70.3018002123792,75.05643463134766,16918100,0.0,0.0
2015-09-18 00:00:00-04:00,75.6570454105959,76.28265495819409,73.72182679792002,73.81358337402344,11578000,0.0,0.0
2015-09-21 00:00:00-04:00,74.32236672969235,74.91460930250506,72.66241887834259,73.06280517578125,6644100,0.0,0.0
2015-09-22 00:00:00-04:00,72.42055596477681,73.38816838618236,72.25372930923811,73.23802185058594,5059500,0.0,0.0
2015-09-23 00:00:00-04:00,73.40486323943256,73.75520310479895,72.2203772008908,72.3121337890625,4863300,0.0,0.0
2015-09-24 00:00:00-04:00,72.11189495680169,72.18697138090438,70.96911939324552,71.1943359375,5693500,0.0,0.0
2015-09-25 00:00:00-04:00,71.93673968415028,72.09522943954644,69.42596514040524,70.11830139160156,5794900,0.0,0.0
2015-09-28 00:00:00-04:00,69.80132232705833,69.95146882890731,65.48044673387946,66.51478576660156,8295100,0.0,0.0
2015-09-29 00:00:00-04:00,67.04031692850214,68.5667992858993,66.05602438487549,66.96524047851562,7315200,0.0,0.0
2015-09-30 00:00:00-04:00,68.00791880355816,69.87640396387027,67.98289544311201,69.80967712402344,6780700,0.0,0.0
2015-10-01 00:00:00-04:00,69.7346066477023,71.16933883368947,69.56777998776249,71.05255889892578,5350400,0.0,0.0
2015-10-02 00:00:00-04:00,70.20173084416818,73.02948529234367,69.72626151179189,73.00445556640625,5616600,0.0,0.0
2015-10-05 00:00:00-04:00,73.47160643665417,73.80526622403481,71.40292084611909,72.21204376220703,5297400,0.0,0.0
2015-10-06 00:00:00-04:00,72.06185723806266,72.16195702800901,68.46669077252155,70.21005249023438,5521200,0.0,0.0
2015-10-07 00:00:00-04:00,70.31849553894897,70.77727192392904,68.73361719986418,70.05990600585938,5128000,0.0,0.0
2015-10-08 00:00:00-04:00,69.35922981685165,70.05990928739787,68.22479093346722,69.87639617919922,4595400,0.0,0.0
2015-10-09 00:00:00-04:00,71.17765365513847,72.21199253462478,70.90238404852487,71.85330963134766,5115100,0.0,0.0
2015-10-12 00:00:00-04:00,65.54717575876074,67.35727054193286,65.31361596274203,66.26454162597656,26477400,0.0,0.0
2015-10-13 00:00:00-04:00,66.5565066544248,67.77435898762673,66.3479701652321,66.41470336914062,10104700,0.0,0.0
2015-10-14 00:00:00-04:00,67.54078024657507,68.39994932349171,65.93922198490365,66.10604858398438,9495500,0.0,0.0
2015-10-15 00:00:00-04:00,66.18111646767058,66.79838886482618,65.73902026702305,66.61487579345703,6408600,0.0,0.0
2015-10-16 00:00:00-04:00,67.21548542949465,68.00792157471236,66.69831262442938,67.99124145507812,5519800,0.0,0.0
2015-10-19 00:00:00-04:00,67.67425453557047,67.81606417514726,66.28957565169132,66.9402084350586,5869900,0.0,0.0
2015-10-20 00:00:00-04:00,66.85676761590659,67.01525094407964,64.75471724999845,64.88818359375,7458000,0.0,0.0
2015-10-21 00:00:00-04:00,65.25525389105962,65.38037071807213,63.32837202267888,64.23759460449219,8955200,0.0,0.0
2015-10-22 00:00:00-04:00,64.41271755532762,64.92988370059794,62.694379834416154,64.2125244140625,10075500,0.0,0.0
2015-10-23 00:00:00-04:00,64.68800662053188,65.96424862272119,64.45444046055208,65.32195281982422,5679200,0.0,0.0
2015-10-26 00:00:00-04:00,65.32196900710898,66.61489780885093,64.8715294187091,65.98928833007812,4755200,0.0,0.0
2015-10-27 00:00:00-04:00,66.31459681042101,67.52410577896217,66.31459681042101,67.4907455444336,4771600,0.0,0.0
2015-10-28 00:00:00-04:00,67.73262577668218,69.3175038205756,67.05696982128569,69.29248046875,5710300,0.0,0.0
2015-10-29 00:00:00-04:00,68.65021735028415,69.70957995475221,67.8077281205709,68.39997100830078,5158600,0.0,0.0
2015-10-30 00:00:00-04:00,68.46665279369842,68.85870213181528,68.0412368774414,68.0412368774414,4044300,0.0,0.0
2015-11-02 00:00:00-05:00,67.68260172443782,68.55011427420581,67.40733203417874,68.43333435058594,3473900,0.0,0.0
2015-11-03 00:00:00-05:00,68.59182086054805,68.85040405571068,67.67425526991633,68.12469482421875,4826100,0.0,0.0
2015-11-04 00:00:00-05:00,68.52509564949511,68.52509564949511,67.50743650417122,67.60753631591797,3401900,0.0,0.0
2015-11-05 00:00:00-05:00,67.56581779518166,67.89947742746968,66.44806534564921,67.2405014038086,3787200,0.0,0.0
2015-11-06 00:00:00-05:00,66.98194213950573,67.22383893619792,65.43042970454717,67.11540222167969,6082600,0.0,0.0
2015-11-09 00:00:00-05:00,66.7566757440392,66.97355539624263,65.54716709003318,66.19779968261719,4160200,0.0,0.0
2015-11-10 00:00:00-05:00,66.07188860925312,67.42337866420553,66.07188860925312,67.20512390136719,3302600,0.5,0.0
2015-11-11 00:00:00-05:00,67.23870354663124,68.22923653309918,67.12957936497135,67.74236297607422,3323400,0.0,0.0
2015-11-12 00:00:00-05:00,67.6164740097985,67.79275454486195,66.98689792555224,67.03726196289062,3647800,0.0,0.0
2015-11-13 00:00:00-05:00,66.86938455129496,67.38143392792094,66.46645299737673,66.77704620361328,3638600,0.0,0.0
2015-11-16 00:00:00-05:00,67.15476380670987,68.2124531298912,67.13797793368423,68.18727111816406,3318900,0.0,0.0
2015-11-17 00:00:00-05:00,67.93543202546068,69.19458373254,67.68359912229411,68.24602508544922,3012100,0.0,0.0
2015-11-18 00:00:00-05:00,68.40551501593097,70.31103490078414,68.32157284753755,70.21869659423828,3916600,0.0,0.0
2015-11-19 00:00:00-05:00,69.84093349532183,70.411749094271,69.44640474102114,70.2774429321289,3156100,0.0,0.0
2015-11-20 00:00:00-05:00,70.7643563365994,71.77167553676723,70.60486167489411,70.90705871582031,4251500,0.0,0.0
2015-11-23 00:00:00-05:00,70.93224257477758,71.28480366354196,70.61325964747351,71.13370513916016,4033100,0.0,0.0
2015-11-24 00:00:00-05:00,70.14315485918067,70.78112696416477,69.71504781375813,70.41177368164062,3431100,0.0,0.0
2015-11-25 00:00:00-05:00,70.41179374450324,70.86508933738556,70.13478510805828,70.29427337646484,2529400,0.0,0.0
2015-11-27 00:00:00-05:00,70.31942463455962,70.72235600897578,70.17672230785311,70.21869659423828,1253800,0.0,0.0
2015-11-30 00:00:00-05:00,70.31103882080464,70.5376833285406,68.8672103881836,68.8672103881836,6563300,0.0,0.0
2015-12-01 00:00:00-05:00,70.68878564529587,72.63627362662302,69.95847525065656,72.61109161376953,7368900,0.0,0.0
2015-12-02 00:00:00-05:00,72.40962464163886,72.80415989702267,70.86506176996366,70.98258209228516,4444800,0.0,0.0
2015-12-03 00:00:00-05:00,71.05813099069017,71.2176191891086,69.30370957307203,69.72342681884766,3669800,0.0,0.0
2015-12-04 00:00:00-05:00,70.06760241518435,73.2658459785516,70.03402426489772,72.71182250976562,6987600,0.0,0.0
2015-12-07 00:00:00-05:00,73.40856323568414,74.00456751894933,72.09904713020823,72.51036834716797,4379000,0.0,0.0
2015-12-08 00:00:00-05:00,71.87239882005287,73.5932360525798,71.83042452476121,72.53555297851562,4761000,0.0,0.0
2015-12-09 00:00:00-05:00,72.20814884344635,72.45998174114692,70.15153699493936,70.39497375488281,5479500,0.0,0.0
2015-12-10 00:00:00-05:00,70.70557433062525,71.78004952029335,69.97526397309586,71.2763900756836,3667200,0.0,0.0
2015-12-11 00:00:00-05:00,70.34461731671949,70.83148448468964,69.77380157088594,69.91650390625,3738200,0.0,0.0
2015-12-14 00:00:00-05:00,69.9752597158028,71.10849499832307,69.64788077650533,71.08331298828125,5208700,0.0,0.0
2015-12-15 00:00:00-05:00,71.50305502589849,72.17460541361609,71.36874238660332,71.78845977783203,3975500,0.0,0.0
2015-12-16 00:00:00-05:00,72.19140045496974,72.67827422764746,70.55450498314973,72.4348373413086,2983600,0.0,0.0
2015-12-17 00:00:00-05:00,72.82095984984728,73.20709904133258,72.35926820547438,72.37606048583984,3928200,0.0,0.0
2015-12-18 00:00:00-05:00,71.83042481280847,72.174596103321,71.15887451171875,71.15887451171875,5821300,0.0,0.0
2015-12-21 00:00:00-05:00,71.95635668890985,72.5691405457012,71.4778790784425,72.2249755859375,3742400,0.0,0.0
2015-12-22 00:00:00-05:00,72.41803535408775,72.58592615202299,71.57860057754881,72.1158447265625,2446100,0.0,0.0
2015-12-23 00:00:00-05:00,72.49358081385476,72.92169430177465,72.30050801596822,72.35926818847656,2804200,0.0,0.0
2015-12-24 00:00:00-05:00,72.1745831625613,72.31728549453368,71.74646976226704,72.0654525756836,1486900,0.0,0.0
2015-12-28 00:00:00-05:00,71.83881232957864,71.93954037958636,71.25960042452412,71.76325988769531,2031100,0.0,0.0
2015-12-29 00:00:00-05:00,72.05706621230027,72.92168926864363,71.85560369251661,72.40123748779297,2097700,0.0,0.0
2015-12-30 00:00:00-05:00,72.56912686234614,73.11476069528271,72.30890415614898,72.35926818847656,1969400,0.0,0.0
2015-12-31 00:00:00-05:00,71.95631684758052,71.98149885454957,70.57964496201271,70.73074340820312,3178500,0.0,0.0
2016-01-04 00:00:00-05:00,70.00882587634096,70.17671018412412,68.6573360642463,69.56392669677734,6907300,0.0,0.0
2016-01-05 00:00:00-05:00,69.58912806488483,71.68771451796111,69.56394605214834,70.60484313964844,7475300,0.0,0.0
2016-01-06 00:00:00-05:00,69.41281618227332,71.25117272887057,69.2533216345635,70.159912109375,6628400,0.0,0.0
2016-01-07 00:00:00-05:00,68.52306445223162,69.5135978307174,67.8515204153268,68.33839416503906,5833200,0.0,0.0
2016-01-08 00:00:00-05:00,68.55663975933567,69.24497605101205,68.02779813180678,68.2040786743164,5880200,0.0,0.0
2016-01-11 00:00:00-05:00,68.24602393261044,68.7664691972772,66.172619798611,67.38140106201172,4889300,0.0,0.0
2016-01-12 00:00:00-05:00,67.66682768825306,67.99420668959344,66.75184058894364,67.49054718017578,4329300,0.0,0.0
2016-01-13 00:00:00-05:00,67.77593517431644,67.84309146684618,66.39086706167939,66.56715393066406,4628400,0.0,0.0
2016-01-14 00:00:00-05:00,66.55036060434463,69.44641323128187,65.99633721066517,69.28691864013672,8253700,0.0,0.0
2016-01-15 00:00:00-05:00,67.73398585374747,68.48108220080813,67.22193019056499,68.19567108154297,6674300,0.0,0.0
2016-01-19 00:00:00-05:00,69.09388023426146,71.1840776152644,68.80007931857219,69.86616516113281,9162300,0.0,0.0
2016-01-20 00:00:00-05:00,68.70771205336106,70.06759823922341,67.49893073697146,69.35408020019531,8354400,0.0,0.0
2016-01-21 00:00:00-05:00,69.30372750412651,69.35409794162831,67.65004010320925,68.32998657226562,4930800,0.0,0.0
2016-01-22 00:00:00-05:00,69.16942357903837,69.80739577210186,68.75810235131662,69.23657989501953,3456300,0.0,0.0
2016-01-25 00:00:00-05:00,69.25334874960936,69.84095035906728,68.51464866852265,68.59019470214844,2632800,0.0,0.0
2016-01-26 00:00:00-05:00,68.62378357652727,68.97634459730085,67.91866153498009,68.80006408691406,4583400,0.0,0.0
2016-01-27 00:00:00-05:00,68.50627801178652,69.88295064119666,67.96064408326161,68.63219451904297,4341900,0.0,0.0
2016-01-28 00:00:00-05:00,68.72451824178366,69.24496363462015,64.25032994596916,64.47697448730469,10128700,0.0,0.0
2016-01-29 00:00:00-05:00,64.93864737409844,66.66788023337433,64.82952320485455,66.39926147460938,7042500,0.0,0.0
2016-02-01 00:00:00-05:00,65.65217378598477,66.4496404316642,64.87149941734715,65.8116683959961,4056000,0.0,0.0
2016-02-02 00:00:00-05:00,65.19050567219557,65.72774339912907,63.872586968248775,64.04887390136719,4804200,0.0,0.0
2016-02-03 00:00:00-05:00,64.1831516184357,65.09813841852274,62.26924226591548,63.87255859375,6966400,0.0,0.0
2016-02-04 00:00:00-05:00,63.75504540288128,64.24191893228834,61.64806949538572,62.35319137573242,6339500,0.0,0.0
2016-02-05 00:00:00-05:00,62.25248880414698,63.64594726340415,61.74043305588337,62.38679504394531,6312800,0.0,0.0
2016-02-08 00:00:00-05:00,61.74042647389179,62.605043214378206,61.13603244828377,62.27766418457031,4348800,0.0,0.0
2016-02-09 00:00:00-05:00,61.639668284903536,62.924001892968626,61.04367062907355,61.8998908996582,5160000,0.0,0.0
2016-02-10 00:00:00-05:00,62.322555931904255,63.28617552350733,61.688595334850625,61.76466751098633,4748700,0.51,0.0
2016-02-11 00:00:00-05:00,61.02925957824716,61.392730511107594,59.871229229745836,60.36994171142578,5425400,0.0,0.0
2016-02-12 00:00:00-05:00,60.496743238615906,60.63199125461624,59.533123696044804,60.24315643310547,6332600,0.0,0.0
2016-02-16 00:00:00-05:00,60.817948270482376,62.06051202295315,60.80104549278705,61.984439849853516,4811300,0.0,0.0
2016-02-17 00:00:00-05:00,62.55925072206626,63.32845310449431,61.78158727465606,63.125587463378906,4000300,0.0,0.0
2016-02-18 00:00:00-05:00,62.060520394411874,63.01569191204387,61.84075200982546,62.102787017822266,5620000,0.0,0.0
2016-02-19 00:00:00-05:00,61.443447969364705,61.76465227098388,61.029255838222625,61.375823974609375,6650800,0.0,0.0
2016-02-22 00:00:00-05:00,61.62939384746268,62.246444895875264,60.94471237384261,61.71392059326172,5672600,0.0,0.0
2016-02-23 00:00:00-05:00,61.79003077193673,62.97342528863348,61.75621876300467,62.102787017822266,4411200,0.0,0.0
2016-02-24 00:00:00-05:00,61.9844099443101,62.78742370150805,61.40116443602229,62.63527297973633,3636100,0.0,0.0
2016-02-25 00:00:00-05:00,62.77900091820717,63.303077325319784,62.356360526691354,63.2439079284668,4306800,0.0,0.0
2016-02-26 00:00:00-05:00,63.75109199121465,64.06384828539427,62.05208181065095,62.21268081665039,4807700,0.0,0.0
2016-02-29 00:00:00-05:00,62.01823175055931,62.01823175055931,60.84329238769594,60.86019515991211,5730200,0.0,0.0
2016-03-01 00:00:00-05:00,61.39273637830948,61.544887165884404,60.74187306139349,61.4857177734375,4541700,0.0,0.0
2016-03-02 00:00:00-05:00,61.47725883735038,62.593028934399264,61.23212669759992,62.567665100097656,6738800,0.0,0.0
2016-03-03 00:00:00-05:00,62.38172756017777,62.4577997390335,61.350483920260686,61.91682052612305,4526500,0.0,0.0
2016-03-04 00:00:00-05:00,62.018269796497826,62.60150930593781,61.62098669142656,62.21268081665039,3481600,0.0,0.0
2016-03-07 00:00:00-05:00,61.849196007824055,62.51696862902864,61.536446231993395,62.04361343383789,3443100,0.0,0.0
2016-03-08 00:00:00-05:00,61.65474865385586,63.01565048606406,61.61248205823119,61.70546340942383,3278900,0.0,0.0
2016-03-09 00:00:00-05:00,62.13658795308292,62.50005892309993,61.70549297725343,62.16194534301758,2372000,0.0,0.0
2016-03-10 00:00:00-05:00,62.55077867994751,62.728286872594005,61.223688092940286,61.7224006652832,4419200,0.0,0.0
2016-03-11 00:00:00-05:00,62.1027917728286,63.353803954194056,61.866114141163884,63.100223541259766,3527200,0.0,0.0
2016-03-14 00:00:00-04:00,62.77054788907188,63.05794023751971,62.373264919998626,62.474700927734375,3201800,0.0,0.0
2016-03-15 00:00:00-04:00,60.56436835096587,60.860215330135716,58.83154019600176,60.21780014038086,13748200,0.0,0.0
2016-03-16 00:00:00-04:00,60.26007438784746,61.620977113311355,60.158638361154914,61.265960693359375,5287400,0.0,0.0
2016-03-17 00:00:00-04:00,61.05464065175336,61.156070229759116,57.37766367349346,58.37509536743164,15421600,0.0,0.0
2016-03-18 00:00:00-04:00,58.49342263481065,60.05719710969764,58.375083851162344,59.97266387939453,10131700,0.0,0.0
2016-03-21 00:00:00-04:00,59.845873127717965,60.057193292082815,59.03439802145486,59.38096618652344,5900100,0.0,0.0
2016-03-22 00:00:00-04:00,59.34716920812443,61.06308834525858,59.304909033942465,60.792598724365234,7655400,0.0,0.0
2016-03-23 00:00:00-04:00,61.0039227392117,61.0546439799608,59.938873418205546,60.15864181518555,3884400,0.0,0.0
2016-03-24 00:00:00-04:00,59.71908436844969,60.386856913482816,59.338704173719876,60.11636734008789,2892900,0.0,0.0
2016-03-28 00:00:00-04:00,60.310788450278224,60.41222447574901,59.49086497908773,59.6937370300293,2661900,0.0,0.0
2016-03-29 00:00:00-04:00,59.795148364611784,60.809488962927674,59.72753081724078,60.60661697387695,3814800,0.0,0.0
2016-03-30 00:00:00-04:00,60.84330392611618,61.139150863341634,60.07409544035045,60.67424392700195,3081000,0.0,0.0
2016-03-31 00:00:00-04:00,60.6657841766925,61.13914568514127,60.09944773782989,60.868656158447266,3680000,0.0,0.0
2016-04-01 00:00:00-04:00,60.5220943600774,62.297182467833615,60.46292497145152,62.06050491333008,4083600,0.0,0.0
2016-04-04 00:00:00-04:00,62.17886281628801,62.373280266705514,61.61252614395695,61.85765838623047,2796300,0.0,0.0
2016-04-05 00:00:00-04:00,61.51954020277326,62.254936875520954,61.26595981315699,61.739315032958984,3591800,0.0,0.0
2016-04-06 00:00:00-04:00,61.53645686859111,63.44678720737266,61.53645686859111,63.193206787109375,5669100,0.0,0.0
2016-04-07 00:00:00-04:00,62.981859077011315,63.531292754759676,62.42397078758028,63.049476623535156,3724100,0.0,0.0
2016-04-08 00:00:00-04:00,63.63272759206414,63.63272759206414,62.43243059245026,62.880428314208984,3224900,0.0,0.0
2016-04-11 00:00:00-04:00,62.9565148164751,63.17628317420967,62.381723632822165,62.50851058959961,3351100,0.0,0.0
2016-04-12 00:00:00-04:00,62.364820127562936,63.64119601772728,62.153499914905716,63.0325927734375,2849800,0.0,0.0
2016-04-13 00:00:00-04:00,63.16782484447548,63.59891332610698,62.61839114059554,63.53129577636719,2341600,0.0,0.0
2016-04-14 00:00:00-04:00,63.6496472876643,64.0976450831219,63.22700688455625,63.928585052490234,3022100,0.0,0.0
2016-04-15 00:00:00-04:00,63.92012997889047,64.45265450761566,63.47212578287461,63.844051361083984,3007500,0.0,0.0
2016-04-18 00:00:00-04:00,63.88631557410334,65.3063873796183,63.55665662362485,65.27257537841797,4088400,0.0,0.0
2016-04-19 00:00:00-04:00,65.57687200863565,66.35452863082145,64.78230616263141,65.29792785644531,3819600,0.0,0.0
2016-04-20 00:00:00-04:00,65.32330469327715,65.73749051444264,64.73161066304071,65.15425109863281,4049400,0.0,0.0
2016-04-21 00:00:00-04:00,65.23031589105594,66.01642727015154,65.01054753271389,65.39937591552734,3286600,0.0,0.0
2016-04-22 00:00:00-04:00,65.17115016941494,65.8811894142694,65.02745397724732,65.7882080078125,2697200,0.0,0.0
2016-04-25 00:00:00-04:00,65.4754649833175,65.93191749369014,65.21342993900406,65.8812026977539,3767100,0.0,0.0
2016-04-26 00:00:00-04:00,64.76539680296001,66.18546835729909,64.31739270303139,64.46954345703125,5347300,0.0,0.0
2016-04-27 00:00:00-04:00,64.6808801100294,65.22186572273652,64.08918616500958,64.67243194580078,3690900,0.0,0.0
2016-04-28 00:00:00-04:00,64.34274995540717,64.79920217072225,63.96236988482227,64.63014221191406,4383000,0.0,0.0
2016-04-29 00:00:00-04:00,64.6724292991921,64.6724292991921,63.48058039573757,63.844051361083984,3386600,0.0,0.0
2016-05-02 00:00:00-04:00,64.19905526722336,65.15422641717547,64.08071650600468,64.87528228759766,3571900,0.0,0.0
2016-05-03 00:00:00-04:00,64.52872414337929,64.79076554000409,63.894763632124814,64.45265197753906,3270700,0.0,0.0
2016-05-04 00:00:00-04:00,63.53971684077731,63.920096834612444,63.08326471756118,63.286136627197266,4176800,0.0,0.0
2016-05-05 00:00:00-04:00,63.15938605416007,63.7257226751005,63.01568985761956,63.62428665161133,3446400,0.0,0.0
2016-05-06 00:00:00-04:00,63.15937744643246,63.353788403731556,61.992885906717056,63.05794143676758,4196900,0.0,0.0
2016-05-09 00:00:00-04:00,63.2100886546828,64.15680534444742,63.19318587851729,63.8947639465332,2963200,0.0,0.0
2016-05-10 00:00:00-04:00,64.48647872450005,65.19651156395459,64.28361312022464,64.98519134521484,4366000,0.0,0.0
2016-05-11 00:00:00-04:00,64.64482382701297,65.57232968594175,64.53419933562128,64.93413543701172,3716300,0.51,0.0
2016-05-12 00:00:00-04:00,65.28299661466271,65.47020123820106,64.12573757101241,64.63629150390625,4081900,0.0,0.0
2016-05-13 00:00:00-04:00,64.51717513722555,65.56381642340426,64.30444374907958,64.9511489868164,3629700,0.0,0.0
2016-05-16 00:00:00-04:00,64.65330690272943,66.772109073837,64.53417138850475,66.61894226074219,4580100,0.0,0.0
2016-05-17 00:00:00-04:00,66.55086576597445,66.9763284085075,64.26187467169233,65.00218200683594,7153300,0.0,0.0
2016-05-18 00:00:00-04:00,65.0107135158154,65.39362741765943,64.33848155022855,64.9511489868164,4664900,0.0,0.0
2016-05-19 00:00:00-04:00,63.921523329009254,64.01512564961237,62.747242031277814,63.232269287109375,4848800,0.0,0.0
2016-05-20 00:00:00-04:00,63.64069156817002,64.27888541884316,63.54708928404114,63.65770721435547,4689200,0.0,0.0
2016-05-23 00:00:00-04:00,63.819390618605055,63.93851962839625,62.90038983560655,63.03654098510742,4440500,0.0,0.0
2016-05-24 00:00:00-04:00,63.436491250548,63.98958756764156,63.274813346880016,63.81089401245117,3711800,0.0,0.0
2016-05-25 00:00:00-04:00,64.23635502867738,64.24486610023821,63.351391855668375,63.427978515625,4621700,0.0,0.0
2016-05-26 00:00:00-04:00,63.47904428368914,64.3299698276851,63.19823729607927,64.26189422607422,2654600,0.0,0.0
2016-05-27 00:00:00-04:00,64.26188343631914,64.43207241177113,63.53859814377359,63.81089401245117,3247500,0.0,0.0
2016-05-31 00:00:00-04:00,63.82792453179161,64.35549419480871,63.572644281137464,63.844940185546875,4438800,0.0,0.0
2016-06-01 00:00:00-04:00,63.73432996363399,64.19383057551305,63.54712528930764,63.768367767333984,2450200,0.0,0.0
2016-06-02 00:00:00-04:00,64.00659519749834,64.39802001421262,63.73429939056476,64.2108154296875,3231000,0.0,0.0
2016-06-03 00:00:00-04:00,64.24486955736614,64.32996080141709,63.181212776615055,63.9215202331543,5319000,0.0,0.0
2016-06-06 00:00:00-04:00,63.913015393931325,64.24487582252503,63.138670065848416,63.68326187133789,3253800,0.0,0.0
2016-06-07 00:00:00-04:00,63.49605977330447,63.8619579785445,63.40245745391427,63.56412887573242,2902900,0.0,0.0
2016-06-08 00:00:00-04:00,63.53009320536359,63.89598489341705,63.30885078454787,63.74282455444336,3194900,0.0,0.0
2016-06-09 00:00:00-04:00,63.62369647063069,64.27891273800611,63.1727069965404,63.33438491821289,2760500,0.0,0.0
2016-06-10 00:00:00-04:00,63.04507816808113,63.13017592655144,62.26222812971521,62.92594909667969,4124200,0.0,0.0
2016-06-13 00:00:00-04:00,63.0365622526821,63.793885424168636,62.68767968341155,62.84935760498047,3767000,0.0,0.0
2016-06-14 00:00:00-04:00,62.57705528250812,63.2833249292294,62.168608230173625,63.24077606201172,3691900,0.0,0.0
2016-06-15 00:00:00-04:00,63.58964227522457,63.72578692969752,62.63660372573797,62.72169494628906,3408900,0.0,0.0
2016-06-16 00:00:00-04:00,62.5174925801178,63.36841801283034,62.075007719561604,63.18121337890625,4788700,0.0,0.0
2016-06-17 00:00:00-04:00,63.521589525342534,63.88748774801945,62.51749718116261,62.84935760498047,6604900,0.0,0.0
2016-06-20 00:00:00-04:00,63.35140485627114,63.564136244629395,62.304770061094686,62.3558235168457,3640100,0.0,0.0
2016-06-21 00:00:00-04:00,62.71318731434087,62.79828503160071,61.71760634602642,61.751644134521484,5999200,0.0,0.0
2016-06-22 00:00:00-04:00,61.69211568843461,62.89192408904106,61.69211568843461,62.17714309692383,4410800,0.0,0.0
2016-06-23 00:00:00-04:00,62.61959417840657,62.917423248291016,62.287733807093616,62.917423248291016,2989700,0.0,0.0
2016-06-24 00:00:00-04:00,61.6495576147349,63.921533918805984,61.15602569675561,63.24930191040039,10471300,0.0,0.0
2016-06-27 00:00:00-04:00,63.019537499940576,63.87897403244706,62.28774108486315,63.725807189941406,7657800,0.0,0.0
2016-06-28 00:00:00-04:00,63.93001078816346,64.88304939177534,62.75573629696303,63.9470329284668,8012300,0.0,0.0
2016-06-29 00:00:00-04:00,64.56819050583853,66.57637414472514,64.55968592960298,66.49979400634766,7123700,0.0,0.0
2016-06-30 00:00:00-04:00,66.54234925245068,67.06141415324713,65.91266641077985,67.01036071777344,4017200,0.0,0.0
2016-07-01 00:00:00-04:00,67.12951142839422,67.50392072168138,66.68703302982,67.1805648803711,2909600,0.0,0.0
2016-07-05 00:00:00-04:00,67.06145318549531,67.98896558606037,67.01039972030662,67.7677230834961,3286600,0.0,0.0
2016-07-06 00:00:00-04:00,67.49541156031209,68.41441267419742,67.30820690836732,68.09105682373047,4669800,0.0,0.0
2016-07-07 00:00:00-04:00,67.92938858452315,68.11659324527011,66.92529617037317,67.49541473388672,3587300,0.0,0.0
2016-07-08 00:00:00-04:00,67.49541095566167,67.98894930781357,67.16355052729487,67.78472900390625,3134900,0.0,0.0
2016-07-11 00:00:00-04:00,67.68263386108018,67.8783431449306,67.18058430067403,67.3422622680664,3461400,0.0,0.0
2016-07-12 00:00:00-04:00,67.75918272725346,67.93787627024147,67.19757537672616,67.79322052001953,4430000,0.0,0.0
2016-07-13 00:00:00-04:00,67.99746109346601,68.09956800046685,67.50392273614042,67.52944946289062,2917200,0.0,0.0
2016-07-14 00:00:00-04:00,67.64858220490743,68.66118570153021,67.5634909470842,68.57608795166016,3823800,0.0,0.0
2016-07-15 00:00:00-04:00,68.90792783050705,68.92494347857017,68.02296481420602,68.26122283935547,4529100,0.0,0.0
2016-07-18 00:00:00-04:00,68.38888013093121,68.57607827490808,67.95490633760983,68.03148651123047,3087600,0.0,0.0
2016-07-19 00:00:00-04:00,67.94640953756304,68.28678108436812,67.71666247639682,68.04852294921875,3303700,0.0,0.0
2016-07-20 00:00:00-04:00,68.30379056252885,68.51652194853554,68.06553244892882,68.31230163574219,2811100,0.0,0.0
2016-07-21 00:00:00-04:00,68.24420923122946,68.5845806634442,68.09104241133508,68.41439819335938,2685900,0.0,0.0
2016-07-22 00:00:00-04:00,68.41442767152299,69.52913826258481,68.31231425024677,69.4270248413086,4315900,0.0,0.0
2016-07-25 00:00:00-04:00,69.42700607938767,69.77588863876363,68.9249631675592,69.75887298583984,4180100,0.0,0.0
2016-07-26 00:00:00-04:00,70.41406895638355,70.92462284073989,69.46103027808546,69.85245513916016,5134900,0.0,0.0
2016-07-27 00:00:00-04:00,69.98862790281761,71.12886504669318,69.90353664450623,70.96719360351562,4057200,0.0,0.0
2016-07-28 00:00:00-04:00,70.83956433517045,70.95869341348738,69.7333583313156,70.56726837158203,4862000,0.0,0.0
2016-07-29 00:00:00-04:00,70.68640053453353,71.00974997664024,70.32050220886494,70.53323364257812,3016200,0.0,0.0
2016-08-01 00:00:00-04:00,70.64383232399696,71.29904859612428,70.57576321778791,70.77998352050781,3131100,0.0,0.0
2016-08-02 00:00:00-04:00,70.74594965753987,71.22246588774749,70.26092235406519,70.89911651611328,3340100,0.0,0.0
2016-08-03 00:00:00-04:00,70.98419498514409,70.98419498514409,70.08221614272539,70.3885498046875,2940900,0.0,0.0
2016-08-04 00:00:00-04:00,70.64381652290332,70.64381652290332,70.09072026391806,70.13326263427734,2093800,0.0,0.0
2016-08-05 00:00:00-04:00,70.13327036715819,70.21836160930384,68.95899564463866,69.40147399902344,5886900,0.0,0.0
2016-08-08 00:00:00-04:00,69.29936404501557,69.6482400700201,68.46545432790398,69.43550872802734,4227300,0.0,0.0
2016-08-09 00:00:00-04:00,69.56315708745477,69.89501750098536,68.66968274822864,69.35042572021484,2242800,0.0,0.0
2016-08-10 00:00:00-04:00,68.17613981209561,69.0611029348,67.79321951816998,68.54203796386719,4956700,0.0,0.0
2016-08-11 00:00:00-04:00,68.49066631952076,69.0815415689352,68.49066631952076,68.98734283447266,2408000,0.51,0.0
2016-08-12 00:00:00-04:00,68.67048525048189,69.12434822901307,68.42214377416259,68.69617462158203,2525000,0.0,0.0
2016-08-15 00:00:00-04:00,68.79038228392137,69.03872379253691,68.56773014974682,68.73043823242188,2780400,0.0,0.0
2016-08-16 00:00:00-04:00,68.72188655422356,68.85033998530655,68.37078094482422,68.37078094482422,2158700,0.0,0.0
2016-08-17 00:00:00-04:00,68.64481736299696,68.80751894202179,68.14813425491256,68.60199737548828,2519500,0.0,0.0
2016-08-18 00:00:00-04:00,68.59343554912698,68.83321181114201,68.07106303541717,68.31940460205078,3037200,0.0,0.0
2016-08-19 00:00:00-04:00,68.12245008576402,68.32797166801578,67.46305881481187,67.70283508300781,3745500,0.0,0.0
2016-08-22 00:00:00-04:00,67.92547728015683,68.42216035314384,67.66857044008427,67.89978790283203,3157000,0.0,0.0
2016-08-23 00:00:00-04:00,68.23377089375744,68.48211245943621,68.02824931759376,68.13957214355469,3406900,0.0,0.0
2016-08-24 00:00:00-04:00,68.25088324840661,68.4992247714363,66.94923811169141,67.17189025878906,3423000,0.0,0.0
2016-08-25 00:00:00-04:00,67.17191016201659,67.79704027296397,66.62384820170082,66.80368041992188,2800500,0.0,0.0
2016-08-26 00:00:00-04:00,66.8379240304043,67.49730872125191,66.65808530857846,67.00062561035156,2602300,0.0,0.0
2016-08-29 00:00:00-04:00,67.0776956242449,67.4287946724603,66.83791938967586,67.30890655517578,2203300,0.0,0.0
2016-08-30 00:00:00-04:00,67.30890683832683,67.30890683832683,66.47824878406661,66.59813690185547,2025700,0.0,0.0
2016-08-31 00:00:00-04:00,66.70090466500126,66.87217154756033,66.3926190496647,66.58101654052734,2182600,0.0,0.0
2016-09-01 00:00:00-04:00,66.58101711787903,66.7951039896407,65.76748961854982,66.1357192993164,3544700,0.0,0.0
2016-09-02 00:00:00-04:00,66.3840616756358,66.47826043231996,65.46777002431934,65.81031036376953,3943400,0.0,0.0
2016-09-06 00:00:00-04:00,66.04150458569819,67.39452832270707,66.04150458569819,67.23182678222656,5528600,0.0,0.0
2016-09-07 00:00:00-04:00,67.21470531216207,67.55724557739471,67.01774906970648,67.30033874511719,2971400,0.0,0.0
2016-09-08 00:00:00-04:00,68.53346994146757,68.65335803479061,68.00253882344013,68.41358184814453,4405400,0.0,0.0
2016-09-09 00:00:00-04:00,68.18238932479811,68.18238932479811,66.96637092683298,67.00062561035156,4152500,0.0,0.0
2016-09-12 00:00:00-04:00,66.78654840897106,67.8998029175773,66.63240557752425,67.719970703125,3288900,0.0,0.0
2016-09-13 00:00:00-04:00,67.54011353333888,67.54011353333888,66.78652373208045,67.20613861083984,3149000,0.0,0.0
2016-09-14 00:00:00-04:00,67.36884378077431,67.85696150404205,66.81221670217491,67.0434341430664,2660900,0.0,0.0
2016-09-15 00:00:00-04:00,66.89786621253899,67.70282838565146,66.59813937353059,67.49730682373047,2652300,0.0,0.0
2016-09-16 00:00:00-04:00,67.3945160057466,67.57435465108155,66.9406530756395,67.48015594482422,4255100,0.0,0.0
2016-09-19 00:00:00-04:00,67.47160890436032,67.96829193842565,67.21470208441981,67.78845977783203,3321500,0.0,0.0
2016-09-20 00:00:00-04:00,68.19093483717404,68.80750595380239,67.89977988399487,68.40502166748047,3629400,0.0,0.0
2016-09-21 00:00:00-04:00,68.33653886459219,69.3641533377114,68.23377480391487,69.2528305053711,3147600,0.0,0.0
2016-09-22 00:00:00-04:00,69.40695861919242,69.75805765195248,69.132927715546,69.61248016357422,2639800,0.0,0.0
2016-09-23 00:00:00-04:00,69.33845156765302,69.75805997364314,69.16717816379112,69.50115966796875,2197700,0.0,0.0
2016-09-26 00:00:00-04:00,69.36415326141758,69.49260670376957,68.07963190472466,68.09675598144531,4332800,0.0,0.0
2016-09-27 00:00:00-04:00,69.03873741195589,69.30420304476387,68.17382461248708,69.26138305664062,6888900,0.0,0.0
2016-09-28 00:00:00-04:00,69.22713704527274,69.50973332209747,68.52493227260786,69.11581420898438,2467800,0.0,0.0
2016-09-29 00:00:00-04:00,68.80750574888128,68.91026977915048,67.8484009333483,68.2851333618164,3269200,0.0,0.0
2016-09-30 00:00:00-04:00,68.59341952418781,69.0644131669779,68.53347547268831,68.73043823242188,3623000,0.0,0.0
2016-10-03 00:00:00-04:00,68.50779592255016,69.42408743167776,68.2423303040423,69.36414337158203,3983500,0.0,0.0
2016-10-04 00:00:00-04:00,69.41552351918449,69.71525035908334,69.09011383405843,69.45834350585938,3184100,0.0,0.0
2016-10-05 00:00:00-04:00,69.66384560576019,70.29754072434869,69.56108811990904,70.00638580322266,3560400,0.0,0.0
2016-10-06 00:00:00-04:00,69.57822697537355,70.03209005675926,69.13292919743255,69.7666244506836,2994200,0.0,0.0
2016-10-07 00:00:00-04:00,69.85224108647067,70.4859361873275,69.62103021636436,70.29753875732422,4241400,0.0,0.0
2016-10-10 00:00:00-04:00,70.3318161866842,71.28236241224253,70.30612680762793,71.12821960449219,4608400,0.0,0.0
2016-10-11 00:00:00-04:00,70.7342926222554,70.94837946828729,69.57822496036557,70.05777740478516,4218200,0.0,0.0
2016-10-12 00:00:00-04:00,70.05781306531546,70.4089188075639,68.90174481496868,68.94456481933594,3629800,0.0,0.0
2016-10-13 00:00:00-04:00,68.44785317996138,68.9274056699578,68.16525694832235,68.50779724121094,3565000,0.0,0.0
2016-10-14 00:00:00-04:00,68.65335849658912,68.78181189270245,67.83126590823943,67.88264465332031,3143900,0.0,0.0
2016-10-17 00:00:00-04:00,68.10530210286511,68.10530210286511,66.80365703609407,67.24895477294922,3884700,0.0,0.0
2016-10-18 00:00:00-04:00,67.7285139438013,67.77989923144251,67.22327210478413,67.45448303222656,3218300,0.0,0.0
2016-10-19 00:00:00-04:00,67.61719084509939,67.93404173946278,67.24896119672495,67.27465057373047,2988500,0.0,0.0
2016-10-20 00:00:00-04:00,67.42023609059017,67.74564576221263,67.1290745667912,67.42879486083984,2661900,0.0,0.0
2016-10-21 00:00:00-04:00,67.2575579581562,67.46307960374001,66.86363874853086,67.00921630859375,3215000,0.0,0.0
2016-10-24 00:00:00-04:00,67.21468718946089,67.38596054260387,66.31552658574924,66.42684936523438,4363200,0.0,0.0
2016-10-25 00:00:00-04:00,65.83599188122854,67.0348796593804,64.65423471138025,66.58101654052734,8496000,0.0,0.0
2016-10-26 00:00:00-04:00,66.2984011075571,66.49536384554105,65.39924043435441,65.73321533203125,2988700,0.0,0.0
2016-10-27 00:00:00-04:00,66.24703565755577,66.29841441107396,65.19372547654746,65.21942138671875,3789900,0.0,0.0
2016-10-28 00:00:00-04:00,64.75700392008282,64.80838268226128,63.24983040651955,63.82358169555664,5651500,0.0,0.0
2016-10-31 00:00:00-04:00,63.909192567543094,64.00339128720314,63.19842931930496,63.2326774597168,3562100,0.0,0.0
2016-11-01 00:00:00-04:00,63.20700597254677,63.352590010840544,61.52856568076782,62.49624252319336,8190500,0.0,0.0
2016-11-02 00:00:00-04:00,62.64181199457653,62.93296696699925,62.205073002530455,62.21363830566406,4433900,0.0,0.0
2016-11-03 00:00:00-04:00,62.35067291392567,62.75315737160778,61.55426930477567,61.7512321472168,4843200,0.0,0.0
2016-11-04 00:00:00-04:00,61.75978144374011,62.53905423845451,61.374421164967195,62.07662582397461,3617200,0.0,0.0
2016-11-07 00:00:00-05:00,62.70175142555056,63.30975723495753,62.55617395007527,63.266937255859375,4969400,0.0,0.0
2016-11-08 00:00:00-05:00,63.00148704806904,63.77220112596907,62.82165485212788,63.3868408203125,2690800,0.0,0.0
2016-11-09 00:00:00-05:00,66.06719010203201,67.90833795323788,65.57907244226217,67.12905883789062,7332700,0.0,0.0
2016-11-10 00:00:00-05:00,68.05997299394177,68.69781791805136,67.23249689818448,67.52555847167969,6904800,0.51,0.0
2016-11-11 00:00:00-05:00,67.20664061471372,67.31007101858806,66.18953332737738,66.94805145263672,3072700,0.0,0.0
2016-11-14 00:00:00-05:00,67.24114270629401,67.43938876595037,66.1033618394644,66.38780212402344,3221700,0.0,0.0
2016-11-15 00:00:00-05:00,66.74122372507424,66.83603936909377,65.66377920321536,66.64640808105469,3097600,0.0,0.0
2016-11-16 00:00:00-05:00,66.8187844552037,66.8187844552037,66.21541826287455,66.31885528564453,1922300,0.0,0.0
2016-11-17 00:00:00-05:00,66.37054892664696,67.06873051876529,66.13782392133957,66.98253631591797,4519200,0.0,0.0
2016-11-18 00:00:00-05:00,66.8704723160205,67.16353386750092,65.95679551909839,66.08609008789062,4571600,0.0,0.0
2016-11-21 00:00:00-05:00,66.19816532413277,66.4050327412154,65.59479270802993,66.06024932861328,4060300,0.0,0.0
2016-11-22 00:00:00-05:00,67.06873539192864,67.06873539192864,65.07762088383913,65.4999771118164,5208800,0.0,0.0
2016-11-23 00:00:00-05:00,55.458186800988834,58.98358650482602,55.32027740753598,58.612945556640625,53877200,0.0,0.0
2016-11-25 00:00:00-05:00,59.06977791447842,59.5955710156458,58.423311633652474,59.57833480834961,8620700,0.0,0.0
2016-11-28 00:00:00-05:00,58.9835895033531,58.9835895033531,57.837187608105644,57.92338180541992,12507700,0.0,0.0
2016-11-29 00:00:00-05:00,58.24232593247478,58.30266254723783,57.302797705993335,57.880306243896484,8930000,0.0,0.0
2016-11-30 00:00:00-05:00,58.00959481480555,58.457808681098285,57.58723197934452,57.85444259643555,9085300,0.0,0.0
2016-12-01 00:00:00-05:00,58.00097816232831,58.0095995574418,56.59599326392069,56.863197326660156,7168100,0.0,0.0
2016-12-02 00:00:00-05:00,57.14762286443041,58.94910577556351,56.854554725660435,58.36297607421875,12272200,0.0,0.0
2016-12-05 00:00:00-05:00,58.75087783384822,58.880165871035864,57.52689628016181,57.97511672973633,7286000,0.0,0.0
2016-12-06 00:00:00-05:00,57.92337727666836,58.55260736263796,57.863040685646226,58.440555572509766,4617200,0.0,0.0
2016-12-07 00:00:00-05:00,57.96649279731003,58.07854461669922,57.371741547497365,58.07854461669922,5835900,0.0,0.0
2016-12-08 00:00:00-05:00,57.79411405869636,57.98373872878708,57.225220319830136,57.91478729248047,4811400,0.0,0.0
2016-12-09 00:00:00-05:00,58.07854542535764,58.75949089773522,57.94063599774283,58.483665466308594,4350800,0.0,0.0
2016-12-12 00:00:00-05:00,58.595712569394784,59.07840533730526,58.113013225288555,58.27678680419922,5273700,0.0,0.0
2016-12-13 00:00:00-05:00,58.60433955095374,59.38010064341128,58.60433955095374,59.16461181640625,6010900,0.0,0.0
2016-12-14 00:00:00-05:00,58.97497672297907,59.40595434868256,58.21645846917173,58.32851028442383,6140300,0.0,0.0
2016-12-15 00:00:00-05:00,60.65580204168797,61.70738207406386,60.04381451523239,61.517757415771484,14320800,0.0,0.0
2016-12-16 00:00:00-05:00,62.80206035757676,63.53472100852955,61.85391089303804,63.189937591552734,17584700,0.0,0.0
2016-12-19 00:00:00-05:00,63.33645458902403,64.20702438073515,63.18130243015167,63.284732818603516,6102400,0.0,0.0
2016-12-20 00:00:00-05:00,63.48298328884416,63.870860385292715,62.92271125693396,63.25025177001953,6001500,0.0,0.0
2016-12-21 00:00:00-05:00,63.20715682547692,63.68984948365342,63.00890429732914,63.13819885253906,5054100,0.0,0.0
2016-12-22 00:00:00-05:00,63.060652556954786,63.33647798838643,62.64691112170882,63.146846771240234,4827500,0.0,0.0
2016-12-23 00:00:00-05:00,63.33644144174607,63.78465504311864,63.14681033402156,63.60364532470703,2570100,0.0,0.0
2016-12-27 00:00:00-05:00,63.83641092547783,64.18119437968497,63.50887026088963,63.62092208862305,2786700,0.0,0.0
2016-12-28 00:00:00-05:00,63.49163526644813,63.595065701357846,62.896883960927084,62.974456787109375,3256800,0.0,0.0
2016-12-29 00:00:00-05:00,63.258910434842804,63.67265194754499,63.12961580111098,63.40544128417969,3031600,0.0,0.0
2016-12-30 00:00:00-05:00,63.32783919721217,63.5691855613896,63.120971824516545,63.39679718017578,2933900,0.0,0.0
2017-01-03 00:00:00-05:00,63.73296997880176,64.36219359594688,63.38818658147205,64.3018569946289,3622700,0.0,0.0
2017-01-04 00:00:00-05:00,64.60354234741533,64.64664273972043,64.11222812564132,64.4052963256836,3021600,0.0,0.0
2017-01-05 00:00:00-05:00,64.58633276073766,67.12048430517491,64.1553549648102,65.15522003173828,3310800,0.0,0.0
2017-01-06 00:00:00-05:00,65.04311897491107,65.56891201433915,64.67247808771086,65.22412872314453,2296500,0.0,0.0
2017-01-09 00:00:00-05:00,65.22413839425052,66.04299965427865,65.08622900304074,65.7413101196289,3204100,0.0,0.0
2017-01-10 00:00:00-05:00,65.88784747904559,65.9912778784041,65.3448115776323,65.7413101196289,3559400,0.0,0.0
2017-01-11 00:00:00-05:00,65.94820218724296,66.30160044245804,63.78469253165829,64.87075805664062,7701700,0.0,0.0
2017-01-12 00:00:00-05:00,64.51735515152521,66.80153809184051,64.43978232838035,66.4998550415039,11900700,0.0,0.0
2017-01-13 00:00:00-05:00,66.30159065266318,67.33594081103217,65.83613406782655,66.71533203125,5602600,0.0,0.0
2017-01-17 00:00:00-05:00,66.42228181969283,66.42228181969283,65.39655935315221,66.24127197265625,4913300,0.0,0.0
2017-01-18 00:00:00-05:00,66.64639036510722,66.98255244047262,66.26712788984464,66.82740020751953,3360300,0.0,0.0
2017-01-19 00:00:00-05:00,66.77567149172162,66.9049660890821,66.16368407882483,66.23263549804688,4439200,0.0,0.0
2017-01-20 00:00:00-05:00,66.38780459064988,66.72397325979688,65.91373304797223,66.20679473876953,4371200,0.0,0.0
2017-01-23 00:00:00-05:00,65.7154810732492,66.2671320301719,65.64652963578246,65.78443908691406,5055100,0.0,0.0
2017-01-24 00:00:00-05:00,65.68097975015576,65.87923232803296,63.93121184916223,64.51734161376953,6594300,0.0,0.0
2017-01-25 00:00:00-05:00,64.75007318676431,65.16380797578364,64.01740604885826,64.51734161376953,4830800,0.0,0.0
2017-01-26 00:00:00-05:00,64.62940559726596,64.94832482142077,64.25014319427486,64.28462219238281,3748000,0.0,0.0
2017-01-27 00:00:00-05:00,64.57766835109831,64.99140965314122,64.2242702134446,64.97416687011719,3132800,0.0,0.0
2017-01-30 00:00:00-05:00,64.72420824282452,64.8017876249706,64.00016908250552,64.38804626464844,5909600,0.0,0.0
2017-01-31 00:00:00-05:00,64.00018102850936,66.61190453546104,63.78469220349754,66.39641571044922,6964100,0.0,0.0
2017-02-01 00:00:00-05:00,67.13769364076994,67.72382347158606,66.29298118165642,66.88772583007812,4959200,0.0,0.0
2017-02-02 00:00:00-05:00,66.36191983842946,67.15492351078117,65.98266407463905,66.70670318603516,3830900,0.0,0.0
2017-02-03 00:00:00-05:00,66.77568458930641,67.12908287679885,66.12059665673307,66.56881713867188,3836300,0.0,0.0
2017-02-06 00:00:00-05:00,66.30160078861883,67.10321948902009,66.16369135880419,67.08598327636719,2835500,0.0,0.0
2017-02-07 00:00:00-05:00,66.95669414482312,67.24114099835496,66.64638968209704,66.97393035888672,3346800,0.0,0.0
2017-02-08 00:00:00-05:00,66.74983061247389,67.79279589376904,66.53434175494519,67.32733917236328,2820800,0.0,0.0
2017-02-09 00:00:00-05:00,67.3273352210683,67.7410701205713,66.96531553995375,66.97393035888672,2962600,0.0,0.0
2017-02-10 00:00:00-05:00,67.12044113558166,67.44798168239181,66.88770959279428,67.05148315429688,2598600,0.0,0.0
2017-02-13 00:00:00-05:00,67.31181069669076,67.73700914425551,67.27709967355986,67.48535919189453,2097500,0.52,0.0
2017-02-14 00:00:00-05:00,67.25107465945077,68.40519146509548,67.03413570893642,68.38783264160156,3311200,0.0,0.0
2017-02-15 00:00:00-05:00,67.97999602929627,69.88906303776437,67.72835263688657,69.63741302490234,4272800,0.0,0.0
2017-02-16 00:00:00-05:00,69.46385671914028,69.75021111100017,68.90849351854014,69.4551773071289,3629600,0.0,0.0
2017-02-17 00:00:00-05:00,69.54194929459076,70.28821981235808,69.48120665339815,69.7588882446289,3111100,0.0,0.0
2017-02-21 00:00:00-05:00,69.56798864098539,70.17542174087204,69.51592540573446,69.73286437988281,3178800,0.0,0.0
2017-02-22 00:00:00-05:00,69.78492586314384,70.47045379869633,69.70683101222805,70.34896850585938,3468800,0.0,0.0
2017-02-23 00:00:00-05:00,70.6179905730098,71.91962475136518,70.40973095820002,71.63327026367188,6193500,0.0,0.0
2017-02-24 00:00:00-05:00,71.52044031753965,72.23199989697403,71.36424398934908,71.91093444824219,4016000,0.0,0.0
2017-02-27 00:00:00-05:00,71.87621789869159,72.37083846324182,71.7287009946305,72.07579803466797,3104200,0.0,0.0
2017-02-28 00:00:00-05:00,71.86755087359336,72.44027300518215,71.65929128958507,71.85887145996094,3672000,0.0,0.0
2017-03-01 00:00:00-05:00,72.40554558848774,73.01297199626312,71.99769930593085,72.76132202148438,3420600,0.0,0.0
2017-03-02 00:00:00-05:00,72.7786931016541,72.84810854533934,71.8848989218996,71.94564819335938,3371600,0.0,0.0
2017-03-03 00:00:00-05:00,71.76339143800998,72.80470221685128,71.6766171948858,72.70056915283203,2649100,0.0,0.0
2017-03-06 00:00:00-05:00,72.24067280828514,73.13446025342772,71.98034341124583,72.74397277832031,3960100,0.0,0.0
2017-03-07 00:00:00-05:00,71.98033888018998,72.1452145959663,70.60928978738295,71.79811096191406,5570600,0.0,0.0
2017-03-08 00:00:00-05:00,71.79813030300349,72.88282531383153,71.73738764721523,72.37953186035156,4491800,0.0,0.0
2017-03-09 00:00:00-05:00,72.60513732652453,73.55966752875145,72.46629981987724,73.36876678466797,5861600,0.0,0.0
2017-03-10 00:00:00-05:00,73.32538087735142,73.36877132486825,72.80472860941344,73.20389556884766,3629400,0.0,0.0
2017-03-13 00:00:00-04:00,73.33406497785427,73.36877601399561,72.7439906043578,73.01299285888672,2248500,0.0,0.0
2017-03-14 00:00:00-04:00,72.89148256589385,73.36875087373187,72.82206051739907,73.2906494140625,2839100,0.0,0.0
2017-03-15 00:00:00-04:00,73.26464454250998,74.74850661332685,73.21258129736133,74.52288818359375,4883900,0.0,0.0
2017-03-16 00:00:00-04:00,74.2278329197626,74.2278329197626,72.71793966128376,73.75056457519531,4742800,0.0,0.0
2017-03-17 00:00:00-04:00,73.27332207650883,73.54232433014488,72.7439903629034,72.85679626464844,5786900,0.0,0.0
2017-03-20 00:00:00-04:00,73.41214671267011,73.6377650970061,72.86546288724844,72.94355773925781,3121900,0.0,0.0
2017-03-21 00:00:00-04:00,73.1865209920915,73.71585255971247,72.57041516856327,72.65719604492188,4066200,0.0,0.0
2017-03-22 00:00:00-04:00,72.96959774498126,73.36877132486825,72.43159327030823,73.20389556884766,2850300,0.0,0.0
2017-03-23 00:00:00-04:00,72.82205022843695,73.8026183186422,72.82205022843695,73.25592803955078,3021100,0.0,0.0
2017-03-24 00:00:00-04:00,73.15182443574851,73.74189870786843,72.77000972424382,73.04769134521484,2479100,0.0,0.0
2017-03-27 00:00:00-04:00,72.80470531145417,73.27329418878283,72.66586122019353,73.09973907470703,2340300,0.0,0.0
2017-03-28 00:00:00-04:00,73.12579446270509,73.75925924925677,72.9262142921901,73.54232025146484,2755000,0.0,0.0
2017-03-29 00:00:00-04:00,73.368746196987,73.55097409733187,73.16915947539947,73.2732925415039,2066600,0.0,0.0
2017-03-30 00:00:00-04:00,73.38610390233806,73.71584870572656,72.96090543630667,73.55097961425781,3204100,0.0,0.0
2017-03-31 00:00:00-04:00,73.23860375617201,73.70719276523917,72.96092211603435,72.98695373535156,3151900,0.0,0.0
2017-04-03 00:00:00-04:00,73.0043008012885,73.59437507259133,72.95223756631978,73.281982421875,2429900,0.0,0.0
2017-04-04 00:00:00-04:00,73.35138896790623,74.96541511508104,73.1431294516274,74.70508575439453,4624600,0.0,0.0
2017-04-05 00:00:00-04:00,74.55759639286107,75.25180386396383,74.25388310692354,74.30594635009766,4056300,0.0,0.0
2017-04-06 00:00:00-04:00,74.16707840949827,74.54021361360022,73.8633652481247,74.07162475585938,2684600,0.0,0.0
2017-04-07 00:00:00-04:00,74.05430899765662,74.33199733004628,73.68118019703003,74.03695678710938,2808500,0.0,0.0
2017-04-10 00:00:00-04:00,74.1584119576586,74.4968361995334,73.95883182550246,74.1670913696289,1994900,0.0,0.0
2017-04-11 00:00:00-04:00,74.16708680192889,74.74848157955367,74.03692211219693,74.56625366210938,2699200,0.0,0.0
2017-04-12 00:00:00-04:00,74.4013834054872,74.92203558216114,74.34064076188277,74.84394073486328,2545100,0.0,0.0
2017-04-13 00:00:00-04:00,74.65305291691874,74.90470296922616,74.4361139015282,74.52288818359375,2172500,0.0,0.0
2017-04-17 00:00:00-04:00,70.54854657568508,72.01504932147184,70.38367086124619,71.4857177734375,12424500,0.0,0.0
2017-04-18 00:00:00-04:00,71.07788925103328,71.2427583708315,70.19277452179178,70.46177673339844,8210800,0.0,0.0
2017-04-19 00:00:00-04:00,70.39235867505248,70.90433146138864,69.31633662773423,70.1927719116211,5504500,0.0,0.0
2017-04-20 00:00:00-04:00,70.4530879441091,71.32951644113412,70.07127331462452,71.1039047241211,3267200,0.0,0.0
2017-04-21 00:00:00-04:00,70.99975847525957,71.36421421549902,70.86959381933137,71.06050109863281,3204000,0.0,0.0
2017-04-24 00:00:00-04:00,71.86753903863703,72.65720003782725,71.78076477796107,72.38819122314453,4813600,0.0,0.0
2017-04-25 00:00:00-04:00,71.77209000173323,71.77209000173323,69.85435024897947,70.46177673339844,9221100,0.0,0.0
2017-04-26 00:00:00-04:00,70.58325434563244,70.90432637841316,70.22747790647945,70.25350952148438,4421700,0.0,0.0
2017-04-27 00:00:00-04:00,70.26218472927258,70.80886847302025,70.01921417649584,70.57457733154297,3219200,0.0,0.0
2017-04-28 00:00:00-04:00,70.60931402991419,71.3729369906454,70.46179046598769,71.20806121826172,3161800,0.0,0.0
2017-05-01 00:00:00-04:00,71.23410817161941,71.34692072245674,70.9390742211784,70.99981689453125,2397200,0.0,0.0
2017-05-02 00:00:00-04:00,71.13861466757041,71.13861466757041,70.72208902168373,70.89563751220703,3626500,0.0,0.0
2017-05-03 00:00:00-04:00,70.51385214293948,70.77417496228448,70.49649331604489,70.50517272949219,3373200,0.0,0.0
2017-05-04 00:00:00-04:00,70.59193176729647,72.11050439065144,70.5398685387544,72.05844116210938,3567100,0.0,0.0
2017-05-05 00:00:00-04:00,72.07581071339176,72.11920116125502,71.2167341334126,71.59854888916016,3135600,0.0,0.0
2017-05-08 00:00:00-04:00,71.46836326172165,71.51175369689332,69.73285178206926,70.0018539428711,4712900,0.0,0.0
2017-05-09 00:00:00-04:00,70.13201916194899,70.23615223488336,69.72417290185302,70.10598754882812,3988100,0.0,0.0
2017-05-10 00:00:00-04:00,70.1493999145673,70.38369776891575,69.58536374618441,70.33163452148438,4018500,0.0,0.0
2017-05-11 00:00:00-04:00,70.49754685484243,70.74208633408264,69.79012812372594,70.06086730957031,3920500,0.52,0.0
2017-05-12 00:00:00-04:00,70.15693006629444,70.40146952017236,69.64164479145134,70.03466033935547,2935200,0.0,0.0
2017-05-15 00:00:00-04:00,70.03466727212538,70.29667100013032,69.37091250075102,70.1307373046875,2559100,0.0,0.0
2017-05-16 00:00:00-04:00,70.06960338004872,70.13073825039437,68.47135463118234,68.98663330078125,7170100,0.0,0.0
2017-05-17 00:00:00-04:00,68.98661641442732,69.02155156938794,68.05212267462878,68.2442626953125,4486000,0.0,0.0
2017-05-18 00:00:00-04:00,68.61981430606319,68.94295952512655,68.15693511605363,68.3840103149414,2928200,0.0,0.0
2017-05-19 00:00:00-04:00,68.55869833316368,68.74210296861084,67.88621466985747,67.94734954833984,5091800,0.0,0.0
2017-05-22 00:00:00-04:00,68.03469012065209,68.13076017574528,67.11766019956345,67.231201171875,6936500,0.0,0.0
2017-05-23 00:00:00-04:00,67.41459789707409,68.43642654851939,67.26612177098573,68.11328125,5884800,0.0,0.0
2017-05-24 00:00:00-04:00,68.11328161886604,68.3665565845039,67.94734790311851,68.08708190917969,2253800,0.0,0.0
2017-05-25 00:00:00-04:00,68.3927532333807,68.52375843915141,67.9124096964902,68.41895294189453,1736700,0.0,0.0
2017-05-26 00:00:00-04:00,68.22683007414835,68.42769897928001,67.877485025812,68.16569519042969,2238900,0.0,0.0
2017-05-30 00:00:00-04:00,68.078351193737,68.70717092281915,67.903682008193,68.42769622802734,3244900,0.0,0.0
2017-05-31 00:00:00-04:00,68.54122868029138,69.79013252506014,68.54122868029138,69.4931869506836,5163900,0.0,0.0
2017-06-01 00:00:00-04:00,69.51939105507593,70.06961161606111,69.32725096477647,69.86000061035156,3093100,0.0,0.0
2017-06-02 00:00:00-04:00,70.27920721392097,70.79448587997126,69.78139279790581,69.98226165771484,4005700,0.0,0.0
2017-06-05 00:00:00-04:00,69.86872537573207,69.9298602439078,68.97790205899987,69.30104064941406,2814800,0.0,0.0
2017-06-06 00:00:00-04:00,69.35346360497074,69.39712757103779,68.77704328198452,69.07398223876953,2688000,0.0,0.0
2017-06-07 00:00:00-04:00,69.1350991860952,69.46697319557141,69.07395766159155,69.33596801757812,2899900,0.0,0.0
2017-06-08 00:00:00-04:00,69.33599328132395,70.270487452148,69.29232265168068,69.9560775756836,4610400,0.0,0.0
2017-06-09 00:00:00-04:00,69.95607869880342,70.90804380204926,69.60673364565629,70.77703857421875,4599300,0.0,0.0
2017-06-12 00:00:00-04:00,70.70713878391143,70.99534883246866,70.6023333126543,70.65473937988281,2842400,0.0,0.0
2017-06-13 00:00:00-04:00,70.92548354161187,70.99535386073188,70.07832424608274,70.96041870117188,4492900,0.0,0.0
2017-06-14 00:00:00-04:00,70.65474934523428,71.27483347876442,70.54120840289158,71.26609802246094,4025600,0.0,0.0
2017-06-15 00:00:00-04:00,71.08268329722165,71.74643795455063,70.70713868805919,71.65910339355469,3484800,0.0,0.0
2017-06-16 00:00:00-04:00,71.82506815039967,72.10454286447894,71.31852481208291,71.51065826416016,4903200,0.0,0.0
2017-06-19 00:00:00-04:00,71.63291699160449,72.27920758212761,71.5019184452028,71.91239166259766,2538000,0.0,0.0
2017-06-20 00:00:00-04:00,71.8075903821202,73.08269394158943,71.8075903821202,72.27046966552734,3694700,0.0,0.0
2017-06-21 00:00:00-04:00,72.57616008666314,72.84690601403086,71.94734029345199,72.1744155883789,3781400,0.0,0.0
2017-06-22 00:00:00-04:00,72.34905760516183,74.02591197801502,72.34905760516183,73.63289642333984,4891600,0.0,0.0
2017-06-23 00:00:00-04:00,73.46696590698237,73.65909930147491,73.10888549706284,73.2660903930664,3928000,0.0,0.0
2017-06-26 00:00:00-04:00,73.44077196101314,73.75518180620351,73.06523390152667,73.6067123413086,2952800,0.0,0.0
2017-06-27 00:00:00-04:00,73.51937928122817,73.65038449664603,72.52375030517578,72.52375030517578,2365800,0.0,0.0
2017-06-28 00:00:00-04:00,72.88178506990404,73.29226474878436,72.40144175500886,72.57611083984375,3035300,0.0,0.0
2017-06-29 00:00:00-04:00,72.56739321579303,72.68093414571031,71.88617428908978,72.2267837524414,2366800,0.0,0.0
2017-06-30 00:00:00-04:00,72.46259797193383,72.60233194837286,71.61543866792074,71.87744903564453,5713900,0.0,0.0
2017-07-03 00:00:00-04:00,71.97351551616465,72.41019499873855,71.89490974443729,72.2267837524414,1464700,0.0,0.0
2017-07-05 00:00:00-04:00,72.16564889140906,72.27918982132636,71.64163484496042,72.2267837524414,2263600,0.0,0.0
2017-07-06 00:00:00-04:00,71.89491761229455,72.11325737747562,71.06522916988682,71.26609802246094,3391000,0.0,0.0
2017-07-07 00:00:00-04:00,71.28357957880647,71.92112805693854,71.11763920026712,71.86872863769531,1803700,0.0,0.0
2017-07-10 00:00:00-04:00,71.90367123970432,72.11327560155199,71.51939102364815,71.86000061035156,2269700,0.0,0.0
2017-07-11 00:00:00-04:00,71.95606248620709,72.3490714529044,71.51064743760217,71.92112731933594,2708900,0.0,0.0
2017-07-12 00:00:00-04:00,72.2530001389932,73.37962749666565,72.14819464988834,72.92548370361328,3527000,0.0,0.0
2017-07-13 00:00:00-04:00,72.97790940584073,73.56306526846922,72.62857097604893,73.37965393066406,2944100,0.0,0.0
2017-07-14 00:00:00-04:00,73.45823473114159,73.86871457591387,73.1962243348015,73.66783905029297,2005700,0.0,0.0
2017-07-17 00:00:00-04:00,73.63290905100482,73.82504913337031,72.85561992740013,73.04776000976562,1989100,0.0,0.0
2017-07-18 00:00:00-04:00,72.93422498274448,73.16129356579776,72.68095002792207,73.10015869140625,1704500,0.0,0.0
2017-07-19 00:00:00-04:00,72.94294328245697,73.60669801121398,72.94294328245697,73.56303405761719,2297400,0.0,0.0
2017-07-20 00:00:00-04:00,73.82505655359576,74.34034197747702,73.72025770773688,74.01719665527344,2980600,0.0,0.0
2017-07-21 00:00:00-04:00,73.90364821102061,74.2005871017431,73.63290236354895,73.93858337402344,3064400,0.0,0.0
2017-07-24 00:00:00-04:00,73.93861256693557,74.69843100684007,73.8076073197509,74.00847625732422,3952200,0.0,0.0
2017-07-25 00:00:00-04:00,73.13508217738715,73.71150232662421,70.54120483222137,71.78137969970703,13319900,0.0,0.0
2017-07-26 00:00:00-04:00,71.23989637027363,71.51063553947651,70.77701714684908,71.47570037841797,7030500,0.0,0.0
2017-07-27 00:00:00-04:00,71.40584366630706,72.53247773304861,71.14383326447832,72.50627136230469,5577400,0.0,0.0
2017-07-28 00:00:00-04:00,72.37524205860348,72.68091628866377,72.0520969221406,72.57611083984375,3820100,0.0,0.0
2017-07-31 00:00:00-04:00,72.78574947748909,73.15256539014061,72.16566527107574,72.1918716430664,4083000,0.0,0.0
2017-08-01 00:00:00-04:00,72.36652741919151,72.61980232928701,71.72024362358252,71.93858337402344,3439400,0.0,0.0
2017-08-02 00:00:00-04:00,71.66785630269015,71.76392635107463,70.80323253043201,71.458251953125,4574400,0.0,0.0
2017-08-03 00:00:00-04:00,71.24864689415638,71.85999568396862,71.17877655726296,71.5543212890625,3688300,0.0,0.0
2017-08-04 00:00:00-04:00,71.52811092971622,71.89492014899452,71.4058411899568,71.88618469238281,2802600,0.0,0.0
2017-08-07 00:00:00-04:00,71.8861866584315,71.96479244368443,71.37090797866718,71.67658233642578,2769700,0.0,0.0
2017-08-08 00:00:00-04:00,71.5019140772267,72.24426800202754,71.29230308938543,71.58924865722656,3292600,0.0,0.0
2017-08-09 00:00:00-04:00,71.72897823762806,72.26172780499793,71.58924425086924,72.1132583618164,2392100,0.0,0.0
2017-08-10 00:00:00-04:00,72.08704740667474,72.08704740667474,71.31849394143057,71.65910339355469,3367500,0.0,0.0
2017-08-11 00:00:00-04:00,71.89643213510793,72.04584853316034,71.29875983719874,71.32512664794922,2446400,0.52,0.0
2017-08-14 00:00:00-04:00,71.49211402209554,71.7909535044105,71.35148880536433,71.62395477294922,1879600,0.0,0.0
2017-08-15 00:00:00-04:00,71.63274740466595,72.37104489537715,71.63274740466595,71.81732177734375,1949500,0.0,0.0
2017-08-16 00:00:00-04:00,72.1952594453901,72.24799306288403,70.33192672744858,70.92081451416016,3970500,0.0,0.0
2017-08-17 00:00:00-04:00,70.66592966288304,70.81534606116062,68.29281610627042,68.3807144165039,7318200,0.0,0.0
2017-08-18 00:00:00-04:00,68.29282077677681,68.29282077677681,67.62483917207668,67.73909759521484,4061300,0.0,0.0
2017-08-21 00:00:00-04:00,67.78301889218316,68.24005910257662,67.58086223589355,68.01153564453125,3638100,0.0,0.0
2017-08-22 00:00:00-04:00,68.14338992964777,69.12779319398776,68.14338992964777,68.7850112915039,2131900,0.0,0.0
2017-08-23 00:00:00-04:00,68.73226641480753,69.0135235137288,68.60043238851488,68.68832397460938,1801500,0.0,0.0
2017-08-24 00:00:00-04:00,68.84653880948639,69.64636104513382,68.78501402212889,69.31237030029297,4188400,0.0,0.0
2017-08-25 00:00:00-04:00,69.40027854018538,69.90126813044996,69.20691296048669,69.25086212158203,2171500,0.0,0.0
2017-08-28 00:00:00-04:00,69.5233233563841,69.8133717059567,69.1102254110595,69.2947998046875,1923200,0.0,0.0
2017-08-29 00:00:00-04:00,69.03111056247995,69.29478533874676,68.66196185228722,69.03990173339844,2154300,0.0,0.0
2017-08-30 00:00:00-04:00,69.52332929866647,70.99114010609323,69.21570528299328,70.74504089355469,5036900,0.0,0.0
2017-08-31 00:00:00-04:00,70.99114921006284,71.50093004752493,70.61320916928253,71.44819641113281,3939500,0.0,0.0
2017-09-01 00:00:00-04:00,71.66790253450233,71.81731891991099,69.81336100405674,70.3846664428711,4345000,0.0,0.0
2017-09-05 00:00:00-04:00,69.84852684104393,70.35830754875738,69.47937806885135,70.1561508178711,3384000,0.0,0.0
2017-09-06 00:00:00-04:00,70.49896027763404,70.90326719141213,70.19133618081403,70.76264190673828,2689200,0.0,0.0
2017-09-07 00:00:00-04:00,70.85931686514928,72.73143476591729,70.63958443383231,71.66793060302734,6249300,0.0,0.0
2017-09-08 00:00:00-04:00,71.72944843400211,73.05663406757552,71.66792362744974,72.88084411621094,3961300,0.0,0.0
2017-09-11 00:00:00-04:00,72.89841110631399,73.25876869571626,71.8700585481572,72.62593841552734,4389200,0.0,0.0
2017-09-12 00:00:00-04:00,72.59957385654002,72.71383898082345,72.01069271309385,72.22163391113281,2566400,0.0,0.0
2017-09-13 00:00:00-04:00,72.03704406602235,72.581982641858,71.96672811319871,72.45014190673828,2454900,0.0,0.0
2017-09-14 00:00:00-04:00,72.36226647968432,73.82128594528601,72.17769209157386,73.0126724243164,3370300,0.0,0.0
2017-09-15 00:00:00-04:00,73.21483380280529,73.45214182951855,72.23043029805706,72.45895385742188,5374500,0.0,0.0
2017-09-18 00:00:00-04:00,72.55563987774353,72.66110713622788,72.13375072670442,72.52926635742188,2200000,0.0,0.0
2017-09-19 00:00:00-04:00,72.63474528000252,72.81052852660996,71.67671518630024,71.83492279052734,2259200,0.0,0.0
2017-09-20 00:00:00-04:00,72.1249483268275,72.44136346443084,71.53606720628218,72.08979034423828,2849900,0.0,0.0
2017-09-21 00:00:00-04:00,72.0810165339438,73.56640296015728,71.96675139721164,73.24120330810547,4426700,0.0,0.0
2017-09-22 00:00:00-04:00,73.24996516169466,73.85642852881041,72.72260891910194,73.75096130371094,3148700,0.0,0.0
2017-09-25 00:00:00-04:00,73.71579792987099,74.40136166561962,73.65427315116786,74.39257049560547,4223800,0.0,0.0
2017-09-26 00:00:00-04:00,74.2080195236165,74.8232675043564,73.83887073517256,74.02344512939453,2347200,0.0,0.0
2017-09-27 00:00:00-04:00,74.12890214387696,74.53321556761928,73.80370255854828,74.40137481689453,3085200,0.0,0.0
2017-09-28 00:00:00-04:00,74.34863535799634,75.21878029948155,73.96191097859102,74.70899963378906,2841000,0.0,0.0
2017-09-29 00:00:00-04:00,74.85840277154956,75.24513378819134,74.17283902801044,75.18360900878906,3506100,0.0,0.0
2017-10-02 00:00:00-04:00,75.39457166994242,76.1856095635255,75.35941368514985,75.89556121826172,3071100,0.0,0.0
2017-10-03 00:00:00-04:00,75.79887745476626,76.0801346237641,75.52641145827768,75.98345184326172,2128800,0.0,0.0
2017-10-04 00:00:00-04:00,76.02740252013925,76.60749921475144,75.83403695526852,76.43170928955078,2317700,0.0,0.0
2017-10-05 00:00:00-04:00,76.2647227364221,78.30383925502912,75.93073188366529,77.0381851196289,5221000,0.0,0.0
2017-10-06 00:00:00-04:00,76.7393127585682,76.8975202960985,76.15043175442138,76.53716278076172,2297200,0.0,0.0
2017-10-09 00:00:00-04:00,76.5899036460648,76.71295321961064,75.99223141497117,76.51080322265625,1701400,0.0,0.0
2017-10-10 00:00:00-04:00,75.04300594746631,76.20319273753302,74.92874751486829,75.72857666015625,4943700,0.0,0.0
2017-10-11 00:00:00-04:00,75.89556113656403,76.1680338419882,75.10452324383246,75.64067077636719,3433200,0.0,0.0
2017-10-12 00:00:00-04:00,75.6758253862453,75.98344935700531,75.50883334823251,75.96587371826172,1941100,0.0,0.0
2017-10-13 00:00:00-04:00,75.93949410057569,76.20316887146018,75.3330307278539,76.07133483886719,3026500,0.0,0.0
2017-10-16 00:00:00-04:00,76.00983705311315,76.23835392790718,75.39458229111926,75.54399871826172,3800700,0.0,0.0
2017-10-17 00:00:00-04:00,75.53520352780293,76.02740190296927,75.0781564316914,75.64067077636719,3643700,0.0,0.0
2017-10-18 00:00:00-04:00,75.8779573606607,76.08010731591607,75.16602016834642,75.35060119628906,4002200,0.0,0.0
2017-10-19 00:00:00-04:00,75.31547670988587,75.92193355098055,75.15726911966543,75.90435791015625,3233400,0.0,0.0
2017-10-20 00:00:00-04:00,76.0449757736891,76.80085566408417,75.8779837321133,76.66902160644531,3223200,0.0,0.0
2017-10-23 00:00:00-04:00,76.87995135145297,77.51278155664498,76.57232741995651,76.62506103515625,4909800,0.0,0.0
2017-10-24 00:00:00-04:00,76.83597347779718,77.63580210638405,73.61030557709917,74.85838317871094,8696100,0.0,0.0
2017-10-25 00:00:00-04:00,75.50881803880509,75.91312470493067,74.427732068525,74.5771484375,3916000,0.0,0.0
2017-10-26 00:00:00-04:00,74.41895997623332,74.8056911063217,73.68066240682825,73.97071075439453,3820700,0.0,0.0
2017-10-27 00:00:00-04:00,73.89158270193738,74.54198847746339,73.46969370616223,73.7070083618164,2892900,0.0,0.0
2017-10-30 00:00:00-04:00,73.61914417858644,73.61914417858644,72.45016621701775,72.6435317993164,4667200,0.0,0.0
2017-10-31 00:00:00-04:00,72.74019198489499,73.03902473325108,71.82610469263757,72.01947021484375,3853300,0.0,0.0
2017-11-01 00:00:00-04:00,72.22164651842492,73.67188175771356,72.07223008980209,72.85447692871094,3309300,0.0,0.0
2017-11-02 00:00:00-04:00,72.55563278649697,73.7597619078445,72.34468487874419,73.0654067993164,2716100,0.0,0.0
2017-11-03 00:00:00-04:00,72.69626013156537,73.46971569869939,72.65231767878167,73.39940643310547,1534800,0.0,0.0
2017-11-06 00:00:00-05:00,73.20603093297252,73.32908051319279,72.88082463913372,72.89840698242188,1861700,0.0,0.0
2017-11-07 00:00:00-05:00,72.98630154867817,73.32029232203867,72.74898684453562,73.1972427368164,2851900,0.0,0.0
2017-11-08 00:00:00-05:00,72.95115407644052,74.17286563837307,72.95115407644052,73.83887481689453,2328700,0.0,0.0
2017-11-09 00:00:00-05:00,73.67187265234408,74.05860378987717,73.50487389646386,73.8212890625,2098600,0.0,0.0
2017-11-10 00:00:00-05:00,73.5400072346478,73.71579710447268,72.57318642055353,73.20601654052734,2692500,0.0,0.0
2017-11-13 00:00:00-05:00,73.24120006790994,73.24120006790994,72.53805375468262,72.8281021118164,2478700,0.0,0.0
2017-11-14 00:00:00-05:00,73.13764679809489,73.50912674523765,72.71309346704153,72.96074676513672,2684800,0.52,0.0
2017-11-15 00:00:00-05:00,72.97846032387466,73.5356803986821,72.01437343477184,72.69542694091797,1838100,0.0,0.0
2017-11-16 00:00:00-05:00,72.89001192179653,73.96907202934855,72.38585176148193,73.801025390625,2599700,0.0,0.0
2017-11-17 00:00:00-05:00,73.41186857302432,73.8364221074077,73.23497520339346,73.3145751953125,4097800,0.0,0.0
2017-11-20 00:00:00-05:00,73.49143821478208,73.69487157908914,73.25263158959675,73.571044921875,2205900,0.0,0.0
2017-11-21 00:00:00-05:00,73.98677224842656,74.76511241794506,73.73911886485469,73.86294555664062,3529900,0.0,0.0
2017-11-22 00:00:00-05:00,74.00443608689123,74.5262827684198,73.83638948440449,74.0132827758789,2230900,0.0,0.0
2017-11-24 00:00:00-05:00,74.18136264240859,74.44670267446551,73.92486255445263,74.3228759765625,817600,0.0,0.0
2017-11-27 00:00:00-05:00,74.4289954110778,75.4019220884157,74.32285537884115,75.01274871826172,2980900,0.0,0.0
2017-11-28 00:00:00-05:00,75.2427156230976,75.49921564068005,74.9508355946713,75.22502899169922,2659400,0.0,0.0
2017-11-29 00:00:00-05:00,74.99505628676124,75.39306956778378,74.69432959270594,75.14541625976562,2316000,0.0,0.0
2017-11-30 00:00:00-05:00,75.40192964912177,75.60536304429559,74.5793628739367,74.86239624023438,5002100,0.0,0.0
2017-12-01 00:00:00-05:00,75.16310149769177,75.5434281075439,74.45551491023102,75.46382141113281,2736300,0.0,0.0
2017-12-04 00:00:00-05:00,75.61421803305414,76.75519841586993,75.49923802475764,75.6938247680664,4228300,0.0,0.0
2017-12-05 00:00:00-05:00,75.70264048540125,76.5782805500614,75.36654051236965,76.11834716796875,3876800,0.0,0.0
2017-12-06 00:00:00-05:00,76.10064799023833,76.41021459173523,74.76508151172793,75.46382141113281,3130900,0.0,0.0
2017-12-07 00:00:00-05:00,75.3665572103695,75.9503173828125,74.87125045657429,75.9503173828125,4344900,0.0,0.0
2017-12-08 00:00:00-05:00,75.76454658646794,76.47212641200342,75.59649325693213,76.4632797241211,3777100,0.0,0.0
2017-12-11 00:00:00-05:00,76.60481604792871,76.80824267621387,76.12719602127856,76.65788269042969,3336800,0.0,0.0
2017-12-12 00:00:00-05:00,76.49868112270664,76.86132119880249,76.05644107754442,76.69326782226562,4252500,0.0,0.0
2017-12-13 00:00:00-05:00,76.42791949419555,78.79831939917158,76.36599941651198,77.73694610595703,5786800,0.0,0.0
2017-12-14 00:00:00-05:00,78.02883709515741,78.1261304479881,76.17143019683581,76.50753021240234,4388400,0.0,0.0
2017-12-15 00:00:00-05:00,76.85247439639645,77.48930114018916,76.3040943118977,76.54290771484375,7346400,0.0,0.0
2017-12-18 00:00:00-05:00,76.73749409121605,77.34778076140975,76.05644064661837,76.13604736328125,3796000,0.0,0.0
2017-12-19 00:00:00-05:00,76.10066778127967,76.74633446830987,75.93261440474281,76.69326782226562,4027600,0.0,0.0
2017-12-20 00:00:00-05:00,76.6667483725616,76.89671512711317,75.74688810240413,75.83533477783203,3016900,0.0,0.0
2017-12-21 00:00:00-05:00,76.091839912538,76.22451330851347,75.56999976923021,75.7203598022461,2024300,0.0,0.0
2017-12-22 00:00:00-05:00,75.71147189840809,75.87067853730939,74.95966539450302,75.2426986694336,1834800,0.0,0.0
2017-12-26 00:00:00-05:00,75.43732095502149,75.56114764955835,75.1454408544494,75.1719741821289,1099900,0.0,0.0
2017-12-27 00:00:00-05:00,75.34889896719962,75.58770574260599,75.16315886453889,75.30467224121094,1332800,0.0,0.0
2017-12-28 00:00:00-05:00,75.44614899843785,75.56997566236771,75.0835089483239,75.22502899169922,1731700,0.0,0.0
2017-12-29 00:00:00-05:00,75.28696918849701,75.57000262819608,74.70320892333984,74.70320892333984,2563800,0.0,0.0
2018-01-02 00:00:00-05:00,74.70320987333244,75.18083007415775,74.34941638219708,74.89779663085938,3456700,0.0,0.0
2018-01-03 00:00:00-05:00,74.95087867745437,75.55232571142524,74.53517174614423,75.30467224121094,3078400,0.0,0.0
2018-01-04 00:00:00-05:00,75.42847370240565,75.88840720559398,74.9508535635787,75.6407470703125,2462500,0.0,0.0
2018-01-05 00:00:00-05:00,76.14491208893357,76.72867237430337,76.00339873820889,76.56946563720703,2946300,0.0,0.0
2018-01-08 00:00:00-05:00,76.67561916553021,76.6933058069556,75.53463847414062,76.18030548095703,3251400,0.0,0.0
2018-01-09 00:00:00-05:00,76.24217382898286,76.43676051001844,75.83531383592978,76.11834716796875,2426000,0.0,0.0
2018-01-10 00:00:00-05:00,75.72033895710682,76.21564563447582,75.61419891993602,76.15373229980469,1674600,0.0,0.0
2018-01-11 00:00:00-05:00,76.2156534592396,76.58713350540475,75.95031346114223,76.41024017333984,2647500,0.0,0.0
2018-01-12 00:00:00-05:00,76.52521633998042,77.31240984805856,76.09182297444686,76.93208312988281,2728900,0.0,0.0
2018-01-16 00:00:00-05:00,76.00336830809944,76.5871216116973,75.31347497291698,75.43730163574219,4878300,0.0,0.0
2018-01-17 00:00:00-05:00,75.88838903668197,76.38369569256308,75.59650900816042,76.25102233886719,4083300,0.0,0.0
2018-01-18 00:00:00-05:00,76.10066885562637,76.18911551629793,75.41961539755519,75.90608215332031,4445800,0.0,0.0
2018-01-19 00:00:00-05:00,76.21565116492093,76.31294451904223,75.46384440420458,75.61420440673828,5826900,0.0,0.0
2018-01-22 00:00:00-05:00,73.63294105739261,75.68493385958074,72.88113460040965,75.56995391845703,6374000,0.0,0.0
2018-01-23 00:00:00-05:00,75.33999990300238,75.9945131547619,74.5085866183036,74.66779327392578,5728100,0.0,0.0
2018-01-24 00:00:00-05:00,75.05700576819636,75.32235258205812,74.54400552702354,74.56169891357422,5977700,0.0,0.0
2018-01-25 00:00:00-05:00,75.01276665202653,75.5346135002257,74.79164659303761,75.18966674804688,5201600,0.0,0.0
2018-01-26 00:00:00-05:00,74.96854451216741,77.3654850722406,74.96854451216741,77.02053833007812,6394100,0.0,0.0
2018-01-29 00:00:00-05:00,76.74633340686356,78.12612691735866,76.64020011624295,77.48045349121094,5324500,0.0,0.0
2018-01-30 00:00:00-05:00,76.63135659382205,76.89670332743749,75.3665497599442,76.14488983154297,5388400,0.0,0.0
2018-01-31 00:00:00-05:00,76.50753647450209,76.71096988744839,71.88170210927242,72.04090881347656,10558500,0.0,0.0
2018-02-01 00:00:00-05:00,72.12051446490939,73.29687472021901,71.89939442059021,72.8900146484375,8410700,0.0,0.0
2018-02-02 00:00:00-05:00,72.42123456076646,73.43838811529274,71.74903448393803,71.8021011352539,5152500,0.0,0.0
2018-02-05 00:00:00-05:00,71.54558630081395,72.18241297730295,67.70694635915626,68.5383529663086,8145200,0.0,0.0
2018-02-06 00:00:00-05:00,67.71579917505944,69.97122629176575,66.96399238550673,68.98060607910156,10558800,0.0,0.0
2018-02-07 00:00:00-05:00,68.77717518689114,69.48475522548472,67.84846837293043,67.85731506347656,8240300,0.0,0.0
2018-02-08 00:00:00-05:00,68.27304556714624,68.67990574931667,65.61960431538681,65.63729095458984,8059600,0.0,0.0
2018-02-09 00:00:00-05:00,66.38905782780054,67.9457443106111,65.1773247074022,67.42390441894531,8939700,0.0,0.0
2018-02-12 00:00:00-05:00,67.82193898262044,68.19341903052934,66.51290537583199,67.44161224365234,6454200,0.0,0.0
2018-02-13 00:00:00-05:00,67.23818134505964,67.74233478546518,66.99937466194054,67.40623474121094,4041200,0.0,0.0
2018-02-14 00:00:00-05:00,67.19504023745588,68.78113072663555,67.13265932326215,68.63855743408203,4361100,0.563,0.0
2018-02-15 00:00:00-05:00,69.2801374542757,69.63656395838902,68.63857110652575,69.52072143554688,4810700,0.0,0.0
2018-02-16 00:00:00-05:00,69.45833031453093,70.97314088685344,69.422693791281,70.36721801757812,4699600,0.0,0.0
2018-02-20 00:00:00-05:00,69.66327280097603,70.12662235150205,68.7722102206608,69.1019058227539,3195000,0.0,0.0
2018-02-21 00:00:00-05:00,69.1375423434907,70.17117819982501,69.1019058227539,69.1019058227539,3871100,0.0,0.0
2018-02-22 00:00:00-05:00,68.7811508178711,69.58310202879694,68.18413347874817,68.7811508178711,7687400,0.0,0.0
2018-02-23 00:00:00-05:00,69.2623149128579,70.2692134364242,69.18211572520464,70.17119598388672,5170300,0.0,0.0
2018-02-26 00:00:00-05:00,70.385044832473,71.70382069583788,70.36722656868275,71.4454116821289,6015900,0.0,0.0
2018-02-27 00:00:00-05:00,71.41866993137471,71.4721315128135,70.11771932964085,70.12662506103516,4860400,0.0,0.0
2018-02-28 00:00:00-05:00,70.19794197115678,70.55436853039913,68.62076345421866,68.62966918945312,6123400,0.0,0.0
2018-03-01 00:00:00-05:00,68.66529854436959,68.94153264063118,67.30197352125292,68.16630554199219,6258400,0.0,0.0
2018-03-02 00:00:00-05:00,68.05936375870428,69.14646129538534,68.0059021743654,68.8167724609375,3216700,0.0,0.0
2018-03-05 00:00:00-05:00,68.52273424619479,69.57418867685274,68.35343012993638,69.23558044433594,3816600,0.0,0.0
2018-03-06 00:00:00-05:00,69.37816135872328,69.50290962701266,68.50491668242681,68.7811508178711,2962700,0.0,0.0
2018-03-07 00:00:00-05:00,68.23759168878155,69.15538529626488,68.20194836055398,69.00390625,2266500,0.0,0.0
2018-03-08 00:00:00-05:00,69.19102823806234,70.41177993125756,69.03063666106893,70.29594421386719,3497200,0.0,0.0
2018-03-09 00:00:00-05:00,70.64347047938935,71.24939356496344,70.28704393523915,70.9375228881836,4399500,0.0,0.0
2018-03-12 00:00:00-04:00,71.13355170059596,71.25829996056324,70.04645389379223,70.42961120605469,5059600,0.0,0.0
2018-03-13 00:00:00-04:00,70.46525953258677,71.16920007703115,70.18902539598785,70.52763366699219,4863200,0.0,0.0
2018-03-14 00:00:00-04:00,70.74147972104528,70.89295877525255,69.52072115875531,69.93952178955078,3167900,0.0,0.0
2018-03-15 00:00:00-04:00,70.01971693842687,71.16027624256878,69.91278695431242,70.17119598388672,3910100,0.0,0.0
2018-03-16 00:00:00-04:00,70.57218474825673,71.7216567993164,70.50090487709664,71.7216567993164,8326300,0.0,0.0
2018-03-19 00:00:00-04:00,71.39195816840052,71.46323802989403,69.64547579381342,70.15338134765625,5117000,0.0,0.0
2018-03-20 00:00:00-04:00,70.42959858988219,70.57216509076221,69.36923177183529,69.83258819580078,3943800,0.0,0.0
2018-03-21 00:00:00-04:00,69.91278600103479,70.39396072558431,69.52962872768627,69.71675109863281,4052000,0.0,0.0
2018-03-22 00:00:00-04:00,69.11081712563652,69.51179939806704,68.08610051427397,68.19302368164062,3816900,0.0,0.0
2018-03-23 00:00:00-04:00,68.40689923790946,68.43363683678403,66.39310187868661,66.6158676147461,4298100,0.0,0.0
2018-03-26 00:00:00-04:00,67.37325145309445,67.92571277580156,66.5178320748269,67.88115692138672,3488700,0.0,0.0
2018-03-27 00:00:00-04:00,67.80096664801653,68.25541058931239,66.95445968910619,67.41781616210938,4070600,0.0,0.0
2018-03-28 00:00:00-04:00,67.77423665996389,69.19994262627709,67.75641839460643,68.6207504272461,4257500,0.0,0.0
2018-03-29 00:00:00-04:00,69.02173598223445,69.32470092336847,68.2643338268057,68.94154357910156,3424000,0.0,0.0
2018-04-02 00:00:00-04:00,68.50488422335533,68.88804137963065,67.18611549822226,67.45343017578125,6282600,0.0,0.0
2018-04-03 00:00:00-04:00,67.94353062477695,69.14646390569301,67.5960167169183,69.09300231933594,3610600,0.0,0.0
2018-04-04 00:00:00-04:00,68.451445881772,70.23357153013708,68.35342842725034,70.03753662109375,3022200,0.0,0.0
2018-04-05 00:00:00-04:00,69.9662471692436,70.26029952106465,69.58308989821695,70.05535888671875,2213100,0.0,0.0
2018-04-06 00:00:00-04:00,69.6632874142514,69.72566153602698,67.98809185922927,68.4781723022461,4012800,0.0,0.0
2018-04-09 00:00:00-04:00,68.852428419179,69.81477799852182,68.01483390228778,68.91480255126953,5377500,0.0,0.0
2018-04-10 00:00:00-04:00,69.58309854022566,70.99989208515338,69.5652802734794,70.59000396728516,3657200,0.0,0.0
2018-04-11 00:00:00-04:00,69.81477311291434,70.3048604009513,69.60983246393164,70.15338134765625,2830000,0.0,0.0
2018-04-12 00:00:00-04:00,70.56326172236464,70.99988056866601,70.22465352467562,70.6523666381836,2121100,0.0,0.0
2018-04-13 00:00:00-04:00,71.17809660842308,71.6860021509866,70.60781693951911,71.03553009033203,2652400,0.0,0.0
2018-04-16 00:00:00-04:00,71.69492592078741,71.95333499849401,70.99098535702201,71.3919677734375,2743000,0.0,0.0
2018-04-17 00:00:00-04:00,71.79292197716745,71.85529609467987,70.8305726227453,71.21372985839844,3782400,0.0,0.0
2018-04-18 00:00:00-04:00,71.24938326660354,71.49887977196529,70.9196875712213,71.03553009033203,4261000,0.0,0.0
2018-04-19 00:00:00-04:00,70.3583154557594,71.062255859375,69.9929832554069,71.062255859375,4989400,0.0,0.0
2018-04-20 00:00:00-04:00,70.96423623487792,71.20482698226853,70.23356505830834,70.44741821289062,5424100,0.0,0.0
2018-04-23 00:00:00-04:00,70.77713369425476,71.54344841088742,70.54545541292437,71.46324920654297,4015900,0.0,0.0
2018-04-24 00:00:00-04:00,72.32755314402239,72.62160544797284,70.32266219607222,71.36520385742188,6394900,0.0,0.0
2018-04-25 00:00:00-04:00,71.52560002900148,73.35228128563921,71.29392862145956,72.30082702636719,5379000,0.0,0.0
2018-04-26 00:00:00-04:00,72.5503529933804,74.45722740527188,72.5503529933804,73.55725860595703,5058700,0.0,0.0
2018-04-27 00:00:00-04:00,73.51269626001064,74.17208096537242,73.40576625443668,73.71764373779297,3209600,0.0,0.0
2018-04-30 00:00:00-04:00,74.0384161252231,74.14534612497276,72.22955945198314,72.23847198486328,5483500,0.0,0.0
2018-05-01 00:00:00-04:00,71.89092530635078,72.11369093920409,70.11771277235337,70.45631408691406,6306100,0.0,0.0
2018-05-02 00:00:00-04:00,70.10882426123203,70.7414780594763,69.91278934944114,70.24248504638672,5166300,0.0,0.0
2018-05-03 00:00:00-04:00,70.0820848794286,70.12663393684335,69.00389979491668,69.53853607177734,4469300,0.0,0.0
2018-05-04 00:00:00-04:00,68.98606203201392,70.05534118713477,68.6920097544856,69.85930633544922,3367500,0.0,0.0
2018-05-07 00:00:00-04:00,69.86824950952814,70.62565166102567,69.707857905824,70.06427764892578,3722600,0.0,0.0
2018-05-08 00:00:00-04:00,69.93062098092254,70.30486577588789,69.65438685278762,70.28704071044922,4591700,0.0,0.0
2018-05-09 00:00:00-04:00,70.35833988177873,70.97317558155858,69.90389580810356,70.63456726074219,3325200,0.0,0.0
2018-05-10 00:00:00-04:00,70.80384892231166,72.32756548698944,70.75929986149359,72.05133819580078,3718400,0.0,0.0
2018-05-11 00:00:00-04:00,72.30975434955327,73.46813201904297,72.19391182381511,73.46813201904297,4393800,0.0,0.0
2018-05-14 00:00:00-04:00,73.60181386131374,74.24338040859054,73.51270890714135,74.02061462402344,4739700,0.0,0.0
2018-05-15 00:00:00-04:00,73.7087394256588,73.90477439194063,72.91569382444364,73.2542953491211,3662700,0.0,0.0
2018-05-16 00:00:00-04:00,73.39157536791262,73.52615101519707,72.63791751737017,72.8353042602539,3614500,0.563,0.0
2018-05-17 00:00:00-04:00,72.70968206110564,73.42744381028189,72.7007080712607,73.26595306396484,2808400,0.0,0.0
2018-05-18 00:00:00-04:00,73.1134224339651,73.83119102649117,73.1134224339651,73.63380432128906,4002300,0.0,0.0
2018-05-21 00:00:00-04:00,73.83120215594197,74.05550401927445,73.27493107062351,73.41848754882812,2505900,0.0,0.0
2018-05-22 00:00:00-04:00,73.69660099051565,74.36950640996533,73.4005209631223,73.76837921142578,2620700,0.0,0.0
2018-05-23 00:00:00-04:00,73.31080677232117,74.39642677073478,73.22108741243916,74.18109893798828,2516900,0.0,0.0
2018-05-24 00:00:00-04:00,74.20801544189453,74.27979366919475,73.66071843774027,74.20801544189453,2481800,0.0,0.0
2018-05-25 00:00:00-04:00,74.27979642977337,74.88989769420238,74.10035085485382,74.26184844970703,2338100,0.0,0.0
2018-05-29 00:00:00-04:00,73.66968687530043,74.1272644834182,73.2569723671513,73.96576690673828,3459300,0.0,0.0
2018-05-30 00:00:00-04:00,74.39642250564454,75.38334909806366,74.38745536177429,75.23979949951172,3475400,0.0,0.0
2018-05-31 00:00:00-04:00,75.2577439629893,76.36131192604087,75.07830524557116,76.29850769042969,9526400,0.0,0.0
2018-06-01 00:00:00-04:00,76.4420500177889,76.87271248179948,75.86783796253988,76.1280288696289,4057700,0.0,0.0
2018-06-04 00:00:00-04:00,75.94859118212418,76.72915706865304,75.68840027156531,76.3254165649414,4263100,0.0,0.0
2018-06-05 00:00:00-04:00,76.48692706120704,76.890667633148,75.84991066017966,76.10112762451172,3667600,0.0,0.0
2018-06-06 00:00:00-04:00,76.1549526139463,77.0970230102539,75.95757275928564,77.0970230102539,2720100,0.0,0.0
2018-06-07 00:00:00-04:00,77.33924526551051,77.44691257617197,76.5497055227663,77.05213928222656,3123600,0.0,0.0
2018-06-08 00:00:00-04:00,77.0072808845187,77.53662974556396,76.64839670415687,77.23158264160156,3172300,0.0,0.0
2018-06-11 00:00:00-04:00,77.4379276960757,77.85961604708241,76.98932423247635,77.03418731689453,3506900,0.0,0.0
2018-06-12 00:00:00-04:00,76.94448976239707,77.17775870096052,76.66635088157518,76.70223999023438,3016900,0.0,0.0
2018-06-13 00:00:00-04:00,76.94448132884665,77.50074533922563,76.80092490994446,76.9085922241211,3052100,0.0,0.0
2018-06-14 00:00:00-04:00,76.8637300791982,77.57252450468268,76.41512653232046,77.47383117675781,3115100,0.0,0.0
2018-06-15 00:00:00-04:00,77.27648095906804,78.29929698062574,77.24956582878758,77.94938659667969,5575200,0.0,0.0
2018-06-18 00:00:00-04:00,77.1418646939816,77.29438824870354,76.2715727656382,77.25849914550781,2903900,0.0,0.0
2018-06-19 00:00:00-04:00,77.0611503538508,77.94041670118577,76.86376361188888,77.89555358886719,3044500,0.0,0.0
2018-06-20 00:00:00-04:00,77.82374810767585,78.20058032186496,77.33925541384484,77.4110336303711,4675500,0.0,0.0
2018-06-21 00:00:00-04:00,76.9983011040325,77.41101548459362,76.43306318296646,77.22260284423828,2856400,0.0,0.0
2018-06-22 00:00:00-04:00,77.17775492818444,77.5186980212063,76.98934225079473,77.0880355834961,3769500,0.0,0.0
2018-06-25 00:00:00-04:00,77.15982136701997,77.70711832200253,76.37028147309906,76.95346069335938,3414100,0.0,0.0
2018-06-26 00:00:00-04:00,76.74708927022209,77.1598036777787,76.22670755607172,76.36128997802734,2840600,0.0,0.0
2018-06-27 00:00:00-04:00,76.18184919460435,76.80091736615823,75.93959947278863,75.96651458740234,3005400,0.0,0.0
2018-06-28 00:00:00-04:00,76.12802794198234,77.1239284605455,76.09213883332313,76.70223999023438,2564600,0.0,0.0
2018-06-29 00:00:00-04:00,77.01626368108107,77.24953947250525,76.37924738289962,76.5586929321289,2964000,0.0,0.0
2018-07-02 00:00:00-04:00,76.3164190370773,77.09699152799261,76.00239798158687,77.03418731689453,2347000,0.0,0.0
2018-07-03 00:00:00-04:00,76.98932923790446,78.07494886897854,76.98932923790446,77.61737823486328,2163500,0.0,0.0
2018-07-05 00:00:00-04:00,77.97626701435013,78.22748388994744,77.27643977428362,77.66223907470703,2675500,0.0,0.0
2018-07-06 00:00:00-04:00,77.90451796506075,78.69405799031024,77.89554397467467,78.40695190429688,2290500,0.0,0.0
2018-07-09 00:00:00-04:00,78.59535092587087,79.2503152068601,78.52357270559713,78.83760070800781,2718300,0.0,0.0
2018-07-10 00:00:00-04:00,79.02601485325516,79.16059730745236,78.65815660145934,78.99909973144531,2227200,0.0,0.0
2018-07-11 00:00:00-04:00,78.74788384706852,79.01704878243548,78.2364759459902,78.5594711303711,2449500,0.0,0.0
2018-07-12 00:00:00-04:00,79.04394847244457,79.84246228759002,78.88245091178891,79.77069091796875,2604500,0.0,0.0
2018-07-13 00:00:00-04:00,79.6989017487928,80.63199787709088,79.43871088987972,80.48844146728516,3335000,0.0,0.0
2018-07-16 00:00:00-04:00,80.4166871280001,80.60509983792642,79.70789254581157,79.91425323486328,3175200,0.0,0.0
2018-07-17 00:00:00-04:00,80.17444891223239,80.72174594039957,80.15650093204562,80.36286163330078,2179400,0.0,0.0
2018-07-18 00:00:00-04:00,80.38976671703385,80.86528545535496,79.91424797871272,80.77556610107422,3021400,0.0,0.0
2018-07-19 00:00:00-04:00,80.59612025343074,80.73070269550473,79.73480220736349,80.23723602294922,3171000,0.0,0.0
2018-07-20 00:00:00-04:00,79.86937533952376,80.1834033097213,79.18750285231351,79.37591552734375,3829800,0.0,0.0
2018-07-23 00:00:00-04:00,79.22339943422558,79.99499818295523,79.10675811595273,79.7437744140625,3145300,0.0,0.0
2018-07-24 00:00:00-04:00,81.69968992690455,84.1221536069876,80.74865243313941,83.7542953491211,9910000,0.0,0.0
2018-07-25 00:00:00-04:00,83.58383533677105,86.71508689649635,83.4671940068996,86.5177001953125,8476800,0.0,0.0
2018-07-26 00:00:00-04:00,86.70610859986223,86.99321464773669,85.082165658305,85.39618682861328,4826100,0.0,0.0
2018-07-27 00:00:00-04:00,85.81789037634374,86.99322989629408,85.25264532556204,86.67023468017578,3975500,0.0,0.0
2018-07-30 00:00:00-04:00,86.47284016714201,88.03398585284589,86.35620567827165,87.94425964355469,5356000,0.0,0.0
2018-07-31 00:00:00-04:00,88.15059661542415,89.00294061308706,87.50460641523266,88.65303039550781,4957800,0.0,0.0
2018-08-01 00:00:00-04:00,88.59024855012738,89.13754556102396,88.32109046215851,88.55435943603516,4971800,0.0,0.0
2018-08-02 00:00:00-04:00,87.88141979770168,90.07060699057058,87.78272648358735,89.24517822265625,4321000,0.0,0.0
2018-08-03 00:00:00-04:00,88.98500512163444,90.3397898303731,88.71584023945022,90.24109649658203,4572100,0.0,0.0
2018-08-06 00:00:00-04:00,90.07960653140702,92.0444856944914,89.9181089575092,91.51513671875,5090900,0.0,0.0
2018-08-07 00:00:00-04:00,91.32672888073458,93.13908455518254,91.22803553337299,91.46131134033203,5095100,0.0,0.0
2018-08-08 00:00:00-04:00,91.38055984020889,92.11626953391966,91.00373442651154,91.75738525390625,3901600,0.0,0.0
2018-08-09 00:00:00-04:00,91.56894373171325,92.16110363416398,91.44333530000786,91.68558502197266,3298100,0.0,0.0
2018-08-10 00:00:00-04:00,91.64972918431735,92.58282561932205,91.50617272732495,91.73944854736328,2783800,0.0,0.0
2018-08-13 00:00:00-04:00,91.91886399301538,92.12522463638949,91.62279085446558,91.90989685058594,2816400,0.0,0.0
2018-08-14 00:00:00-04:00,91.81337533493326,92.77869209654929,91.3622926073935,92.41783142089844,3283900,0.563,0.0
2018-08-15 00:00:00-04:00,92.27347251407338,93.31998764224466,92.09304219410099,93.22074890136719,3143200,0.0,0.0
2018-08-16 00:00:00-04:00,93.1485745255717,94.67323620461993,93.1485745255717,94.14997863769531,4427200,0.0,0.0
2018-08-17 00:00:00-04:00,94.21312883729927,95.55735329671126,93.78911001674587,95.22355651855469,3824300,0.0,0.0
2018-08-20 00:00:00-04:00,95.25061482178326,95.97234293802867,95.25061482178326,95.46713256835938,2765500,0.0,0.0
2018-08-21 00:00:00-04:00,95.64761259580979,95.74685138186287,94.47480121614954,94.79055786132812,2775500,0.0,0.0
2018-08-22 00:00:00-04:00,94.54693087402151,95.29572287903171,93.96052202339456,94.75442504882812,1964400,0.0,0.0
2018-08-23 00:00:00-04:00,94.7183383817581,94.95290330051743,94.17704054713883,94.56497192382812,2043400,0.0,0.0
2018-08-24 00:00:00-04:00,95.24160488312417,95.66562373967615,94.30335200293969,95.42203521728516,3089900,0.0,0.0
2018-08-27 00:00:00-04:00,95.76486730728051,96.07160026738433,94.6732478998309,94.82661437988281,2452500,0.0,0.0
2018-08-28 00:00:00-04:00,94.75443668350685,95.25964713600044,94.35748168056121,94.88976287841797,2516800,0.0,0.0
2018-08-29 00:00:00-04:00,94.18606377030832,95.25963585471763,94.07780145060534,95.02507781982422,2949500,0.0,0.0
2018-08-30 00:00:00-04:00,94.88975565081246,95.39496606482496,94.6732378852322,95.16040802001953,2928600,0.0,0.0
2018-08-31 00:00:00-04:00,94.8536602436697,95.50322036883672,94.24921113724068,95.31376647949219,3278900,0.0,0.0
2018-09-04 00:00:00-04:00,95.00702612356164,95.35887004208311,94.16801211409312,94.38453674316406,3107000,0.0,0.0
2018-09-05 00:00:00-04:00,94.59205140247585,95.72878186095991,94.45672520073165,95.37693786621094,3366600,0.0,0.0
2018-09-06 00:00:00-04:00,95.33181032960188,95.40398520909731,93.51846294236272,95.06116485595703,3180700,0.0,0.0
2018-09-07 00:00:00-04:00,94.86271560982529,96.74823843768849,94.5469590217833,96.55878448486328,3822900,0.0,0.0
2018-09-10 00:00:00-04:00,96.98276295925307,97.28949583594758,95.98135899573352,96.0084228515625,2950800,0.0,0.0
2018-09-11 00:00:00-04:00,95.99944277515618,96.18889672120324,95.19650907575132,95.30477142333984,3516400,0.0,0.0
2018-09-12 00:00:00-04:00,95.45812062731444,96.07159338656042,95.1874751318381,95.60247039794922,3926000,0.0,0.0
2018-09-13 00:00:00-04:00,95.77389365215092,96.27008055186361,95.4671538002221,96.15280151367188,5167400,0.0,0.0
2018-09-14 00:00:00-04:00,96.14377031988123,96.25203265016346,95.08823841078971,95.42203521728516,3103100,0.0,0.0
2018-09-17 00:00:00-04:00,95.27769712086041,96.32420550101064,94.77248665340694,95.36791229248047,4972200,0.0,0.0
2018-09-18 00:00:00-04:00,95.51225689405814,96.70311499060428,94.82660923756914,96.4234390258789,3668800,0.0,0.0
2018-09-19 00:00:00-04:00,96.42344182801635,96.59485546786401,95.17845597184845,95.39497375488281,3270400,0.0,0.0
2018-09-20 00:00:00-04:00,95.37693146073524,95.72877543185452,94.02368330012997,95.69268798828125,3762000,0.0,0.0
2018-09-21 00:00:00-04:00,95.8370385549535,96.41442389094748,95.04312855572968,95.92725372314453,5333700,0.0,0.0
2018-09-24 00:00:00-04:00,95.58444662329254,96.23400698413543,95.2596664428711,95.2596664428711,3095500,0.0,0.0
2018-09-25 00:00:00-04:00,95.63857034457078,96.31519449618858,95.214551441614,95.35889434814453,3775700,0.0,0.0
2018-09-26 00:00:00-04:00,95.68366122308686,96.86550259111732,95.63855708235302,95.9092025756836,3707300,0.0,0.0
2018-09-27 00:00:00-04:00,96.07157697768119,96.68504963214697,95.81897180519081,96.25201416015625,2093700,0.0,0.0
2018-09-28 00:00:00-04:00,96.32419309663133,97.19929460290308,95.90018115632256,96.81136322021484,2812300,0.0,0.0
2018-10-01 00:00:00-04:00,97.13615698546441,97.17224443114384,96.55877162054645,97.07300567626953,2707500,0.0,0.0
2018-10-02 00:00:00-04:00,96.98277089633302,97.5601561445197,96.70310185257934,97.39776611328125,3787900,0.0,0.0
2018-10-03 00:00:00-04:00,97.857876031186,98.88634397340404,97.65037497341642,97.99320220947266,5097200,0.0,0.0
2018-10-04 00:00:00-04:00,102.50402222152087,104.36248050719209,100.17643413290018,101.93565368652344,10940700,0.0,0.0
2018-10-05 00:00:00-04:00,102.92804524464651,104.15499071618845,102.92804524464651,103.76705932617188,8330300,0.0,0.0
2018-10-08 00:00:00-04:00,103.61368768744818,105.2015006094807,103.54151280849776,104.16400909423828,6002300,0.0,0.0
2018-10-09 00:00:00-04:00,103.83022627123407,104.65120019730031,103.05437025728227,104.1550064086914,4716000,0.0,0.0
2018-10-10 00:00:00-04:00,103.71294491204237,104.08283607036466,102.17024273511178,102.25143432617188,5602900,0.0,0.0
2018-10-11 00:00:00-04:00,102.02591077198245,102.2334119014515,96.15281730493453,97.35269927978516,7226300,0.0,0.0
2018-10-12 00:00:00-04:00,98.33604139540296,100.15841271201904,97.82180732581028,99.67124938964844,4519100,0.0,0.0
2018-10-15 00:00:00-04:00,99.68928405286228,100.87111861147956,99.22016103877014,99.79754638671875,3884700,0.0,0.0
2018-10-16 00:00:00-04:00,99.9960210442679,100.33884834049773,99.17505401572203,100.16743469238281,4192800,0.0,0.0
2018-10-17 00:00:00-04:00,100.12232889575132,102.63936455047835,100.01406655931007,102.47697448730469,4402100,0.0,0.0
2018-10-18 00:00:00-04:00,102.78371029287385,103.07240296239478,101.41242183339352,102.224365234375,3619600,0.0,0.0
2018-10-19 00:00:00-04:00,101.83643015025199,102.26947258044015,99.83362869918746,100.97035217285156,4224000,0.0,0.0
2018-10-22 00:00:00-04:00,101.04251621969932,101.69207635381628,100.47415454383459,101.069580078125,2938300,0.0,0.0
2018-10-23 00:00:00-04:00,99.86968824492632,100.555335747214,98.39013781781442,99.59001922607422,3757000,0.0,0.0
2018-10-24 00:00:00-04:00,99.43665097184098,100.2756648960406,95.8009262613007,95.91820526123047,6739400,0.0,0.0
2018-10-25 00:00:00-04:00,96.01747210157505,98.17364704341794,93.978576194004,97.33463287353516,4114800,0.0,0.0
2018-10-26 00:00:00-04:00,96.57680911759269,96.95571693483356,94.78149501037734,95.98137664794922,4464500,0.0,0.0
2018-10-29 00:00:00-04:00,96.93767463822157,98.40820872362413,95.90018987936168,96.89257049560547,3587800,0.0,0.0
2018-10-30 00:00:00-04:00,96.73919572741646,97.8939663006214,96.6038695452181,97.74059295654297,3325900,0.0,0.0
2018-10-31 00:00:00-04:00,98.86831059016811,99.62613316439706,97.74962733418624,97.83082580566406,4349200,0.0,0.0
2018-11-01 00:00:00-04:00,98.10148226515052,98.54354835069232,96.8294323891647,97.30757904052734,3639400,0.0,0.0
2018-11-02 00:00:00-04:00,97.56018483185643,97.78572622584223,95.56639973497927,96.3061752319336,3577200,0.0,0.0
2018-11-05 00:00:00-05:00,99.62612310967998,101.11469736209413,99.02167395747367,99.36449432373047,7368600,0.0,0.0
2018-11-06 00:00:00-05:00,98.33604125204198,98.60669366005477,94.6822681587525,95.5393295288086,6803700,0.0,0.0
2018-11-07 00:00:00-05:00,96.39637091657609,99.94188118826538,96.27909189329516,98.98558807373047,5875400,0.0,0.0
2018-11-08 00:00:00-05:00,98.77809344047681,100.08623747603637,98.34505787785972,99.32841491699219,3666300,0.0,0.0
2018-11-09 00:00:00-05:00,99.61710246759853,101.52969560597849,98.96754227407418,101.23197937011719,5054400,0.0,0.0
2018-11-12 00:00:00-05:00,101.27707612983652,103.48737830980512,101.27707612983652,102.12510681152344,5078900,0.0,0.0
2018-11-13 00:00:00-05:00,103.07241477635671,103.07241477635671,100.88917578268008,101.3943862915039,4239700,0.0,0.0
2018-11-14 00:00:00-05:00,101.8776587287365,102.14060474282182,99.50208250735257,99.5655517578125,5392800,0.563,0.0
2018-11-15 00:00:00-05:00,98.9943135475409,101.7597738661223,98.41402136882684,101.7325668334961,4796800,0.0,0.0
2018-11-16 00:00:00-05:00,101.26109534647965,103.63667152130695,101.25202633441182,103.21051788330078,4766400,0.0,0.0
2018-11-19 00:00:00-05:00,102.4579374691359,105.26872906042719,102.4579374691359,105.00578308105469,4869800,0.0,0.0
2018-11-20 00:00:00-05:00,104.16254853654938,105.35940208431761,103.65479458223219,104.0174789428711,4877300,0.0,0.0
2018-11-21 00:00:00-05:00,103.6185347877358,103.6185347877358,101.6691122266347,101.7597885131836,3619700,0.0,0.0
2018-11-23 00:00:00-05:00,101.42428104582555,103.19235754714747,101.00719651006827,102.34005737304688,1897000,0.0,0.0
2018-11-26 00:00:00-05:00,100.88028209010257,103.00197439752473,100.6173360753347,101.89579010009766,3296200,0.0,0.0
2018-11-27 00:00:00-05:00,101.80511791093117,103.5913328088542,101.2882949079773,103.56413269042969,3263200,0.0,0.0
2018-11-28 00:00:00-05:00,104.0265304085383,105.02390704385057,103.14702323056092,104.75189208984375,4814500,0.0,0.0
2018-11-29 00:00:00-05:00,104.54336280717801,106.92800070629873,104.24414771404834,106.08476257324219,4688300,0.0,0.0
2018-11-30 00:00:00-05:00,106.63785459841057,107.63523132431014,105.37753190445623,107.57176208496094,8965600,0.0,0.0
2018-12-03 00:00:00-05:00,107.57175903207904,107.6170971664539,106.574382334485,107.46295166015625,4290100,0.0,0.0
2018-12-04 00:00:00-05:00,107.58085049941118,108.65982776295706,105.46822028089933,105.6495590209961,5676600,0.0,0.0
2018-12-06 00:00:00-05:00,104.56150466356506,105.1689970053284,102.43981251437528,105.03298950195312,5064400,0.0,0.0
2018-12-07 00:00:00-05:00,104.75191006453929,104.9785869258986,102.24939557819654,102.98383331298828,4128100,0.0,0.0
2018-12-10 00:00:00-05:00,103.0019510032733,103.95399646404049,100.66264443848326,103.44623565673828,3832600,0.0,0.0
2018-12-11 00:00:00-05:00,104.12626269527033,104.83350019792948,103.29209364203464,103.81798553466797,3806800,0.0,0.0
2018-12-12 00:00:00-05:00,104.70655761067682,104.94229651799512,103.60943573665642,103.67290496826172,3758800,0.0,0.0
2018-12-13 00:00:00-05:00,103.92681657450369,104.40737044469053,103.21957891074062,104.14442443847656,3609900,0.0,0.0
2018-12-14 00:00:00-05:00,103.6276081100834,103.89055413322716,100.8621472784248,101.48777770996094,5306100,0.0,0.0
2018-12-17 00:00:00-05:00,100.83493110239273,100.91653836716078,97.67052415123906,98.25081634521484,6121700,0.0,0.0
2018-12-18 00:00:00-05:00,99.22099165885629,99.42953740587424,95.81176987729918,96.56433868408203,6864400,0.0,0.0
2018-12-19 00:00:00-05:00,101.13415427499234,101.13415427499234,97.65239391587137,98.93085479736328,8362800,0.0,0.0
2018-12-20 00:00:00-05:00,98.92177855162058,99.88289312482213,98.03320915018149,99.09405517578125,8362300,0.0,0.0
2018-12-21 00:00:00-05:00,99.09406746132433,101.10695929850723,98.54097531083247,99.2119369506836,13154500,0.0,0.0
2018-12-24 00:00:00-05:00,99.14846131313033,99.20286846578567,96.68221586671292,96.79102325439453,3284000,0.0,0.0
2018-12-26 00:00:00-05:00,96.80010427480435,100.72614288330078,96.5008891097821,100.72614288330078,3792400,0.0,0.0
2018-12-27 00:00:00-05:00,99.95543892772031,102.36728434451769,98.58631550034372,102.35821533203125,4101600,0.0,0.0
2018-12-28 00:00:00-05:00,102.82063574297942,104.35296677150879,102.08619793642383,103.5459976196289,3984000,0.0,0.0
2018-12-31 00:00:00-05:00,103.67294108121567,105.04207146004929,103.58227170700009,104.92420196533203,2731000,0.0,0.0
2019-01-02 00:00:00-05:00,104.08094390445733,104.6612360905503,102.23125996717528,104.16254425048828,4247100,0.0,0.0
2019-01-03 00:00:00-05:00,104.01747368870478,104.03560479288792,100.73519042128025,100.92559814453125,4203300,0.0,0.0
2019-01-04 00:00:00-05:00,101.74165138421867,104.12628970417148,101.31549773715433,103.96308898925781,5795200,0.0,0.0
2019-01-07 00:00:00-05:00,101.8867302828388,105.57702974908496,101.59658414240775,104.5252456665039,7749600,0.0,0.0
2019-01-08 00:00:00-05:00,104.89698906437873,105.55888164137554,103.83613607065637,105.48634338378906,3428900,0.0,0.0
2019-01-09 00:00:00-05:00,105.51353850677113,107.19094574772247,105.37753101855816,106.2751693725586,5820100,0.0,0.0
2019-01-10 00:00:00-05:00,106.16635748803594,106.28423386770575,104.24414238406821,105.12364959716797,4282300,0.0,0.0
2019-01-11 00:00:00-05:00,104.51615578791782,105.36846293173822,104.3620171948183,105.34126281738281,2648800,0.0,0.0
2019-01-14 00:00:00-05:00,104.45270128715187,104.49803942922709,103.66387018902523,103.98121643066406,4404600,0.0,0.0
2019-01-15 00:00:00-05:00,103.28305109654124,107.19095807361984,102.8206283504944,106.16637420654297,5097700,0.0,0.0
2019-01-16 00:00:00-05:00,106.07571210970626,107.05495790337073,105.6132962496115,105.9034423828125,2920600,0.0,0.0
2019-01-17 00:00:00-05:00,105.91251314886986,108.07954377186903,105.6767741522135,108.04328155517578,4401900,0.0,0.0
2019-01-18 00:00:00-05:00,104.79725076314396,105.9941043436446,104.28948987731137,105.71302032470703,8887000,0.0,0.0
2019-01-22 00:00:00-05:00,104.89698928426384,106.1845122297921,104.89698928426384,106.16637420654297,4377500,0.0,0.0
2019-01-23 00:00:00-05:00,106.18451765782683,107.80752494014033,106.01224101629849,107.7077865600586,4012100,0.0,0.0
2019-01-24 00:00:00-05:00,107.19095130848301,107.19095130848301,103.54598363990044,104.26228332519531,6946200,0.0,0.0
2019-01-25 00:00:00-05:00,104.57963321059447,104.58870222196533,103.40091768464693,104.24415588378906,4599100,0.0,0.0
2019-01-28 00:00:00-05:00,104.0174459447651,104.37106118186053,102.9475312249919,104.29852294921875,3590900,0.0,0.0
2019-01-29 00:00:00-05:00,103.71826937405602,105.13273084681076,103.28305365211418,104.91512298583984,3767400,0.0,0.0
2019-01-30 00:00:00-05:00,104.75191931756517,106.15731874918717,104.75191931756517,106.03038024902344,4362900,0.0,0.0
2019-01-31 00:00:00-05:00,106.03038641787965,108.93184790132851,105.83997865655613,108.67797088623047,5746100,0.0,0.0
2019-02-01 00:00:00-05:00,109.09503921703981,109.70253154335153,108.01605514670348,109.61186218261719,4171500,0.0,0.0
2019-02-04 00:00:00-05:00,109.90200670823691,110.47322989852059,107.61710702947356,108.95903015136719,4518400,0.0,0.0
2019-02-05 00:00:00-05:00,109.4577244329072,110.38256298783016,109.16757832571285,109.19477844238281,8832400,0.0,0.0
2019-02-06 00:00:00-05:00,107.59898982103493,109.54841255523695,106.75575147171173,108.14301300048828,7421000,0.0,0.0
2019-02-07 00:00:00-05:00,107.8981929697889,108.1974081063227,105.95783946475093,106.53813171386719,7935000,0.0,0.0
2019-02-08 00:00:00-05:00,106.74668388838208,110.10149908722771,106.49279996123495,108.44222259521484,16195100,0.0,0.0
2019-02-11 00:00:00-05:00,108.07950337108483,108.75047172880865,106.12101927313051,107.00052642822266,7203100,0.0,0.0
2019-02-12 00:00:00-05:00,106.77387580948702,108.71422928195355,106.53812992548171,108.34247589111328,6975500,0.0,0.0
2019-02-13 00:00:00-05:00,108.44220306192766,109.05876436725242,107.09121098027059,108.48754119873047,12738600,0.0,0.0
2019-02-14 00:00:00-05:00,108.4282902665899,110.53413422704978,108.3006637814179,110.07832336425781,17847000,0.645,0.0
2019-02-15 00:00:00-05:00,110.47032261201716,111.65543365478516,109.75925876840513,111.65543365478516,10366400,0.0,0.0
2019-02-19 00:00:00-05:00,110.58882759150733,112.43030734352358,110.57971638208036,111.33635711669922,17861300,0.0,0.0
2019-02-20 00:00:00-05:00,111.56427435322863,112.175066250449,110.86232862136004,111.81953430175781,19880300,0.0,0.0
2019-02-21 00:00:00-05:00,111.27255569919537,112.82231694643087,111.03553903671757,111.87422943115234,20798700,0.0,0.0
2019-02-22 00:00:00-05:00,111.88333540873869,113.71569003618882,111.81040400278758,113.04109191894531,19574000,0.0,0.0
2019-02-25 00:00:00-05:00,113.1322661630799,113.65189032086082,112.55794692188705,112.94082641601562,13682400,0.0,0.0
2019-02-26 00:00:00-05:00,112.91346698811365,114.09857800818283,112.42119042385977,113.6518783569336,20790900,0.0,0.0
2019-02-27 00:00:00-05:00,113.48776940432334,115.30190136991853,113.11400817036181,114.57260131835938,32135600,0.0,0.0
2019-02-28 00:00:00-05:00,114.42677043203142,116.47791957446005,114.13505172109092,115.12872314453125,36023600,0.0,0.0
2019-03-01 00:00:00-05:00,116.00387850265844,117.98209621536039,115.39309354244362,117.45335388183594,43290900,0.0,0.0
2019-03-04 00:00:00-05:00,118.97574697401848,118.97574697401848,114.26266429917125,116.19530487060547,59468600,0.0,0.0
2019-03-05 00:00:00-05:00,117.05221319484306,117.48067647913209,115.52069551416578,117.13426971435547,53212600,0.0,0.0
2019-03-06 00:00:00-05:00,117.37127105664405,117.40772979704902,114.30822218372705,115.48421478271484,74822500,0.0,0.0
2019-03-07 00:00:00-05:00,115.23810608661067,115.94916992232024,114.07122443133757,115.17428588867188,60615600,0.0,0.0
2019-03-08 00:00:00-05:00,115.20164203487518,115.75773185387834,114.1806231800401,115.50247192382812,50169800,0.0,0.0
2019-03-11 00:00:00-04:00,111.94715654220987,113.8706790402641,111.68278539334075,112.58528900146484,61771200,0.0,0.0
2019-03-12 00:00:00-04:00,112.58528900146484,113.05932926332252,111.83775942557094,112.58528900146484,8077600,0.0,0.0
2019-03-13 00:00:00-04:00,113.58806345177246,119.19453834827993,112.27533292143475,113.32369232177734,68139300,0.0,0.0
2019-03-14 00:00:00-04:00,113.93447507677762,113.93447507677762,111.68276852404134,112.202392578125,42768700,0.0,0.0
2019-03-15 00:00:00-04:00,112.22062335997705,113.18694703532512,111.18137523875765,112.98638916015625,47331000,0.0,0.0
2019-03-18 00:00:00-04:00,113.03195136096339,114.27175719601985,112.58525875947285,114.17147827148438,16052200,0.0,0.0
2019-03-19 00:00:00-04:00,114.18973955025525,115.45689319524996,114.08034243909592,115.40219116210938,13726300,0.0,0.0
2019-03-20 00:00:00-04:00,116.26824231161206,117.69037701368505,115.62099168434285,116.83345031738281,7520700,0.0,0.0
2019-03-21 00:00:00-04:00,115.6665649475922,117.58096922844688,115.44777767538304,116.97018432617188,5704300,0.0,0.0
2019-03-22 00:00:00-04:00,117.35305785482139,118.03677413161985,116.16795381477701,116.96106719970703,15332900,0.0,0.0
2019-03-25 00:00:00-04:00,117.24367270979425,119.03956865304815,117.06135114357558,118.3923110961914,5972800,0.0,0.0
2019-03-26 00:00:00-04:00,118.72958729398212,120.45255134538193,118.23730390201648,119.4406509399414,5872900,0.0,0.0
2019-03-27 00:00:00-04:00,119.38601108716884,119.93297588533986,117.1616514079661,117.38955688476562,7675100,0.0,0.0
2019-03-28 00:00:00-04:00,117.90915130330785,118.41965724683068,117.4806879770847,117.55361938476562,6112900,0.0,0.0
2019-03-29 00:00:00-04:00,117.60831403895307,118.45612947872404,117.58096649995178,118.29203033447266,5729100,0.0,0.0
2019-04-01 00:00:00-04:00,119.15808610612004,119.7415234748177,117.64479064941406,117.64479064941406,5132300,0.0,0.0
2019-04-02 00:00:00-04:00,117.63567090385399,118.11884325508349,116.90638459234512,117.89093780517578,3214600,0.0,0.0
2019-04-03 00:00:00-04:00,117.69947157305818,117.8270980474155,115.63008653646779,115.821533203125,4425300,0.0,0.0
2019-04-04 00:00:00-04:00,116.08590599535044,116.09502415994598,113.59718260514482,114.50880432128906,5539800,0.0,0.0
2019-04-05 00:00:00-04:00,115.31102722239902,115.78507440265184,114.50880262789943,115.76683807373047,4656400,0.0,0.0
2019-04-08 00:00:00-04:00,115.32014791881211,116.03121174968175,114.94637967405554,115.92182159423828,3430900,0.0,0.0
2019-04-09 00:00:00-04:00,115.55716122471847,116.79696025845499,115.41129842361937,115.99473571777344,4215600,0.0,0.0
2019-04-10 00:00:00-04:00,116.28646091932956,116.66022915187254,115.71214175665301,115.94916534423828,4227100,0.0,0.0
2019-04-11 00:00:00-04:00,115.64833462281115,116.06767978906791,113.50602492242734,114.08946228027344,5520700,0.0,0.0
2019-04-12 00:00:00-04:00,114.17149380574713,114.17149380574713,112.14769262448266,112.18415832519531,5470400,0.0,0.0
2019-04-15 00:00:00-04:00,112.8314062367123,113.36014845205301,112.27532344037523,113.114013671875,4549100,0.0,0.0
2019-04-16 00:00:00-04:00,113.88890797607705,113.88890797607705,109.20317263584819,109.35814666748047,6573400,0.0,0.0
2019-04-17 00:00:00-04:00,109.39458626022667,109.44928132771823,105.64782112440426,106.20391082763672,14842800,0.0,0.0
2019-04-18 00:00:00-04:00,105.95779795126124,106.34067741301558,104.05250489708425,105.0188217163086,9805800,0.0,0.0
2019-04-22 00:00:00-04:00,104.87296362441862,105.35612202375661,103.6058099885663,105.26496124267578,7519700,0.0,0.0
2019-04-23 00:00:00-04:00,105.78458892490163,107.47108777488921,105.22849909983385,107.10643768310547,5891500,0.0,0.0
2019-04-24 00:00:00-04:00,107.8357517920391,107.96337829737617,106.86943483588057,107.57138061523438,4254100,0.0,0.0
2019-04-25 00:00:00-04:00,107.34344730339339,108.19125570042758,106.43182567024355,107.7810287475586,3425000,0.0,0.0
2019-04-26 00:00:00-04:00,108.32802784364672,109.32169233763844,108.18216500684636,109.27611541748047,3372500,0.0,0.0
2019-04-29 00:00:00-04:00,109.30344994118745,109.4037288907625,108.7108944087318,109.02996063232422,4097200,0.0,0.0
2019-04-30 00:00:00-04:00,106.30420752798403,106.78736591859425,104.7544534122394,106.69620513916016,7548300,0.0,0.0
2019-05-01 00:00:00-04:00,106.70531319052958,108.96613090875908,106.25861358993212,107.73544311523438,5392100,0.0,0.0
2019-05-02 00:00:00-04:00,107.97247802343591,108.09098634240291,106.53211404619826,107.99070739746094,4168800,0.0,0.0
2019-05-03 00:00:00-04:00,107.97246240282382,107.97246240282382,106.24038000591779,106.57768249511719,5695500,0.0,0.0
2019-05-06 00:00:00-04:00,105.58403522997132,106.73268063052507,105.10999496036628,106.34068298339844,5952100,0.0,0.0
2019-05-07 00:00:00-04:00,106.02162081105001,106.19482422795971,104.34423303984319,104.78181457519531,5127200,0.0,0.0
2019-05-08 00:00:00-04:00,105.61138595448436,106.5594734773971,105.04618488004661,105.97603607177734,2992600,0.0,0.0
2019-05-09 00:00:00-04:00,105.62048334158399,105.88485445073418,104.6359303051187,105.56578826904297,5818900,0.0,0.0
2019-05-10 00:00:00-04:00,105.41080904262975,106.03983020770525,104.12542613087865,105.94866943359375,3660500,0.0,0.0
2019-05-13 00:00:00-04:00,104.70887686209386,105.00971371485858,103.80637325892187,104.2621841430664,4284600,0.0,0.0
2019-05-14 00:00:00-04:00,104.59037482695456,105.31966811237803,104.40804628925677,104.78181457519531,3668400,0.0,0.0
2019-05-15 00:00:00-04:00,105.0644155598205,105.60226909928178,104.21660698252117,105.40171813964844,3724400,0.0,0.0
2019-05-16 00:00:00-04:00,105.03042163103399,107.88147056398387,105.03042163103399,107.01057434082031,3914100,0.645,0.0
2019-05-17 00:00:00-04:00,106.06633204088438,106.93723527018223,105.62630276207516,106.35052490234375,3109800,0.0,0.0
2019-05-20 00:00:00-04:00,106.2221672789364,106.61636390674069,105.42460470803799,106.55219268798828,3042800,0.0,0.0
2019-05-21 00:00:00-04:00,107.29475976600884,107.98231162174221,106.82722254575118,106.87306213378906,2611100,0.0,0.0
2019-05-22 00:00:00-04:00,106.45136497135019,108.53235218646559,106.45136497135019,108.156494140625,3934200,0.0,0.0
2019-05-23 00:00:00-04:00,107.95482668279709,108.13817107387138,106.7814057939852,107.08392333984375,3653500,0.0,0.0
2019-05-24 00:00:00-04:00,107.74394950015736,107.7622881315213,106.75387323066171,107.06556701660156,2086400,0.0,0.0
2019-05-28 00:00:00-04:00,107.34060662001222,108.55070476123703,106.06634423763288,106.12135314941406,5007200,0.0,0.0
2019-05-29 00:00:00-04:00,105.98382825967063,106.15801030285553,104.90207971689871,105.87381744384766,5915800,0.0,0.0
2019-05-30 00:00:00-04:00,105.87381453396938,106.61637528062195,105.38794568384873,106.24967956542969,2392800,0.0,0.0
2019-05-31 00:00:00-04:00,105.73630697319999,107.78980026231882,105.41545083244371,106.2863540649414,6098400,0.0,0.0
2019-06-03 00:00:00-04:00,106.82724179460712,107.9181598403976,106.37804312628062,107.04725646972656,4722000,0.0,0.0
2019-06-04 00:00:00-04:00,108.24816803314457,109.02739208656408,107.63395670820185,107.7714614868164,3122700,0.0,0.0
2019-06-05 00:00:00-04:00,108.20231032219394,108.523166408789,106.82720681323957,107.27640533447266,4175800,0.0,0.0
2019-06-06 00:00:00-04:00,107.73480808240203,109.03657847493093,107.50562408997558,107.71647644042969,3882800,0.0,0.0
2019-06-07 00:00:00-04:00,108.34900766998275,109.03655952778709,108.07398412920536,108.49568176269531,2726300,0.0,0.0
2019-06-10 00:00:00-04:00,106.34136092781688,106.34136092781688,104.39787836538375,104.44371795654297,8172400,0.0,0.0
2019-06-11 00:00:00-04:00,105.22295454552675,105.9655084503563,102.53691784741955,102.866943359375,5681200,0.0,0.0
2019-06-12 00:00:00-04:00,103.13278377505017,105.88299134238484,103.13278377505017,105.64463806152344,3793800,0.0,0.0
2019-06-13 00:00:00-04:00,105.79132321156173,105.79132321156173,101.40015745473467,102.50940704345703,8477300,0.0,0.0
2019-06-14 00:00:00-04:00,102.79359210889649,102.90360293281742,101.76685239552673,102.43606567382812,3188100,0.0,0.0
2019-06-17 00:00:00-04:00,102.34439052834043,103.97617923493567,102.06936697355131,103.95784759521484,3032300,0.0,0.0
2019-06-18 00:00:00-04:00,104.18703910094624,105.26878777040388,103.79284237408947,105.10377502441406,2868700,0.0,0.0
2019-06-19 00:00:00-04:00,105.44294685970239,106.3321816897628,104.81956624645358,105.63546752929688,3320600,0.0,0.0
2019-06-20 00:00:00-04:00,106.66222577570791,107.32227677500812,105.66298695309078,105.93800354003906,2840100,0.0,0.0
2019-06-21 00:00:00-04:00,106.10300139787444,106.27718344105932,105.25043680912928,105.87381744384766,4024600,0.0,0.0
2019-06-24 00:00:00-04:00,105.49795861998668,106.47886565623858,105.15876385263259,106.00215911865234,2570500,0.0,0.0
2019-06-25 00:00:00-04:00,105.89215043579338,107.1022413688251,105.58045663796915,105.754638671875,2110100,0.0,0.0
2019-06-26 00:00:00-04:00,105.25044098215697,105.37878344196942,101.40932251638819,102.06936645507812,4677500,0.0,0.0
2019-06-27 00:00:00-04:00,102.43607612223369,102.8669431505308,101.90437457106535,102.18856048583984,3615900,0.0,0.0
2019-06-28 00:00:00-04:00,102.49108319607592,102.51858415583237,100.85928731107688,101.56517791748047,8958700,0.0,0.0
2019-07-01 00:00:00-04:00,102.04186590788034,103.44447064869932,101.42765456286567,103.35279846191406,3236400,0.0,0.0
2019-07-02 00:00:00-04:00,103.42611521323701,104.70037720055294,103.04108792084038,104.69120788574219,2343400,0.0,0.0
2019-07-03 00:00:00-04:00,105.30546446433438,105.8555046531085,104.30621860990398,104.89292907714844,3707700,0.0,0.0
2019-07-05 00:00:00-04:00,104.55372802097386,104.84708321750344,103.17862422584035,103.42613983154297,2444000,0.0,0.0
2019-07-08 00:00:00-04:00,103.10527822063659,103.39863340163838,101.67517258752031,102.234375,2998700,0.0,0.0
2019-07-09 00:00:00-04:00,102.5369015933008,103.9211746604494,102.5369015933008,103.66448974609375,2717700,0.0,0.0
2019-07-10 00:00:00-04:00,103.8386624433374,105.1037623413102,103.28862235445926,104.9937515258789,3339100,0.0,0.0
2019-07-11 00:00:00-04:00,102.24355909809812,102.89444078147845,100.01589046607123,100.67594146728516,6589600,0.0,0.0
2019-07-12 00:00:00-04:00,100.35507160941133,100.35507160941133,96.39477313592663,99.27332305908203,7211100,0.0,0.0
2019-07-15 00:00:00-04:00,99.28248819932594,100.07088153305315,98.6315996378799,99.4383316040039,4405200,0.0,0.0
2019-07-16 00:00:00-04:00,99.92422143472861,100.09840350838198,98.97998449803171,99.75920867919922,2206500,0.0,0.0
2019-07-17 00:00:00-04:00,100.24506567985978,100.52008923767663,98.16407833872958,98.1732406616211,3507300,0.0,0.0
2019-07-18 00:00:00-04:00,98.85163779857386,99.44751755665244,98.31075995860894,99.31916809082031,3232900,0.0,0.0
2019-07-19 00:00:00-04:00,99.46583361547351,99.48416525392615,97.70570257018016,97.8982162475586,4820600,0.0,0.0
2019-07-22 00:00:00-04:00,98.01740827452682,98.42077433961931,97.05483970211117,98.33826446533203,2894400,0.0,0.0
2019-07-23 00:00:00-04:00,98.54911646508202,100.29091620143248,97.22901443430857,99.20916748046875,5098200,0.0,0.0
2019-07-24 00:00:00-04:00,99.32834082902129,100.52926970426593,98.23742978207282,99.48418426513672,3762700,0.0,0.0
2019-07-25 00:00:00-04:00,99.52999716578127,101.18928658627756,98.71410293184697,98.84244537353516,4596700,0.0,0.0
2019-07-26 00:00:00-04:00,98.9341486776314,100.13507760865315,98.58579151116915,99.2550048828125,3470700,0.0,0.0
2019-07-29 00:00:00-04:00,99.0716465227799,101.06096170882525,99.0716465227799,99.66752624511719,3192500,0.0,0.0
2019-07-30 00:00:00-04:00,99.28251105809537,100.85929109444807,98.09075146691585,99.6400375366211,4664200,0.0,0.0
2019-07-31 00:00:00-04:00,99.06247781165577,101.4918293134998,98.6499494597429,99.87837219238281,5535700,0.0,0.0
2019-08-01 00:00:00-04:00,99.94254540264718,101.51933228015498,99.2916637486322,101.30848693847656,3679000,0.0,0.0
2019-08-02 00:00:00-04:00,101.72100713661715,103.83866467160323,101.01512362300156,103.05944061279297,4477700,0.0,0.0
2019-08-05 00:00:00-04:00,102.10603881025462,103.12361618675689,98.49410423395776,99.65835571289062,4765800,0.0,0.0
2019-08-06 00:00:00-04:00,100.35507393149611,102.78442531619181,99.96087723892934,102.12437438964844,5490000,0.0,0.0
2019-08-07 00:00:00-04:00,101.18013914666602,102.10603732729457,99.49334153130495,101.86769104003906,4231700,0.0,0.0
2019-08-08 00:00:00-04:00,102.63775881918048,105.00293931091166,102.34440358723913,104.48040008544922,4815900,0.0,0.0
2019-08-09 00:00:00-04:00,103.81115114515924,105.01207969634834,102.99525691254857,104.2970199584961,2788100,0.0,0.0
2019-08-12 00:00:00-04:00,103.49949245238905,104.5629025410528,102.94028295093867,104.14120483398438,2318400,0.0,0.0
2019-08-13 00:00:00-04:00,104.07702990824184,106.46971126563497,103.98535771328206,106.06634521484375,5247200,0.0,0.0
2019-08-14 00:00:00-04:00,105.88658379552926,105.89580451667217,101.60908352065172,101.67361450195312,4937900,0.645,0.0
2019-08-15 00:00:00-04:00,101.79345288830731,102.61392121327674,100.67798479518429,101.61830139160156,3939900,0.0,0.0
2019-08-16 00:00:00-04:00,102.2728359309015,102.6323666926908,100.75174045922006,101.8856430053711,3497600,0.0,0.0
2019-08-19 00:00:00-04:00,102.37423050408925,104.1165738435872,102.13454101381875,103.73860168457031,2903500,0.0,0.0
2019-08-20 00:00:00-04:00,103.55423141504102,104.06125849877846,102.24517046428045,102.33735656738281,2074800,0.0,0.0
2019-08-21 00:00:00-04:00,103.25000299467085,103.65563025710708,101.40625294119458,102.75218963623047,2207300,0.0,0.0
2019-08-22 00:00:00-04:00,102.73375534539203,103.49890627309665,102.13453517067168,102.89047241210938,1840200,0.0,0.0
2019-08-23 00:00:00-04:00,102.75219769721,103.76625889950607,100.37375825363183,100.95454406738281,3870100,0.0,0.0
2019-08-26 00:00:00-04:00,101.96861082728194,103.08407891393894,101.63673521086423,103.04720306396484,2565500,0.0,0.0
2019-08-27 00:00:00-04:00,103.53580402775528,104.06127262344651,102.0792465209961,102.0792465209961,2945200,0.0,0.0
2019-08-28 00:00:00-04:00,101.71048418652904,102.82595224330859,101.21267077523626,102.30048370361328,1744400,0.0,0.0
2019-08-29 00:00:00-04:00,103.07484909881711,103.60031760622486,101.95938111057781,103.48047637939453,2708600,0.0,0.0
2019-08-30 00:00:00-04:00,104.00593579005402,105.25046561628972,103.17624689478092,104.14421844482422,2870700,0.0,0.0
2019-09-03 00:00:00-04:00,103.7478388900843,105.11221028736186,103.42518396730581,105.05690002441406,3710300,0.0,0.0
2019-09-04 00:00:00-04:00,105.44406767351457,105.55469521360419,103.66484851216092,104.40235137939453,3756400,0.0,0.0
2019-09-05 00:00:00-04:00,105.05689679781607,106.42127518653948,104.41158697207841,105.64689636230469,4045900,0.0,0.0
2019-09-06 00:00:00-04:00,105.81281161460892,106.00640452104615,104.94624686197248,105.13984680175781,2904700,0.0,0.0
2019-09-09 00:00:00-04:00,105.57312030746948,105.57312030746948,101.72890330365554,102.39265441894531,4982300,0.0,0.0
2019-09-10 00:00:00-04:00,99.903611049569,102.4479813616624,98.08751590578153,102.42032623291016,6589500,0.0,0.0
2019-09-11 00:00:00-04:00,103.04719114687809,103.25000478160628,101.67359930260321,102.96422576904297,3404100,0.0,0.0
2019-09-12 00:00:00-04:00,103.17627751648565,103.63721514695604,102.43878152774309,102.76143646240234,3578500,0.0,0.0
2019-09-13 00:00:00-04:00,103.01032278321439,103.38829495417933,101.62751011873588,102.22673034667969,2842600,0.0,0.0
2019-09-16 00:00:00-04:00,101.79343712675164,101.89484394072925,100.67796920634612,101.52609252929688,1728900,0.0,0.0
2019-09-17 00:00:00-04:00,101.71049186148542,102.50330509114508,101.0651750055522,102.43877410888672,2438100,0.0,0.0
2019-09-18 00:00:00-04:00,102.73376592192113,104.08892347759381,102.4848557001226,103.91376495361328,3132500,0.0,0.0
2019-09-19 00:00:00-04:00,104.04280541502952,106.11702401256464,103.60952307154213,105.41639709472656,3929800,0.0,0.0
2019-09-20 00:00:00-04:00,106.87297997687278,108.0714204129519,105.52704318302864,107.08501434326172,7517700,0.0,0.0
2019-09-23 00:00:00-04:00,106.93752482743824,107.43533828701621,105.06611926829403,105.25971221923828,2611300,0.0,0.0
2019-09-24 00:00:00-04:00,105.42563326684059,105.60079178031201,103.19469729181438,104.40235137939453,3480200,0.0,0.0
2019-09-25 00:00:00-04:00,104.06123659564537,104.95545637755271,102.61389327819816,102.6876449584961,3093400,0.0,0.0
2019-09-26 00:00:00-04:00,103.28688958004209,103.85845468805938,102.04235957120267,103.08407592773438,2266400,0.0,0.0
2019-09-27 00:00:00-04:00,103.57267641637064,104.5129930509031,102.67845635477883,103.59111785888672,1906300,0.0,0.0
2019-09-30 00:00:00-04:00,103.61877608895135,104.58674084951441,102.96424552704212,103.09330749511719,2516600,0.0,0.0
2019-10-01 00:00:00-04:00,103.19470045400281,103.66485168875619,101.7842326830451,102.291259765625,2203400,0.0,0.0
2019-10-02 00:00:00-04:00,101.71046257117072,101.99624154839564,98.32718327085523,98.64061737060547,4483900,0.0,0.0
2019-10-03 00:00:00-04:00,98.72358739931629,99.65468309059855,97.91233995576559,98.90796661376953,2735000,0.0,0.0
2019-10-04 00:00:00-04:00,99.09233396447733,99.80218159716104,98.64061721944522,99.74686431884766,2865300,0.0,0.0
2019-10-07 00:00:00-04:00,99.84828067568776,100.16172183829114,99.16609513357196,99.4057846069336,1460800,0.0,0.0
2019-10-08 00:00:00-04:00,98.53923055039944,99.86673296762379,97.67266569100588,98.8157958984375,2802500,0.0,0.0
2019-10-09 00:00:00-04:00,99.15689593196797,99.70080596647381,98.53002050407211,98.9172134399414,1636600,0.0,0.0
2019-10-10 00:00:00-04:00,98.66827081677349,99.09233243276779,98.25342991924683,98.56686401367188,2736900,0.0,0.0
2019-10-11 00:00:00-04:00,99.33205709133067,100.61346311202183,99.18455367695043,99.89440155029297,2554900,0.0,0.0
2019-10-14 00:00:00-04:00,100.04188737168742,100.60423177129306,99.45188784314202,99.47032928466797,1341300,0.0,0.0
2019-10-15 00:00:00-04:00,99.88516967885603,101.49845116846997,99.76532844306183,101.12969970703125,1760000,0.0,0.0
2019-10-16 00:00:00-04:00,100.65030482387341,100.92687011534727,99.36889923784979,99.51639556884766,2314600,0.0,0.0
2019-10-17 00:00:00-04:00,100.68719930930637,100.90844736344565,99.8022000594004,99.986572265625,2018900,0.0,0.0
2019-10-18 00:00:00-04:00,99.84829872796095,100.42908459405892,99.4703335606213,100.15251922607422,2207100,0.0,0.0
2019-10-21 00:00:00-04:00,100.36456024136359,100.48440149095232,99.35049184734376,99.47956085205078,3944900,0.0,0.0
2019-10-22 00:00:00-04:00,101.38781989167776,102.75219101082743,100.38297244174946,101.25875091552734,5708500,0.0,0.0
2019-10-23 00:00:00-04:00,97.71876517754006,99.33204667811265,93.44126507583265,99.00939178466797,9047500,0.0,0.0
2019-10-24 00:00:00-04:00,99.10156677800414,99.75609721225706,97.9492229782599,99.41500091552734,3304500,0.0,0.0
2019-10-25 00:00:00-04:00,99.63625893679406,101.95016029112564,99.1384455565751,101.59062957763672,4234600,0.0,0.0
2019-10-28 00:00:00-04:00,101.97781935023251,104.3470379192226,101.97781935023251,104.16265869140625,4168500,0.0,0.0
2019-10-29 00:00:00-04:00,103.71096656306942,103.9967456424823,102.78909130473102,102.94580841064453,2987800,0.0,0.0
2019-10-30 00:00:00-04:00,102.66923494466762,104.36548179438783,102.5678281185051,103.91376495361328,2424700,0.0,0.0
2019-10-31 00:00:00-04:00,103.58189037345224,105.71141967727422,103.25001476333075,105.04766845703125,4124400,0.0,0.0
2019-11-01 00:00:00-04:00,105.1582842319448,105.56391149520366,103.53578221225776,103.72016143798828,2629100,0.0,0.0
2019-11-04 00:00:00-05:00,104.39314140999224,105.39798899424548,104.05205210128324,104.27330017089844,3002100,0.0,0.0
2019-11-05 00:00:00-05:00,104.12577843666077,104.24562668800354,101.87640821933746,102.55859375,3357300,0.0,0.0
2019-11-06 00:00:00-05:00,102.853614385309,105.36111602057832,102.79830412473233,104.9278335571289,3973700,0.0,0.0
2019-11-07 00:00:00-05:00,105.30579798972423,105.67454241082599,103.2776685069195,103.95985412597656,3076200,0.0,0.0
2019-11-08 00:00:00-05:00,103.84922157609287,104.69734489968158,103.34218750582343,104.66046905517578,2224100,0.0,0.0
2019-11-11 00:00:00-05:00,104.59595224388048,105.28735859692043,103.45282904285887,103.98751831054688,1770200,0.0,0.0
2019-11-12 00:00:00-05:00,103.95984659472394,105.13063185028776,103.66484685920405,104.32859802246094,2273200,0.0,0.0
2019-11-13 00:00:00-05:00,104.05203843446526,104.66047230432905,103.48047337690366,103.97828674316406,3250600,0.0,0.0
2019-11-14 00:00:00-05:00,104.0199961218813,104.17761452360702,102.9166531622022,103.27825164794922,2627100,0.645,0.0
2019-11-15 00:00:00-05:00,103.22263917644638,105.53130841937016,103.22263917644638,104.94718933105469,4857400,0.0,0.0
2019-11-18 00:00:00-05:00,104.78958348831182,105.81875093730632,104.64123878714429,105.76312255859375,3361600,0.0,0.0
2019-11-19 00:00:00-05:00,105.72604478892794,107.66384936158173,105.466436231551,106.71812438964844,3781600,0.0,0.0
2019-11-20 00:00:00-05:00,106.58831224748766,107.47840169588689,105.74458449825802,106.26380157470703,3638200,0.0,0.0
2019-11-21 00:00:00-05:00,106.34721588883204,107.10750086611586,105.0398997904612,106.3935775756836,2909500,0.0,0.0
2019-11-22 00:00:00-05:00,106.70883159796954,108.18304717694141,106.35650677206876,107.73799896240234,3120100,0.0,0.0
2019-11-25 00:00:00-05:00,108.1088350438087,109.83338480193335,108.1088350438087,108.91548156738281,2939300,0.0,0.0
2019-11-26 00:00:00-05:00,108.9155262008436,109.50891914855299,108.47975170747536,108.56319427490234,4704900,0.0,0.0
2019-11-27 00:00:00-05:00,109.15658520421033,109.31420364542264,108.12741784885725,108.88770294189453,1798200,0.0,0.0
2019-11-29 00:00:00-05:00,108.69298825631488,109.4439995384336,108.63735281311293,108.80424499511719,1243900,0.0,0.0
2019-12-02 00:00:00-05:00,108.96185211267321,109.63869452325923,107.64526229898541,108.23865509033203,2199700,0.0,0.0
2019-12-03 00:00:00-05:00,107.9234349627407,109.33274129178821,107.4783867634724,109.04531860351562,2786000,0.0,0.0
2019-12-04 00:00:00-05:00,109.6665309929772,110.18574802247774,109.00823595234574,110.02812957763672,2597000,0.0,0.0
2019-12-05 00:00:00-05:00,109.77778352416391,111.1870897766096,108.98041055442465,111.04801177978516,3003200,0.0,0.0
2019-12-06 00:00:00-05:00,111.23343748598789,111.91954655727103,110.87183898397383,110.9274673461914,2462800,0.0,0.0
2019-12-09 00:00:00-05:00,110.82549255582589,112.04009245677751,110.27846138858231,111.4837875366211,2335100,0.0,0.0
2019-12-10 00:00:00-05:00,111.78051061760235,112.32754898907785,111.36328359645523,111.86396026611328,3592600,0.0,0.0
2019-12-11 00:00:00-05:00,111.78047881146773,112.37387164211357,111.2427214219328,111.98445892333984,3438100,0.0,0.0
2019-12-12 00:00:00-05:00,111.7804970435943,113.05073253683575,111.7804970435943,112.83747863769531,2959400,0.0,0.0
2019-12-13 00:00:00-05:00,113.09708937303341,113.29179575581126,111.9288440025649,112.67985534667969,3343900,0.0,0.0
2019-12-16 00:00:00-05:00,114.10769715581331,115.21104028196409,113.17124620778785,113.90371704101562,3468400,0.0,0.0
2019-12-17 00:00:00-05:00,114.96997002663987,117.77931574306339,114.33021551045611,116.20311737060547,6718800,0.0,0.0
2019-12-18 00:00:00-05:00,118.56744377809342,120.51451491010957,118.39128488166581,120.0509262084961,8173000,0.0,0.0
2019-12-19 00:00:00-05:00,119.68003647398932,121.45094834805242,118.993920242532,121.3211441040039,4423400,0.0,0.0
2019-12-20 00:00:00-05:00,122.84171429422258,127.02327844025048,121.68274277560717,122.78607177734375,9229900,0.0,0.0
2019-12-23 00:00:00-05:00,122.74898610560417,122.92515203314953,121.48802457683851,121.59928131103516,2473400,0.0,0.0
2019-12-24 00:00:00-05:00,121.5251215908032,121.65492583204032,120.65357276495341,121.56220245361328,1215800,0.0,0.0
2019-12-26 00:00:00-05:00,121.46020736082404,122.10922854010222,121.14497052340332,121.59001159667969,1272000,0.0,0.0
2019-12-27 00:00:00-05:00,121.98871398557877,122.17414660060466,121.31186442671188,121.94235229492188,2161300,0.0,0.0
2019-12-30 00:00:00-05:00,121.94234528241859,122.32247716970093,121.33967163374015,121.73836517333984,1856200,0.0,0.0
2019-12-31 00:00:00-05:00,121.62712288947586,121.94237395337413,120.99664905688768,121.85891723632812,1549800,0.0,0.0
2020-01-02 00:00:00-05:00,122.17412448798157,122.62843219042837,121.2098524282105,122.58208465576172,2204200,0.0,0.0
2020-01-03 00:00:00-05:00,120.81120443277607,122.82317746629217,120.74629523124194,122.17415618896484,1963500,0.0,0.0
2020-01-06 00:00:00-05:00,121.84963063306272,122.90661211598746,121.40458952120015,122.62845611572266,2102900,0.0,0.0
2020-01-07 00:00:00-05:00,122.10924865378094,123.24967278147611,122.10924865378094,122.86026000976562,2448300,0.0,0.0
2020-01-08 00:00:00-05:00,122.81391348698055,124.43647378977809,122.39667237675015,123.97288513183594,5188600,0.0,0.0
2020-01-09 00:00:00-05:00,124.75173636977024,126.42992539346544,124.25105259343763,126.02196502685547,4522800,0.0,0.0
2020-01-10 00:00:00-05:00,125.89213519154009,128.20081180806164,125.66034086188301,127.95046997070312,4177600,0.0,0.0
2020-01-13 00:00:00-05:00,128.13593551680108,129.79559126608837,127.84851273781788,128.82205200195312,5117100,0.0,0.0
2020-01-14 00:00:00-05:00,128.86835218704445,130.6392497228702,128.0616984773772,130.40745544433594,4685200,0.0,0.0
2020-01-15 00:00:00-05:00,130.34258155656497,131.371748886186,129.81408372488823,130.833984375,3676500,0.0,0.0
2020-01-16 00:00:00-05:00,131.50155567108263,131.63135992472496,129.66574861311167,131.13067626953125,3794800,0.0,0.0
2020-01-17 00:00:00-05:00,130.620707754283,131.41808058576947,129.2113946723908,129.41537475585938,5393200,0.0,0.0
2020-01-21 00:00:00-05:00,129.34123615355077,131.26049999700138,128.34914963019733,130.6485595703125,4849500,0.0,0.0
2020-01-22 00:00:00-05:00,130.9637979941526,131.89097532508464,130.44458095244718,131.251220703125,2742100,0.0,0.0
2020-01-23 00:00:00-05:00,130.9637776398725,131.41809955455608,129.69354942114646,130.92669677734375,3138700,0.0,0.0
2020-01-24 00:00:00-05:00,131.52007122892857,131.64987545103858,128.5994550100543,128.94252014160156,3183300,0.0,0.0
2020-01-27 00:00:00-05:00,127.3385214477953,128.97036247928173,127.3385214477953,128.23788452148438,2826400,0.0,0.0
2020-01-28 00:00:00-05:00,128.59019925058035,129.69354230599455,128.16369154309237,129.11868286132812,2649100,0.0,0.0
2020-01-29 00:00:00-05:00,129.35052096430923,130.8618247351357,128.84985136622473,129.7306671142578,2815500,0.0,0.0
2020-01-30 00:00:00-05:00,128.11734918728177,133.2539192181954,128.04318745510326,132.28038024902344,5243400,0.0,0.0
2020-01-31 00:00:00-05:00,132.4472998137258,132.4472998137258,129.31343561380888,129.47105407714844,3913500,0.0,0.0
2020-02-03 00:00:00-05:00,130.29623538959467,131.26050778234656,129.50812896172656,130.7320098876953,5137800,0.0,0.0
2020-02-04 00:00:00-05:00,131.93731182339747,133.57841934705286,131.45517574206355,132.99429321289062,3177500,0.0,0.0
2020-02-05 00:00:00-05:00,134.236715644989,136.62883455007884,134.00492134194852,136.61956787109375,4060900,0.0,0.0
2020-02-06 00:00:00-05:00,136.98115661891666,137.10168002750697,136.1188745165371,136.5731964111328,3285000,0.0,0.0
2020-02-07 00:00:00-05:00,136.49905830729514,136.49905830729514,134.79305528237722,135.748046875,2670400,0.0,0.0
2020-02-10 00:00:00-05:00,131.19559805258794,134.95066923626405,130.84326612422404,134.91357421875,4892100,0.0,0.0
2020-02-11 00:00:00-05:00,135.11750306141766,135.23804060115836,132.75319883268023,133.7452850341797,2976400,0.0,0.0
2020-02-12 00:00:00-05:00,134.13476388778903,134.34801074615027,133.0407012558783,133.05923461914062,3953200,0.0,0.0
2020-02-13 00:00:00-05:00,133.14309688482982,133.9632465059333,132.14586821181234,132.1551971435547,3455500,0.74,0.0
2020-02-14 00:00:00-05:00,132.5745531949172,132.63979881691137,131.00882891820413,131.5214080810547,2273700,0.0,0.0
2020-02-18 00:00:00-05:00,131.4282589859836,132.30432536361542,130.9715821535557,131.41893005371094,2858200,0.0,0.0
2020-02-19 00:00:00-05:00,131.98745062505117,132.19248805801377,130.81315696248444,131.25119018554688,3082800,0.0,0.0
2020-02-20 00:00:00-05:00,131.99673888078092,133.0964718451002,131.595978850425,132.34156799316406,3417000,0.0,0.0
2020-02-21 00:00:00-05:00,131.72649039445753,132.94738600284805,130.7851925654614,132.37887573242188,2900900,0.0,0.0
2020-02-24 00:00:00-05:00,129.8066092329123,131.95948798826402,128.49250960634328,128.7534637451172,4727400,0.0,0.0
2020-02-25 00:00:00-05:00,129.4897124969682,129.75998129348147,125.46353935339286,126.19981384277344,3401600,0.0,0.0
2020-02-26 00:00:00-05:00,126.77762712962969,127.70029527926539,124.24263261632444,124.44766998291016,4659000,0.0,0.0
2020-02-27 00:00:00-05:00,124.26127872091033,125.51013236330819,120.27239314425468,120.40287017822266,4292800,0.0,0.0
2020-02-28 00:00:00-05:00,117.78398294214482,118.17542111956513,113.24523128620879,117.55098724365234,7898300,0.0,0.0
2020-03-02 00:00:00-05:00,119.05151427373978,123.95374716769345,117.62558132745524,123.80462646484375,7355700,0.0,0.0
2020-03-03 00:00:00-05:00,124.21466825561343,126.42346297308906,119.93687055432677,121.4466781616211,6936600,0.0,0.0
2020-03-04 00:00:00-05:00,123.98169143893247,131.2791196873884,123.95373308794053,130.83177185058594,5301900,0.0,0.0
2020-03-05 00:00:00-05:00,128.96781665255722,132.2577156212532,128.17562538616298,130.61741638183594,6882100,0.0,0.0
2020-03-06 00:00:00-05:00,126.86156202614657,132.6771429276373,126.3303389409513,131.83836364746094,8010700,0.0,0.0
2020-03-09 00:00:00-04:00,124.90433302462388,131.34432306499102,124.24261901021231,126.48870086669922,5351300,0.0,0.0
2020-03-10 00:00:00-04:00,129.7599771529636,132.27632817693822,125.55673932975601,131.586669921875,5961200,0.0,0.0
2020-03-11 00:00:00-04:00,129.97433820244544,132.19244777808748,128.045126822214,130.49624633789062,7211800,0.0,0.0
2020-03-12 00:00:00-04:00,121.8940417990171,127.21567061453437,117.364611277007,117.448486328125,7836300,0.0,0.0
2020-03-13 00:00:00-04:00,123.90712841468748,129.8904571533203,119.76912190624789,129.8904571533203,6841700,0.0,0.0
2020-03-16 00:00:00-04:00,122.08974840099974,129.24736957281388,119.52679566739096,120.57994079589844,6619700,0.0,0.0
2020-03-17 00:00:00-04:00,124.14945999574658,133.8234337337106,122.1829753237015,133.4599609375,8909200,0.0,0.0
2020-03-18 00:00:00-04:00,127.06659582733096,134.20559110027293,124.9603187532109,133.35748291015625,6734600,0.0,0.0
2020-03-19 00:00:00-04:00,132.7982615669444,133.25492413134373,122.20160528426747,124.03761291503906,6554800,0.0,0.0
2020-03-20 00:00:00-04:00,123.17087025621757,123.25474530881064,112.05231336284535,114.07471466064453,9113500,0.0,0.0
2020-03-23 00:00:00-04:00,112.72333764238512,118.24999695189982,109.09792444939714,110.95257568359375,7299300,0.0,0.0
2020-03-24 00:00:00-04:00,114.8575952507908,116.125092835603,109.42413918185333,114.53140258789062,6827300,0.0,0.0
2020-03-25 00:00:00-04:00,111.94980254625338,117.56033717920874,111.10169458787747,113.64601135253906,6472100,0.0,0.0
2020-03-26 00:00:00-04:00,114.90414987397875,126.5073389509311,113.64597462985385,125.21188354492188,6723600,0.0,0.0
2020-03-27 00:00:00-04:00,121.76356073867386,128.25016800875923,121.34417127599299,124.98822784423828,4717400,0.0,0.0
2020-03-30 00:00:00-04:00,124.76455832644541,132.12723248034936,124.42904388119243,129.0237274169922,5057400,0.0,0.0
2020-03-31 00:00:00-04:00,127.64442839327923,132.36026122313183,125.37038705534191,129.2847137451172,7560100,0.0,0.0
2020-04-01 00:00:00-04:00,124.88573122003986,127.85875948488113,123.9351045079962,127.14112854003906,3297900,0.0,0.0
2020-04-02 00:00:00-04:00,126.1438923687301,133.0871621936882,123.9816851947083,132.5093231201172,4725000,0.0,0.0
2020-04-03 00:00:00-04:00,131.33506021908457,134.76476551268007,129.04238969616998,130.1607666015625,4013200,0.0,0.0
2020-04-06 00:00:00-04:00,132.59318512634542,133.73951988636884,130.7571780362242,131.9780731201172,4159900,0.0,0.0
2020-04-07 00:00:00-04:00,133.39473032807047,134.95114021974356,130.52422100334925,132.22975158691406,3900600,0.0,0.0
2020-04-08 00:00:00-04:00,132.38815445510346,137.23446198315835,130.94357832688453,136.27452087402344,4006600,0.0,0.0
2020-04-09 00:00:00-04:00,134.68085075898333,136.44229796269053,133.78615509220603,135.81787109375,4415300,0.0,0.0
2020-04-13 00:00:00-04:00,135.10957836397915,136.6193862924601,133.1617372822593,134.59698486328125,2289000,0.0,0.0
2020-04-14 00:00:00-04:00,137.26248802107222,141.24206036732747,134.25218619099257,140.8319854736328,3809600,0.0,0.0
2020-04-15 00:00:00-04:00,138.80958347920136,142.96622068916614,138.4088232985109,140.897216796875,3614400,0.0,0.0
2020-04-16 00:00:00-04:00,142.49079837913197,145.0071481882242,141.66133455485172,144.2056427001953,3512900,0.0,0.0
2020-04-17 00:00:00-04:00,144.84882502167986,146.94578718960184,142.62138577659127,146.5916290283203,3709900,0.0,0.0
2020-04-20 00:00:00-04:00,145.97645179211852,149.30362256650076,145.0258254761834,147.0575408935547,2562200,0.0,0.0
2020-04-21 00:00:00-04:00,144.83946590225787,145.20293866442123,141.1115343022518,142.28582763671875,4270200,0.0,0.0
2020-04-22 00:00:00-04:00,144.09391611259736,146.58230942905814,143.12465988895013,146.05108642578125,3278000,0.0,0.0
2020-04-23 00:00:00-04:00,146.4890792532576,151.5031522802674,143.52538017694968,149.05203247070312,5692900,0.0,0.0
2020-04-24 00:00:00-04:00,150.9812090153571,153.68395336491494,149.68575353153162,151.8479461669922,4414000,0.0,0.0
2020-04-27 00:00:00-04:00,152.84518350045093,153.31117491356207,149.78828096811625,150.3195037841797,3210300,0.0,0.0
2020-04-28 00:00:00-04:00,149.99333901741622,150.96259503317617,145.93920747575677,146.60092163085938,3270200,0.0,0.0
2020-04-29 00:00:00-04:00,147.02960741776906,147.281246765914,144.14978386108962,144.60646057128906,3240700,0.0,0.0
2020-04-30 00:00:00-04:00,144.6437342882412,146.30266260994648,142.85432893744436,144.121826171875,4175800,0.0,0.0
2020-05-01 00:00:00-04:00,143.26440177508113,144.08455121623467,141.26064437881573,143.18052673339844,2576400,0.0,0.0
2020-05-04 00:00:00-04:00,144.1311824285657,145.38936531679607,140.97176025109576,142.8543701171875,2228500,0.0,0.0
2020-05-05 00:00:00-04:00,143.33899536593992,148.39034177040264,142.3604103231328,147.1508026123047,2862600,0.0,0.0
2020-05-06 00:00:00-04:00,147.68209106484156,148.12943910057123,145.7156055853383,146.0231475830078,1964800,0.0,0.0
2020-05-07 00:00:00-04:00,146.7873426365695,146.96442170621066,142.3324644231153,142.56546020507812,2330600,0.0,0.0
2020-05-08 00:00:00-04:00,143.71176556812136,143.91680295126088,142.17399941550605,143.06869506835938,1966600,0.0,0.0
2020-05-11 00:00:00-04:00,143.03140979286744,148.6233069188931,142.66793704851295,147.76588439941406,3196200,0.0,0.0
2020-05-12 00:00:00-04:00,148.99611304626904,150.4220458544465,146.87119300973274,146.9923553466797,2329400,0.0,0.0
2020-05-13 00:00:00-04:00,146.3492704133251,148.5114775195621,145.4266022431917,147.18804931640625,2650000,0.0,0.0
2020-05-14 00:00:00-04:00,146.01760677571687,148.83607661934394,144.02313319267498,148.30235290527344,2393900,0.74,0.0
2020-05-15 00:00:00-04:00,148.53643768849514,149.36043390567892,146.101868989655,149.09825134277344,2824500,0.0,0.0
2020-05-18 00:00:00-04:00,151.07402624440272,152.03848680066378,147.11318268384122,147.9091033935547,2703700,0.0,0.0
2020-05-19 00:00:00-04:00,146.86972746182897,149.00465118703198,145.39961883034505,146.72926330566406,2339400,0.0,0.0
2020-05-20 00:00:00-04:00,145.39024579356422,147.4127951348969,141.96312646982366,143.38641357421875,3780800,0.0,0.0
2020-05-21 00:00:00-04:00,143.4051223021619,143.4051223021619,140.1933786601844,142.59048461914062,3049800,0.0,0.0
2020-05-22 00:00:00-04:00,142.5343444467986,142.85270704532,140.6147817168484,141.5417938232422,2355000,0.0,0.0
2020-05-26 00:00:00-04:00,141.4949408744448,142.10357595869024,137.7962804126072,138.54537963867188,5013400,0.0,0.0
2020-05-27 00:00:00-04:00,138.74202032220424,138.74202032220424,134.48153153449917,136.42918395996094,5376100,0.0,0.0
2020-05-28 00:00:00-04:00,138.0490948554005,142.42195762884623,137.18763571681922,141.064208984375,3982700,0.0,0.0
2020-05-29 00:00:00-04:00,142.00998359316455,143.86399357597327,140.39942484837863,143.2178955078125,9466300,0.0,0.0
2020-06-01 00:00:00-04:00,144.64112105009016,145.12803760557154,141.28891366928434,142.74964904785156,5233800,0.0,0.0
2020-06-02 00:00:00-04:00,142.40319308441374,144.27593363372816,141.4293599975594,144.06993103027344,3269400,0.0,0.0
2020-06-03 00:00:00-04:00,143.58302740680847,144.56621914124392,141.25147435735397,142.82456970214844,3190300,0.0,0.0
2020-06-04 00:00:00-04:00,142.52494747133218,143.77030755272338,140.1840214286171,141.12039184570312,3328700,0.0,0.0
2020-06-05 00:00:00-04:00,140.1746479292883,142.10356869346782,138.90118359644964,139.71583557128906,4578800,0.0,0.0
2020-06-08 00:00:00-04:00,137.41235806928722,139.75328410113198,137.19699687496353,139.71583557128906,4076400,0.0,0.0
2020-06-09 00:00:00-04:00,140.2214599620766,142.09420066273873,139.62218350937982,139.6409149169922,4302100,0.0,0.0
2020-06-10 00:00:00-04:00,140.4181334330031,142.70286556453266,140.3057592516697,141.39195251464844,4940200,0.0,0.0
2020-06-11 00:00:00-04:00,142.18783251010493,142.553016347217,133.94777120145554,134.9122314453125,4547400,0.0,0.0
2020-06-12 00:00:00-04:00,136.2793881666539,137.06595042946327,132.4683667697418,134.40664672851562,3973200,0.0,0.0
2020-06-15 00:00:00-04:00,132.96459048881064,133.80731809365903,130.7922044057417,132.51513671875,3709900,0.0,0.0
2020-06-16 00:00:00-04:00,146.37345039605177,156.7765134306186,145.13743441894644,153.29322814941406,15029300,0.0,0.0
2020-06-17 00:00:00-04:00,153.78010081831758,153.90183353771036,149.25743024744025,149.79116821289062,4711200,0.0,0.0
2020-06-18 00:00:00-04:00,149.07015994451658,152.60028023760916,148.13378957515673,150.82118225097656,3631600,0.0,0.0
2020-06-19 00:00:00-04:00,151.90737408459043,152.1414666970622,148.189982255508,149.76309204101562,6004900,0.0,0.0
2020-06-22 00:00:00-04:00,149.05146694496236,151.20512220703193,148.80801572983094,150.24066162109375,2647300,0.0,0.0
2020-06-23 00:00:00-04:00,150.6526250693033,152.50663436205835,148.83606430388934,149.2012481689453,2771500,0.0,0.0
2020-06-24 00:00:00-04:00,148.46154089940964,149.62263113814927,146.38279731265257,147.0382537841797,3096000,0.0,0.0
2020-06-25 00:00:00-04:00,147.60945884330093,152.99358972147394,146.73864105510117,152.497314453125,3735400,0.0,0.0
2020-06-26 00:00:00-04:00,152.0010225212438,153.36811542792114,149.98781740607527,152.46920776367188,5290400,0.0,0.0
2020-06-29 00:00:00-04:00,153.4243141887499,153.76140814476614,150.7837424853093,152.3662109375,2640300,0.0,0.0
2020-06-30 00:00:00-04:00,152.73139784653216,154.66031885387167,151.97294000266376,153.73330688476562,3296300,0.0,0.0
2020-07-01 00:00:00-04:00,153.86441899909562,154.94123943999267,152.17894911465936,152.90931701660156,2065100,0.0,0.0
2020-07-02 00:00:00-04:00,153.63032448254563,154.28578101630885,152.0384831018453,153.4430389404297,1960200,0.0,0.0
2020-07-06 00:00:00-04:00,153.99548550306943,158.17168957351706,153.57410738392187,156.27085876464844,2760100,0.0,0.0
2020-07-07 00:00:00-04:00,155.5498373587204,157.66604348564746,154.75393113707412,156.13975524902344,3273300,0.0,0.0
2020-07-08 00:00:00-04:00,156.22408082706454,159.0144757408286,156.22408082706454,158.36837768554688,2781800,0.0,0.0
2020-07-09 00:00:00-04:00,159.07058307962285,159.88522062724303,153.293180335778,155.85882568359375,2955200,0.0,0.0
2020-07-10 00:00:00-04:00,155.56854689657308,155.56854689657308,152.38489388178772,152.96543884277344,2245100,0.0,0.0
2020-07-13 00:00:00-04:00,154.13596905130854,156.37389427207017,150.7931190640756,151.76695251464844,3455600,0.0,0.0
2020-07-14 00:00:00-04:00,152.51603730198124,154.28577704148907,151.25193136466973,153.45240783691406,2642900,0.0,0.0
2020-07-15 00:00:00-04:00,154.67903418251004,155.88694575495353,153.4711083221876,154.9224853515625,2346200,0.0,0.0
2020-07-16 00:00:00-04:00,154.45427726049994,154.9131038485603,152.25381564057687,154.5010986328125,1486800,0.0,0.0
2020-07-17 00:00:00-04:00,155.47495199853037,156.61732515497886,154.60413428910715,155.40005493164062,2935800,0.0,0.0
2020-07-20 00:00:00-04:00,155.89632359340786,157.0386967017738,155.1846728969888,156.41131591796875,1806200,0.0,0.0
2020-07-21 00:00:00-04:00,156.2521376833601,156.58923162823166,154.27639539578414,154.78204345703125,1540700,0.0,0.0
2020-07-22 00:00:00-04:00,155.00672891742758,155.29701570427022,152.00098833820385,154.3512725830078,1686500,0.0,0.0
2020-07-23 00:00:00-04:00,154.7445387010561,154.93182417691486,150.5589626398016,151.24252319335938,2408800,0.0,0.0
2020-07-24 00:00:00-04:00,151.19570604813705,151.19570604813705,148.36786388060645,149.3885040283203,2247900,0.0,0.0
2020-07-27 00:00:00-04:00,149.44474779313134,151.44858022942861,148.4990043788452,150.2874755859375,2709700,0.0,0.0
2020-07-28 00:00:00-04:00,151.38300490494547,154.88503543830717,151.08337379862314,152.30064392089844,3483100,0.0,0.0
2020-07-29 00:00:00-04:00,152.18828404831257,152.65646926086205,150.8492811986028,151.45791625976562,3108900,0.0,0.0
2020-07-30 00:00:00-04:00,148.36792665838684,148.4147480484707,140.8769614572022,143.26470947265625,6638100,0.0,0.0
2020-07-31 00:00:00-04:00,143.38643036027867,143.5830601793194,139.27576411791023,140.7271270751953,5342700,0.0,0.0
2020-08-03 00:00:00-04:00,143.07737386519636,144.06056546333437,141.59790718866145,143.1148223876953,3615000,0.0,0.0
2020-08-04 00:00:00-04:00,143.62051297110668,146.07379912792845,143.34895752279704,144.99697875976562,3260000,0.0,0.0
2020-08-05 00:00:00-04:00,147.3004149559169,147.46896904573364,143.5455750602016,144.51939392089844,2386400,0.0,0.0
2020-08-06 00:00:00-04:00,144.06059367556003,145.60559914100446,141.3919322848339,143.15231323242188,2176200,0.0,0.0
2020-08-07 00:00:00-04:00,143.22724671762137,143.7328805318476,141.9350507765487,143.1991424560547,2017100,0.0,0.0
2020-08-10 00:00:00-04:00,143.19915666896242,143.7235362348664,141.888243473908,143.26470947265625,1745200,0.0,0.0
2020-08-11 00:00:00-04:00,143.39577115263168,143.39577115263168,140.6428397241589,141.0454864501953,2103400,0.0,0.0
2020-08-12 00:00:00-04:00,141.19533169375202,143.42389853388573,141.0174332624132,142.84335327148438,2430400,0.0,0.0
2020-08-13 00:00:00-04:00,141.91178089562993,142.73038950493182,140.94260492829258,141.5730438232422,2077700,0.74,0.0
2020-08-14 00:00:00-04:00,140.95204974930434,142.73041612159233,140.34043345474427,141.22491455078125,1538000,0.0,0.0
2020-08-17 00:00:00-04:00,142.00586324290504,143.6807258607962,141.47894210795377,142.579833984375,2704700,0.0,0.0
2020-08-18 00:00:00-04:00,143.16320942863751,144.10414413236177,142.22227472491323,144.06651306152344,1959700,0.0,0.0
2020-08-19 00:00:00-04:00,144.72516187781505,145.28972843289802,143.03147657009004,143.29493713378906,1938800,0.0,0.0
2020-08-20 00:00:00-04:00,143.5395686180931,143.82185185488083,141.93998275299177,142.40103149414062,1830200,0.0,0.0
2020-08-21 00:00:00-04:00,142.4010700692348,142.41048860610962,139.21130165175583,140.4439239501953,3112000,0.0,0.0
2020-08-24 00:00:00-04:00,141.18729301086043,141.5166116309239,139.49360721865614,140.6885986328125,2268400,0.0,0.0
2020-08-25 00:00:00-04:00,141.47896977413617,142.3728550426936,140.49098527414031,140.83912658691406,2216100,0.0,0.0
2020-08-26 00:00:00-04:00,140.37806597970027,140.63212239738286,138.70320317391634,140.4439239501953,3029700,0.0,0.0
2020-08-27 00:00:00-04:00,141.68597197272038,142.02470909430482,140.14283938717486,140.1710662841797,3146100,0.0,0.0
2020-08-28 00:00:00-04:00,140.04874670668818,140.34043422772675,138.2986072229297,138.63734436035156,2102600,0.0,0.0
2020-08-31 00:00:00-04:00,138.64673936572447,140.00167332791278,138.34563335799947,139.62530517578125,4430700,0.0,0.0
2020-09-01 00:00:00-04:00,139.8323232364614,140.38747133073107,137.98808468432173,138.59970092773438,2358700,0.0,0.0
2020-09-02 00:00:00-04:00,138.11982271385264,141.14022995214015,137.85636209987743,140.71681213378906,2406800,0.0,0.0
2020-09-03 00:00:00-04:00,143.20083958303968,144.31113552339733,138.7502229292384,140.21807861328125,4226100,0.0,0.0
2020-09-04 00:00:00-04:00,139.9828452215254,143.56780376977048,139.2112719537287,141.99644470214844,4361800,0.0,0.0
2020-09-08 00:00:00-04:00,142.0341146562254,142.37285178110602,139.72882711406433,140.49098205566406,4351200,0.0,0.0
2020-09-09 00:00:00-04:00,141.72359821480734,145.0168700899385,141.431910717357,142.99386596679688,2328500,0.0,0.0
2020-09-10 00:00:00-04:00,141.02733676077509,141.70481108231425,137.11304387133288,137.58351135253906,3961300,0.0,0.0
2020-09-11 00:00:00-04:00,138.84432333107102,140.3780515007979,138.20449462070906,139.343017578125,3001400,0.0,0.0
2020-09-14 00:00:00-04:00,140.28400627209575,141.62013234984562,138.7596960516753,140.19932556152344,3072500,0.0,0.0
2020-09-15 00:00:00-04:00,141.10259229364263,142.8997668928244,140.59447944929886,141.2154998779297,2923500,0.0,0.0
2020-09-16 00:00:00-04:00,142.75865398842387,143.6619435142919,141.8835770053656,142.04354858398438,3618800,0.0,0.0
2020-09-17 00:00:00-04:00,141.26254104406905,143.66191321185988,140.63211647361783,143.46432495117188,3620700,0.0,0.0
2020-09-18 00:00:00-04:00,143.05973836000123,145.3744445714608,143.05973836000123,145.06393432617188,13209800,0.0,0.0
2020-09-21 00:00:00-04:00,144.12298425410958,144.58404748333166,140.25574158040578,142.25051879882812,3501600,0.0,0.0
2020-09-22 00:00:00-04:00,141.99648362317734,142.61750407857264,140.3404290754565,141.0084991455078,2926400,0.0,0.0
2020-09-23 00:00:00-04:00,141.1872552790344,142.6362884066261,139.91698768497398,140.96142578125,3545700,0.0,0.0
2020-09-24 00:00:00-04:00,140.44392560862042,140.8203081499143,138.6655593788939,140.0205078125,3424200,0.0,0.0
2020-09-25 00:00:00-04:00,139.62532877376597,141.5166027477856,139.11723024676255,141.38487243652344,2440600,0.0,0.0
2020-09-28 00:00:00-04:00,142.0811215302226,142.62686530933408,139.1642185902356,139.3524169921875,2427100,0.0,0.0
2020-09-29 00:00:00-04:00,139.23953333789783,139.67236968078498,137.31061404806638,137.62112426757812,3308300,0.0,0.0
2020-09-30 00:00:00-04:00,137.7528819172755,139.68180159003532,136.49203242957984,139.27720642089844,5083900,0.0,0.0
2020-10-01 00:00:00-04:00,139.56887150120394,139.92643134752214,135.55107557148045,135.76748657226562,3809200,0.0,0.0
2020-10-02 00:00:00-04:00,135.184055274835,138.26091505037064,134.8076872251302,136.6331024169922,3880000,0.0,0.0
2020-10-05 00:00:00-04:00,136.50138267385364,138.7596198609985,135.66393713736736,137.96923828125,2790600,0.0,0.0
2020-10-06 00:00:00-04:00,138.2515649859301,139.09841505345022,135.42876014258545,135.61695861816406,2409200,0.0,0.0
2020-10-07 00:00:00-04:00,139.7476380095499,141.03671406802042,138.17627864463736,140.16165161132812,4602800,0.0,0.0
2020-10-08 00:00:00-04:00,143.39848324918896,144.847531138801,141.61071255463344,144.4335174560547,4686100,0.0,0.0
2020-10-09 00:00:00-04:00,144.9886298742606,147.86788786623444,144.96982151697782,147.6138458251953,4590600,0.0,0.0
2020-10-12 00:00:00-04:00,147.56682020277864,147.86791190101408,145.29916367697155,145.3650360107422,3242700,0.0,0.0
2020-10-13 00:00:00-04:00,143.96302783661426,145.2144728733912,139.77587074816563,141.2154998779297,5963900,0.0,0.0
2020-10-14 00:00:00-04:00,141.4977703402472,141.70477713098302,138.9854763154351,139.69117736816406,2710200,0.0,0.0
2020-10-15 00:00:00-04:00,137.85635617455475,138.23273871943215,136.7931095844004,138.11041259765625,3785900,0.0,0.0
2020-10-16 00:00:00-04:00,138.42091044594002,139.61590158817992,137.3764723082,137.4893798828125,2918900,0.0,0.0
2020-10-19 00:00:00-04:00,138.31743281351228,138.70321957532934,133.81036087792145,134.36550903320312,3158900,0.0,0.0
2020-10-20 00:00:00-04:00,134.89246040082773,135.6075659287417,133.71629149190505,135.10887145996094,2188700,0.0,0.0
2020-10-21 00:00:00-04:00,133.88559774221167,134.8641779113306,132.86940085835508,132.96348571777344,1983700,0.0,0.0
2020-10-22 00:00:00-04:00,133.17052440548088,133.85740290960445,132.48364590135728,133.28343200683594,3056600,0.0,0.0
2020-10-23 00:00:00-04:00,133.83857609389057,136.15326774768565,133.3492859596023,133.97030639648438,2427200,0.0,0.0
2020-10-26 00:00:00-04:00,133.51865896539056,133.88562300868125,131.7779379836382,133.33047485351562,2947100,0.0,0.0
2020-10-27 00:00:00-04:00,125.16319395282412,128.0424531290376,124.08110994796883,124.10933685302734,11374600,0.0,0.0
2020-10-28 00:00:00-04:00,122.75434469058014,126.17934635205032,122.61319587404232,123.55413055419922,6188000,0.0,0.0
2020-10-29 00:00:00-04:00,124.2033693201303,125.26663003068721,122.67905983651784,124.72088623046875,4099900,0.0,0.0
2020-10-30 00:00:00-04:00,123.97756780440457,125.23843138600881,121.57819547833192,122.75436401367188,4335300,0.0,0.0
2020-11-02 00:00:00-05:00,124.71147953837318,126.03820091881393,122.31210752558468,123.85523986816406,3449500,0.0,0.0
2020-11-03 00:00:00-05:00,125.7465504721049,126.15115998044675,122.980199326678,123.24365997314453,3628400,0.0,0.0
2020-11-04 00:00:00-05:00,126.94153897047435,143.00329128075185,126.94153897047435,139.8135223388672,12211700,0.0,0.0
2020-11-05 00:00:00-05:00,138.95721247727815,140.02047315163415,136.15323143698836,136.9248046875,5731000,0.0,0.0
2020-11-06 00:00:00-05:00,136.48257780328436,138.6843615021899,130.88401934528832,134.30902099609375,6229800,0.0,0.0
2020-11-09 00:00:00-05:00,134.12086711621725,136.20033976079304,132.2954652965002,133.92327880859375,5493800,0.0,0.0
2020-11-10 00:00:00-05:00,138.8820075345864,140.38749487444966,135.29703323289476,137.90342712402344,5377000,0.0,0.0
2020-11-11 00:00:00-05:00,139.03253677846817,139.03253677846817,134.90183310839925,136.20973205566406,3046800,0.0,0.0
2020-11-12 00:00:00-05:00,135.17879173680993,135.68006271521492,132.2752876487089,133.3818359375,3463400,0.74,0.0
2020-11-13 00:00:00-05:00,134.70596834512213,135.44368197094767,133.65617785632045,134.65869140625,2142700,0.0,0.0
2020-11-16 00:00:00-05:00,135.30178054796664,136.47453990751885,132.4077282257541,132.96572875976562,4957600,0.0,0.0
2020-11-17 00:00:00-05:00,132.0010689517329,134.26145770054714,131.093123793165,133.54266357421875,3619200,0.0,0.0
2020-11-18 00:00:00-05:00,134.20465829843843,134.69646237667015,132.53065702296897,132.5684814453125,2795100,0.0,0.0
2020-11-19 00:00:00-05:00,132.64419222796616,136.0867931459712,131.38631687294324,135.63282775878906,4626100,0.0,0.0
2020-11-20 00:00:00-05:00,135.0937233170203,139.11324403122686,135.0937233170203,137.6000213623047,5063800,0.0,0.0
2020-11-23 00:00:00-05:00,137.6472667499799,137.7229300307801,133.50480675305792,135.6044158935547,3794200,0.0,0.0
2020-11-24 00:00:00-05:00,135.61390056453516,137.7418821362558,135.34908623455829,137.04200744628906,4127000,0.0,0.0
2020-11-25 00:00:00-05:00,137.04199087402634,137.4581317511807,134.8761851304872,136.90013122558594,3223700,0.0,0.0
2020-11-27 00:00:00-05:00,137.75132412965667,139.8982249701312,137.47705731999312,139.4442596435547,1754000,0.0,0.0
2020-11-30 00:00:00-05:00,138.40389547416703,140.1346552697189,137.04198518053303,137.75131225585938,5842200,0.0,0.0
2020-12-01 00:00:00-05:00,138.73492282618776,140.0306223537079,137.38246500942074,137.66619873046875,3954400,0.0,0.0
2020-12-02 00:00:00-05:00,137.47705384404753,139.11323102336934,136.5502037832597,137.28790283203125,3757400,0.0,0.0
2020-12-03 00:00:00-05:00,137.7986156485685,138.55523414792248,135.36799549577728,136.2948455810547,4059600,0.0,0.0
2020-12-04 00:00:00-05:00,136.25701462754606,140.65483689561478,136.19080383754698,140.39947509765625,3058600,0.0,0.0
2020-12-07 00:00:00-05:00,139.31185102249185,140.2859924584858,138.53631310109225,139.4253387451172,2637200,0.0,0.0
2020-12-08 00:00:00-05:00,139.00920732923143,141.99784263332802,138.9430109636202,141.20339965820312,2754400,0.0,0.0
2020-12-09 00:00:00-05:00,146.20648723229755,150.32058987089232,145.34583361979125,149.4315643310547,8364400,0.0,0.0
2020-12-10 00:00:00-05:00,151.20015106996902,153.21464453276639,149.6017984568853,152.2688751220703,6430600,0.0,0.0
2020-12-11 00:00:00-05:00,151.05833837165892,152.43915405883243,150.43412690311723,151.36097717285156,3441900,0.0,0.0
2020-12-14 00:00:00-05:00,151.97568860759878,153.48891100288648,149.2707875212053,149.34645080566406,4390100,0.0,0.0
2020-12-15 00:00:00-05:00,150.78401826114472,159.10679240535973,149.47886621806526,158.3501739501953,6974300,0.0,0.0
2020-12-16 00:00:00-05:00,160.4876336039897,163.79782695381843,157.70706888112593,162.7196502685547,6009900,0.0,0.0
2020-12-17 00:00:00-05:00,162.41700247270538,164.46932068582953,161.82117746328112,163.26820373535156,3521100,0.0,0.0
2020-12-18 00:00:00-05:00,163.16416058490563,163.51409068704655,159.83504785508958,162.10488891601562,7356400,0.0,0.0
2020-12-21 00:00:00-05:00,159.72155110235485,159.83503881959643,156.8085794323486,159.62696838378906,3655900,0.0,0.0
2020-12-22 00:00:00-05:00,158.61501269966766,159.25812904685583,156.87478581342813,157.67869567871094,2447900,0.0,0.0
2020-12-23 00:00:00-05:00,158.36913365325708,158.88930987541883,156.49651368477518,156.50596618652344,1697300,0.0,0.0
2020-12-24 00:00:00-05:00,156.85592281052473,158.83257817492574,156.85592281052473,157.6219940185547,627200,0.0,0.0
2020-12-28 00:00:00-05:00,158.14214487134984,158.51099444674077,156.2506056270274,157.47064208984375,1482000,0.0,0.0
2020-12-29 00:00:00-05:00,157.59358653031413,158.6528438203691,156.91263129205072,157.54629516601562,1712000,0.0,0.0
2020-12-30 00:00:00-05:00,158.35964553784086,159.25812366607855,157.64085149021304,157.9529571533203,1413300,0.0,0.0
2020-12-31 00:00:00-05:00,158.0097293271321,159.96746483697214,157.27201578414926,159.68373107910156,1643600,0.0,0.0
2021-01-04 00:00:00-05:00,159.8539381733184,160.28898398897095,154.25498540226505,156.5248260498047,3164800,0.0,0.0
2021-01-05 00:00:00-05:00,156.23166040682594,157.62194267643224,154.3495739741073,157.30038452148438,2322600,0.0,0.0
2021-01-06 00:00:00-05:00,154.14156249227,158.20837563802272,154.13210998926093,155.40890502929688,3619700,0.0,0.0
2021-01-07 00:00:00-05:00,155.27643148596377,158.05699615904848,153.00659043066472,156.8369598388672,3025500,0.0,0.0
2021-01-08 00:00:00-05:00,157.20578430053374,157.81107611417028,155.71146697877273,157.38548278808594,3438100,0.0,0.0
2021-01-11 00:00:00-05:00,174.96734345093176,179.0341548606451,172.14895460799858,175.8563690185547,11396500,0.0,0.0
2021-01-12 00:00:00-05:00,172.8771874429066,174.24856465892876,167.81732966046314,169.10357666015625,7179300,0.0,0.0
2021-01-13 00:00:00-05:00,170.07776470115093,177.44530421987457,169.61433235882728,175.44027709960938,7303900,0.0,0.0
2021-01-14 00:00:00-05:00,175.22269828974657,178.71258963518042,174.57011510400912,176.56568908691406,4413200,0.0,0.0
2021-01-15 00:00:00-05:00,176.6697326792422,181.3796604070502,176.6697326792422,180.4244384765625,6624600,0.0,0.0
2021-01-19 00:00:00-05:00,185.37084970038637,188.69996287862654,183.54552121964608,187.7163543701172,7729100,0.0,0.0
2021-01-20 00:00:00-05:00,187.99062402935326,190.82793277798618,187.90549379910735,190.3455810546875,5335800,0.0,0.0
2021-01-21 00:00:00-05:00,192.65321429377207,193.61790307446415,187.27178436692304,191.37643432617188,8698800,0.0,0.0
2021-01-22 00:00:00-05:00,191.0832765120119,195.33923955338008,189.6835415969477,194.9609375,6128800,0.0,0.0
2021-01-25 00:00:00-05:00,196.94703913250856,201.00438379882888,196.80516505358744,200.8341522216797,5959100,0.0,0.0
2021-01-26 00:00:00-05:00,201.02334869351466,201.6664651499248,199.17910070080904,201.1841278076172,6601500,0.0,0.0
2021-01-27 00:00:00-05:00,199.62357830980704,200.52205646213022,193.97733315494688,196.31338500976562,7358000,0.0,0.0
2021-01-28 00:00:00-05:00,196.72011609809545,200.35186862408634,196.31344201587902,198.7251434326172,5460400,0.0,0.0
2021-01-29 00:00:00-05:00,200.46533745089175,206.17777967561884,193.3720652143452,196.69171142578125,8401700,0.0,0.0
2021-02-01 00:00:00-05:00,198.10091295349827,198.5075869671774,192.08581753236345,192.12364196777344,5383800,0.0,0.0
2021-02-02 00:00:00-05:00,193.29636111789137,194.7339202639067,186.6476031658576,186.84620666503906,5314600,0.0,0.0
2021-02-03 00:00:00-05:00,187.08265821525305,189.71189621072878,186.21255202687158,186.2787628173828,3679000,0.0,0.0
2021-02-04 00:00:00-05:00,186.1369012276228,190.9319597319575,185.03035259538353,190.68605041503906,2924300,0.0,0.0
2021-02-05 00:00:00-05:00,190.68605254409795,191.91555584852418,189.957820379257,190.8279266357422,2732200,0.0,0.0
2021-02-08 00:00:00-05:00,191.4048194232444,195.23517402091522,190.960306642303,194.61097717285156,2909300,0.0,0.0
2021-02-09 00:00:00-05:00,192.7005427002874,193.83546325569822,189.45656012320245,190.77117919921875,2661300,0.0,0.0
2021-02-10 00:00:00-05:00,193.38146467312708,194.4028973267787,190.70493561825478,193.30580139160156,3062700,0.0,0.0
2021-02-11 00:00:00-05:00,192.6695161766201,193.91364592415135,191.48236725850802,192.39410400390625,3544700,0.85,0.0
2021-02-12 00:00:00-05:00,191.51083386227137,197.75049475602904,191.03597435406684,196.86724853515625,2611300,0.0,0.0
2021-02-16 00:00:00-05:00,195.62315446877037,197.05723971858725,193.37232462841507,195.41421508789062,2741900,0.0,0.0
2021-02-17 00:00:00-05:00,194.70193603706994,196.29747189475017,193.99915307457135,196.07904052734375,3329900,0.0,0.0
2021-02-18 00:00:00-05:00,194.97734083437032,195.09130249298966,190.84605681065344,191.00750732421875,3919400,0.0,0.0
2021-02-19 00:00:00-05:00,191.0170133116168,192.67902178961637,190.25723510907565,190.81756591796875,3434900,0.0,0.0
2021-02-22 00:00:00-05:00,189.16505141644708,191.47287646308018,188.0064073974744,190.58963012695312,2263600,0.0,0.0
2021-02-23 00:00:00-05:00,190.2382897286095,194.0371673093046,188.69024247717448,192.29917907714844,3287700,0.0,0.0
2021-02-24 00:00:00-05:00,191.52988183105236,196.07904521136865,191.49189943686088,194.23658752441406,2848800,0.0,0.0
2021-02-25 00:00:00-05:00,193.3343018197974,195.21474136303655,191.605806301426,193.5717315673828,2386700,0.0,0.0
2021-02-26 00:00:00-05:00,196.30694096410386,196.5823676266467,191.9002447874935,194.58795166015625,3887900,0.0,0.0
2021-03-01 00:00:00-05:00,195.43319248813523,197.76950781754167,194.48347340150164,196.0885009765625,2797400,0.0,0.0
2021-03-02 00:00:00-05:00,198.38683745823982,199.3935374629184,193.83768899608907,193.87567138671875,3445300,0.0,0.0
2021-03-03 00:00:00-05:00,193.14437227231443,194.037110561339,189.66841131614726,191.84326171875,3660300,0.0,0.0
2021-03-04 00:00:00-05:00,193.54326767040047,194.44551249562812,188.6237292141044,190.45668029785156,4308400,0.0,0.0
2021-03-05 00:00:00-05:00,190.9125620455724,197.2281890746341,190.77960193416789,196.51589965820312,3875900,0.0,0.0
2021-03-08 00:00:00-05:00,196.59187091195568,200.28627795474483,195.94606882336504,196.620361328125,3300300,0.0,0.0
2021-03-09 00:00:00-05:00,197.86448217364733,201.49241624483852,195.69912369350956,195.74661254882812,4227300,0.0,0.0
2021-03-10 00:00:00-05:00,196.4874561125214,197.57962768162454,194.11315749136784,195.11985778808594,3400200,0.0,0.0
2021-03-11 00:00:00-05:00,196.12646883101405,196.82926612000927,193.99910750919008,194.891845703125,4037300,0.0,0.0
2021-03-12 00:00:00-05:00,194.5879925126701,197.97849746920605,192.1092244872024,197.6175994873047,4541400,0.0,0.0
2021-03-15 00:00:00-04:00,183.30530564980108,183.46675618192535,178.73715841522048,179.64889526367188,12388500,0.0,0.0
2021-03-16 00:00:00-04:00,181.90924193689065,181.98522122555536,177.81595376671507,181.30142211914062,6194200,0.0,0.0
2021-03-17 00:00:00-04:00,180.19022208999263,180.2851998078476,177.17961392602365,177.341064453125,5134200,0.0,0.0
2021-03-18 00:00:00-04:00,176.6667630568645,177.68295502737493,174.55838535212337,174.6818389892578,4240000,0.0,0.0
2021-03-19 00:00:00-04:00,175.41313102060442,176.45782792340685,174.63436882252284,175.02374267578125,6048600,0.0,0.0
2021-03-22 00:00:00-04:00,174.79579781440322,176.5622758651004,173.9885308078966,176.49578857421875,2666600,0.0,0.0
2021-03-23 00:00:00-04:00,176.03050220905067,177.2746323441374,174.03608560872172,174.4444580078125,3284700,0.0,0.0
2021-03-24 00:00:00-04:00,174.46339282721073,174.5963529193042,170.77849263566515,171.1108856201172,3931500,0.0,0.0
2021-03-25 00:00:00-04:00,171.89916939648066,174.40642742017008,171.15838960481545,173.8840789794922,2630500,0.0,0.0
2021-03-26 00:00:00-04:00,174.7958211863972,176.56229947329064,173.44722166502598,175.99246215820312,2868200,0.0,0.0
2021-03-29 00:00:00-04:00,175.37516642537065,178.23381625265927,174.2829805540554,176.97068786621094,3002600,0.0,0.0
2021-03-30 00:00:00-04:00,176.20144879826248,177.46457740861166,175.42268638311438,176.17295837402344,2523600,0.0,0.0
2021-03-31 00:00:00-04:00,176.23938005758626,178.49020968364147,175.94495496414973,177.42652893066406,3621300,0.0,0.0
2021-04-01 00:00:00-04:00,177.42652221321487,178.61367104134666,175.37512556022807,175.92596435546875,2340400,0.0,0.0
2021-04-05 00:00:00-04:00,176.2583673778613,176.55277798536721,173.893576052047,175.59356689453125,2864800,0.0,0.0
2021-04-06 00:00:00-04:00,175.40364180856278,176.29638017746234,173.31426246161178,173.60867309570312,2488400,0.0,0.0
2021-04-07 00:00:00-04:00,173.70362586532693,173.96954606666526,172.10810465729693,173.15280151367188,3406600,0.0,0.0
2021-04-08 00:00:00-04:00,173.7511237043466,174.7198413402013,173.2952625487064,173.42822265625,2393200,0.0,0.0
2021-04-09 00:00:00-04:00,173.3522584407305,175.83102633292341,173.2382967648119,175.21371459960938,2611200,0.0,0.0
2021-04-12 00:00:00-04:00,174.20699735749687,174.6913634559548,171.78522483147088,172.67796325683594,2876100,0.0,0.0
2021-04-13 00:00:00-04:00,172.07010724797314,174.4064227143466,172.07010724797314,173.35223388671875,3089100,0.0,0.0
2021-04-14 00:00:00-04:00,173.40919570075195,175.194672129804,172.8963537964298,173.798583984375,2002100,0.0,0.0
2021-04-15 00:00:00-04:00,174.54888606147614,178.2812900674116,174.18800261835557,176.57179260253906,2586600,0.0,0.0
2021-04-16 00:00:00-04:00,177.95835924720393,180.73153711895887,177.48349972481654,179.7343292236328,3731800,0.0,0.0
2021-04-19 00:00:00-04:00,179.72493060346582,181.28247006625634,178.61376048289915,180.1048126220703,2966400,0.0,0.0
2021-04-20 00:00:00-04:00,180.83601428168768,183.77064277358528,180.60807648454065,181.0259552001953,2460900,0.0,0.0
2021-04-21 00:00:00-04:00,181.9281756252835,183.3052653246882,180.25667534432716,181.34884643554688,2219800,0.0,0.0
2021-04-22 00:00:00-04:00,180.4466579092123,181.65280541708594,177.3600703397126,177.64498901367188,2982600,0.0,0.0
2021-04-23 00:00:00-04:00,177.6259902148341,179.6204064369843,177.6259902148341,179.23101806640625,2482800,0.0,0.0
2021-04-26 00:00:00-04:00,179.08855369852319,179.16451848075772,176.70474926921074,177.80642700195312,2797500,0.0,0.0
2021-04-27 00:00:00-04:00,174.74831540747397,176.52428549741265,171.69971070261,173.04832458496094,6838700,0.0,0.0
2021-04-28 00:00:00-04:00,172.32654322772524,172.8488916778118,169.60085380395276,171.4718017578125,4682800,0.0,0.0
2021-04-29 00:00:00-04:00,171.9561543206105,173.44722040571017,170.94945429728796,173.03883361816406,2432500,0.0,0.0
2021-04-30 00:00:00-04:00,172.6969688934893,174.70087736857542,172.07965709200016,173.58021545410156,3103900,0.0,0.0
2021-05-03 00:00:00-04:00,173.7891222918128,176.98017939571986,173.7226349916065,176.57179260253906,3197000,0.0,0.0
2021-05-04 00:00:00-04:00,178.10084196905092,180.52262884847286,177.3885525628424,178.73715209960938,3703500,0.0,0.0
2021-05-05 00:00:00-04:00,179.16450616982337,183.8371369922374,178.70864504991604,183.11534118652344,4274400,0.0,0.0
2021-05-06 00:00:00-04:00,181.91872790524846,184.34051492659836,179.8008580043097,184.1410675048828,3101600,0.0,0.0
2021-05-07 00:00:00-04:00,185.02432383466996,186.40141394258873,184.15056931261984,185.59414672851562,2526700,0.0,0.0
2021-05-10 00:00:00-04:00,186.306407923314,186.72428667695138,183.77065947726658,184.96730041503906,2242000,0.0,0.0
2021-05-11 00:00:00-04:00,183.66614533306623,185.9074826124238,183.30524749835817,184.957763671875,1850200,0.0,0.0
2021-05-12 00:00:00-04:00,184.9578159633631,185.8125574548861,183.0393791034348,183.48574829101562,2397400,0.0,0.0
2021-05-13 00:00:00-04:00,183.39038406686254,187.072501073004,182.91342598086288,185.9564208984375,2174300,0.85,0.0
2021-05-14 00:00:00-04:00,186.69091916558324,188.17902589553563,185.93731732438684,187.16787719726562,1823700,0.0,0.0
2021-05-17 00:00:00-04:00,187.42542818447495,190.41119018639466,186.09948540940343,186.5192108154297,2466000,0.0,0.0
2021-05-18 00:00:00-04:00,186.01360402192913,187.30139633355242,184.65904516495448,185.66065979003906,2369400,0.0,0.0
2021-05-19 00:00:00-04:00,184.68770479713965,188.2935066487151,184.210746726237,187.4540557861328,3070500,0.0,0.0
2021-05-20 00:00:00-04:00,188.0740477584391,191.81339604990447,187.12966585062807,190.33482360839844,3494400,0.0,0.0
2021-05-21 00:00:00-04:00,190.78321221777958,192.61472930839778,190.2776378698508,190.6687469482422,2579000,0.0,0.0
2021-05-24 00:00:00-04:00,191.73712793039223,194.23638334810954,190.82136210894552,191.75621032714844,2074900,0.0,0.0
2021-05-25 00:00:00-04:00,192.14726948721835,192.5479269673436,189.96280851778008,190.03912353515625,2919100,0.0,0.0
2021-05-26 00:00:00-04:00,190.04866821395044,193.11074477877955,189.11383467046704,191.72756958007812,2891300,0.0,0.0
2021-05-27 00:00:00-04:00,191.40325597377142,192.09962519345808,186.4905939751835,190.02008056640625,9340300,0.0,0.0
2021-05-28 00:00:00-04:00,189.94376416216235,192.9581424519671,189.38095717135823,190.5352020263672,2386000,0.0,0.0
2021-06-01 00:00:00-04:00,191.08845001419834,191.63217453656753,187.6161819842101,189.2760009765625,3070200,0.0,0.0
2021-06-02 00:00:00-04:00,189.83879778222436,191.66078064229643,189.11382693914507,189.95327758789062,2030300,0.0,0.0
2021-06-03 00:00:00-04:00,189.81974454281146,194.25544799117696,189.45725181559274,193.3587646484375,3066600,0.0,0.0
2021-06-04 00:00:00-04:00,193.44460304509263,195.02810696590524,192.01372916485033,192.71009826660156,2817700,0.0,0.0
2021-06-07 00:00:00-04:00,192.68150145916061,222.57722593011084,192.52887140313914,212.26539611816406,17231400,0.0,0.0
2021-06-08 00:00:00-04:00,211.4927002126941,212.0268907868361,207.3526941518906,210.52923583984375,4618500,0.0,0.0
2021-06-09 00:00:00-04:00,211.1493332168454,216.28139190445552,210.10955361218657,215.5850372314453,4934900,0.0,0.0
2021-06-10 00:00:00-04:00,216.51029173873826,224.98106953967604,215.82347113025133,222.7775115966797,5598200,0.0,0.0
2021-06-11 00:00:00-04:00,216.5675463492931,219.00956895822503,211.3496247122194,213.76303100585938,5636000,0.0,0.0
2021-06-14 00:00:00-04:00,213.89657191772042,216.21459527249505,212.7423417557334,215.68040466308594,2720700,0.0,0.0
2021-06-15 00:00:00-04:00,215.68041967319664,216.2146103197823,212.59926042386277,213.2193145751953,2188900,0.0,0.0
2021-06-16 00:00:00-04:00,213.22885361073511,214.02060567934825,210.0523114157946,210.5865020751953,2548800,0.0,0.0
2021-06-17 00:00:00-04:00,210.11908141704714,212.81866544399546,210.11908141704714,211.9696807861328,1890700,0.0,0.0
2021-06-18 00:00:00-04:00,210.27171537694136,210.8631532467409,208.25896641339247,208.47836303710938,4016600,0.0,0.0
2021-06-21 00:00:00-04:00,209.0030201851844,213.45780655843402,208.030021702266,212.4084930419922,3671300,0.0,0.0
2021-06-22 00:00:00-04:00,212.3703001824415,213.30513368318427,210.347988588939,211.23513793945312,1658800,0.0,0.0
2021-06-23 00:00:00-04:00,211.95062923879323,211.99832795686098,206.9998021488254,207.09519958496094,2419600,0.0,0.0
2021-06-24 00:00:00-04:00,224.09395908964828,228.33888264592758,219.8013368192437,222.23382568359375,12290500,0.0,0.0
2021-06-25 00:00:00-04:00,222.37686969374874,222.7298284741507,218.81876746642058,219.6105194091797,6992200,0.0,0.0
2021-06-28 00:00:00-04:00,218.44678164714423,219.28623245275193,216.42448422156662,217.70272827148438,2507500,0.0,0.0
2021-06-29 00:00:00-04:00,217.73131666448464,220.7361460996068,217.3497561048382,218.79969787597656,1621200,0.0,0.0
2021-06-30 00:00:00-04:00,219.48650403037803,220.21148942366307,218.50397182636408,218.94277954101562,1786700,0.0,0.0
2021-07-01 00:00:00-04:00,218.93323822602912,220.83153615262776,218.12241842492054,220.4785919189453,1977300,0.0,0.0
2021-07-02 00:00:00-04:00,221.2798940724834,223.41667113693464,220.66938841915487,223.17819213867188,1994000,0.0,0.0
2021-07-06 00:00:00-04:00,222.86340432211526,224.7235376492578,222.4818291809044,224.57090759277344,3125400,0.0,0.0
2021-07-07 00:00:00-04:00,223.8650058883581,225.68698899049505,222.70124172834755,224.95248413085938,3141500,0.0,0.0
2021-07-08 00:00:00-04:00,223.05417351526074,226.33564678836424,221.40390295900437,226.1925506591797,2431500,0.0,0.0
2021-07-09 00:00:00-04:00,226.2402660701013,227.4803598365655,222.02395890860603,224.16073608398438,4030100,0.0,0.0
2021-07-12 00:00:00-04:00,224.3323964027996,227.03198009769218,224.31331400957598,225.13368225097656,2928600,0.0,0.0
2021-07-13 00:00:00-04:00,225.10515325758806,225.74427540028387,223.2450194757708,224.4564971923828,1974000,0.0,0.0
2021-07-14 00:00:00-04:00,224.92383317676186,226.29747445979945,223.91268460885976,225.45803833007812,2103400,0.0,0.0
2021-07-15 00:00:00-04:00,224.17980439131287,225.11465259501335,220.05889464774074,220.80294799804688,3611200,0.0,0.0
2021-07-16 00:00:00-04:00,221.7854799491601,222.30058820780224,220.55493465842395,221.74732971191406,2229100,0.0,0.0
2021-07-19 00:00:00-04:00,221.1940240753087,223.50249881212105,219.9443965722361,223.34986877441406,2305600,0.0,0.0
2021-07-20 00:00:00-04:00,224.17026391757423,226.7935329634182,223.15911526879998,224.18934631347656,2297800,0.0,0.0
2021-07-21 00:00:00-04:00,225.4866685722316,226.43103609595227,222.82523478304805,226.35472106933594,1651500,0.0,0.0
2021-07-22 00:00:00-04:00,226.34522100611284,228.6536963230476,225.47715382355986,227.4994659423828,1703500,0.0,0.0
2021-07-23 00:00:00-04:00,228.25302373572117,233.28016522864172,227.5662030379725,232.89859008789062,2448100,0.0,0.0
2021-07-26 00:00:00-04:00,231.39140171563437,233.97650581957984,231.39140171563437,232.0019073486328,2678800,0.0,0.0
2021-07-27 00:00:00-04:00,232.4788721348277,232.81273399768946,231.47725743503665,232.3548583984375,2116500,0.0,0.0
2021-07-28 00:00:00-04:00,232.1545153514254,236.9527113174632,231.45816079771868,235.14981079101562,1688000,0.0,0.0
2021-07-29 00:00:00-04:00,236.0941962925988,236.80009933163186,231.07660366393247,234.02420043945312,1924100,0.0,0.0
2021-07-30 00:00:00-04:00,233.61402579046046,234.61564051535544,231.44864692071596,232.27854919433594,1905100,0.0,0.0
2021-08-02 00:00:00-04:00,234.40572483788128,236.46618645377052,232.99393353318675,235.2356414794922,1958900,0.0,0.0
2021-08-03 00:00:00-04:00,233.4709123639821,247.4171579156337,232.27851751023346,244.19293212890625,5406200,0.0,0.0
2021-08-04 00:00:00-04:00,244.20250593649268,258.17737008288253,243.64923288730787,250.3743438720703,3892400,0.0,0.0
2021-08-05 00:00:00-04:00,251.14697819948233,253.2742211467806,249.28683054102484,252.01504516601562,2262400,0.0,0.0
2021-08-06 00:00:00-04:00,251.3664332112764,252.09138962969115,248.72406706315476,251.29965209960938,2155200,0.0,0.0
2021-08-09 00:00:00-04:00,252.3870557273407,260.4572051922706,252.3107552643564,254.84817504882812,3238500,0.0,0.0
2021-08-10 00:00:00-04:00,254.457129628518,258.58757369415525,253.91339044355854,257.03271484375,2060200,0.0,0.0
2021-08-11 00:00:00-04:00,257.16620385758984,258.4539962443317,250.5555731465085,251.92921447753906,2813300,0.0,0.0
2021-08-12 00:00:00-04:00,251.8813768244903,253.16374805121416,250.24489252017352,252.13975524902344,2100900,0.85,0.0
2021-08-13 00:00:00-04:00,251.8335933684644,254.2643723686186,251.7091791653351,252.84800720214844,1482300,0.0,0.0
2021-08-16 00:00:00-04:00,253.48911484248663,258.6377581921262,252.90533207346735,258.3315124511719,2623200,0.0,0.0
2021-08-17 00:00:00-04:00,259.49908946782523,264.006533329336,255.6902341312135,260.982421875,2096100,0.0,0.0
2021-08-18 00:00:00-04:00,260.31250071756097,262.9442398127145,256.50364598597537,256.9725646972656,2527400,0.0,0.0
2021-08-19 00:00:00-04:00,254.70455534066568,260.15944584572776,254.0155168474495,258.77178955078125,1901000,0.0,0.0
2021-08-20 00:00:00-04:00,257.79565408578304,261.1355616472781,257.4894082770226,259.2598571777344,1536800,0.0,0.0
2021-08-23 00:00:00-04:00,260.5899966885467,261.1737794298084,256.18783849374637,256.30267333984375,2438800,0.0,0.0
2021-08-24 00:00:00-04:00,254.7523364568561,255.93900210263016,250.52240145966957,251.46981811523438,3736000,0.0,0.0
2021-08-25 00:00:00-04:00,251.47939986980836,253.14456351221884,250.0534852199373,252.52252197265625,2388500,0.0,0.0
2021-08-26 00:00:00-04:00,252.64694134043307,254.16856145979125,249.3740022045986,250.0821990966797,1732900,0.0,0.0
2021-08-27 00:00:00-04:00,251.2305649084284,251.81434762144428,247.4599985495995,248.57969665527344,1839700,0.0,0.0
2021-08-30 00:00:00-04:00,249.80469397187534,252.7139703301003,248.44574664241125,251.02964782714844,1300700,0.0,0.0
2021-08-31 00:00:00-04:00,251.53683058829117,252.30244492800855,246.77097989110308,247.18251037597656,2733400,0.0,0.0
2021-09-01 00:00:00-04:00,247.42175422994083,247.6418446188017,243.54591750609225,246.3307647705078,2956800,0.0,0.0
2021-09-02 00:00:00-04:00,246.34035573886072,248.56059357512993,245.44077711908272,248.407470703125,1469700,0.0,0.0
2021-09-03 00:00:00-04:00,249.6133002683172,249.76642316142855,245.7374774293307,248.3692169189453,1124500,0.0,0.0
2021-09-07 00:00:00-04:00,247.86200174110687,249.60374173556374,243.46939293688322,243.84262084960938,2403700,0.0,0.0
2021-09-08 00:00:00-04:00,243.6512354118132,244.7135017650593,242.77078606817963,243.8809051513672,1542400,0.0,0.0
2021-09-09 00:00:00-04:00,242.39753351664305,243.09615117709714,229.363251427238,229.67906188964844,4976600,0.0,0.0
2021-09-10 00:00:00-04:00,231.78446345382307,233.4017892756756,228.31057737641316,229.20057678222656,4633500,0.0,0.0
2021-09-13 00:00:00-04:00,229.71731496620146,230.77958111747924,225.0376050787021,227.72677612304688,2832800,0.0,0.0
2021-09-14 00:00:00-04:00,228.4541159980441,229.47809425785763,222.00395686228242,223.06622314453125,3826000,0.0,0.0
2021-09-15 00:00:00-04:00,223.53515210390805,229.08573243704615,223.03751004025523,223.67869567871094,2802500,0.0,0.0
2021-09-16 00:00:00-04:00,224.0136154879171,224.5973836061065,219.85067723167788,221.10433959960938,2958700,0.0,0.0
2021-09-17 00:00:00-04:00,219.83156034742203,220.90339120805803,218.41519573575275,220.2047882080078,4480000,0.0,0.0
2021-09-20 00:00:00-04:00,218.28123456983556,222.7216958414266,217.5156347776437,221.67857360839844,2803400,0.0,0.0
2021-09-21 00:00:00-04:00,222.0804962031036,223.6691131162238,219.8602730086782,220.2717742919922,2172800,0.0,0.0
2021-09-22 00:00:00-04:00,220.10909866942424,221.0948034648227,217.7931699053016,218.48220825195312,2529600,0.0,0.0
2021-09-23 00:00:00-04:00,219.43921930432535,224.12849458094968,219.16168224439397,222.1953582763672,1912300,0.0,0.0
2021-09-24 00:00:00-04:00,222.759979466411,225.26730449882214,221.39146749195223,221.7168426513672,1642500,0.0,0.0
2021-09-27 00:00:00-04:00,220.08034647987066,221.12346849766175,215.90784380610788,216.6638641357422,2785900,0.0,0.0
2021-09-28 00:00:00-04:00,216.65433235343727,216.66389705687638,210.73052454467972,212.07032775878906,3583300,0.0,0.0
2021-09-29 00:00:00-04:00,215.7164856979897,221.48717077984148,214.90303320478498,220.45361328125,3971000,0.0,0.0
2021-09-30 00:00:00-04:00,222.76958255314383,226.96123073787462,220.8747340953986,221.11398315429688,3786100,0.0,0.0
2021-10-01 00:00:00-04:00,221.06607316961322,221.71682343203338,215.75474251709605,219.71670532226562,2215700,0.0,0.0
2021-10-04 00:00:00-04:00,218.00369254108278,220.29091240558785,214.5776450958752,215.18055725097656,4784700,0.0,0.0
2021-10-05 00:00:00-04:00,216.7022116014017,222.55902339519014,216.4438185509103,220.99911499023438,2802000,0.0,0.0
2021-10-06 00:00:00-04:00,220.64499516900474,220.9225321861406,216.32894847092064,218.05154418945312,2462700,0.0,0.0
2021-10-07 00:00:00-04:00,219.2668969382736,224.04231175805572,219.15206210257978,223.1522979736328,2001800,0.0,0.0
2021-10-08 00:00:00-04:00,223.38202713046059,225.66924721737797,221.59244910253574,223.87966918945312,2563000,0.0,0.0
2021-10-11 00:00:00-04:00,226.5209584125836,227.75549147436487,223.5542794676268,223.6212615966797,1892300,0.0,0.0
2021-10-12 00:00:00-04:00,224.60699261616244,224.96109112006314,222.0039619300174,222.76956176757812,1719200,0.0,0.0
2021-10-13 00:00:00-04:00,224.00406461640367,227.68849051877967,222.78867558658493,226.2721405029297,2105700,0.0,0.0
2021-10-14 00:00:00-04:00,226.8176447387182,228.18615678122433,224.0423618367211,226.51141357421875,1824700,0.0,0.0
2021-10-15 00:00:00-04:00,227.21002863312668,229.00918610321597,225.6788435246828,227.65025329589844,2598300,0.0,0.0
2021-10-18 00:00:00-04:00,227.71717623004108,232.2246334381186,226.5209313301117,228.702880859375,2546000,0.0,0.0
2021-10-19 00:00:00-04:00,228.77950243271871,232.11942432834172,228.77950243271871,231.88973999023438,1573200,0.0,0.0
2021-10-20 00:00:00-04:00,233.24865466985526,235.32533444836048,232.5883250264049,233.2390899658203,1537500,0.0,0.0
2021-10-21 00:00:00-04:00,234.41614949198797,234.41614949198797,229.5163350166178,230.7987060546875,1717700,0.0,0.0
2021-10-22 00:00:00-04:00,230.59776405735562,233.54529890588557,229.25796088724184,233.2677764892578,1960700,0.0,0.0
2021-10-25 00:00:00-04:00,234.1386739532042,235.67943828872745,230.17671060508758,234.51190185546875,2763100,0.0,0.0
2021-10-26 00:00:00-04:00,233.98550666868772,238.21542695922082,226.89416326870617,237.75607299804688,4533000,0.0,0.0
2021-10-27 00:00:00-04:00,237.9187859028762,243.51721857354852,237.64126347663705,239.4116973876953,3181300,0.0,0.0
2021-10-28 00:00:00-04:00,239.40213630685815,245.7087367963446,239.3255748702473,242.4549560546875,3386500,0.0,0.0
2021-10-29 00:00:00-04:00,242.86643879918293,245.44076032352655,240.94288213502793,243.80429077148438,3152000,0.0,0.0
2021-11-01 00:00:00-04:00,244.1392641203044,245.4503586451285,237.38287430993847,238.58868408203125,2735800,0.0,0.0
2021-11-02 00:00:00-04:00,240.4452745191833,248.14908158289055,238.67482586078737,245.80445861816406,3987800,0.0,0.0
2021-11-03 00:00:00-04:00,246.68486741008832,255.31699068641277,246.67531730888874,254.80978393554688,4382900,0.0,0.0
2021-11-04 00:00:00-04:00,254.063309326682,259.45117228985436,253.86231913835815,259.3459167480469,4133400,0.0,0.0
2021-11-05 00:00:00-04:00,257.42231663159043,257.9008145794272,247.4408564489616,253.60391235351562,3745700,0.0,0.0
2021-11-08 00:00:00-05:00,252.63740084898387,255.43184241918127,248.00554305074806,249.32620239257812,2386100,0.0,0.0
2021-11-09 00:00:00-05:00,249.3262060523522,250.8861144513183,247.27824947591435,250.7521209716797,1963800,0.0,0.0
2021-11-10 00:00:00-05:00,250.73296351693503,254.5609476927661,250.35017094039222,253.2689971923828,2215100,0.0,0.0
2021-11-11 00:00:00-05:00,251.0392252675054,252.95321747746465,250.68514138149547,251.3358917236328,1739400,0.0,0.0
2021-11-12 00:00:00-05:00,251.33590352406222,252.04637076763657,248.5996025751112,249.29087829589844,1964000,0.85,0.0
2021-11-15 00:00:00-05:00,249.04121185153315,249.2524064518817,246.9001709204468,248.11949157714844,1903200,0.0,0.0
2021-11-16 00:00:00-05:00,246.7081629876204,249.9629275977887,245.77687616186788,247.43785095214844,2565700,0.0,0.0
2021-11-17 00:00:00-05:00,246.5641790270239,253.99537078730742,245.85371180860864,250.75982666015625,2873600,0.0,0.0
2021-11-18 00:00:00-05:00,251.547106061581,253.27528056641862,249.45408755460306,250.90382385253906,1689200,0.0,0.0
2021-11-19 00:00:00-05:00,255.8003547200922,259.99600210151124,249.9149158935127,250.29898071289062,2786800,0.0,0.0
2021-11-22 00:00:00-05:00,251.75831454384206,253.457687012642,248.79159855592158,250.04933166503906,1995400,0.0,0.0
2021-11-23 00:00:00-05:00,249.11807946620436,252.27682847873933,248.90685550457513,251.50872802734375,1986200,0.0,0.0
2021-11-24 00:00:00-05:00,252.28635768663807,254.3697949386209,249.6748752892373,251.54708862304688,2518500,0.0,0.0
2021-11-26 00:00:00-05:00,251.3550728670217,255.2723113725,248.69559684396347,249.9821319580078,1495500,0.0,0.0
2021-11-29 00:00:00-05:00,249.64605565739794,251.85431088172083,244.34629585907376,244.6631317138672,4041700,0.0,0.0
2021-11-30 00:00:00-05:00,243.16539434259232,243.86626572870594,236.64628399567852,238.14404296875,8265900,0.0,0.0
2021-12-01 00:00:00-05:00,239.48824256277206,245.11445020330288,238.00007906373742,239.19061279296875,3241400,0.0,0.0
2021-12-02 00:00:00-05:00,236.68470671936566,240.00665645408813,235.34055309865548,237.99044799804688,3817700,0.0,0.0
2021-12-03 00:00:00-05:00,242.07086061423104,243.3669913375703,233.38192242808114,235.7821807861328,4169700,0.0,0.0
2021-12-06 00:00:00-05:00,236.10864288082846,237.08795251931483,231.89378924608877,236.50228881835938,3491200,0.0,0.0
2021-12-07 00:00:00-05:00,234.49569300489028,235.64781431856952,231.81699593431833,235.3309783935547,4035800,0.0,0.0
2021-12-08 00:00:00-05:00,236.77107887372864,238.27843345884267,229.9159417971268,234.57244873046875,3636200,0.0,0.0
2021-12-09 00:00:00-05:00,234.7356819620553,236.09902701127277,233.06509679751366,233.2091064453125,2291100,0.0,0.0
2021-12-10 00:00:00-05:00,231.5769667609814,234.83171711715502,231.5769667609814,234.39967346191406,2380800,0.0,0.0
2021-12-13 00:00:00-05:00,235.71497044749486,240.69790922583627,235.66697699954568,238.61448669433594,3016700,0.0,0.0
2021-12-14 00:00:00-05:00,237.85603395548685,240.03545823877815,236.55988843809772,239.43060302734375,3424000,0.0,0.0
2021-12-15 00:00:00-05:00,251.61434264222413,264.54693854338035,246.9482241854419,264.29730224609375,10016700,0.0,0.0
2021-12-16 00:00:00-05:00,264.6717736547281,272.57340757102946,261.19617399296015,267.9073181152344,5546400,0.0,0.0
2021-12-17 00:00:00-05:00,265.6318421823376,265.6318421823376,254.74424295647444,256.7508850097656,7582900,0.0,0.0
2021-12-20 00:00:00-05:00,258.4886425085589,259.2375219699538,249.96291984035255,252.96804809570312,3479400,0.0,0.0
2021-12-21 00:00:00-05:00,253.46732955527384,255.3395431413208,250.17418151010557,254.31222534179688,2702500,0.0,0.0
2021-12-22 00:00:00-05:00,254.17774720868798,255.9251423081729,252.36316714386015,255.86753845214844,2721000,0.0,0.0
2021-12-23 00:00:00-05:00,258.3157875907675,264.28763143778457,256.04034740099263,262.2042236328125,2632200,0.0,0.0
2021-12-27 00:00:00-05:00,264.0668548199951,269.11697892302476,263.7596146912849,267.3023986816406,1677100,0.0,0.0
2021-12-28 00:00:00-05:00,268.1953023453628,268.2529062101082,264.88296292236936,265.4013977050781,1033900,0.0,0.0
2021-12-29 00:00:00-05:00,264.8157066909119,268.2144513725455,264.73888201673435,267.3119812011719,1112300,0.0,0.0
2021-12-30 00:00:00-05:00,268.0512625521185,269.45300527007674,265.3437640132992,266.18865966796875,1181500,0.0,0.0
2021-12-31 00:00:00-05:00,266.3998973424109,267.6096370286336,264.99815455204623,265.19976806640625,1315700,0.0,0.0
2022-01-03 00:00:00-05:00,263.462016998859,263.462016998859,256.4052500911534,260.8889465332031,2621300,0.0,0.0
2022-01-04 00:00:00-05:00,258.2677897202622,259.11268531887566,253.06401690154436,256.1651611328125,2340500,0.0,0.0
2022-01-05 00:00:00-05:00,257.4613947686935,258.0470439231425,250.03020199563107,250.25100708007812,3004200,0.0,0.0
2022-01-06 00:00:00-05:00,249.72289515684722,250.87500163356208,245.2680160568142,248.9835968017578,2863200,0.0,0.0
2022-01-07 00:00:00-05:00,249.3772354970376,250.8270009358724,246.46812350985905,249.14682006835938,2245100,0.0,0.0
2022-01-10 00:00:00-05:00,247.88911592451922,249.78052092220554,245.68087502544208,249.7324981689453,2576700,0.0,0.0
2022-01-11 00:00:00-05:00,251.15351441074526,251.94080644867958,246.80424597684376,251.85440063476562,2294000,0.0,0.0
2022-01-12 00:00:00-05:00,242.81013944609484,247.16901700435272,240.957146950855,245.70965576171875,6562800,0.0,0.0
2022-01-13 00:00:00-05:00,243.93344760080416,245.30638826043142,238.63367338843804,239.708984375,3726500,0.0,0.0
2022-01-14 00:00:00-05:00,240.16986996637598,240.54430972245925,233.2091200173803,234.3804473876953,2894300,0.0,0.0
2022-01-18 00:00:00-05:00,233.0651295734061,238.60493098803107,232.43145773394804,237.21278381347656,3241200,0.0,0.0
2022-01-19 00:00:00-05:00,236.5022924910758,240.41951645583674,234.96612105979113,235.2733612060547,2487600,0.0,0.0
2022-01-20 00:00:00-05:00,235.78218191275232,238.05762215905324,232.82506184350117,233.429931640625,2655400,0.0,0.0
2022-01-21 00:00:00-05:00,237.03033398304711,237.9904373907555,232.46023238634544,233.36273193359375,2788600,0.0,0.0
2022-01-24 00:00:00-05:00,232.87308895061793,234.03480589229022,223.39685817218398,230.82806396484375,3712800,0.0,0.0
2022-01-25 00:00:00-05:00,227.36207411995022,231.89376314681334,225.73949709910113,229.90635681152344,2525100,0.0,0.0
2022-01-26 00:00:00-05:00,230.0695805878426,232.7578583663054,226.497994796439,228.3701934814453,2913200,0.0,0.0
2022-01-27 00:00:00-05:00,230.40565879349575,233.56440785476997,226.35402041248096,227.27572631835938,2178500,0.0,0.0
2022-01-28 00:00:00-05:00,228.01497739481064,235.43657308435024,225.67232259396874,235.3213653564453,3081100,0.0,0.0
2022-01-31 00:00:00-05:00,233.56431728207411,235.69574762848939,232.26817205924954,235.5997314453125,3237100,0.0,0.0
2022-02-01 00:00:00-05:00,237.19355807053975,238.91213678422338,233.5547578245044,238.37448120117188,2449400,0.0,0.0
2022-02-02 00:00:00-05:00,235.56137609414395,241.83085015193248,234.29403256851904,240.82273864746094,2586700,0.0,0.0
2022-02-03 00:00:00-05:00,237.62558816863864,238.2208475802886,231.48093235478896,235.04290771484375,3473600,0.0,0.0
2022-02-04 00:00:00-05:00,233.03630692142244,234.36125434976287,231.596151768884,232.60426330566406,3569300,0.0,0.0
2022-02-07 00:00:00-05:00,232.73865841758322,234.2940211687954,230.71283974717053,233.8331756591797,3948300,0.0,0.0
2022-02-08 00:00:00-05:00,232.24900580729724,233.19951344405854,227.99575479182147,230.33840942382812,2615000,0.0,0.0
2022-02-09 00:00:00-05:00,231.6345594672718,234.7069023120967,231.44254170197433,233.5643768310547,1759900,0.0,0.0
2022-02-10 00:00:00-05:00,230.32876891539013,234.35160396597377,228.61019050583965,230.0791473388672,2283100,0.0,0.0
2022-02-11 00:00:00-05:00,229.68552927823043,231.02968281067282,225.48028640319922,226.33477783203125,2054300,0.0,0.0
2022-02-14 00:00:00-05:00,225.60203382901264,228.3786789529442,223.5484721468407,226.26727294921875,2572000,0.98,0.0
2022-02-15 00:00:00-05:00,228.15694985878454,236.00481582326427,228.15694985878454,235.0889129638672,3409600,0.0,0.0
2022-02-16 00:00:00-05:00,233.87413021839652,238.15478691438682,233.87413021839652,236.76646423339844,2459000,0.0,0.0
2022-02-17 00:00:00-05:00,236.76648416394104,236.77611998211376,231.78202989051331,232.32192993164062,2059100,0.0,0.0
2022-02-18 00:00:00-05:00,229.47778416626258,233.7295039747978,229.47778416626258,231.6855926513672,2517900,0.0,0.0
2022-02-22 00:00:00-05:00,230.62505852176443,232.2158361993573,228.99570815592688,230.5479278564453,2936700,0.0,0.0
2022-02-23 00:00:00-05:00,231.9169846825264,233.97053182341875,229.4777841807548,229.7573699951172,2296300,0.0,0.0
2022-02-24 00:00:00-05:00,226.73972703848338,235.1757023483467,225.60208257234507,234.35621643066406,3272300,0.0,0.0
2022-02-25 00:00:00-05:00,235.08889106633922,243.82373691239198,234.9828382370555,241.84732055664062,2442200,0.0,0.0
2022-02-28 00:00:00-05:00,237.30635259266734,241.08566708827576,235.81197714929266,240.9796142578125,3188800,0.0,0.0
2022-03-01 00:00:00-05:00,238.67539803683758,241.35562635213137,236.63148672878742,240.5457763671875,2873200,0.0,0.0
2022-03-02 00:00:00-05:00,240.91218591837924,247.27532769204086,240.12160742835854,245.0482177734375,2452000,0.0,0.0
2022-03-03 00:00:00-05:00,245.68448120491394,250.26399511022464,245.26026988454728,249.35775756835938,3153700,0.0,0.0
2022-03-04 00:00:00-05:00,247.0149882835725,254.00479635032738,246.34976373529457,253.43597412109375,3497100,0.0,0.0
2022-03-07 00:00:00-05:00,250.5339603693682,254.1686789758366,248.60573767644053,252.25010681152344,3074800,0.0,0.0
2022-03-08 00:00:00-05:00,250.60145568847656,255.77872892098793,249.61807270530826,250.60145568847656,3482600,0.0,0.0
2022-03-09 00:00:00-05:00,253.8504871683077,258.17936680416744,252.6646491292828,253.3588104248047,2965900,0.0,0.0
2022-03-10 00:00:00-05:00,253.40703324356394,258.12155204528057,253.40703324356394,256.472900390625,2797200,0.0,0.0
2022-03-11 00:00:00-05:00,255.55695991943628,261.9682934415638,255.55695991943628,256.7427978515625,2469600,0.0,0.0
2022-03-14 00:00:00-04:00,259.336235704309,261.1776914383357,257.7261866417655,259.34588623046875,2713800,0.0,0.0
2022-03-15 00:00:00-04:00,260.18468801886996,266.5574784284348,260.18468801886996,265.5740661621094,4396900,0.0,0.0
2022-03-16 00:00:00-04:00,267.87838266152454,268.61108738476025,263.21208659313857,266.51898193359375,3148600,0.0,0.0
2022-03-17 00:00:00-04:00,267.0685112619604,275.62982529555154,266.5286112258191,275.2634582519531,3270100,0.0,0.0
2022-03-18 00:00:00-04:00,275.58162875862024,280.8938925605407,274.6367888927031,277.3170471191406,4557900,0.0,0.0
2022-03-21 00:00:00-04:00,277.43267480368263,284.7309749232117,277.43267480368263,279.2452087402344,3495700,0.0,0.0
2022-03-22 00:00:00-04:00,279.274064044731,280.1321075895884,273.2194477572645,274.7909240722656,3791600,0.0,0.0
2022-03-23 00:00:00-04:00,274.2125398751575,277.8375782367663,273.1809337567168,273.99078369140625,3149200,0.0,0.0
2022-03-24 00:00:00-04:00,276.0154538167453,278.4835765832237,274.4439475677509,277.3652038574219,2412400,0.0,0.0
2022-03-25 00:00:00-04:00,278.1460726857318,281.1830169883007,276.29496629256647,278.64739990234375,2399800,0.0,0.0
2022-03-28 00:00:00-04:00,280.8746062514867,281.95443590739586,277.9629999486851,281.1927795410156,2195000,0.0,0.0
2022-03-29 00:00:00-04:00,281.5494502855668,282.6196292366032,277.2591427969838,278.04010009765625,2798100,0.0,0.0
2022-03-30 00:00:00-04:00,280.15147688543254,281.8001285589264,277.65443189707275,279.48626708984375,2220100,0.0,0.0
2022-03-31 00:00:00-04:00,278.98492467263543,281.32770842716167,275.6587578343485,276.09259033203125,3227600,0.0,0.0
2022-04-01 00:00:00-04:00,275.8805084180831,282.61966801981066,273.8076745131051,282.1665344238281,3066200,0.0,0.0
2022-04-04 00:00:00-04:00,282.2435586832936,284.3935372885339,280.508170262204,280.9613037109375,3014100,0.0,0.0
2022-04-05 00:00:00-04:00,281.2505343356639,285.2130174407019,278.72456757444644,281.9928894042969,2324200,0.0,0.0
2022-04-06 00:00:00-04:00,285.463744304156,295.5579919595893,284.1911101795962,294.86383056640625,4672900,0.0,0.0
2022-04-07 00:00:00-04:00,294.0540356957618,302.7310400277679,294.0540356957618,297.3609313964844,4270800,0.0,0.0
2022-04-08 00:00:00-04:00,296.9463325741389,301.1691455176714,296.89813876960795,300.50390625,3024700,0.0,0.0
2022-04-11 00:00:00-04:00,301.8536106441891,302.4995781765514,296.9944813370988,297.871826171875,2178100,0.0,0.0
2022-04-12 00:00:00-04:00,295.57723998069383,298.4984961472908,293.26337866239754,297.0234069824219,2688100,0.0,0.0
2022-04-13 00:00:00-04:00,296.25206377522187,297.2354465255758,289.62862508842886,291.8075256347656,2528700,0.0,0.0
2022-04-14 00:00:00-04:00,292.8488571527359,293.54301858362146,289.4166226951204,291.02667236328125,1898100,0.0,0.0
2022-04-18 00:00:00-04:00,290.2650147239481,291.21947555686654,286.14824037925194,288.09576416015625,1581400,0.0,0.0
2022-04-19 00:00:00-04:00,287.70039662699423,288.93445765700835,283.25582916031414,286.35064697265625,2021700,0.0,0.0
2022-04-20 00:00:00-04:00,286.3603341007144,288.2692851091999,281.8097274866454,282.4075012207031,2608600,0.0,0.0
2022-04-21 00:00:00-04:00,282.4075137603781,282.91849160653396,276.3721672050564,279.2162780761719,2716800,0.0,0.0
2022-04-22 00:00:00-04:00,278.917474420523,279.22599719422954,268.4086638533335,268.7268371582031,2772600,0.0,0.0
2022-04-25 00:00:00-04:00,268.7460391085101,275.6876526050933,266.8949323686401,274.9645690917969,2410200,0.0,0.0
2022-04-26 00:00:00-04:00,275.90937480416244,279.7947423075331,272.6410526779504,272.6795959472656,2166600,0.0,0.0
2022-04-27 00:00:00-04:00,272.9399482019746,277.78942745551893,270.5200191286928,274.8585205078125,2352100,0.0,0.0
2022-04-28 00:00:00-04:00,285.36734839096675,289.72515112371065,278.20400713482127,286.6014099121094,5886900,0.0,0.0
2022-04-29 00:00:00-04:00,285.17449445379214,286.6399330623561,278.76316008560394,281.6458435058594,3910900,0.0,0.0
2022-05-02 00:00:00-04:00,280.778169782171,282.33037499226197,274.0775838746781,279.1680908203125,2789900,0.0,0.0
2022-05-03 00:00:00-04:00,278.2715285460764,279.4091731429926,273.913725397614,277.73162841796875,2109500,0.0,0.0
2022-05-04 00:00:00-04:00,278.14612989188043,286.3218048911449,273.9233173890664,284.3164367675781,2743600,0.0,0.0
2022-05-05 00:00:00-04:00,282.8895623436628,284.40319478656244,277.95328756783226,281.8772277832031,3120200,0.0,0.0
2022-05-06 00:00:00-04:00,279.75623856992956,287.5462463121166,278.16543110442404,286.24468994140625,2931200,0.0,0.0
2022-05-09 00:00:00-04:00,282.97630962926706,284.34533116271837,276.36249098574706,278.84991455078125,3460500,0.0,0.0
2022-05-10 00:00:00-04:00,281.52054568888224,282.89921801222823,274.7717654840117,275.4466552734375,3140800,0.0,0.0
2022-05-11 00:00:00-04:00,273.48945657192587,283.93076866741364,272.8434890759866,276.40106201171875,2625200,0.0,0.0
2022-05-12 00:00:00-04:00,273.1616136683448,281.51082020075046,273.1616136683448,281.32763671875,2370000,0.0,0.0
2022-05-13 00:00:00-04:00,283.0786273146711,283.24306202085666,277.1583874621662,282.11126708984375,2337700,0.98,0.0
2022-05-16 00:00:00-04:00,282.5756089803103,299.3399798624219,282.0822752915946,289.60833740234375,5118300,0.0,0.0
2022-05-17 00:00:00-04:00,290.2081098389828,293.49712917952553,283.81387198918173,291.5624084472656,2553000,0.0,0.0
2022-05-18 00:00:00-04:00,290.2080848268534,292.72322746631806,284.4329427579393,285.5550842285156,2161400,0.0,0.0
2022-05-19 00:00:00-04:00,283.99760957097345,283.99760957097345,275.08822992302714,276.92620849609375,3157400,0.0,0.0
2022-05-20 00:00:00-04:00,281.24068089115934,289.4728972694089,279.4897610461001,289.09564208984375,3129100,0.0,0.0
2022-05-23 00:00:00-04:00,290.78845482976317,294.96745758810056,289.57925469284754,292.7231750488281,2873600,0.0,0.0
2022-05-24 00:00:00-04:00,293.7969200562739,297.62768720801466,290.01453862116597,295.9734802246094,2804900,0.0,0.0
2022-05-25 00:00:00-04:00,296.9795442472563,300.2879287068265,294.6965886311741,296.9892272949219,3195700,0.0,0.0
2022-05-26 00:00:00-04:00,295.2673734536729,303.66405315988254,293.70022508395937,303.2287292480469,3284200,0.0,0.0
2022-05-27 00:00:00-04:00,302.445134774393,313.5020538301521,301.1005195624982,312.9216613769531,3694300,0.0,0.0
2022-05-31 00:00:00-04:00,306.29523165118906,308.06548763586153,298.94328902374184,303.2093505859375,6298900,0.0,0.0
2022-06-01 00:00:00-04:00,303.20937697599425,303.65435439247636,295.6155936638286,300.9263916015625,2731500,0.0,0.0
2022-06-02 00:00:00-04:00,300.43301007727774,300.52975198408376,288.437751670462,292.5586853027344,3703300,0.0,0.0
2022-06-03 00:00:00-04:00,292.29756236896776,295.8284212042656,290.88522473914674,291.80419921875,2490000,0.0,0.0
2022-06-06 00:00:00-04:00,304.84419068893266,304.84419068893266,293.1971669086061,293.4583435058594,3734400,0.0,0.0
2022-06-07 00:00:00-04:00,294.06783981095657,301.9615031776876,293.12949916570625,301.91314697265625,3652800,0.0,0.0
2022-06-08 00:00:00-04:00,302.2323823890071,305.20218570271527,300.66526336969383,303.2577819824219,2684500,0.0,0.0
2022-06-09 00:00:00-04:00,301.4294535708533,301.73901592960976,293.2165451435785,293.35198974609375,1963300,0.0,0.0
2022-06-10 00:00:00-04:00,289.4631532466753,291.8138310412569,287.1801682180618,287.31561279296875,2469800,0.0,0.0
2022-06-13 00:00:00-04:00,280.9504429244438,283.59134715313934,279.093127693169,281.772705078125,2898800,0.0,0.0
2022-06-14 00:00:00-04:00,279.7315871135656,282.4692037356562,277.9129450510067,281.2987060546875,2422600,0.0,0.0
2022-06-15 00:00:00-04:00,282.08226444055475,286.6675427353157,279.1124612864447,283.4268798828125,1970100,0.0,0.0
2022-06-16 00:00:00-04:00,280.72796257028114,280.72796257028114,273.8693522671073,278.66748046875,2628600,0.0,0.0
2022-06-17 00:00:00-04:00,280.54415506220215,291.1657516950024,280.224909648221,281.40509033203125,6900000,0.0,0.0
2022-06-21 00:00:00-04:00,282.83681922153664,289.5115996228567,280.83437624469224,287.6349182128906,2821300,0.0,0.0
2022-06-22 00:00:00-04:00,287.2672625894524,299.54306528507476,286.75456288954217,296.6796875,4535700,0.0,0.0
2022-06-23 00:00:00-04:00,299.3980076428616,302.96756944949914,297.1634077504453,302.5129089355469,3729300,0.0,0.0
2022-06-24 00:00:00-04:00,309.1199378329943,315.18530513623887,308.59758458430065,314.9918212890625,5449900,0.0,0.0
2022-06-27 00:00:00-04:00,313.64719800391913,320.05111759479576,311.489974200817,316.58795166015625,3218900,0.0,0.0
2022-06-28 00:00:00-04:00,315.862429218179,318.32921534221765,306.42101411915417,307.2529296875,2742900,0.0,0.0
2022-06-29 00:00:00-04:00,307.77534678313395,314.10189120955306,307.2819835989774,312.4573669433594,2562500,0.0,0.0
2022-06-30 00:00:00-04:00,311.61572409745463,316.3751194156684,309.5649253407049,313.6471862792969,2732900,0.0,0.0
2022-07-01 00:00:00-04:00,313.308676161303,314.7790532715713,307.3884355185581,314.111572265625,1817800,0.0,0.0
2022-07-05 00:00:00-04:00,311.9156374469173,316.7427555868007,308.5201935652644,316.50091552734375,2107700,0.0,0.0
2022-07-06 00:00:00-04:00,317.29417420670705,321.87945252123103,316.0849738476876,319.3739929199219,2252500,0.0,0.0
2022-07-07 00:00:00-04:00,316.5686246273822,319.71254526921257,315.59158138104414,317.24578857421875,2395000,0.0,0.0
2022-07-08 00:00:00-04:00,315.89149782295027,323.6013606842983,315.5142426527481,319.6835632324219,1898200,0.0,0.0
2022-07-11 00:00:00-04:00,319.8188786381138,321.8213209433586,318.6774009118188,320.2638854980469,1342600,0.0,0.0
2022-07-12 00:00:00-04:00,319.2288584497968,321.15389575539,312.8055727034009,313.028076171875,2058200,0.0,0.0
2022-07-13 00:00:00-04:00,311.49964218164064,314.0824771740998,310.35813480190103,311.9349365234375,2564200,0.0,0.0
2022-07-14 00:00:00-04:00,307.1755739460715,317.0619966210741,305.21183387124523,316.22039794921875,2615700,0.0,0.0
2022-07-15 00:00:00-04:00,321.13456038914745,324.3848764262,317.4586035108395,320.7766418457031,3340300,0.0,0.0
2022-07-18 00:00:00-04:00,319.34498160259517,321.13460408481455,309.2747572080408,311.26751708984375,2116300,0.0,0.0
2022-07-19 00:00:00-04:00,313.51171141240036,316.6943342058682,311.3351513252372,315.5528564453125,1628100,0.0,0.0
2022-07-20 00:00:00-04:00,316.41391482803965,317.12009855923804,309.8552123904679,311.5190734863281,2051000,0.0,0.0
2022-07-21 00:00:00-04:00,310.9579585139221,317.342512430576,309.27473163493005,316.2494201660156,1692100,0.0,0.0
2022-07-22 00:00:00-04:00,316.2783561359907,318.474252654986,315.1948881642277,318.01959228515625,1850800,0.0,0.0
2022-07-25 00:00:00-04:00,318.0196746571087,321.4247720287422,317.3521937386946,320.728271484375,1741700,0.0,0.0
2022-07-26 00:00:00-04:00,320.18657362258523,321.7150194160788,317.8842514040398,320.73797607421875,1812300,0.0,0.0
2022-07-27 00:00:00-04:00,318.2421633666644,320.07045875984056,314.57586001012334,318.2034606933594,1643000,0.0,0.0
2022-07-28 00:00:00-04:00,319.4610576905048,322.7017206166974,311.23849509763977,320.0027770996094,2350900,0.0,0.0
2022-07-29 00:00:00-04:00,320.254233697286,320.254233697286,316.1526363028336,318.928955078125,3399900,0.0,0.0
2022-08-01 00:00:00-04:00,316.820139228729,319.64481439759857,312.90231282108846,313.5697937011719,2464300,0.0,0.0
2022-08-02 00:00:00-04:00,316.51064951829545,318.24223288871946,308.93620110497756,309.7488098144531,3405700,0.0,0.0
2022-08-03 00:00:00-04:00,310.1646753162986,310.50325725748445,300.09445307655614,303.58660888671875,5152200,0.0,0.0
2022-08-04 00:00:00-04:00,300.0751749876668,300.1235311937663,292.37496579245794,295.8091125488281,4696300,0.0,0.0
2022-08-05 00:00:00-04:00,292.60709610186706,295.35439526606757,290.5079116780073,291.4849548339844,2814300,0.0,0.0
2022-08-08 00:00:00-04:00,290.83681221194564,296.1282732135131,286.85129326786694,292.6264343261719,3218900,0.0,0.0
2022-08-09 00:00:00-04:00,295.131928843993,296.6893941644969,291.4656253085628,293.1294860839844,2122900,0.0,0.0
2022-08-10 00:00:00-04:00,294.5611765713633,297.10533858341483,292.7135150739362,294.6675720214844,2351000,0.0,0.0
2022-08-11 00:00:00-04:00,291.20446017737464,295.45118592249304,289.850161707021,291.33990478515625,2198800,0.0,0.0
2022-08-12 00:00:00-04:00,293.98949526420137,299.39526113449847,292.41723031778696,298.9973449707031,2305100,0.98,0.0
2022-08-15 00:00:00-04:00,300.09394717936834,305.3347399348505,298.24996838253327,304.68450927734375,2795800,0.0,0.0
2022-08-16 00:00:00-04:00,304.67480102759527,305.10183144652547,300.5015842091663,301.1615295410156,2248000,0.0,0.0
2022-08-17 00:00:00-04:00,300.87044674156766,311.1482340026357,300.87044674156766,307.47967529296875,2747200,0.0,0.0
2022-08-18 00:00:00-04:00,307.41165220425233,309.55648921944675,304.93684254194073,307.3825378417969,2261600,0.0,0.0
2022-08-19 00:00:00-04:00,308.1492747923149,316.14633610352433,308.1395601316009,313.2541809082031,3393100,0.0,0.0
2022-08-22 00:00:00-04:00,312.7786003508362,316.16569934823144,310.94433637735176,313.5744323730469,2488000,0.0,0.0
2022-08-23 00:00:00-04:00,311.7693315392126,312.35164852183993,304.61661543603884,305.81036376953125,2962000,0.0,0.0
2022-08-24 00:00:00-04:00,307.1399391618779,311.4004992581679,305.92679124115415,309.46917724609375,1827000,0.0,0.0
2022-08-25 00:00:00-04:00,311.1482171595278,313.83654257046743,306.5188252546339,313.61334228515625,1977900,0.0,0.0
2022-08-26 00:00:00-04:00,314.05003623978746,315.0205546111646,305.9753162816407,306.25677490234375,1858000,0.0,0.0
2022-08-29 00:00:00-04:00,304.10224279744756,305.5871348179345,300.55014177203583,301.00628662109375,1697000,0.0,0.0
2022-08-30 00:00:00-04:00,300.99652736868285,302.77256263458577,296.98828248241296,297.9879150390625,1980300,0.0,0.0
2022-08-31 00:00:00-04:00,298.08494773652006,299.71541105967646,292.23269507622734,292.34918212890625,3183500,0.0,0.0
2022-09-01 00:00:00-04:00,292.1259786691876,300.2880402984406,291.6407195684082,300.01629638671875,2939200,0.0,0.0
2022-09-02 00:00:00-04:00,300.96743921481936,301.0742116374187,290.92259772252066,292.4462890625,2525400,0.0,0.0
2022-09-06 00:00:00-04:00,294.0185132055278,303.60720855566956,293.3197388867051,297.7744140625,2322200,0.0,0.0
2022-09-07 00:00:00-04:00,299.666899522947,303.18988539330445,295.8915990560468,302.4134826660156,2228100,0.0,0.0
2022-09-08 00:00:00-04:00,302.753218978608,306.4217772520016,298.52174346161365,306.19854736328125,2212500,0.0,0.0
2022-09-09 00:00:00-04:00,307.12056170818164,310.73089136653545,305.9268134052706,308.3337097167969,2177000,0.0,0.0
2022-09-12 00:00:00-04:00,309.48860362329276,311.00260984451984,305.59681565292544,305.9267883300781,2077400,0.0,0.0
2022-09-13 00:00:00-04:00,300.8702938006041,303.1024733471015,295.99827449905365,297.4443664550781,2272400,0.0,0.0
2022-09-14 00:00:00-04:00,298.1529395744818,302.61732999136797,296.88156288168557,300.482177734375,2002900,0.0,0.0
2022-09-15 00:00:00-04:00,300.5791978604503,303.0734368624917,296.7359538969301,300.3462829589844,2348100,0.0,0.0
2022-09-16 00:00:00-04:00,298.890557292439,302.7629162884994,297.69680898019357,299.783447265625,4380200,0.0,0.0
2022-09-19 00:00:00-04:00,297.44446313802354,297.48326254566615,288.8747698508965,296.0954284667969,2515300,0.0,0.0
2022-09-20 00:00:00-04:00,294.8628829072218,294.8628829072218,290.1267487697097,292.8345031738281,1816800,0.0,0.0
2022-09-21 00:00:00-04:00,292.12605155070116,295.5519804722121,287.58403234252114,287.73931884765625,2241200,0.0,0.0
2022-09-22 00:00:00-04:00,291.9318907683312,303.39370944241506,291.1166589561289,301.70501708984375,5918300,0.0,0.0
2022-09-23 00:00:00-04:00,302.675534461376,305.88794763288604,296.1245360017563,302.2776184082031,4572600,0.0,0.0
2022-09-26 00:00:00-04:00,299.6960798385727,302.539721352816,295.8916641726121,298.4344177246094,3760000,0.0,0.0
2022-09-27 00:00:00-04:00,300.0357306158547,304.6942362901476,299.2302134477241,301.9282531738281,3019600,0.0,0.0
2022-09-28 00:00:00-04:00,323.696873828291,331.626019078709,318.4269680911942,324.5218200683594,9436300,0.0,0.0
2022-09-29 00:00:00-04:00,324.1239442228859,324.81300380890656,317.62146084130416,320.28070068359375,3743100,0.0,0.0
2022-09-30 00:00:00-04:00,317.50497333514005,319.7954113286651,312.9144419256197,313.8170166015625,4474100,0.0,0.0
2022-10-03 00:00:00-04:00,316.3792327657116,319.6401894656245,307.70279729816195,312.07012939453125,3340500,0.0,0.0
2022-10-04 00:00:00-04:00,312.6816485875042,320.3681682712738,312.2934471044172,320.16436767578125,2622500,0.0,0.0
2022-10-05 00:00:00-04:00,318.62121166693044,324.00760711204765,317.8642084217307,321.9986267089844,2186100,0.0,0.0
2022-10-06 00:00:00-04:00,318.27175780241964,329.258031518933,317.23329616490895,323.1340637207031,4299200,0.0,0.0
2022-10-07 00:00:00-04:00,323.15347858357376,323.2505363368614,315.32138881736194,317.0295104980469,2601600,0.0,0.0
2022-10-10 00:00:00-04:00,316.612257268274,317.3692605048341,310.7988313801231,314.34124755859375,1956200,0.0,0.0
2022-10-11 00:00:00-04:00,310.5658877387248,319.3296676986371,310.01268514290115,317.94183349609375,2598900,0.0,0.0
2022-10-12 00:00:00-04:00,317.72828318154757,323.81342221010317,314.3314691594649,315.0011291503906,1764700,0.0,0.0
2022-10-13 00:00:00-04:00,309.71180449035114,323.5416906821168,309.692404786199,322.30914306640625,2657400,0.0,0.0
2022-10-14 00:00:00-04:00,321.7850276683606,325.40507139280527,318.5532149370844,321.62005615234375,2231400,0.0,0.0
2022-10-17 00:00:00-04:00,322.978760357405,327.6275212146645,321.96941313550775,322.94964599609375,2230000,0.0,0.0
2022-10-18 00:00:00-04:00,324.2889946044575,325.44388411744137,320.63012170737403,325.1527404785156,2087100,0.0,0.0
2022-10-19 00:00:00-04:00,325.36625082540365,325.73505250777816,316.3598424421549,319.58197021484375,2419000,0.0,0.0
2022-10-20 00:00:00-04:00,321.38707288201766,321.66853143276836,316.2918526986284,319.368408203125,1761200,0.0,0.0
2022-10-21 00:00:00-04:00,319.36846439214054,332.3345746758594,317.1362545293029,330.7235107421875,3274700,0.0,0.0
2022-10-24 00:00:00-04:00,334.071780117445,341.39918077085696,334.071780117445,337.6432800292969,3375900,0.0,0.0
2022-10-25 00:00:00-04:00,336.3039982516085,341.94270733257315,332.93629848980805,340.9527893066406,2513100,0.0,0.0
2022-10-26 00:00:00-04:00,342.10766797460354,350.82293213607596,340.10840283757125,347.30963134765625,2373500,0.0,0.0
2022-10-27 00:00:00-04:00,348.40635026316085,350.47355895268146,344.8445647369936,345.82476806640625,2347600,0.0,0.0
2022-10-28 00:00:00-04:00,349.6971509698837,351.3276145589964,346.5138522215776,349.2895202636719,2942100,0.0,0.0
2022-10-31 00:00:00-04:00,348.0763926077325,353.19104315458077,340.1278451275504,351.41497802734375,4258200,0.0,0.0
2022-11-01 00:00:00-04:00,335.63424484904357,348.40626596589874,330.7040261773629,342.18524169921875,7013000,0.0,0.0
2022-11-02 00:00:00-04:00,343.718775405581,352.44372571706674,339.8852161538333,344.49517822265625,3774400,0.0,0.0
2022-11-03 00:00:00-04:00,343.62174433162915,352.13318008666226,341.1469342443945,351.01708984375,2602500,0.0,0.0
2022-11-04 00:00:00-04:00,354.4332701239112,355.093215413291,342.92290849271285,346.8729248046875,3004600,0.0,0.0
2022-11-07 00:00:00-05:00,347.4455872270057,356.1802528276846,346.960328026968,354.3071594238281,2560300,0.0,0.0
2022-11-08 00:00:00-05:00,354.3847884972672,357.87866066735666,351.2597180587249,355.85028076171875,3278600,0.0,0.0
2022-11-09 00:00:00-05:00,357.57774247578845,358.8976330647296,351.24025955754325,352.5601501464844,2323700,0.0,0.0
2022-11-10 00:00:00-05:00,356.4130792492946,358.12120068692695,352.29809173266796,357.8494567871094,2994000,0.0,0.0
2022-11-11 00:00:00-05:00,355.3650045425224,356.9857536099198,334.36297311655966,341.9136047363281,6646300,0.0,0.0
2022-11-14 00:00:00-05:00,349.4561522006936,351.13981361952625,331.0135136763185,346.5267333984375,4717400,0.98,0.0
2022-11-15 00:00:00-05:00,347.38312881133305,347.4317782084448,337.08638590101543,340.5802917480469,4180700,0.0,0.0
2022-11-16 00:00:00-05:00,340.62892516176225,347.3247213570197,340.5899878256079,343.48046875,3563800,0.0,0.0
2022-11-17 00:00:00-05:00,343.4610864504533,352.59966035844974,343.2664294296337,351.1106262207031,2929700,0.0,0.0
2022-11-18 00:00:00-05:00,352.8428942070613,354.9061572216805,349.72859041797665,351.9864807128906,2420900,0.0,0.0
2022-11-21 00:00:00-05:00,350.74076320389366,354.0205284897015,345.85515203232256,351.4998779296875,1999200,0.0,0.0
2022-11-22 00:00:00-05:00,352.30759803797207,353.08616648493484,347.7334267357391,351.21759033203125,2460400,0.0,0.0
2022-11-23 00:00:00-05:00,351.6653257793453,352.7650754314013,349.0278927866851,352.03515625,1993000,0.0,0.0
2022-11-25 00:00:00-05:00,353.1835863644424,356.03513042247056,351.8697257822636,355.4706726074219,1039100,0.0,0.0
2022-11-28 00:00:00-05:00,353.7188542805155,359.61659900846854,351.33443969326066,355.9767150878906,2481300,0.0,0.0
2022-11-29 00:00:00-05:00,354.85751938401734,356.30761604782424,350.9841004403208,354.2054748535156,2207000,0.0,0.0
2022-11-30 00:00:00-05:00,355.2954057271921,362.3804854874876,352.11293964457167,361.14447021484375,5556400,0.0,0.0
2022-12-01 00:00:00-05:00,364.75521923749574,365.1445035249085,358.6238803339179,360.41461181640625,2516100,0.0,0.0
2022-12-02 00:00:00-05:00,356.2783332953789,364.99845406624706,355.227262955394,364.7259521484375,1925600,0.0,0.0
2022-12-05 00:00:00-05:00,363.75281603292973,365.2029126977798,358.4195289607835,359.4024963378906,2296500,0.0,0.0
2022-12-06 00:00:00-05:00,357.1737707491827,360.7163259469067,355.73338626761046,358.67254638671875,1971000,0.0,0.0
2022-12-07 00:00:00-05:00,359.4316698836514,365.19314854952876,358.8866659477032,362.0107116699219,1629100,0.0,0.0
2022-12-08 00:00:00-05:00,363.26618353864626,363.26618353864626,356.68716922156335,361.8355407714844,2090900,0.0,0.0
2022-12-09 00:00:00-05:00,363.01312469777463,363.9863502331574,351.1495030454197,351.3246765136719,2787200,0.0,0.0
2022-12-12 00:00:00-05:00,353.2127723887999,357.98157205758775,352.79429249409674,357.4171142578125,2639200,0.0,0.0
2022-12-13 00:00:00-05:00,351.94754884774835,362.7600700971505,348.726174759012,349.05706787109375,5032600,0.0,0.0
2022-12-14 00:00:00-05:00,349.39774350807625,359.53873795716726,347.49994164624314,353.76751708984375,5095500,0.0,0.0
2022-12-15 00:00:00-05:00,351.00353183204413,354.2249060393996,347.13982519505913,350.3709411621094,3437100,0.0,0.0
2022-12-16 00:00:00-05:00,348.3466505521157,350.82839378543616,345.66056794846713,350.2347106933594,6612200,0.0,0.0
2022-12-19 00:00:00-05:00,348.2298791762135,350.06928997288605,345.1155451111503,348.20068359375,2658400,0.0,0.0
2022-12-20 00:00:00-05:00,348.9013424118967,351.77236952253736,346.79917176385044,350.0108337402344,2276000,0.0,0.0
2022-12-21 00:00:00-05:00,352.9208102275457,360.75526456381743,351.5388167832582,358.1567687988281,2211200,0.0,0.0
2022-12-22 00:00:00-05:00,357.48524575601516,359.8599186706911,352.5899220221728,355.529052734375,1958100,0.0,0.0
2022-12-23 00:00:00-05:00,355.05210039428226,358.04962158203125,352.7650147459036,358.04962158203125,1030300,0.0,0.0
2022-12-27 00:00:00-05:00,359.6068009418898,359.8306534858003,354.57521233681763,355.1105041503906,1372100,0.0,0.0
2022-12-28 00:00:00-05:00,356.36601292081536,358.15674436980765,354.1957092508667,355.4414367675781,996000,0.0,0.0
2022-12-29 00:00:00-05:00,358.2443375504872,361.01803635961375,356.64823336260145,357.1932373046875,1077900,0.0,0.0
2022-12-30 00:00:00-05:00,357.65070784412336,358.09841305655493,352.4147487549641,356.0448913574219,1388000,0.0,0.0
2023-01-03 00:00:00-05:00,356.4536364346764,359.1202652142242,351.78213548964465,355.2176208496094,2006700,0.0,0.0
2023-01-04 00:00:00-05:00,354.8770106609432,357.29059123326755,350.692122600028,353.37823486328125,1886200,0.0,0.0
2023-01-05 00:00:00-05:00,351.2857969531959,351.8113173999548,343.50970410765103,349.3101501464844,2008500,0.0,0.0
2023-01-06 00:00:00-05:00,350.3612180056905,356.881841443214,348.0059989719929,353.2225036621094,2131300,0.0,0.0
2023-01-09 00:00:00-05:00,354.2541208938598,355.1981509205251,339.4513677297889,340.4635009765625,2980600,0.0,0.0
2023-01-10 00:00:00-05:00,339.65570219757706,343.7529732689821,334.1472422597701,343.3052978515625,2465200,0.0,0.0
2023-01-11 00:00:00-05:00,344.8527371830172,352.0740838188311,341.60216741610753,350.7602233886719,2602800,0.0,0.0
2023-01-12 00:00:00-05:00,349.63128481792955,350.8478167762383,343.62647000350324,349.5047607421875,2019700,0.0,0.0
2023-01-13 00:00:00-05:00,349.94264406564315,353.58249734800205,349.0375516238502,351.937744140625,1690900,0.0,0.0
2023-01-17 00:00:00-05:00,351.937832683251,352.3076631590872,347.003571819729,348.1617126464844,2435200,0.0,0.0
2023-01-18 00:00:00-05:00,346.779743893748,349.3879813057407,342.1666344734911,342.58514404296875,2302300,0.0,0.0
2023-01-19 00:00:00-05:00,342.9354618766435,346.2736181862105,341.0376899874643,341.67999267578125,2658300,0.0,0.0
2023-01-20 00:00:00-05:00,337.70923072283284,339.72381452990066,332.4343357222922,336.80413818359375,5391900,0.0,0.0
2023-01-23 00:00:00-05:00,337.32970246115855,337.32970246115855,331.1108064780899,333.0475158691406,3403100,0.0,0.0
2023-01-24 00:00:00-05:00,336.7360283786417,337.3491652055129,332.22024773027886,337.1156005859375,2242500,0.0,0.0
2023-01-25 00:00:00-05:00,336.298105223775,340.4148603388994,335.8601715097123,340.3662109375,2503300,0.0,0.0
2023-01-26 00:00:00-05:00,341.6021650897366,342.750564100668,337.4465027194241,338.6922302246094,2576200,0.0,0.0
2023-01-27 00:00:00-05:00,336.8430435140508,338.77004058161174,332.3856840573786,332.9404296875,2363600,0.0,0.0
2023-01-30 00:00:00-05:00,335.11080330254157,338.48789778131874,330.37119873877333,331.38336181640625,2647700,0.0,0.0
2023-01-31 00:00:00-05:00,331.55845323232893,335.17885324781355,330.29327197389256,334.935546875,2406700,0.0,0.0
2023-02-01 00:00:00-05:00,333.61206006978733,336.67771521380445,328.4831414064596,333.39794921875,2990900,0.0,0.0
2023-02-02 00:00:00-05:00,325.0573664004707,326.3225478625521,308.5125303860755,321.8457336425781,13036600,0.0,0.0
2023-02-03 00:00:00-05:00,324.03546447737074,333.16429534923924,320.55130031454405,330.0013122558594,5670700,0.0,0.0
2023-02-06 00:00:00-05:00,332.8237268069417,334.2251741540473,325.6607703994587,328.619384765625,3055700,0.0,0.0
2023-02-07 00:00:00-05:00,327.0523920349836,331.8309324335112,323.7823688647759,330.585205078125,2464100,0.0,0.0
2023-02-08 00:00:00-05:00,329.49526506095464,333.68986512659035,328.7750876029674,331.607177734375,2399400,0.0,0.0
2023-02-09 00:00:00-05:00,331.7628359504179,338.0498640042096,331.383263770924,332.63873291015625,3072800,0.0,0.0
2023-02-10 00:00:00-05:00,334.0791348872499,339.10098245512415,333.5536144572482,335.8796081542969,1980000,0.0,0.0
2023-02-13 00:00:00-05:00,337.19344979808045,341.4172450245889,336.73603261200424,341.0182189941406,2291600,0.0,0.0
2023-02-14 00:00:00-05:00,342.258238811695,345.46074516800667,339.07524921366524,339.3486328125,2028900,1.13,0.0
2023-02-15 00:00:00-05:00,337.67904732242494,338.6749383513034,326.45074321464483,327.09515380859375,3600700,0.0,0.0
2023-02-16 00:00:00-05:00,323.1798505184347,325.0740187934168,318.02459608873477,318.3663330078125,3654200,0.0,0.0
2023-02-17 00:00:00-05:00,315.5153015661583,323.7559018007739,312.92791602015836,320.6412658691406,3695600,0.0,0.0
2023-02-21 00:00:00-05:00,319.4208591284116,323.8828970099926,318.62022501904215,319.7723693847656,2515600,0.0,0.0
2023-02-22 00:00:00-05:00,320.9439914627626,324.7421018353485,318.62021583486205,321.2955017089844,2379800,0.0,0.0
2023-02-23 00:00:00-05:00,320.26048704109405,324.9665876894386,317.99529191450597,319.78204345703125,2229500,0.0,0.0
2023-02-24 00:00:00-05:00,318.2980547464301,319.49900598650675,312.5276784605599,314.04107666015625,2594600,0.0,0.0
2023-02-27 00:00:00-05:00,314.97837790018485,315.759465477996,308.43665769883756,309.1396484375,3043500,0.0,0.0
2023-02-28 00:00:00-05:00,308.0362947140323,308.0362947140323,302.3245293349753,303.8671875,3966900,0.0,0.0
2023-03-01 00:00:00-05:00,302.6760040071015,309.42275334942957,301.89491656055236,306.74749755859375,3580800,0.0,0.0
2023-03-02 00:00:00-05:00,304.42375992461916,308.8271878801196,303.19351873702175,307.6067199707031,2885200,0.0,0.0
2023-03-03 00:00:00-05:00,308.8955316827634,312.59599861273324,307.7922239593139,310.9068603515625,3002800,0.0,0.0
2023-03-06 00:00:00-05:00,309.4521118348283,312.6741355102781,309.022504705224,311.42437744140625,2673700,0.0,0.0
2023-03-07 00:00:00-05:00,311.4633540510579,312.78146511372364,302.28544299444815,303.2911071777344,2620800,0.0,0.0
2023-03-08 00:00:00-05:00,303.1642244337663,305.6344502558079,302.0121098946657,305.1560363769531,2313200,0.0,0.0
2023-03-09 00:00:00-05:00,304.93138903962614,311.23875730506734,304.93138903962614,309.3641357421875,3920300,0.0,0.0
2023-03-10 00:00:00-05:00,311.31692248450395,318.8154692580974,306.9134652672141,307.577392578125,4597300,0.0,0.0
2023-03-13 00:00:00-04:00,309.74498598841785,323.96099399058096,309.74498598841785,316.8236999511719,5275600,0.0,0.0
2023-03-14 00:00:00-04:00,316.394043288635,319.5477426385142,313.8457209636468,319.34271240234375,4214300,0.0,0.0
2023-03-15 00:00:00-04:00,318.2979850173299,323.53133635820336,316.83342373657536,321.6860046386719,4743500,0.0,0.0
2023-03-16 00:00:00-04:00,319.8992059055703,323.8632821383415,317.36062743322844,321.7445373535156,3498200,0.0,0.0
2023-03-17 00:00:00-04:00,323.6680579183188,327.03656093745695,320.34839148872834,321.4028625488281,8679800,0.0,0.0
2023-03-20 00:00:00-04:00,321.4028576736086,326.0504084824847,321.2368907427638,325.71844482421875,3540900,0.0,0.0
2023-03-21 00:00:00-04:00,326.4897911833455,326.5385979759324,320.3288424148353,323.2579650878906,3240400,0.0,0.0
2023-03-22 00:00:00-04:00,323.9316611804544,327.67119109378683,322.83812683184397,323.15057373046875,2472200,0.0,0.0
2023-03-23 00:00:00-04:00,323.07253379511263,327.4173819201942,322.40857656947236,324.78118896484375,2703400,0.0,0.0
2023-03-24 00:00:00-04:00,325.12289088879754,328.9698082779878,321.0025898687472,328.188720703125,2791900,0.0,0.0
2023-03-27 00:00:00-04:00,320.0554914558588,328.27657637359374,315.62277347888926,326.6948547363281,3102300,0.0,0.0
2023-03-28 00:00:00-04:00,327.8664616854485,330.8248744751827,326.8119906044822,329.6727600097656,2433200,0.0,0.0
2023-03-29 00:00:00-04:00,330.990901423869,331.7426989392723,326.6753137284371,327.9348449707031,2743800,0.0,0.0
2023-03-30 00:00:00-04:00,328.13011622135525,333.24630798834465,328.13011622135525,332.6409606933594,2146900,0.0,0.0
2023-03-31 00:00:00-04:00,333.919992976212,335.5310045268695,332.6409450944445,335.30645751953125,2933600,0.0,0.0
2023-04-03 00:00:00-04:00,335.13068441503793,343.2346084804464,334.2128902462257,342.4534912109375,3039600,0.0,0.0
2023-04-04 00:00:00-04:00,343.75204864740823,350.5183142475836,342.9709314619484,346.2417907714844,3585900,0.0,0.0
2023-04-05 00:00:00-04:00,349.620102988404,356.2301761969257,349.4736527998903,353.68182373046875,3442700,0.0,0.0
2023-04-06 00:00:00-04:00,356.23019797668564,360.7703328776702,355.6443673902338,359.58892822265625,3531700,0.0,0.0
2023-04-10 00:00:00-04:00,359.48139892253585,359.64739562538057,354.4628516832564,358.32928466796875,1868000,0.0,0.0
2023-04-11 00:00:00-04:00,359.0714140434487,360.0868218391208,354.9999201933398,355.4393005371094,2027000,0.0,0.0
2023-04-12 00:00:00-04:00,355.4197709557377,363.6408558803273,354.74607028795845,360.3309326171875,2672600,0.0,0.0
2023-04-13 00:00:00-04:00,363.8166390928516,366.6871823303953,361.56121652000775,366.286865234375,2839900,0.0,0.0
2023-04-14 00:00:00-04:00,365.39832632751086,367.4194283783139,363.7092177758976,365.87677001953125,2287900,0.0,0.0
2023-04-17 00:00:00-04:00,366.14033373042656,367.0190645720643,362.3910602886162,363.5529479980469,2059700,0.0,0.0
2023-04-18 00:00:00-04:00,364.1876475873574,365.41788885406,360.9265606992964,361.170654296875,1925300,0.0,0.0
2023-04-19 00:00:00-04:00,361.7954430158604,362.50820689902264,358.6710634959097,361.71734619140625,2173000,0.0,0.0
2023-04-20 00:00:00-04:00,362.6156204623457,367.17527118994497,361.02412578390846,365.9548034667969,2766500,0.0,0.0
2023-04-21 00:00:00-04:00,369.0792605788277,377.14409207669144,369.0694873008721,376.138427734375,3682500,0.0,0.0
2023-04-24 00:00:00-04:00,376.1383920700487,377.9056270108604,372.6136954654541,374.2930603027344,2059700,0.0,0.0
2023-04-25 00:00:00-04:00,375.95289401952164,381.2546288561793,374.92771297299214,375.74786376953125,2648600,0.0,0.0
2023-04-26 00:00:00-04:00,372.11579271689675,372.4868197425467,361.92244197638865,367.38037109375,3161200,0.0,0.0
2023-04-27 00:00:00-04:00,382.0162202579386,389.1144507312837,371.7740335328271,381.1277160644531,4981300,0.0,0.0
2023-04-28 00:00:00-04:00,388.59696258115844,394.75788189061586,383.23667733071034,386.50750732421875,5350100,0.0,0.0
2023-05-01 00:00:00-04:00,387.8744843589753,397.72609798867904,382.99261260214007,396.22247314453125,4091100,0.0,0.0
2023-05-02 00:00:00-04:00,397.3843181480829,401.8170655682555,389.82719101845163,394.6504821777344,3884600,0.0,0.0
2023-05-03 00:00:00-04:00,405.22456707347965,423.94167286075884,404.52157648530545,421.0027770996094,10129800,0.0,0.0
2023-05-04 00:00:00-04:00,421.25667552266526,422.4771433161641,415.1738533130997,418.3177795410156,4070700,0.0,0.0
2023-05-05 00:00:00-04:00,417.9858241130409,421.08091381225836,414.52945091070416,417.7026672363281,2753400,0.0,0.0
2023-05-08 00:00:00-04:00,416.13069403854695,424.72277504027153,413.00628469433303,422.49664306640625,2478600,0.0,0.0
2023-05-09 00:00:00-04:00,421.56910960358937,425.30863975949563,417.9369961120553,418.25921630859375,2601600,0.0,0.0
2023-05-10 00:00:00-04:00,415.9939979258461,428.0327087484755,415.9939979258461,425.6210632324219,2766300,0.0,0.0
2023-05-11 00:00:00-04:00,426.38261977835543,426.5290699472266,420.9344351237426,425.259765625,2595900,0.0,0.0
2023-05-12 00:00:00-04:00,430.8787801336661,436.1453421150654,425.2598234597534,425.26959228515625,3939200,1.13,0.0
2023-05-15 00:00:00-04:00,426.1897520290973,426.80647258355515,421.5888744922102,425.347900390625,2234800,0.0,0.0
2023-05-16 00:00:00-04:00,425.0443975433777,429.2341475468052,421.5790342154806,427.4427185058594,2128800,0.0,0.0
2023-05-17 00:00:00-04:00,429.5473645759772,429.69422554561106,423.6053804992594,428.24542236328125,2274200,0.0,0.0
2023-05-18 00:00:00-04:00,427.30577111016663,430.25228201447067,424.44732900923975,428.65667724609375,2268100,0.0,0.0
2023-05-19 00:00:00-04:00,429.74317683307595,438.07374319198294,429.74317683307595,433.0519104003906,3442800,0.0,0.0
2023-05-22 00:00:00-04:00,434.94123535353765,445.3568936569744,423.27259831898,424.8388366699219,4398000,0.0,0.0
2023-05-23 00:00:00-04:00,423.7914080512656,426.6987834559507,412.6219971488921,414.2861328125,4492100,0.0,0.0
2023-05-24 00:00:00-04:00,415.05953877363874,419.91494388134134,411.3984099488802,416.7922058105469,3133000,0.0,0.0
2023-05-25 00:00:00-04:00,417.38936079189006,419.17099146169835,410.9480898699939,418.29974365234375,2882200,0.0,0.0
2023-05-26 00:00:00-04:00,415.9405198472226,422.56778622437866,414.7364748415208,416.811767578125,2338400,0.0,0.0
2023-05-30 00:00:00-04:00,414.8539355787031,419.6897726991258,413.160403754447,418.2311706542969,2595700,0.0,0.0
2023-05-31 00:00:00-04:00,417.9962077221995,421.4811385863505,415.0692649140141,420.4043273925781,3950900,0.0,0.0
2023-06-01 00:00:00-04:00,421.1972869577389,427.57982491668247,419.102426676833,427.2861328125,2914400,0.0,0.0
2023-06-02 00:00:00-04:00,430.6829391064269,435.3230111778099,427.570000160745,433.0029602050781,2499000,0.0,0.0
2023-06-05 00:00:00-04:00,433.6588928108045,438.3576679616041,432.3960854128196,434.892333984375,2113800,0.0,0.0
2023-06-06 00:00:00-04:00,438.3870271442262,439.4051060310435,430.74171147896294,433.7274169921875,1495300,0.0,0.0
2023-06-07 00:00:00-04:00,430.91795855446674,437.2711009108554,426.4932481159843,427.168701171875,2458300,0.0,0.0
2023-06-08 00:00:00-04:00,426.6890097976617,438.03461869362985,423.2236461108964,436.2627868652344,2040300,0.0,0.0
2023-06-09 00:00:00-04:00,439.8260046341571,439.8260046341571,433.26729940901464,436.634765625,2082000,0.0,0.0
2023-06-12 00:00:00-04:00,436.74248071884455,437.56476490448597,429.4299918502251,435.9201965332031,2566600,0.0,0.0
2023-06-13 00:00:00-04:00,434.31480190389703,437.96613212537125,432.92473083327735,436.3215637207031,1766300,0.0,0.0
2023-06-14 00:00:00-04:00,434.921720492073,439.31703490421233,434.1875349733904,438.2793884277344,2163300,0.0,0.0
2023-06-15 00:00:00-04:00,438.5534459323274,446.9525144084885,438.2499850002919,444.3583984375,2287100,0.0,0.0
2023-06-16 00:00:00-04:00,446.18894106995555,447.34408216952517,438.06396769694084,438.26953125,4295700,0.0,0.0
2023-06-20 00:00:00-04:00,436.45855384688394,445.2883766828036,435.7243683937376,442.420166015625,2506300,0.0,0.0
2023-06-21 00:00:00-04:00,444.91636890133486,445.7386529949426,440.71681989283684,443.447998046875,2347500,0.0,0.0
2023-06-22 00:00:00-04:00,445.40581484962115,452.51273916934514,444.2507036424279,448.029296875,2912500,0.0,0.0
2023-06-23 00:00:00-04:00,447.3636883383995,450.3102289744709,442.7823780871212,449.1648864746094,4832100,0.0,0.0
2023-06-26 00:00:00-04:00,455.4494976683929,455.4494976683929,439.4540478816283,443.21307373046875,3214700,0.0,0.0
2023-06-27 00:00:00-04:00,452.74767757616974,458.11213648893073,442.1754194332128,454.70550537109375,4138700,0.0,0.0
2023-06-28 00:00:00-04:00,458.6309753029774,458.6505428269248,447.67692602682166,449.02783203125,2854700,0.0,0.0
2023-06-29 00:00:00-04:00,449.38030438765736,456.0075420904517,447.8629994821857,454.69580078125,2112400,0.0,0.0
2023-06-30 00:00:00-04:00,454.85235041775314,459.9622823140383,454.216062339723,459.091064453125,3173200,0.0,0.0
2023-07-03 00:00:00-04:00,456.42849236018736,456.42849236018736,447.7259317758345,451.6905517578125,2113200,0.0,0.0
2023-07-05 00:00:00-04:00,452.3561527469981,457.39755373144715,450.30042742956806,455.8802490234375,2130200,0.0,0.0
2023-07-06 00:00:00-04:00,453.35458932435984,457.74013424206845,451.8862185108421,453.44268798828125,2191700,0.0,0.0
2023-07-07 00:00:00-04:00,452.58126152394334,453.834270152214,441.7251096872207,442.5473937988281,2914700,0.0,0.0
2023-07-10 00:00:00-04:00,443.40888054180425,445.08284500423207,440.2274100169317,443.60467529296875,2011400,0.0,0.0
2023-07-11 00:00:00-04:00,440.5112623118375,441.05945171501014,428.382504549959,430.125,3570900,0.0,0.0
2023-07-12 00:00:00-04:00,429.22444807217926,434.93150388393906,425.83741379730117,431.3095397949219,3107800,0.0,0.0
2023-07-13 00:00:00-04:00,430.9472979652987,432.9148946858663,425.1814804735898,425.5339050292969,2865100,0.0,0.0
2023-07-14 00:00:00-04:00,431.79892958954633,440.95178057863995,431.5737686366648,439.9826354980469,2955000,0.0,0.0
2023-07-17 00:00:00-04:00,439.9729284530682,441.11824115357024,433.91344813866425,437.7116394042969,2347900,0.0,0.0
2023-07-18 00:00:00-04:00,437.5256201773944,443.7612975195027,435.6558908699066,441.6860046386719,2237000,0.0,0.0
2023-07-19 00:00:00-04:00,441.8817884420997,445.40588493508454,439.1016761737688,443.9962463378906,2212800,0.0,0.0
2023-07-20 00:00:00-04:00,445.55271912472256,455.4103906727353,445.40588799360773,454.0399169921875,2624200,0.0,0.0
2023-07-21 00:00:00-04:00,455.5963289136007,457.1919633754241,452.2288626549761,452.2973937988281,2226700,0.0,0.0
2023-07-24 00:00:00-04:00,452.25824785838125,455.8215089992496,448.019563571751,449.634765625,2190700,0.0,0.0
2023-07-25 00:00:00-04:00,448.1076657338467,451.2010374450699,446.9721219506825,447.8923034667969,1737800,0.0,0.0
2023-07-26 00:00:00-04:00,445.40587659336927,445.40587659336927,437.1438399211391,444.0256042480469,1959800,0.0,0.0
2023-07-27 00:00:00-04:00,443.7612571248406,449.0082212988241,442.7138120801561,445.3960266113281,1883500,0.0,0.0
2023-07-28 00:00:00-04:00,445.53310184136484,449.879482081473,442.25373420030786,448.8124694824219,1437600,0.0,0.0
2023-07-31 00:00:00-04:00,449.34110947915207,449.34110947915207,441.29443491849213,444.9653625488281,2110200,0.0,0.0
2023-08-01 00:00:00-04:00,445.7484573031888,447.72585265740986,441.93069900836497,443.5361022949219,1738200,0.0,0.0
2023-08-02 00:00:00-04:00,445.63100552643294,451.9058474929915,441.80344842011954,444.8968200683594,2366600,0.0,0.0
2023-08-03 00:00:00-04:00,441.27486181531475,444.5248635394102,438.80800923357765,439.68902587890625,2414100,0.0,0.0
2023-08-04 00:00:00-04:00,439.76732593771794,442.9292289852759,437.46690188395667,440.0120544433594,1870400,0.0,0.0
2023-08-07 00:00:00-04:00,443.6927940225386,445.4058936133592,441.0790803593744,444.5052795410156,2446400,0.0,0.0
2023-08-08 00:00:00-04:00,495.33040826389845,526.6556514742635,492.1097733315904,510.6014404296875,15094500,0.0,0.0
2023-08-09 00:00:00-04:00,509.3975496093233,521.301179089158,505.99094749908755,515.1339721679688,5376600,0.0,0.0
2023-08-10 00:00:00-04:00,512.4320777290785,517.5909735764257,509.02547616287427,510.3470458984375,4108500,0.0,0.0
2023-08-11 00:00:00-04:00,512.6768416090462,520.5962826248732,509.03530999359936,517.1407470703125,2524300,0.0,0.0
2023-08-14 00:00:00-04:00,521.1923536944954,532.0030708106574,519.2008695637869,527.7847290039062,3981100,1.13,0.0
2023-08-15 00:00:00-04:00,527.5198126640828,536.8982894170106,523.6448613355305,536.2410278320312,2826800,0.0,0.0
2023-08-16 00:00:00-04:00,537.0061718928168,542.3722805823354,532.1991875387448,535.8681640625,2597100,0.0,0.0
2023-08-17 00:00:00-04:00,532.895716000947,538.3795412577391,527.1862171980578,527.4510498046875,2549900,0.0,0.0
2023-08-18 00:00:00-04:00,524.8710606863455,537.3691483100212,523.7625119527314,536.0545654296875,2958600,0.0,0.0
2023-08-21 00:00:00-04:00,536.6039395437433,542.9903395676374,535.3874938013334,539.6058349609375,2305400,0.0,0.0
2023-08-22 00:00:00-04:00,539.0957518643629,545.5409503896235,536.888474050543,543.1472778320312,1936600,0.0,0.0
2023-08-23 00:00:00-04:00,546.1492147591945,546.8163559069308,537.800849222897,542.85302734375,2121300,0.0,0.0
2023-08-24 00:00:00-04:00,542.2055577877026,546.4042596646796,536.9080669521185,537.5947875976562,1776700,0.0,0.0
2023-08-25 00:00:00-04:00,539.1938233947034,545.5409445665424,536.6922538743243,543.1375122070312,1847600,0.0,0.0
2023-08-28 00:00:00-04:00,539.6843285016611,545.6684798817961,539.6745087979695,543.40234375,1373700,0.0,0.0
2023-08-29 00:00:00-04:00,542.9413449283481,545.786245068304,539.4194839359449,543.3828125,1701200,0.0,0.0
2023-08-30 00:00:00-04:00,544.4716869593994,547.1596512824077,536.6529872074897,537.5849609375,2191100,0.0,0.0
2023-08-31 00:00:00-04:00,536.6334014143658,546.8260743494632,532.6897125587816,543.6770629882812,3043400,0.0,0.0
2023-09-01 00:00:00-04:00,545.7566991849856,548.5918387348172,543.0000573743267,546.5316772460938,2030800,0.0,0.0
2023-09-05 00:00:00-04:00,548.6116010731928,551.2603467977603,546.1394902896809,547.5913696289062,2257200,0.0,0.0
2023-09-06 00:00:00-04:00,550.3675614814292,550.9267456997018,542.2055316373536,549.31787109375,2424300,0.0,0.0
2023-09-07 00:00:00-04:00,553.4773127604747,565.3671766345295,551.937116317676,562.3456420898438,3707100,0.0,0.0
2023-09-08 00:00:00-04:00,561.4626955108921,576.393671558636,560.373726528279,575.3244018554688,4308300,0.0,0.0
2023-09-11 00:00:00-04:00,576.0014215198922,586.8023171273475,573.3820754514741,584.251708984375,3876500,0.0,0.0
2023-09-12 00:00:00-04:00,579.7488051436644,589.715923555594,576.6880515844076,587.920654296875,3212100,0.0,0.0
2023-09-13 00:00:00-04:00,583.368763837953,589.3431552529797,580.4650056717743,587.5086669921875,3126600,0.0,0.0
2023-09-14 00:00:00-04:00,587.8619617395373,590.4126303424005,578.807234896199,580.3768310546875,3244800,0.0,0.0
2023-09-15 00:00:00-04:00,580.7593216557974,582.780204738131,564.1409697525564,564.7295532226562,5941200,0.0,0.0
2023-09-18 00:00:00-04:00,567.0251749707154,567.0251749707154,553.6931899264613,560.4328002929688,2723600,0.0,0.0
2023-09-19 00:00:00-04:00,560.7662999727252,567.4273525737789,559.7951072826833,564.0429077148438,2185100,0.0,0.0
2023-09-20 00:00:00-04:00,562.5321707219929,564.3274403615051,558.3825070093309,558.823974609375,1869900,0.0,0.0
2023-09-21 00:00:00-04:00,556.4203943833603,557.2150119878003,532.1991971890523,539.684326171875,4049900,0.0,0.0
2023-09-22 00:00:00-04:00,538.3894155514421,544.9425712311868,537.2318280987809,540.0865478515625,2353800,0.0,0.0
2023-09-25 00:00:00-04:00,539.6548642718031,542.1662534670991,535.3874845433922,541.8032836914062,1686500,0.0,0.0
2023-09-26 00:00:00-04:00,540.2433680199017,543.6082322915063,537.5946234110619,539.5664672851562,1864300,0.0,0.0
2023-09-27 00:00:00-04:00,539.448886491123,541.2146967163467,533.3469586405137,539.3213500976562,2004200,0.0,0.0
2023-09-28 00:00:00-04:00,540.8517326297516,541.2048827032613,531.1201069435095,534.1121826171875,2178800,0.0,0.0
2023-09-29 00:00:00-04:00,535.1325249406325,535.7211683948685,522.094889740173,526.9312744140625,2967700,0.0,0.0
2023-10-02 00:00:00-04:00,525.8324148784161,530.3745066380321,516.8070897024004,528.069091796875,2810100,0.0,0.0
2023-10-03 00:00:00-04:00,525.822636966509,527.1372199044727,506.7615735616223,515.2178955078125,3266100,0.0,0.0
2023-10-04 00:00:00-04:00,515.5810198134261,525.9895499397211,513.6876725331267,521.3690185546875,2220400,0.0,0.0
2023-10-05 00:00:00-04:00,523.4092467801265,532.1991379691258,521.5159003500113,531.198486328125,2950700,0.0,0.0
2023-10-06 00:00:00-04:00,533.670738844848,555.6061614608926,532.4052544203146,554.48779296875,4745200,0.0,0.0
2023-10-09 00:00:00-04:00,553.3105995516047,568.7811234483086,552.8789517266551,560.9036254882812,4208100,0.0,0.0
2023-10-10 00:00:00-04:00,559.1771395519003,574.8243013093488,558.9122470096064,568.3103637695312,3526700,0.0,0.0
2023-10-11 00:00:00-04:00,584.8796218294499,597.2305347731971,573.9020903598134,593.7872314453125,5850600,0.0,0.0
2023-10-12 00:00:00-04:00,593.9638605558059,601.3606733842329,590.765750167722,598.9081420898438,4063500,0.0,0.0
2023-10-13 00:00:00-04:00,606.157751407767,618.0083377995544,591.118814917574,597.6327514648438,3963800,0.0,0.0
2023-10-16 00:00:00-04:00,599.3887743806519,610.1700913945533,596.8773849576036,604.9315185546875,2941500,0.0,0.0
2023-10-17 00:00:00-04:00,607.2466683810678,608.6201096752385,591.0894230857424,596.7596435546875,2911700,0.0,0.0
2023-10-18 00:00:00-04:00,595.7099609375,604.185922454352,591.7859113326143,595.7099609375,2049100,0.0,0.0
2023-10-19 00:00:00-04:00,593.5123548155117,593.5123548155117,567.3585970629017,579.5819702148438,3493700,0.0,0.0
2023-10-20 00:00:00-04:00,578.7972126193607,585.5858004494828,569.8503859194788,573.5390014648438,3666900,0.0,0.0
2023-10-23 00:00:00-04:00,574.9321677277527,577.1689049075567,565.2005407576179,565.7008666992188,2781900,0.0,0.0
2023-10-24 00:00:00-04:00,568.9871757452552,583.231494546724,568.1140603638994,581.18115234375,2633000,0.0,0.0
2023-10-25 00:00:00-04:00,585.6053899343488,588.312993024125,574.7455783466481,575.3244018554688,2283300,0.0,0.0
2023-10-26 00:00:00-04:00,568.9872439633639,569.9682564529559,555.4100047618603,557.3131713867188,2846500,0.0,0.0
2023-10-27 00:00:00-04:00,552.3197723685695,559.9716567179855,546.0707284935263,549.592529296875,2717400,0.0,0.0
2023-10-30 00:00:00-04:00,560.3641352941794,562.3261601667787,551.8685340651258,554.9685668945312,2290900,0.0,0.0
2023-10-31 00:00:00-04:00,558.166574776817,558.7944370586944,537.2121650981637,543.4121704101562,3661400,0.0,0.0
2023-11-01 00:00:00-04:00,544.4618540195787,547.8267191935056,540.7928774123301,543.93212890625,2935900,0.0,0.0
2023-11-02 00:00:00-04:00,567.3488606566405,586.0959913536275,561.1292163243562,569.2716064453125,5181300,0.0,0.0
2023-11-03 00:00:00-04:00,567.4470341334614,571.9302682930526,556.410643879093,557.0286865234375,3056500,0.0,0.0
2023-11-06 00:00:00-05:00,560.2561194611493,586.3609031498694,560.1678618818687,583.8887329101562,3978500,0.0,0.0
2023-11-07 00:00:00-05:00,585.6644589370118,590.5106630525792,578.9249078931131,588.538818359375,3168200,0.0,0.0
2023-11-08 00:00:00-05:00,596.1220231848735,613.9862821789391,580.935969003716,607.374267578125,7776400,0.0,0.0
2023-11-09 00:00:00-05:00,603.0870923130144,603.9602075741174,572.3519621668058,580.0921630859375,6279800,0.0,0.0
2023-11-10 00:00:00-05:00,583.7023359111583,587.4890291318136,574.8732249477963,586.3609008789062,3645900,0.0,0.0
2023-11-13 00:00:00-05:00,583.0646782188501,607.0014039998043,567.1723257242135,601.0761108398438,5744800,0.0,0.0
2023-11-14 00:00:00-05:00,597.7737816527816,605.4594802090896,592.3191150010201,600.3291625976562,3827600,1.13,0.0
2023-11-15 00:00:00-05:00,600.388161377248,602.3832650024539,574.3825893906314,578.4318237304688,4287000,0.0,0.0
2023-11-16 00:00:00-05:00,581.3408908592921,584.8692584169709,571.7583487022708,578.6381225585938,3030500,0.0,0.0
2023-11-17 00:00:00-05:00,582.2746441344963,585.9405619424464,577.1246510783349,581.54736328125,2628200,0.0,0.0
2023-11-20 00:00:00-05:00,581.2820665889343,594.4715623406638,580.5449477803619,587.3362426757812,2827200,0.0,0.0
2023-11-21 00:00:00-05:00,588.1617207359154,591.2281295477032,581.6062956144126,582.4219970703125,1851600,0.0,0.0
2023-11-22 00:00:00-05:00,585.173997064369,588.8890441684789,576.6725372835054,584.8693237304688,2052200,0.0,0.0
2023-11-24 00:00:00-05:00,588.0831312075929,593.134865920652,586.7268279579876,590.7760620117188,1341700,0.0,0.0
2023-11-27 00:00:00-05:00,590.844994580501,593.3217332211703,580.9872892530486,581.37060546875,2630700,0.0,0.0
2023-11-28 00:00:00-05:00,581.83242403052,585.1543774666717,579.2377515265057,581.4392700195312,1793900,0.0,0.0
2023-11-29 00:00:00-05:00,582.0289500623544,584.3287268632744,574.4022188174024,581.6947631835938,1908600,0.0,0.0
2023-11-30 00:00:00-05:00,581.3016846629015,585.9897190296259,576.1418535143791,580.8888549804688,5658400,0.0,0.0
2023-12-01 00:00:00-05:00,581.5376292037653,591.6312022857779,572.9870387549847,574.0091552734375,3638600,0.0,0.0
2023-12-04 00:00:00-05:00,572.1319547277785,577.0067886014934,564.4659312872889,575.6209716796875,2577100,0.0,0.0
2023-12-05 00:00:00-05:00,573.2621702034807,581.6357980532152,569.4192910256705,578.0485229492188,2157300,0.0,0.0
2023-12-06 00:00:00-05:00,580.5940383427417,583.6997989751951,574.3629613555382,579.129638671875,2093100,0.0,0.0
2023-12-07 00:00:00-05:00,578.1762807183293,578.7561138364906,567.6894954865147,578.1664428710938,2095000,0.0,0.0
2023-12-08 00:00:00-05:00,578.8839487996623,588.0242096780705,574.7266180745428,587.7785034179688,2446800,0.0,0.0
2023-12-11 00:00:00-05:00,588.3780535732824,590.8646298936594,557.664768905884,574.0091552734375,5614100,0.0,0.0
2023-12-12 00:00:00-05:00,572.0041293399194,575.7879814585003,568.2398929295532,574.7167358398438,2846100,0.0,0.0
2023-12-13 00:00:00-05:00,573.2424971722659,588.3878034487553,572.3088014606028,587.2379150390625,3112500,0.0,0.0
2023-12-14 00:00:00-05:00,584.289397956742,584.289397956742,558.9226899083387,563.817138671875,5275900,0.0,0.0
2023-12-15 00:00:00-05:00,562.2741770634086,563.8565709556632,552.0037034639281,562.2152099609375,5317000,0.0,0.0
2023-12-18 00:00:00-05:00,566.5690190837794,573.036023468414,565.8122847315374,569.8025512695312,3033900,0.0,0.0
2023-12-19 00:00:00-05:00,570.2841909933748,575.0607059687396,567.3357160722543,569.8517456054688,2192700,0.0,0.0
2023-12-20 00:00:00-05:00,566.5789592143816,569.9009126447266,560.2397857031469,560.4166870117188,2647100,0.0,0.0
2023-12-21 00:00:00-05:00,561.5959492004639,565.1243169824561,557.2813934834375,562.1758422851562,1786500,0.0,0.0
2023-12-22 00:00:00-05:00,563.1784014469289,566.0089422496543,557.6745454474618,560.5935668945312,2226100,0.0,0.0
2023-12-26 00:00:00-05:00,559.7188249510126,562.9326818247582,557.8907848888482,560.8687133789062,1678700,0.0,0.0
2023-12-27 00:00:00-05:00,560.7016700148832,573.6552964900708,560.7016700148832,571.5225830078125,2163400,0.0,0.0
2023-12-28 00:00:00-05:00,571.9843761552537,576.6135027062004,570.0384021849715,570.873779296875,1973500,0.0,0.0
2023-12-29 00:00:00-05:00,572.8394592199028,576.1024450307879,569.5175063154963,572.9082641601562,2000100,0.0,0.0
2024-01-02 00:00:00-05:00,570.4413864449053,582.5399588323047,569.1047589481602,582.0289306640625,3226700,0.0,0.0
2024-01-03 00:00:00-05:00,589.6949892380704,609.1942632764349,588.515587262219,607.0910034179688,5130300,0.0,0.0
2024-01-04 00:00:00-05:00,614.5211908591046,625.4796540050353,602.737128289712,603.9459838867188,6272500,0.0,0.0
2024-01-05 00:00:00-05:00,603.4546104362373,609.292593920389,599.710049210693,607.9264526367188,2404000,0.0,0.0
2024-01-08 00:00:00-05:00,611.7397481637338,615.3074076579342,599.1203089500448,615.2779541015625,2453900,0.0,0.0
2024-01-09 00:00:00-05:00,619.2878503006121,623.523823678138,613.0075841137299,614.7373657226562,2918900,0.0,0.0
2024-01-10 00:00:00-05:00,617.695640672661,626.108619810388,615.0125477660588,619.366455078125,2679100,0.0,0.0
2024-01-11 00:00:00-05:00,623.4943995424152,628.7721652761524,617.3517429634027,624.801513671875,2690300,0.0,0.0
2024-01-12 00:00:00-05:00,627.2389025913894,632.9392753722113,622.1380386403899,631.8778076171875,2067800,0.0,0.0
2024-01-16 00:00:00-05:00,632.8508784480811,636.6052774970725,622.7867591062466,623.6713256835938,2413600,0.0,0.0
2024-01-17 00:00:00-05:00,628.4674736176049,629.5191035917496,614.4523791769418,618.1084594726562,2124100,0.0,0.0
2024-01-18 00:00:00-05:00,610.6094651670292,613.164785839051,602.1768109703658,612.6438598632812,3385000,0.0,0.0
2024-01-19 00:00:00-05:00,611.7004298637238,618.7767814413642,609.3514638562026,617.7841186523438,3125000,0.0,0.0
2024-01-22 00:00:00-05:00,619.1797259338849,621.7743982298864,614.2656011248857,620.0446166992188,2030200,0.0,0.0
2024-01-23 00:00:00-05:00,616.9094222368898,619.1797455711757,604.2604693763145,618.865234375,2525000,0.0,0.0
2024-01-24 00:00:00-05:00,622.6392608226803,632.1234852827911,621.1453477525396,622.816162109375,2276900,0.0,0.0
2024-01-25 00:00:00-05:00,616.5948699400107,621.7448629619878,613.9510684856753,616.840576171875,2407900,0.0,0.0
2024-01-26 00:00:00-05:00,626.4034216964227,628.6147777061585,619.6710951726419,628.2708129882812,2410300,0.0,0.0
2024-01-29 00:00:00-05:00,630.4822923763778,634.5610404761378,628.7820241741895,633.9221801757812,2718500,0.0,0.0
2024-01-30 00:00:00-05:00,634.6101310319268,635.6912145653431,629.9908414141972,633.9024658203125,2006100,0.0,0.0
2024-01-31 00:00:00-05:00,639.2097621747214,652.153551314369,626.0595581788587,634.5216674804688,4719000,0.0,0.0
2024-02-01 00:00:00-05:00,636.2120540441921,649.1755167673031,632.123468901406,649.0870361328125,2494300,0.0,0.0
2024-02-02 00:00:00-05:00,651.0037804181293,661.0679011718985,648.409107414985,656.1832885742188,3019200,0.0,0.0
2024-02-05 00:00:00-05:00,679.1518279581937,699.6535453936814,670.8076523568352,694.0711059570312,7602400,0.0,0.0
2024-02-06 00:00:00-05:00,729.256090010295,729.256090010295,679.2302776307428,692.9210815429688,8187300,0.0,0.0
2024-02-07 00:00:00-05:00,698.1791955164366,728.2634529570008,694.8769180683432,712.9215698242188,5798000,0.0,0.0
2024-02-08 00:00:00-05:00,715.8111002419455,728.2733138527688,713.2852328321821,723.044677734375,4636900,0.0,0.0
2024-02-09 00:00:00-05:00,722.8678156222991,732.8926430096784,721.0102619031827,727.44775390625,2833900,0.0,0.0
2024-02-12 00:00:00-05:00,728.0768355731879,728.0768355731879,713.9733191216167,724.59765625,2932300,0.0,0.0
2024-02-13 00:00:00-05:00,717.639222293179,730.2193715402798,717.639222293179,730.2095336914062,2860300,0.0,0.0
2024-02-14 00:00:00-05:00,734.2953450554749,752.2436297182597,733.488008760964,745.6077880859375,3394300,1.3,0.0
2024-02-15 00:00:00-05:00,744.1212331573698,751.2001344136759,738.4207228910991,746.0706787109375,2507000,0.0,0.0
2024-02-16 00:00:00-05:00,759.115872512038,782.1936138400418,751.7021991886381,769.9754028320312,5009400,0.0,0.0
2024-02-20 00:00:00-05:00,777.7927340812535,781.1205103331658,741.5613883601776,743.9833374023438,4701100,0.0,0.0
2024-02-21 00:00:00-05:00,726.6749462999677,737.9184636366173,721.9097092337269,734.3839111328125,3541800,0.0,0.0
2024-02-22 00:00:00-05:00,751.7809577302168,763.1426166780849,744.5839163689857,757.747314453125,3167400,0.0,0.0
2024-02-23 00:00:00-05:00,762.0399694070729,765.6335927828187,750.4813882713592,757.6488647460938,2394800,0.0,0.0
2024-02-26 00:00:00-05:00,759.3816506456432,768.163799554303,757.2353438094831,759.9920654296875,2243800,0.0,0.0
2024-02-27 00:00:00-05:00,743.2351682712634,761.0062442823075,733.921324324637,753.1790771484375,2716700,0.0,0.0
2024-02-28 00:00:00-05:00,750.471551172166,751.2099620129388,740.0451636599606,745.9328002929688,2716300,0.0,0.0
2024-02-29 00:00:00-05:00,741.4432309380334,744.7710071158998,732.5330858845258,742.033935546875,3905400,0.0,0.0
2024-03-01 00:00:00-05:00,757.136873304604,771.9641589069203,752.3224207451135,770.034423828125,4247500,0.0,0.0
2024-03-04 00:00:00-05:00,784.1331675511196,788.4061309821421,774.0119884160096,780.0374755859375,3855600,0.0,0.0
2024-03-05 00:00:00-05:00,773.1750805540977,776.345355103476,757.3928136269416,765.5744018554688,3168700,0.0,0.0
2024-03-06 00:00:00-05:00,772.1710015919596,775.6759894886536,762.0400259804668,767.7208862304688,2518600,0.0,0.0
2024-03-07 00:00:00-05:00,759.9134728028847,780.7366247018573,749.359088133327,768.1048583984375,3977400,0.0,0.0
2024-03-08 00:00:00-05:00,767.9472282236219,767.9472282236219,743.3335350113263,750.3632202148438,4054900,0.0,0.0
2024-03-11 00:00:00-04:00,740.5866974715123,745.1057380706495,716.3766414397284,723.0223388671875,3968900,0.0,0.0
2024-03-12 00:00:00-04:00,729.5104889823722,744.2884995541338,726.606061234805,743.2843017578125,2701700,0.0,0.0
2024-03-13 00:00:00-04:00,745.3026531494386,749.0144174282574,734.1871305896259,746.1296997070312,2357500,0.0,0.0
2024-03-14 00:00:00-04:00,753.1297368816078,756.1325951956867,737.820032942599,748.9749145507812,2647500,0.0,0.0
2024-03-15 00:00:00-04:00,743.707681828702,749.1325495286118,736.156217436071,742.516357421875,3730100,0.0,0.0
2024-03-18 00:00:00-04:00,750.501110233908,757.7867277473067,746.5333538381781,750.8751831054688,2521400,0.0,0.0
2024-03-19 00:00:00-04:00,746.7203655880419,761.8922193182586,743.3335190709779,760.8388061523438,2557100,0.0,0.0
2024-03-20 00:00:00-04:00,758.2099744379685,761.2128327446131,744.9481464695463,760.91748046875,2038000,0.0,0.0
2024-03-21 00:00:00-04:00,762.039925863356,768.4788462394606,747.1535693282708,758.3577270507812,3013200,0.0,0.0
2024-03-22 00:00:00-04:00,758.1017718341215,764.9936061235226,755.4238307829838,758.7023315429688,1981000,0.0,0.0
2024-03-25 00:00:00-04:00,759.1847823746823,766.4606050179868,756.2804144466013,761.1932983398438,1806600,0.0,0.0
2024-03-26 00:00:00-04:00,762.2368299924972,766.3030167402271,757.1171700104333,762.926025390625,2099000,0.0,0.0
2024-03-27 00:00:00-04:00,766.6771736063396,773.1259491281289,755.5222311576113,766.1553344726562,2297700,0.0,0.0
2024-03-28 00:00:00-04:00,768.2621775428697,781.4058637453627,764.4421281116523,765.9386596679688,3209400,0.0,0.0
2024-04-01 00:00:00-04:00,764.0090655124599,765.4858871597133,742.1718032994485,748.7977905273438,2921300,0.0,0.0
2024-04-02 00:00:00-04:00,743.4023864411936,753.2478627444523,741.8566394505398,752.155029296875,2596800,0.0,0.0
2024-04-03 00:00:00-04:00,753.8584368600444,775.0852858542909,753.5827346210912,763.999267578125,3044900,0.0,0.0
2024-04-04 00:00:00-04:00,769.4633995665753,775.7251687040646,755.95543376062,756.21142578125,2354000,0.0,0.0
2024-04-05 00:00:00-04:00,753.6416889583087,774.5535323028973,751.2985207484231,772.0921630859375,2113400,0.0,0.0
2024-04-08 00:00:00-04:00,772.8897088868441,773.0669202742293,761.3999931558044,765.2791137695312,1664200,0.0,0.0
2024-04-09 00:00:00-04:00,765.6236762058749,765.800887578137,739.0507438017407,745.5388793945312,2464100,0.0,0.0
2024-04-10 00:00:00-04:00,739.67101526229,753.4349726994989,735.2897660359729,750.2056274414062,1700300,0.0,0.0
2024-04-11 00:00:00-04:00,748.0397276113123,751.5348601487302,739.0704518276963,747.8526611328125,1594800,0.0,0.0
2024-04-12 00:00:00-04:00,747.8329077524207,751.7021730233449,738.2040023500724,740.0254516601562,2495000,0.0,0.0
2024-04-15 00:00:00-04:00,748.3252275154572,756.1326840867157,737.9382606053276,739.1689453125,2358600,0.0,0.0
2024-04-16 00:00:00-04:00,740.0648401283197,741.502301465998,731.5189729314956,735.201171875,2569800,0.0,0.0
2024-04-17 00:00:00-04:00,747.4686757666274,759.9035188552593,733.3699445502173,739.1689453125,3069400,0.0,0.0
2024-04-18 00:00:00-04:00,737.8397527028029,740.576824272402,732.277094010298,734.4234008789062,1717300,0.0,0.0
2024-04-19 00:00:00-04:00,737.5837444214093,738.4206460396978,710.9123803039096,715.0868530273438,3505500,0.0,0.0
2024-04-22 00:00:00-04:00,718.463839568446,726.4780723866056,714.2105862307399,720.029296875,2354100,0.0,0.0
2024-04-23 00:00:00-04:00,729.746870286358,734.6301891089058,720.1376737629779,734.16748046875,2042000,0.0,0.0
2024-04-24 00:00:00-04:00,741.0100223836642,741.0100223836642,717.528522826797,720.8858642578125,2133400,0.0,0.0
2024-04-25 00:00:00-04:00,713.79712443385,716.7409126150668,707.2006424379181,713.6691284179688,2608800,0.0,0.0
2024-04-26 00:00:00-04:00,712.3005557995845,726.0547185136215,709.8588967157792,722.1755981445312,2009200,0.0,0.0
2024-04-29 00:00:00-04:00,724.3809266174792,729.1363085476447,718.3357896817265,725.8085327148438,2665600,0.0,0.0
2024-04-30 00:00:00-04:00,763.0245558092328,783.2077859951544,755.7979484143658,769.0302734375,7437100,0.0,0.0
2024-05-01 00:00:00-04:00,762.7882570669242,770.5169331985518,756.3788413252522,764.7474975585938,2802100,0.0,0.0
2024-05-02 00:00:00-04:00,765.3283414055172,765.3283414055172,742.6344686735202,744.2294311523438,3205600,0.0,0.0
2024-05-03 00:00:00-04:00,731.5189227510823,733.488018101691,719.0545756222194,723.6129760742188,4595100,0.0,0.0
2024-05-06 00:00:00-04:00,726.6355478456318,755.1382151895064,724.6270922123015,754.8330078125,3398300,0.0,0.0
2024-05-07 00:00:00-04:00,757.0187754061909,767.0513192020608,750.3336578449436,765.751708984375,2879400,0.0,0.0
2024-05-08 00:00:00-04:00,767.061096671041,769.2763290180987,760.2677535286114,763.0244750976562,2089800,0.0,0.0
2024-05-09 00:00:00-04:00,764.9936048951533,771.8854391734881,757.3141444319856,759.6278076171875,2522100,0.0,0.0
2024-05-10 00:00:00-04:00,762.05966524321,765.4070915228785,748.2562866210938,748.2562866210938,2082300,0.0,0.0
2024-05-13 00:00:00-04:00,751.7022475630041,751.7514629347465,738.9326914027351,745.9918823242188,1848900,0.0,0.0
2024-05-14 00:00:00-04:00,739.9073175892524,752.6867276933027,739.9073175892524,752.1747436523438,1956200,0.0,0.0
2024-05-15 00:00:00-04:00,753.6244642747732,776.8105821195152,752.5888790359128,776.179443359375,3038300,1.3,0.0
2024-05-16 00:00:00-04:00,773.9013099343164,775.6468887599989,759.5319920484307,760.4984741210938,2299700,0.0,0.0
2024-05-17 00:00:00-04:00,762.2440668489155,764.1967746549129,756.5337809886155,759.3938598632812,1670300,0.0,0.0
2024-05-20 00:00:00-04:00,756.3366088631307,773.5265177602934,755.5673238267101,772.392333984375,2188800,0.0,0.0
2024-05-21 00:00:00-04:00,781.5445543593412,805.3618723860327,780.4892854824506,792.1069946289062,4334500,0.0,0.0
2024-05-22 00:00:00-04:00,789.9667992334706,793.7933598305813,784.2960013613202,791.8504638671875,1767500,0.0,0.0
2024-05-23 00:00:00-04:00,798.843030294108,809.3068733183281,791.1109922560712,797.3143920898438,3025800,0.0,0.0
2024-05-24 00:00:00-04:00,796.8704445022134,798.9612383776785,793.0734992590344,796.3082885742188,1778100,0.0,0.0
2024-05-28 00:00:00-04:00,797.8566726992142,797.8566726992142,777.3924873364099,796.7323608398438,2483500,0.0,0.0
2024-05-29 00:00:00-04:00,791.9393929411524,804.375687018753,791.041953863104,800.3519287109375,2380000,0.0,0.0
2024-05-30 00:00:00-04:00,801.5944391098608,808.6952768449505,795.0064580483858,803.8331909179688,1984600,0.0,0.0
2024-05-31 00:00:00-04:00,807.5217619551519,814.829729647064,799.927810419737,809.0405883789062,4472100,0.0,0.0
2024-06-03 00:00:00-04:00,812.4825291876222,826.7335059925622,807.2259280976702,819.8101806640625,2537200,0.0,0.0
2024-06-04 00:00:00-04:00,822.5124393059092,823.9621625537936,813.9421334238284,821.1218872070312,1748300,0.0,0.0
2024-06-05 00:00:00-04:00,819.0506965644819,826.9010760007623,806.3579746900868,820.30322265625,2169000,0.0,0.0
2024-06-06 00:00:00-04:00,823.3802412335767,835.3036780333739,820.4215636879965,825.7570190429688,2109000,0.0,0.0
2024-06-07 00:00:00-04:00,826.2206417100174,845.0082335685473,825.480972265237,838.2821655273438,2468800,0.0,0.0
2024-06-10 00:00:00-04:00,842.2171596984988,859.6240705987535,837.6904166076655,853.0853881835938,3417500,0.0,0.0
2024-06-11 00:00:00-04:00,869.9893176898527,869.9893176898527,840.4912677250328,853.8941040039062,4109100,0.0,0.0
2024-06-12 00:00:00-04:00,859.9889110667866,859.9889110667866,842.0888884387072,855.3536376953125,2594600,0.0,0.0
2024-06-13 00:00:00-04:00,857.0599451675295,872.869115456549,849.633635053124,871.1629638671875,2243400,0.0,0.0
2024-06-14 00:00:00-04:00,870.1765974106705,872.4251608571805,863.9337714542793,866.3500366210938,2023300,0.0,0.0
2024-06-17 00:00:00-04:00,865.9063102327419,879.9107295669679,864.7819982989837,872.8197631835938,2532200,0.0,0.0
2024-06-18 00:00:00-04:00,874.7823800204866,882.5439730975586,871.8237022977567,879.1809692382812,2437000,0.0,0.0
2024-06-20 00:00:00-04:00,880.6997694277925,892.9782944895009,858.1447868672977,873.7863159179688,3360000,0.0,0.0
2024-06-21 00:00:00-04:00,873.4608341620669,879.6839173974098,867.681564635885,871.7053833007812,3445900,0.0,0.0
2024-06-24 00:00:00-04:00,877.7213341533533,891.1340429216041,870.7783252743042,877.8495483398438,2878200,0.0,0.0
2024-06-25 00:00:00-04:00,879.4866736630695,896.8935243559744,879.2203734128235,892.1497802734375,2830100,0.0,0.0
2024-06-26 00:00:00-04:00,891.5481965488312,893.8658032917255,885.473071606579,888.845947265625,2232100,0.0,0.0
2024-06-27 00:00:00-04:00,891.0847445105537,897.0415274649988,887.3271659260057,896.518798828125,1948100,0.0,0.0
2024-06-28 00:00:00-04:00,898.7574918515952,902.9292080040129,892.9091796875,892.9091796875,3375400,0.0,0.0
2024-07-01 00:00:00-04:00,899.2112273080227,904.2015280608132,891.8539602669043,901.775390625,2546100,0.0,0.0
2024-07-02 00:00:00-04:00,890.2759219582232,899.4379380563623,866.3993734457395,894.2208251953125,4584600,0.0,0.0
2024-07-03 00:00:00-04:00,898.4517070611446,905.8484005879926,871.8236103644915,885.7293701171875,3078400,0.0,0.0
2024-07-05 00:00:00-04:00,886.0548953311038,903.836576543548,884.5460010610453,901.9725952148438,2880900,0.0,0.0
2024-07-08 00:00:00-04:00,905.2469373087364,915.819250431415,899.4380521088643,905.3554077148438,2364600,0.0,0.0
2024-07-09 00:00:00-04:00,916.2530874899782,922.1211431672043,908.0970408778248,919.6555786132812,2416000,0.0,0.0
2024-07-10 00:00:00-04:00,923.6695814326984,932.6639566600536,920.1487478109879,926.8353881835938,2683300,0.0,0.0
2024-07-11 00:00:00-04:00,921.223772033241,929.8926759735801,905.9668261482823,921.2730712890625,2855100,0.0,0.0
2024-07-12 00:00:00-04:00,924.0936102551416,937.6936428918835,923.1370000855658,935.3366088867188,2315100,0.0,0.0
2024-07-15 00:00:00-04:00,943.0292131408187,952.792813387784,935.0309355764678,937.3682861328125,2358700,0.0,0.0
2024-07-16 00:00:00-04:00,942.5853071178169,943.2165060756588,925.4545698097666,928.6301879882812,2111800,0.0,0.0
2024-07-17 00:00:00-04:00,897.4753732677632,912.2588887637529,890.2068937479796,893.1162719726562,4200600,0.0,0.0
2024-07-18 00:00:00-04:00,894.5364019362578,897.3372494544966,825.1356381232147,837.2070922851562,7649600,0.0,0.0
2024-07-19 00:00:00-04:00,855.7087015185947,868.0858841928044,841.250656924996,845.6590576171875,3782200,0.0,0.0
2024-07-22 00:00:00-04:00,852.8881857207451,862.3756745019136,845.0181219370387,854.0420532226562,2904500,0.0,0.0
2024-07-23 00:00:00-04:00,858.0165912167719,875.4924864571815,852.1781503470778,866.1923828125,2087700,0.0,0.0
2024-07-24 00:00:00-04:00,860.4821160136437,866.2417018774491,842.5032367372685,848.0359497070312,2726100,0.0,0.0
2024-07-25 00:00:00-04:00,835.3333331599077,839.8896919797693,795.2728421160123,809.8788452148438,5468000,0.0,0.0
2024-07-26 00:00:00-04:00,800.6871858400011,810.6875305282684,790.2627712543688,793.5370483398438,4173900,0.0,0.0
2024-07-29 00:00:00-04:00,802.7977474586673,813.4095476808344,792.9256166550218,796.6633911132812,2473700,0.0,0.0
2024-07-30 00:00:00-04:00,803.9515924498209,810.5790615558411,765.1238850065726,779.3255615234375,3848600,0.0,0.0
2024-07-31 00:00:00-04:00,789.1482716500586,799.9671998416989,781.179610625841,793.1918334960938,2961700,0.0,0.0
2024-08-01 00:00:00-04:00,822.1376162724408,829.307497708449,808.8827379890567,820.973876953125,4060700,0.0,0.0
2024-08-02 00:00:00-04:00,805.4211135796494,808.8926481162547,776.1795508652503,793.3793334960938,3515900,0.0,0.0
2024-08-05 00:00:00-04:00,747.5592136899636,782.0179481905217,737.2531412512581,764.5814819335938,4661800,0.0,0.0
2024-08-06 00:00:00-04:00,778.2702470501893,795.1642999237554,774.1872577663847,782.2545776367188,3437600,0.0,0.0
2024-08-07 00:00:00-04:00,767.5796419450414,775.7456216735164,752.5101407871132,761.5045166015625,4407700,0.0,0.0
2024-08-08 00:00:00-04:00,862.9476126279544,865.689349364839,813.8730050489946,833.6665649414062,9434900,0.0,0.0
2024-08-09 00:00:00-04:00,848.1543182982604,895.9764050558482,848.1543182982604,879.39794921875,6587600,0.0,0.0
2024-08-12 00:00:00-04:00,891.7554256333215,892.2583503257489,870.837550679166,872.1985473632812,4206100,0.0,0.0
2024-08-13 00:00:00-04:00,881.7648123619675,902.0909123965657,878.06646547673,895.5423583984375,3506800,0.0,0.0
2024-08-14 00:00:00-04:00,897.4655538992228,921.5097457522107,891.3410694932708,918.846923828125,3562900,0.0,0.0
2024-08-15 00:00:00-04:00,924.3972970725887,926.333022514604,908.5956338747667,920.0321044921875,3080000,1.3,0.0
2024-08-16 00:00:00-04:00,916.8816884347243,924.6936095215507,907.9932524695472,910.6893920898438,2364900,0.0,0.0
2024-08-19 00:00:00-04:00,910.6893335189052,914.5212415997288,905.1390042399044,910.3831787109375,2374600,0.0,0.0
2024-08-20 00:00:00-04:00,920.5455542143208,955.0129538043066,918.9752977980803,938.1940307617188,4961500,0.0,0.0
2024-08-21 00:00:00-04:00,943.7740288145329,944.6431250639544,927.5279326947314,940.1692504882812,2617000,0.0,0.0
2024-08-22 00:00:00-04:00,940.1792468561158,960.4745574996963,936.3868812108666,942.3421020507812,3183700,0.0,0.0
2024-08-23 00:00:00-04:00,943.596291173278,948.5935645943558,931.4191179689426,940.9297485351562,2063300,0.0,0.0
2024-08-26 00:00:00-04:00,937.4336013283493,943.1616916933937,931.0833157056624,938.7471313476562,2166000,0.0,0.0
2024-08-27 00:00:00-04:00,940.6927568390224,960.4250643547581,938.1743788370553,942.648193359375,2912900,0.0,0.0
2024-08-28 00:00:00-04:00,942.3222567108492,946.4603193374624,931.5672360992513,937.1768188476562,1701800,0.0,0.0
2024-08-29 00:00:00-04:00,943.161691163282,945.6504721924529,924.3972177265256,928.545166015625,1762800,0.0,0.0
2024-08-30 00:00:00-04:00,933.285677102274,949.0873393600903,928.8513452757435,948.1195068359375,2555100,0.0,0.0
2024-09-03 00:00:00-04:00,945.8974708371063,957.6302107882739,939.7841998697531,944.6728515625,2529400,0.0,0.0
2024-09-04 00:00:00-04:00,937.9767664292515,942.1740828360157,926.382306752547,934.5794067382812,1891700,0.0,0.0
2024-09-05 00:00:00-04:00,929.4932869291206,931.3105046803316,894.9370351115855,901.4354858398438,3201100,0.0,0.0
2024-09-06 00:00:00-04:00,906.3834475253384,916.3977664509968,881.9303630878727,891.52001953125,3440000,0.0,0.0
2024-09-09 00:00:00-04:00,901.2577322376877,904.0822650313306,884.8141025712694,897.0110473632812,2405900,0.0,0.0
2024-09-10 00:00:00-04:00,902.7785744463852,903.766178333131,883.905478637526,890.0780029296875,1930400,0.0,0.0
2024-09-11 00:00:00-04:00,890.9668613379297,910.1164546924649,886.0782100933127,909.4745483398438,2721100,0.0,0.0
2024-09-12 00:00:00-04:00,912.8521835980977,925.997189458837,907.2426005246663,923.429443359375,2510800,0.0,0.0
2024-09-13 00:00:00-04:00,925.3947637056893,930.6685349108876,910.6695554232218,912.2596435546875,2045400,0.0,0.0
2024-09-16 00:00:00-04:00,919.5876148518136,921.04924931977,909.0202411738624,912.0916748046875,1760300,0.0,0.0
2024-09-17 00:00:00-04:00,910.0769984723362,910.0769984723362,891.1149914403154,894.9468994140625,2248000,0.0,0.0
2024-09-18 00:00:00-04:00,895.0752467419585,904.1513285737371,892.2605998687437,893.7518310546875,1777000,0.0,0.0
2024-09-19 00:00:00-04:00,901.534227491846,905.4451607727258,892.6556777653104,903.6970825195312,2446500,0.0,0.0
2024-09-20 00:00:00-04:00,910.5609406384273,928.2094181007194,901.8799237667206,910.067138671875,9921800,0.0,0.0
2024-09-23 00:00:00-04:00,909.5832106011868,910.5708145214921,898.1763973773724,907.1339721679688,2292000,0.0,0.0
2024-09-24 00:00:00-04:00,910.689340434482,914.205208050141,897.9295144062223,912.970703125,2767400,0.0,0.0
2024-09-25 00:00:00-04:00,920.2394169718175,927.656331910957,909.7708397353789,913.0990600585938,1805100,0.0,0.0
2024-09-26 00:00:00-04:00,908.8524861051383,910.4227427426957,894.0779082491485,898.048095703125,2693000,0.0,0.0
2024-09-27 00:00:00-04:00,882.5426002321487,890.0385404231231,864.7558441886285,866.9088134765625,4377300,0.0,0.0
2024-09-30 00:00:00-04:00,853.8033654878003,876.4293449123622,848.1641253694436,874.9578247070312,3244600,0.0,0.0
2024-10-01 00:00:00-04:00,877.8120435636271,880.2217996342015,867.97548643386,873.5159301757812,2455200,0.0,0.0
2024-10-02 00:00:00-04:00,869.0913880680918,882.2758753552026,867.8075151187023,880.024169921875,1751600,0.0,0.0
2024-10-03 00:00:00-04:00,878.5132231086963,880.9427506009952,869.9605991601827,874.5726928710938,1974700,0.0,0.0
2024-10-04 00:00:00-04:00,874.9280928541584,877.9501581985363,866.0199471916833,876.16259765625,1970500,0.0,0.0
2024-10-07 00:00:00-04:00,879.4711574716594,894.0580863445266,878.5428073957436,887.2633666992188,2915700,0.0,0.0
2024-10-08 00:00:00-04:00,891.8064077564322,910.5412266135736,891.0459333909102,902.3934936523438,2200000,0.0,0.0
2024-10-09 00:00:00-04:00,904.9315606235859,909.9288339729111,900.6947615704272,908.3388061523438,1820100,0.0,0.0
2024-10-10 00:00:00-04:00,908.5955909038054,910.570798710118,893.9296970533576,899.4010009765625,1682100,0.0,0.0
2024-10-11 00:00:00-04:00,904.684729478612,920.683926034017,899.8849885955595,920.5061645507812,2293900,0.0,0.0
2024-10-14 00:00:00-04:00,924.3972102867327,925.3848141438767,914.5211717152933,917.9876708984375,1550400,0.0,0.0
2024-10-15 00:00:00-04:00,912.9805637765944,915.0347967937024,896.546820196849,901.9984130859375,2284200,0.0,0.0
2024-10-16 00:00:00-04:00,898.7491935022532,906.4327203921245,886.7102997181995,905.0599365234375,1645400,0.0,0.0
2024-10-17 00:00:00-04:00,909.5832509766011,918.9753743201802,904.6847136141646,905.7513427734375,2191200,0.0,0.0
2024-10-18 00:00:00-04:00,905.8105128829028,909.5041417228571,894.3938145237004,906.5906982421875,2286900,0.0,0.0
2024-10-21 00:00:00-04:00,906.6006040140278,907.469700263693,893.3469766244708,894.8975219726562,1592200,0.0,0.0
2024-10-22 00:00:00-04:00,890.502573266985,899.825555404775,889.0409389549096,897.8800048828125,1391800,0.0,0.0
2024-10-23 00:00:00-04:00,894.3937778816127,896.6949116891147,880.6759461826346,892.0531616210938,2646600,0.0,0.0
2024-10-24 00:00:00-04:00,887.1942311695166,888.8435128097339,877.2688239988529,880.2711181640625,1797100,0.0,0.0
2024-10-25 00:00:00-04:00,888.5767959139557,889.7915896433063,878.4242596437558,881.6339721679688,2228300,0.0,0.0
2024-10-28 00:00:00-04:00,883.7771140484133,887.0757376599736,879.7378477762671,884.4882202148438,2084100,0.0,0.0
2024-10-29 00:00:00-04:00,887.0757222606943,896.7245713910407,887.0757222606943,892.379150390625,3187500,0.0,0.0
2024-10-30 00:00:00-04:00,788.601784984399,849.8332322843773,759.4674673174738,836.3327026367188,18257200,0.0,0.0
2024-10-31 00:00:00-04:00,826.1405040746528,842.9198837982531,815.0101894247579,819.4544067382812,6582800,0.0,0.0
2024-11-01 00:00:00-04:00,817.736016854,822.6740362794469,806.6057017799044,808.7784423828125,5266300,0.0,0.0
2024-11-04 00:00:00-05:00,795.0211507626026,810.0228566272654,793.7175063627076,796.1470336914062,3918100,0.0,0.0
2024-11-05 00:00:00-05:00,793.86565576743,799.1789695446244,787.6042205507886,796.0679931640625,3733300,0.0,0.0
2024-11-06 00:00:00-05:00,807.1983121553542,810.556129246931,758.09461492134,766.7559204101562,8257900,0.0,0.0
2024-11-07 00:00:00-05:00,774.9234401766238,792.6015141828991,768.5434971511894,787.5647583007812,4557600,0.0,0.0
2024-11-08 00:00:00-05:00,793.5397843107334,836.7672290625749,791.3275610780711,821.232177734375,7212900,0.0,0.0
2024-11-11 00:00:00-05:00,820.9950278443621,833.53760817474,814.4077273686536,822.1209106445312,3342800,0.0,0.0
2024-11-12 00:00:00-05:00,819.908867706515,823.6518652340278,800.6703004486279,808.7094116210938,3378600,0.0,0.0
2024-11-13 00:00:00-05:00,810.1512227721638,818.8322391845533,801.2331307943823,801.7467041015625,3059300,0.0,0.0
2024-11-14 00:00:00-05:00,799.159171006142,799.159171006142,773.7975110791742,776.4837646484375,3998800,0.0,0.0
2024-11-15 00:00:00-05:00,766.8486392814001,769.6085959980185,736.1921140840558,738.1705932617188,7334600,1.3,0.0
2024-11-18 00:00:00-05:00,725.3005351382293,726.1018167442966,703.7450274645608,719.375,9148100,0.0,0.0
2024-11-19 00:00:00-05:00,708.6021689277734,722.1448605775761,704.7540126456629,721.8777465820312,5832500,0.0,0.0
2024-11-20 00:00:00-05:00,727.8725220318646,749.2203277016117,727.546116463894,745.3029174804688,5158900,0.0,0.0
2024-11-21 00:00:00-05:00,738.0914265944192,744.8973996981612,727.0910873547788,741.8505249023438,4143200,0.0,0.0
2024-11-22 00:00:00-05:00,748.9038865988307,753.0884114965659,737.062716627772,739.961181640625,4015500,0.0,0.0
2024-11-25 00:00:00-05:00,741.9297174112686,746.8759155273438,732.0472232358937,746.8759155273438,5690500,0.0,0.0
2024-11-26 00:00:00-05:00,776.750936847367,798.3163477976982,765.62199147844,780.8265991210938,6622600,0.0,0.0
2024-11-27 00:00:00-05:00,779.6394862189667,786.2773054796007,771.9036255248399,779.708740234375,2714700,0.0,0.0
2024-11-29 00:00:00-05:00,782.8149849007661,791.7181412476168,780.8365057125772,786.7916870117188,2206900,0.0,0.0
2024-12-02 00:00:00-05:00,789.5219693524979,796.6840540937616,786.663052538311,791.1937866210938,2895600,0.0,0.0
2024-12-03 00:00:00-05:00,794.2900709994814,808.3372840902878,792.9842676033727,804.5781860351562,2782100,0.0,0.0
2024-12-04 00:00:00-05:00,819.1893168500569,837.3518024197847,811.6711197822258,820.91064453125,3871100,0.0,0.0
2024-12-05 00:00:00-05:00,818.8727531787458,822.1866815583279,808.6637936589251,816.7359619140625,2423400,0.0,0.0
2024-12-06 00:00:00-05:00,818.7736812112191,831.9503576164964,816.8051044131911,817.8141479492188,3047100,0.0,0.0
2024-12-09 00:00:00-05:00,814.8366622210737,814.8366622210737,792.6579275229691,794.9331665039062,3176000,0.0,0.0
2024-12-10 00:00:00-05:00,800.5619301860041,805.2410140546959,788.4239412795979,790.9761962890625,2695200,0.0,0.0
2024-12-11 00:00:00-05:00,786.6927196699687,790.8969875839547,777.9082679982398,787.46435546875,3510900,0.0,0.0
2024-12-12 00:00:00-05:00,788.1567877603825,793.2118476228133,770.0141686762252,773.9315185546875,2823800,0.0,0.0
2024-12-13 00:00:00-05:00,768.7677503836198,785.7035269591279,764.6722840808942,780.6287231445312,3059400,0.0,0.0
2024-12-16 00:00:00-05:00,783.4776669307606,791.1739790547108,766.9079056667578,770.6175537109375,3426200,0.0,0.0
2024-12-17 00:00:00-05:00,769.489867494714,779.5207710958218,764.1183039443717,770.24169921875,3924800,0.0,0.0
2024-12-18 00:00:00-05:00,766.6606991821939,770.6176576295859,754.295204034094,756.4814453125,3354200,0.0,0.0
2024-12-19 00:00:00-05:00,756.8671371707532,764.6524474098912,744.3038434936045,749.3884887695312,4032600,0.0,0.0
2024-12-20 00:00:00-05:00,802.6195805463191,802.6195805463191,758.3610074569101,759.4986572265625,9942300,0.0,0.0
2024-12-23 00:00:00-05:00,776.7211730235422,790.758484155388,764.7513990443692,787.711669921875,3622300,0.0,0.0
2024-12-24 00:00:00-05:00,782.8544973454683,789.165850500646,778.6304251486231,787.1082153320312,1165400,0.0,0.0
2024-12-26 00:00:00-05:00,785.5749224500158,795.2595561035016,782.9831196070459,785.5947265625,1274200,0.0,0.0
2024-12-27 00:00:00-05:00,781.4992599827128,784.7637384867091,770.8352284408144,774.7427368164062,2096500,0.0,0.0
2024-12-30 00:00:00-05:00,769.5492376100277,771.3694650047667,762.7037166184424,765.51318359375,1719100,0.0,0.0
2024-12-31 00:00:00-05:00,762.7037535356116,765.5824142879097,756.0758359493118,763.6929931640625,2327000,0.0,0.0
2025-01-02 00:00:00-05:00,772.1905960815178,778.5315955986159,763.4654952234296,769.6976928710938,1938900,0.0,0.0
2025-01-03 00:00:00-05:00,769.7965513521464,777.3840624454683,767.1850047339724,773.5655517578125,1799100,0.0,0.0
2025-01-06 00:00:00-05:00,775.2868238681971,776.3255737422537,755.1360182144297,756.8671875,3991100,0.0,0.0
2025-01-07 00:00:00-05:00,756.6694413373863,775.5243468730488,753.4247062655867,764.9691162109375,3576100,0.0,0.0
2025-01-08 00:00:00-05:00,765.5032735497898,784.0317113794212,762.3772426959115,778.7491455078125,3478400,0.0,0.0
2025-01-10 00:00:00-05:00,783.4083937274022,791.3915633682859,776.4144635407288,791.2926635742188,3973100,0.0,0.0
2025-01-13 00:00:00-05:00,785.8519283123518,796.6742114821718,775.1779948490623,788.8987426757812,3683800,0.0,0.0
2025-01-14 00:00:00-05:00,775.7913156659957,775.7913156659957,721.1556344510946,736.8944091796875,10373000,0.0,0.0
2025-01-15 00:00:00-05:00,740.9404028970979,746.4801200758142,727.3581635642743,738.7047119140625,5736900,0.0,0.0
2025-01-16 00:00:00-05:00,739.4565804456437,757.272794806957,738.3684410672477,749.4478759765625,3070300,0.0,0.0
2025-01-17 00:00:00-05:00,739.783020748779,747.1528673839546,717.2085672419313,717.910888671875,5560100,0.0,0.0
2025-01-21 00:00:00-05:00,723.4012079934328,735.2819843693536,718.7122222975308,734.3619384765625,5122800,0.0,0.0
2025-01-22 00:00:00-05:00,737.5572452437222,752.1880765442187,731.0974819598792,745.8668212890625,3737800,0.0,0.0
2025-01-23 00:00:00-05:00,739.6147542061458,758.3509521484375,736.2414741861727,758.3509521484375,3127200,0.0,0.0
2025-01-24 00:00:00-05:00,753.7510374594988,780.796811159898,752.3067260755857,776.9585571289062,4170600,0.0,0.0
2025-01-27 00:00:00-05:00,770.330794753814,800.5421505624513,770.330794753814,799.4737548828125,3915200,0.0,0.0
2025-01-28 00:00:00-05:00,798.5537308993622,807.367889170392,791.5004480226709,796.3279418945312,2808800,0.0,0.0
2025-01-29 00:00:00-05:00,798.3063948270081,800.4134798460777,790.402380680743,795.427734375,1827600,0.0,0.0
2025-01-30 00:00:00-05:00,799.7111658488745,815.7467616490654,796.3378853482407,814.3717041015625,2643000,0.0,0.0
2025-01-31 00:00:00-05:00,814.1441353146105,818.4473031299844,802.3029670912364,802.3524169921875,2561600,0.0,0.0
2025-02-03 00:00:00-05:00,795.6157224808405,809.1584145104802,793.1228194615413,801.7094116210938,2808800,0.0,0.0
2025-02-04 00:00:00-05:00,802.3227544356474,820.119164933589,797.2677546401995,817.18115234375,4299700,0.0,0.0
2025-02-05 00:00:00-05:00,826.1634143449282,837.7869787761975,822.1173981168293,833.1177368164062,4578900,0.0,0.0
2025-02-06 00:00:00-05:00,830.4864384212601,878.187542383469,826.6184778194306,861.0044555664062,7138500,0.0,0.0
2025-02-07 00:00:00-05:00,867.0981328306888,879.790032215178,860.2624540350523,868.8589477539062,4426100,0.0,0.0
2025-02-10 00:00:00-05:00,868.2852639794542,870.5308572163142,850.1228392219829,859.530517578125,3065600,0.0,0.0
2025-02-11 00:00:00-05:00,857.7003849492424,864.7833134693433,851.2406217894802,855.6921997070312,1944200,0.0,0.0
2025-02-12 00:00:00-05:00,847.7090354610956,868.3347161870159,846.8978517893537,863.576416015625,2533400,0.0,0.0
2025-02-13 00:00:00-05:00,867.6323534299642,873.9931565941786,858.4620833317107,862.4783935546875,2472900,0.0,0.0
2025-02-14 00:00:00-05:00,861.2298021076508,865.5899819049602,833.8698402062711,836.6246948242188,3222300,1.5,0.0
2025-02-18 00:00:00-05:00,848.6646563427728,854.9175136049199,843.6504796831306,849.4376220703125,4289400,0.0,0.0
2025-02-19 00:00:00-05:00,849.4178078179337,873.3491419272467,849.4178078179337,859.1984252929688,3205500,0.0,0.0
2025-02-20 00:00:00-05:00,858.9902794588294,872.3481907587442,856.1759707205731,865.21337890625,2990300,0.0,0.0
2025-02-21 00:00:00-05:00,872.6455287366432,886.3007727902121,865.5206354604421,865.7683715820312,3940400,0.0,0.0
2025-02-24 00:00:00-05:00,871.327579177036,885.022439606397,862.1415646683823,873.4185180664062,3017100,0.0,0.0
2025-02-25 00:00:00-05:00,882.6739446855925,903.7414356365048,882.6739446855925,893.6337890625,5111300,0.0,0.0
2025-02-26 00:00:00-05:00,890.2348503055504,914.0769737528418,888.4808590981362,906.7241821289062,3032800,0.0,0.0
2025-02-27 00:00:00-05:00,907.4275661207581,917.1190312688193,895.8731811667517,896.9631958007812,3085400,0.0,0.0
2025-02-28 00:00:00-05:00,893.673388060028,912.8778362581602,884.5269294674858,912.293212890625,4071100,0.0,0.0
2025-03-03 00:00:00-05:00,904.5340192516808,927.1572964142837,901.7593870802306,921.30078125,3979800,0.0,0.0
2025-03-04 00:00:00-05:00,913.8886275162813,920.7459463824819,894.614745284671,902.8098754882812,3343500,0.0,0.0
2025-03-05 00:00:00-05:00,896.606464200426,922.0638277780656,893.4751065674562,921.30078125,3109500,0.0,0.0
2025-03-06 00:00:00-05:00,912.0851150545407,922.9458884922533,890.1456499042681,904.4945068359375,3273100,0.0,0.0
2025-03-07 00:00:00-05:00,897.1912878151935,899.777638537933,853.5897282384655,861.70556640625,4818100,0.0,0.0
2025-03-10 00:00:00-04:00,846.1774292413895,855.373423644403,818.302214853086,822.2461547851562,5962900,0.0,0.0
2025-03-11 00:00:00-04:00,819.709297512024,824.8126253665204,804.2902036050821,816.5977172851562,3796500,0.0,0.0
2025-03-12 00:00:00-04:00,807.5702634281678,827.0918829253999,805.8955647394658,814.4176635742188,3014800,0.0,0.0
2025-03-13 00:00:00-04:00,810.8303591924356,813.6743648625607,788.1773840812681,794.390625,3566300,0.0,0.0
2025-03-14 00:00:00-04:00,795.8373753428683,807.8278393661346,792.755552647738,806.1134643554688,3102300,0.0,0.0
2025-03-17 00:00:00-04:00,809.5521078395997,821.4929767685143,807.1936551304258,817.2913818359375,2546600,0.0,0.0
2025-03-18 00:00:00-04:00,825.8728835790433,828.7168892327269,805.2612516896747,815.0617065429688,2354900,0.0,0.0
2025-03-19 00:00:00-04:00,814.2788406429338,834.5040506437297,812.0789730057202,829.430419921875,3790500,0.0,0.0
2025-03-20 00:00:00-04:00,831.4321419351318,846.6530340069496,824.9216297110552,834.9400634765625,4402700,0.0,0.0
2025-03-21 00:00:00-04:00,830.2132494319782,842.7288826939503,817.8462820307219,829.9853515625,5963800,0.0,0.0
2025-03-24 00:00:00-04:00,837.6652216600173,859.0200637848461,830.1736835729035,857.0679321289062,3102400,0.0,0.0
2025-03-25 00:00:00-04:00,861.6757884676666,866.9971556594649,840.2416538306658,844.6315307617188,2670600,0.0,0.0
2025-03-26 00:00:00-04:00,838.0318258323884,843.6999991325448,818.9165289034271,819.2732543945312,2562100,0.0,0.0
2025-03-27 00:00:00-04:00,815.368919392211,819.2831620651702,807.9070786540999,814.2293090820312,2128200,0.0,0.0
2025-03-28 00:00:00-04:00,812.5744263655606,822.2658918481783,810.0276919421065,815.0617065429688,2124700,0.0,0.0
2025-03-31 00:00:00-04:00,801.65428562217,820.5119890384101,782.2516352939889,818.4309692382812,3737000,0.0,0.0
2025-04-01 00:00:00-04:00,811.1870936996306,813.2284368249927,789.7827180068534,797.9381713867188,2987700,0.0,0.0
2025-04-02 00:00:00-04:00,787.8404615544745,812.4257911830879,787.8404615544745,810.810546875,2683800,0.0,0.0
2025-04-03 00:00:00-04:00,803.1704105450145,811.3753992902953,779.9327506707667,781.9443969726562,2675100,0.0,0.0
2025-04-04 00:00:00-04:00,755.2085572487023,761.3128080981364,728.0468001918674,731.5250244140625,5299400,0.0,0.0
2025-04-07 00:00:00-04:00,691.6098537450821,741.2264496872552,670.9586052469618,717.1762084960938,6274400,0.0,0.0
2025-04-08 00:00:00-04:00,748.1431845577031,756.586050209115,706.8208514194689,719.6634521484375,4115200,0.0,0.0
2025-04-09 00:00:00-04:00,698.0213540970979,747.9946796998856,682.7607840771379,746.8848266601562,6619000,0.0,0.0
2025-04-10 00:00:00-04:00,732.208854754736,735.2312231335657,685.5056394893224,714.3817138671875,4182700,0.0,0.0
2025-04-11 00:00:00-04:00,716.3438982280659,729.1766418522772,705.532659649982,725.7776489257812,3603400,0.0,0.0
2025-04-14 00:00:00-04:00,743.6543345564743,752.6818247080322,727.8685954531355,747.5189819335938,3461200,0.0,0.0
2025-04-15 00:00:00-04:00,748.7279580966946,758.3797480425281,744.6848875207505,750.3233642578125,2458100,0.0,0.0
2025-04-16 00:00:00-04:00,748.797233116651,749.4512298015488,723.726352154803,728.2450561523438,3302600,0.0,0.0
2025-04-17 00:00:00-04:00,833.1861192712236,850.2303766811353,814.3978503554307,832.353759765625,10853400,0.0,0.0
2025-04-21 00:00:00-04:00,833.8897030270599,836.2679335009545,799.6921991816416,810.6124267578125,3326600,0.0,0.0
2025-04-22 00:00:00-04:00,814.43742364308,824.4657765675412,806.6287765937242,820.046142578125,3086500,0.0,0.0
2025-04-23 00:00:00-04:00,829.3808784220079,838.3489134874701,811.2267690638973,821.9091186523438,2714600,0.0,0.0
2025-04-24 00:00:00-04:00,828.4296083379195,854.4419016619271,821.7011169051259,851.9447021484375,2939500,0.0,0.0
2025-04-25 00:00:00-04:00,851.8752658943727,877.5605891822984,843.3630870727445,876.5299682617188,3398900,0.0,0.0
2025-04-28 00:00:00-04:00,862.5576967431444,874.2607483769284,856.5822726277341,869.3456420898438,3457600,0.0,0.0
2025-04-29 00:00:00-04:00,869.7519377756385,884.3881458697238,866.1151886548478,877.1840209960938,2454400,0.0,0.0
2025-04-30 00:00:00-04:00,880.1568566329317,894.3273499145902,874.1318975510532,890.8095092773438,4374100,0.0,0.0
2025-05-01 00:00:00-04:00,836.3570860350544,843.2243235712637,784.8973498358386,786.908935546875,12601100,0.0,0.0
2025-05-02 00:00:00-04:00,817.6480988386162,824.0000867816154,800.2768736753477,816.1616821289062,6059400,0.0,0.0
2025-05-05 00:00:00-04:00,809.6016062649265,822.1271584835156,804.6766414370935,814.021240234375,2889600,0.0,0.0
2025-05-06 00:00:00-04:00,809.4926619692526,811.008775593729,763.3740665239776,768.1008911132812,5982000,0.0,0.0
2025-05-07 00:00:00-04:00,773.4321393659171,777.2373926472083,765.2667668158506,769.6863403320312,3807800,0.0,0.0
2025-05-08 00:00:00-04:00,758.0724875417862,763.0073714396357,732.3872248989853,744.6452026367188,6162000,0.0,0.0
2025-05-09 00:00:00-04:00,745.2001648969455,755.1096096545917,726.3623007354679,727.9180908203125,4072600,0.0,0.0
2025-05-12 00:00:00-04:00,721.2786731170074,758.3994709581402,715.6401972373837,748.7278442382812,9176100,0.0,0.0
2025-05-13 00:00:00-04:00,748.7080692941358,752.6223119795914,734.1411737399764,739.3040161132812,4523900,0.0,0.0
2025-05-14 00:00:00-04:00,742.4552016355852,752.6223012546769,707.5640866548499,709.0802001953125,7558500,0.0,0.0
2025-05-15 00:00:00-04:00,719.1284234469372,731.9908634825607,705.7605920477652,726.649658203125,5212900,0.0,0.0
2025-05-16 00:00:00-04:00,734.8020231640094,753.5394699061775,732.8160717500526,752.0698852539062,4645100,1.5,0.0
2025-05-19 00:00:00-04:00,747.7106221753123,753.3904134811002,742.3088325204664,749.8057861328125,4062700,0.0,0.0
2025-05-20 00:00:00-04:00,750.6896595901695,758.1369776416593,737.7809749675873,741.7628173828125,3873500,0.0,0.0
2025-05-21 00:00:00-04:00,741.8024652055376,745.2481223099613,718.8845696778066,719.8577270507812,4060000,0.0,0.0
2025-05-22 00:00:00-04:00,712.062825897776,717.1170987049102,706.5518230723604,710.1762084960938,4249900,0.0,0.0
2025-05-23 00:00:00-04:00,705.0127546035485,714.5850550003281,704.0197788928393,708.6967163085938,2635700,0.0,0.0
2025-05-27 00:00:00-04:00,711.993380821146,726.1730420142063,709.3123343642387,720.1257934570312,3792700,0.0,0.0
2025-05-28 00:00:00-04:00,720.1257965943657,724.8623100019898,709.7194308181516,714.3367919921875,2948800,0.0,0.0
2025-05-29 00:00:00-04:00,714.1778803561419,722.2210197440323,711.9238667704178,717.4944458007812,2785500,0.0,0.0
2025-05-30 00:00:00-04:00,719.9073575716005,740.6605732255449,712.0727650243483,732.4883422851562,6106200,0.0,0.0
2025-06-02 00:00:00-04:00,727.3546493721741,742.120192149823,725.5673053584826,741.8719482421875,2946900,0.0,0.0
2025-06-03 00:00:00-04:00,741.0080778414051,751.6825660649162,736.251746302451,745.5062866210938,3056500,0.0,0.0
2025-06-04 00:00:00-04:00,751.0768780946265,767.192853749952,750.68960303958,760.4605102539062,3135900,0.0,0.0
2025-06-05 00:00:00-04:00,764.0948102340544,764.591298089957,747.7603476535744,760.3016357421875,3636400,0.0,0.0
2025-06-06 00:00:00-04:00,763.0819776894343,767.173032891909,759.8250487758351,764.47216796875,2069900,0.0,0.0
2025-06-09 00:00:00-04:00,766.527621584965,773.8160294530772,762.1982619776979,768.2752685546875,2262200,0.0,0.0
2025-06-10 00:00:00-04:00,771.6314766273975,802.9499068954023,771.5420821518275,801.52001953125,4744400,0.0,0.0
2025-06-11 00:00:00-04:00,803.9627872109468,814.954974704884,799.375244396997,802.9300537109375,3125400,0.0,0.0
2025-06-12 00:00:00-04:00,804.6379790707737,812.8101493131512,800.6858947535443,806.3260498046875,2271100,0.0,0.0
2025-06-13 00:00:00-04:00,804.6480140039118,819.2050121592081,802.4236973645257,813.6046142578125,2754600,0.0,0.0
2025-06-16 00:00:00-04:00,815.9082199362958,819.2049063473371,800.100064652701,801.9072875976562,2821800,0.0,0.0
2025-06-17 00:00:00-04:00,799.5042102672049,799.5042102672049,783.3981750691147,785.6820068359375,2875600,0.0,0.0
2025-06-18 00:00:00-04:00,784.401170570887,785.0763867777608,773.9649862105188,779.5157470703125,2442900,0.0,0.0
2025-06-20 00:00:00-04:00,780.478877720667,780.478877720667,750.2526958589837,757.372314453125,6210600,0.0,0.0
2025-06-23 00:00:00-04:00,765.1175328329152,787.6382126000583,758.4645840640372,765.2267456054688,3951500,0.0,0.0
2025-06-24 00:00:00-04:00,767.4610165918929,778.929874003963,757.6603511119031,772.6145629882812,2788500,0.0,0.0
2025-06-25 00:00:00-04:00,773.5279947073591,793.3378701077341,768.1659022087961,786.7345581054688,3023100,0.0,0.0
2025-06-26 00:00:00-04:00,788.3730255041594,793.1889331400545,782.7130522061225,789.5347900390625,3118200,0.0,0.0
2025-06-27 00:00:00-04:00,790.2100838781311,796.8630334751597,769.1987438305247,770.0030517578125,4115100,0.0,0.0
2025-06-30 00:00:00-04:00,773.0712854644383,779.4859303529176,768.5631975709022,774.0543823242188,3041500,0.0,0.0
2025-07-01 00:00:00-04:00,774.0543355503318,784.4507614880841,767.5701754813786,770.4498291015625,2734000,0.0,0.0
2025-07-02 00:00:00-04:00,771.0456507361845,774.3622163256903,762.6053570706886,773.80615234375,1978300,0.0,0.0
2025-07-03 00:00:00-04:00,774.9777931996747,778.0460540010872,767.5701730745881,775.186279296875,1450800,0.0,0.0
2025-07-07 00:00:00-04:00,775.1963002830723,775.6630304003414,756.6773389322245,767.441162109375,2576900,0.0,0.0
2025-07-08 00:00:00-04:00,769.4072502793106,787.1219646630796,763.399758998832,772.197509765625,3301800,0.0,0.0
2025-07-09 00:00:00-04:00,778.2943765797173,788.4227412970102,776.4970929060556,781.3924560546875,2703100,0.0,0.0
2025-07-10 00:00:00-04:00,784.1230950541994,793.8741235891125,780.905863520134,785.0962524414062,3130400,0.0,0.0
2025-07-11 00:00:00-04:00,780.826384408735,790.1405009290862,771.7406935020874,787.4396362304688,2852500,0.0,0.0
2025-07-14 00:00:00-04:00,784.4508000565347,795.254380480511,781.8293296728286,793.7252197265625,2401400,0.0,0.0
2025-07-15 00:00:00-04:00,796.038794807981,799.7624536004602,759.0107535938827,766.3289794921875,4174100,0.0,0.0
2025-07-16 00:00:00-04:00,768.0667054453978,790.4483559486604,766.7360913379792,784.252197265625,3255400,0.0,0.0
2025-07-17 00:00:00-04:00,781.2632717292901,784.4507453101917,754.6813554075386,756.1509399414062,4107300,0.0,0.0
2025-07-18 00:00:00-04:00,758.4944109567452,770.5094534062428,755.158027118176,766.289306640625,3357700,0.0,0.0
2025-07-21 00:00:00-04:00,762.7741478224008,766.5772618295156,755.1580409602935,756.8262329101562,3058000,0.0,0.0
2025-07-22 00:00:00-04:00,757.9780660614024,772.8230036754439,757.1439398411768,770.9860229492188,2496600,0.0,0.0
2025-07-23 00:00:00-04:00,774.5210555967012,794.469964323706,771.6215834865749,793.2783813476562,2683600,0.0,0.0
2025-07-24 00:00:00-04:00,795.7309208587978,804.4492758119773,792.0470201311468,799.7723388671875,2786400,0.0,0.0
2025-07-25 00:00:00-04:00,803.3173017007066,809.4638234049727,796.7338682857209,806.9813842773438,2976900,0.0,0.0
2025-07-28 00:00:00-04:00,806.9417423024552,814.4585151617638,796.8630145118524,802.43359375,2587700,0.0,0.0
2025-07-29 00:00:00-04:00,769.059615534921,774.0145541678087,749.8753193375092,757.5907592773438,7100700,0.0,0.0
2025-07-30 00:00:00-04:00,768.5631712006061,772.6343472189178,753.0826537856944,754.740966796875,4338700,0.0,0.0
2025-07-31 00:00:00-04:00,742.0507774216095,761.066287573116,730.274099388565,734.87158203125,5810300,0.0,0.0
2025-08-01 00:00:00-04:00,741.5740963687408,762.6053137646352,740.7499095937014,756.9751586914062,4859500,0.0,0.0
2025-08-04 00:00:00-04:00,754.6316674878368,769.0397537107275,747.2836841210645,763.5982666015625,3353400,0.0,0.0
2025-08-05 00:00:00-04:00,760.1923665574335,764.5316652475561,754.1848760680199,760.5697021484375,3615200,0.0,0.0
2025-08-06 00:00:00-04:00,751.2456829706957,757.6404488161534,734.9906758308475,741.1272583007812,4752100,0.0,0.0
2025-08-07 00:00:00-04:00,670.913876646079,673.5254073592479,628.7521708664093,636.3583374023438,26101600,0.0,0.0
2025-08-08 00:00:00-04:00,650.398996648993,651.5707005457583,619.398328525751,621.2551879882812,14125100,0.0,0.0
2025-08-11 00:00:00-04:00,624.9986881839362,649.8429572093127,621.5034552675156,630.7579345703125,11294200,0.0,0.0
2025-08-12 00:00:00-04:00,635.0079310959344,641.6410011956746,624.978901227372,634.9384155273438,6897400,0.0,0.0
2025-08-13 00:00:00-04:00,645.8314338073365,657.1016840090457,639.9728528051832,655.8505249023438,6310000,0.0,0.0
2025-08-14 00:00:00-04:00,657.3499370100915,680.6649878894434,650.4983801914328,679.6223754882812,8395900,0.0,0.0
2025-08-15 00:00:00-04:00,690.8377595246925,703.36674775122,682.4784193574195,697.8336791992188,8224600,1.5,0.0
2025-08-18 00:00:00-04:00,691.6537744046942,704.3220987577787,690.1411169035953,694.6690673828125,4997300,0.0,0.0
2025-08-19 00:00:00-04:00,703.1876343908247,710.8105684362407,695.1666741243157,699.8041381835938,5941000,0.0,0.0
2025-08-20 00:00:00-04:00,698.1223183363958,702.3815572491695,681.8316086999087,702.0233154296875,4139400,0.0,0.0
2025-08-21 00:00:00-04:00,701.7845219857027,714.9206026671609,701.7845219857027,706.3821411132812,3617300,0.0,0.0
2025-08-22 00:00:00-04:00,711.5768051031941,715.9754413272808,705.9939907490184,708.2330932617188,3222700,0.0,0.0
2025-08-25 00:00:00-04:00,707.5564301531379,710.0443219609899,690.8676324694112,691.9623413085938,2898100,0.0,0.0
2025-08-26 00:00:00-04:00,712.7709607375513,732.6143859735807,709.646154404182,732.4651489257812,7695600,0.0,0.0
2025-08-27 00:00:00-04:00,733.39072291717,742.9740870510847,728.0068910134703,730.6141967773438,4326200,0.0,0.0
2025-08-28 00:00:00-04:00,732.2362846902723,735.0128107451226,722.8221412204315,728.4149169921875,3117000,0.0,0.0
2025-08-29 00:00:00-04:00,728.7731099096707,733.8483844222534,724.971604297772,729.0318603515625,2551200,0.0,0.0
2025-09-02 00:00:00-04:00,724.4640714812863,733.5697790185984,720.1351643999982,731.6292114257812,3222500,0.0,0.0
2025-09-03 00:00:00-04:00,728.4746118491627,734.2564697265625,725.4891418111343,734.2564697265625,2222500,0.0,0.0
2025-09-04 00:00:00-04:00,732.7537800512297,743.3820461940132,731.7685846480948,739.3118286132812,2423400,0.0,0.0
2025-09-05 00:00:00-04:00,741.0931457454939,741.0931457454939,719.0703249248501,723.6878662109375,3958200,0.0,0.0
2025-09-08 00:00:00-04:00,726.1757586766698,739.1028334455611,715.736514716972,735.0625,4534600,0.0,0.0
2025-09-09 00:00:00-04:00,730.6241312154693,749.1937890609478,730.3156350712186,746.9745483398438,2986900,0.0,0.0
2025-09-10 00:00:00-04:00,744.4668072175407,752.13942655059,738.8938932179635,750.9651489257812,2477400,0.0,0.0
2025-09-11 00:00:00-04:00,748.8354217438534,757.4435506619996,746.7356558874562,752.6170654296875,2197500,0.0,0.0
2025-09-12 00:00:00-04:00,756.4882628243148,757.9113296376239,744.3772226132022,751.7314453125,2198300,0.0,0.0
2025-09-15 00:00:00-04:00,749.4226536720865,752.6768354756833,738.5157145148136,744.5662841796875,2790900,0.0,0.0
2025-09-16 00:00:00-04:00,741.7997141056594,766.6488079895628,740.933932653232,761.0062866210938,3881300,0.0,0.0
2025-09-17 00:00:00-04:00,757.8018848968034,773.196991019045,752.6768642061394,756.448486328125,3471200,0.0,0.0
2025-09-18 00:00:00-04:00,757.6923826062474,768.7983042058081,755.3338661813469,759.23486328125,3464000,0.0,0.0
2025-09-19 00:00:00-04:00,761.2948370875324,761.2948370875324,745.5713741687963,748.3478393554688,7349500,0.0,0.0
2025-09-22 00:00:00-04:00,744.9344525546569,758.3491446350332,742.6555657136219,751.2935180664062,2527400,0.0,0.0
2025-09-23 00:00:00-04:00,746.9346994802842,749.352922739024,739.5705163155858,743.362060546875,2910100,0.0,0.0
2025-09-24 00:00:00-04:00,742.376921236293,743.3223322292357,732.5945140748169,738.2569580078125,2243000,0.0,0.0
2025-09-25 00:00:00-04:00,734.097200427429,736.4159324651006,708.601291516652,711.1290283203125,5136400,0.0,0.0
2025-09-26 00:00:00-04:00,720.6128129418678,725.4691821479196,713.6069321437383,721.03076171875,3559700,0.0,0.0
2025-09-29 00:00:00-04:00,722.0359606710274,724.3347703112019,712.611855496749,722.9913330078125,3309200,0.0,0.0
2025-09-30 00:00:00-04:00,723.4391396706473,762.6383160934887,721.7971068126287,759.3045654296875,6234300,0.0,0.0
2025-10-01 00:00:00-04:00,759.6030543027127,829.2640193905464,759.6030543027127,821.4221801757812,10124500,0.0,0.0
2025-10-02 00:00:00-04:00,810.4157501327016,830.4184351233527,808.873269482215,815.879150390625,4291800,0.0,0.0
2025-10-03 00:00:00-04:00,820.9445639701731,844.0222500884188,812.1473520870425,835.80224609375,5088500,0.0,0.0
2025-10-06 00:00:00-04:00,835.8818784694669,852.4213778882535,834.5980874590612,840.9571533203125,3651400,0.0,0.0
2025-10-07 00:00:00-04:00,840.9073660938759,844.4301987554189,832.5281641393967,839.5440063476562,2610800,0.0,0.0
2025-10-08 00:00:00-04:00,845.8830785414494,851.8540179193891,840.897334442544,841.623779296875,2180900,0.0,0.0
2025-10-09 00:00:00-04:00,847.5649677501092,856.0835062252507,841.6039891484251,851.2072143554688,3071700,0.0,0.0
2025-10-10 00:00:00-04:00,853.84436192415,860.1635820318526,826.089429801131,829.4530639648438,3431000,0.0,0.0
2025-10-13 00:00:00-04:00,828.6470454253974,831.2742736013473,813.3912767272703,815.431396484375,2167500,0.0,0.0
2025-10-14 00:00:00-04:00,818.1084046996382,818.1084046996382,802.0963065445828,808.41552734375,1928400,0.0,0.0
2025-10-15 00:00:00-04:00,808.5648488468509,826.1691739547106,804.6638514447183,822.5667114257812,2355800,0.0,0.0
2025-10-16 00:00:00-04:00,821.0738815983952,830.6572447297075,811.4208502147817,815.4114379882812,2272900,0.0,0.0
2025-10-17 00:00:00-04:00,785.1388321676542,800.5438380598712,780.053535396394,798.941650390625,3983000,0.0,0.0
2025-10-20 00:00:00-04:00,801.6982194873234,805.4897641143624,795.8964996134705,805.0419921875,2279700,0.0,0.0
2025-10-21 00:00:00-04:00,803.0217258571607,809.0523725580666,794.8415675777164,795.6973876953125,2099500,0.0,0.0
2025-10-22 00:00:00-04:00,794.5330408650763,811.9880654800862,789.9752067038384,808.4950561523438,2930600,0.0,0.0
2025-10-23 00:00:00-04:00,802.4943080035898,820.705661668991,802.116143635735,817.0633544921875,2632900,0.0,0.0
2025-10-24 00:00:00-04:00,811.2616325170293,830.109900921913,808.5647362689016,821.4520263671875,2211200,0.0,0.0
2025-10-27 00:00:00-04:00,821.0042045359121,822.4173099172544,807.5496677109861,822.4073486328125,2114800,0.0,0.0
2025-10-28 00:00:00-04:00,821.9994395869525,825.4427036577539,810.1073047961088,816.1279907226562,2493500,0.0,0.0
2025-10-29 00:00:00-04:00,823.3030091589425,826.268556407733,805.7086476562001,809.5897827148438,3591200,0.0,0.0
2025-10-30 00:00:00-04:00,833.4437540256462,848.8686832046283,808.3160468147237,840.4098510742188,6037200,0.0,0.0
2025-10-31 00:00:00-04:00,835.0956819186229,865.6967508933163,830.1497822019227,858.680908203125,5015000,0.0,0.0
2025-11-03 00:00:00-05:00,862.3331651840018,896.9745675126744,858.4420684693462,892.1878662109375,5401500,0.0,0.0
2025-11-04 00:00:00-05:00,887.0925905633143,910.7872687157815,879.3602644524062,902.4677734375,5911500,0.0,0.0
2025-11-05 00:00:00-05:00,906.587721003653,950.8324081561916,903.4629145008593,921.3259887695312,7272900,0.0,0.0
2025-11-06 00:00:00-05:00,923.5054373596956,945.2993938518258,911.8223071700457,932.8997192382812,6417400,0.0,0.0
2025-11-07 00:00:00-05:00,926.6599973832721,927.4859944068219,896.5366470008657,919.8929443359375,4373400,0.0,0.0
2025-11-10 00:00:00-05:00,935.1885134044273,977.2338824447324,933.8649380346666,961.958251953125,5696600,0.0,0.0
2025-11-11 00:00:00-05:00,961.8686720049416,995.1069292433953,960.6147648762039,983.831787109375,4166400,0.0,0.0
2025-11-12 00:00:00-05:00,988.3099288560043,1017.4680054162629,985.304536453527,1012.8505249023438,5185200,0.0,0.0
2025-11-13 00:00:00-05:00,1005.1978229544862,1027.9470290101992,1005.1978229544862,1017.9158935546875,4153600,0.0,0.0
2025-11-14 00:00:00-05:00,1005.5877104721058,1030.1244443885844,1004.381780615709,1021.8126831054688,3862300,1.5,0.0
2025-11-17 00:00:00-05:00,1000.3255756777976,1028.649508298634,994.9239221459187,1018.2448120117188,4720000,0.0,0.0
2025-11-18 00:00:00-05:00,1010.5807349763423,1037.2003656461097,1010.5807349763423,1026.5665283203125,3430500,0.0,0.0
2025-11-19 00:00:00-05:00,1026.157955141491,1052.0201481912093,1022.7794049200058,1046.0504150390625,3571200,0.0,0.0
2025-11-20 00:00:00-05:00,1041.9643281119393,1053.4254374120706,1034.7388461618564,1039.7618408203125,3135700,0.0,0.0
2025-11-21 00:00:00-05:00,1037.4795000888141,1063.042780114143,1034.4896456216993,1056.1162109375,4266700,0.0,0.0
2025-11-24 00:00:00-05:00,1053.1962827193977,1072.0821498078544,1045.8312592865523,1066.541015625,5497200,0.0,0.0
2025-11-25 00:00:00-05:00,1072.1916491594002,1107.352366316718,1069.620418156335,1106.186279296875,4181500,0.0,0.0
2025-11-26 00:00:00-05:00,1098.2732940757862,1108.22950050273,1094.386458630951,1100.6053466796875,3093700,0.0,0.0
2025-11-28 00:00:00-05:00,1093.0110212945272,1095.3332194299996,1064.079167386875,1071.8328857421875,2732200,0.0,0.0
2025-12-01 00:00:00-05:00,1070.7466013133148,1080.483579998982,1051.4321369083575,1054.3123779296875,3070200,0.0,0.0
2025-12-02 00:00:00-05:00,1049.010291596009,1064.56760766436,1036.8416231587428,1042.5821533203125,3280000,0.0,0.0
2025-12-03 00:00:00-05:00,1042.8512641317866,1047.9240163711931,1018.8626583401341,1030.064697265625,3447000,0.0,0.0
2025-12-04 00:00:00-05:00,1029.1378110101127,1029.1378110101127,1003.7738667812239,1011.0591430664062,3854900,0.0,0.0
2025-12-05 00:00:00-05:00,1020.377521861433,1023.9155040186192,1000.6045916131167,1006.8932495117188,2502100,0.0,0.0
2025-12-08 00:00:00-05:00,1007.3218623657772,1010.7701832108983,985.5358032720646,994.2163696289062,3088600,0.0,0.0
2025-12-09 00:00:00-05:00,999.4485767002333,1008.5775722296804,975.8685571035728,978.8982543945312,2569700,0.0,0.0
2025-12-10 00:00:00-05:00,981.6688677586786,999.6079942760961,973.8155119503097,990.2796630859375,2966300,0.0,0.0
2025-12-11 00:00:00-05:00,1004.7406098077453,1028.0714747065383,983.6621116550675,1005.9664306640625,4517000,0.0,0.0
2025-12-12 00:00:00-05:00,1005.3485653679636,1025.4204701196209,1000.1063440065902,1024.03515625,3275200,0.0,0.0
2025-12-15 00:00:00-05:00,1029.0581233021942,1061.398333727903,1029.0581233021942,1058.5977783203125,4648400,0.0,0.0
2025-12-16 00:00:00-05:00,1059.9034237902617,1064.6373600977406,1032.7256268292847,1050.724609375,4024500,0.0,0.0
2025-12-17 00:00:00-05:00,1060.7007296526526,1060.7007296526526,1032.9050352709846,1038.266845703125,3726600,0.0,0.0
2025-12-18 00:00:00-05:00,1038.276828357429,1075.6101050032985,1036.024461625301,1053.3057861328125,3848600,0.0,0.0
2025-12-19 00:00:00-05:00,1055.428632425438,1071.7432672258853,1055.428632425438,1067.8165283203125,5829100,0.0,0.0
2025-12-22 00:00:00-05:00,1073.078656160433,1079.8158045298378,1059.4050844563105,1072.8394775390625,2625600,0.0,0.0
2025-12-23 00:00:00-05:00,1059.903382950549,1084.7988844125769,1059.903382950549,1068.015869140625,2108600,0.0,0.0
2025-12-24 00:00:00-05:00,1071.0058380118999,1082.0583002085477,1069.0823112830287,1073.337890625,932800,0.0,0.0
2025-12-26 00:00:00-05:00,1073.3378091590694,1077.7329293196894,1064.6872316369654,1074.105224609375,1014600,0.0,0.0
2025-12-29 00:00:00-05:00,1074.3045178019713,1081.8290337193034,1070.7466444308739,1075.0819091796875,1653000,0.0,0.0
2025-12-30 00:00:00-05:00,1075.31114342699,1078.7096455824349,1068.4444293707961,1076.0985107421875,1251500,0.0,0.0
2025-12-31 00:00:00-05:00,1076.1084307368067,1079.8357729107013,1070.796499757671,1071.045654296875,1646700,0.0,0.0
2026-01-02 00:00:00-05:00,1072.7598517680326,1077.0054550205873,1048.5220290845991,1076.7064208984375,2469100,0.0,0.0
2026-01-05 00:00:00-05:00,1065.6140192570313,1081.7094269254765,1029.8852824349965,1037.98779296875,4084800,0.0,0.0
2026-01-06 00:00:00-05:00,1040.5789964737464,1067.2086051262331,1036.4132005969204,1060.441650390625,2690700,0.0,0.0
2026-01-07 00:00:00-05:00,1073.357824914489,1113.8803558783313,1072.321303033383,1104.3426513671875,4652800,0.0,0.0
2026-01-08 00:00:00-05:00,1109.9236375344708,1130.1151315037457,1066.5309648980485,1081.52001953125,3156000,0.0,0.0
2026-01-09 00:00:00-05:00,1083.154458968468,1100.7846972843408,1059.435020019225,1059.9632568359375,2561900,0.0,0.0
2026-01-12 00:00:00-05:00,1054.4220204454787,1079.6962425559345,1054.4220204454787,1077.34423828125,2380200,0.0,0.0
2026-01-13 00:00:00-05:00,1079.3375293789677,1086.5330837103616,1065.4745359116723,1073.547119140625,2194200,0.0,0.0
2026-01-14 00:00:00-05:00,1078.0917515392853,1080.3341425177584,1057.5315129459177,1069.660400390625,1912600,0.0,0.0
2026-01-15 00:00:00-05:00,1058.9665794701723,1064.0393315002927,1009.145589896656,1029.4765625,4183400,0.0,0.0
2026-01-16 00:00:00-05:00,1020.9655793820677,1046.3891963254314,1014.5572711831193,1034.8883056640625,3829000,0.0,0.0
2026-01-20 00:00:00-05:00,1024.6729775680276,1042.3130701998687,1012.524199858942,1037.7685546875,2484900,0.0,0.0
2026-01-21 00:00:00-05:00,1040.32985978363,1077.6731145445165,1038.4961163594983,1074.8726806640625,3685900,0.0,0.0
2026-01-22 00:00:00-05:00,1074.8726146071951,1091.775219312159,1068.1155144278098,1083.70263671875,2478200,0.0,0.0
2026-01-23 00:00:00-05:00,1080.064994815659,1080.6529654745325,1059.4250713515887,1060.6907958984375,2592900,0.0,0.0
2026-01-26 00:00:00-05:00,1058.617671085677,1063.4711963572774,1039.7915406130785,1059.1558837890625,2244900,0.0,0.0
2026-01-27 00:00:00-05:00,1060.5112881424259,1069.7599334508118,1031.3104503567147,1035.9945068359375,2587900,0.0,0.0
2026-01-28 00:00:00-05:00,1025.6296864105066,1026.2076811389297,1000.744160483774,1020.337646484375,3300200,0.0,0.0
2026-01-29 00:00:00-05:00,1021.8923586015108,1036.4828627296029,1014.5572637103229,1020.676513671875,2293000,0.0,0.0
2026-01-30 00:00:00-05:00,1029.8055008151143,1045.023756557955,1016.5504318157022,1033.6424560546875,3303100,0.0,0.0
2026-02-02 00:00:00-05:00,1034.0610037251938,1053.833994713948,1034.0610037251938,1040.598876953125,2757100,0.0,0.0
2026-02-03 00:00:00-05:00,1037.2303360735064,1045.2531608166285,990.2198751304529,1000.0664672851562,5483900,0.0,0.0
2026-02-04 00:00:00-05:00,1071.484074468819,1110.2325920635112,1061.3983039027282,1103.3758544921875,7119400,0.0,0.0
2026-02-05 00:00:00-05:00,1061.896634965065,1071.3645073556497,1002.428447202777,1017.3876953125,7742400,0.0,0.0
2026-02-06 00:00:00-05:00,1052.428759347951,1056.4351837493032,1029.7756484154418,1054.6014404296875,4887100,0.0,0.0
2026-02-09 00:00:00-05:00,1073.4474920908606,1103.1965218362955,1039.3931251339422,1041.13720703125,3423800,0.0,0.0
2026-02-10 00:00:00-05:00,1047.106886830628,1052.0800017961278,1020.417422880305,1021.5336303710938,3539400,0.0,0.0
2026-02-11 00:00:00-05:00,1023.0285304073461,1026.6163314138576,1009.1954656267221,1011.7767333984375,2599900,0.0,0.0
2026-02-12 00:00:00-05:00,1021.4040809660809,1056.2557899219587,1008.5776097089087,1034.7587890625,3592200,0.0,0.0
2026-02-13 00:00:00-05:00,1038.1927834268372,1062.5109063439502,1031.9135537447264,1038.2127685546875,2698700,1.73,0.0
2026-02-17 00:00:00-05:00,1043.8131616141866,1065.1664186889575,1033.1016200317115,1034.2696533203125,2984600,0.0,0.0
2026-02-18 00:00:00-05:00,1030.585923449878,1035.7570754830406,1009.5721090672547,1018.8062133789062,3236900,0.0,0.0
2026-02-19 00:00:00-05:00,1009.0829543394955,1023.4681645324832,1005.2695115421718,1021.4616088867188,2145800,0.0,0.0
2026-02-20 00:00:00-05:00,1022.1005406967669,1026.8823483519013,1000.7373519273956,1007.7852172851562,3249400,0.0,0.0
2026-02-23 00:00:00-05:00,1045.2207588154968,1062.6207378375525,1032.2231136507573,1056.740966796875,4767600,0.0,0.0
2026-02-24 00:00:00-05:00,1041.157682974726,1057.0803466475645,1022.3201151970201,1040.359130859375,2803100,0.0,0.0
2026-02-25 00:00:00-05:00,1034.7986940966075,1051.819444072113,1025.2352002657751,1027.06201171875,2481900,0.0,0.0
2026-02-26 00:00:00-05:00,1022.3201295430953,1025.155336894915,1005.6488763421559,1020.2637329101562,2666400,0.0,0.0
2026-02-27 00:00:00-05:00,1017.4185232803184,1051.1904029542225,1015.6116362309695,1050.18212890625,4325900,0.0,0.0
2026-03-02 00:00:00-05:00,1042.8248698187447,1054.3849263193688,1011.2592120236809,1016.2206420898438,3094300,0.0,0.0
2026-03-03 00:00:00-05:00,1013.2557562247102,1018.2571564550171,993.3600125791421,1005.9982299804688,2846000,0.0,0.0
2026-03-04 00:00:00-05:00,1009.8915446082733,1013.9145874726661,991.9523939096591,1001.8453979492188,1965500,0.0,0.0
2026-03-05 00:00:00-05:00,988.2987203014923,991.8526001312242,963.9406264593275,981.5703125,3769900,0.0,0.0
2026-03-06 00:00:00-05:00,973.3245007709129,989.5165980910544,964.4298390654943,988.628173828125,2627800,0.0,0.0
2026-03-09 00:00:00-04:00,985.194111803648,1007.1962156394599,978.8949575433462,1006.6571655273438,2802200,0.0,0.0
2026-03-10 00:00:00-04:00,1004.2712450318838,1010.2609343660699,992.2918663635114,999.6292114257812,1663700,0.0,0.0
2026-03-11 00:00:00-04:00,998.311502098723,1001.2064819613405,988.5981814336653,998.121826171875,1446900,0.0,0.0
2026-03-12 00:00:00-04:00,991.7427905232294,992.7909739355993,971.487619440222,975.5706176757812,2340100,0.0,0.0
2026-03-13 00:00:00-04:00,978.4457011691946,1001.4959880540754,976.3193565917665,983.38720703125,1984400,0.0,0.0
2026-03-16 00:00:00-04:00,990.2752976176918,996.4546627567153,973.8336299823382,987.4202270507812,2289900,0.0,0.0
2026-03-17 00:00:00-04:00,977.2377631609971,979.4838966606686,923.6600091426449,928.751220703125,5637500,0.0,0.0
2026-03-18 00:00:00-04:00,923.4104199289278,927.4035460691609,903.5545855733535,916.4723510742188,3443800,0.0,0.0
2026-03-19 00:00:00-04:00,912.429354351158,922.9412885225436,909.2947356002531,915.92333984375,2379000,0.0,0.0
2026-03-20 00:00:00-04:00,908.985266389583,923.7897990519223,897.7446062242202,905.1419067382812,4818800,0.0,0.0
2026-03-23 00:00:00-04:00,911.9201796099584,925.1873800592911,905.6709275208751,908.9852294921875,2817500,0.0,0.0
2026-03-24 00:00:00-04:00,905.4413416487102,907.1084547321748,894.0709004748627,901.4682006835938,2572700,0.0,0.0
2026-03-25 00:00:00-04:00,910.9219087844001,920.5653425404496,907.5277881210985,914.7353515625,2177700,0.0,0.0
2026-03-26 00:00:00-04:00,910.8121323585593,914.7752808955319,894.7497552881431,895.4585571289062,2163200,0.0,0.0
2026-03-27 00:00:00-04:00,894.4602639056106,899.2819808262025,875.6027109060323,876.7307739257812,2740800,0.0,0.0
2026-03-30 00:00:00-04:00,886.9531807909435,895.8878129375857,881.5924136890123,885.1063842773438,3070200,0.0,0.0
2026-03-31 00:00:00-04:00,891.954584390635,922.5519386829161,890.606928652067,918.189453125,3464200,0.0,0.0
2026-04-01 00:00:00-04:00,925.2871837626982,975.0015914677158,924.3986985831475,952.8796997070312,6267900,0.0,0.0
2026-04-02 00:00:00-04:00,943.3760237355892,956.0442184915349,928.4217862644292,933.9722290039062,2727100,0.0,0.0
2026-04-06 00:00:00-04:00,930.4382803520751,934.3914970823199,918.1994001721444,925.4668579101562,1821100,0.0,0.0
2026-04-07 00:00:00-04:00,922.9112880456931,931.0572386408663,896.9060659931422,929.489990234375,2726900,0.0,0.0
2026-04-08 00:00:00-04:00,939.9020790414424,959.4883584820097,931.5264820836841,951.6618041992188,2568000,0.0,0.0
2026-04-09 00:00:00-04:00,946.8400394832781,962.1038028461878,937.6758224852963,953.5485229492188,1672100,0.0,0.0
2026-04-10 00:00:00-04:00,962.0339403843994,962.2835107695718,933.9322906418785,937.8555297851562,1958900,0.0,0.0
2026-04-13 00:00:00-04:00,938.3546520722086,944.2745151105288,925.5766607891305,927.9525756835938,2089600,0.0,0.0
2026-04-14 00:00:00-04:00,923.4104377725906,938.314774067385,913.4675315563798,920.9147338867188,2360200,0.0,0.0
2026-04-15 00:00:00-04:00,921.9130237081006,928.4018538695544,886.5040059043586,903.4747924804688,4233400,0.0,0.0
2026-04-16 00:00:00-04:00,910.1033183857057,918.4190207097819,896.6065933400325,902.4365234375,2836600,0.0,0.0
2026-04-17 00:00:00-04:00,916.2227707820681,928.3918250000387,916.2227707820681,925.4369506835938,3266100,0.0,0.0
2026-04-20 00:00:00-04:00,925.3071846536486,928.0424663269345,910.9319060922493,918.3192138671875,1926300,0.0,0.0
2026-04-21 00:00:00-04:00,908.635854709379,911.4809326787256,879.5958183867632,901.4682006835938,4062800,0.0,0.0
2026-04-22 00:00:00-04:00,904.8423820878868,920.9545992997852,900.6795043349576,919.8964233398438,2623800,0.0,0.0
2026-04-23 00:00:00-04:00,927.8926781305523,928.4018114534182,910.3229477912832,916.0730590820312,2149200,0.0,0.0
2026-04-24 00:00:00-04:00,898.4633856614171,898.8726542867313,870.2319542406808,882.4409790039062,4463700,0.0,0.0
2026-04-27 00:00:00-04:00,876.6209957110293,889.6685430796404,866.5483079089853,866.7779541015625,2700300,0.0,0.0
2026-04-28 00:00:00-04:00,870.4016800589637,876.6409395474864,861.8663243344502,872.498046875,2561300,0.0,0.0
2026-04-29 00:00:00-04:00,864.5517248180772,867.5266452462313,849.0484441524184,849.7472534179688,3904600,0.0,0.0
2026-04-30 00:00:00-04:00,897.2355055865567,943.8751895675202,895.2588667183905,932.993896484375,8236700,0.0,0.0
2026-05-01 00:00:00-04:00,947.319267312977,982.75826152448,942.1780930763838,961.674560546875,4352400,0.0,0.0
2026-05-04 00:00:00-04:00,958.3502971422698,972.5458316721597,950.1244668406421,966.2666625976562,3696900,0.0,0.0
2026-05-05 00:00:00-04:00,970.219853370513,991.0938934084766,962.7526660738614,987.170654296875,2955500,0.0,0.0
2026-05-06 00:00:00-04:00,989.6463581052714,994.7775397290237,981.8098725641821,985.353759765625,3921200,0.0,0.0
2026-05-07 00:00:00-04:00,983.6766911132756,987.3004580328533,965.4380676031924,973.2846069335938,3494900,0.0,0.0
2026-05-08 00:00:00-04:00,972.39609732087,978.3158994826379,945.8817423190412,946.8201293945312,3559200,0.0,0.0
2026-05-11 00:00:00-04:00,947.3691720921403,993.2901224780607,941.6390458580445,965.3282470703125,3517500,0.0,0.0
2026-05-12 00:00:00-04:00,972.7654684278397,995.8058234825106,969.5110608513935,988.1689453125,3037500,0.0,0.0
2026-05-13 00:00:00-04:00,993.0405436127813,1021.0623132357589,990.2952694283781,1014.0044555664062,3486400,0.0,0.0
2026-05-14 00:00:00-04:00,1015.7414675474674,1016.4202916784651,994.2983997103153,1004.9700317382812,1751700,0.0,0.0
2026-05-15 00:00:00-04:00,1006.97998046875,1014.3800048828125,997.4099731445312,1004.9199829101562,2820700,1.73,0.0
2026-05-18 00:00:00-04:00,1000.6099853515625,1003.0,978.8699951171875,988.0900268554688,2016000,0.0,0.0
2026-05-19 00:00:00-04:00,989.510009765625,1021.7999877929688,984.5999755859375,1021.4099731445312,3796000,0.0,0.0
2026-05-20 00:00:00-04:00,1024.989990234375,1037.8800048828125,1003.6900024414062,1018.8699951171875,2998800,0.0,0.0
2026-05-21 00:00:00-04:00,1024.300048828125,1047.300048828125,1022.0,1041.6500244140625,2705200,0.0,0.0
2026-05-22 00:00:00-04:00,1049.81005859375,1070.3399658203125,1047.0699462890625,1065.0,3470600,0.0,0.0
2026-05-26 00:00:00-04:00,1075.0,1082.0,1060.3599853515625,1064.739990234375,2981000,0.0,0.0
2026-05-27 00:00:00-04:00,1072.260009765625,1093.0,1069.9000244140625,1082.9200439453125,2583000,0.0,0.0
2026-05-28 00:00:00-04:00,1096.6400146484375,1149.0999755859375,1092.010009765625,1126.800048828125,4600700,0.0,0.0
2026-05-29 00:00:00-04:00,1127.0,1132.6600341796875,1089.010009765625,1105.0,4600800,0.0,0.0
2026-06-01 00:00:00-04:00,1095.0,1106.1700439453125,1071.5999755859375,1082.199951171875,2693400,0.0,0.0
2026-06-02 00:00:00-04:00,1067.3699951171875,1078.219970703125,1052.1500244140625,1064.1500244140625,2408500,0.0,0.0
2026-06-03 00:00:00-04:00,1059.5,1093.280029296875,1053.510009765625,1078.780029296875,2655600,0.0,0.0
2026-06-04 00:00:00-04:00,1108.5999755859375,1140.4599609375,1101.6199951171875,1125.27001953125,4046700,0.0,0.0
2026-06-05 00:00:00-04:00,1142.969970703125,1166.2900390625,1131.030029296875,1131.4200439453125,4126200,0.0,0.0
2026-06-08 00:00:00-04:00,1159.0,1182.72998046875,1143.5999755859375,1149.1500244140625,4504400,0.0,0.0
2026-06-09 00:00:00-04:00,1165.0,1174.5999755859375,1137.75,1144.6800537109375,3822000,0.0,0.0
2026-06-10 00:00:00-04:00,1152.5,1166.4200439453125,1133.530029296875,1136.3699951171875,2700600,0.0,0.0
2026-06-11 00:00:00-04:00,1139.7099609375,1170.1199951171875,1125.6400146484375,1160.949951171875,2764900,0.0,0.0
2026-06-12 00:00:00-04:00,1165.0,1169.989990234375,1132.81005859375,1133.0,2438400,0.0,0.0
2026-06-15 00:00:00-04:00,1134.0,1137.489990234375,1112.010009765625,1129.3499755859375,3167200,0.0,0.0
2026-06-16 00:00:00-04:00,1138.8199462890625,1146.68994140625,1115.5,1122.5,2260700,0.0,0.0
2026-06-17 00:00:00-04:00,1116.699951171875,1121.489990234375,1104.9000244140625,1112.0,2383300,0.0,0.0
2026-06-18 00:00:00-04:00,1120.489990234375,1122.3299560546875,1088.6600341796875,1098.5699462890625,4470500,0.0,0.0
2026-06-22 00:00:00-04:00,1112.239990234375,1119.449951171875,1093.1500244140625,1102.0799560546875,3015000,0.0,0.0
2026-06-23 00:00:00-04:00,1117.0,1122.02001953125,1079.219970703125,1107.0799560546875,3316300,0.0,0.0
2026-06-24 00:00:00-04:00,1129.4100341796875,1135.1400146484375,1100.97998046875,1117.260009765625,2908200,0.0,0.0
2026-06-25 00:00:00-04:00,1126.989990234375,1145.4300537109375,1114.0,1127.68994140625,2757200,0.0,0.0
2026-06-26 00:00:00-04:00,1128.800048828125,1215.760009765625,1128.0,1208.1199951171875,7725800,0.0,0.0
2026-06-29 00:00:00-04:00,1222.780029296875,1238.0,1203.1400146484375,1229.9300537109375,3684700,0.0,0.0
2026-06-30 00:00:00-04:00,1228.8800048828125,1230.050048828125,1190.199951171875,1199.4300537109375,3723600,0.0,0.0
2026-07-01 00:00:00-04:00,1217.510009765625,1217.510009765625,1173.9300537109375,1191.739990234375,2720400,0.0,0.0
2026-07-02 00:00:00-04:00,1193.010009765625,1232.0,1180.300048828125,1213.9100341796875,3296100,0.0,0.0
2026-07-06 00:00:00-04:00,1208.0,1213.7900390625,1183.3399658203125,1200.06005859375,2348800,0.0,0.0
2026-07-07 00:00:00-04:00,1232.8800048828125,1249.449951171875,1222.77001953125,1235.56005859375,2933800,0.0,0.0
2026-07-08 00:00:00-04:00,1221.0999755859375,1241.8900146484375,1204.1600341796875,1215.8299560546875,2608600,0.0,0.0
2026-07-09 00:00:00-04:00,1211.6400146484375,1230.0,1200.3699951171875,1216.949951171875,2088100,0.0,0.0
2026-07-10 00:00:00-04:00,1210.31005859375,1212.9599609375,1178.3199462890625,1188.5799560546875,2010200,0.0,0.0
2026-07-13 00:00:00-04:00,1180.1099853515625,1196.2900390625,1166.010009765625,1181.8699951171875,2072700,0.0,0.0
2026-07-14 00:00:00-04:00,1166.010009765625,1166.010009765625,1140.739990234375,1152.5400390625,2642900,0.0,0.0
2026-07-15 00:00:00-04:00,1145.5,1160.8199462890625,1134.4000244140625,1156.6300048828125,2552200,0.0,0.0
2026-07-16 00:00:00-04:00,1162.27001953125,1189.0699462890625,1141.199951171875,1169.1700439453125,2791100,0.0,0.0
2026-07-17 00:00:00-04:00,1159.449951171875,1187.949951171875,1151.010009765625,1179.1099853515625,2757500,0.0,0.0
2026-07-20 00:00:00-04:00,1179.6500244140625,1187.1199951171875,1144.4300537109375,1146.9000244140625,2644200,0.0,0.0
2026-07-21 00:00:00-04:00,1143.0,1177.5799560546875,1139.0,1175.4100341796875,2092000,0.0,0.0
2026-07-22 00:00:00-04:00,1173.9100341796875,1175.0,1153.5,1163.010009765625,1555800,0.0,0.0
2026-07-23 00:00:00-04:00,1146.6199951171875,1189.5899658203125,1141.780029296875,1185.8699951171875,1909900,0.0,0.0
2026-07-24 00:00:00-04:00,1194.3499755859375,1206.93994140625,1187.5,1196.030029296875,1983300,0.0,0.0
2026-07-27 00:00:00-04:00,1201.0,1205.050048828125,1183.449951171875,1197.530029296875,1592800,0.0,0.0
2026-07-28 00:00:00-04:00,1217.5999755859375,1232.0,1205.010009765625,1220.6600341796875,2375400,0.0,0.0
2026-07-29 00:00:00-04:00,1215.1800537109375,1229.18994140625,1204.800048828125,1210.02001953125,2170900,0.0,0.0
2026-07-30 00:00:00-04:00,1174.030029296875,1186.6500244140625,1153.1400146484375,1154.969970703125,3027700,0.0,0.0
2026-07-31 00:00:00-04:00,1148.510009765625,1150.6300048828125,1119.0,1148.8399658203125,2884600,0.0,0.0
2026-08-03 00:00:00-04:00,1152.0,1161.93994140625,1109.1500244140625,1121.3599853515625,2934000,0.0,0.0
2026-08-04 00:00:00-04:00,1117.3800048828125,1135.8299560546875,1109.1600341796875,1115.6800537109375,4097200,0.0,0.0
2026-08-05 00:00:00-04:00,1174.0,1216.93994140625,1138.4300537109375,1169.8599853515625,6445700,0.0,0.0
2026-08-06 00:00:00-04:00,1196.550048828125,1230.8800048828125,1173.5,1191.93994140625,3422400,0.0,0.0
2026-08-07 00:00:00-04:00,1188.0,1196.800048828125,1161.199951171875,1185.7099609375,2898500,0.0,0.0
2026-08-10 00:00:00-04:00,1185.010009765625,1231.93994140625,1184.4100341796875,1231.93994140625,3011900,0.0,0.0
2026-08-11 00:00:00-04:00,1230.6500244140625,1238.0,1209.530029296875,1215.02001953125,2113200,0.0,0.0
2026-08-12 00:00:00-04:00,1201.72998046875,1226.5,1191.0799560546875,1220.280029296875,1941600,0.0,0.0
2026-08-13 00:00:00-04:00,1238.300048828125,1240.0999755859375,1206.0,1209.0,1925300,0.0,0.0
