Date,Open,High,Low,Close,Volume,Dividends,Stock Splits
2006-08-14 00:00:00-04:00,5.487317316367054,5.487317316367054,5.259989261627197,5.259989261627197,40800,0.0,0.0
2006-08-15 00:00:00-04:00,5.3397961151235425,5.465551714887689,5.252733960597346,5.27208137512207,234600,0.0,0.0
2006-08-16 00:00:00-04:00,5.325287068292268,5.496992515296381,5.325287068292268,5.397838592529297,31800,0.0,0.0
2006-08-17 00:00:00-04:00,5.397838233139354,5.397838233139354,5.279337591085166,5.313194274902344,40200,0.0,0.0
2006-08-18 00:00:00-04:00,5.359142879490216,5.395418803979713,5.318030188132311,5.320448398590088,70800,0.0,0.0
2006-08-21 00:00:00-04:00,5.308356774578525,5.308356774578525,5.066517749538014,5.136651039123535,23700,0.0,0.0
2006-08-22 00:00:00-04:00,5.221296379484338,5.257571966238398,4.991549382261599,5.185020446777344,51900,0.0,0.0
2006-08-23 00:00:00-04:00,5.214038462966774,5.363977849373878,5.199528166286787,5.235804080963135,22800,0.0,0.0
2006-08-24 00:00:00-04:00,5.221295493097403,5.27208137512207,5.1269783608332,5.27208137512207,18000,0.0,0.0
2006-08-25 00:00:00-04:00,5.291428418394932,5.320449023011318,5.269662791956194,5.305938720703125,4500,0.0,0.0
2006-08-28 00:00:00-04:00,5.3204483001199785,5.361560990716976,5.245478588023592,5.359142780303955,23700,0.0,0.0
2006-08-29 00:00:00-04:00,5.368817022072344,5.412347928824605,5.347051395719766,5.366398811340332,53100,0.0,0.0
2006-08-30 00:00:00-04:00,5.368817401820577,5.54294104114577,5.368817401820577,5.48731803894043,15900,0.0,0.0
2006-08-31 00:00:00-04:00,5.54535832735571,5.562287530618746,5.313193167682933,5.322867393493652,47100,0.0,0.0
2006-09-01 00:00:00-04:00,5.305937730986894,5.305937730986894,5.107630303098528,5.243060111999512,51900,0.0,0.0
2006-09-05 00:00:00-04:00,5.2696623034108026,5.349469131683497,5.235805626402964,5.274499416351318,23700,0.0,0.0
2006-09-06 00:00:00-04:00,5.223713017334458,5.303519842969134,5.052007621972101,5.068936824798584,80100,0.0,0.0
2006-09-07 00:00:00-04:00,4.65055670353435,5.037498485087714,4.558657766626315,4.7593841552734375,144900,0.0,0.0
2006-09-08 00:00:00-04:00,4.778729313927772,4.778729313927772,4.580421230024108,4.59976863861084,64200,0.0,0.0
2006-09-11 00:00:00-04:00,4.592513317146719,4.619115701244803,4.454665322903344,4.59976863861084,141300,0.0,0.0
2006-09-12 00:00:00-04:00,4.626372710997388,5.073773524700063,4.6021881819738075,5.054427146911621,122400,0.0,0.0
2006-09-13 00:00:00-04:00,5.06651854466461,5.153580358256409,5.027824405290477,5.151162147521973,41100,0.0,0.0
2006-09-14 00:00:00-04:00,5.153580301438881,5.153580301438881,5.054427089315158,5.095539093017578,41700,0.0,0.0
2006-09-15 00:00:00-04:00,5.129397383186502,5.131815248211313,5.06651905442424,5.097958564758301,155100,0.0,0.0
2006-09-18 00:00:00-04:00,5.129396607981661,5.172927512578535,5.078610379642203,5.126978397369385,90900,0.0,0.0
2006-09-19 00:00:00-04:00,5.126979053712216,5.155999660491943,5.10037665785434,5.155999660491943,38400,0.0,0.0
2006-09-20 00:00:00-04:00,5.177764892578125,5.187438428077912,5.1511624969772525,5.177764892578125,47700,0.0,0.0
2006-09-21 00:00:00-04:00,5.177763170079125,5.226130485534668,5.175344614032306,5.226130485534668,34500,0.0,0.0
2006-09-22 00:00:00-04:00,5.226132008245302,5.2503165379016,5.18743821379742,5.228550910949707,66900,0.0,0.0
2006-09-25 00:00:00-04:00,5.2358055047308225,5.3011016845703125,5.187437490025435,5.3011016845703125,42300,0.0,0.0
2006-09-26 00:00:00-04:00,5.301101479737669,5.363979100733537,5.286591179672583,5.3518877029418945,23700,0.0,0.0
2006-09-27 00:00:00-04:00,5.296265312864584,5.654186088338813,5.296265312864584,5.6372575759887695,60300,0.0,0.0
2006-09-28 00:00:00-04:00,5.63483983320994,5.63483983320994,5.417185289511783,5.482481479644775,65700,0.0,0.0
2006-09-29 00:00:00-04:00,5.501827124328282,5.501827124328282,5.342213823612328,5.3518877029418945,90900,0.0,0.0
2006-10-02 00:00:00-04:00,5.3059393175684715,5.318031410495321,5.187438675031201,5.247898101806641,85500,0.0,0.0
2006-10-03 00:00:00-04:00,5.211623204221084,5.240643817866683,4.989132178891159,5.013315677642822,87000,0.0,0.0
2006-10-04 00:00:00-04:00,5.018149365395582,5.376070022583008,5.018149365395582,5.376070022583008,64500,0.0,0.0
2006-10-05 00:00:00-04:00,5.368815124096721,5.675949573516846,5.368815124096721,5.675949573516846,29700,0.0,0.0
2006-10-06 00:00:00-04:00,5.675953011735006,5.753341655878587,5.615493576750091,5.7412495613098145,18600,0.0,0.0
2006-10-09 00:00:00-04:00,5.753339392977196,5.81621805243161,5.753339392977196,5.806543827056885,27300,0.0,0.0
2006-10-10 00:00:00-04:00,5.804125662206567,5.804125662206567,5.279336294417419,5.3784894943237305,85500,0.0,0.0
2006-10-11 00:00:00-04:00,5.426856906746628,5.598562627074804,5.354305413197772,5.405091285705566,59700,0.0,0.0
2006-10-12 00:00:00-04:00,5.453460694326239,5.804126509496997,5.3567249988024965,5.796871185302734,46200,0.0,0.0
2006-10-13 00:00:00-04:00,5.804124471866407,5.842818598110553,5.765430691575038,5.777522087097168,51600,0.0,0.0
2006-10-16 00:00:00-04:00,5.804126262664795,5.808963375890528,5.733992964232044,5.804126262664795,43500,0.0,0.0
2006-10-17 00:00:00-04:00,5.721901219026364,5.806544473324777,5.688043848116422,5.804126262664795,45900,0.0,0.0
2006-10-18 00:00:00-04:00,5.804124743236346,5.8186353872091185,5.688042359076513,5.7823591232299805,34200,0.0,0.0
2006-10-19 00:00:00-04:00,5.750920957899829,5.864584445953369,5.712226135957523,5.864584445953369,42600,0.0,0.0
2006-10-20 00:00:00-04:00,5.8645861407929285,5.8645861407929285,5.765432922848302,5.79203462600708,80700,0.0,0.0
2006-10-23 00:00:00-04:00,5.743666540399545,5.804125955130241,5.680788223231264,5.801707744598389,22500,0.0,0.0
2006-10-24 00:00:00-04:00,5.767851054308546,5.8210551549907725,5.671116042743014,5.719483375549316,42900,0.0,0.0
2006-10-25 00:00:00-04:00,5.784777333256914,5.8597477252893295,5.6759499251306735,5.7823591232299805,45300,0.0,0.0
2006-10-26 00:00:00-04:00,5.837983979527621,5.857330356713248,5.717064451753515,5.804126262664795,151200,0.0,0.0
2006-10-27 00:00:00-04:00,5.760594486476451,5.8887689728093955,5.758176276181989,5.799288272857666,429300,0.0,0.0
2006-10-30 00:00:00-05:00,5.753340901511188,5.828310632576948,5.7315756184753965,5.808964252471924,40200,0.0,0.0
2006-10-31 00:00:00-05:00,5.828310000936809,5.830728903605428,5.777524115388565,5.796871185302734,82800,0.0,0.0
2006-11-01 00:00:00-05:00,5.748502961463249,5.811381278631529,5.743666540399545,5.801707744598389,65700,0.0,0.0
2006-11-02 00:00:00-05:00,5.743667306019491,5.816219166891937,5.692881072599361,5.772687911987305,35100,0.0,0.0
2006-11-03 00:00:00-05:00,5.816218391600965,5.816218391600965,5.733992660413538,5.801707744598389,63000,0.0,0.0
2006-11-06 00:00:00-05:00,5.765432065636808,5.808962968036089,5.736411464037286,5.794452667236328,48300,0.0,0.0
2006-11-07 00:00:00-05:00,5.7823604397751485,5.845239104083714,5.721901023902718,5.743666648864746,101400,0.0,0.0
2006-11-08 00:00:00-05:00,5.726737663050622,5.987923442772846,5.726737663050622,5.9129533767700195,82800,0.0,0.0
2006-11-09 00:00:00-05:00,5.956484404617781,5.956484404617781,5.605818616141007,5.651767730712891,56700,0.0,0.0
2006-11-10 00:00:00-05:00,5.719481561461762,5.8597481313271365,5.714645141072767,5.787196636199951,69300,0.0,0.0
2006-11-13 00:00:00-05:00,5.782360636960533,5.886350960350342,5.717064451753515,5.804126262664795,77700,0.0,0.0
2006-11-14 00:00:00-05:00,5.8017080520048125,5.837983979527621,5.775105659027702,5.804126262664795,89400,0.0,0.0
2006-11-15 00:00:00-05:00,5.804126262664795,5.830728655641906,5.782360636960533,5.804126262664795,46500,0.0,0.0
2006-11-16 00:00:00-05:00,5.825891542416173,5.859749259278999,5.775105659027702,5.804126262664795,75900,0.0,0.0
2006-11-17 00:00:00-05:00,5.804125955130241,5.852493625295944,5.724319126380397,5.801707744598389,64800,0.0,0.0
2006-11-20 00:00:00-05:00,5.777523226649782,5.81621805243161,5.632419878661423,5.806543827056885,45000,0.0,0.0
2006-11-21 00:00:00-05:00,5.772686575807256,5.847656630180887,5.695297965186332,5.799288272857666,65100,0.0,0.0
2006-11-22 00:00:00-05:00,5.833145864614909,5.874258898303385,5.760594367980957,5.760594367980957,10800,0.0,0.0
2006-11-24 00:00:00-05:00,5.71222697538361,5.746084690093994,5.6807881630851975,5.746084690093994,13500,0.0,0.0
2006-11-27 00:00:00-05:00,5.712229209266309,5.712229209266309,5.6082388518199595,5.625167369842529,50100,0.0,0.0
2006-11-28 00:00:00-05:00,5.598563627409857,5.8065442667918115,5.598563627409857,5.7630133628845215,73800,0.0,0.0
2006-11-29 00:00:00-05:00,5.763013567869137,5.828309753076155,5.763013567869137,5.804126262664795,62100,0.0,0.0
2006-11-30 00:00:00-05:00,5.784779312211192,5.8500755026623175,5.733993424743975,5.772687911987305,45900,0.0,0.0
2006-12-01 00:00:00-05:00,5.804126986354433,5.804126986354433,5.5574514787294325,5.719483375549316,52500,0.0,0.0
2006-12-04 00:00:00-05:00,5.719482662413498,5.850075032827533,5.634839408115084,5.804126262664795,48600,0.0,0.0
2006-12-05 00:00:00-05:00,5.879095196694386,5.934718182601636,5.760594248343575,5.787196636199951,44100,0.0,0.0
2006-12-06 00:00:00-05:00,6.012107436027848,7.107636404038101,6.012107436027848,6.752133846282959,348000,0.0,0.0
2006-12-07 00:00:00-05:00,6.771478849295008,6.771478849295008,6.6191205423203545,6.655396461486816,108300,0.0,0.0
2006-12-08 00:00:00-05:00,6.679581363335424,6.713438384168693,6.529641250186945,6.648141860961914,78000,0.0,0.0
2006-12-11 00:00:00-05:00,6.696511436039313,6.783573953061504,6.631215586131491,6.771481513977051,143700,0.0,0.0
2006-12-12 00:00:00-05:00,6.727951037026378,7.269670506713555,6.727951037026378,7.255159854888916,271500,0.0,0.0
2006-12-13 00:00:00-05:00,7.255154940243004,7.521177380305979,7.18018490438102,7.463136196136475,153900,0.0,0.0
2006-12-14 00:00:00-05:00,7.496997488938086,8.125778035091907,7.347058023493446,7.393006801605225,245100,0.0,0.0
2006-12-15 00:00:00-05:00,7.43169985746708,7.78236670486287,7.378495762010769,7.46555757522583,247800,0.0,0.0
2006-12-18 00:00:00-05:00,7.5115086119135865,7.644519916274349,7.235812466364115,7.330129623413086,206700,0.0,0.0
2006-12-19 00:00:00-05:00,7.371238468022762,7.847660448614184,7.187441355909418,7.845241546630859,140700,0.0,0.0
2006-12-20 00:00:00-05:00,7.874263832175001,8.082245147115643,7.743670784764702,8.021785736083984,212400,0.0,0.0
2006-12-21 00:00:00-05:00,7.704978517119812,8.09917527330207,7.564712594201968,7.837989807128906,261600,0.0,0.0
2006-12-22 00:00:00-05:00,7.8113862040615585,8.099173304763992,7.57922070976391,7.883937358856201,143400,0.0,0.0
2006-12-26 00:00:00-05:00,7.704980152289113,8.00969694011179,7.702561940806331,7.9081244468688965,236100,0.0,0.0
2006-12-27 00:00:00-05:00,7.983092722094218,8.099175149733451,7.782367376564097,7.818642616271973,296400,0.0,0.0
2006-12-28 00:00:00-05:00,7.835572496602751,7.975838435639589,7.784785908970093,7.859755992889404,121200,0.0,0.0
2006-12-29 00:00:00-05:00,7.871845475381802,7.905702495843772,7.591312318896285,7.634842872619629,279000,0.0,0.0
2007-01-03 00:00:00-05:00,7.939561750243893,8.099175439919575,7.6783762786975815,7.80413293838501,506700,0.0,0.0
2007-01-04 00:00:00-05:00,7.738834934838154,7.763018424272393,7.56229241758295,7.733997821807861,279900,0.0,0.0
2007-01-05 00:00:00-05:00,7.6493556526785955,7.738836379241197,7.359149573868222,7.45588493347168,197400,0.0,0.0
2007-01-08 00:00:00-05:00,7.417186840939513,7.709811666884576,7.293849150129973,7.405095100402832,219300,0.0,0.0
2007-01-09 00:00:00-05:00,7.40510010520361,7.509090804675272,7.267252370965575,7.47523307800293,111300,0.0,0.0
2007-01-10 00:00:00-05:00,7.417188193566226,7.501831776569914,7.363983418453405,7.494576454162598,142200,0.0,0.0
2007-01-11 00:00:00-05:00,7.4824855246744795,7.496996172408041,7.395423713990411,7.48974084854126,194700,0.0,0.0
2007-01-12 00:00:00-05:00,7.4583042725404125,7.5187637084604875,7.3083640965239365,7.4849066734313965,95100,0.0,0.0
2007-01-16 00:00:00-05:00,7.4945763338249,7.73883354633947,7.4897392216624805,7.712231159210205,371100,0.0,0.0
2007-01-17 00:00:00-05:00,7.695303798290985,7.765436748967954,7.550200783835663,7.584057807922363,355500,0.0,0.0
2007-01-18 00:00:00-05:00,7.574386900185951,7.630010606564575,7.460722659804305,7.545366287231445,92400,0.0,0.0
2007-01-19 00:00:00-05:00,7.5453683350993,7.581644284114486,7.448633624235766,7.518765926361084,90300,0.0,0.0
2007-01-22 00:00:00-05:00,7.455884000274379,7.559874671808828,7.3156174004525525,7.395423889160156,108300,0.0,0.0
2007-01-23 00:00:00-05:00,7.41235443492244,7.509089795404454,7.366404273811139,7.496997356414795,102600,0.0,0.0
2007-01-24 00:00:00-05:00,7.528435123147821,7.5864763259887695,7.436536206030127,7.5864763259887695,80400,0.0,0.0
2007-01-25 00:00:00-05:00,7.56471088918804,7.581639054065535,7.359147781176555,7.412352561950684,71100,0.0,0.0
2007-01-26 00:00:00-05:00,7.274507083114376,7.36640534295729,7.035086858195925,7.214046955108643,134700,0.0,0.0
2007-01-29 00:00:00-05:00,7.151168459342327,7.588896496060058,7.143913826043212,7.564713001251221,116100,0.0,0.0
2007-01-30 00:00:00-05:00,7.545363933842161,7.753345966339111,7.36156677578972,7.753345966339111,133200,0.0,0.0
2007-01-31 00:00:00-05:00,7.675956722537213,7.837988594837626,7.603404869424349,7.767855644226074,139200,0.0,0.0
2007-02-01 00:00:00-05:00,7.837987980036341,7.966162126322076,7.808967379448682,7.925049781799316,279000,0.0,0.0
2007-02-02 00:00:00-05:00,7.966163934561616,8.157216438107133,7.900868087347153,8.091919898986816,326100,0.0,0.0
2007-02-05 00:00:00-05:00,8.128191896032504,8.154794279374409,7.980670720618244,8.004854202270508,165300,0.0,0.0
2007-02-06 00:00:00-05:00,7.944398287217496,8.041133640023949,7.879101751096685,8.002439498901367,137700,0.0,0.0
2007-02-07 00:00:00-05:00,7.765437145429138,8.041133232922677,7.455884032120344,7.5574564933776855,167700,0.0,0.0
2007-02-08 00:00:00-05:00,7.603405822483411,7.794458321595551,7.513925792079868,7.552619934082031,147900,0.0,0.0
2007-02-09 00:00:00-05:00,7.545364879609095,7.738836288452148,7.545364879609095,7.738836288452148,87900,0.0,0.0
2007-02-12 00:00:00-05:00,7.76543842409387,7.896031511227497,7.671121271375795,7.683213710784912,156600,0.0,0.0
2007-02-13 00:00:00-05:00,7.717064918703284,7.966157751350966,7.717064918703284,7.847657203674316,97500,0.0,0.0
2007-02-14 00:00:00-05:00,7.8694286991834135,7.8839386557669595,7.661447350208098,7.70981502532959,77100,0.0,0.0
2007-02-15 00:00:00-05:00,7.8283163499279835,7.8379898858092805,7.671120872927502,7.678376197814941,43500,0.0,0.0
2007-02-16 00:00:00-05:00,7.702557528870135,7.804129963933509,7.499413350648996,7.770272254943848,69300,0.0,0.0
2007-02-20 00:00:00-05:00,7.765438159789603,7.910541200607188,7.586478088734188,7.891194820404053,123900,0.0,0.0
2007-02-21 00:00:00-05:00,7.898447821321124,8.065316096184267,7.816221751193845,7.9008660316467285,99000,0.0,0.0
2007-02-22 00:00:00-05:00,7.857335614424039,7.879100893459894,7.714650811589246,7.835570335388184,111600,0.0,0.0
2007-02-23 00:00:00-05:00,7.8089672149097,7.8089672149097,7.671118846093586,7.704976558685303,42300,0.0,0.0
2007-02-26 00:00:00-05:00,7.7775299609405115,7.7775299609405115,7.279341857131795,7.569548606872559,127500,0.0,0.0
2007-02-27 00:00:00-05:00,7.460720168343999,7.668701504350235,7.134238208655895,7.209208965301514,152700,0.0,0.0
2007-02-28 00:00:00-05:00,7.201953150794009,7.426862637783302,7.194697827496106,7.293851375579834,107400,0.0,0.0
2007-03-01 00:00:00-05:00,7.487323752366336,7.559875618021865,7.134239343860781,7.45588493347168,125100,0.0,0.0
2007-03-02 00:00:00-05:00,7.496998286083226,7.576804795400858,7.206792168650054,7.255159854888916,132000,0.0,0.0
2007-03-05 00:00:00-05:00,7.206789371686021,7.349474163691007,6.71827558431335,6.87305212020874,193500,0.0,0.0
2007-03-06 00:00:00-05:00,6.95044034032259,7.267249424935261,6.95044034032259,7.163258075714111,59400,0.0,0.0
2007-03-07 00:00:00-05:00,7.1197261148615585,7.284176858521371,7.0157361598873855,7.085869789123535,83400,0.0,0.0
2007-03-08 00:00:00-05:00,7.129401827291577,7.344637796388685,7.068941717892157,7.303525447845459,70800,0.0,0.0
2007-03-09 00:00:00-05:00,7.390588738293463,7.448629951335316,7.23823038108214,7.429282188415527,102000,0.0,0.0
2007-03-12 00:00:00-04:00,7.347058865185364,7.521182537078857,7.286598737959536,7.521182537078857,73500,0.0,0.0
2007-03-13 00:00:00-04:00,7.494578359493773,7.557456683166565,7.175351703377404,7.247902870178223,135600,0.0,0.0
2007-03-14 00:00:00-04:00,7.21646367131493,7.496996172408041,7.1874430677535734,7.48974084854126,68100,0.0,0.0
2007-03-15 00:00:00-04:00,7.501834453571076,7.501834453571076,7.356731413173408,7.434119701385498,471600,0.0,0.0
2007-03-16 00:00:00-04:00,7.431700453265701,7.431700453265701,7.093126708063708,7.206790924072266,210900,0.0,0.0
2007-03-19 00:00:00-04:00,7.286597890741745,7.313200288275553,7.199536064917737,7.252740859985352,107700,0.0,0.0
2007-03-20 00:00:00-04:00,7.221302128568732,7.255159854888916,7.182607979577642,7.255159854888916,81900,0.0,0.0
2007-03-21 00:00:00-04:00,7.279341503257083,7.562292914820242,7.177769733905528,7.5574564933776855,85500,0.0,0.0
2007-03-22 00:00:00-04:00,7.596149527090067,7.642098291730678,7.397841746783031,7.414770603179932,92100,0.0,0.0
2007-03-23 00:00:00-04:00,7.448626235653495,7.596147405568771,7.43411559367862,7.477646827697754,122400,0.0,0.0
2007-03-26 00:00:00-04:00,7.465558044963352,7.523599257425381,7.448629876924632,7.511507511138916,199200,0.0,0.0
2007-03-27 00:00:00-04:00,7.513926217475617,7.547783247691384,7.460721423257572,7.496997356414795,216000,0.0,0.0
2007-03-28 00:00:00-04:00,7.472811603421785,7.63242524592323,7.4486281165642225,7.622751712799072,231300,0.0,0.0
2007-03-29 00:00:00-04:00,7.656607691488554,7.71464888233995,7.596148290661408,7.666281223297119,69900,0.0,0.0
2007-03-30 00:00:00-04:00,7.557457318347066,7.7751122208543375,7.547783090594345,7.738836288452148,154200,0.0,0.0
2007-04-02 00:00:00-04:00,7.775108616536706,7.816220259945352,7.688046834274318,7.784781455993652,202800,0.0,0.0
2007-04-03 00:00:00-04:00,7.784782207435412,7.842824093118487,7.659026979489838,7.770272254943848,262800,0.0,0.0
2007-04-04 00:00:00-04:00,7.864592423277693,7.905704778532873,7.787203442935772,7.891194820404053,197400,0.0,0.0
2007-04-05 00:00:00-04:00,7.881520482313863,7.932307064819775,7.850081663552489,7.903286457061768,81300,0.0,0.0
2007-04-09 00:00:00-04:00,7.951651630775676,7.954069841016969,7.886355110921233,7.915375709533691,89400,0.0,0.0
2007-04-10 00:00:00-04:00,7.9153759152955265,8.253950266481164,7.9153759152955265,8.17414379119873,435300,0.0,0.0
2007-04-11 00:00:00-04:00,8.22251178651431,8.62638270943092,8.120939330157569,8.51513671875,722700,0.0,0.0
2007-04-12 00:00:00-04:00,8.544159253460881,8.544159253460881,8.372453807409617,8.391800880432129,528900,0.0,0.0
2007-04-13 00:00:00-04:00,8.350683731657664,9.008484528886335,8.297479657326928,8.945606231689453,426000,0.0,0.0
2007-04-16 00:00:00-04:00,7.971001881730487,8.292647497144088,7.6977239499987125,7.777531147003174,932700,0.0,0.0
2007-04-17 00:00:00-04:00,7.767855383945713,7.811386632735964,7.506669966921388,7.559874057769775,554700,0.0,0.0
2007-04-18 00:00:00-04:00,7.547781391950697,7.6928850889035685,7.545363181509671,7.598567962646484,402300,0.0,0.0
2007-04-19 00:00:00-04:00,7.526018910360275,7.7315820961472514,7.526018910360275,7.5743865966796875,220800,0.0,0.0
2007-04-20 00:00:00-04:00,7.697721404734309,7.772691462628649,7.545363078537602,7.702558517456055,350100,0.0,0.0
2007-04-23 00:00:00-04:00,7.70256035604996,7.770275106977977,7.70256035604996,7.738836288452148,161100,0.0,0.0
2007-04-24 00:00:00-04:00,7.775109379912686,7.789619332428263,7.586475153870918,7.755761623382568,315600,0.0,0.0
2007-04-25 00:00:00-04:00,7.68805022499696,7.68805022499696,7.4776506520922545,7.509089469909668,193500,0.0,0.0
2007-04-26 00:00:00-04:00,7.530852958828226,7.709813671300839,7.501832358852046,7.704976558685303,147900,0.0,0.0
2007-04-27 00:00:00-04:00,7.668700492432219,7.830732345581055,7.649353426142975,7.830732345581055,143100,0.0,0.0
2007-04-30 00:00:00-04:00,7.859752197456198,7.859752197456198,7.511505037372376,7.615495681762695,166500,0.0,0.0
2007-05-01 00:00:00-04:00,7.550200647240737,7.6662830567048825,7.376077033044518,7.533271789550781,140700,0.0,0.0
2007-05-02 00:00:00-04:00,7.530851941315797,7.830731433885509,7.513923087307239,7.808966159820557,156600,0.0,0.0
2007-05-03 00:00:00-04:00,7.760600598385534,7.876683013997602,7.6493546041377485,7.753345966339111,216900,0.0,0.0
2007-05-04 00:00:00-04:00,7.799295831606766,7.920215377460766,7.7170711216269785,7.912960052490234,80700,0.0,0.0
2007-05-07 00:00:00-04:00,7.908121463364192,7.9177949975517805,7.714650779612414,7.888774394989014,59700,0.0,0.0
2007-05-08 00:00:00-04:00,7.925051792222034,7.932307117185899,7.591314454848812,7.80413293838501,93900,0.0,0.0
2007-05-09 00:00:00-04:00,7.738833798217191,7.8815178871154785,7.738833798217191,7.8815178871154785,56100,0.0,0.0
2007-05-10 00:00:00-04:00,7.8138072977726125,7.869430308513911,7.6372647285461435,7.637264728546143,118800,0.0,0.0
2007-05-11 00:00:00-04:00,7.663862081310332,8.074988208152345,7.630005758899412,8.062895774841309,98700,0.0,0.0
2007-05-14 00:00:00-04:00,8.03387627404219,8.03387627404219,7.567128488336073,7.700139045715332,352200,0.0,0.0
2007-05-15 00:00:00-04:00,7.637264985007854,7.932308219447036,7.521182537078857,7.521182537078857,112200,0.0,0.0
2007-05-16 00:00:00-04:00,7.5308561532851686,7.649356813810713,7.334966501423745,7.600989818572998,88800,0.0,0.0
2007-05-17 00:00:00-04:00,7.642100566071468,7.642100566071468,7.330129194597112,7.385752201080322,171000,0.0,0.0
2007-05-18 00:00:00-04:00,7.4220283342259785,7.5453661093514715,7.363987109685273,7.4849066734313965,354000,0.0,0.0
2007-05-21 00:00:00-04:00,7.448630239563525,7.726743877221429,7.274505901794307,7.678376197814941,282900,0.0,0.0
2007-05-22 00:00:00-04:00,7.639676252019616,7.842821043145959,7.622748096013536,7.758176803588867,152700,0.0,0.0
2007-05-23 00:00:00-04:00,7.891196341958724,7.891196341958724,7.704980218074501,7.746093273162842,56400,0.0,0.0
2007-05-24 00:00:00-04:00,7.7533443852565895,7.799293146470376,7.334962886803786,7.419607162475586,145500,0.0,0.0
2007-05-25 00:00:00-04:00,7.255156349966164,7.533270584460784,7.255156349966164,7.494576454162598,199200,0.0,0.0
2007-05-29 00:00:00-04:00,7.574384028814051,7.57680223933371,7.400260417095505,7.453464508056641,165000,0.0,0.0
2007-05-30 00:00:00-04:00,7.206786983769824,7.233389365038763,6.6819974467054255,6.747293949127197,1375800,0.0,0.0
2007-05-31 00:00:00-04:00,6.8609622420537795,7.097963531139683,6.764226188907554,6.771481513977051,375000,0.0,0.0
2007-06-01 00:00:00-04:00,6.892398017511012,7.129399893832918,6.865795631942166,6.9576945304870605,452100,0.0,0.0
2007-06-04 00:00:00-04:00,6.892397987787692,6.977041564102319,6.771478494208858,6.819846153259277,298500,0.0,0.0
2007-06-05 00:00:00-04:00,6.812593232592003,6.856123790706293,6.6529795717262,6.713438987731934,586200,0.0,0.0
2007-06-06 00:00:00-04:00,6.68925902417659,6.795667956876162,6.68925902417659,6.7666473388671875,266700,0.0,0.0
2007-06-07 00:00:00-04:00,6.720693988387833,6.783572303860215,6.713438665082229,6.725531101226807,244800,0.0,0.0
2007-06-08 00:00:00-04:00,6.686836904748065,6.766643384659894,6.541733899496693,6.71585750579834,195000,0.0,0.0
2007-06-11 00:00:00-04:00,6.648142458654753,6.788409051046262,6.640887135000456,6.713438987731934,358800,0.0,0.0
2007-06-12 00:00:00-04:00,6.63121574531442,6.795665863370646,6.556245665577019,6.737624645233154,295800,0.0,0.0
2007-06-13 00:00:00-04:00,6.701347476520558,6.911747026489466,6.701347476520558,6.889981746673584,307200,0.0,0.0
2007-06-14 00:00:00-04:00,6.892399389740362,7.117309569001982,6.892399389740362,7.0254106521606445,224100,0.0,0.0
2007-06-15 00:00:00-04:00,7.172931578281266,7.3712386475976155,7.039919642182124,7.170512676239014,278400,0.0,0.0
2007-06-18 00:00:00-04:00,7.172933616733024,7.42202662923568,7.085871799921834,7.344638347625732,162600,0.0,0.0
2007-06-19 00:00:00-04:00,7.264832149291469,7.376078154562207,7.177770328955787,7.31561803817749,131100,0.0,0.0
2007-06-20 00:00:00-04:00,7.349475421524579,7.378496026971726,7.245484745695848,7.296271324157715,154200,0.0,0.0
2007-06-21 00:00:00-04:00,7.257579359074284,7.38333605760332,7.230977645833607,7.313202381134033,97200,0.0,0.0
2007-06-22 00:00:00-04:00,7.284179587314801,7.412354459304492,7.206791298674631,7.250321865081787,477900,0.0,0.0
2007-06-25 00:00:00-04:00,7.240647764754247,7.385751486552834,7.1221471299849455,7.223719596862793,227400,0.0,0.0
2007-06-26 00:00:00-04:00,7.24306498572134,7.526016374271479,7.24306498572134,7.506669998168945,236700,0.0,0.0
2007-06-27 00:00:00-04:00,7.555039453260734,7.673540802592204,7.3881711099568514,7.642101287841797,125400,0.0,0.0
2007-06-28 00:00:00-04:00,7.598569663951513,7.661447992836474,7.506671419465322,7.630009174346924,99000,0.0,0.0
2007-06-29 00:00:00-04:00,7.663864688268832,7.741253658543188,7.535691217103122,7.6807942390441895,143100,0.0,0.0
2007-07-02 00:00:00-04:00,7.755763570992023,7.898449073310643,7.564711778777717,7.825897216796875,178800,0.0,0.0
2007-07-03 00:00:00-04:00,7.847662799415111,7.847662799415111,7.6300086052976015,7.750927448272705,79200,0.0,0.0
2007-07-05 00:00:00-04:00,7.743674303637643,7.9105426583516785,7.6783777502604975,7.9081244468688965,119700,0.0,0.0
2007-07-06 00:00:00-04:00,7.908121699754144,8.14270542974467,7.908121699754144,8.065317153930664,131100,0.0,0.0
2007-07-09 00:00:00-04:00,8.045972451487371,8.200749048638826,7.922634677655812,8.142707824707031,78900,0.0,0.0
2007-07-10 00:00:00-04:00,8.087083010736288,8.135450686572248,7.792039842184033,7.898449420928955,184500,0.0,0.0
2007-07-11 00:00:00-04:00,7.87909599740184,7.898443745740294,7.709809599564527,7.847657203674316,88500,0.0,0.0
2007-07-12 00:00:00-04:00,7.9008669002608585,8.125776399098891,7.7872020076874895,8.11368465423584,192600,0.0,0.0
2007-07-13 00:00:00-04:00,8.05564398211572,8.130614050662102,7.912959169183597,8.123358726501465,49500,0.0,0.0
2007-07-16 00:00:00-04:00,8.137868846465851,8.24911414478114,8.09191869373377,8.237022399902344,93000,0.0,0.0
2007-07-17 00:00:00-04:00,8.2249278209926,8.268458364319423,8.00243591721368,8.00969123840332,127200,0.0,0.0
2007-07-18 00:00:00-04:00,7.980672776223562,8.077408111560057,7.835569773218817,8.016948699951172,297900,0.0,0.0
2007-07-19 00:00:00-04:00,8.060481086563001,8.30715659367844,8.060481086563001,8.145125389099121,133200,0.0,0.0
2007-07-20 00:00:00-04:00,8.123359233750376,8.149960937490812,7.804132561712603,7.939561367034912,215400,0.0,0.0
2007-07-23 00:00:00-04:00,8.055642894926853,8.609453212840274,8.007275226893302,8.478860855102539,195000,0.0,0.0
2007-07-24 00:00:00-04:00,8.43532885632806,8.527227071450783,8.009692723651483,8.079826354980469,166500,0.0,0.0
2007-07-25 00:00:00-04:00,8.142706486236765,8.34101431469289,7.915378050585052,8.145125389099121,100800,0.0,0.0
2007-07-26 00:00:00-04:00,8.002440209917223,8.253952841466688,7.763020017472342,7.854918956756592,92700,0.0,0.0
2007-07-27 00:00:00-04:00,7.81138445641025,8.142702729387748,7.750924367051559,7.789618492126465,149400,0.0,0.0
2007-07-30 00:00:00-04:00,7.767857230529046,8.22251343491201,7.765438327533761,8.074992179870605,113700,0.0,0.0
2007-07-31 00:00:00-04:00,8.159635272405794,8.379708381277174,7.978256306109343,8.128195762634277,206400,0.0,0.0
2007-08-01 00:00:00-04:00,8.104010417433335,8.104010417433335,7.763017844990879,7.883937358856201,207000,0.0,0.0
2007-08-02 00:00:00-04:00,7.915375239387519,8.029039416844796,7.632424592698762,7.770272254943848,213600,0.0,0.0
2007-08-03 00:00:00-04:00,7.765437162496096,7.908121973951909,7.509088835926739,7.542945861816406,283800,0.0,0.0
2007-08-06 00:00:00-04:00,7.666283205747472,7.823477965309808,7.356730107824966,7.707395553588867,111000,0.0,0.0
2007-08-07 00:00:00-04:00,7.613078364116204,8.162052296987056,7.482485305954572,8.050806999206543,245700,0.0,0.0
2007-08-08 00:00:00-04:00,8.706191134052853,8.85129418123922,8.4329132095891,8.669915199279785,470700,0.0,0.0
2007-08-09 00:00:00-04:00,8.529647041817702,8.778740714169006,8.401472197967356,8.643310546875,351300,0.0,0.0
2007-08-10 00:00:00-04:00,8.585266369628718,8.645726454844562,8.27813159991576,8.52480697631836,190200,0.0,0.0
2007-08-13 00:00:00-04:00,8.561088242322203,8.561088242322203,8.094339579801217,8.224932670593262,257400,0.0,0.0
2007-08-14 00:00:00-04:00,8.195911008702916,8.367615743357334,7.900867832648275,7.990347862243652,125700,0.0,0.0
2007-08-15 00:00:00-04:00,7.944398590641804,7.944398590641804,7.4123541298856805,7.4171905517578125,154500,0.0,0.0
2007-08-16 00:00:00-04:00,7.380914993983958,7.910541270632972,7.318037355026004,7.854918956756592,321300,0.0,0.0
2007-08-17 00:00:00-04:00,8.246696043189916,8.445003844589845,7.535690917951269,7.917795181274414,304200,0.0,0.0
2007-08-20 00:00:00-04:00,7.937144039391553,8.21767729248821,7.806551641341924,8.137870788574219,175500,0.0,0.0
2007-08-21 00:00:00-04:00,8.111266867891898,8.111266867891898,7.9395607607081615,8.012112617492676,105300,0.0,0.0
2007-08-22 00:00:00-04:00,8.101593190308122,8.382125693912135,8.01453137884481,8.05322551727295,176400,0.0,0.0
2007-08-23 00:00:00-04:00,8.106430711367818,8.181400787719134,7.678376228007814,7.903286457061768,96300,0.0,0.0
2007-08-24 00:00:00-04:00,7.891195341351974,8.198330304334926,7.8500822914767845,8.164472579956055,122400,0.0,0.0
2007-08-27 00:00:00-04:00,8.176562789397483,8.176562789397483,7.900866722893424,7.946815490722656,98100,0.0,0.0
2007-08-28 00:00:00-04:00,7.8911933973861075,7.934724647734336,7.596150254975843,7.707395553588867,100500,0.0,0.0
2007-08-29 00:00:00-04:00,7.73399802744544,7.937142250098517,7.509088525341689,7.917795181274414,97500,0.0,0.0
2007-08-30 00:00:00-04:00,7.830736144171836,8.120942279285812,7.830736144171836,7.9081244468688965,98100,0.0,0.0
2007-08-31 00:00:00-04:00,8.002437495157311,8.2104187975673,7.944396298006474,8.106428146362305,70500,0.0,0.0
2007-09-04 00:00:00-04:00,8.290227170205668,8.31199244933134,8.094337582357374,8.205583572387695,78600,0.0,0.0
2007-09-05 00:00:00-04:00,8.137869462768595,8.137869462768595,7.932306324732436,8.026622772216797,67800,0.0,0.0
2007-09-06 00:00:00-04:00,8.021788349460808,8.343433268194405,8.021788349460808,8.137870788574219,81600,0.0,0.0
2007-09-07 00:00:00-04:00,8.021785930398163,8.125775898481777,7.680793349403355,7.782365798950195,106200,0.0,0.0
2007-09-10 00:00:00-04:00,7.828316127780441,8.089501589163698,7.661447811539821,7.956490993499756,143400,0.0,0.0
2007-09-11 00:00:00-04:00,7.968580753314377,8.055643251534557,7.765436538580668,8.007275581359863,91800,0.0,0.0
2007-09-12 00:00:00-04:00,7.961325059927512,8.20799979896694,7.857334409944567,8.079826354980469,82800,0.0,0.0
2007-09-13 00:00:00-04:00,8.135448537212577,8.522390533577216,8.007274403086939,8.282970428466797,108900,0.0,0.0
2007-09-14 00:00:00-04:00,8.195908425545563,8.355522055509347,8.128193007089838,8.307153701782227,107700,0.0,0.0
2007-09-17 00:00:00-04:00,8.2757141241343,8.43049062755397,8.270877012449661,8.35068416595459,78000,0.0,0.0
2007-09-18 00:00:00-04:00,8.234606993366084,8.575599020022297,8.089503237786605,8.546578407287598,150600,0.0,0.0
2007-09-19 00:00:00-04:00,8.623965197383638,8.684424618830636,8.587689267753115,8.66024112701416,128400,0.0,0.0
2007-09-20 00:00:00-04:00,8.65540401350738,8.69409746203258,8.58527036504682,8.66024112701416,62700,0.0,0.0
2007-09-21 00:00:00-04:00,8.70618886315922,8.77390360085037,8.558667643308507,8.735209465026855,447300,0.0,0.0
2007-09-24 00:00:00-04:00,8.711026499120099,8.785995872850195,8.6408928547997,8.713444709777832,109200,0.0,0.0
2007-09-25 00:00:00-04:00,8.640895234608701,8.7037735723676,8.234606672170441,8.667497634887695,192600,0.0,0.0
2007-09-26 00:00:00-04:00,8.742464609259587,9.172937207424836,8.742464609259587,9.097967147827148,190800,0.0,0.0
2007-09-27 00:00:00-04:00,8.62396625726092,9.112480186193206,8.62396625726092,9.020581245422363,198000,0.0,0.0
2007-09-28 00:00:00-04:00,9.00848866189138,9.2140511161385,9.00848866189138,9.163265228271484,522600,0.0,0.0
2007-10-01 00:00:00-04:00,9.177775774182804,9.637269081053741,9.071366877970213,9.569554328918457,595500,0.0,0.0
2007-10-02 00:00:00-04:00,9.552626204461857,9.671126848275993,9.412359585573098,9.43896198272705,176700,0.0,0.0
2007-10-03 00:00:00-04:00,9.34706120286611,9.480072470527857,9.339805879270475,9.371245384216309,209400,0.0,0.0
2007-10-04 00:00:00-04:00,9.371242831355223,9.419609797068286,9.20437458554739,9.373661041259766,166200,0.0,0.0
2007-10-05 00:00:00-04:00,9.371245813262002,9.54295053351493,9.371245813262002,9.393011093139648,224400,0.0,0.0
2007-10-08 00:00:00-04:00,9.371246574551176,9.533278465270996,9.339807065611899,9.533278465270996,114900,0.0,0.0
2007-10-09 00:00:00-04:00,9.552622762801171,9.552622762801171,9.298692013664887,9.429285049438477,126300,0.0,0.0
2007-10-10 00:00:00-04:00,9.412359861283168,9.504258802541164,9.250327954479372,9.501840591430664,83700,0.0,0.0
2007-10-11 00:00:00-04:00,9.569553618150266,9.569553618150266,9.378501814888141,9.484910011291504,180900,0.0,0.0
2007-10-12 00:00:00-04:00,9.480072584256469,9.644522666931152,9.262418409022262,9.644522666931152,180600,0.0,0.0
2007-10-15 00:00:00-04:00,9.649355958808595,9.671121229331666,9.438956498670983,9.545365333557129,181500,0.0,0.0
2007-10-16 00:00:00-04:00,9.535699731294336,9.593740962216208,9.434127231228036,9.579230308532715,252300,0.0,0.0
2007-10-17 00:00:00-04:00,9.673540241509924,9.89361394225513,9.504253790644775,9.852500915527344,199800,0.0,0.0
2007-10-18 00:00:00-04:00,9.804137229270646,10.019373905595232,9.782371256222667,9.927474975585938,121200,0.0,0.0
2007-10-19 00:00:00-04:00,9.917798738354927,9.917798738354927,9.359151369962838,9.40510082244873,163200,0.0,0.0
2007-10-22 00:00:00-04:00,9.40510563186698,9.533280522340174,9.194706018809303,9.460728645324707,205500,0.0,0.0
2007-10-23 00:00:00-04:00,9.523600728940146,9.765439006954761,9.489743024065337,9.673540115356445,124500,0.0,0.0
2007-10-24 00:00:00-04:00,9.591317100109913,9.73642009193115,9.453468738950505,9.726746559143066,174300,0.0,0.0
2007-10-25 00:00:00-04:00,9.729165000880318,9.811389685582828,9.526020807496538,9.734002113342285,55800,0.0,0.0
2007-10-26 00:00:00-04:00,9.893616150403671,10.22493449657475,9.842829581094131,10.137872695922852,114600,0.0,0.0
2007-10-29 00:00:00-04:00,10.15722549652679,10.20559319085937,9.956499392070066,10.106439590454102,186000,0.0,0.0
2007-10-30 00:00:00-04:00,10.070158881470524,10.111271921127846,10.033882954910549,10.074995994567871,159000,0.0,0.0
2007-10-31 00:00:00-04:00,10.15238320440833,10.22493505486582,9.876687141337879,10.178985595703125,141000,0.0,0.0
2007-11-01 00:00:00-04:00,10.0145358718785,10.058066430163041,9.535695579314048,9.644522666931152,177300,0.0,0.0
2007-11-02 00:00:00-04:00,9.673543864961525,9.721911539312456,9.320460188152623,9.709819793701172,213000,0.0,0.0
2007-11-05 00:00:00-05:00,9.542950509035771,9.738840103149414,9.310785679187696,9.738840103149414,31800,0.0,0.0
2007-11-06 00:00:00-05:00,9.770276932364949,10.529649534541914,9.32529377184393,10.454679489135742,424200,0.0,0.0
2007-11-07 00:00:00-05:00,10.282977156476045,10.379713196169178,10.082251136840853,10.215262413024902,200100,0.0,0.0
2007-11-08 00:00:00-05:00,10.32650959022006,10.585277557373047,10.174151216841267,10.585277557373047,189600,0.0,0.0
2007-11-09 00:00:00-05:00,10.418409102742757,10.711034117805736,10.246703646911065,10.650574684143066,153000,0.0,0.0
2007-11-12 00:00:00-05:00,10.660243651031392,10.701356687518281,10.2394445959594,10.280557632446289,107700,0.0,0.0
2007-11-13 00:00:00-05:00,10.401480310509573,10.50788851993254,10.10159998758593,10.498215675354004,113100,0.0,0.0
2007-11-14 00:00:00-05:00,10.59978740785643,10.59978740785643,10.336183712990445,10.411153793334961,125100,0.0,0.0
2007-11-15 00:00:00-05:00,10.614295393849016,10.61671360437412,10.191078108103863,10.266047477722168,103500,0.0,0.0
2007-11-16 00:00:00-05:00,10.295067624334644,10.295067624334644,9.893616326790948,10.029045104980469,103500,0.0,0.0
2007-11-19 00:00:00-05:00,9.912962656357882,9.912962656357882,9.359152342627171,9.620338439941406,84600,0.0,0.0
2007-11-20 00:00:00-05:00,9.605831707449662,9.605831707449662,9.310788468509266,9.460728645324707,136800,0.0,0.0
2007-11-21 00:00:00-05:00,9.409937963102378,9.99518702878672,9.409937963102378,9.719491004943848,78300,0.0,0.0
2007-11-23 00:00:00-05:00,9.823483878623303,9.823483878623303,9.513930074740516,9.690472602844238,18900,0.0,0.0
2007-11-26 00:00:00-05:00,9.69047040727121,9.782368620615085,9.54536741890802,9.719491004943848,114900,0.0,0.0
2007-11-27 00:00:00-05:00,9.576811569063564,9.89845722495771,9.576811569063564,9.811394691467285,73500,0.0,0.0
2007-11-28 00:00:00-05:00,9.92021897879043,9.934728934599706,9.692890571897058,9.86701488494873,190500,0.0,0.0
2007-11-29 00:00:00-05:00,9.830735514995089,9.830735514995089,9.64693842370398,9.673540115356445,163800,0.0,0.0
2007-11-30 00:00:00-05:00,9.79446575912358,10.147550212998881,9.736424535903474,9.879109382629395,239700,0.0,0.0
2007-12-03 00:00:00-05:00,9.944401162812898,10.15238176699324,9.654195185882914,9.65903091430664,99300,0.0,0.0
2007-12-04 00:00:00-05:00,9.683215113161834,9.683215113161834,9.240650164102407,9.400263786315918,218100,0.0,0.0
2007-12-05 00:00:00-05:00,10.019372882521605,10.084668719280772,9.67838028388582,9.871850967407227,271800,0.0,0.0
2007-12-06 00:00:00-05:00,9.871851352973579,10.350692351249835,9.871851352973579,10.08466911315918,306600,0.0,0.0
2007-12-07 00:00:00-05:00,10.094342166215885,10.495794868911835,10.01211747238279,10.31441593170166,158100,0.0,0.0
2007-12-10 00:00:00-05:00,10.348275513892181,10.662665795589536,10.348275513892181,10.498215675354004,199800,0.0,0.0
2007-12-11 00:00:00-05:00,10.519976739236656,10.558670869651754,10.065320014953613,10.065320014953613,143400,0.0,0.0
2007-12-12 00:00:00-05:00,10.43049654386343,10.541741820808781,10.237025203439279,10.464353561401367,183000,0.0,0.0
2007-12-13 00:00:00-05:00,10.353111457595848,10.652991054710103,10.191079566823786,10.614296913146973,180600,0.0,0.0
2007-12-14 00:00:00-05:00,10.415984897809444,10.65298676541052,10.415984897809444,10.500628471374512,138600,0.0,0.0
2007-12-17 00:00:00-05:00,10.370037405789326,10.442589251642653,10.13303618540057,10.181403160095215,236700,0.0,0.0
2007-12-18 00:00:00-05:00,10.324087044461224,10.563507838025641,10.183821169569804,10.488537788391113,512100,0.0,0.0
2007-12-19 00:00:00-05:00,10.42808143275999,10.701359342066663,10.42808143275999,10.587695121765137,155700,0.0,0.0
2007-12-20 00:00:00-05:00,10.71345117672471,10.769073486328125,10.408734465766102,10.769073486328125,138900,0.0,0.0
2007-12-21 00:00:00-05:00,10.911758898901189,11.02784132996835,10.815023539678554,10.989147186279297,499200,0.0,0.0
2007-12-24 00:00:00-05:00,11.073789958000555,11.197127704623718,10.848879745950724,11.131831169128418,78000,0.0,0.0
2007-12-26 00:00:00-05:00,11.035098464242024,11.366417642833264,11.01333317782468,11.148762702941895,216900,0.0,0.0
2007-12-27 00:00:00-05:00,10.935940143480742,11.14633967949206,10.667499403873595,10.708612442016602,84600,0.0,0.0
2007-12-28 00:00:00-05:00,10.769069137082713,11.354318138193168,10.461934339292169,10.59978199005127,80400,0.0,0.0
2007-12-31 00:00:00-05:00,10.534488435887488,10.882735644393339,10.534488435887488,10.657825469970703,90000,0.0,0.0
2008-01-02 00:00:00-05:00,10.619135220345129,10.764238267515887,10.386969652966007,10.466776847839355,129300,0.0,0.0
2008-01-03 00:00:00-05:00,10.599785420659414,11.066533985053816,10.386967658996582,10.386967658996582,276600,0.0,0.0
2008-01-04 00:00:00-05:00,10.25395826263894,10.440174357122292,10.159641109836453,10.169315338134766,121200,0.0,0.0
2008-01-07 00:00:00-05:00,10.237027751252475,10.350692650428297,9.78962624627391,9.932311058044434,108000,0.0,0.0
2008-01-08 00:00:00-05:00,9.958914839383153,10.35794800616228,9.958914839383153,10.108854293823242,226200,0.0,0.0
2008-01-09 00:00:00-05:00,10.055646935013854,10.222515898869947,9.680797356766984,10.140291213989258,174300,0.0,0.0
2008-01-10 00:00:00-05:00,9.758186851465135,10.270884859095137,9.758186851465135,10.082250595092773,116700,0.0,0.0
2008-01-11 00:00:00-05:00,10.024212272829105,10.12578475771649,9.772700309753418,9.772700309753418,98400,0.0,0.0
2008-01-14 00:00:00-05:00,9.857341350440624,9.886361953964942,9.673543502880847,9.86701488494873,90000,0.0,0.0
2008-01-15 00:00:00-05:00,9.709822997134236,9.782374186643588,9.67354705642655,9.736425399780273,216000,0.0,0.0
2008-01-16 00:00:00-05:00,9.729166499278897,10.104016826350207,9.581645271006723,9.86701488494873,282300,0.0,0.0
2008-01-17 00:00:00-05:00,9.917803286978016,9.983099834467627,9.651780674490091,9.724331855773926,115500,0.0,0.0
2008-01-18 00:00:00-05:00,9.721911835728266,9.900872582236023,9.661452413922675,9.68079948425293,173400,0.0,0.0
2008-01-22 00:00:00-05:00,9.274507481786978,9.700143590914491,8.614288389553334,9.654194831848145,128700,0.0,0.0
2008-01-23 00:00:00-05:00,9.182610677014598,9.746094533385417,9.006068168243118,9.702563285827637,419100,0.0,0.0
2008-01-24 00:00:00-05:00,9.71707459126509,9.79204465542288,9.192284834066333,9.446215629577637,138900,0.0,0.0
2008-01-25 00:00:00-05:00,9.564717648708273,9.673544753011962,9.192286176063265,9.31320571899414,105600,0.0,0.0
2008-01-28 00:00:00-05:00,9.274510675327614,9.692891606384823,9.264837831692924,9.368827819824219,172200,0.0,0.0
2008-01-29 00:00:00-05:00,9.194702536998806,9.673542806638963,9.068946597444565,9.630011558532715,141000,0.0,0.0
2008-01-30 00:00:00-05:00,9.540533307749872,9.81864762923946,9.284184960290693,9.30111312866211,195900,0.0,0.0
2008-01-31 00:00:00-05:00,9.11489745210583,9.654198642444918,9.11489745210583,9.600993156433105,101400,0.0,0.0
2008-02-01 00:00:00-05:00,9.63485008690388,9.707401947104742,9.303530986242196,9.521185874938965,120900,0.0,0.0
2008-02-04 00:00:00-05:00,9.538111041203207,9.673540482024743,9.438957516435256,9.540529251098633,150900,0.0,0.0
2008-02-05 00:00:00-05:00,9.310783642608202,9.516346726335332,8.96737289428711,8.96737289428711,129600,0.0,0.0
2008-02-06 00:00:00-05:00,9.64694287266003,9.67354457658061,9.068948256764898,9.671126365661621,300300,0.0,0.0
2008-02-07 00:00:00-05:00,9.644522204900385,9.789625212073796,9.30111140863712,9.559879302978516,162900,0.0,0.0
2008-02-08 00:00:00-05:00,9.52844196283044,9.52844196283044,9.088295728505463,9.197123527526855,108600,0.0,0.0
2008-02-11 00:00:00-05:00,9.238232343583043,9.43170369602724,9.090711137898824,9.32045841217041,144000,0.0,0.0
2008-02-12 00:00:00-05:00,9.327717119105614,9.368829479459219,9.090715110426201,9.151174545288086,168000,0.0,0.0
2008-02-13 00:00:00-05:00,9.260001012603805,9.414778278082782,9.05685606788323,9.339807510375977,201900,0.0,0.0
2008-02-14 00:00:00-05:00,9.34464494871611,9.34464494871611,8.877896308898926,8.877896308898926,275100,0.0,0.0
2008-02-15 00:00:00-05:00,8.824690748944771,9.148754528976303,8.817435424459093,8.984304428100586,190500,0.0,0.0
2008-02-19 00:00:00-05:00,9.122152766948087,9.301113529216437,9.025417406777592,9.228562355041504,148200,0.0,0.0
2008-02-20 00:00:00-05:00,9.146335367307692,9.274509524336475,8.974629959795958,9.230978965759277,177900,0.0,0.0
2008-02-21 00:00:00-05:00,9.315625583199754,9.533280522340174,9.052021859982581,9.460728645324707,180600,0.0,0.0
2008-02-22 00:00:00-05:00,9.484906027340989,9.542947214766926,9.119730050143087,9.204374313354492,109200,0.0,0.0
2008-02-25 00:00:00-05:00,9.187447407073272,9.591318317102866,9.187447407073272,9.390591621398926,126300,0.0,0.0
2008-02-26 00:00:00-05:00,9.29144197139904,9.615505126880093,9.247910707342974,9.441381454467773,81900,0.0,0.0
2008-02-27 00:00:00-05:00,9.361573182606856,9.661453498289083,9.24549074759666,9.576809883117676,97500,0.0,0.0
2008-02-28 00:00:00-05:00,9.48007300059209,9.675962597192644,9.262418815799183,9.542950630187988,87300,0.0,0.0
2008-02-29 00:00:00-05:00,9.409936887222685,9.545366327544082,9.175353230593963,9.218884468078613,101700,0.0,0.0
2008-03-03 00:00:00-05:00,9.216465362519648,9.526019054030176,8.972208871745213,9.204374313354492,109500,0.0,0.0
2008-03-04 00:00:00-05:00,9.090712055069154,9.33255040514162,8.931099089974191,9.105222702026367,116700,0.0,0.0
2008-03-05 00:00:00-05:00,9.168100633956044,9.318040058750949,8.974629270117756,9.177773475646973,82500,0.0,0.0
2008-03-06 00:00:00-05:00,9.37366211981639,9.37366211981639,8.899659020614,8.919005393981934,57000,0.0,0.0
2008-03-07 00:00:00-05:00,8.80534551625801,9.185031655017273,8.71102836138539,8.928683280944824,86400,0.0,0.0
2008-03-10 00:00:00-04:00,8.998815523215331,9.042346783728828,8.810181906072607,8.935937881469727,97500,0.0,0.0
2008-03-11 00:00:00-04:00,9.2237231384344,9.673542806638963,8.679586342587726,9.630011558532715,249000,0.0,0.0
2008-03-12 00:00:00-04:00,9.651775615575236,9.683215113161834,9.37124319063215,9.400263786315918,162300,0.0,0.0
2008-03-13 00:00:00-04:00,9.274509033571233,9.68321704864502,9.206794296774275,9.68321704864502,97200,0.0,0.0
2008-03-14 00:00:00-04:00,9.731584071661569,9.903289470895203,9.523603439331055,9.523603439331055,296700,0.0,0.0
2008-03-17 00:00:00-04:00,9.272091106645334,9.559879611715564,8.578014168368437,8.817434310913086,248400,0.0,0.0
2008-03-18 00:00:00-04:00,9.083457497035617,9.429286513415494,8.911751402211879,9.284183502197266,210300,0.0,0.0
2008-03-19 00:00:00-04:00,9.390592286563091,9.673543695488286,9.322878235563879,9.349480628967285,118200,0.0,0.0
2008-03-20 00:00:00-04:00,9.482490356829034,9.804135875543873,9.168100853367445,9.68321704864502,372000,0.0,0.0
2008-03-24 00:00:00-04:00,9.704981291596727,9.750930053449949,9.42928526094918,9.66628646850586,168000,0.0,0.0
2008-03-25 00:00:00-04:00,9.690472602844238,9.833157413372584,9.550206003026767,9.690472602844238,130200,0.0,0.0
2008-03-26 00:00:00-04:00,9.663867461213123,9.678378105163574,9.206792555357692,9.678378105163574,103200,0.0,0.0
2008-03-27 00:00:00-04:00,9.663868703299462,9.697726415598485,9.603409293514833,9.649358749389648,193200,0.0,0.0
2008-03-28 00:00:00-04:00,9.49216694205005,9.644525321797415,9.4583099087206,9.567137718200684,211200,0.0,0.0
2008-03-31 00:00:00-04:00,9.6058294812047,9.64694252487457,9.21888807188228,9.521185874938965,91500,0.0,0.0
2008-04-01 00:00:00-04:00,9.318041569607757,9.743677808779161,9.318041569607757,9.68079948425293,147300,0.0,0.0
2008-04-02 00:00:00-04:00,9.67354501715364,10.118528366088867,9.475237874647842,10.118528366088867,598500,0.0,0.0
2008-04-03 00:00:00-04:00,9.915381322942949,10.157219655534739,9.828319523209904,10.149964332580566,536400,0.0,0.0
2008-04-04 00:00:00-04:00,10.05806646196028,10.60220328557751,9.95891360021045,10.391803741455078,536400,0.0,0.0
2008-04-07 00:00:00-04:00,9.881525863403505,10.203170746108821,9.879107652502658,10.108854293823242,327300,0.0,0.0
2008-04-08 00:00:00-04:00,9.949240720116876,10.15722208177893,9.915383691419475,10.096762657165527,217800,0.0,0.0
2008-04-09 00:00:00-04:00,9.91538198473215,10.096760919258314,9.91538198473215,10.048393249511719,197100,0.0,0.0
2008-04-10 00:00:00-04:00,9.91538156477696,10.282975839282027,9.91538156477696,10.188658714294434,318000,0.0,0.0
2008-04-11 00:00:00-04:00,9.91538187714888,10.084668373472319,9.857340674082721,9.876687049865723,245100,0.0,0.0
2008-04-14 00:00:00-04:00,9.67354240443244,9.961330196346202,9.634848270793807,9.91538143157959,226200,0.0,0.0
2008-04-15 00:00:00-04:00,9.792048307465649,9.915386089353404,9.610669297854953,9.811394691467285,178500,0.0,0.0
2008-04-16 00:00:00-04:00,9.92505955347905,10.20801036354714,9.770282947369187,10.026631355285645,122400,0.0,0.0
2008-04-17 00:00:00-04:00,10.004862787752796,10.01211811176191,9.767860841399438,9.789626121520996,73500,0.0,0.0
2008-04-18 00:00:00-04:00,9.992772925839303,10.217683184746688,9.673546198128712,9.879109382629395,167400,0.0,0.0
2008-04-21 00:00:00-04:00,9.821064810521795,10.154802076189235,9.821064810521795,10.024209022521973,111900,0.0,0.0
2008-04-22 00:00:00-04:00,9.956497360426205,10.033885655567092,9.530861737151334,9.760607719421387,284400,0.0,0.0
2008-04-23 00:00:00-04:00,9.782369937251703,9.881524178241216,9.690471711538988,9.837993621826172,129900,0.0,0.0
2008-04-24 00:00:00-04:00,9.86217901767306,10.307162353168344,9.816229549978123,10.270886421203613,244800,0.0,0.0
2008-04-25 00:00:00-04:00,10.33376012529766,10.386964897521251,9.43412095281317,10.183820724487305,75000,0.0,0.0
2008-04-28 00:00:00-04:00,10.154803483132103,10.459520189303577,10.154803483132103,10.324090003967285,78600,0.0,0.0
2008-04-29 00:00:00-04:00,10.348277910954131,10.348277910954131,10.029050441116155,10.062908172607422,117000,0.0,0.0
2008-04-30 00:00:00-04:00,10.101598347344714,10.285396202610968,10.043557137862463,10.174149513244629,153000,0.0,0.0
2008-05-01 00:00:00-04:00,10.183824329968216,10.282977895600808,10.058067676899682,10.239446640014648,116100,0.0,0.0
2008-05-02 00:00:00-04:00,10.253958871635897,10.350694933211203,9.310787979500674,10.058069229125977,142500,0.0,0.0
2008-05-05 00:00:00-04:00,10.09192664043556,10.09192664043556,9.6928927340366,9.753352165222168,105000,0.0,0.0
2008-05-06 00:00:00-04:00,9.743676478435063,10.253955561701474,9.342224477941272,9.876687049865723,151500,0.0,0.0
2008-05-07 00:00:00-04:00,10.423241466844203,11.53569841390941,10.423241466844203,11.298696517944336,956400,0.0,0.0
2008-05-08 00:00:00-04:00,11.298698863066935,12.079837651854792,11.180198236441596,11.997612953186035,452100,0.0,0.0
2008-05-09 00:00:00-04:00,11.92264251970098,12.425667719616733,11.789631933410476,11.96133804321289,441600,0.0,0.0
2008-05-12 00:00:00-04:00,12.077418302883597,12.091928948629628,11.825905055990242,11.954080581665039,369000,0.0,0.0
2008-05-13 00:00:00-04:00,11.811396157264939,12.17415400920268,11.402688848259356,11.920223236083984,591900,0.0,0.0
2008-05-14 00:00:00-04:00,11.91538512362617,12.37729720086149,11.91538512362617,12.14029598236084,302100,0.0,0.0
2008-05-15 00:00:00-04:00,12.118531307130803,12.331350445003823,11.683221572826485,12.043561935424805,187800,0.0,0.0
2008-05-16 00:00:00-04:00,12.116112983220786,12.116112983220786,11.734006674967583,12.033886909484863,110700,0.0,0.0
2008-05-19 00:00:00-04:00,12.05323564311714,12.188665132697189,11.765448496688885,11.871856689453125,225600,0.0,0.0
2008-05-20 00:00:00-04:00,11.813815246689671,12.188664892362516,11.661457592845636,12.079837799072266,225900,0.0,0.0
2008-05-21 00:00:00-04:00,12.15722809047791,12.447435565724131,12.000033989166639,12.377301216125488,297900,0.0,0.0
2008-05-22 00:00:00-04:00,12.377296464015336,12.66508492574402,12.353112978300368,12.621554374694824,273000,0.0,0.0
2008-05-23 00:00:00-04:00,12.549003832046065,12.599789710826261,12.457104916247895,12.556259155273438,223500,0.0,0.0
2008-05-27 00:00:00-04:00,12.640901995533795,12.793261023297188,12.420830304429302,12.684433937072754,220800,0.0,0.0
2008-05-28 00:00:00-04:00,12.783588889927628,12.783588889927628,12.512729918674674,12.737639427185059,126600,0.0,0.0
2008-05-29 00:00:00-04:00,12.67960162678305,13.093145518797185,12.594958002541546,13.020593643188477,311700,0.0,0.0
2008-05-30 00:00:00-04:00,13.032683113563554,13.240664474838836,12.819865330443001,12.931111335754395,447900,0.0,0.0
2008-06-02 00:00:00-04:00,12.938364684779867,12.938364684779867,12.575606770555915,12.865814208984375,188700,0.0,0.0
2008-06-03 00:00:00-04:00,12.933531675207796,13.233410620099823,12.802938584197666,13.071378707885742,179100,0.0,0.0
2008-06-04 00:00:00-04:00,13.001240661834913,13.422039688611916,12.974638273404098,13.228569030761719,286800,0.0,0.0
2008-06-05 00:00:00-04:00,13.180204608286884,13.315632711173105,12.469198073359031,12.8174467086792,389100,0.0,0.0
2008-06-06 00:00:00-04:00,12.727966421555326,12.817447836834528,12.357953165330585,12.437760353088379,159000,0.0,0.0
2008-06-09 00:00:00-04:00,12.430501387199934,12.686851043780036,12.217683665997063,12.459521293640137,171000,0.0,0.0
2008-06-10 00:00:00-04:00,12.33618771906504,12.493383198472898,12.191085370529263,12.3942289352417,216300,0.0,0.0
2008-06-11 00:00:00-04:00,12.34102193446507,12.52240085522356,12.053233456435423,12.077418327331543,334800,0.0,0.0
2008-06-12 00:00:00-04:00,12.091929805017353,12.319256813352203,12.041142541309341,12.149971008300781,204000,0.0,0.0
2008-06-13 00:00:00-04:00,12.23945111560694,12.432921794670845,12.113694482309675,12.246705055236816,243600,0.0,0.0
2008-06-16 00:00:00-04:00,12.23461333973288,12.493380546569824,12.195919203828504,12.493380546569824,136800,0.0,0.0
2008-06-17 00:00:00-04:00,12.486123964885472,12.594952421984916,12.137876776838935,12.512727737426758,91800,0.0,0.0
2008-06-18 00:00:00-04:00,12.428086598205194,12.788427024423907,12.365208960265718,12.669925689697266,109500,0.0,0.0
2008-06-19 00:00:00-04:00,12.662669278846776,12.865814208984375,12.621557619324989,12.865814208984375,143400,0.0,0.0
2008-06-20 00:00:00-04:00,12.790846059174628,12.87790858524791,12.57802824232116,12.827122688293457,262200,0.0,0.0
2008-06-23 00:00:00-04:00,12.877907644568255,12.974643008799154,12.68927333836505,12.703783988952637,102900,0.0,0.0
2008-06-24 00:00:00-04:00,12.616721026349687,12.844049470265261,12.50063859334749,12.565935134887695,91800,0.0,0.0
2008-06-25 00:00:00-04:00,12.532078877106045,12.68927437576202,12.198342189178135,12.36521053314209,143400,0.0,0.0
2008-06-26 00:00:00-04:00,12.24670765916826,12.253962984152237,11.671131920619652,11.804143905639648,178800,0.0,0.0
2008-06-27 00:00:00-04:00,11.79930656990725,12.0822587203093,11.671132385644098,12.067748069763184,321600,0.0,0.0
2008-06-30 00:00:00-04:00,12.089511192180794,12.331350236893229,11.9008769310387,12.191082954406738,213900,0.0,0.0
2008-07-01 00:00:00-04:00,11.772703234872989,12.333768235204582,11.772703234872989,12.237032890319824,197700,0.0,0.0
2008-07-02 00:00:00-04:00,12.154807923849432,12.154807923849432,11.68080538235602,11.7340087890625,171900,0.0,0.0
2008-07-03 00:00:00-04:00,11.782378404053558,11.867022020518245,11.436549304825244,11.695317268371582,89700,0.0,0.0
2008-07-07 00:00:00-04:00,11.717079506540658,11.77995851835898,11.470404723882488,11.620344161987305,117600,0.0,0.0
2008-07-08 00:00:00-04:00,11.671129620376187,11.980682711687246,11.31804597155238,11.975846290588379,204900,0.0,0.0
2008-07-09 00:00:00-04:00,11.862184199926816,12.0870937217061,11.571977450271655,11.65178394317627,157800,0.0,0.0
2008-07-10 00:00:00-04:00,11.504264165128873,12.007288062472378,11.504264165128873,11.869441032409668,89400,0.0,0.0
2008-07-11 00:00:00-04:00,11.99036114356583,12.720713570517082,11.80414571973151,12.71829605102539,208800,0.0,0.0
2008-07-14 00:00:00-04:00,12.865814961432472,13.059285675825361,12.454690039300507,12.952876091003418,212700,0.0,0.0
2008-07-15 00:00:00-04:00,12.735220787438381,13.289031870569554,12.682015999605516,13.177785873413086,378600,0.0,0.0
2008-07-16 00:00:00-04:00,13.252754595891174,13.347072421270072,13.061701426413098,13.250335693359375,600900,0.0,0.0
2008-07-17 00:00:00-04:00,13.301122247340146,13.332562446594238,13.124581100331344,13.332562446594238,104700,0.0,0.0
2008-07-18 00:00:00-04:00,13.400277437653283,13.4631564567545,13.105234948545458,13.269685745239258,103800,0.0,0.0
2008-07-21 00:00:00-04:00,13.434135158121373,13.434135158121373,13.006080689964515,13.269685745239258,138900,0.0,0.0
2008-07-22 00:00:00-04:00,13.14876251616148,13.412367511362268,12.831954125277488,13.388182640075684,231000,0.0,0.0
2008-07-23 00:00:00-04:00,13.342239156525023,13.835590271222298,13.303545005717863,13.598588943481445,268200,0.0,0.0
2008-07-24 00:00:00-04:00,13.661462291817202,13.661462291817202,13.422042136093403,13.460736274719238,104100,0.0,0.0
2008-07-25 00:00:00-04:00,13.540542979356845,13.821074782643064,13.540542979356845,13.721921920776367,163800,0.0,0.0
2008-07-28 00:00:00-04:00,13.714668768927902,13.835587621085887,13.659046456726276,13.70015811920166,78900,0.0,0.0
2008-07-29 00:00:00-04:00,13.80173054873957,14.021805056439446,13.458319664001465,13.458319664001465,197100,0.0,0.0
2008-07-30 00:00:00-04:00,13.53570607527661,13.680808392948924,13.218896280909993,13.276937484741211,209400,0.0,0.0
2008-07-31 00:00:00-04:00,13.27210319059564,13.27210319059564,12.532076685297943,12.696527481079102,297000,0.0,0.0
2008-08-01 00:00:00-04:00,12.686852376587144,12.865812405900876,12.326512031769417,12.578023910522461,132000,0.0,0.0
2008-08-04 00:00:00-04:00,12.67960186829625,12.67960186829625,12.091934293914843,12.096769332885742,186300,0.0,0.0
2008-08-05 00:00:00-04:00,12.324094555426223,12.56593220930393,12.101602585399755,12.164480209350586,248700,0.0,0.0
2008-08-06 00:00:00-04:00,11.983101277036589,13.049610284682213,11.978264856073778,12.164480209350586,737400,0.0,0.0
2008-08-07 00:00:00-04:00,12.033889154082216,12.033889154082216,11.545375268562386,11.750938415527344,412200,0.0,0.0
2008-08-08 00:00:00-04:00,11.702570262493758,12.437760353088379,11.700152743472172,12.437760353088379,255000,0.0,0.0
2008-08-11 00:00:00-04:00,12.401478764033158,12.877901413172928,12.133038777115337,12.522398948669434,263700,0.0,0.0
2008-08-12 00:00:00-04:00,12.689273259511541,12.754569802938109,12.273311887809438,12.469200134277344,134100,0.0,0.0
2008-08-13 00:00:00-04:00,12.440176856253329,12.507890900594626,12.246704797450452,12.452268600463867,109500,0.0,0.0
2008-08-14 00:00:00-04:00,12.353113683025057,12.498217373215326,12.23219486374073,12.370041847229004,151800,0.0,0.0
2008-08-15 00:00:00-04:00,12.476452803126138,12.754567087324029,12.111276018292303,12.321676254272461,170400,0.0,0.0
2008-08-18 00:00:00-04:00,12.478871304864434,12.478871304864434,11.707406104065788,11.833161354064941,132300,0.0,0.0
2008-08-19 00:00:00-04:00,11.760612501105106,11.760612501105106,11.320466938191867,11.419620513916016,201000,0.0,0.0
2008-08-20 00:00:00-04:00,11.412366979485258,11.67838961979534,11.412366979485258,11.547797203063965,281700,0.0,0.0
2008-08-21 00:00:00-04:00,11.516352120371222,11.731588755266284,11.516352120371222,11.598577499389648,162600,0.0,0.0
2008-08-22 00:00:00-04:00,11.613091060920418,11.975849018380416,11.54779520977857,11.893624305725098,95700,0.0,0.0
2008-08-25 00:00:00-04:00,12.043564702567718,12.043564702567718,11.376089992291092,11.47524356842041,132000,0.0,0.0
2008-08-26 00:00:00-04:00,11.475244788003968,11.547796665403649,11.349488800163039,11.422039985656738,135000,0.0,0.0
2008-08-27 00:00:00-04:00,11.385759082220858,11.535699194449274,11.25274851816372,11.467985153198242,122400,0.0,0.0
2008-08-28 00:00:00-04:00,11.472819914388916,11.472819914388916,11.267257521905078,11.37608528137207,119400,0.0,0.0
2008-08-29 00:00:00-04:00,11.351906063275573,11.363997811196764,10.41357230971036,10.684432029724121,406800,0.0,0.0
2008-09-02 00:00:00-04:00,10.732793221018039,10.885151514965228,10.539322591213846,10.59978199005127,245700,0.0,0.0
2008-09-03 00:00:00-04:00,10.604621381290713,10.744887964002864,10.517559579164251,10.657825469970703,171000,0.0,0.0
2008-09-04 00:00:00-04:00,10.6409010422193,10.6409010422193,10.021793292523478,10.058069229125977,201000,0.0,0.0
2008-09-05 00:00:00-04:00,10.065322351285037,10.113690025530866,9.729166842300083,9.770279884338379,222300,0.0,0.0
2008-09-08 00:00:00-04:00,10.222519109219446,10.268467886656646,10.00486420152994,10.20559024810791,450000,0.0,0.0
2008-09-09 00:00:00-04:00,10.205586542049884,10.517558486178837,9.57438802329795,9.65903091430664,505800,0.0,0.0
2008-09-10 00:00:00-04:00,9.801717492544155,10.164475350667278,9.608246127480971,9.63968563079834,317100,0.0,0.0
2008-09-11 00:00:00-04:00,9.584062617932071,9.782369711523726,9.325295420184153,9.42444896697998,283200,0.0,0.0
2008-09-12 00:00:00-04:00,9.40994096453081,9.975843145602246,9.322879143743346,9.758188247680664,285300,0.0,0.0
2008-09-15 00:00:00-04:00,9.649360297193391,9.944403454346476,9.359153561484138,9.376082420349121,199800,0.0,0.0
2008-09-16 00:00:00-04:00,9.320460223859442,10.396641501219872,9.030253484736278,10.389386177062988,438300,0.0,0.0
2008-09-17 00:00:00-04:00,10.278137780972374,10.278137780972374,9.487325675218008,9.678378105163574,432000,0.0,0.0
2008-09-18 00:00:00-04:00,9.818646850774401,10.03630173048097,9.458307851203095,9.932311058044434,489000,0.0,0.0
2008-09-19 00:00:00-04:00,10.44259068681321,11.243076543944943,10.430498941477728,10.788419723510742,472800,0.0,0.0
2008-09-22 00:00:00-04:00,10.877900435897683,11.061698297800836,10.15722171284996,10.408734321594238,171600,0.0,0.0
2008-09-23 00:00:00-04:00,10.522397084372798,10.522397084372798,10.113689730008645,10.116107940673828,115800,0.0,0.0
2008-09-24 00:00:00-04:00,10.149964915819714,10.319252104314419,9.837993621826172,9.837993621826172,78600,0.0,0.0
2008-09-25 00:00:00-04:00,10.02179231395922,10.321673314464665,9.753351516361784,10.118528366088867,200700,0.0,0.0
2008-09-26 00:00:00-04:00,10.038721680156948,10.32892775543033,9.975843351228118,10.290233612060547,169200,0.0,0.0
2008-09-29 00:00:00-04:00,10.128199878473346,10.21042457228193,9.455888221388747,9.66145133972168,293400,0.0,0.0
2008-09-30 00:00:00-04:00,9.717076934694466,9.954078929280708,9.625178682197786,9.86943531036377,282000,0.0,0.0
2008-10-01 00:00:00-04:00,9.775113638515204,9.915380201507045,9.460723495750765,9.654194831848145,258300,0.0,0.0
2008-10-02 00:00:00-04:00,9.6009904473588,9.6009904473588,8.839199527143235,9.076201438903809,185100,0.0,0.0
2008-10-03 00:00:00-04:00,9.238235371217783,9.492166215324279,8.565924951463787,8.568343162536621,181800,0.0,0.0
2008-10-06 00:00:00-04:00,8.469188632341845,8.677170000021361,7.816223921620515,8.227350234985352,295500,0.0,0.0
2008-10-07 00:00:00-04:00,8.37729206982883,8.655406455622892,7.808970857014788,7.9081244468688965,319800,0.0,0.0
2008-10-08 00:00:00-04:00,7.787199475729432,8.123355547250378,7.303522919414265,7.3373799324035645,306600,0.0,0.0
2008-10-09 00:00:00-04:00,7.441375759705316,7.801714839226636,6.793247398246371,6.822268009185791,300000,0.0,0.0
2008-10-10 00:00:00-04:00,6.5949381108921745,7.2527391054483825,6.232180245095296,7.035084247589111,250500,0.0,0.0
2008-10-13 00:00:00-04:00,7.204371262530177,8.19590949740238,6.839195195043848,8.104010581970215,263400,0.0,0.0
2008-10-14 00:00:00-04:00,8.273296722146526,8.27813383470805,7.366402118135466,7.794456481933594,165900,0.0,0.0
2008-10-15 00:00:00-04:00,7.695303503302912,7.804131278901965,6.892399495522514,6.967369556427002,147600,0.0,0.0
2008-10-16 00:00:00-04:00,6.993970507905317,7.557454262035725,6.353098498296629,7.402677059173584,279300,0.0,0.0
2008-10-17 00:00:00-04:00,7.151167557111279,7.859754520961734,6.977043925594832,7.3180365562438965,179700,0.0,0.0
2008-10-20 00:00:00-04:00,7.112474251248455,7.467976880280489,7.083453642590857,7.393006801605225,195900,0.0,0.0
2008-10-21 00:00:00-04:00,7.301107321501462,7.559875261106134,7.170514938155237,7.351893901824951,90000,0.0,0.0
2008-10-22 00:00:00-04:00,7.175351257823567,7.175351257823567,6.411141345698902,6.478856086730957,240300,0.0,0.0
2008-10-23 00:00:00-04:00,6.532060117369305,6.694092682449199,5.441368255633919,5.642094612121582,405900,0.0,0.0
2008-10-24 00:00:00-04:00,5.315613322418324,5.562288841064017,5.081029551026195,5.189857006072998,291600,0.0,0.0
2008-10-27 00:00:00-04:00,5.139069298671246,5.310775035769857,4.672321138276746,4.735199451446533,283200,0.0,0.0
2008-10-28 00:00:00-04:00,4.802914371531901,4.856118811225343,4.04837798942822,4.452248573303223,536100,0.0,0.0
2008-10-29 00:00:00-04:00,4.500615917808271,4.500615917808271,4.266032878470386,4.295053482055664,582900,0.0,0.0
2008-10-30 00:00:00-04:00,4.42322704223822,4.527217343218408,4.382114356302232,4.483686447143555,582300,0.0,0.0
2008-10-31 00:00:00-04:00,4.478850534055302,4.507871136966452,4.382115191018135,4.4764323234558105,466500,0.0,0.0
2008-11-03 00:00:00-05:00,4.476432738936148,4.628791091337271,4.476432738936148,4.590096950531006,785100,0.0,0.0
2008-11-04 00:00:00-05:00,4.655393447346145,5.516338419068176,4.628791052786939,5.383327484130859,628500,0.0,0.0
2008-11-05 00:00:00-05:00,5.368816467477445,5.434112647884341,5.148743399764621,5.279336452484131,408600,0.0,0.0
2008-11-06 00:00:00-05:00,5.252734629650862,5.5985643893040296,5.199530530254417,5.48731803894043,450000,0.0,0.0
2008-11-07 00:00:00-05:00,5.538102782650159,5.610654279506375,5.211620527867951,5.332540035247803,195600,0.0,0.0
2008-11-10 00:00:00-05:00,5.436531799489124,5.663860575860236,5.347051769005848,5.610655784606934,472800,0.0,0.0
2008-11-11 00:00:00-05:00,5.550195455020465,6.009688316729707,5.47522574003381,5.746084690093994,399600,0.0,0.0
2008-11-12 00:00:00-05:00,5.659022756406048,5.8645851747965585,5.303519873583358,5.380908489227295,387900,0.0,0.0
2008-11-13 00:00:00-05:00,5.419602783998062,5.9202087192192305,5.296265390641733,5.874259948730469,260100,0.0,0.0
2008-11-14 00:00:00-05:00,5.775106261711939,5.796871543734721,5.334959702043675,5.499410152435303,248700,0.0,0.0
2008-11-17 00:00:00-05:00,5.467970767902535,5.627584433966771,5.383327167594315,5.4002556800842285,346800,0.0,0.0
2008-11-18 00:00:00-05:00,5.402674796270098,5.494572686243846,5.01573236102385,5.129396915435791,390900,0.0,0.0
2008-11-19 00:00:00-05:00,5.081029954065952,5.175347112318178,4.897232751990147,4.981876373291016,294300,0.0,0.0
2008-11-20 00:00:00-05:00,4.923833544160298,5.131814174764684,4.56591210190026,4.672321319580078,384600,0.0,0.0
2008-11-21 00:00:00-05:00,4.759383336782502,4.91657878689102,4.4522484521174555,4.856118679046631,358200,0.0,0.0
2008-11-24 00:00:00-05:00,4.902070044937267,5.2648280397767095,4.706180741562088,5.100377559661865,504900,0.0,0.0
2008-11-25 00:00:00-05:00,5.165671756335161,5.547777023265789,5.054426466521257,5.3784894943237305,312000,0.0,0.0
2008-11-26 00:00:00-05:00,5.226130919223285,5.782359763483328,5.226130919223285,5.622746467590332,262800,0.0,0.0
2008-11-28 00:00:00-05:00,5.574380578251587,5.794454404581266,5.424441104317399,5.770269870758057,129300,0.0,0.0
2008-12-01 00:00:00-05:00,5.591308835655088,5.591308835655088,4.875466198782122,4.889976501464844,244500,0.0,0.0
2008-12-02 00:00:00-05:00,4.933508297196218,5.247898223177175,4.766639625045238,5.189857006072998,179400,0.0,0.0
2008-12-03 00:00:00-05:00,5.0254067688946655,5.175346219830717,4.880303393694373,4.911742210388184,477300,0.0,0.0
2008-12-04 00:00:00-05:00,4.783565978428811,5.078609411938781,4.723106919160416,4.858536720275879,359400,0.0,0.0
2008-12-05 00:00:00-05:00,4.7811490041519065,5.131814449991489,4.68199475852289,5.114886283874512,148500,0.0,0.0
2008-12-08 00:00:00-05:00,5.194694397380737,5.596146543133753,5.194694397380737,5.3422160148620605,279900,0.0,0.0
2008-12-09 00:00:00-05:00,5.257572736073485,5.6058204264313165,5.170510899972274,5.3422160148620605,249000,0.0,0.0
2008-12-10 00:00:00-05:00,5.666277607788174,6.592519650903887,5.332540356209365,6.558661937713623,758700,0.0,0.0
2008-12-11 00:00:00-05:00,6.44499888624045,7.434119072052891,6.16688457604545,6.851287364959717,728100,0.0,0.0
2008-12-12 00:00:00-05:00,6.773898082895839,7.1922782031251185,6.65297857705698,7.078614711761475,397800,0.0,0.0
2008-12-15 00:00:00-05:00,7.119729444291338,7.363986771960919,6.582847795959085,6.822268009185791,244500,0.0,0.0
2008-12-16 00:00:00-05:00,6.914165355076395,7.521180524852615,6.848868822609361,7.487322807312012,199200,0.0,0.0
2008-12-17 00:00:00-05:00,6.894817960716305,7.509088425579273,6.894817960716305,7.460720062255859,195900,0.0,0.0
2008-12-18 00:00:00-05:00,7.5018304063932755,7.5018304063932755,6.655395422859676,6.77389669418335,363900,0.0,0.0
2008-12-19 00:00:00-05:00,6.9359320665398725,7.0133203527042385,6.761807730764192,6.778736591339111,363300,0.0,0.0
2008-12-22 00:00:00-05:00,6.80291893559592,6.83435774536522,6.43048687136507,6.727948188781738,277800,0.0,0.0
2008-12-23 00:00:00-05:00,6.7448803362405805,6.9044940407272195,6.348264632220674,6.749716758728027,129600,0.0,0.0
2008-12-24 00:00:00-05:00,6.735206107453817,6.800502654375894,6.510296547951037,6.749716758728027,81900,0.0,0.0
2008-12-26 00:00:00-05:00,6.532059747383532,6.662652799531599,6.517549100742318,6.619121551513672,157200,0.0,0.0
2008-12-29 00:00:00-05:00,6.788409637027974,6.8803078742607395,6.40388644493254,6.500621795654297,253800,0.0,0.0
2008-12-30 00:00:00-05:00,6.541735584240685,6.706185007305138,6.4425813195203325,6.686838626861572,291000,0.0,0.0
2008-12-31 00:00:00-05:00,6.74487886724693,7.054431980014656,6.536897523653222,7.018156051635742,305100,0.0,0.0
2009-01-02 00:00:00-05:00,7.1922799306637755,7.247902930548045,6.8077567368898055,6.887563228607178,219000,0.0,0.0
2009-01-05 00:00:00-05:00,6.877889837435427,6.880308048288185,6.614286173027619,6.744879245758057,289800,0.0,0.0
2009-01-06 00:00:00-05:00,6.771479881717845,6.771479881717845,6.464345010837867,6.619121551513672,165000,0.0,0.0
2009-01-07 00:00:00-05:00,6.539315516822339,6.539315516822339,6.176557628912885,6.249108791351318,163800,0.0,0.0
2009-01-08 00:00:00-05:00,6.16930225205595,6.411141303186851,6.0459645158746875,6.408722400665283,263400,0.0,0.0
2009-01-09 00:00:00-05:00,6.389376057487187,6.631214417986144,6.311987090221761,6.355518341064453,306900,0.0,0.0
2009-01-12 00:00:00-05:00,6.36035480790391,6.466762983804759,6.043545722961426,6.043545722961426,181200,0.0,0.0
2009-01-13 00:00:00-05:00,6.03629294827304,6.348265052250703,6.009690547114142,6.21283483505249,149700,0.0,0.0
2009-01-14 00:00:00-05:00,6.118517651318198,6.166885333295416,5.847658632245778,6.033874034881592,159600,0.0,0.0
2009-01-15 00:00:00-05:00,6.024201461725421,6.522389011701378,5.929884293812535,6.48611307144165,330000,0.0,0.0
2009-01-16 00:00:00-05:00,6.519969067940994,6.856124595097572,6.415978389714571,6.793246269226074,277800,0.0,0.0
2009-01-20 00:00:00-05:00,6.686837336307037,6.776317355677204,6.643306085969328,6.645724296569824,345600,0.0,0.0
2009-01-21 00:00:00-05:00,6.711021246864734,6.960114943882199,6.408722761866192,6.928676128387451,227700,0.0,0.0
2009-01-22 00:00:00-05:00,6.77389734857869,6.77389734857869,6.244270620809416,6.261199474334717,181800,0.0,0.0
2009-01-23 00:00:00-05:00,6.2176692061439365,6.626376504983282,6.142699842367793,6.384538173675537,138000,0.0,0.0
2009-01-26 00:00:00-05:00,6.338589397618197,6.766643808874632,6.338589397618197,6.568336009979248,133800,0.0,0.0
2009-01-27 00:00:00-05:00,6.568336940113411,6.783573627471924,6.4643462587947855,6.783573627471924,162600,0.0,0.0
2009-01-28 00:00:00-05:00,6.771481009212301,6.844032870687285,6.662653908905654,6.754552841186523,145500,0.0,0.0
2009-01-29 00:00:00-05:00,6.652980073295005,6.723113720731015,6.1040060990675125,6.166884422302246,130800,0.0,0.0
2009-01-30 00:00:00-05:00,6.0749830314216915,6.13544311938126,5.760593272463459,5.775103569030762,128400,0.0,0.0
2009-02-02 00:00:00-05:00,5.736412289378118,5.891188507558192,5.622747731163596,5.825891971588135,123300,0.0,0.0
2009-02-03 00:00:00-05:00,5.852494580891517,6.0628941534428105,5.738830364466583,5.925046443939209,166200,0.0,0.0
2009-02-04 00:00:00-05:00,5.944392681121826,6.22734410995514,5.867005089977003,5.944392681121826,190800,0.0,0.0
2009-02-05 00:00:00-05:00,5.925046989399243,6.191068897283795,5.864586867324923,6.183813571929932,149400,0.0,0.0
2009-02-06 00:00:00-05:00,6.195903735900243,6.428068526708755,6.108841939347051,6.3942108154296875,207600,0.0,0.0
2009-02-09 00:00:00-05:00,6.350679238696158,6.928673604127315,6.350679238696158,6.863377094268799,401100,0.0,0.0
2009-02-10 00:00:00-05:00,7.305942957598465,7.5356902442264335,6.853705091290744,7.07377815246582,517800,0.0,0.0
2009-02-11 00:00:00-05:00,7.073778025118242,7.37123934931574,6.962532737281087,7.276922225952148,276000,0.0,0.0
2009-02-12 00:00:00-05:00,7.148748203487979,7.77994678575842,7.148748203487979,7.702558517456055,195900,0.0,0.0
2009-02-13 00:00:00-05:00,7.753347074128869,8.178981966948259,7.526017939882703,7.821061134338379,228600,0.0,0.0
2009-02-17 00:00:00-05:00,7.733999310190029,7.992767263513298,7.6904687440687916,7.821061134338379,310500,0.0,0.0
2009-02-18 00:00:00-05:00,7.8307313567951855,8.021784477159292,7.813803194858866,7.958906173706055,366300,0.0,0.0
2009-02-19 00:00:00-05:00,7.971001290133343,8.15721668551124,7.598569807471673,7.743672847747803,263100,0.0,0.0
2009-02-20 00:00:00-05:00,7.504252137698379,7.598569280310956,6.54898965727077,6.8077569007873535,529200,0.0,0.0
2009-02-23 00:00:00-05:00,6.8827253928890535,7.013318436054958,6.471599889043216,6.69650936126709,323700,0.0,0.0
2009-02-24 00:00:00-05:00,6.817428678934182,7.393004229695822,6.534478015933151,7.363983631134033,525900,0.0,0.0
2009-02-25 00:00:00-05:00,7.3325454298445045,7.385750210902016,7.047175841057576,7.160840034484863,268200,0.0,0.0
2009-02-26 00:00:00-05:00,7.250321124006823,7.419609025962637,7.068942168069189,7.148749351501465,266700,0.0,0.0
2009-02-27 00:00:00-05:00,7.073777617377438,7.451046089085611,6.943184578416048,7.240645885467529,213600,0.0,0.0
2009-03-02 00:00:00-05:00,7.194696853322208,7.2745033230760745,7.03750143204549,7.170512676239014,532200,0.0,0.0
2009-03-03 00:00:00-05:00,7.2648316471990535,7.625171342058168,7.124565044843964,7.298689365386963,456900,0.0,0.0
2009-03-04 00:00:00-05:00,7.3978419704622524,7.995183539813788,7.337381866060362,7.782365798950195,558300,0.0,0.0
2009-03-05 00:00:00-05:00,7.738834405743159,7.910539106323082,7.1946976278058825,7.233391761779785,362400,0.0,0.0
2009-03-06 00:00:00-05:00,7.281760808819898,7.586477517547614,6.989135846273456,7.223719596862793,401100,0.0,0.0
2009-03-09 00:00:00-04:00,7.175354344849744,7.38575398226667,7.042343016192509,7.201956748962402,251100,0.0,0.0
2009-03-10 00:00:00-04:00,7.354312905715044,7.898449804203329,7.223719828667984,7.818642616271973,316500,0.0,0.0
2009-03-11 00:00:00-04:00,7.835570386036599,8.188654733582284,7.678374934891309,7.7219061851501465,247200,0.0,0.0
2009-03-12 00:00:00-04:00,7.668699595551526,8.607032892744236,7.591311339445371,8.495787620544434,295200,0.0,0.0
2009-03-13 00:00:00-04:00,8.56108559097202,8.614289680142976,7.792038627232974,7.867008686065674,306000,0.0,0.0
2009-03-16 00:00:00-04:00,7.958909670640255,8.11368624941532,7.555038670516713,7.608243465423584,288900,0.0,0.0
2009-03-17 00:00:00-04:00,7.627588219595021,8.04838726120349,7.487321641756973,7.978254318237305,216000,0.0,0.0
2009-03-18 00:00:00-04:00,7.968581832534513,8.220094443412108,7.779948239258599,8.058062553405762,263400,0.0,0.0
2009-03-19 00:00:00-04:00,8.183814872500436,8.205580836274095,7.939557694760567,8.004854202270508,163800,0.0,0.0
2009-03-20 00:00:00-04:00,8.084663207132026,8.116102709160748,7.630007143847457,7.634842872619629,291000,0.0,0.0
2009-03-23 00:00:00-04:00,7.852497874389522,8.278134038329302,7.76543607329164,8.275715827941895,261600,0.0,0.0
2009-03-24 00:00:00-04:00,8.263625698417826,8.34343219203818,8.002439552195163,8.058062553405762,178200,0.0,0.0
2009-03-25 00:00:00-04:00,8.094335657832836,8.61670707598919,7.963743322222936,8.37244987487793,269700,0.0,0.0
2009-03-26 00:00:00-04:00,8.527231049794933,9.023001045099923,8.425658562633554,8.785998344421387,331800,0.0,0.0
2009-03-27 00:00:00-04:00,8.694097429529256,8.790833472150934,8.437749096085101,8.544157981872559,246000,0.0,0.0
2009-03-30 00:00:00-04:00,8.40388753638559,8.435327029928185,7.9250474232429555,8.229763984680176,210600,0.0,0.0
2009-03-31 00:00:00-04:00,8.316828963199532,8.894823507012546,8.295063683831296,8.539320945739746,211500,0.0,0.0
2009-04-01 00:00:00-04:00,8.493370808656033,9.008486992087805,8.367614179876485,8.955282211303711,207600,0.0,0.0
2009-04-02 00:00:00-04:00,9.172935054583034,9.84766404879529,8.979464424837982,9.540529251098633,282600,0.0,0.0
2009-04-03 00:00:00-04:00,9.540531249131183,9.598572450210018,9.032670393738524,9.497000694274902,217500,0.0,0.0
2009-04-06 00:00:00-04:00,9.443795926226802,9.470397622544114,9.126986861590414,9.436540603637695,189000,0.0,0.0
2009-04-07 00:00:00-04:00,9.291436619617828,9.446213128167836,8.737625714127583,8.771483421325684,222300,0.0,0.0
2009-04-08 00:00:00-04:00,8.858546321513943,9.569551343040583,8.858546321513943,9.550204277038574,276300,0.0,0.0
2009-04-09 00:00:00-04:00,9.765447530789876,10.09676677979323,9.62518155306208,9.833162307739258,321300,0.0,0.0
2009-04-13 00:00:00-04:00,9.813809813697008,9.929892916322943,9.068946986336707,9.243070602416992,396000,0.0,0.0
2009-04-14 00:00:00-04:00,9.136663022494226,9.163265418369146,8.667496199968458,8.8682222366333,327300,0.0,0.0
2009-04-15 00:00:00-04:00,8.836782654849848,9.259999973708839,8.836782654849848,9.18986701965332,171000,0.0,0.0
2009-04-16 00:00:00-04:00,9.247909496888445,9.286603641248746,8.914172155827908,9.192286491394043,208200,0.0,0.0
2009-04-17 00:00:00-04:00,9.189869386210608,9.30595183326029,8.887570828089258,9.151174545288086,149400,0.0,0.0
2009-04-20 00:00:00-04:00,8.902081430939255,8.902081430939255,8.464353353668566,8.667497634887695,206700,0.0,0.0
2009-04-21 00:00:00-04:00,8.60945424196576,9.18986701965332,8.594944285774108,9.18986701965332,202500,0.0,0.0
2009-04-22 00:00:00-04:00,9.03992724106949,9.504257619896487,8.974630705869744,9.124570846557617,233700,0.0,0.0
2009-04-23 00:00:00-04:00,9.187449777342037,9.189868680399263,8.665078113832326,8.848875999450684,215400,0.0,0.0
2009-04-24 00:00:00-04:00,9.008490887541779,9.013327310483136,8.406312641264808,8.466772079467773,356400,0.0,0.0
2009-04-27 00:00:00-04:00,8.39180004651481,8.607036039525148,7.685631259461271,8.411147117614746,378000,0.0,0.0
2009-04-28 00:00:00-04:00,8.309574648387157,8.718282736208545,8.23218705589325,8.411147117614746,248100,0.0,0.0
2009-04-29 00:00:00-04:00,8.461932474477239,9.018161771502415,8.420820123950078,8.894824028015137,157500,0.0,0.0
2009-04-30 00:00:00-04:00,8.993976655683936,9.17051916900103,8.5755957938904,8.703770637512207,162000,0.0,0.0
2009-05-01 00:00:00-04:00,8.798087436169995,9.119732254594721,8.52964670646028,9.054435729980469,258600,0.0,0.0
2009-05-04 00:00:00-04:00,9.107641574597025,9.656615534049317,9.107641574597025,9.472818374633789,374700,0.0,0.0
2009-05-05 00:00:00-04:00,9.521183533300919,10.077412710261727,9.412356461670353,9.912961959838867,465300,0.0,0.0
2009-05-06 00:00:00-04:00,9.673540779147872,9.84766435126663,8.623962234590351,8.771483421325684,873600,0.0,0.0
2009-05-07 00:00:00-04:00,8.51029945646486,8.56592314273609,7.400260547340257,8.341012954711914,1029600,0.0,0.0
2009-05-08 00:00:00-04:00,8.486111967627629,8.974625558158074,8.437744319649635,8.94318675994873,379800,0.0,0.0
2009-05-11 00:00:00-04:00,8.800507493679492,8.802925704604608,8.476443704915466,8.744884490966797,307500,0.0,0.0
2009-05-12 00:00:00-04:00,8.822269832591324,9.006066947793906,8.602196797990775,8.972209930419922,189600,0.0,0.0
2009-05-13 00:00:00-04:00,8.761814121950144,8.894825421213028,8.32408607833272,8.336177825927734,198300,0.0,0.0
2009-05-14 00:00:00-04:00,8.345848846194963,8.815015568872715,8.222511120574364,8.5852689743042,201300,0.0,0.0
2009-05-15 00:00:00-04:00,8.636055661814066,8.665076265156124,8.18381775342388,8.503045082092285,229200,0.0,0.0
2009-05-18 00:00:00-04:00,8.580434354041937,8.88515107047052,8.440167742314506,8.7521390914917,312300,0.0,0.0
2009-05-19 00:00:00-04:00,8.655406417433122,8.771488870966529,8.44258858595521,8.645732879638672,347700,0.0,0.0
2009-05-20 00:00:00-04:00,8.735211824686306,9.1632663367944,8.430495076809558,8.935937881469727,295200,0.0,0.0
2009-05-21 00:00:00-04:00,8.802922983103988,9.042343088317596,8.6965141243319,8.887566566467285,313500,0.0,0.0
2009-05-22 00:00:00-04:00,8.91174876615731,8.969789953476281,8.498205133533244,8.534481048583984,166200,0.0,0.0
2009-05-26 00:00:00-04:00,8.43291185093921,9.030253497166091,8.224931196100046,8.933517456054688,260700,0.0,0.0
2009-05-27 00:00:00-04:00,8.904495201207402,9.032670034082194,8.558666910811885,8.619126319885254,284700,0.0,0.0
2009-05-28 00:00:00-04:00,8.711023731920116,9.182608563753986,8.711023731920116,8.96011734008789,325500,0.0,0.0
2009-05-29 00:00:00-04:00,9.030254829588177,9.77511782028236,8.667496870588986,9.501840591430664,477300,0.0,0.0
2009-06-01 00:00:00-04:00,9.714657440541467,9.912964570316852,9.506676083458874,9.8428316116333,371100,0.0,0.0
2009-06-02 00:00:00-04:00,9.736422252492586,10.517561063350957,9.724329814894878,10.258793830871582,378900,0.0,0.0
2009-06-03 00:00:00-04:00,10.244283325509477,10.362783957137035,9.980679667836194,10.217680931091309,285300,0.0,0.0
2009-06-04 00:00:00-04:00,10.24428351680017,10.752144463396357,10.099180488044947,10.725542068481445,333900,0.0,0.0
2009-06-05 00:00:00-04:00,10.822279037910526,10.865810296210778,10.186243175953548,10.20559024810791,285900,0.0,0.0
2009-06-08 00:00:00-04:00,10.111271238969925,10.205587672994744,9.16810067157042,9.42444896697998,502800,0.0,0.0
2009-06-09 00:00:00-04:00,9.484907282616303,10.183821217869056,9.45346847490955,9.97825813293457,404700,0.0,0.0
2009-06-10 00:00:00-04:00,10.087087361727086,10.205588679386887,9.528440566164125,9.985515594482422,293400,0.0,0.0
2009-06-11 00:00:00-04:00,10.060486819967009,10.205589855543236,9.891199599175152,10.00002670288086,246300,0.0,0.0
2009-06-12 00:00:00-04:00,9.9540766719098,10.135455616482982,9.58890057211859,9.997607231140137,203100,0.0,0.0
2009-06-15 00:00:00-04:00,9.845248903255094,9.847667113903192,9.438960454332316,9.528440475463867,555000,0.0,0.0
2009-06-16 00:00:00-04:00,9.608248389745961,9.632432575537672,9.165683947719872,9.233399391174316,243900,0.0,0.0
2009-06-17 00:00:00-04:00,9.264833498432642,9.600988182313516,9.064106864966352,9.426864624023438,225000,0.0,0.0
2009-06-18 00:00:00-04:00,9.385757223585586,9.675963285215488,9.351899503775849,9.533278465270996,221400,0.0,0.0
2009-06-19 00:00:00-04:00,9.675963817500175,9.719494383186408,9.28660347779824,9.303531646728516,223500,0.0,0.0
2009-06-22 00:00:00-04:00,9.267255843381372,9.267255843381372,8.727956035349079,8.858549118041992,417300,0.0,0.0
2009-06-23 00:00:00-04:00,8.964958134556749,9.175357719539624,8.846456797370854,8.877896308898926,213000,0.0,0.0
2009-06-24 00:00:00-04:00,8.979467170098562,9.31078555185337,8.846455206601629,9.095549583435059,95100,0.0,0.0
2009-06-25 00:00:00-04:00,8.964956837674238,9.19470346179007,8.92142627709546,9.129406929016113,157800,0.0,0.0
2009-06-26 00:00:00-04:00,9.107639993672361,9.334968365757971,9.05685342635175,9.32045841217041,641400,0.0,0.0
2009-06-29 00:00:00-04:00,9.305949366114662,9.320460014101865,9.039926816199364,9.102805137634277,126000,0.0,0.0
2009-06-30 00:00:00-04:00,9.136664604183515,9.252747051472355,8.964959144592285,8.964959144592285,181200,0.0,0.0
2009-07-01 00:00:00-04:00,9.105222319625103,9.509092520260806,8.894822790921989,9.177773475646973,156600,0.0,0.0
2009-07-02 00:00:00-04:00,9.076205499083267,9.076205499083267,8.648150940218018,8.718284606933594,192300,0.0,0.0
2009-07-06 00:00:00-04:00,8.69167966715156,8.882732167648475,8.585270775874344,8.7521390914917,123300,0.0,0.0
2009-07-07 00:00:00-04:00,8.783575890687658,8.802922955859069,8.568339963632129,8.573176383972168,272400,0.0,0.0
2009-07-08 00:00:00-04:00,8.551417486394143,8.839205468431462,8.295068335731466,8.454681396484375,221100,0.0,0.0
2009-07-09 00:00:00-04:00,8.551410602597128,8.65540124471617,8.413562944384438,8.495787620544434,220500,0.0,0.0
2009-07-10 00:00:00-04:00,8.474023315529113,8.556248001091827,8.355522707791947,8.527227401733398,87900,0.0,0.0
2009-07-13 00:00:00-04:00,8.578015020538666,8.71828231712946,8.299900713869288,8.698934555053711,177900,0.0,0.0
2009-07-14 00:00:00-04:00,8.599777941751622,8.800503896513009,8.55382849342686,8.652982711791992,139800,0.0,0.0
2009-07-15 00:00:00-04:00,8.735210105616897,8.877894914906218,8.464351134989066,8.609454154968262,280500,0.0,0.0
2009-07-16 00:00:00-04:00,8.590106166420027,8.737627381303017,8.481278394151834,8.672330856323242,109800,0.0,0.0
2009-07-17 00:00:00-04:00,8.696515267802154,8.778740651799437,8.452258018211495,8.679586410522461,118200,0.0,0.0
2009-07-20 00:00:00-04:00,8.749720000783716,8.788413444210061,8.224930271413355,8.30957317352295,335700,0.0,0.0
2009-07-21 00:00:00-04:00,8.338594006474155,8.486115920451653,8.237022244361054,8.316828727722168,212400,0.0,0.0
2009-07-22 00:00:00-04:00,8.30231785017176,8.333757354058346,8.186235444175576,8.30957317352295,141000,0.0,0.0
2009-07-23 00:00:00-04:00,8.280552556485587,8.45467616515312,8.210419609304259,8.2781343460083,249900,0.0,0.0
2009-07-24 00:00:00-04:00,8.174146685775304,8.372453839052572,8.157217131934237,8.331340789794922,158700,0.0,0.0
2009-07-27 00:00:00-04:00,8.343430279785403,8.914169426241035,8.343430279785403,8.619126319885254,258000,0.0,0.0
2009-07-28 00:00:00-04:00,8.604613011767071,8.851288376155757,8.551408941978709,8.761808395385742,319200,0.0,0.0
2009-07-29 00:00:00-04:00,8.73521041739562,8.788414514000742,8.561086787205735,8.611872673034668,99900,0.0,0.0
2009-07-30 00:00:00-04:00,8.793250544725316,8.82710825904616,8.619126935975679,8.715862274169922,80100,0.0,0.0
2009-07-31 00:00:00-04:00,8.725538391297638,8.761814326836866,8.587690666535671,8.62154769897461,96300,0.0,0.0
2009-08-03 00:00:00-04:00,8.735207806415723,8.735207806415723,8.515134777729767,8.582849502563477,363300,0.0,0.0
2009-08-04 00:00:00-04:00,9.032674454028324,9.477657195657528,8.885153174616883,9.363993644714355,754800,0.0,0.0
2009-08-05 00:00:00-04:00,9.458306882677961,9.663869303863846,9.23097849141619,9.622756958007812,263400,0.0,0.0
2009-08-06 00:00:00-04:00,9.634851728709643,9.91538499017787,9.160848421518185,9.69773006439209,259200,0.0,0.0
2009-08-07 00:00:00-04:00,9.779951555347505,9.983096454742865,9.685635120799446,9.702563285827637,148800,0.0,0.0
2009-08-10 00:00:00-04:00,9.571967692637546,10.007277284969378,9.509090086306507,9.673540115356445,185400,0.0,0.0
2009-08-11 00:00:00-04:00,9.576813138925688,9.91055059899293,9.347066401885046,9.480077743530273,142800,0.0,0.0
2009-08-12 00:00:00-04:00,9.535696523741464,9.777535596473795,9.504257707210472,9.521185874938965,167700,0.0,0.0
2009-08-13 00:00:00-04:00,9.620339528180775,9.673543622681374,9.211632171222403,9.262418746948242,166200,0.0,0.0
2009-08-14 00:00:00-04:00,9.293856570712226,9.412357184294512,8.807760988552324,9.177773475646973,233100,0.0,0.0
2009-08-17 00:00:00-04:00,8.952866660222629,9.156010926283543,8.541740322002399,8.669915199279785,182400,0.0,0.0
2009-08-18 00:00:00-04:00,8.689260526555847,8.706188691715989,8.45225791144532,8.529646873474121,215700,0.0,0.0
2009-08-19 00:00:00-04:00,8.447418035539163,8.519969163153442,8.411142125779309,8.464346885681152,212100,0.0,0.0
2009-08-20 00:00:00-04:00,8.471604818183417,8.565921935878992,8.415981831654678,8.55624771118164,183900,0.0,0.0
2009-08-21 00:00:00-04:00,8.691676799520893,9.187445852878122,8.558666248237706,8.972209930419922,242700,0.0,0.0
2009-08-24 00:00:00-04:00,9.018163653134163,9.085877719951027,8.829529336453382,9.056857109069824,120000,0.0,0.0
2009-08-25 00:00:00-04:00,9.129409941039112,9.26242195309659,9.042348099251866,9.172941207885742,255900,0.0,0.0
2009-08-26 00:00:00-04:00,9.175356743840398,9.289020954894298,9.12698906806276,9.27934741973877,145800,0.0,0.0
2009-08-27 00:00:00-04:00,9.269672517198625,9.289019584655762,9.13666125545438,9.289019584655762,67500,0.0,0.0
2009-08-28 00:00:00-04:00,9.405099567606708,9.405099567606708,9.177771237569024,9.204374313354492,97800,0.0,0.0
2009-08-31 00:00:00-04:00,9.158426392130133,9.189865895192419,8.962537510123958,9.146334648132324,140100,0.0,0.0
2009-09-01 00:00:00-04:00,9.1584243775774,9.574386921898666,8.902076140064674,9.218884468078613,220800,0.0,0.0
2009-09-02 00:00:00-04:00,9.22130274678474,9.482488097925263,9.032668536119367,9.373661041259766,333300,0.0,0.0
2009-09-03 00:00:00-04:00,9.371247186475204,9.574391442881057,9.296276417443082,9.569554328918457,111600,0.0,0.0
2009-09-04 00:00:00-04:00,9.576811869415117,9.615506022443952,9.320463451552103,9.571974754333496,136200,0.0,0.0
2009-09-08 00:00:00-04:00,9.675961910798208,9.719492467906504,9.509092930134466,9.574389457702637,81300,0.0,0.0
2009-09-09 00:00:00-04:00,9.634848987543942,9.956494516272022,9.484908862587131,9.939565658569336,139500,0.0,0.0
2009-09-10 00:00:00-04:00,9.949241196109682,10.287815650716885,9.915384165792489,10.20559024810791,135300,0.0,0.0
2009-09-11 00:00:00-04:00,10.26846913891301,10.290235116670472,9.559882707822737,9.632433891296387,177300,0.0,0.0
2009-09-14 00:00:00-04:00,9.61308215355528,9.842828724934591,9.593735088426614,9.65903091430664,114000,0.0,0.0
2009-09-15 00:00:00-04:00,9.673543084357224,9.823483208698624,9.453470010842786,9.66145133972168,153900,0.0,0.0
2009-09-16 00:00:00-04:00,9.73884039831173,9.857341719400855,9.584063840388751,9.709819793701172,115500,0.0,0.0
2009-09-17 00:00:00-04:00,9.724328702532455,9.862177078512692,9.65419644716061,9.68321704864502,247200,0.0,0.0
2009-09-18 00:00:00-04:00,9.746093633004618,9.857339606114959,9.615500594301663,9.66628646850586,357000,0.0,0.0
2009-09-21 00:00:00-04:00,9.613085152170793,9.68805522590624,9.588901659169203,9.671126365661621,370200,0.0,0.0
2009-09-22 00:00:00-04:00,9.767860673070485,9.767860673070485,9.552624702453613,9.552624702453613,125400,0.0,0.0
2009-09-23 00:00:00-04:00,9.63727041295514,9.63727041295514,9.371248481611527,9.441381454467773,216300,0.0,0.0
2009-09-24 00:00:00-04:00,9.451049986280886,9.535693566294846,9.269671083938286,9.434121131896973,150300,0.0,0.0
2009-09-25 00:00:00-04:00,9.436540322094965,9.460723807462934,9.281763109736337,9.40510082244873,154500,0.0,0.0
2009-09-28 00:00:00-04:00,9.424451222541693,9.482492438250649,9.339807609989663,9.451053619384766,133200,0.0,0.0
2009-09-29 00:00:00-04:00,9.518769698017403,9.61308685966929,9.269675939564868,9.291441917419434,173700,0.0,0.0
2009-09-30 00:00:00-04:00,9.344642917228427,9.48249060490931,9.071365060504796,9.284183502197266,212400,0.0,0.0
2009-10-01 00:00:00-04:00,9.274511064694947,9.296276347598436,9.093132092718843,9.110061645507812,291900,0.0,0.0
2009-10-02 00:00:00-04:00,9.068946379497223,9.291438343728839,8.950445766126148,9.146334648132324,173700,0.0,0.0
2009-10-05 00:00:00-04:00,9.168098449707031,9.49216140203505,9.078617766327215,9.168098449707031,150600,0.0,0.0
2009-10-06 00:00:00-04:00,9.29869216393018,9.44863157537977,9.180190868989369,9.419610977172852,174600,0.0,0.0
2009-10-07 00:00:00-04:00,9.482489076069475,9.613082111063534,9.405100815896883,9.465560913085938,82200,0.0,0.0
2009-10-08 00:00:00-04:00,9.557457857576175,9.559876759314738,9.189863670545241,9.204374313354492,425100,0.0,0.0
2009-10-09 00:00:00-04:00,9.214048153613673,9.313202378499975,9.192282878940956,9.206792831420898,272100,0.0,0.0
2009-10-12 00:00:00-04:00,9.320459588506692,9.339805965096593,9.010905800670553,9.112478256225586,170100,0.0,0.0
2009-10-13 00:00:00-04:00,9.129408160855613,9.247909496888445,8.974631583414409,9.192286491394043,315300,0.0,0.0
2009-10-14 00:00:00-04:00,9.252745432819188,9.717075832651654,9.223724826073774,9.671126365661621,245100,0.0,0.0
2009-10-15 00:00:00-04:00,9.649359260116649,9.903289348176788,9.61308333556357,9.850085258483887,225900,0.0,0.0
2009-10-16 00:00:00-04:00,9.842829996277853,9.908126522497493,9.767859936244404,9.813809394836426,257400,0.0,0.0
2009-10-19 00:00:00-04:00,9.898457374419896,10.074999963672399,9.842834357369025,10.002448081970215,94200,0.0,0.0
2009-10-20 00:00:00-04:00,10.045978250101653,10.045978250101653,9.576810665736163,9.772700309753418,265800,0.0,0.0
2009-10-21 00:00:00-04:00,9.779951709979034,9.908126552327179,9.586481033120386,9.622756958007812,225900,0.0,0.0
2009-10-22 00:00:00-04:00,9.538114376778918,9.81139156388523,9.458307887076328,9.709819793701172,141000,0.0,0.0
2009-10-23 00:00:00-04:00,9.787207018368203,9.86701419137962,9.550205093625992,9.68321704864502,137100,0.0,0.0
2009-10-26 00:00:00-04:00,9.738839171262404,9.738839171262404,9.322877224253704,9.38575553894043,161100,0.0,0.0
2009-10-27 00:00:00-04:00,9.385757710988624,9.61066724745491,9.34464466452668,9.518768310546875,163200,0.0,0.0
2009-10-28 00:00:00-04:00,9.51877024911571,9.51877024911571,9.095552794759866,9.216471672058105,214200,0.0,0.0
2009-10-29 00:00:00-04:00,9.269674103546471,9.325297104981104,9.175356960575717,9.25516414642334,93300,0.0,0.0
2009-10-30 00:00:00-04:00,9.221306005284955,9.228561329467924,8.706189750692737,8.894824028015137,225300,0.0,0.0
2009-11-02 00:00:00-05:00,8.899663610391345,8.943194183753851,8.650569151647938,8.718284606933594,256800,0.0,0.0
2009-11-03 00:00:00-05:00,8.718279878445388,9.006066947793906,8.650564459886192,8.972209930419922,155400,0.0,0.0
2009-11-04 00:00:00-05:00,8.972212828599881,9.03509046342168,8.754557933811405,8.841620445251465,233100,0.0,0.0
2009-11-05 00:00:00-05:00,8.827110658468818,9.06894906969197,8.827110658468818,8.948029518127441,220800,0.0,0.0
2009-11-06 00:00:00-05:00,8.885151335640087,9.00365197694071,8.827110120483962,8.906916618347168,306300,0.0,0.0
2009-11-09 00:00:00-05:00,8.950442080121784,9.01573857786843,8.90207443214379,8.94318675994873,264900,0.0,0.0
2009-11-10 00:00:00-05:00,8.875478391080865,8.998816164096123,8.759395943985554,8.785998344421387,120000,0.0,0.0
2009-11-11 00:00:00-05:00,8.90208183790798,8.909336472210848,8.851295246351963,8.875478744506836,63000,0.0,0.0
2009-11-12 00:00:00-05:00,8.887568239752937,8.892405352924271,8.636055652487622,8.66507625579834,125700,0.0,0.0
2009-11-13 00:00:00-05:00,8.735210850558465,8.788414949801878,8.532066605263385,8.633638381958008,86700,0.0,0.0
2009-11-16 00:00:00-05:00,8.614291274216345,8.749721462407624,8.34826939532285,8.38454532623291,366600,0.0,0.0
2009-11-17 00:00:00-05:00,8.37486846314637,8.457093834537549,8.287806671505741,8.43049144744873,147300,0.0,0.0
2009-11-18 00:00:00-05:00,8.457095548146363,8.466769082510966,8.295063674562833,8.415983200073242,93600,0.0,0.0
2009-11-19 00:00:00-05:00,8.345850944519043,8.423239232301858,8.261208023685992,8.345850944519043,112800,0.0,0.0
2009-11-20 00:00:00-05:00,8.319246503737586,8.582850099335252,8.251531082289981,8.55624771118164,177000,0.0,0.0
2009-11-23 00:00:00-05:00,8.621548841920971,8.795672525305493,8.490955733429573,8.720703125,178800,0.0,0.0
2009-11-24 00:00:00-05:00,8.75213821384893,8.793251254830885,8.60219877349224,8.769067764282227,202800,0.0,0.0
2009-11-25 00:00:00-05:00,8.817438822005167,8.817438822005167,8.71828591138902,8.723121643066406,104100,0.0,0.0
2009-11-27 00:00:00-05:00,8.532064043459329,8.662656387413532,8.488532800870843,8.573176383972168,65400,0.0,0.0
2009-11-30 00:00:00-05:00,8.573178531673902,8.573178531673902,8.222512368666072,8.488534927368164,248400,0.0,0.0
2009-12-01 00:00:00-05:00,8.522388695353396,8.773900489002292,8.50062342464861,8.62879753112793,298500,0.0,0.0
2009-12-02 00:00:00-05:00,8.660240698572892,8.841619645846478,8.602198798892031,8.831945419311523,197100,0.0,0.0
2009-12-03 00:00:00-05:00,8.88756580273819,8.986720022457215,8.759390987666036,8.771483421325684,200100,0.0,0.0
2009-12-04 00:00:00-05:00,8.88514868532867,8.996393968575452,8.781158032883054,8.790831565856934,161100,0.0,0.0
2009-12-07 00:00:00-05:00,8.831943439832012,9.039924733698006,8.827107019554282,8.96737289428711,140400,0.0,0.0
2009-12-08 00:00:00-05:00,9.01090373814389,9.068944930345655,8.524808234524917,8.587686538696289,381600,0.0,0.0
2009-12-09 00:00:00-05:00,8.819853744012288,8.841619716030051,7.905703676439626,8.17172622680664,955800,0.0,0.0
2009-12-10 00:00:00-05:00,8.118520327861491,8.135449184254393,7.920213239506981,7.9516520500183105,331200,0.0,0.0
2009-12-11 00:00:00-05:00,7.949236716728146,8.004859034870215,7.7001422771341375,7.796878337860107,254100,0.0,0.0
2009-12-14 00:00:00-05:00,7.862172405045988,8.060479502627656,7.741252886206222,8.055643081665039,221400,0.0,0.0
2009-12-15 00:00:00-05:00,8.053227091655968,8.149961764731898,7.98793054731675,8.089502334594727,219000,0.0,0.0
2009-12-16 00:00:00-05:00,8.106430792777571,8.263626271974829,7.666284558074646,7.821061134338379,675300,0.0,0.0
2009-12-17 00:00:00-05:00,7.7170712946528495,7.765438283791849,7.332547365463644,7.361567974090576,446100,0.0,0.0
2009-12-18 00:00:00-05:00,7.395420877686887,7.496993297149302,7.349472125266402,7.405095100402832,341100,0.0,0.0
2009-12-21 00:00:00-05:00,7.4389556288204846,7.591313984084009,7.417190347184504,7.448629856109619,196800,0.0,0.0
2009-12-22 00:00:00-05:00,7.4413736855945425,7.516343057362611,7.4413736855945425,7.460720062255859,173400,0.0,0.0
2009-12-23 00:00:00-05:00,7.484904644829177,7.5211805733118995,7.41235347976952,7.46555757522583,152700,0.0,0.0
2009-12-24 00:00:00-05:00,7.496996398482198,7.591313535877208,7.480068231490257,7.542945861816406,57600,0.0,0.0
2009-12-28 00:00:00-05:00,7.542945262208688,7.574384074872612,7.453464553379911,7.5235981941223145,128700,0.0,0.0
2009-12-29 00:00:00-05:00,7.576807168022912,7.620338445222371,7.4970006337144435,7.518765926361084,139500,0.0,0.0
2009-12-30 00:00:00-05:00,7.504253421784237,7.6372647285461435,7.504253421784237,7.637264728546143,220800,0.0,0.0
2009-12-31 00:00:00-05:00,7.6711218743938145,7.712234926186043,7.613080651528739,7.625173091888428,216600,0.0,0.0
2010-01-04 00:00:00-05:00,7.741253614832739,7.905703705437394,7.741253614832739,7.825897216796875,175500,0.0,0.0
2010-01-05 00:00:00-05:00,7.854915835512391,7.8790993203002,7.758179820644337,7.770272254943848,209700,0.0,0.0
2010-01-06 00:00:00-05:00,7.801712174395725,7.879100443800668,7.7726915733688715,7.782365798950195,181200,0.0,0.0
2010-01-07 00:00:00-05:00,7.799295459950736,7.9250514218552555,7.7412542467640355,7.869429111480713,224100,0.0,0.0
2010-01-08 00:00:00-05:00,7.842826703777788,7.949235594457045,7.842826703777788,7.939561367034912,122400,0.0,0.0
2010-01-11 00:00:00-05:00,7.963747379402198,7.973420224392111,7.8573377816419265,7.859755992889404,152700,0.0,0.0
2010-01-12 00:00:00-05:00,7.837987709660688,7.896028908833842,7.675955855659214,7.763017654418945,241200,0.0,0.0
2010-01-13 00:00:00-05:00,7.7654356993695535,7.985509439763187,7.644516882953392,7.963744163513184,210000,0.0,0.0
2010-01-14 00:00:00-05:00,7.978255457673814,8.026622438843118,7.9057036021083125,7.961326599121094,276300,0.0,0.0
2010-01-15 00:00:00-05:00,7.995185593064972,7.995185593064972,7.620335201986963,7.654192924499512,299400,0.0,0.0
2010-01-19 00:00:00-05:00,7.7315808007987075,7.779948479014603,7.596151301794201,7.617916584014893,310200,0.0,0.0
2010-01-20 00:00:00-05:00,7.576801178925152,7.5816382911932205,7.453463464909769,7.472811222076416,174000,0.0,0.0
2010-01-21 00:00:00-05:00,7.5042514611826245,7.530853853965909,7.303525447845459,7.303525447845459,253200,0.0,0.0
2010-01-22 00:00:00-05:00,7.318036933284984,7.337383312544438,6.97704428506724,7.0060648918151855,365400,0.0,0.0
2010-01-25 00:00:00-05:00,7.039921930252419,7.139076189042694,6.98913604134891,7.037503719329834,225600,0.0,0.0
2010-01-26 00:00:00-05:00,7.03750260054358,7.068941413256737,6.77389897043037,6.7859907150268555,310800,0.0,0.0
2010-01-27 00:00:00-05:00,6.776318956225546,7.107638103451681,6.701348874656383,7.030249118804932,381600,0.0,0.0
2010-01-28 00:00:00-05:00,7.020571474941264,7.076193753396593,6.788406063518287,7.0133161544799805,222000,0.0,0.0
2010-01-29 00:00:00-05:00,7.013320572972049,7.180188897278343,7.013320572972049,7.064106464385986,272700,0.0,0.0
2010-02-01 00:00:00-05:00,7.112472444566535,7.356729690985473,7.112472444566535,7.293851375579834,399900,0.0,0.0
2010-02-02 00:00:00-05:00,7.303525507666941,7.303525507666941,7.049595398589088,7.097962379455566,210000,0.0,0.0
2010-02-03 00:00:00-05:00,7.320455625914176,7.564712934378367,7.286597903194036,7.393006801605225,410100,0.0,0.0
2010-02-04 00:00:00-05:00,7.366404088800097,7.467976560708104,7.110055735914021,7.281761169433594,276000,0.0,0.0
2010-02-05 00:00:00-05:00,7.28417823053653,7.2865964411296416,7.143912329455612,7.175351142883301,292200,0.0,0.0
2010-02-08 00:00:00-05:00,7.1971165976734195,7.209209034745579,7.056850693169409,7.081034183502197,162000,0.0,0.0
2010-02-09 00:00:00-05:00,7.131820302868822,7.298689297694511,7.015737884853971,7.042340278625488,149700,0.0,0.0
2010-02-10 00:00:00-05:00,7.042341551869126,7.056852202697378,6.836778380539674,6.998810291290283,209700,0.0,0.0
2010-02-11 00:00:00-05:00,6.957696474368935,7.1027994926856755,6.957696474368935,7.097962379455566,129000,0.0,0.0
2010-02-12 00:00:00-05:00,7.015739794389682,7.015739794389682,6.776319569092493,6.9335150718688965,335700,0.0,0.0
2010-02-16 00:00:00-05:00,6.950439227539628,7.211624588249147,6.950439227539628,7.194696426391602,166500,0.0,0.0
2010-02-17 00:00:00-05:00,7.235808942279934,7.286594812915736,7.185022379738537,7.238227844238281,127500,0.0,0.0
2010-02-18 00:00:00-05:00,7.211627816898485,7.361567974090576,7.211627816898485,7.361567974090576,99300,0.0,0.0
2010-02-19 00:00:00-05:00,7.361565481158145,7.378494336767512,7.1729319349152005,7.197115421295166,164400,0.0,0.0
2010-02-22 00:00:00-05:00,7.252739834253852,7.276923325387385,7.030247841152933,7.042340278625488,163800,0.0,0.0
2010-02-23 00:00:00-05:00,7.039921988847335,7.073779709668709,6.902074278430826,6.969789028167725,115200,0.0,0.0
2010-02-24 00:00:00-05:00,6.989136787678651,7.042341585092023,6.950442641161987,6.991555690765381,73800,0.0,0.0
2010-02-25 00:00:00-05:00,6.885142676366611,7.015735701953034,6.831938597283472,7.010898590087891,93000,0.0,0.0
2010-02-26 00:00:00-05:00,7.003646877882052,7.027831757766944,6.894819761741549,6.964953422546387,129600,0.0,0.0
2010-03-01 00:00:00-05:00,6.993971234095718,7.1221453725636605,6.9697870557948995,7.090705871582031,138600,0.0,0.0
2010-03-02 00:00:00-05:00,7.085871719361158,7.204372351252679,7.078616395066259,7.148749351501465,232200,0.0,0.0
2010-03-03 00:00:00-05:00,7.180189862905438,7.400263011170184,7.177771651538103,7.289017677307129,209100,0.0,0.0
2010-03-04 00:00:00-05:00,7.808969131824805,7.971001027776515,7.707396661021725,7.874265670776367,696000,0.0,0.0
2010-03-05 00:00:00-05:00,7.883937316352386,7.963744485673632,7.741252526008479,7.9516520500183105,281400,0.0,0.0
2010-03-08 00:00:00-05:00,7.917794195831632,7.961325441220875,7.8718454320224565,7.9008660316467285,168900,0.0,0.0
2010-03-09 00:00:00-05:00,7.879103636492644,7.980676127197679,7.850083023706347,7.862175464630127,156600,0.0,0.0
2010-03-10 00:00:00-05:00,7.871846576908646,7.961326599121094,7.837988859803206,7.961326599121094,164100,0.0,0.0
2010-03-11 00:00:00-05:00,7.929888523424453,7.954072016262275,7.874265521229291,7.939561367034912,266700,0.0,0.0
2010-03-12 00:00:00-05:00,7.980676476844716,7.980676476844716,7.859756905651123,7.920217037200928,3222600,0.0,0.0
2010-03-15 00:00:00-04:00,7.871848578222048,7.874266789514157,7.73641836727472,7.840409755706787,329100,0.0,0.0
2010-03-16 00:00:00-04:00,7.854918901680729,8.043553201043721,7.854918901680729,8.031460762023926,220200,0.0,0.0
2010-03-17 00:00:00-04:00,8.050807799378122,8.28780906580416,8.031460037074025,8.162053108215332,299400,0.0,0.0
2010-03-18 00:00:00-04:00,8.087080662349013,8.20316374255205,8.087080662349013,8.17656135559082,142200,0.0,0.0
2010-03-19 00:00:00-04:00,8.224929931298659,8.224929931298659,7.854916758557207,7.883937358856201,351600,0.0,0.0
2010-03-22 00:00:00-04:00,7.867007672648363,8.200744886840793,7.867007672648363,8.17897891998291,154500,0.0,0.0
2010-03-23 00:00:00-04:00,8.183817217379442,8.22734846549409,8.043551323033197,8.186235427856445,111600,0.0,0.0
2010-03-24 00:00:00-04:00,8.135449671678476,8.16205206304607,8.004856617259907,8.043551445007324,178200,0.0,0.0
2010-03-25 00:00:00-04:00,8.096755101324737,8.261205861732407,8.012111510737002,8.021785736083984,90000,0.0,0.0
2010-03-26 00:00:00-04:00,8.024205285172377,8.08466470629068,7.92263282114029,8.019368171691895,80400,0.0,0.0
2010-03-29 00:00:00-04:00,8.01211236282917,8.01211236282917,7.825896997256606,7.896029949188232,183000,0.0,0.0
2010-03-30 00:00:00-04:00,7.891194541564007,8.036297577254288,7.891194541564007,7.983092784881592,154800,0.0,0.0
2010-03-31 00:00:00-04:00,7.934724113583497,8.00243815728991,7.850079829186218,7.867008686065674,141000,0.0,0.0
2010-04-01 00:00:00-04:00,7.881520606950175,8.041134298096235,7.881520606950175,8.031460762023926,98400,0.0,0.0
2010-04-05 00:00:00-04:00,8.041134015099274,8.15963534674399,7.980674589751592,8.145125389099121,163200,0.0,0.0
2010-04-06 00:00:00-04:00,8.05322557441577,8.20800143732079,8.031459602466168,8.108848571777344,112500,0.0,0.0
2010-04-07 00:00:00-04:00,8.055643265152426,8.130613327026367,8.024204452462163,8.130613327026367,103200,0.0,0.0
2010-04-08 00:00:00-04:00,8.082245458288122,8.224930255017087,8.019367142546011,8.186235427856445,128700,0.0,0.0
2010-04-09 00:00:00-04:00,8.164472998553832,8.237024873424954,8.104013564098537,8.154799461364746,90900,0.0,0.0
2010-04-12 00:00:00-04:00,8.181399589103357,8.261206767675128,8.166889633303068,8.220093727111816,144000,0.0,0.0
2010-04-13 00:00:00-04:00,8.210422520315257,8.256371995203704,8.101595399289746,8.241861343383789,75900,0.0,0.0
2010-04-14 00:00:00-04:00,8.280553152502998,8.357942120497919,8.232186171853042,8.34343147277832,164700,0.0,0.0
2010-04-15 00:00:00-04:00,8.39421947679628,8.449842487265032,8.355526020881516,8.389382362365723,133200,0.0,0.0
2010-04-16 00:00:00-04:00,8.39421912330868,8.406311562922884,8.224932579674858,8.331340789794922,148800,0.0,0.0
2010-04-19 00:00:00-04:00,8.275717023916867,8.430493581569708,8.205584069206873,8.314411163330078,152100,0.0,0.0
2010-04-20 00:00:00-04:00,8.367616199488422,8.411147457173561,8.30473856182817,8.40631103515625,63000,0.0,0.0
2010-04-21 00:00:00-04:00,8.401472928114453,8.507882502787282,8.37970764779764,8.505463600158691,99900,0.0,0.0
2010-04-22 00:00:00-04:00,8.406309007099365,8.483696584047342,8.244276454304845,8.478860855102539,88200,0.0,0.0
2010-04-23 00:00:00-04:00,8.442587853478104,8.461934235482516,8.360361751500193,8.389382362365723,57900,0.0,0.0
2010-04-26 00:00:00-04:00,8.40872800568574,8.643311044659807,8.40872800568574,8.55866813659668,82800,0.0,0.0
2010-04-27 00:00:00-04:00,8.54174099796708,8.645732388229224,8.222514268894544,8.241861343383789,94200,0.0,0.0
2010-04-28 00:00:00-04:00,8.275717232399462,8.432912004749245,8.239441302809263,8.360360145568848,122700,0.0,0.0
2010-04-29 00:00:00-04:00,8.420819265879969,8.64572944929337,8.420819265879969,8.643310546875,114600,0.0,0.0
2010-04-30 00:00:00-04:00,8.55383077663081,8.730372603431558,8.120939254760742,8.120939254760742,164400,0.0,0.0
2010-05-03 00:00:00-04:00,8.147542968286235,8.45951501687086,8.113685938927743,8.386963844299316,104100,0.0,0.0
2010-05-04 00:00:00-04:00,8.222509919973355,8.263622950447612,7.934722858087139,8.041131019592285,304800,0.0,0.0
2010-05-05 00:00:00-04:00,8.145123931014574,8.319247543017692,7.5574558756218915,7.806549549102783,336000,0.0,0.0
2010-05-06 00:00:00-04:00,7.789619282953252,7.898447039704113,7.267248541409293,7.646934509277344,159900,0.0,0.0
2010-05-07 00:00:00-04:00,7.6203358797520595,7.862174997164705,7.342221517442868,7.451049327850342,99900,0.0,0.0
2010-05-10 00:00:00-04:00,7.746090412184986,8.077408790588379,7.746090412184986,8.077408790588379,228300,0.0,0.0
2010-05-11 00:00:00-04:00,7.946818747824343,8.062901204055304,7.775113966912227,7.920217037200928,176100,0.0,0.0
2010-05-12 00:00:00-04:00,7.927471751170677,8.162054857035692,7.840409915724345,8.087084770202637,93000,0.0,0.0
2010-05-13 00:00:00-04:00,8.041136015582737,8.171729126404928,7.995187228354581,8.048391342163086,85200,0.0,0.0
2010-05-14 00:00:00-04:00,7.956492827960563,8.062901052263017,7.743674303637643,7.9081244468688965,115500,0.0,0.0
2010-05-17 00:00:00-04:00,7.975839361882084,8.130616662096047,7.767858640421288,7.920217037200928,83100,0.0,0.0
2010-05-18 00:00:00-04:00,8.024203236662444,8.089499062685963,7.620332386331986,7.671118259429932,104700,0.0,0.0
2010-05-19 00:00:00-04:00,7.813805561285826,7.85491791143376,7.470394728058685,7.535691261291504,115800,0.0,0.0
2010-05-20 00:00:00-04:00,7.436536171545268,7.574383854676862,7.153584790078464,7.293851375579834,243600,0.0,0.0
2010-05-21 00:00:00-04:00,7.226137626990646,7.361567118170105,7.221300513495619,7.3180365562438965,210300,0.0,0.0
2010-05-24 00:00:00-04:00,7.315617312033528,7.37124030914779,7.0568507795390945,7.153585433959961,188100,0.0,0.0
2010-05-25 00:00:00-04:00,7.0229938203424975,7.0229938203424975,6.8367777396366405,6.969789028167725,149400,0.0,0.0
2010-05-26 00:00:00-04:00,6.986716485513671,7.189860693929169,6.90207289236412,6.962532997131348,171900,0.0,0.0
2010-05-27 00:00:00-04:00,7.112474297096749,7.267251569507542,7.018157145375101,7.262414455413818,72000,0.0,0.0
2010-05-28 00:00:00-04:00,7.264831038776683,7.315616919899485,6.998808504684958,7.1100544929504395,130200,0.0,0.0
2010-06-01 00:00:00-04:00,7.039921647460856,7.158422972683337,6.84645163521464,6.851287364959717,69300,0.0,0.0
2010-06-02 00:00:00-04:00,6.860962059952208,7.0592691992785666,6.831941452350361,6.974625587463379,155100,0.0,0.0
2010-06-03 00:00:00-04:00,6.967371046372095,7.08829059226064,6.831941542444212,6.977044582366943,182700,0.0,0.0
2010-06-04 00:00:00-04:00,6.771483022363336,7.032668555892826,6.706186466004454,6.7352070808410645,256200,0.0,0.0
2010-06-07 00:00:00-04:00,6.815010034133584,6.889980081947437,6.686835904968533,6.691672325134277,130200,0.0,0.0
2010-06-08 00:00:00-04:00,6.694091860606391,6.783571869290863,6.643305292626366,6.727948188781738,126300,0.0,0.0
2010-06-09 00:00:00-04:00,6.802921557525552,7.010902254510398,6.674746674925123,6.749716758728027,200100,0.0,0.0
2010-06-10 00:00:00-04:00,6.8657973218623916,7.001226801121679,6.701347239904685,6.805337905883789,297600,0.0,0.0
2010-06-11 00:00:00-04:00,6.723113269347877,6.998808651428491,6.723113269347877,6.860960960388184,95700,0.0,0.0
2010-06-14 00:00:00-04:00,6.9069104213702035,6.991554019620081,6.841613891754255,6.860960960388184,83700,0.0,0.0
2010-06-15 00:00:00-04:00,6.824684405773055,7.177768721807287,6.824684405773055,7.163258075714111,90000,0.0,0.0
2010-06-16 00:00:00-04:00,7.0858720892166005,7.15358614648405,7.025411972811064,7.037503719329834,108900,0.0,0.0
2010-06-17 00:00:00-04:00,7.061686278535885,7.0641051810444395,6.773899151535503,6.860960960388184,169500,0.0,0.0
2010-06-18 00:00:00-04:00,6.868217237471076,6.945604830843116,6.727949932546132,6.783573627471924,261900,0.0,0.0
2010-06-21 00:00:00-04:00,6.885147270116567,7.018158594427539,6.723116022875021,6.7352070808410645,122400,0.0,0.0
2010-06-22 00:00:00-04:00,6.771479710431359,6.841613347580318,6.6602344205874635,6.667489051818848,258000,0.0,0.0
2010-06-23 00:00:00-04:00,6.640888186824844,6.698929401440649,6.590102297012478,6.623960018157959,132600,0.0,0.0
2010-06-24 00:00:00-04:00,6.599776524687635,6.764225940859895,6.599776524687635,6.623960018157959,129300,0.0,0.0
2010-06-25 00:00:00-04:00,6.633632452362307,6.921420266686125,6.604611849873495,6.919002056121826,1701900,0.0,0.0
2010-06-28 00:00:00-04:00,6.870635266021835,6.88998233682772,6.696510936863039,6.754552841186523,139800,0.0,0.0
2010-06-29 00:00:00-04:00,6.657815992171962,6.701346545757683,6.532059368266009,6.621540069580078,396600,0.0,0.0
2010-06-30 00:00:00-04:00,6.638468866046291,6.783572570233366,6.602193631905263,6.611866474151611,172800,0.0,0.0
2010-07-01 00:00:00-04:00,6.599776542706825,6.703766533581339,6.5538263827948695,6.60944938659668,340800,0.0,0.0
2010-07-02 00:00:00-04:00,6.669907138062279,6.756968938369424,6.558661850289327,6.648141860961914,140700,0.0,0.0
2010-07-06 00:00:00-04:00,6.720695739618904,6.752135251500236,6.406305464146842,6.418397903442383,126900,0.0,0.0
2010-07-07 00:00:00-04:00,6.430488825373885,6.604613166935585,6.350682325591436,6.599776744842529,457500,0.0,0.0
2010-07-08 00:00:00-04:00,6.64572350293808,6.737622413839935,6.512712941020065,6.727948188781738,81300,0.0,0.0
2010-07-09 00:00:00-04:00,6.7376245267484896,6.7376245267484896,6.565919086468133,6.718277454376221,197700,0.0,0.0
2010-07-12 00:00:00-04:00,6.706184336845693,6.911747478936589,6.592520817085736,6.851287364959717,297300,0.0,0.0
2010-07-13 00:00:00-04:00,6.962531302518674,7.42444190696673,6.911744743846474,7.366400718688965,333300,0.0,0.0
2010-07-14 00:00:00-04:00,7.305943884624434,7.426863415260263,7.235810930484777,7.3567304611206055,164400,0.0,0.0
2010-07-15 00:00:00-04:00,7.397842341306356,7.603404769241384,7.1729328450502505,7.571966648101807,240300,0.0,0.0
2010-07-16 00:00:00-04:00,7.50425017361776,7.509087285978308,7.214043497248633,7.240645885467529,300000,0.0,0.0
2010-07-19 00:00:00-04:00,7.240646392970622,7.2672494749597965,7.122145780651969,7.233391761779785,115500,0.0,0.0
2010-07-20 00:00:00-04:00,7.14874794974802,7.596149378920132,7.05443082812581,7.540526390075684,235800,0.0,0.0
2010-07-21 00:00:00-04:00,7.615497263130458,7.857335618962267,7.591313081594404,7.6977219581604,298500,0.0,0.0
2010-07-22 00:00:00-04:00,7.775111349252588,8.130613924748767,7.775111349252588,7.980673789978027,324900,0.0,0.0
2010-07-23 00:00:00-04:00,7.927470622263299,8.246697306773871,7.8742658288919385,8.227350234985352,133800,0.0,0.0
2010-07-26 00:00:00-04:00,8.253951666832949,8.374870505423567,8.147542092528877,8.31924819946289,149100,0.0,0.0
2010-07-27 00:00:00-04:00,8.365196752451952,8.464351000120507,8.287808476362798,8.34343147277832,139500,0.0,0.0
2010-07-28 00:00:00-04:00,8.302319314767788,8.365197641727487,8.060480926280167,8.101593971252441,172800,0.0,0.0
2010-07-29 00:00:00-04:00,8.186236445946749,8.217675953680672,7.983092210594138,8.026622772216797,83100,0.0,0.0
2010-07-30 00:00:00-04:00,7.905703143967771,8.205583391560767,7.806549592886319,7.946815490722656,249000,0.0,0.0
2010-08-02 00:00:00-04:00,8.096755535836786,8.176562709939567,7.944397202983697,8.043551445007324,182700,0.0,0.0
2010-08-03 00:00:00-04:00,8.02662334963575,8.147542891997245,7.934725798224017,7.983092784881592,156000,0.0,0.0
2010-08-04 00:00:00-04:00,8.447426125437527,8.86822542106825,8.440170798156217,8.723121643066406,437100,0.0,0.0
2010-08-05 00:00:00-04:00,8.607037288790607,8.725538635406938,8.34585179103178,8.442587852478027,318000,0.0,0.0
2010-08-06 00:00:00-04:00,8.357941319855728,8.486115466873612,8.188654136174547,8.355523109436035,167400,0.0,0.0
2010-08-09 00:00:00-04:00,8.459514408371705,8.459514408371705,8.130614214718797,8.166890144348145,207600,0.0,0.0
2010-08-10 00:00:00-04:00,8.104011881698936,8.104011881698936,7.787202739643774,7.9298882484436035,176100,0.0,0.0
2010-08-11 00:00:00-04:00,7.816223100553456,7.920214465375148,7.588895376871271,7.6445183753967285,145800,0.0,0.0
2010-08-12 00:00:00-04:00,7.5018346362248165,7.567131178970067,7.298690374721951,7.385752201080322,173700,0.0,0.0
2010-08-13 00:00:00-04:00,7.3422202531571745,7.506671046090249,7.274505505675366,7.28659725189209,226200,0.0,0.0
2010-08-16 00:00:00-04:00,7.272086187286574,7.4994152929845805,7.243065582881553,7.46555757522583,206700,0.0,0.0
2010-08-17 00:00:00-04:00,7.50909046063518,7.5260186312897925,7.325293259436751,7.339803218841553,148800,0.0,0.0
2010-08-18 00:00:00-04:00,7.354312485786275,7.417190117880978,7.257576443037998,7.3180365562438965,293400,0.0,0.0
2010-08-19 00:00:00-04:00,7.313199482718869,7.315617693526696,7.1511675961957,7.24306583404541,315300,0.0,0.0
2010-08-20 00:00:00-04:00,7.192280764926817,7.276924379972466,7.008483576433749,7.08345365524292,153000,0.0,0.0
2010-08-23 00:00:00-04:00,7.199534588427422,7.816222567852744,7.093125712020555,7.105217456817627,382500,0.0,0.0
2010-08-24 00:00:00-04:00,7.013321106598381,7.189862980411675,6.8682180544424,6.964953422546387,221400,0.0,0.0
2010-08-25 00:00:00-04:00,6.9190041236896915,7.0133212829390414,6.773901067885286,6.993974208831787,94500,0.0,0.0
2010-08-26 00:00:00-04:00,6.981879669783518,7.044757987683406,6.783572565749639,6.795664310455322,125700,0.0,0.0
2010-08-27 00:00:00-04:00,6.882725720319664,7.073778181641144,6.810174564369328,7.02057409286499,132900,0.0,0.0
2010-08-30 00:00:00-04:00,7.008481934362237,7.064104927666112,6.8319401123863495,6.868216037750244,229800,0.0,0.0
2010-08-31 00:00:00-04:00,6.875469527435388,7.006061855246877,6.817427647190173,6.863377094268799,184800,0.0,0.0
2010-09-01 00:00:00-04:00,6.952860167757038,7.071361498725996,6.892400742754126,6.969789028167725,283500,0.0,0.0
2010-09-02 00:00:00-04:00,6.986717830426325,7.056851482428046,6.889982474464479,7.037503719329834,165600,0.0,0.0
2010-09-03 00:00:00-04:00,7.129404021331371,7.228557607239931,7.088291660136014,7.214046955108643,90000,0.0,0.0
2010-09-07 00:00:00-04:00,7.2454850267932365,7.2454850267932365,6.9407683118234305,6.9818806648254395,196500,0.0,0.0
2010-09-08 00:00:00-04:00,7.020572715517195,7.047174408733505,6.938346658300084,6.984296798706055,83700,0.0,0.0
2010-09-09 00:00:00-04:00,7.083452230068092,7.083452230068092,6.911746823440894,6.945603847503662,141300,0.0,0.0
2010-09-10 00:00:00-04:00,6.955279379235137,7.0012281568089785,6.81984918184599,6.894819259643555,109800,0.0,0.0
2010-09-13 00:00:00-04:00,6.960117112629343,7.131822583835893,6.938351133360815,7.100383758544922,124500,0.0,0.0
2010-09-14 00:00:00-04:00,7.061685835938479,7.076196482457334,6.894817552405896,6.909327507019043,71700,0.0,0.0
2010-09-15 00:00:00-04:00,6.887564436157267,7.003646877882052,6.800502604863679,6.964953422546387,86700,0.0,0.0
2010-09-16 00:00:00-04:00,6.933513141292655,7.0689419362227515,6.93109423866982,7.018156051635742,133800,0.0,0.0
2010-09-17 00:00:00-04:00,7.1052201815561435,7.168098524044097,6.957698901123732,7.100383758544922,141300,0.0,0.0
2010-09-20 00:00:00-04:00,7.13665875354313,7.339803023135345,7.071362208197724,7.325293064117432,160800,0.0,0.0
2010-09-21 00:00:00-04:00,7.3252890752074755,7.448626773274111,7.250318342133435,7.366400718688965,265800,0.0,0.0
2010-09-22 00:00:00-04:00,7.320455353971999,7.467976602858154,7.320455353971999,7.383333683013916,98700,0.0,0.0
2010-09-23 00:00:00-04:00,7.327709932220255,7.3712404932012765,7.03992140483045,7.059268474578857,111900,0.0,0.0
2010-09-24 00:00:00-04:00,7.17535214476022,7.550201823355968,7.105218492521421,7.509089469909668,159600,0.0,0.0
2010-09-27 00:00:00-04:00,7.4873212897900245,7.555036019241104,7.351891830887866,7.400259494781494,198900,0.0,0.0
2010-09-28 00:00:00-04:00,7.431697518246562,7.533269947645824,7.2599928484924074,7.482483386993408,119100,0.0,0.0
2010-09-29 00:00:00-04:00,7.438952539116923,7.569545558503804,7.4002584136549645,7.441371440887451,144000,0.0,0.0
2010-09-30 00:00:00-04:00,7.475227987646539,7.567126875829433,7.322869705183346,7.5260138511657715,125400,0.0,0.0
2010-10-01 00:00:00-04:00,7.584056366535123,7.584056366535123,7.318034569878658,7.407514572143555,102000,0.0,0.0
2010-10-04 00:00:00-04:00,7.354312052459607,7.36398489506811,7.052013579959392,7.081034183502197,132600,0.0,0.0
2010-10-05 00:00:00-04:00,7.1705169657830385,7.436539613310057,7.064108045153438,7.380916595458984,99000,0.0,0.0
2010-10-06 00:00:00-04:00,7.3881687678716315,7.465557040744565,7.233392222125765,7.272085666656494,126300,0.0,0.0
2010-10-07 00:00:00-04:00,7.320456415905923,7.320456415905923,7.044760257953881,7.17777156829834,176700,0.0,0.0
2010-10-08 00:00:00-04:00,7.158420960716718,7.402677483080756,7.158420960716718,7.354310512542725,63600,0.0,0.0
2010-10-11 00:00:00-04:00,7.322872856744788,7.4099346710633895,7.276923392877966,7.298689365386963,40200,0.0,0.0
2010-10-12 00:00:00-04:00,7.259996229673786,7.405099273604404,7.24306667633285,7.385752201080322,41400,0.0,0.0
2010-10-13 00:00:00-04:00,7.441376089304399,7.453467146182277,7.2962730281802815,7.390590190887451,114600,0.0,0.0
2010-10-14 00:00:00-04:00,7.371238896445318,7.429280093117671,7.305942377212509,7.400259494781494,76200,0.0,0.0
2010-10-15 00:00:00-04:00,7.504251159491709,7.547781716927253,7.28659629659678,7.378495216369629,144600,0.0,0.0
2010-10-18 00:00:00-04:00,7.407517309353893,7.630009330020237,7.385752026255967,7.620335102081299,70800,0.0,0.0
2010-10-19 00:00:00-04:00,7.588894377244862,7.7509262380860875,7.359147781176555,7.412352561950684,129600,0.0,0.0
2010-10-20 00:00:00-04:00,7.470391990182145,7.692883210254072,7.460717766969133,7.562290191650391,125700,0.0,0.0
2010-10-21 00:00:00-04:00,7.615496082881402,7.941977985632638,7.59131190509341,7.8815178871154785,189000,0.0,0.0
2010-10-22 00:00:00-04:00,7.9395601512095615,8.038714393996981,7.922631985577718,8.007275581359863,97500,0.0,0.0
2010-10-25 00:00:00-04:00,8.072570227951818,8.20799898097678,7.951650734739631,7.985508441925049,86400,0.0,0.0
2010-10-26 00:00:00-04:00,7.9492349053321485,7.985510833349933,7.842826023877554,7.893611907958984,75900,0.0,0.0
2010-10-27 00:00:00-04:00,7.81864250629982,7.857336648301984,7.448629946380596,7.552619934082031,115200,0.0,0.0
2010-10-28 00:00:00-04:00,7.5888953169236135,7.600987754355046,7.267250457744417,7.46555757522583,117300,0.0,0.0
2010-10-29 00:00:00-04:00,7.4389520234464355,7.533269120698253,7.351890247192178,7.463136196136475,86100,0.0,0.0
2010-11-01 00:00:00-04:00,7.499416458217927,7.610661779769191,7.42928280107933,7.564713001251221,116400,0.0,0.0
2010-11-02 00:00:00-04:00,7.654191445118649,7.775110969699199,7.576802478891187,7.7219061851501465,96600,0.0,0.0
2010-11-03 00:00:00-04:00,7.719487620663711,7.738834688357197,7.545363319516621,7.695303440093994,80700,0.0,0.0
2010-11-04 00:00:00-04:00,7.833150143401808,8.021784359079263,7.789618904435637,7.985508441925049,84900,0.0,0.0
2010-11-05 00:00:00-04:00,8.012110423207536,8.149958083058689,7.93955858629287,8.041131019592285,123900,0.0,0.0
2010-11-08 00:00:00-05:00,7.9830941129416075,8.205586163252793,7.978257690233608,8.142707824707031,95100,0.0,0.0
2010-11-09 00:00:00-05:00,8.104012550006885,8.157216651936208,7.915378252471397,8.036297798156738,102600,0.0,0.0
2010-11-10 00:00:00-05:00,8.02420455441139,8.290227090154644,7.9081214524153,8.280552864074707,117900,0.0,0.0
2010-11-11 00:00:00-05:00,8.18139902146742,8.18139902146742,8.038714224484442,8.055643081665039,97200,0.0,0.0
2010-11-12 00:00:00-05:00,7.9661627996466535,8.11852113858608,7.961326378426103,8.077408790588379,107100,0.0,0.0
2010-11-15 00:00:00-05:00,8.11368465423584,8.23460417858359,7.9758362719363705,8.11368465423584,64200,0.0,0.0
2010-11-16 00:00:00-05:00,8.029039558726103,8.10642781846359,7.944395976661823,8.07257080078125,105900,0.0,0.0
2010-11-17 00:00:00-05:00,8.067734718322754,8.22251125755268,7.9758358022021305,8.067734718322754,106800,0.0,0.0
2010-11-18 00:00:00-05:00,8.227348466456698,8.35552330843292,8.186235428814244,8.2781343460083,77700,0.0,0.0
2010-11-19 00:00:00-05:00,8.287808281917894,8.331338840243866,8.164470546818057,8.237022399902344,95700,0.0,0.0
2010-11-22 00:00:00-05:00,8.159636926340047,8.268464051414515,8.111269238317396,8.244279861450195,95400,0.0,0.0
2010-11-23 00:00:00-05:00,8.128192951901717,8.193489467893812,8.03387583901376,8.152377128601074,47700,0.0,0.0
2010-11-24 00:00:00-05:00,8.234604816543438,8.418401981942974,8.2225123788378,8.396636009216309,56700,0.0,0.0
2010-11-26 00:00:00-05:00,8.37003598036131,8.45226069852734,8.326505410015987,8.389382362365723,15600,0.0,0.0
2010-11-29 00:00:00-05:00,8.328917462620241,8.682002367592972,8.27571339024066,8.52480697631836,221400,0.0,0.0
2010-11-30 00:00:00-05:00,8.41356404213904,8.609452917989827,8.350685729895986,8.507881164550781,336000,0.0,0.0
2010-12-01 00:00:00-05:00,8.551411538057819,8.769066378118989,8.500625662408954,8.74730110168457,196800,0.0,0.0
2010-12-02 00:00:00-05:00,8.725535228455726,9.105221924579343,8.706188162101874,8.996394157409668,176100,0.0,0.0
2010-12-03 00:00:00-05:00,8.926263053452644,9.00606954562412,8.827109490942274,8.940773010253906,213600,0.0,0.0
2010-12-06 00:00:00-05:00,8.815016547766414,8.865803123424234,8.626382968727768,8.800506591796875,169500,0.0,0.0
2010-12-07 00:00:00-05:00,8.875476706776663,8.919007962129434,8.737628999986908,8.824690818786621,376800,0.0,0.0
2010-12-08 00:00:00-05:00,8.178983660286265,8.36278157455797,7.351895813687663,7.920217037200928,1320600,0.0,0.0
2010-12-09 00:00:00-05:00,7.80896938884853,7.833153574847488,7.593733385415406,7.743672847747803,513600,0.0,0.0
2010-12-10 00:00:00-05:00,7.73157827141014,7.944395985936689,7.64209757705499,7.9274678230285645,240300,0.0,0.0
2010-12-13 00:00:00-05:00,7.922631831445311,7.927468944321541,7.6735381619152525,7.695303440093994,298500,0.0,0.0
2010-12-14 00:00:00-05:00,7.73157938049457,7.760599982092974,7.654191109565493,7.726742267608643,246300,0.0,0.0
2010-12-15 00:00:00-05:00,7.678375265767803,7.818641864973149,7.632426494838575,7.78720235824585,366000,0.0,0.0
2010-12-16 00:00:00-05:00,7.799294117557512,7.828314719155916,7.709814102272197,7.726742267608643,284700,0.0,0.0
2010-12-17 00:00:00-05:00,7.675957959494631,7.758182668240006,7.588896136872894,7.738836288452148,867900,0.0,0.0
2010-12-20 00:00:00-05:00,7.758183381624517,7.825898830685001,7.72190813779259,7.777531147003174,152700,0.0,0.0
2010-12-21 00:00:00-05:00,7.835568160791689,7.85491522387769,7.758179216542129,7.811384677886963,127200,0.0,0.0
2010-12-22 00:00:00-05:00,7.9758369551229045,7.9758369551229045,7.765437393717181,7.8428263664245605,208500,0.0,0.0
2010-12-23 00:00:00-05:00,7.857337341997767,7.886357951061514,7.736417791612542,7.775112628936768,124200,0.0,0.0
2010-12-27 00:00:00-05:00,7.738833523665327,7.8089664605228,7.702557604223125,7.765435218811035,131100,0.0,0.0
2010-12-28 00:00:00-05:00,7.746091631163227,7.842826989854732,7.702560373799118,7.801713943481445,141300,0.0,0.0
2010-12-29 00:00:00-05:00,7.804130881010388,7.91053905686768,7.743670778124882,7.883937358856201,148800,0.0,0.0
2010-12-30 00:00:00-05:00,7.823480352118751,8.045972401034792,7.823480352118751,8.02420711517334,57000,0.0,0.0
2010-12-31 00:00:00-05:00,8.016948573315446,8.099173261099798,7.9516520500183105,7.9516520500183105,163200,0.0,0.0
2011-01-03 00:00:00-05:00,8.050807226792644,8.39905446919384,7.973418258797723,8.34343147277832,400800,0.0,0.0
2011-01-04 00:00:00-05:00,8.38696256579508,8.435330237438253,8.203165413551027,8.423237800598145,258600,0.0,0.0
2011-01-05 00:00:00-05:00,8.43532977721592,8.59977985183049,8.391798529159207,8.592524528503418,328500,0.0,0.0
2011-01-06 00:00:00-05:00,8.60945012278717,8.776319036540585,8.469183589880661,8.761808395385742,357900,0.0,0.0
2011-01-07 00:00:00-05:00,8.810180996821476,8.810180996821476,8.665077271355797,8.7521390914917,524100,0.0,0.0
2011-01-10 00:00:00-05:00,8.718281880605426,8.827108971885934,8.715862978025942,8.769067764282227,295200,0.0,0.0
2011-01-11 00:00:00-05:00,8.81260005379289,9.030254970981568,8.771487696647064,9.003652572631836,297300,0.0,0.0
2011-01-12 00:00:00-05:00,9.100386089211495,9.257581544327051,9.049600205881617,9.21405029296875,285300,0.0,0.0
2011-01-13 00:00:00-05:00,9.197123527526855,9.293858887608623,9.153592269537125,9.197123527526855,797100,0.0,0.0
2011-01-14 00:00:00-05:00,9.172938954932519,9.35915434226485,9.088295345452064,9.30111312866211,298800,0.0,0.0
2011-01-18 00:00:00-05:00,9.23581539267037,9.45105205079775,9.230978971450256,9.446215629577637,218100,0.0,0.0
2011-01-19 00:00:00-05:00,9.417193050534019,9.487326683908483,9.303528864491215,9.32045841217041,211200,0.0,0.0
2011-01-20 00:00:00-05:00,9.26241999898085,9.320461214593914,9.12215269005714,9.233399391174316,176700,0.0,0.0
2011-01-21 00:00:00-05:00,9.279344398988718,9.361569075090797,9.247905592944134,9.327712059020996,168000,0.0,0.0
2011-01-24 00:00:00-05:00,9.31078390687332,9.43412162222913,9.247906290044483,9.419610977172852,556500,0.0,0.0
2011-01-25 00:00:00-05:00,9.405103598922897,9.405103598922897,9.107642212887505,9.25516414642334,259200,0.0,0.0
2011-01-26 00:00:00-05:00,9.279346754809897,9.434123306207532,9.257581475246043,9.342225074768066,142800,0.0,0.0
2011-01-27 00:00:00-05:00,9.293860099627047,9.34464599731653,9.223726435492184,9.330135345458984,214200,0.0,0.0
2011-01-28 00:00:00-05:00,9.308367779615839,9.334970173568124,9.081040055411606,9.117315292358398,192000,0.0,0.0
2011-01-31 00:00:00-05:00,9.131822534385783,9.308364307487738,9.131822534385783,9.168098449707031,183900,0.0,0.0
2011-02-01 00:00:00-05:00,9.18503262781515,9.60099474587369,9.18503262781515,9.388176918029785,126600,0.0,0.0
2011-02-02 00:00:00-05:00,9.318041314516144,9.402684917870246,8.897242200400047,9.117315292358398,294300,0.0,0.0
2011-02-03 00:00:00-05:00,9.1487555151486,9.405104575393366,9.136663767639613,9.286603927612305,162900,0.0,0.0
2011-02-04 00:00:00-05:00,9.262417282183918,9.269671913078266,9.180191212991334,9.223722457885742,134100,0.0,0.0
2011-02-07 00:00:00-05:00,9.223723985952235,9.3664087957642,9.165682777747955,9.349480628967285,92400,0.0,0.0
2011-02-08 00:00:00-05:00,9.3083697631649,9.455891028853838,9.298696226203232,9.44379997253418,101700,0.0,0.0
2011-02-09 00:00:00-05:00,9.405102145609652,9.581644658017538,9.405102145609652,9.555042266845703,153900,0.0,0.0
2011-02-10 00:00:00-05:00,9.484912910018616,9.68563969373824,9.484912910018616,9.571974754333496,186300,0.0,0.0
2011-02-11 00:00:00-05:00,9.540531179741869,9.678379550230787,9.540531179741869,9.66386890411377,242400,0.0,0.0
2011-02-14 00:00:00-05:00,9.617922631432114,9.654198564218964,9.509094833071561,9.605830192565918,56100,0.0,0.0
2011-02-15 00:00:00-05:00,9.533280367194822,9.620342203052942,9.38817661552532,9.417197227478027,164400,0.0,0.0
2011-02-16 00:00:00-05:00,9.497001063510274,9.886361321481397,9.402683935113773,9.555042266845703,390000,0.0,0.0
2011-02-17 00:00:00-05:00,9.547789156129685,9.724331017545005,9.511513222661751,9.557462692260742,88500,0.0,0.0
2011-02-18 00:00:00-05:00,9.615501310669229,9.808972672914868,9.52602129861343,9.588899612426758,71700,0.0,0.0
2011-02-22 00:00:00-05:00,9.470399233417794,9.605828715890727,9.238233714415577,9.342225074768066,239100,0.0,0.0
2011-02-23 00:00:00-05:00,9.330130019967532,9.407518965858776,8.889983979471221,8.899658203125,376200,0.0,0.0
2011-02-24 00:00:00-05:00,8.91658576496266,9.097964646017154,8.788410958991653,9.064106941223145,154200,0.0,0.0
2011-02-25 00:00:00-05:00,9.071366944315162,9.22130709966427,8.960121625232235,9.192286491394043,186300,0.0,0.0
2011-02-28 00:00:00-05:00,9.170520868040388,9.197123264277904,8.950447757177045,9.042346000671387,250200,0.0,0.0
2011-03-01 00:00:00-05:00,9.047183730545273,9.13424555805525,8.723119223621511,8.860967636108398,665100,0.0,0.0
2011-03-02 00:00:00-05:00,8.8778962107313,8.892406860800095,8.633638905851658,8.766650199890137,120300,0.0,0.0
2011-03-03 00:00:00-05:00,8.851293911415897,8.984305206925153,8.851293911415897,8.877896308898926,239700,0.0,0.0
2011-03-04 00:00:00-05:00,8.85854610156727,9.037506803595306,8.778739629266896,8.846453666687012,191400,0.0,0.0
2011-03-07 00:00:00-05:00,8.860966918242417,8.887569314136208,8.585270807509898,8.744884490966797,66300,0.0,0.0
2011-03-08 00:00:00-05:00,8.761814496547636,9.126990686395688,8.718283926582139,9.030255317687988,168600,0.0,0.0
2011-03-09 00:00:00-05:00,9.039928888557082,9.042347099807385,8.950448845142416,8.969795227050781,66900,0.0,0.0
2011-03-10 00:00:00-05:00,8.84887449620799,8.957702282400602,8.735210288534354,8.807762145996094,129600,0.0,0.0
2011-03-11 00:00:00-05:00,8.766646077032046,8.909330840044673,8.474021921290046,8.764227867126465,85800,0.0,0.0
2011-03-14 00:00:00-04:00,8.657818588578719,8.810176875521547,8.633634415012239,8.742462158203125,39900,0.0,0.0
2011-03-15 00:00:00-04:00,8.466770067727794,8.682006751315052,8.466770067727794,8.633638381958008,56100,0.0,0.0
2011-03-16 00:00:00-04:00,8.590106722661542,8.623964438512246,8.304737116141235,8.459513664245605,209400,0.0,0.0
2011-03-17 00:00:00-04:00,8.585268738848445,8.64330993850095,8.41840046282391,8.507881164550781,211200,0.0,0.0
2011-03-18 00:00:00-04:00,8.631219130640133,8.631219130640133,8.432911331041614,8.51513671875,222000,0.0,0.0
2011-03-21 00:00:00-04:00,8.619127223574269,8.819853230001476,8.568341342304123,8.778740882873535,222300,0.0,0.0
2011-03-22 00:00:00-04:00,8.783573175668645,8.972207348735527,8.706184938903855,8.94318675994873,501000,0.0,0.0
2011-03-23 00:00:00-04:00,8.894823790508722,9.03992681076462,8.810180189049671,8.979467391967773,164700,0.0,0.0
2011-03-24 00:00:00-04:00,9.015742028766011,9.15117080303618,8.948026603772407,9.076201438903809,69900,0.0,0.0
2011-03-25 00:00:00-04:00,9.119734163177087,9.39301206281937,9.105224205729323,9.30111312866211,100200,0.0,0.0
2011-03-28 00:00:00-04:00,9.34464250199285,9.412357237552406,9.32529543469012,9.38575553894043,78900,0.0,0.0
2011-03-29 00:00:00-04:00,9.356736799756707,9.504258747131553,9.3422268412724,9.414778709411621,90900,0.0,0.0
2011-03-30 00:00:00-04:00,9.46072661427785,9.642105575971755,9.431706008083058,9.564717292785645,264900,0.0,0.0
2011-03-31 00:00:00-04:00,9.562300643476078,9.600994099482106,9.499422307166153,9.538116455078125,104100,0.0,0.0
2011-04-01 00:00:00-04:00,9.627595876135098,9.627595876135098,9.45347154240686,9.511512756347656,117600,0.0,0.0
2011-04-04 00:00:00-04:00,9.55262485679358,9.562298391493393,9.436542440395822,9.542950630187988,135900,0.0,0.0
2011-04-05 00:00:00-04:00,9.492164769772465,9.871851526620752,9.489746559067898,9.627594947814941,229800,0.0,0.0
2011-04-06 00:00:00-04:00,9.690471385083942,9.690471385083942,9.584062516213796,9.620338439941406,36000,0.0,0.0
2011-04-07 00:00:00-04:00,9.610665164430417,9.610665164430417,9.334969105366797,9.344642639160156,102900,0.0,0.0
2011-04-08 00:00:00-04:00,9.395426089115412,9.395426089115412,9.105220150356498,9.168098449707031,36000,0.0,0.0
2011-04-11 00:00:00-04:00,9.160846435996106,9.165682857435622,8.993977442028688,9.129406929016113,188400,0.0,0.0
2011-04-12 00:00:00-04:00,9.01815805984697,9.160842814492709,8.94076912025638,8.945606231689453,109500,0.0,0.0
2011-04-13 00:00:00-04:00,9.03750726477617,9.126987274403502,8.853709441035765,8.921424865722656,57900,0.0,0.0
2011-04-14 00:00:00-04:00,8.85613025774744,9.03509031568869,8.778741974982397,8.984304428100586,132000,0.0,0.0
2011-04-15 00:00:00-04:00,8.955281632318643,9.090711094042263,8.902077546880049,9.013322830200195,157200,0.0,0.0
2011-04-18 00:00:00-04:00,8.831944974702798,8.914170360864418,8.730372520256767,8.778740882873535,63900,0.0,0.0
2011-04-19 00:00:00-04:00,8.829528509877553,9.044765206026549,8.827110298840319,8.858549118041992,71100,0.0,0.0
2011-04-20 00:00:00-04:00,9.037508964033146,9.100386596056719,8.715863403916439,8.91417121887207,193800,0.0,0.0
2011-04-21 00:00:00-04:00,8.960122004337645,9.008489686834473,8.829528915643257,9.003652572631836,141300,0.0,0.0
2011-04-25 00:00:00-04:00,8.960120706953584,9.44863388348414,8.822272312868005,9.347062110900879,607200,0.0,0.0
2011-04-26 00:00:00-04:00,9.429284903345046,9.482488985754152,9.267252370269922,9.378499031066895,63600,0.0,0.0
2011-04-27 00:00:00-04:00,9.385756758770544,9.57680855428598,9.318041322504573,9.48732852935791,141000,0.0,0.0
2011-04-28 00:00:00-04:00,9.494586372440185,9.741261924005595,9.441381570374714,9.460728645324707,183000,0.0,0.0
2011-04-29 00:00:00-04:00,9.506676800549164,9.622759234121848,9.506676800549164,9.557462692260742,60000,0.0,0.0
2011-05-02 00:00:00-04:00,9.632431351331226,9.637267772731377,9.400266518385296,9.472818374633789,159000,0.0,0.0
2011-05-03 00:00:00-04:00,9.424450360180321,9.492165105644698,9.356735614715944,9.477654457092285,114000,0.0,0.0
2011-05-04 00:00:00-04:00,9.79446281577053,9.79446281577053,9.114895820617676,9.114895820617676,250800,0.0,0.0
2011-05-05 00:00:00-04:00,9.064111983779224,9.310787509949,8.628802842220125,8.669915199279785,186900,0.0,0.0
2011-05-06 00:00:00-04:00,8.807763997881171,8.940774611350987,8.594946186042343,8.689263343811035,93000,0.0,0.0
2011-05-09 00:00:00-04:00,8.643308101830677,8.73762520420039,8.47643986126501,8.534481048583984,90000,0.0,0.0
2011-05-10 00:00:00-04:00,8.561085793376048,8.684423523419111,8.517554544929082,8.679586410522461,188700,0.0,0.0
2011-05-11 00:00:00-04:00,8.626385998232472,8.626385998232472,8.41598637349051,8.512721061706543,176400,0.0,0.0
2011-05-12 00:00:00-04:00,8.435328089781773,8.553828682160548,8.297480433671543,8.536900520324707,147600,0.0,0.0
2011-05-13 00:00:00-04:00,8.556248518350031,8.669912712351731,8.104010644698581,8.15963363647461,231000,0.0,0.0
2011-05-16 00:00:00-04:00,8.089499935573262,8.244276473643684,8.043551169762882,8.104010581970215,63000,0.0,0.0
2011-05-17 00:00:00-04:00,8.08224565676991,8.227348667539282,8.070153220276497,8.130613327026367,74100,0.0,0.0
2011-05-18 00:00:00-04:00,8.181398826024003,8.29748192112807,8.137868270777465,8.295063018798828,40800,0.0,0.0
2011-05-19 00:00:00-04:00,8.362779349486729,8.362779349486729,8.101593892460262,8.208002090454102,58200,0.0,0.0
2011-05-20 00:00:00-04:00,8.133032944747521,8.215257652457225,8.070154616581995,8.091919898986816,96600,0.0,0.0
2011-05-23 00:00:00-04:00,7.968583351545379,8.208003569951739,7.968583351545379,8.154799461364746,78600,0.0,0.0
2011-05-24 00:00:00-04:00,8.212839341126697,8.212839341126697,7.956490993499756,7.956490993499756,81000,0.0,0.0
2011-05-25 00:00:00-04:00,7.973417729114577,8.21767497822401,7.954070661377536,8.210419654846191,72900,0.0,0.0
2011-05-26 00:00:00-04:00,8.13787013305645,8.319249102537283,8.091919973059687,8.263626098632812,93900,0.0,0.0
2011-05-27 00:00:00-04:00,8.287809728681932,8.411147485312261,8.246697373773777,8.345850944519043,64800,0.0,0.0
2011-05-31 00:00:00-04:00,8.432909622518148,8.648146236553071,8.263623152095674,8.307153701782227,354900,0.0,0.0
2011-06-01 00:00:00-04:00,8.34101215703747,8.428073956103068,7.886355403344782,7.932304859161377,165000,0.0,0.0
2011-06-02 00:00:00-04:00,7.968580844284003,8.058061554057998,7.912958541877419,8.0338773727417,64200,0.0,0.0
2011-06-03 00:00:00-04:00,7.9057037225926585,8.195910457371694,7.9057037225926585,7.980673789978027,120000,0.0,0.0
2011-06-06 00:00:00-04:00,7.944396585130299,8.002437784378841,7.813804232773913,7.9008660316467285,107700,0.0,0.0
2011-06-07 00:00:00-04:00,7.934724674223218,8.014531159571348,7.816222667694092,7.816222667694092,81900,0.0,0.0
2011-06-08 00:00:00-04:00,7.779949358210783,7.854919440894099,7.741255211265321,7.777531147003174,137100,0.0,0.0
2011-06-09 00:00:00-04:00,7.77994740312986,7.85975388817323,7.77511098193002,7.799294471740723,49200,0.0,0.0
2011-06-10 00:00:00-04:00,7.7823677816584995,8.106430896400175,7.7823677816584995,7.854918956756592,104700,0.0,0.0
2011-06-13 00:00:00-04:00,7.75576391233061,7.9830923347125236,7.743672166348073,7.898449420928955,107700,0.0,0.0
2011-06-14 00:00:00-04:00,7.966165208351972,8.157217742446802,7.876685161564178,8.087084770202637,152400,0.0,0.0
2011-06-15 00:00:00-04:00,7.968579461208304,7.987927218046671,7.796874778859377,7.966161251068115,109500,0.0,0.0
2011-06-16 00:00:00-04:00,8.000018166008344,8.19832590782384,7.920211704064369,8.062895774841309,52500,0.0,0.0
2011-06-17 00:00:00-04:00,8.12335788057412,8.181399084003484,8.007275473715392,8.111266136169434,149700,0.0,0.0
2011-06-20 00:00:00-04:00,8.060481013128149,8.205584739689986,8.02662329242216,8.128195762634277,60300,0.0,0.0
2011-06-21 00:00:00-04:00,8.224933816774376,8.224933816774376,7.971002925271426,8.0604829788208,320100,0.0,0.0
2011-06-22 00:00:00-04:00,8.036299479766814,8.142708397797588,8.036299479766814,8.0604829788208,106500,0.0,0.0
2011-06-23 00:00:00-04:00,7.961326737071761,8.237022824329733,7.956490315633336,8.13545036315918,55200,0.0,0.0
2011-06-24 00:00:00-04:00,8.142706230869502,8.307156333153781,8.13545090632168,8.299901008605957,201900,0.0,0.0
2011-06-27 00:00:00-04:00,8.454676182581725,8.544156889482952,8.425655581077313,8.49337100982666,100200,0.0,0.0
2011-06-28 00:00:00-04:00,8.505462754143736,8.51513628797854,8.324083821764729,8.49337100982666,83700,0.0,0.0
2011-06-29 00:00:00-04:00,8.493371547644932,8.517555037810434,8.418401482701507,8.503045082092285,214200,0.0,0.0
2011-06-30 00:00:00-04:00,8.51030112014823,8.858549109699409,8.51030112014823,8.827110290527344,60000,0.0,0.0
2011-07-01 00:00:00-04:00,8.827111114649359,9.035091813096653,8.827111114649359,8.993979454040527,92400,0.0,0.0
2011-07-05 00:00:00-04:00,9.032671564436345,9.032671564436345,8.921426260569916,8.974630355834961,238500,0.0,0.0
2011-07-06 00:00:00-04:00,8.957702276522891,9.068947581477229,8.957702276522891,9.022998809814453,84300,0.0,0.0
2011-07-07 00:00:00-04:00,9.100383367104905,9.214047536862934,9.027831533844697,9.201955795288086,57900,0.0,0.0
2011-07-08 00:00:00-04:00,9.18261281720697,9.301113459551797,9.165683956327461,9.264838218688965,104400,0.0,0.0
2011-07-11 00:00:00-04:00,9.170518660882673,9.228559861301083,9.085874378723718,9.1947021484375,82200,0.0,0.0
2011-07-12 00:00:00-04:00,9.064111474444076,9.274511054017903,9.064111474444076,9.233399391174316,64800,0.0,0.0
2011-07-13 00:00:00-04:00,9.24549175879454,9.448636042280677,9.20921582090981,9.35431957244873,75600,0.0,0.0
2011-07-14 00:00:00-04:00,9.334968577979362,9.426866797871554,9.250324989093048,9.274508476257324,63000,0.0,0.0
2011-07-15 00:00:00-04:00,9.293857661367081,9.552624888420253,9.293857661367081,9.535696029663086,78900,0.0,0.0
2011-07-18 00:00:00-04:00,9.458310584771473,9.499422946719367,9.371248746108058,9.388176918029785,70500,0.0,0.0
2011-07-19 00:00:00-04:00,9.45589096135118,9.792047233251823,9.45589096135118,9.760607719421387,63300,0.0,0.0
2011-07-20 00:00:00-04:00,9.726747015323788,9.726747015323788,9.617919939330323,9.649358749389648,79800,0.0,0.0
2011-07-21 00:00:00-04:00,9.695306721929724,9.779950303862142,9.574387912231085,9.731582641601562,121200,0.0,0.0
2011-07-22 00:00:00-04:00,9.731585327209498,10.07015974837494,9.661452370553597,9.903290748596191,255000,0.0,0.0
2011-07-25 00:00:00-04:00,9.80413369278726,9.987931486507508,9.765439566089434,9.874266624450684,103200,0.0,0.0
2011-07-26 00:00:00-04:00,9.857341556398337,9.871851512510782,9.668707283596095,9.789626121520996,117000,0.0,0.0
2011-07-27 00:00:00-04:00,9.71949696254693,9.71949696254693,9.455892519847225,9.579230308532715,138000,0.0,0.0
2011-07-28 00:00:00-04:00,9.579223252514097,9.579223252514097,9.337384968476773,9.361568450927734,64200,0.0,0.0
2011-07-29 00:00:00-04:00,9.315621299704118,9.414775532159362,9.206793534221946,9.32045841217041,166200,0.0,0.0
2011-08-01 00:00:00-04:00,9.390589946055846,9.496999493147992,9.2720893484836,9.397845268249512,88800,0.0,0.0
2011-08-02 00:00:00-04:00,9.322877207100262,9.513928977433922,9.274508847026727,9.332550048828125,146400,0.0,0.0
2011-08-03 00:00:00-04:00,7.547782441353937,9.332551381343052,7.521180738992678,8.98188591003418,211800,0.0,0.0
2011-08-04 00:00:00-04:00,8.846454002439609,8.979465947831217,8.481277953882495,8.619126319885254,135300,0.0,0.0
2011-08-05 00:00:00-04:00,8.686845313010009,8.950449738984345,8.367617871288243,8.399057388305664,115200,0.0,0.0
2011-08-08 00:00:00-04:00,8.205581913760817,8.27329594804099,7.755761623382568,7.755761623382568,215400,0.0,0.0
2011-08-09 00:00:00-04:00,7.925050238184521,8.27329746529117,7.550200619364123,8.193490982055664,294300,0.0,0.0
2011-08-10 00:00:00-04:00,7.954072427541492,8.292646880024279,7.743672846206513,7.821061134338379,121800,0.0,0.0
2011-08-11 00:00:00-04:00,7.891193365989269,8.22009353122333,7.891193365989269,8.11368465423584,271800,0.0,0.0
2011-08-12 00:00:00-04:00,8.166889938640821,8.316829383076543,8.00243915405074,8.222512245178223,185400,0.0,0.0
2011-08-15 00:00:00-04:00,8.461933799871247,8.461933799871247,8.263626648451737,8.336177825927734,88500,0.0,0.0
2011-08-16 00:00:00-04:00,8.287808170908644,8.41114590435646,8.193491039924682,8.341012954711914,81600,0.0,0.0
2011-08-17 00:00:00-04:00,8.36035557535334,8.486112154774894,8.307151507356926,8.464346885681152,77400,0.0,0.0
2011-08-18 00:00:00-04:00,8.200746701582446,8.278134978009625,7.929887734087322,8.029041290283203,206700,0.0,0.0
2011-08-19 00:00:00-04:00,7.886357107104182,8.38696342476387,7.883938896250795,7.995184898376465,121200,0.0,0.0
2011-08-22 00:00:00-04:00,8.176565461295928,8.249116644459194,7.925052801786983,8.000022888183594,114900,0.0,0.0
2011-08-23 00:00:00-04:00,8.00727682676581,8.302319314767788,8.002439713043138,8.101593971252441,334500,0.0,0.0
2011-08-24 00:00:00-04:00,8.135452282648838,8.674752838906244,8.094339923098984,8.616711616516113,221700,0.0,0.0
2011-08-25 00:00:00-04:00,8.7134411690857,8.7134411690857,8.343428104481799,8.52480697631836,117000,0.0,0.0
2011-08-26 00:00:00-04:00,8.440166753116715,8.834364146302836,8.440166753116715,8.66507625579834,83100,0.0,0.0
2011-08-29 00:00:00-04:00,8.585268499223325,9.305947745985435,8.585268499223325,9.267252922058105,181200,0.0,0.0
2011-08-30 00:00:00-04:00,9.2551662864401,9.2551662864401,8.952867716861086,9.209216117858887,76200,0.0,0.0
2011-08-31 00:00:00-04:00,9.14875223328335,9.320458307464431,8.955281574918262,9.049598693847656,110700,0.0,0.0
2011-09-01 00:00:00-04:00,9.052020061901684,9.21163305258084,8.740048021373251,8.844038009643555,91500,0.0,0.0
2011-09-02 00:00:00-04:00,8.67716454147767,8.841615240134953,8.425652074539993,8.464346885681152,156300,0.0,0.0
2011-09-06 00:00:00-04:00,8.222512318521513,8.338594737922328,7.95165333991961,8.116104125976562,230100,0.0,0.0
2011-09-07 00:00:00-04:00,8.28055584510323,8.452261311486195,8.212841081506312,8.44742488861084,166200,0.0,0.0
2011-09-08 00:00:00-04:00,8.278133748343473,8.42323674509027,8.198327273109152,8.304736137390137,90600,0.0,0.0
2011-09-09 00:00:00-04:00,8.195912574538042,8.292647947151119,7.958910565683022,8.02420711517334,102900,0.0,0.0
2011-09-12 00:00:00-04:00,7.920214016781284,8.14754172758783,7.920214016781284,8.04596996307373,111900,0.0,0.0
2011-09-13 00:00:00-04:00,8.09433906033143,8.302319739107972,8.089501946361528,8.246697425842285,49800,0.0,0.0
2011-09-14 00:00:00-04:00,8.333757704911852,8.573177850335062,8.14270523069001,8.428074836730957,73200,0.0,0.0
2011-09-15 00:00:00-04:00,8.297482481236315,8.568341440316404,8.20316534929449,8.551412582397461,81600,0.0,0.0
2011-09-16 00:00:00-04:00,8.609454639179285,8.609454639179285,8.304737934132278,8.440167427062988,129000,0.0,0.0
2011-09-19 00:00:00-04:00,7.963744917195741,8.355523386301705,7.963744917195741,8.203165054321289,78600,0.0,0.0
2011-09-20 00:00:00-04:00,8.253951593632287,8.297482845634784,7.886356583974272,7.893611907958984,191100,0.0,0.0
2011-09-21 00:00:00-04:00,7.867009512653281,7.927469623303074,7.704977633866006,7.724324703216553,265500,0.0,0.0
2011-09-22 00:00:00-04:00,7.492158311485419,7.671118319773804,7.354310644032792,7.419607162475586,232500,0.0,0.0
2011-09-23 00:00:00-04:00,7.419607195125736,7.60098610630693,7.322871176177548,7.436535358428955,190500,0.0,0.0
2011-09-26 00:00:00-04:00,7.487320881186109,7.661445153606366,7.351891429674713,7.646934509277344,128100,0.0,0.0
2011-09-27 00:00:00-04:00,7.8331513067087695,8.04355082716311,7.663863437546185,7.794456481933594,192900,0.0,0.0
2011-09-28 00:00:00-04:00,7.753345270812103,7.775110548810431,7.506669813812012,7.547781467437744,124500,0.0,0.0
2011-09-29 00:00:00-04:00,7.731576839477234,7.8452403061190195,7.482482559408068,7.6759538650512695,96300,0.0,0.0
2011-09-30 00:00:00-04:00,7.535691002395616,7.741253437978781,7.417189685590753,7.48974084854126,184800,0.0,0.0
2011-10-03 00:00:00-04:00,7.390586431095305,7.526015194008884,6.916581955416864,6.92625617980957,165600,0.0,0.0
2011-10-04 00:00:00-04:00,6.889981055436072,7.453464214884999,6.86579687547355,7.412352561950684,202800,0.0,0.0
2011-10-05 00:00:00-04:00,7.455884079826597,7.683212494820189,7.259995172033932,7.535691261291504,79200,0.0,0.0
2011-10-06 00:00:00-04:00,7.504251603894959,7.741253548997816,7.504251603894959,7.692885875701904,84000,0.0,0.0
2011-10-07 00:00:00-04:00,7.6880484645003015,7.782365588260584,7.252738768976798,7.269667625427246,105000,0.0,0.0
2011-10-10 00:00:00-04:00,7.27450394123729,7.617914718423384,7.27450394123729,7.55019998550415,196200,0.0,0.0
2011-10-11 00:00:00-04:00,7.484906806502273,7.881521847915006,7.482487903173925,7.862175464630127,132600,0.0,0.0
2011-10-12 00:00:00-04:00,7.934725443842671,8.171726712265569,7.920214794968793,8.002439498901367,152700,0.0,0.0
2011-10-13 00:00:00-04:00,7.985509634576212,7.985509634576212,7.760599468153781,7.886355400085449,73500,0.0,0.0
2011-10-14 00:00:00-04:00,8.002439799265751,8.198329414980725,7.905704442828425,8.128195762634277,83700,0.0,0.0
2011-10-17 00:00:00-04:00,8.089500440560805,8.089500440560805,7.622752586781848,7.6977219581604,117600,0.0,0.0
2011-10-18 00:00:00-04:00,7.66144758390528,8.082246716250797,7.630008767093782,7.995184898376465,90000,0.0,0.0
2011-10-19 00:00:00-04:00,8.019367537550664,8.145124175229197,7.702559116569718,7.7219061851501465,74100,0.0,0.0
2011-10-20 00:00:00-04:00,7.7364174643011445,7.80171400490849,7.438956061006229,7.65661096572876,81600,0.0,0.0
2011-10-21 00:00:00-04:00,7.823479445371732,7.886357776235569,7.700141686608505,7.854918956756592,75900,0.0,0.0
2011-10-24 00:00:00-04:00,7.903287007269766,8.212840178238862,7.8815210310065655,8.137870788574219,75300,0.0,0.0
2011-10-25 00:00:00-04:00,8.111265616956791,8.25395040589697,7.646935327338541,7.688048362731934,147300,0.0,0.0
2011-10-26 00:00:00-04:00,7.823480817817486,8.000023402274657,7.6251736381092705,7.9081244468688965,127200,0.0,0.0
2011-10-27 00:00:00-04:00,8.157213964594405,8.643309506307022,7.98309037434364,8.55624771118164,177000,0.0,0.0
2011-10-28 00:00:00-04:00,8.515136069596611,8.657820862977061,8.411145410563014,8.425655364990234,84900,0.0,0.0
2011-10-31 00:00:00-04:00,8.302319404221466,8.311993631771045,8.096756944768607,8.128195762634277,75900,0.0,0.0
2011-11-01 00:00:00-04:00,7.8113839865731585,8.029038081075335,7.634840840702887,7.6759538650512695,97500,0.0,0.0
2011-11-02 00:00:00-04:00,7.772691278616108,8.036295580209682,7.76059953495655,7.9879279136657715,91500,0.0,0.0
2011-11-03 00:00:00-04:00,8.089500908094108,8.389380486657114,7.852498959728516,8.382125854492188,79800,0.0,0.0
2011-11-04 00:00:00-04:00,8.239440673688396,8.239440673688396,8.04596998652083,8.200746536254883,62400,0.0,0.0
2011-11-07 00:00:00-05:00,8.108846579210082,8.178978823493077,7.893609966636556,8.152377128601074,30000,0.0,0.0
2011-11-08 00:00:00-05:00,8.224929109425648,8.224929109425648,7.903283635989493,7.966161251068115,123000,0.0,0.0
2011-11-09 00:00:00-05:00,6.727949613664198,7.678375658021537,6.229762896753072,7.344638347625732,508200,0.0,0.0
2011-11-10 00:00:00-05:00,7.48006911932548,8.00485827219777,6.851287898091264,7.45588493347168,317700,0.0,0.0
2011-11-11 00:00:00-05:00,7.417190347184504,7.523599236400869,7.293852598070897,7.448629856109619,110100,0.0,0.0
2011-11-14 00:00:00-05:00,7.412353785940252,7.448629715921368,7.255158319990685,7.344638347625732,122100,0.0,0.0
2011-11-15 00:00:00-05:00,7.2769240560098165,7.540528425647791,7.22130105214989,7.513926029205322,114000,0.0,0.0
2011-11-16 00:00:00-05:00,7.402678167521754,7.586475993706936,7.378494680016768,7.414770603179932,87900,0.0,0.0
2011-11-17 00:00:00-05:00,7.405095536113016,7.453462501105612,7.318033753696369,7.366400718688965,88800,0.0,0.0
2011-11-18 00:00:00-05:00,7.383334133993685,7.451048889148662,7.2914351917589775,7.422027587890625,123600,0.0,0.0
2011-11-21 00:00:00-05:00,7.274506143464882,7.3494762220120275,7.105218913965256,7.252740859985352,271500,0.0,0.0
2011-11-22 00:00:00-05:00,7.257575511932373,7.385750354283899,7.146330218688572,7.257575511932373,135900,0.0,0.0
2011-11-23 00:00:00-05:00,7.259991514920084,7.262409724438697,6.993969094520186,7.0133161544799805,162000,0.0,0.0
2011-11-25 00:00:00-05:00,6.969788820111257,7.0133200753098714,6.698929137343299,6.723114013671875,104100,0.0,0.0
2011-11-28 00:00:00-05:00,6.967370400862211,7.136657611040953,6.831940909481539,6.979462146759033,240900,0.0,0.0
2011-11-29 00:00:00-05:00,6.967372010787623,7.037504983481534,6.863381311472259,6.899657249450684,129900,0.0,0.0
2011-11-30 00:00:00-05:00,7.216463348245104,7.344637501926496,6.969787883063969,7.332545757293701,252900,0.0,0.0
2011-12-01 00:00:00-05:00,7.293854136341747,7.610662659936259,7.264833524071395,7.4849066734313965,111300,0.0,0.0
2011-12-02 00:00:00-05:00,7.61066126476004,7.61066126476004,7.400261691393656,7.4171905517578125,99900,0.0,0.0
2011-12-05 00:00:00-05:00,7.540527113118724,7.5985683178507974,7.3905876801804045,7.533271789550781,91800,0.0,0.0
2011-12-06 00:00:00-05:00,7.518761035427528,7.588894675743461,7.426862808528937,7.453464508056641,110700,0.0,0.0
2011-12-07 00:00:00-05:00,7.787200005477947,8.819851080247561,7.552617032683235,8.771483421325684,452100,0.0,0.0
2011-12-08 00:00:00-05:00,8.481279741775808,8.553831601482653,7.8742652370580695,7.898449420928955,264600,0.0,0.0
2011-12-09 00:00:00-05:00,7.912958402868555,8.507881780216378,7.912958402868555,8.420819282531738,161100,0.0,0.0
2011-12-12 00:00:00-05:00,8.282970237817343,8.292643770206164,8.087080688014547,8.147540092468262,118800,0.0,0.0
2011-12-13 00:00:00-05:00,8.249115529981697,8.249115529981697,7.801713975280522,7.871847629547119,89700,0.0,0.0
2011-12-14 00:00:00-05:00,7.758180540997752,7.833151288136753,7.5066693698479785,7.540526390075684,136800,0.0,0.0
2011-12-15 00:00:00-05:00,7.688049344069178,7.688049344069178,7.417189685590753,7.48974084854126,83400,0.0,0.0
2011-12-16 00:00:00-05:00,7.564709971326391,7.779945894920463,7.530852261868114,7.5671281814575195,237600,0.0,0.0
2011-12-19 00:00:00-05:00,7.666281972423691,7.721904958734654,7.3301265362515045,7.368820667266846,111000,0.0,0.0
2011-12-20 00:00:00-05:00,7.5526189891185265,7.750926788020789,7.516343062553786,7.7219061851501465,117600,0.0,0.0
2011-12-21 00:00:00-05:00,7.663863587221019,7.763017823564851,7.4341176877506765,7.760599613189697,107400,0.0,0.0
2011-12-22 00:00:00-05:00,7.763018482727672,7.883938006526609,7.704977277361561,7.835570335388184,36600,0.0,0.0
2011-12-23 00:00:00-05:00,7.823480884614637,7.825899788024075,7.683214930731621,7.746093273162842,85200,0.0,0.0
2011-12-27 00:00:00-05:00,7.717068248762252,7.828313525304559,7.663862782753994,7.765435218811035,51900,0.0,0.0
2011-12-28 00:00:00-05:00,7.767854313259719,7.767854313259719,7.441372414003673,7.472811222076416,176100,0.0,0.0
2011-12-29 00:00:00-05:00,7.484905059779481,7.6179163436528565,7.47281331358349,7.579222202301025,79500,0.0,0.0
2011-12-30 00:00:00-05:00,7.579222959755344,7.702560720616922,7.555038773040612,7.564713001251221,70800,0.0,0.0
2012-01-03 00:00:00-05:00,7.76301830014914,7.85249831667431,7.678374704671191,7.806549549102783,83700,0.0,0.0
2012-01-04 00:00:00-05:00,7.724322901757829,7.7630170314347176,7.598566980307941,7.712231159210205,88800,0.0,0.0
2012-01-05 00:00:00-05:00,7.642097648478399,7.7073941662948044,7.417188189228141,7.685628890991211,44700,0.0,0.0
2012-01-06 00:00:00-05:00,7.7001410480725845,7.7001410480725845,7.547782693523295,7.579222202301025,59400,0.0,0.0
2012-01-09 00:00:00-05:00,7.605823543978582,7.748509048312628,7.5260170542108,7.6445183753967285,149100,0.0,0.0
2012-01-10 00:00:00-05:00,7.738833384155051,7.876681045263659,7.671117966734007,7.845241546630859,88500,0.0,0.0
2012-01-11 00:00:00-05:00,7.782365108448406,7.96857975029975,7.644516746872371,7.937140941619873,109500,0.0,0.0
2012-01-12 00:00:00-05:00,7.951653057946196,8.082246121094053,7.796876504233637,8.05322551727295,72600,0.0,0.0
2012-01-13 00:00:00-05:00,7.925049536262826,8.033876612118405,7.811386039745328,7.932304859161377,60900,0.0,0.0
2012-01-17 00:00:00-05:00,7.990347239448207,7.990347239448207,7.67595701707189,7.692885875701904,132600,0.0,0.0
2012-01-18 00:00:00-05:00,7.69046770308097,7.799294795559017,7.663864617754315,7.78720235824585,79500,0.0,0.0
2012-01-19 00:00:00-05:00,7.833151664212467,7.896029287042296,7.741252748500311,7.867008686065674,52800,0.0,0.0
2012-01-20 00:00:00-05:00,7.83073365520729,8.01694971831363,7.758181798536085,7.980673789978027,115800,0.0,0.0
2012-01-23 00:00:00-05:00,8.01936758450724,8.091918746155786,7.980673447119815,8.077408790588379,51600,0.0,0.0
2012-01-24 00:00:00-05:00,8.038714995045945,8.200746875222606,8.038714995045945,8.195910453796387,97500,0.0,0.0
2012-01-25 00:00:00-05:00,8.157217719516854,8.282974395602904,8.157217719516854,8.241861343383789,54000,0.0,0.0
2012-01-26 00:00:00-05:00,8.244276631703421,8.287807879823163,8.152378406415082,8.2781343460083,60900,0.0,0.0
2012-01-27 00:00:00-05:00,8.222510662974884,8.41356380465372,8.19349006396778,8.408726692199707,68700,0.0,0.0
2012-01-30 00:00:00-05:00,8.304739958878962,8.399057123141551,8.048390867379151,8.3676176071167,95700,0.0,0.0
2012-01-31 00:00:00-05:00,8.411147029788177,8.420820565237136,8.331339843404878,8.38454532623291,114600,0.0,0.0
2012-02-01 00:00:00-05:00,8.374871083400867,8.60461772286555,8.31199344905174,8.578015327453613,137100,0.0,0.0
2012-02-02 00:00:00-05:00,8.561088460933197,8.694099074403013,8.561088460933197,8.689263343811035,120300,0.0,0.0
2012-02-03 00:00:00-05:00,8.863388024570543,9.001235768253744,8.756978414541244,8.986725807189941,117000,0.0,0.0
2012-02-06 00:00:00-05:00,8.979469433273662,9.146337771525735,8.979469433273662,9.093132972717285,125400,0.0,0.0
2012-02-07 00:00:00-05:00,9.08829492744065,9.313205138736022,9.059274321974069,9.27934741973877,226200,0.0,0.0
2012-02-08 00:00:00-05:00,8.224930561502388,8.742464985774731,7.656609563886211,8.280552864074707,900000,0.0,0.0
2012-02-09 00:00:00-05:00,8.348268714671232,8.348268714671232,8.16447086422057,8.270879745483398,261600,0.0,0.0
2012-02-10 00:00:00-05:00,8.15963534674399,8.258788915019124,8.050808242736991,8.145125389099121,241500,0.0,0.0
2012-02-13 00:00:00-05:00,8.258786597719503,8.333756651582362,8.135448878768617,8.217674255371094,96900,0.0,0.0
2012-02-14 00:00:00-05:00,8.186234222023538,8.186234222023538,8.048386558459269,8.147540092468262,138900,0.0,0.0
2012-02-15 00:00:00-05:00,8.116104050398935,8.203165864138823,8.05564393859467,8.099174499511719,88200,0.0,0.0
2012-02-16 00:00:00-05:00,8.116103173538633,8.290226782206165,8.116103173538633,8.2781343460083,65700,0.0,0.0
2012-02-17 00:00:00-05:00,8.285389807440325,8.37245161322517,8.261206318452953,8.328920364379883,60600,0.0,0.0
2012-02-21 00:00:00-05:00,8.338596037065557,8.401474369990266,8.270881281865204,8.336177825927734,113700,0.0,0.0
2012-02-22 00:00:00-05:00,8.292647932847528,8.333760293160681,8.217677846225214,8.241861343383789,52500,0.0,0.0
2012-02-23 00:00:00-05:00,8.164470681144863,8.290227320814083,8.164470681144863,8.287808418273926,150600,0.0,0.0
2012-02-24 00:00:00-05:00,8.273298044454126,8.36761518137451,8.198328668966488,8.31924819946289,181200,0.0,0.0
2012-02-27 00:00:00-05:00,8.222512739575155,8.275717530477907,8.174145754253864,8.208002090454102,68100,0.0,0.0
2012-02-28 00:00:00-05:00,8.195907305232087,8.232183219616,7.95406833727634,8.004854202270508,518700,0.0,0.0
2012-02-29 00:00:00-05:00,8.053225994975916,8.053225994975916,7.891194107720197,7.9298882484436035,285300,0.0,0.0
2012-03-01 00:00:00-05:00,8.002437257632964,8.055642032728192,7.8476607364914,7.922630786895752,158400,0.0,0.0
2012-03-02 00:00:00-05:00,7.908121933306823,8.038714998552678,7.903285511878494,7.980673789978027,203400,0.0,0.0
2012-03-05 00:00:00-05:00,7.9371425375941485,8.019367929027794,7.850080724732173,7.980673789978027,59100,0.0,0.0
2012-03-06 00:00:00-05:00,7.842825659035384,7.975836235736746,7.804131522124643,7.835570335388184,111600,0.0,0.0
2012-03-07 00:00:00-05:00,7.891196077416425,7.900869615011858,7.772694722942886,7.862175464630127,90600,0.0,0.0
2012-03-08 00:00:00-05:00,7.903284324237507,8.033876677953227,7.801711878542455,7.9879279136657715,107400,0.0,0.0
2012-03-09 00:00:00-05:00,8.000020453568219,8.27571652626141,7.9564898952989385,8.11368465423584,99300,0.0,0.0
2012-03-12 00:00:00-04:00,8.065317756223925,8.232186757338463,7.997602317924126,8.162053108215332,89400,0.0,0.0
2012-03-13 00:00:00-04:00,8.232185716524672,8.350686334755391,8.166889189209606,8.328920364379883,120900,0.0,0.0
2012-03-14 00:00:00-04:00,8.336175858552767,8.360359348035386,8.229766982636615,8.280552864074707,106500,0.0,0.0
2012-03-15 00:00:00-04:00,8.28055421743723,8.377290266895336,8.2346054415293,8.36277961730957,88800,0.0,0.0
2012-03-16 00:00:00-04:00,8.391801668977761,8.408730532439677,8.25395393371582,8.25395393371582,121800,0.0,0.0
2012-03-19 00:00:00-04:00,8.263623186447264,8.512716126934295,8.220091944674143,8.43049144744873,175800,0.0,0.0
2012-03-20 00:00:00-04:00,8.333756017625346,8.333756017625346,8.145122484084403,8.251530647277832,79200,0.0,0.0
2012-03-21 00:00:00-04:00,8.135448259897066,8.333756017625346,8.113682985239574,8.251530647277832,84300,0.0,0.0
2012-03-22 00:00:00-04:00,8.149959410864623,8.19349065848673,8.060479397076474,8.15963363647461,80700,0.0,0.0
2012-03-23 00:00:00-04:00,8.140288019988839,8.32408519313009,8.02178738396633,8.299901008605957,237300,0.0,0.0
2012-03-26 00:00:00-04:00,8.341013207122685,8.519973248445831,8.341013207122685,8.503045082092285,86700,0.0,0.0
2012-03-27 00:00:00-04:00,8.49095403432501,8.522393545352106,8.357943432841111,8.401473999023438,84900,0.0,0.0
2012-03-28 00:00:00-04:00,8.413566000368489,8.413566000368489,8.234605247167906,8.34826946258545,130800,0.0,0.0
2012-03-29 00:00:00-04:00,8.266042739488137,8.355523447696301,8.193490888714567,8.328920364379883,58800,0.0,0.0
2012-03-30 00:00:00-04:00,8.40147102998096,8.40147102998096,8.229765653150869,8.282970428466797,82800,0.0,0.0
2012-04-02 00:00:00-04:00,8.229766708303014,8.435329821581675,8.159633760854364,8.432910919189453,175200,0.0,0.0
2012-04-03 00:00:00-04:00,8.401475110927645,8.490955158071573,8.379709824955928,8.476445198059082,215400,0.0,0.0
2012-04-04 00:00:00-04:00,8.382124510235183,8.425655063866811,8.24911325519512,8.292644500732422,164400,0.0,0.0
2012-04-05 00:00:00-04:00,8.26120468994567,8.297480608181486,8.229765191791644,8.26845932006836,58200,0.0,0.0
2012-04-09 00:00:00-04:00,8.096756857529769,8.169308720028976,8.048389179832245,8.101593971252441,65400,0.0,0.0
2012-04-10 00:00:00-04:00,8.094334807201104,8.210417178613318,7.990344176501285,8.00969123840332,142800,0.0,0.0
2012-04-11 00:00:00-04:00,8.106427962541824,8.116102187086573,7.891192034297884,7.992764472961426,95700,0.0,0.0
2012-04-12 00:00:00-04:00,7.963742941791887,8.09675348106333,7.963742941791887,8.062895774841309,86100,0.0,0.0
2012-04-13 00:00:00-04:00,8.012111359824893,8.012111359824893,7.789620094865889,7.833151340484619,80400,0.0,0.0
2012-04-16 00:00:00-04:00,7.86700900775006,8.024204455063812,7.823477758552268,7.946815490722656,76500,0.0,0.0
2012-04-17 00:00:00-04:00,8.038712292030338,8.159631781801846,8.019365229019341,8.062895774841309,74400,0.0,0.0
2012-04-18 00:00:00-04:00,7.995185995760565,8.009695954778282,7.770275749785648,7.813807010650635,84900,0.0,0.0
2012-04-19 00:00:00-04:00,7.845243540704583,7.845243540704583,7.576802780489299,7.724324703216553,112800,0.0,0.0
2012-04-20 00:00:00-04:00,7.8210591215615946,7.9395597342905,7.765436130805117,7.879100322723389,59100,0.0,0.0
2012-04-23 00:00:00-04:00,7.712231278532062,7.763017151542321,7.637261228146767,7.685628890991211,93000,0.0,0.0
2012-04-24 00:00:00-04:00,7.678375888475336,7.898449685791045,7.651774184802872,7.876683712005615,59100,0.0,0.0
2012-04-25 00:00:00-04:00,7.96132778382275,8.014532578075467,7.852499984280154,7.891194820404053,45300,0.0,0.0
2012-04-26 00:00:00-04:00,7.8428263664245605,7.87910160412094,7.789621577420576,7.8428263664245605,43200,0.0,0.0
2012-04-27 00:00:00-04:00,7.929888902392221,8.03871600917492,7.813806470649112,8.036297798156738,73500,0.0,0.0
2012-04-30 00:00:00-04:00,8.038713721363697,8.038713721363697,7.850079477513357,7.886355400085449,90000,0.0,0.0
2012-05-01 00:00:00-04:00,7.859751643696414,8.101590624176986,7.779945181443046,7.811384677886963,102000,0.0,0.0
2012-05-02 00:00:00-04:00,7.74851065345009,7.818643622868131,7.639682844598099,7.796878337860107,48000,0.0,0.0
2012-05-03 00:00:00-04:00,7.758184003327388,7.77753177025648,7.588897442828155,7.673541069030762,72000,0.0,0.0
2012-05-04 00:00:00-04:00,7.62275198276207,7.709813783962826,7.3881682772641,7.470393657684326,75900,0.0,0.0
2012-05-07 00:00:00-04:00,7.417191789118086,7.666285546639553,7.325293531064183,7.5743865966796875,57000,0.0,0.0
2012-05-08 00:00:00-04:00,7.4897391264471445,7.881517530397859,7.2551561412396115,7.770272254943848,113100,0.0,0.0
2012-05-09 00:00:00-04:00,8.029041664555079,8.31199308236099,7.811387472910626,8.118521690368652,462000,0.0,0.0
2012-05-10 00:00:00-04:00,8.135451816930903,8.464352750219499,8.1040129962458,8.391800880432129,387000,0.0,0.0
2012-05-11 00:00:00-04:00,8.348268764411365,8.464351181026087,8.328921003069798,8.418401718139648,435000,0.0,0.0
2012-05-14 00:00:00-04:00,8.367617076201864,8.469189560172156,8.33617825407775,8.442587852478027,342900,0.0,0.0
2012-05-15 00:00:00-04:00,8.401472458706467,8.534483727710096,8.399054248118771,8.459513664245605,276000,0.0,0.0
2012-05-16 00:00:00-04:00,8.464350423136882,8.657821100171583,8.418400964364709,8.432910919189453,226200,0.0,0.0
2012-05-17 00:00:00-04:00,8.411146394124783,8.471606505040953,8.333758116381636,8.418401718139648,90300,0.0,0.0
2012-05-18 00:00:00-04:00,8.435329601949705,8.486115480372565,8.130612947601144,8.295063018798828,154200,0.0,0.0
2012-05-21 00:00:00-04:00,8.343429812085267,8.611870514314989,8.253949808643904,8.573176383972168,172500,0.0,0.0
2012-05-22 00:00:00-04:00,8.532065143588015,8.623964060954519,8.237022015728193,8.30957317352295,93000,0.0,0.0
2012-05-23 00:00:00-04:00,8.195908613129674,8.609452304144968,8.195908613129674,8.573176383972168,171000,0.0,0.0
2012-05-24 00:00:00-04:00,8.570758416534632,8.570758416534632,8.314410121011576,8.44983959197998,69900,0.0,0.0
2012-05-25 00:00:00-04:00,8.478861829055816,8.478861829055816,8.309573933634011,8.418401718139648,143100,0.0,0.0
2012-05-29 00:00:00-04:00,8.73762509370616,9.339802923454636,8.713441611915174,9.064106941223145,277200,0.0,0.0
2012-05-30 00:00:00-04:00,8.962537501682494,9.03025223667443,8.807760964558069,8.892404556274414,286500,0.0,0.0
2012-05-31 00:00:00-04:00,8.863385212430002,9.018161771502415,8.747302793125693,8.894824028015137,106200,0.0,0.0
2012-06-01 00:00:00-04:00,8.677171482554177,8.749723360109863,8.551415494442837,8.70135498046875,138600,0.0,0.0
2012-06-04 00:00:00-04:00,8.776321506087807,8.914169176320152,8.696514341090346,8.802923202514648,102600,0.0,0.0
2012-06-05 00:00:00-04:00,8.74971791578742,8.923841483289271,8.645727278886314,8.764227867126465,76500,0.0,0.0
2012-06-06 00:00:00-04:00,8.819854101533783,8.979467776605247,8.815016988031832,8.977048873901367,79800,0.0,0.0
2012-06-07 00:00:00-04:00,9.068949014446293,9.068949014446293,8.824691701669433,8.860967636108398,95700,0.0,0.0
2012-06-08 00:00:00-04:00,8.831945118562698,9.064109941757275,8.795669191962107,9.044763565063477,77700,0.0,0.0
2012-06-11 00:00:00-04:00,9.068948279730824,9.117315957762331,8.73762916628561,8.744884490966797,113400,0.0,0.0
2012-06-12 00:00:00-04:00,8.829526250430952,9.209212270445494,8.662657277257239,9.146334648132324,111900,0.0,0.0
2012-06-13 00:00:00-04:00,9.16084395549756,9.16084395549756,8.829524959900121,8.897239685058594,78900,0.0,0.0
2012-06-14 00:00:00-04:00,8.880312532090995,9.15359038705028,8.827108440940677,9.136661529541016,78300,0.0,0.0
2012-06-15 00:00:00-04:00,9.114893092860074,9.13907795922189,8.938351317760894,9.035086631774902,150600,0.0,0.0
2012-06-18 00:00:00-04:00,9.006071505030592,9.148756352799612,8.948030281386172,8.964959144592285,61200,0.0,0.0
2012-06-19 00:00:00-04:00,8.974628887668445,9.189865519950523,8.945608288115254,9.088293075561523,117600,0.0,0.0
2012-06-20 00:00:00-04:00,9.056856809329362,9.151173964548288,8.964958557199939,9.139082908630371,117600,0.0,0.0
2012-06-21 00:00:00-04:00,9.09071199507451,9.09071199507451,8.696515314081482,8.703770637512207,81000,0.0,0.0
2012-06-22 00:00:00-04:00,8.783577375168003,8.981885172643045,8.694096664698202,8.957701683044434,598800,0.0,0.0
2012-06-25 00:00:00-04:00,8.8464571947866,9.061693903483752,8.725538333004886,8.991560935974121,68400,0.0,0.0
2012-06-26 00:00:00-04:00,9.01816274096561,9.037509812929496,8.725537758582453,8.7400484085083,141900,0.0,0.0
2012-06-27 00:00:00-04:00,8.723120490088276,8.865806037438922,8.474027410810674,8.645732879638672,117300,0.0,0.0
2012-06-28 00:00:00-04:00,8.548991301275056,8.672329001658577,8.31199012397491,8.636053085327148,106500,0.0,0.0
2012-06-29 00:00:00-04:00,8.815013619416648,9.056851904451669,8.645727165844905,9.035086631774902,123000,0.0,0.0
2012-07-02 00:00:00-04:00,9.039925729750427,9.081038766169211,8.80292381238745,9.052018165588379,129300,0.0,0.0
2012-07-03 00:00:00-04:00,9.076200623717716,9.390590081721673,8.986720621721808,9.378499031066895,47400,0.0,0.0
2012-07-05 00:00:00-04:00,9.313204527434744,9.417194504601596,9.168101509626123,9.182611465454102,47100,0.0,0.0
2012-07-06 00:00:00-04:00,9.073784675334197,9.247908302466458,9.059274027120281,9.061692237854004,81300,0.0,0.0
2012-07-09 00:00:00-04:00,9.039923641159358,9.185026610538817,8.955280069378292,9.168098449707031,96900,0.0,0.0
2012-07-10 00:00:00-04:00,9.209212952983416,9.209212952983416,9.056854614839644,9.114895820617676,87900,0.0,0.0
2012-07-11 00:00:00-04:00,9.160844838700744,9.257580169682022,9.073783040817592,9.223722457885742,73200,0.0,0.0
2012-07-12 00:00:00-04:00,9.131824629982663,9.153589907407955,8.960119237170483,9.09071159362793,56700,0.0,0.0
2012-07-13 00:00:00-04:00,9.10038515787671,9.22614178586151,9.068946346833359,9.083456993103027,62100,0.0,0.0
2012-07-16 00:00:00-04:00,9.056860201482694,9.18261691681275,8.996400747813142,9.032676696777344,51000,0.0,0.0
2012-07-17 00:00:00-04:00,9.14149785402854,9.18744661772517,8.984302420852842,9.088293075561523,52500,0.0,0.0
2012-07-18 00:00:00-04:00,9.083454877925965,9.281761923458454,9.025412998268646,9.168098449707031,59700,0.0,0.0
2012-07-19 00:00:00-04:00,9.168103337222888,9.240654514636882,8.897243624747055,8.948029518127441,46800,0.0,0.0
2012-07-20 00:00:00-04:00,8.834363491413756,8.93109882861185,8.802923987895094,8.85129165649414,55500,0.0,0.0
2012-07-23 00:00:00-04:00,8.645730044552764,8.863384919508066,8.645730044552764,8.70860767364502,46200,0.0,0.0
2012-07-24 00:00:00-04:00,8.713442263268337,8.761809922371446,8.207999014806097,8.353102684020996,56100,0.0,0.0
2012-07-25 00:00:00-04:00,8.44983847713208,8.464349121631338,8.253949619731372,8.307153701782227,37800,0.0,0.0
2012-07-26 00:00:00-04:00,8.415984822416373,8.553832540708322,8.215258080774733,8.321667671203613,100200,0.0,0.0
2012-07-27 00:00:00-04:00,8.336177231131913,8.582852739142714,8.070154651587162,8.548995018005371,108600,0.0,0.0
2012-07-30 00:00:00-04:00,8.534484868853305,8.534484868853305,8.273298717098315,8.411147117614746,72900,0.0,0.0
2012-07-31 00:00:00-04:00,8.362778483186274,8.52481035808871,8.23460432478842,8.287808418273926,42900,0.0,0.0
2012-08-01 00:00:00-04:00,8.353104948742931,8.529647471263262,8.256369604309501,8.287808418273926,132900,0.0,0.0
2012-08-02 00:00:00-04:00,8.263622176171294,8.43290862660123,8.22492805128382,8.37486743927002,82200,0.0,0.0
2012-08-03 00:00:00-04:00,8.522391951211972,9.008487564726114,8.522391951211972,8.957701683044434,59400,0.0,0.0
2012-08-06 00:00:00-04:00,8.933514252400206,9.274506754995741,8.74729963684022,9.218884468078613,61800,0.0,0.0
2012-08-07 00:00:00-04:00,9.267255763550889,9.426869453033289,9.257582919485277,9.35915470123291,105000,0.0,0.0
2012-08-08 00:00:00-04:00,10.556254636219256,10.556254636219256,9.794462936138448,9.910545349121094,251700,0.0,0.0
2012-08-09 00:00:00-04:00,9.920219923153129,10.050812997397346,9.782371524360716,9.958914756774902,131400,0.0,0.0
2012-08-10 00:00:00-04:00,9.915379085276586,9.915379085276586,9.496998345382156,9.673540115356445,81600,0.0,0.0
2012-08-13 00:00:00-04:00,9.692890620756582,9.738840082878149,9.390592146925137,9.584063529968262,106800,0.0,0.0
2012-08-14 00:00:00-04:00,9.649361520007304,9.649361520007304,9.455890107714904,9.569554328918457,206400,0.0,0.0
2012-08-15 00:00:00-04:00,9.492164548119321,9.639686468145605,9.4655628471787,9.528440475463867,74700,0.0,0.0
2012-08-16 00:00:00-04:00,9.40510417007392,9.484910668862184,9.301113485404013,9.35915470123291,150600,0.0,0.0
2012-08-17 00:00:00-04:00,9.356736245407085,9.5985746383667,9.356736245407085,9.5985746383667,48600,0.0,0.0
2012-08-20 00:00:00-04:00,9.528439397740671,9.552623577203581,9.36398932987221,9.509092330932617,93000,0.0,0.0
2012-08-21 00:00:00-04:00,9.57922550516106,9.741258058451507,9.397846576503682,9.42444896697998,158100,0.0,0.0
2012-08-22 00:00:00-04:00,9.6372686535766,9.6372686535766,9.235816580628697,9.269674301147461,60300,0.0,0.0
2012-08-23 00:00:00-04:00,9.289020129857523,9.349480238138952,8.85612929711993,9.114895820617676,115500,0.0,0.0
2012-08-24 00:00:00-04:00,9.071364424571957,9.32287698495742,8.955282023735139,9.1947021484375,46200,0.0,0.0
2012-08-27 00:00:00-04:00,9.269675673252594,9.330135106664393,9.19228737707559,9.260002136230469,46200,0.0,0.0
2012-08-28 00:00:00-04:00,9.223724651537257,9.28902118845532,9.073785198809444,9.163265228271484,68700,0.0,0.0
2012-08-29 00:00:00-04:00,9.153589656624597,9.30352907599786,8.972210735269831,9.274508476257324,44100,0.0,0.0
2012-08-30 00:00:00-04:00,9.211630796638998,9.247906719056903,9.088293075561523,9.088293075561523,33600,0.0,0.0
2012-08-31 00:00:00-04:00,9.201959600327584,9.230980207250667,9.090713594502835,9.170520782470703,56100,0.0,0.0
2012-09-04 00:00:00-04:00,9.027834737054036,9.170520244267525,8.510300264679378,8.91417121887207,141900,0.0,0.0
2012-09-05 00:00:00-04:00,8.894821124552863,8.897239334522565,8.735207504157882,8.771483421325684,210900,0.0,0.0
2012-09-06 00:00:00-04:00,8.873057823875428,9.175356301852954,8.802924870352692,9.102805137634277,86400,0.0,0.0
2012-09-07 00:00:00-04:00,9.182614103864504,9.373666638516795,9.1777769892615,9.291441917419434,53700,0.0,0.0
2012-09-10 00:00:00-04:00,9.255166294556838,9.533280674374799,9.223726778332225,9.388176918029785,66000,0.0,0.0
2012-09-11 00:00:00-04:00,9.368827867970966,9.453471477362031,9.189867805504438,9.269674301147461,343500,0.0,0.0
2012-09-12 00:00:00-04:00,9.325298698122095,9.446218257033378,9.206797350493492,9.407524108886719,44100,0.0,0.0
2012-09-13 00:00:00-04:00,9.424449795893008,9.818646499220335,9.257581498966314,9.712238311767578,88500,0.0,0.0
2012-09-14 00:00:00-04:00,9.731582941476045,9.891196577807191,9.511509898432552,9.794461250305176,101700,0.0,0.0
2012-09-17 00:00:00-04:00,9.729167579152449,9.77269883522349,9.632432223334401,9.671126365661621,80100,0.0,0.0
2012-09-18 00:00:00-04:00,9.613083258530024,9.79446218793625,9.49941906485759,9.763023376464844,68100,0.0,0.0
2012-09-19 00:00:00-04:00,9.767861422107126,9.82832153656976,9.683218507289915,9.700146675109863,68700,0.0,0.0
2012-09-20 00:00:00-04:00,9.644525639891002,9.80172113924484,9.617923931364041,9.632433891296387,152700,0.0,0.0
2012-09-21 00:00:00-04:00,9.763027999795911,9.77270153805312,9.552628369725111,9.571974754333496,169200,0.0,0.0
2012-09-24 00:00:00-04:00,9.463147465971591,9.651781804831643,9.211635475428873,9.581648826599121,100500,0.0,0.0
2012-09-25 00:00:00-04:00,9.620340495383022,9.625177609136172,9.293858495891149,9.30111312866211,117000,0.0,0.0
2012-09-26 00:00:00-04:00,9.339804074511399,9.467978896278936,9.223721687035173,9.397845268249512,62700,0.0,0.0
2012-09-27 00:00:00-04:00,9.436543542306254,9.625177836932433,9.267255627433011,9.586483001708984,84900,0.0,0.0
2012-09-28 00:00:00-04:00,9.516349242350776,9.5768086632409,9.310786104275069,9.351899147033691,70200,0.0,0.0
2012-10-01 00:00:00-04:00,9.434122127183032,9.555041638803464,9.252743205705222,9.36640739440918,95400,0.0,0.0
2012-10-02 00:00:00-04:00,9.378503723713493,9.378503723713493,9.206797572293702,9.330135345458984,44700,0.0,0.0
2012-10-03 00:00:00-04:00,9.322879862045168,9.494585305915217,9.247909782058823,9.286603927612305,55500,0.0,0.0
2012-10-04 00:00:00-04:00,9.305948129448046,9.509092330932617,9.235814493339584,9.509092330932617,33300,0.0,0.0
2012-10-05 00:00:00-04:00,9.521185863918921,9.52602297748276,9.363991089540082,9.489747047424316,73200,0.0,0.0
2012-10-08 00:00:00-04:00,9.276928578511672,9.567135305362278,9.276928578511672,9.528440475463867,23400,0.0,0.0
2012-10-09 00:00:00-04:00,9.540535308667259,9.540535308667259,9.356738093711161,9.388176918029785,45300,0.0,0.0
2012-10-10 00:00:00-04:00,9.385756461117614,9.453470511424563,9.310785703071314,9.393011093139648,24600,0.0,0.0
2012-10-11 00:00:00-04:00,9.482489297023768,9.482489297023768,9.21888570264498,9.3809175491333,30900,0.0,0.0
2012-10-12 00:00:00-04:00,9.371245384216309,9.494583117719126,9.284183576785923,9.371245384216309,24900,0.0,0.0
2012-10-15 00:00:00-04:00,9.429284711733342,9.472815952734031,9.257579341623607,9.434121131896973,36600,0.0,0.0
2012-10-16 00:00:00-04:00,9.504258488060795,9.721912702733771,9.504258488060795,9.600993156433105,63000,0.0,0.0
2012-10-17 00:00:00-04:00,9.600989157270476,9.755766361151085,9.581642785179184,9.678378105163574,32100,0.0,0.0
2012-10-18 00:00:00-04:00,9.634847889592702,9.750930285915825,9.32045841217041,9.32045841217041,48900,0.0,0.0
2012-10-19 00:00:00-04:00,9.252743586352029,9.506674363629642,9.068946446976092,9.38575553894043,167100,0.0,0.0
2012-10-22 00:00:00-04:00,9.378498152974403,9.453467503354092,9.240649809832187,9.373661041259766,50100,0.0,0.0
2012-10-23 00:00:00-04:00,9.289021304658865,9.409940844608911,9.204378387790253,9.305950164794922,35400,0.0,0.0
2012-10-24 00:00:00-04:00,9.226141195722652,9.315621202309801,9.226141195722652,9.272089958190918,15300,0.0,0.0
2012-10-25 00:00:00-04:00,9.325295033659172,9.511510375463402,9.235814332302853,9.334968566894531,39900,0.0,0.0
2012-10-26 00:00:00-04:00,9.334972506231674,9.487330891959877,9.318043642949435,9.417197227478027,18000,0.0,0.0
2012-10-31 00:00:00-04:00,9.45105125714969,9.726747308811552,9.274508751231313,9.620338439941406,60600,0.0,0.0
2012-11-01 00:00:00-04:00,9.615500887162812,9.784788062207001,9.342223750320318,9.506673812866211,81300,0.0,0.0
2012-11-02 00:00:00-04:00,9.571970555269942,9.697727189352355,9.332550415457131,9.574389457702637,80700,0.0,0.0
2012-11-05 00:00:00-05:00,9.451052407724864,9.70014609951754,9.451052407724864,9.596156120300293,36300,0.0,0.0
2012-11-06 00:00:00-05:00,9.656617716755273,9.821067843929656,9.453472750104511,9.760607719421387,36900,0.0,0.0
2012-11-07 00:00:00-05:00,9.63001386729073,9.743678781713001,9.361573066677428,9.557462692260742,60900,0.0,0.0
2012-11-08 00:00:00-05:00,9.567135407878132,9.567135407878132,9.310785703071314,9.393011093139648,86100,0.0,0.0
2012-11-09 00:00:00-05:00,9.313201230302763,9.550202396198964,9.310782328599652,9.482487678527832,43200,0.0,0.0
2012-11-12 00:00:00-05:00,9.492167776756581,9.808977004212103,9.390595284024442,9.463147163391113,59400,0.0,0.0
2012-11-13 00:00:00-05:00,9.344641930792871,9.581643836717205,9.296273573586902,9.513928413391113,58500,0.0,0.0
2012-11-14 00:00:00-05:00,9.509094724496697,9.562299517564034,9.298695147022345,9.308368682861328,92100,0.0,0.0
2012-11-15 00:00:00-05:00,9.293859526917613,9.451054324887183,9.06653106913498,9.296277046203613,100500,0.0,0.0
2012-11-16 00:00:00-05:00,9.255165014648869,9.472819927160641,8.948029372511273,9.414778709411621,201600,0.0,0.0
2012-11-19 00:00:00-05:00,9.492168236688032,9.66629192531779,9.363994027756524,9.571974754333496,56700,0.0,0.0
2012-11-20 00:00:00-05:00,9.518765916145071,9.644521851081883,9.494582428456221,9.625175476074219,32400,0.0,0.0
2012-11-21 00:00:00-05:00,9.610668110200027,9.673545753176661,9.431707334216672,9.646944046020508,31500,0.0,0.0
2012-11-23 00:00:00-05:00,9.67354201304882,9.779950876249847,9.492163095979745,9.734002113342285,21900,0.0,0.0
2012-11-26 00:00:00-05:00,9.678380531911921,9.818646435106638,9.625176438532954,9.748514175415039,78000,0.0,0.0
2012-11-27 00:00:00-05:00,9.717073684001917,9.73400254050321,9.598572380398565,9.66386890411377,51000,0.0,0.0
2012-11-28 00:00:00-05:00,9.586481018457935,9.770278853098251,9.559879319359846,9.68321704864502,44700,0.0,0.0
2012-11-29 00:00:00-05:00,9.69772685117369,9.796880398378887,9.605827935296405,9.763023376464844,50100,0.0,0.0
2012-11-30 00:00:00-05:00,9.8089729884108,9.8089729884108,9.622756943289877,9.68321704864502,154200,0.0,0.0
2012-12-03 00:00:00-05:00,9.796881586244243,9.811391542565095,9.613084424110095,9.770279884338379,42000,0.0,0.0
2012-12-04 00:00:00-05:00,9.782371245142757,9.91296431565946,9.690473007143362,9.896036148071289,105000,0.0,0.0
2012-12-05 00:00:00-05:00,10.357946844125287,10.628805807996509,9.518766867963501,9.748514175415039,204600,0.0,0.0
2012-12-06 00:00:00-05:00,9.726747954766173,9.908126893543926,9.521184834595372,9.871850967407227,55800,0.0,0.0
2012-12-07 00:00:00-05:00,9.908126845625588,9.939565658569336,9.588900219359134,9.939565658569336,69600,0.0,0.0
2012-12-10 00:00:00-05:00,9.975842529183883,9.975842529183883,9.704983547915118,9.7847900390625,43500,0.0,0.0
2012-12-11 00:00:00-05:00,9.883942743389868,9.917800459065996,9.794462724954846,9.864596366882324,126600,0.0,0.0
2012-12-12 00:00:00-05:00,9.917799476343369,10.024208342072747,9.717073488468353,9.741257667541504,84600,0.0,0.0
2012-12-13 00:00:00-05:00,9.724327425269808,9.891196380816695,9.673541552319099,9.719491004943848,33600,0.0,0.0
2012-12-14 00:00:00-05:00,9.709819602299696,9.755769065003765,9.523604232695766,9.603410720825195,126300,0.0,0.0
2012-12-17 00:00:00-05:00,9.630012491731893,9.765442670127614,9.504257231897018,9.690472602844238,137400,0.0,0.0
2012-12-18 00:00:00-05:00,9.695311244879203,9.755771369839332,9.646944251960608,9.724331855773926,110400,0.0,0.0
2012-12-19 00:00:00-05:00,9.750933727025734,9.842832669165556,9.66629011019293,9.799302101135254,92700,0.0,0.0
2012-12-20 00:00:00-05:00,9.777532892194749,9.808971700030368,9.688052197108231,9.719491004943848,113100,0.0,0.0
2012-12-21 00:00:00-05:00,9.7194941119267,9.779953536761722,9.613085219778487,9.63485050201416,252300,0.0,0.0
2012-12-24 00:00:00-05:00,9.642106521502326,9.709821275930462,9.557462905490683,9.688055992126465,20700,0.0,0.0
2012-12-26 00:00:00-05:00,9.702565344900291,9.806556719018735,9.630013480875647,9.7146577835083,84000,0.0,0.0
2012-12-27 00:00:00-05:00,9.69772663821627,9.806554408613623,9.613083047431335,9.787206649780273,44700,0.0,0.0
2012-12-28 00:00:00-05:00,9.719492281571245,9.799299454582663,9.661451078602424,9.68321704864502,43800,0.0,0.0
2012-12-31 00:00:00-05:00,9.724328898704787,10.077413928413266,9.675961920494096,10.043556213378906,74700,0.0,0.0
2013-01-02 00:00:00-05:00,10.314415654397258,10.428079157998576,10.215261413685953,10.282976150512695,184200,0.0,0.0
2013-01-03 00:00:00-05:00,10.273305049790153,10.319254519353027,10.14513017722498,10.261213302612305,98400,0.0,0.0
2013-01-04 00:00:00-05:00,10.324088496323933,10.33618093254371,10.237026691832405,10.282976150512695,75000,0.0,0.0
2013-01-07 00:00:00-05:00,10.251539738265167,10.263631485409723,10.096763160716026,10.113691329956055,40800,0.0,0.0
2013-01-08 00:00:00-05:00,10.147547229095787,10.215261969607614,10.024209493044236,10.162057876586914,108000,0.0,0.0
2013-01-09 00:00:00-05:00,10.079832560171228,10.261211503663935,10.036301309294444,10.249119758605957,143700,0.0,0.0
2013-01-10 00:00:00-05:00,10.24911955650385,10.314416085578564,10.111271866606142,10.304741859436035,58800,0.0,0.0
2013-01-11 00:00:00-05:00,10.324090311126941,10.399060384482897,10.244283815957484,10.326508522033691,59700,0.0,0.0
2013-01-14 00:00:00-05:00,10.319251099748527,10.338598165584182,10.171729895728063,10.25153636932373,42300,0.0,0.0
2013-01-15 00:00:00-05:00,10.244285359097852,10.365204917425878,10.205591211137833,10.321674346923828,92100,0.0,0.0
2013-01-16 00:00:00-05:00,10.278141469250164,10.418407387608706,10.244283749153102,10.362784385681152,58500,0.0,0.0
2013-01-17 00:00:00-05:00,10.384548476663714,10.515141536482577,10.362783197329154,10.447426795959473,147000,0.0,0.0
2013-01-18 00:00:00-05:00,10.413573684479584,10.493380199963553,10.374879532498747,10.403900146484375,106200,0.0,0.0
2013-01-22 00:00:00-05:00,10.394224295046772,10.45468372108387,10.32650885224572,10.4450101852417,121200,0.0,0.0
2013-01-23 00:00:00-05:00,10.447429003072056,10.45710253947612,10.357948964310937,10.418408393859863,45000,0.0,0.0
2013-01-24 00:00:00-05:00,10.452260813895267,10.580434933238877,10.3627801286295,10.500628471374512,72900,0.0,0.0
2013-01-25 00:00:00-05:00,10.55625417119744,10.63606065363095,10.353109957426675,10.580437660217285,78900,0.0,0.0
2013-01-28 00:00:00-05:00,10.568347981128273,10.640899846178412,10.48854148309781,10.623970985412598,111600,0.0,0.0
2013-01-29 00:00:00-05:00,10.64089976879589,10.996402382763394,10.590113878773634,10.938361167907715,184500,0.0,0.0
2013-01-30 00:00:00-05:00,10.972217037376604,11.001237641736576,10.77390992020302,10.800512313842773,241500,0.0,0.0
2013-01-31 00:00:00-05:00,10.786000591368252,11.035094260290107,10.786000591368252,10.943195343017578,122400,0.0,0.0
2013-02-01 00:00:00-05:00,10.998815755012526,11.334971149476086,10.996397545100518,11.264838218688965,156000,0.0,0.0
2013-02-04 00:00:00-05:00,11.20680056294322,11.318046556838828,11.006074546939692,11.071371078491211,109500,0.0,0.0
2013-02-05 00:00:00-05:00,11.172941131506015,11.230982330222488,11.102808189366694,11.177778244018555,196500,0.0,0.0
2013-02-06 00:00:00-05:00,11.206797807676583,12.848880767822266,11.206797807676583,12.848880767822266,573000,0.0,0.0
2013-02-07 00:00:00-05:00,12.865814796171568,13.690484916513643,12.865814796171568,13.64211654663086,367500,0.0,0.0
2013-02-08 00:00:00-05:00,13.601001084981823,13.642112734892928,13.090720668114217,13.228569030761719,263100,0.0,0.0
2013-02-11 00:00:00-05:00,13.228569683930868,13.656624054489125,13.156017837701926,13.632440567016602,135300,0.0,0.0
2013-02-12 00:00:00-05:00,13.622766915727237,14.089515439432228,13.591328103926026,14.050821304321289,213300,0.0,0.0
2013-02-13 00:00:00-05:00,14.082259071470586,14.227362759278224,14.002451904795254,14.094350814819336,234900,0.0,0.0
2013-02-14 00:00:00-05:00,14.104028737354064,14.24429465754582,14.0411497181201,14.075007438659668,156600,0.0,0.0
2013-02-15 00:00:00-05:00,14.227365072082662,14.321681515821806,14.09677200858881,14.307170867919922,203700,0.0,0.0
2013-02-19 00:00:00-05:00,14.275734058108645,14.48371542787103,14.154815204172367,14.263642311096191,204000,0.0,0.0
2013-02-20 00:00:00-05:00,14.31442405705663,14.365209933327607,13.946829795837402,13.946829795837402,128400,0.0,0.0
2013-02-21 00:00:00-05:00,14.002452352398635,14.22010789106768,13.84042187929686,14.16932201385498,106500,0.0,0.0
2013-02-22 00:00:00-05:00,14.28056915171096,14.425672869985712,14.108864422770395,14.29749870300293,79200,0.0,0.0
2013-02-25 00:00:00-05:00,14.266060407370544,14.353121534462167,13.789637575910374,13.821076393127441,204300,0.0,0.0
2013-02-26 00:00:00-05:00,13.932317347012535,14.128206887687325,13.704989000515466,13.995196342468262,155700,0.0,0.0
2013-02-27 00:00:00-05:00,13.876700171710901,14.075007303576536,13.838006029697524,13.869444847106934,149100,0.0,0.0
2013-02-28 00:00:00-05:00,13.869442721970431,14.263639406307625,13.792054449801446,14.077424049377441,107400,0.0,0.0
2013-03-01 00:00:00-05:00,13.88153003685174,14.266053756370017,13.792050048686315,14.026632308959961,167100,0.0,0.0
2013-03-04 00:00:00-05:00,13.825912751651304,13.990362145084507,13.646951326806144,13.835585594177246,144600,0.0,0.0
2013-03-05 00:00:00-05:00,13.869444722010437,14.466786398836462,13.71466815535295,14.374887466430664,181200,0.0,0.0
2013-03-06 00:00:00-05:00,14.374884380377114,14.389393642527605,14.111280769856442,14.215270042419434,93900,0.0,0.0
2013-03-07 00:00:00-05:00,14.17174218713104,14.268478922757824,14.05807866767759,14.101609230041504,71700,0.0,0.0
2013-03-08 00:00:00-05:00,14.24428994479065,14.24428994479065,13.888787456273198,14.002450942993164,130200,0.0,0.0
2013-03-11 00:00:00-04:00,13.927487359005546,13.927487359005546,13.709833135834772,13.864609718322754,108000,0.0,0.0
2013-03-12 00:00:00-04:00,13.828330405391913,14.002454026862662,13.489756005070802,13.886371612548828,111900,0.0,0.0
2013-03-13 00:00:00-04:00,13.852513375629446,13.985525335252008,13.719502799818365,13.838004112243652,27600,0.0,0.0
2013-03-14 00:00:00-04:00,13.80414760863712,13.80414760863712,13.54296285521319,13.569563865661621,193500,0.0,0.0
2013-03-15 00:00:00-04:00,13.584076312638022,13.64211753039584,13.293870223848934,13.395442008972168,310500,0.0,0.0
2013-03-18 00:00:00-04:00,13.211643660211523,13.499432219630815,13.10281655374124,13.163276672363281,53700,0.0,0.0
2013-03-19 00:00:00-04:00,13.165692335961536,13.189875823935493,12.836790810745574,12.92143440246582,65700,0.0,0.0
2013-03-20 00:00:00-04:00,12.950459303547136,12.957714628723197,12.628814395675207,12.790844917297363,115800,0.0,0.0
2013-03-21 00:00:00-04:00,12.713454572754523,12.766659359573557,12.457106249079628,12.677179336547852,195300,0.0,0.0
2013-03-22 00:00:00-04:00,12.660246952852567,13.112484722559188,12.660246952852567,13.076208114624023,85800,0.0,0.0
2013-03-25 00:00:00-04:00,13.081048505190504,13.17536493685218,12.73038240073082,12.822279930114746,73800,0.0,0.0
2013-03-26 00:00:00-04:00,12.928691218335933,12.928691218335933,12.587699293574284,12.737639427185059,30900,0.0,0.0
2013-03-27 00:00:00-04:00,12.611879790639124,13.054444762426973,12.493378499915456,12.977056503295898,28500,0.0,0.0
2013-03-28 00:00:00-04:00,13.023011663567942,13.211644590025852,12.708620685181089,12.713457107543945,93600,0.0,0.0
2013-04-01 00:00:00-04:00,12.756988692904393,12.79810174579413,12.58528392294104,12.63607120513916,124500,0.0,0.0
2013-04-02 00:00:00-04:00,12.737642204215321,12.822284440350256,12.602212689062824,12.657835006713867,174600,0.0,0.0
2013-04-03 00:00:00-04:00,12.71103713801203,12.71103713801203,12.573188748654353,12.60221004486084,289200,0.0,0.0
2013-04-04 00:00:00-04:00,12.657834179524286,12.805355433055544,12.657834179524286,12.708620071411133,99000,0.0,0.0
2013-04-05 00:00:00-04:00,12.553845784270063,12.56835643711834,12.442599752119985,12.457110404968262,39600,0.0,0.0
2013-04-08 00:00:00-04:00,12.561098746329813,12.561098746329813,12.106441857284993,12.350698471069336,82200,0.0,0.0
2013-04-09 00:00:00-04:00,12.399063418194013,12.399063418194013,12.074999702103076,12.087091445922852,48300,0.0,0.0
2013-04-10 00:00:00-04:00,12.15964343717123,12.307164650861719,12.15238811403086,12.229776382446289,92100,0.0,0.0
2013-04-11 00:00:00-04:00,12.253960683536793,12.488544406667135,12.166899567697822,12.362789154052734,43800,0.0,0.0
2013-04-12 00:00:00-04:00,12.270893812731073,12.270893812731073,11.598581952283109,11.813817977905273,69300,0.0,0.0
2013-04-15 00:00:00-04:00,11.840413593904158,11.944404230219364,11.395431146128743,11.56713581085205,199500,0.0,0.0
2013-04-16 00:00:00-04:00,11.678385618769795,12.178991902434278,11.666293873418166,11.782376289367676,92100,0.0,0.0
2013-04-17 00:00:00-04:00,11.714662693019601,11.784795649066274,11.247913416616766,11.426874160766602,117600,0.0,0.0
2013-04-18 00:00:00-04:00,11.426873928808194,12.007286019286518,11.426873928808194,11.758193016052246,92700,0.0,0.0
2013-04-19 00:00:00-04:00,11.73642549068061,11.934733966544432,11.523607752333486,11.69289493560791,114000,0.0,0.0
2013-04-22 00:00:00-04:00,11.750935333881749,11.949242412381286,11.342228049922644,11.552627563476562,155700,0.0,0.0
2013-04-23 00:00:00-04:00,11.591326133110178,11.741264903661252,11.538120647105924,11.712244987487793,47100,0.0,0.0
2013-04-24 00:00:00-04:00,11.73884479469491,11.927479051546728,11.675965786536674,11.905713081359863,129900,0.0,0.0
2013-04-25 00:00:00-04:00,11.862183341524837,12.157225799599798,11.714662112487355,12.070164680480957,98100,0.0,0.0
2013-04-26 00:00:00-04:00,12.060489843820688,12.060489843820688,11.683221323229374,11.789630889892578,76500,0.0,0.0
2013-04-29 00:00:00-04:00,11.869440598335274,12.033890020700703,11.758194586845857,11.949246406555176,64200,0.0,0.0
2013-04-30 00:00:00-04:00,11.973426740256565,11.973426740256565,11.627598433699406,11.90813159942627,134400,0.0,0.0
2013-05-01 00:00:00-04:00,11.900878894860158,11.900878894860158,11.342231342809386,11.383343696594238,131100,0.0,0.0
2013-05-02 00:00:00-04:00,11.475243125095009,11.886368756335232,11.475243125095009,11.731592178344727,53700,0.0,0.0
2013-05-03 00:00:00-04:00,11.900877036578503,12.27089023858342,11.900877036578503,12.178991317749023,118800,0.0,0.0
2013-05-06 00:00:00-04:00,12.157228516991403,12.246708558679781,11.90329904296002,11.941991806030273,27900,0.0,0.0
2013-05-07 00:00:00-04:00,11.975848787663965,12.0484006545206,11.654203884634056,11.886368751525879,49800,0.0,0.0
2013-05-08 00:00:00-04:00,11.48733341878559,11.58165055704111,10.868226493253077,11.506680488586426,212700,0.0,0.0
2013-05-09 00:00:00-04:00,11.487332500377429,12.091930113080641,11.487332500377429,12.038723945617676,89700,0.0,0.0
2013-05-10 00:00:00-04:00,12.043562427130396,12.244288444519043,12.019378936407115,12.244288444519043,59700,0.0,0.0
2013-05-13 00:00:00-04:00,12.270889992727817,12.278143932395968,11.734007125728212,11.956499099731445,194400,0.0,0.0
2013-05-14 00:00:00-04:00,12.004870260845598,12.60462950895488,12.004870260845598,12.573190689086914,126000,0.0,0.0
2013-05-15 00:00:00-04:00,12.500637623421477,12.7473131203645,12.430504665234077,12.503056526184082,81000,0.0,0.0
2013-05-16 00:00:00-04:00,12.495801648521198,12.529659369350073,12.285401382624054,12.331352233886719,57600,0.0,0.0
2013-05-17 00:00:00-04:00,12.35795377542977,12.52724100301261,12.261218414498398,12.442597389221191,110700,0.0,0.0
2013-05-20 00:00:00-04:00,12.365206443845912,12.481288852023576,12.084674649322286,12.171735763549805,69900,0.0,0.0
2013-05-21 00:00:00-04:00,12.070164112979388,12.237032403287822,11.86701920490077,11.975846290588379,49200,0.0,0.0
2013-05-22 00:00:00-04:00,11.95408153583254,12.282981690730859,11.738844886124198,11.8621826171875,86400,0.0,0.0
2013-05-23 00:00:00-04:00,11.811396767463565,12.111275629331015,11.753355563507466,11.833161354064941,39600,0.0,0.0
2013-05-24 00:00:00-04:00,11.779957924415783,11.8621826171875,11.700150750253808,11.8621826171875,15600,0.0,0.0
2013-05-28 00:00:00-04:00,11.983101643316603,12.239451335541291,11.85008968418788,12.038723945617676,48300,0.0,0.0
2013-05-29 00:00:00-04:00,11.925058552030578,12.019376359730296,11.661454961747303,11.717077255249023,56100,0.0,0.0
2013-05-30 00:00:00-04:00,11.717079745751601,11.717079745751601,11.480077800804473,11.535700798034668,92400,0.0,0.0
2013-05-31 00:00:00-04:00,11.438966828534834,11.482497391126872,11.274516037681439,11.43412971496582,86400,0.0,0.0
2013-06-03 00:00:00-04:00,11.458310059389213,11.854925586861688,11.43170836373773,11.746098518371582,139800,0.0,0.0
2013-06-04 00:00:00-04:00,11.72917434719967,11.779960237525428,11.552631106790011,11.675968170166016,73200,0.0,0.0
2013-06-05 00:00:00-04:00,11.678385350085216,11.888785589035246,11.666293605011782,11.680804252624512,34200,0.0,0.0
2013-06-06 00:00:00-04:00,11.70498631861946,11.82348762001944,11.64936402128695,11.81865119934082,44400,0.0,0.0
2013-06-07 00:00:00-04:00,11.927478281782337,11.97826415846267,11.852507534073606,11.910550117492676,26700,0.0,0.0
2013-06-10 00:00:00-04:00,12.036305410317517,12.074999543557292,11.912967687639316,12.004866600036621,20700,0.0,0.0
2013-06-11 00:00:00-04:00,11.840417768011795,12.113695647402672,11.840417768011795,12.007286071777344,142200,0.0,0.0
2013-06-12 00:00:00-04:00,12.060490582532053,12.13546134103989,11.920224675895074,11.997612953186035,264600,0.0,0.0
2013-06-13 00:00:00-04:00,11.966177098940692,12.367629232659544,11.966177098940692,12.234617233276367,25200,0.0,0.0
2013-06-14 00:00:00-04:00,12.249124865901388,12.357951957967705,12.135461352452728,12.244288444519043,98400,0.0,0.0
2013-06-17 00:00:00-04:00,12.345859956137433,12.425667134440237,12.299910494430806,12.389391899108887,39000,0.0,0.0
2013-06-18 00:00:00-04:00,12.299911162937793,12.599791439697118,12.299911162937793,12.551423072814941,177000,0.0,0.0
2013-06-19 00:00:00-04:00,12.445016246905139,12.582863270848577,12.33377023628578,12.440179824829102,105600,0.0,0.0
2013-06-20 00:00:00-04:00,12.309586195260088,12.418413298101083,12.10402235232522,12.345861434936523,117000,0.0,0.0
2013-06-21 00:00:00-04:00,12.401479741214713,12.503052870370034,12.149969279909856,12.324092864990234,178200,0.0,0.0
2013-06-24 00:00:00-04:00,12.166899265005112,12.38939123783433,11.859763697109006,12.246705055236816,160200,0.0,0.0
2013-06-25 00:00:00-04:00,12.32893061078787,12.406318879143699,12.198337561984559,12.382135391235352,134700,0.0,0.0
2013-06-26 00:00:00-04:00,12.454686784203735,12.619136156552145,12.200756018999797,12.307164192199707,165600,0.0,0.0
2013-06-27 00:00:00-04:00,12.382133229433334,12.706195508736654,12.382133229433334,12.633645057678223,120600,0.0,0.0
2013-06-28 00:00:00-04:00,12.570773995187409,12.662671557830091,12.33377130340336,12.490966796875,643800,0.0,0.0
2013-07-01 00:00:00-04:00,12.510312739728173,12.696528135144652,12.415994898646805,12.517566680908203,78300,0.0,0.0
2013-07-02 00:00:00-04:00,12.498217953265868,12.56593199703566,12.324094347243161,12.556259155273438,90600,0.0,0.0
2013-07-03 00:00:00-04:00,12.466772876011776,12.643315315246582,12.464355358423628,12.643315315246582,24900,0.0,0.0
2013-07-05 00:00:00-04:00,12.817446887357178,12.870650291442871,12.628812610874192,12.870650291442871,40200,0.0,0.0
2013-07-08 00:00:00-04:00,12.945620385839835,12.984315911393079,12.778752072555731,12.83195686340332,58500,0.0,0.0
2013-07-09 00:00:00-04:00,12.863391994313899,13.151180455927292,12.863391994313899,12.943199157714844,96600,0.0,0.0
2013-07-10 00:00:00-04:00,12.935943835241005,13.05686403138994,12.84404492898742,12.943199157714844,122700,0.0,0.0
2013-07-11 00:00:00-04:00,13.100396402867071,13.100396402867071,12.761822020699416,13.047191619873047,160200,0.0,0.0
2013-07-12 00:00:00-04:00,12.962549583809706,12.962549583809706,12.732802258609718,12.805354118347168,195900,0.0,0.0
2013-07-15 00:00:00-04:00,12.877905612837532,12.877905612837532,12.669924266601098,12.747312545776367,153000,0.0,0.0
2013-07-16 00:00:00-04:00,12.790838935587255,12.790838935587255,12.483704821700497,12.522398948669434,142800,0.0,0.0
2013-07-17 00:00:00-04:00,12.62639524177814,12.645742313925926,12.292657209370015,12.348280906677246,160500,0.0,0.0
2013-07-18 00:00:00-04:00,12.435338786493704,12.844046097631923,12.401481073138932,12.766657829284668,65400,0.0,0.0
2013-07-19 00:00:00-04:00,12.76907653430659,12.84888231992451,12.674758718833543,12.822279930114746,36000,0.0,0.0
2013-07-22 00:00:00-04:00,12.795681979872949,12.848885388386693,12.689272395222057,12.735221862792969,55500,0.0,0.0
2013-07-23 00:00:00-04:00,12.81986206308583,12.81986206308583,12.643319564517174,12.686851501464844,45300,0.0,0.0
2013-07-24 00:00:00-04:00,12.756986815520387,12.756986815520387,12.48129138607736,12.483710289001465,34200,0.0,0.0
2013-07-25 00:00:00-04:00,12.474034181818583,12.66508735349887,12.399064808206887,12.546586036682129,92700,0.0,0.0
2013-07-26 00:00:00-04:00,12.459523271187232,12.490963468553556,11.983101879036155,12.261216163635254,170100,0.0,0.0
2013-07-29 00:00:00-04:00,12.241868698809368,12.241868698809368,11.8887850536075,11.956499099731445,61500,0.0,0.0
2013-07-30 00:00:00-04:00,11.99277418111381,12.162059966647547,11.915384535180381,12.014538764953613,133800,0.0,0.0
2013-07-31 00:00:00-04:00,12.079836457098494,12.079836457098494,11.823488159879204,11.898457527160645,103200,0.0,0.0
2013-08-01 00:00:00-04:00,12.077420739032036,12.41115735564098,12.021797047056129,12.341024398803711,53400,0.0,0.0
2013-08-02 00:00:00-04:00,12.331352766333241,12.457108043682245,12.106441841253643,12.287820816040039,27300,0.0,0.0
2013-08-05 00:00:00-04:00,12.229779453088208,12.355536112743847,12.145135840280167,12.328933715820312,28500,0.0,0.0
2013-08-06 00:00:00-04:00,12.333767787098465,12.336185305750545,11.905713382606011,12.16206169128418,94500,0.0,0.0
2013-08-07 00:00:00-04:00,12.191085359148675,12.69411061602189,12.145135890075245,12.517566680908203,138900,0.0,0.0
2013-08-08 00:00:00-04:00,12.590114601639385,12.892413718380835,12.556258274036336,12.834372520446777,38400,0.0,0.0
2013-08-09 00:00:00-04:00,12.766658986114347,12.935946184416498,12.544168386361065,12.711036682128906,138900,0.0,0.0
2013-08-12 00:00:00-04:00,12.638485895952403,12.82712017903368,12.568352938458053,12.730384826660156,165300,0.0,0.0
2013-08-13 00:00:00-04:00,12.7207132034169,13.044777046156208,12.718295683994974,12.84646987915039,72300,0.0,0.0
2013-08-14 00:00:00-04:00,12.902092082119191,13.042359408358815,12.819867362469692,12.827122688293457,93600,0.0,0.0
2013-08-15 00:00:00-04:00,12.715874652342892,12.812610008326084,12.515148615701307,12.652997016906738,76200,0.0,0.0
2013-08-16 00:00:00-04:00,12.590112961728734,12.882737815460006,12.590112961728734,12.72070598602295,114300,0.0,0.0
2013-08-19 00:00:00-04:00,12.640901534257864,12.691688797533384,12.534493354383446,12.578023910522461,39300,0.0,0.0
2013-08-20 00:00:00-04:00,12.607044703947844,12.950455486120198,12.607044703947844,12.744893074035645,80100,0.0,0.0
2013-08-21 00:00:00-04:00,12.740058145385769,12.827120657676485,12.616720393530736,12.652997016906738,80100,0.0,0.0
2013-08-22 00:00:00-04:00,12.708615005875691,13.04960823059082,12.633645649412772,13.04960823059082,121800,0.0,0.0
2013-08-23 00:00:00-04:00,13.04477169818112,13.272100075547415,12.90934223265821,13.214058876037598,47400,0.0,0.0
2013-08-26 00:00:00-04:00,13.206803654486851,13.296285048586206,13.064118864953665,13.110068321228027,40200,0.0,0.0
2013-08-27 00:00:00-04:00,13.023006688859866,13.093139629672356,12.645738212434603,12.756982803344727,90300,0.0,0.0
2013-08-28 00:00:00-04:00,12.732802959937557,12.870651362650294,12.703783044731123,12.735221862792969,56700,0.0,0.0
2013-08-29 00:00:00-04:00,12.747312370804151,12.938364163466337,12.74489485199535,12.8174467086792,45300,0.0,0.0
2013-08-30 00:00:00-04:00,12.77149144624017,13.018166843394583,12.524816049085755,12.752145767211914,124500,0.0,0.0
2013-09-03 00:00:00-04:00,12.870649690118945,13.235826480376378,12.720709560237161,12.897252082824707,150300,0.0,0.0
2013-09-04 00:00:00-04:00,12.90450679119756,13.064119756008383,12.822280714460705,12.892415046691895,45600,0.0,0.0
2013-09-05 00:00:00-04:00,12.860981494407095,13.078635752153438,12.756989404739993,12.9722261428833,249600,0.0,0.0
2013-09-06 00:00:00-04:00,12.993989519898701,13.206807312006298,12.846468268800585,13.180206298828125,195300,0.0,0.0
2013-09-09 00:00:00-04:00,13.214061535089941,13.963762242717479,13.156020323900549,13.917811393737793,120300,0.0,0.0
2013-09-10 00:00:00-04:00,13.941994573081718,14.116118185461932,13.869442721970431,14.077424049377441,90000,0.0,0.0
2013-09-11 00:00:00-04:00,14.007296637539016,14.263645044475933,13.932325854358515,14.087103843688965,57000,0.0,0.0
2013-09-12 00:00:00-04:00,13.813821103827276,14.13546595296913,13.813821103827276,14.007291793823242,61800,0.0,0.0
2013-09-13 00:00:00-04:00,14.077424354127636,14.195925667381026,13.84042311143235,14.149974822998047,24000,0.0,0.0
2013-09-16 00:00:00-04:00,14.31442474326427,14.452273116758937,14.106443423756623,14.229781150817871,63000,0.0,0.0
2013-09-17 00:00:00-04:00,14.183830627155901,14.457108451267326,14.183830627155901,14.302331924438477,129900,0.0,0.0
2013-09-18 00:00:00-04:00,14.307169004938853,14.672345754653339,14.253965609245641,14.553844451904297,136200,0.0,0.0
2013-09-19 00:00:00-04:00,14.597372617645616,14.718291407607625,14.370044296173111,14.47887134552002,61500,0.0,0.0
2013-09-20 00:00:00-04:00,14.486131574538511,14.708622168095763,14.32168080207317,14.529662132263184,152100,0.0,0.0
2013-09-23 00:00:00-04:00,14.486130410198678,14.69411033986058,14.268476255258049,14.553844451904297,142800,0.0,0.0
2013-09-24 00:00:00-04:00,14.498219660881414,14.691690295073824,14.44259737248027,14.640904426574707,64800,0.0,0.0
2013-09-25 00:00:00-04:00,14.679605521696823,14.7497384869067,14.527246460064795,14.65058422088623,77700,0.0,0.0
2013-09-26 00:00:00-04:00,14.652998361932871,14.75215121191868,14.602212485830611,14.742478370666504,36300,0.0,0.0
2013-09-27 00:00:00-04:00,14.619146691946927,14.727973811973945,14.607054943478582,14.64574909210205,85500,0.0,0.0
2013-09-30 00:00:00-04:00,14.481292394888838,14.846469139288438,14.328934765410127,14.822285652160645,103500,0.0,0.0
2013-10-01 00:00:00-04:00,14.844054742561424,15.235833995240105,14.844054742561424,15.18504810333252,95700,0.0,0.0
2013-10-02 00:00:00-04:00,15.027849196929981,15.264851816903237,14.86098090902976,15.11974811553955,138900,0.0,0.0
2013-10-03 00:00:00-04:00,15.284204711304909,15.318061055226181,14.99399858175985,15.09073257446289,84300,0.0,0.0
2013-10-04 00:00:00-04:00,15.061707277723432,15.269688608952869,14.933531738752825,15.177789688110352,201600,0.0,0.0
2013-10-07 00:00:00-04:00,15.291451541536926,15.291451541536926,14.800518221698965,14.8053560256958,112200,0.0,0.0
2013-10-08 00:00:00-04:00,14.868235154091355,15.03510342988868,14.77633624214718,14.824703216552734,97500,0.0,0.0
2013-10-09 00:00:00-04:00,14.923866785821989,14.940794960689695,14.582874698024577,14.720723152160645,89100,0.0,0.0
2013-10-10 00:00:00-04:00,14.897261224498427,15.30838759607238,14.882750572649622,15.148773193359375,106200,0.0,0.0
2013-10-11 00:00:00-04:00,15.066544126269056,15.70016098022461,15.066544126269056,15.70016098022461,62100,0.0,0.0
2013-10-14 00:00:00-04:00,15.453485236994226,15.603425364681284,15.112493325704214,15.598588943481445,72600,0.0,0.0
2013-10-15 00:00:00-04:00,15.492182440361043,15.625194428268063,15.182629281321837,15.233416557312012,70500,0.0,0.0
2013-10-16 00:00:00-04:00,15.380932325641448,15.429299297583974,15.124582669387697,15.334982872009277,36600,0.0,0.0
2013-10-17 00:00:00-04:00,15.298704033837653,15.569562911987306,15.221315782937754,15.569562911987305,201600,0.0,0.0
2013-10-18 00:00:00-04:00,15.615520984988589,16.16207684674628,15.567153993363643,15.987953186035156,184200,0.0,0.0
2013-10-21 00:00:00-04:00,16.159657338040077,16.389404691084078,15.96376770815179,16.04599380493164,84600,0.0,0.0
2013-10-22 00:00:00-04:00,16.22012168566213,16.251560513994658,15.738862262279515,15.840434074401855,51900,0.0,0.0
2013-10-23 00:00:00-04:00,15.801732250640356,15.963762722961993,15.755782794380726,15.854935646057129,52200,0.0,0.0
2013-10-24 00:00:00-04:00,15.939579767546919,16.149979989221023,15.7944774547685,16.087100982666016,108600,0.0,0.0
2013-10-25 00:00:00-04:00,16.147560398906244,16.15481572180776,15.83317091477154,15.95650863647461,43500,0.0,0.0
2013-10-28 00:00:00-04:00,15.915387347251922,16.14271560629397,15.593742707027308,15.695314407348633,100500,0.0,0.0
2013-10-29 00:00:00-04:00,15.94683691814703,15.94683691814703,15.516364967541422,15.591334342956543,82500,0.0,0.0
2013-10-30 00:00:00-04:00,15.651794300484212,15.65904824064349,15.308383474130348,15.385771751403809,60000,0.0,0.0
2013-10-31 00:00:00-04:00,15.43171905743994,15.43171905743994,15.127002412306734,15.194716453552246,95700,0.0,0.0
2013-11-01 00:00:00-04:00,15.156025661057186,15.296291578978199,14.715879452603318,15.025432586669922,105000,0.0,0.0
2013-11-04 00:00:00-05:00,15.015758998154867,15.114911866608987,14.962554209923919,15.093147277832031,136800,0.0,0.0
2013-11-05 00:00:00-05:00,15.061706985340752,15.44864834578572,14.350701889570256,15.368841171264648,44100,0.0,0.0
2013-11-06 00:00:00-05:00,15.424462295537309,15.472830649467278,14.909345484143108,15.180204391479492,29400,0.0,0.0
2013-11-07 00:00:00-05:00,15.21406671386594,15.446232945788573,15.02785133158671,15.15844440460205,73500,0.0,0.0
2013-11-08 00:00:00-05:00,15.124590263649768,15.472839002028277,15.027854887381286,15.151192665100098,78600,0.0,0.0
2013-11-11 00:00:00-05:00,15.279364220371233,15.453487867508565,15.049618260438876,15.189884185791016,132300,0.0,0.0
2013-11-12 00:00:00-05:00,15.136682012706832,15.315643496662503,15.03027379071749,15.151192665100098,40200,0.0,0.0
2013-11-13 00:00:00-05:00,15.027846118533091,15.412369879710617,15.023009698494745,15.402695655822754,22200,0.0,0.0
2013-11-14 00:00:00-05:00,15.347081784922516,15.347081784922516,15.122170832118623,15.257601737976074,47400,0.0,0.0
2013-11-15 00:00:00-05:00,15.233413518417452,15.622772408716378,14.981900243060387,15.443812370300293,117900,0.0,0.0
2013-11-18 00:00:00-05:00,15.514223718731534,15.514223718731534,15.130616939858909,15.310281753540039,66600,0.083333,0.0
2013-11-19 00:00:00-05:00,15.344272775668939,15.761868962207183,14.620760858226925,15.489945411682129,95700,0.0,0.0
2013-11-20 00:00:00-05:00,15.40010981356987,15.5943408720947,15.118474084083811,15.152464866638184,62100,0.0,0.0
2013-11-21 00:00:00-05:00,15.201027317409425,15.781293625401117,14.987373096930376,15.776436805725098,54000,0.0,0.0
2013-11-22 00:00:00-05:00,15.732728174641249,15.956094546140584,15.608905723587249,15.86626148223877,81300,0.0,0.0
2013-11-25 00:00:00-05:00,15.968238458456794,15.982806138028765,15.706027172413252,15.774008750915527,36900,0.0,0.0
2013-11-26 00:00:00-05:00,15.761874480920328,16.02894269457878,15.606489540501004,16.009519577026367,37500,0.0,0.0
2013-11-27 00:00:00-05:00,16.04350107036335,16.73787746724353,16.04350107036335,16.718454360961914,129300,0.0,0.0
2013-11-29 00:00:00-05:00,16.832565465364706,16.832565465364706,16.41739640759891,16.65290069580078,23400,0.0,0.0
2013-12-02 00:00:00-05:00,16.61649016302366,16.61649016302366,15.72059711094678,15.902688980102539,61200,0.0,0.0
2013-12-03 00:00:00-05:00,15.781287301580864,15.88325824590818,15.613761821150371,15.708450317382812,70500,0.0,0.0
2013-12-04 00:00:00-05:00,15.837129912323775,16.235304264918202,15.727873729604212,15.909965515136719,148500,0.0,0.0
2013-12-05 00:00:00-05:00,15.880829039964828,16.281430349072544,15.645323404886417,16.208593368530273,104400,0.0,0.0
2013-12-06 00:00:00-05:00,16.412538144384936,16.689318418029583,16.25958172151551,16.490230560302734,83700,0.0,0.0
2013-12-09 00:00:00-05:00,16.553360089449814,16.686893435761213,16.371268278593185,16.45867156982422,96300,0.0,0.0
2013-12-10 00:00:00-05:00,16.478091702216094,16.60434257583537,16.019221032989332,16.024076461791992,80700,0.0,0.0
2013-12-11 00:00:00-05:00,16.099340018438216,16.25958166767556,15.516646900984178,15.582200050354004,61500,0.0,0.0
2013-12-12 00:00:00-05:00,15.548213431590371,15.710882144062863,15.533647141693846,15.5797758102417,214200,0.0,0.0
2013-12-13 00:00:00-05:00,15.572487803771448,15.764291823214638,15.536070004899312,15.582200050354004,45000,0.0,0.0
2013-12-16 00:00:00-05:00,15.698741590831279,16.2595846888724,15.659895375782988,15.929391860961914,147600,0.0,0.0
2013-12-17 00:00:00-05:00,15.943954794407778,16.242585183403772,15.815276907795674,16.079917907714844,184500,0.0,0.0
2013-12-18 00:00:00-05:00,16.053214007545076,16.536363276080543,15.871122204678642,16.52907943725586,123300,0.0,0.0
2013-12-19 00:00:00-05:00,16.461099483982018,16.461099483982018,16.004655765842212,16.089632034301758,103500,0.0,0.0
2013-12-20 00:00:00-05:00,16.167324775706337,16.43682126413386,16.089632344673223,16.281435012817383,380100,0.0,0.0
2013-12-23 00:00:00-05:00,16.37369275762973,16.414967376624883,16.225591756014836,16.378549575805664,111600,0.0,0.0
2013-12-24 00:00:00-05:00,16.31299476693663,16.461095753517228,16.286287826680308,16.35184097290039,21900,0.0,0.0
2013-12-26 00:00:00-05:00,16.397976063477113,16.43196685435006,16.194034096740346,16.237735748291016,41100,0.0,0.0
2013-12-27 00:00:00-05:00,16.28871738643276,16.4805214265711,16.164894911957415,16.431962966918945,47700,0.0,0.0
2013-12-30 00:00:00-05:00,16.378547418010513,16.378547418010513,16.245012720765832,16.276575088500977,38400,0.0,0.0
2013-12-31 00:00:00-05:00,16.29115321512923,16.558221391721563,16.147907569404715,16.264446258544922,138000,0.0,0.0
2014-01-02 00:00:00-05:00,16.14061628674702,16.359125880837862,16.05321300481073,16.094486236572266,143400,0.0,0.0
2014-01-03 00:00:00-05:00,16.130911646198307,16.397978413363226,16.101776281489027,16.26930046081543,50100,0.0,0.0
2014-01-06 00:00:00-05:00,16.395542214131204,16.395542214131204,16.02407485754184,16.10662269592285,75900,0.0,0.0
2014-01-07 00:00:00-05:00,16.126051236327097,16.388263903340658,16.036219530554035,16.262014389038086,85800,0.0,0.0
2014-01-08 00:00:00-05:00,16.12119046070924,16.30328222147723,14.339119058279865,14.858687400817871,521700,0.0,0.0
2014-01-09 00:00:00-05:00,14.868398779055758,15.283567747098088,14.865970370400612,15.19373607635498,683400,0.0,0.0
2014-01-10 00:00:00-05:00,15.159750036546955,15.24472630577173,15.057777679927085,15.171889305114746,171900,0.0,0.0
2014-01-13 00:00:00-05:00,15.133039078248851,15.133039078248851,14.671740048711376,14.822269439697266,111600,0.0,0.0
2014-01-14 00:00:00-05:00,14.861119158212366,15.232586600590349,14.74458051620165,15.02135944366455,114600,0.0,0.0
2014-01-15 00:00:00-05:00,15.072341671863784,15.208303391523003,14.902389174977287,15.001933097839355,118200,0.0,0.0
2014-01-16 00:00:00-05:00,15.184031877414107,15.39525908635301,14.81499275350707,15.225306510925293,180300,0.0,0.0
2014-01-17 00:00:00-05:00,15.181599147851342,15.315133871657284,14.958234120507989,15.04078197479248,146700,0.0,0.0
2014-01-21 00:00:00-05:00,15.05534933737577,15.201023325894448,14.912103758057444,15.152464866638184,112800,0.0,0.0
2014-01-22 00:00:00-05:00,15.152466567950794,15.15489497742381,14.904821593213635,15.103909492492676,105000,0.0,0.0
2014-01-23 00:00:00-05:00,15.07962979542344,15.089342044213302,14.941239627607363,15.055351257324219,96300,0.0,0.0
2014-01-24 00:00:00-05:00,14.914531241495725,15.052921383073423,14.805276451513343,14.958232879638672,262200,0.0,0.0
2014-01-27 00:00:00-05:00,15.079626440154001,15.108761790790583,14.873256133728166,15.011646270751953,191400,0.0,0.0
2014-01-28 00:00:00-05:00,15.035925345181331,15.10147849722548,14.946093659565285,15.067487716674805,127500,0.0,0.0
2014-01-29 00:00:00-05:00,15.091763910429542,15.198591664383436,14.681451755378887,14.831979751586914,126900,0.0,0.0
2014-01-30 00:00:00-05:00,14.919382476697871,15.40010452889557,14.839261671581708,15.045633316040039,192600,0.0,0.0
2014-01-31 00:00:00-05:00,14.858687266846232,15.006788249372221,14.691163181870117,14.909672737121582,149100,0.0,0.0
2014-02-03 00:00:00-05:00,14.90967152374621,15.094191676630782,14.27356462295957,14.365824699401855,127200,0.0,0.0
2014-02-04 00:00:00-05:00,14.394964637985918,14.780999796466142,14.36340225961338,14.545494079589844,135000,0.0,0.0
2014-02-05 00:00:00-05:00,14.409529906166744,14.615901619729234,14.326982054291811,14.392535209655762,111300,0.0,0.0
2014-02-06 00:00:00-05:00,14.6814517599186,16.669893359585863,14.6814517599186,15.53121280670166,434400,0.0,0.0
2014-02-07 00:00:00-05:00,15.587060730264401,15.761868724393015,15.116049259702248,15.310281753540039,86700,0.0,0.0
2014-02-10 00:00:00-05:00,15.336988519726237,15.667181393555806,14.98008869568062,15.599201202392578,255900,0.0,0.0
2014-02-11 00:00:00-05:00,15.613758540920973,15.686595509817009,15.3976760425876,15.570056915283203,219300,0.0,0.0
2014-02-12 00:00:00-05:00,15.538497983168163,15.844412236015696,15.538497983168163,15.798283576965332,188100,0.0,0.0
2014-02-13 00:00:00-05:00,15.659891681309594,16.08962835486692,15.659891681309594,16.03864288330078,129600,0.0,0.0
2014-02-14 00:00:00-05:00,16.03132969929983,16.109317244246654,15.699882633275832,15.777870178222656,107400,0.083333,0.0
2014-02-18 00:00:00-05:00,15.892415954709241,16.06788793854932,15.6608895488962,15.997210502624512,99600,0.0,0.0
2014-02-19 00:00:00-05:00,15.899733938872254,16.145880669856947,15.785188808956205,15.860738754272461,105900,0.0,0.0
2014-02-20 00:00:00-05:00,15.926541811843942,16.267738190714333,15.926541811843942,16.172691345214844,48300,0.0,0.0
2014-02-21 00:00:00-05:00,16.257987695050502,16.257987695050502,15.892420606417094,16.002090454101562,75300,0.0,0.0
2014-02-24 00:00:00-05:00,16.114192418224143,16.284789125910223,16.092257898387352,16.094694137573242,58800,0.0,0.0
2014-02-25 00:00:00-05:00,16.145880251954146,16.25555150390458,15.982594980466477,16.063018798828125,60000,0.0,0.0
2014-02-26 00:00:00-05:00,15.982592046604472,16.2628600283601,15.982592046604472,16.253110885620117,94800,0.0,0.0
2014-02-27 00:00:00-05:00,16.401771090801795,16.604051466643647,16.401771090801795,16.526063919067383,150000,0.0,0.0
2014-02-28 00:00:00-05:00,16.565059210415434,16.66741751873768,16.370088945499337,16.60405158996582,110400,0.0,0.0
2014-03-03 00:00:00-05:00,16.567496423223815,16.735656909499312,16.34084527239478,16.479761123657227,116400,0.0,0.0
2014-03-04 00:00:00-05:00,16.745409804572922,17.242579867461906,16.611367796677353,16.855079650878906,270000,0.0,0.0
2014-03-05 00:00:00-05:00,16.784400342134457,16.93550157883176,16.657669867783575,16.789274215698242,48000,0.0,0.0
2014-03-06 00:00:00-05:00,16.88676231595249,16.97937290635404,16.474889928292406,16.61136817932129,171300,0.0,0.0
2014-03-07 00:00:00-05:00,16.779522171747153,16.97205337622537,16.470008270002022,16.93793487548828,118800,0.0,0.0
2014-03-10 00:00:00-04:00,16.864829509885997,17.052486934373132,15.807121998008972,16.906259536743164,112800,0.0,0.0
2014-03-11 00:00:00-04:00,16.842891263412145,17.188961393173848,16.494383499567906,16.550437927246094,71100,0.0,0.0
2014-03-12 00:00:00-04:00,16.51144591315329,16.577248100694348,16.360346039791505,16.516321182250977,72300,0.0,0.0
2014-03-13 00:00:00-04:00,16.628422439621737,16.628422439621737,16.172682566539695,16.26529312133789,51000,0.0,0.0
2014-03-14 00:00:00-04:00,16.260424448171285,16.569938502719157,16.199497527828342,16.370094299316406,56700,0.0,0.0
2014-03-17 00:00:00-04:00,16.33597556304186,16.560190550720378,16.09470131534498,16.382282257080078,86100,0.0,0.0
2014-03-18 00:00:00-04:00,16.438332387036365,16.60649290066342,16.32866115294878,16.569936752319336,70500,0.0,0.0
2014-03-19 00:00:00-04:00,16.606492584400478,16.606492584400478,16.133693326660637,16.272607803344727,59700,0.0,0.0
2014-03-20 00:00:00-04:00,16.30185285973525,16.47732486807474,15.329444608607501,16.045955657958984,98700,0.0,0.0
2014-03-21 00:00:00-04:00,16.26286106498496,16.55775208238364,15.846113425471149,16.084951400756836,177900,0.0,0.0
2014-03-24 00:00:00-04:00,16.15806648258199,16.26286246144521,15.631648953584302,15.902169227600098,167400,0.0,0.0
2014-03-25 00:00:00-04:00,15.938722072734645,16.128817097139507,15.787620827975521,15.838801383972168,283800,0.0,0.0
2014-03-26 00:00:00-04:00,16.021583698463782,16.021583698463782,15.39037036895752,15.39037036895752,170700,0.0,0.0
2014-03-27 00:00:00-04:00,15.378188707471141,15.495170065926123,15.117417588265933,15.3538179397583,88200,0.0,0.0
2014-03-28 00:00:00-04:00,15.37087970906303,15.51954476326228,15.149102339782466,15.266083717346191,105000,0.0,0.0
2014-03-31 00:00:00-04:00,15.443988891142638,15.887543499672157,15.263643002233751,15.792496681213379,215100,0.0,0.0
2014-04-01 00:00:00-04:00,15.885114448027284,15.938729875391436,15.673084795826718,15.87292766571045,235500,0.0,0.0
2014-04-02 00:00:00-04:00,15.941161502244693,15.975281411909274,15.7705633484495,15.904603958129883,182700,0.0,0.0
2014-04-03 00:00:00-04:00,15.96553674087067,16.080081885146274,15.794938539287847,15.938728332519531,152400,0.0,0.0
2014-04-04 00:00:00-04:00,15.958217453436474,16.041078871474877,15.429362495742609,15.609709739685059,93000,0.0,0.0
2014-04-07 00:00:00-04:00,15.592650721321277,15.592650721321277,15.2831367754721,15.348938941955566,120300,0.0,0.0
2014-04-08 00:00:00-04:00,15.412303106064561,15.446423005374657,15.197837358943994,15.280698776245117,78000,0.0,0.0
2014-04-09 00:00:00-04:00,15.387934884189962,15.387934884189962,15.134475323075932,15.25389289855957,46800,0.0,0.0
2014-04-10 00:00:00-04:00,15.283141076392624,15.336757878175531,15.117416796662104,15.202715873718262,166500,0.0,0.0
2014-04-11 00:00:00-04:00,15.134479897747388,15.312388194956434,14.932198041102247,15.117419242858887,171600,0.0,0.0
2014-04-14 00:00:00-04:00,15.307510595128779,15.507353373770592,15.036991762864652,15.214900016784668,246900,0.0,0.0
2014-04-15 00:00:00-04:00,15.336758681264872,15.461051548939265,14.988250845954532,15.3538179397583,84300,0.0,0.0
2014-04-16 00:00:00-04:00,15.443986548740906,15.50735108476954,15.280699940876806,15.4171781539917,57600,0.0,0.0
2014-04-17 00:00:00-04:00,15.417181526080487,15.719384047054309,15.312385558058647,15.643834114074707,48300,0.0,0.0
2014-04-21 00:00:00-04:00,15.719388506367473,15.83393365007373,15.480550467527419,15.617030143737793,61500,0.0,0.0
2014-04-22 00:00:00-04:00,15.690136152465618,15.9289740952452,15.690136152465618,15.88998031616211,76800,0.0,0.0
2014-04-23 00:00:00-04:00,15.899734162208118,16.045960179767594,15.68283067893868,15.831494331359863,126300,0.0,0.0
2014-04-24 00:00:00-04:00,15.950908849085554,15.999650376378945,15.785184588327388,15.838801383972168,42300,0.0,0.0
2014-04-25 00:00:00-04:00,15.787623144206151,15.80712143141721,15.582906468295457,15.656020164489746,65400,0.0,0.0
2014-04-28 00:00:00-04:00,15.763246080930013,15.792492105537578,15.463481301338525,15.699881553649902,87000,0.0,0.0
2014-04-29 00:00:00-04:00,15.838798739928427,15.902163272643126,15.319692914839658,15.348938941955566,116100,0.0,0.0
2014-04-30 00:00:00-04:00,15.334321144654748,15.524416201990578,15.15884910585117,15.431805610656738,99900,0.0,0.0
2014-05-01 00:00:00-04:00,15.385492324829102,15.575587283442754,15.11253596177819,15.385492324829102,104400,0.0,0.0
2014-05-02 00:00:00-04:00,15.48054611198161,15.692575682947966,15.314823228115756,15.373313903808594,124800,0.0,0.0
2014-05-05 00:00:00-04:00,15.3270052708114,15.568279429776135,15.217335452105138,15.478106498718262,101100,0.0,0.0
2014-05-06 00:00:00-04:00,15.48542424147705,15.74132151785306,15.356256088582365,15.395251274108887,194100,0.0,0.0
2014-05-07 00:00:00-04:00,15.719384887848271,15.719384887848271,15.088172806053425,15.278267860412598,146100,0.0,0.0
2014-05-08 00:00:00-04:00,15.32456719338384,15.692571808676014,15.063796154317954,15.163718223571777,147600,0.0,0.0
2014-05-09 00:00:00-04:00,15.102795909410098,15.351381643854516,14.927323872366001,15.273392677307129,234300,0.0,0.0
2014-05-12 00:00:00-04:00,15.305072893816948,15.987465451655293,15.305072893816948,15.880231857299805,122700,0.0,0.0
2014-05-13 00:00:00-04:00,15.914348520299809,15.967965306548924,15.553655424519855,15.646265983581543,183900,0.0,0.0
2014-05-14 00:00:00-04:00,15.61214983168346,15.799808628605843,14.876141844523907,14.905387878417969,122400,0.0,0.0
2014-05-15 00:00:00-04:00,14.873706786598287,14.873706786598287,14.542259580709322,14.671427726745605,72900,0.0,0.0
2014-05-16 00:00:00-04:00,14.62511126348388,15.061355554535186,14.62511126348388,15.041858673095703,102900,0.0,0.0
2014-05-19 00:00:00-04:00,14.907280316610503,15.242521626185402,14.907280316610503,15.208264350891113,91800,0.083333,0.0
2014-05-20 00:00:00-04:00,15.115273080958552,15.115273080958552,14.7702430704404,14.841206550598145,150000,0.0,0.0
2014-05-21 00:00:00-04:00,14.850999553531652,15.06144392607028,14.550015485877434,14.83631706237793,131700,0.0,0.0
2014-05-22 00:00:00-04:00,14.921958450896263,15.218047302116643,14.814288759398773,14.948874473571777,113400,0.0,0.0
2014-05-23 00:00:00-04:00,15.007615998518327,15.323282703298066,14.963569904888617,15.215614318847656,81000,0.0,0.0
2014-05-27 00:00:00-04:00,15.364875797546828,15.572872624948456,15.164220215844011,15.49456787109375,55800,0.0,0.0
2014-05-28 00:00:00-04:00,15.359987547956145,15.377117595623305,15.171568225217946,15.215614318847656,68700,0.0,0.0
2014-05-29 00:00:00-04:00,15.196034275452435,15.32817252289661,15.049212133581511,15.161775588989258,52800,0.0,0.0
2014-05-30 00:00:00-04:00,15.210708078238069,15.54595073465858,15.078569894134237,15.12995719909668,103500,0.0,0.0
2014-06-02 00:00:00-04:00,15.235181142894831,15.235181142894831,14.760458959497099,14.91462230682373,86700,0.0,0.0
2014-06-03 00:00:00-04:00,14.909728910504281,14.980693821453091,14.699284526779051,14.826530456542969,86400,0.0,0.0
2014-06-04 00:00:00-04:00,14.738437177416554,15.007608707880124,14.687048459579582,14.919516563415527,92400,0.0,0.0
2014-06-05 00:00:00-04:00,14.934199396392305,15.455416679382324,14.833872297946924,15.455416679382324,99000,0.0,0.0
2014-06-06 00:00:00-04:00,15.56063259475988,15.61446744548398,15.350188287528576,15.377105712890625,85800,0.0,0.0
2014-06-09 00:00:00-04:00,15.430937320855747,15.839590910676442,15.364867545251235,15.834695816040039,108900,0.0,0.0
2014-06-10 00:00:00-04:00,15.834696019981088,15.861613440033214,15.5948881870604,15.695215225219727,45000,0.0,0.0
2014-06-11 00:00:00-04:00,15.570421611931812,15.734372328861362,15.3771073189398,15.56552791595459,104100,0.0,0.0
2014-06-12 00:00:00-04:00,15.612020360098303,15.612020360098303,15.107933306984322,15.19847297668457,56400,0.0,0.0
2014-06-13 00:00:00-04:00,15.21071009851396,15.484776694847683,15.208263950456928,15.418706893920898,123600,0.0,0.0
2014-06-16 00:00:00-04:00,15.426052393561,15.426052393561,15.032082427784438,15.181350708007812,101400,0.0,0.0
2014-06-17 00:00:00-04:00,15.240077717110148,15.570425378777015,15.193584093580832,15.536168098449707,402000,0.0,0.0
2014-06-18 00:00:00-04:00,15.504354277980942,15.86406686063543,15.44317817337739,15.545952796936035,164100,0.0,0.0
2014-06-19 00:00:00-04:00,15.585101963130555,15.771076386756649,15.401575087257047,15.70500659942627,201600,0.0,0.0
2014-06-20 00:00:00-04:00,15.81757120228251,15.920345812567511,15.575315763611403,15.668301582336426,647400,0.0,0.0
2014-06-23 00:00:00-04:00,15.660962189638182,15.802890582738137,15.570422507953255,15.766185760498047,126300,0.0,0.0
2014-06-24 00:00:00-04:00,15.810234350920037,16.138135855989656,15.780870768480675,15.800445556640625,135300,0.0,0.0
2014-06-25 00:00:00-04:00,15.783312372640916,16.03535520012622,15.739266311563695,15.988862991333008,132600,0.0,0.0
2014-06-26 00:00:00-04:00,15.905669141643406,16.001102534804716,15.749058234594983,15.82491683959961,76800,0.0,0.0
2014-06-27 00:00:00-04:00,15.690329669526614,16.04025491151696,15.580213785048352,15.82491683959961,237600,0.0,0.0
2014-06-30 00:00:00-04:00,15.84449101309099,16.094087754998654,15.802892489572637,15.99865436553955,85800,0.0,0.0
2014-07-01 00:00:00-04:00,16.1210002793921,16.385279431578514,16.015779528272315,16.221328735351562,109500,0.0,0.0
2014-07-02 00:00:00-04:00,16.182175805038092,16.41219628125147,16.182175805038092,16.316762924194336,85500,0.0,0.0
2014-07-03 00:00:00-04:00,16.453795874488733,16.61285146652581,16.370596056901313,16.554122924804688,92100,0.0,0.0
2014-07-07 00:00:00-04:00,16.485607794308674,16.485607794308674,16.25803485910121,16.343679428100586,137400,0.0,0.0
2014-07-08 00:00:00-04:00,16.27027236482354,16.39506931656541,16.152813856938586,16.226224899291992,122100,0.0,0.0
2014-07-09 00:00:00-04:00,16.19686508178711,16.39996821932589,16.140584063032783,16.19686508178711,85800,0.0,0.0
2014-07-10 00:00:00-04:00,15.961950699878178,16.111218966135198,15.805341187713505,15.932585716247559,279600,0.0,0.0
2014-07-11 00:00:00-04:00,15.842045217416487,15.842045217416487,15.660964427966618,15.707459449768066,53400,0.0,0.0
2014-07-14 00:00:00-04:00,15.88119585536976,15.930137020194284,15.751503798873703,15.871408462524414,124800,0.0,0.0
2014-07-15 00:00:00-04:00,15.90566683208093,15.90566683208093,15.695221087560821,15.70256233215332,87600,0.0,0.0
2014-07-16 00:00:00-04:00,15.775975949585572,15.775975949585572,15.6364950799892,15.660964965820312,48900,0.0,0.0
2014-07-17 00:00:00-04:00,15.660964866153192,15.660964866153192,15.269441094549226,15.29391098022461,279600,0.0,0.0
2014-07-18 00:00:00-04:00,15.2302876841656,15.50190673224306,15.2302876841656,15.418706893920898,109200,0.0,0.0
2014-07-21 00:00:00-04:00,15.269428861413836,15.401568378516183,15.186230476652419,15.301239967346191,64800,0.0,0.0
2014-07-22 00:00:00-04:00,15.460304558484046,15.492115680180246,15.28167276740546,15.374658584594727,66900,0.0,0.0
2014-07-23 00:00:00-04:00,15.328166794521156,15.465201489161863,15.235179566100332,15.318379402160645,36300,0.0,0.0
2014-07-24 00:00:00-04:00,15.318379430619393,15.570422286860728,15.051652685411623,15.115276336669922,49500,0.0,0.0
2014-07-25 00:00:00-04:00,14.985584796358648,14.995372189070434,14.850997645077252,14.860786437988281,54000,0.0,0.0
2014-07-28 00:00:00-04:00,14.86078469091917,14.86078469091917,14.633210334633763,14.767797470092773,52800,0.0,0.0
2014-07-29 00:00:00-04:00,14.735989636655825,14.775142012038389,14.6087437165628,14.662578582763672,54900,0.0,0.0
2014-07-30 00:00:00-04:00,14.63811018686366,14.71886109417777,14.439900741257192,14.640556335449219,34800,0.0,0.0
2014-07-31 00:00:00-04:00,14.537782460318956,14.647898358093308,14.293079376220705,14.293079376220703,84000,0.0,0.0
2014-08-01 00:00:00-04:00,14.342015789282652,14.488837871013168,14.033690537807882,14.089971542358398,88200,0.0,0.0
2014-08-04 00:00:00-04:00,14.136467246337274,14.527992388810285,13.95049276865761,14.02145767211914,103200,0.0,0.0
2014-08-05 00:00:00-04:00,13.913788281634403,14.283289697525516,13.571205698904231,13.576099395751953,177300,0.0,0.0
2014-08-06 00:00:00-04:00,12.993707932717415,13.191915964080657,12.23513028623243,12.854227066040039,699900,0.0,0.0
2014-08-07 00:00:00-04:00,12.84688386765383,12.854225112173538,12.058941358395227,12.340349197387695,744300,0.0,0.0
2014-08-08 00:00:00-04:00,12.335455987444117,12.692722433759648,12.313432253016686,12.648674964904785,254400,0.0,0.0
2014-08-11 00:00:00-04:00,12.636436185836237,13.353415008851979,12.56792025542519,13.001042366027832,228600,0.0,0.0
2014-08-12 00:00:00-04:00,13.005945006731077,13.06711973005365,12.602186232003445,12.761241912841797,171300,0.0,0.0
2014-08-13 00:00:00-04:00,12.74166035099795,12.961893462734595,12.709849228237996,12.829753875732422,105600,0.0,0.0
2014-08-14 00:00:00-04:00,12.86157016073955,12.88848759854007,12.70740678062745,12.773476600646973,111900,0.0,0.0
2014-08-15 00:00:00-04:00,12.920294962644201,12.94476484433843,12.52877125473962,12.751450538635254,205200,0.0,0.0
2014-08-18 00:00:00-04:00,12.928486609397583,13.07355715111198,12.756368874453452,12.95307445526123,129300,0.083333,0.0
2014-08-19 00:00:00-04:00,13.30714396290187,13.30714396290187,13.026837496003994,13.056344032287598,210000,0.0,0.0
2014-08-20 00:00:00-04:00,13.024378861580045,13.024378861580045,12.847343874163926,12.9088134765625,97200,0.0,0.0
2014-08-21 00:00:00-04:00,12.95307214510301,12.98011933350892,12.724402124065534,12.830131530761719,69300,0.0,0.0
2014-08-22 00:00:00-04:00,12.785870060822667,12.92356533182787,12.734235037670146,12.778494834899902,150600,0.0,0.0
2014-08-25 00:00:00-04:00,12.817834635704976,12.928481303632008,12.734233742958967,12.807998657226562,82800,0.0,0.0
2014-08-26 00:00:00-04:00,12.827671593924242,12.940777629252327,12.827671593924242,12.911271095275879,65100,0.0,0.0
2014-08-27 00:00:00-04:00,12.871931715123356,12.96782513903454,12.847343874163926,12.9088134765625,87600,0.0,0.0
2014-08-28 00:00:00-04:00,12.884224758925171,13.048965814652144,12.822753753760239,12.923565864562988,109200,0.0,0.0
2014-08-29 00:00:00-04:00,12.970279161553782,13.026832867018397,12.837504016305466,12.955527305603027,85200,0.0,0.0
2014-09-02 00:00:00-04:00,13.03175502967689,13.152236290243113,13.009625129434623,13.080930709838867,451500,0.0,0.0
2014-09-03 00:00:00-04:00,13.174369634537175,13.213710751730922,13.007169182989088,13.137486457824707,390900,0.0,0.0
2014-09-04 00:00:00-04:00,13.142404161148802,13.312062540378182,13.034215393553705,13.095685005187988,157200,0.0,0.0
2014-09-05 00:00:00-04:00,13.061263604898365,13.22108601457104,13.024381835039133,13.17928695678711,143400,0.0,0.0
2014-09-08 00:00:00-04:00,13.130106044895305,13.289929815118926,13.112894838680775,13.275177955627441,100500,0.0,0.0
2014-09-09 00:00:00-04:00,13.198957121317731,13.30960383454088,13.171909928115516,13.235838890075684,128100,0.0,0.0
2014-09-10 00:00:00-04:00,13.230921997369768,13.230921997369768,13.078474816109473,13.17928695678711,126900,0.0,0.0
2014-09-11 00:00:00-04:00,13.191577759754294,13.393201993417623,13.144860018146888,13.326813697814941,582600,0.0,0.0
2014-09-12 00:00:00-04:00,13.292391440720682,13.292391440720682,12.906356949006787,12.9776611328125,224700,0.0,0.0
2014-09-15 00:00:00-04:00,12.921105151581058,12.921105151581058,12.584246442570747,12.643258094787598,102900,0.0,0.0
2014-09-16 00:00:00-04:00,12.606376777894035,12.638341248087162,12.449012366513212,12.567035675048828,102900,0.0,0.0
2014-09-17 00:00:00-04:00,12.599002563145053,12.783414193991408,12.535073610490048,12.677684783935547,87900,0.0,0.0
2014-09-18 00:00:00-04:00,12.682605738246242,12.825218359878088,12.658017888876765,12.717029571533203,220200,0.0,0.0
2014-09-19 00:00:00-04:00,12.75882570865997,12.75882570865997,12.576872027040984,12.640802383422852,206700,0.0,0.0
2014-09-22 00:00:00-04:00,12.601459868061463,12.714567313433305,12.394919752371019,12.640802383422852,162000,0.0,0.0
2014-09-23 00:00:00-04:00,12.729322240104118,12.785874569463298,12.41459329699351,12.539993286132812,208200,0.0,0.0
2014-09-24 00:00:00-04:00,12.532614917267495,12.532614917267495,12.365414485890886,12.473603248596191,84000,0.0,0.0
2014-09-25 00:00:00-04:00,12.417048541080753,12.417048541080753,12.188378518877705,12.225261688232422,141600,0.0,0.0
2014-09-26 00:00:00-04:00,11.187641107723824,11.347464220481822,10.152476730307379,11.197476387023926,1594800,0.0,0.0
2014-09-29 00:00:00-04:00,10.98847592172608,10.98847592172608,10.543429016019628,10.6589937210083,717300,0.0,0.0
2014-09-30 00:00:00-04:00,10.599979172116207,10.599979172116207,9.992650678117581,10.046744346618652,582900,0.0,0.0
2014-10-01 00:00:00-04:00,10.007404259749398,10.152474777388976,9.599239895571843,9.734475135803223,499500,0.0,0.0
2014-10-02 00:00:00-04:00,9.773816346142535,9.886921685764971,9.51318114040247,9.68775749206543,349500,0.0,0.0
2014-10-03 00:00:00-04:00,9.712345727953705,10.454909507988791,9.373028312954528,9.759062767028809,208800,0.0,0.0
2014-10-06 00:00:00-04:00,9.773812856333528,9.980353610287022,9.722177843713727,9.918883323669434,163800,0.0,0.0
2014-10-07 00:00:00-04:00,9.835286622412243,10.103298461273024,9.734475204139134,10.024616241455078,361500,0.0,0.0
2014-10-08 00:00:00-04:00,9.985277612500392,10.1918184908399,9.886924109816391,10.157395362854004,336000,0.0,0.0
2014-10-09 00:00:00-04:00,10.11804669464496,10.233610619893872,9.653329537475274,9.778729438781738,248700,0.0,0.0
2014-10-10 00:00:00-04:00,9.913970873812028,10.558182032321191,9.84512462083781,9.95085334777832,374100,0.0,0.0
2014-10-13 00:00:00-04:00,9.997570491900628,10.154935657667334,9.88692307674554,10.10084056854248,230400,0.0,0.0
2014-10-14 00:00:00-04:00,10.164766359698643,10.658989463361923,10.09592013715505,10.501625061035156,316500,0.0,0.0
2014-10-15 00:00:00-04:00,10.400815135277078,10.730297250909404,10.243450710730169,10.663908958435059,190500,0.0,0.0
2014-10-16 00:00:00-04:00,10.504084527341565,10.88766099155502,10.390979206040344,10.808978080749512,264900,0.0,0.0
2014-10-17 00:00:00-04:00,10.961423097364197,10.961423097364197,10.447529502133921,10.580306053161621,175500,0.0,0.0
2014-10-20 00:00:00-04:00,10.484414499179243,10.710626560029262,10.349179272705674,10.68603801727295,177900,0.0,0.0
2014-10-21 00:00:00-04:00,10.693415735478478,11.064697633408183,10.41310997768186,10.904873847961426,129300,0.0,0.0
2014-10-22 00:00:00-04:00,10.96879972874891,10.96879972874891,10.526212397780391,10.580306053161621,227700,0.0,0.0
2014-10-23 00:00:00-04:00,10.68849913057887,10.843404945665867,10.501628835648809,10.742592811584473,134100,0.0,0.0
2014-10-24 00:00:00-04:00,10.78685149151683,10.78685149151683,10.477039873574268,10.646698951721191,193200,0.0,0.0
2014-10-27 00:00:00-04:00,10.572930287289982,10.649154546539453,10.327048416623722,10.62702465057373,106200,0.0,0.0
2014-10-28 00:00:00-04:00,10.722920051926321,11.008143056369958,10.722920051926321,10.813896179199219,248700,0.0,0.0
2014-10-29 00:00:00-04:00,10.81389620689156,10.863073290568414,10.474578831757642,10.786849021911621,90900,0.0,0.0
2014-10-30 00:00:00-04:00,10.764720785572004,10.954050393821953,10.599979721350742,10.821273803710938,154800,0.0,0.0
2014-10-31 00:00:00-04:00,11.03764982054754,11.263861891559452,10.781932622461758,11.195014953613281,198000,0.0,0.0
2014-11-03 00:00:00-05:00,11.23189430469994,11.313035140350777,11.003223653721333,11.212223052978516,153900,0.0,0.0
2014-11-04 00:00:00-05:00,11.15813105522495,11.494989068148314,10.99830729936019,11.34254264831543,186900,0.0,0.0
2014-11-05 00:00:00-05:00,11.448271985950624,11.748248241704996,11.258942404170055,11.300742149353027,143700,0.0,0.0
2014-11-06 00:00:00-05:00,11.187638693212444,11.406473434542235,11.187638693212444,11.345003128051758,141000,0.0,0.0
2014-11-07 00:00:00-05:00,11.2097700952289,11.27124041380661,11.032735071223348,11.222064018249512,184800,0.0,0.0
2014-11-10 00:00:00-05:00,11.204848874883487,11.347460732638014,11.204848874883487,11.295825004577637,94200,0.0,0.0
2014-11-11 00:00:00-05:00,11.268780920228059,11.340086512540726,11.126169032128127,11.226981163024902,109800,0.0,0.0
2014-11-12 00:00:00-05:00,11.207311372783918,11.342547347450243,11.03027633890659,11.310582160949707,113700,0.0,0.0
2014-11-13 00:00:00-05:00,11.376969345377526,11.376969345377526,10.82127574801021,10.863076210021973,119100,0.0,0.0
2014-11-14 00:00:00-05:00,10.887663159026047,10.973722016295266,9.938557788939239,10.757345199584961,181200,0.0,0.0
2014-11-17 00:00:00-05:00,10.735084084298181,10.883495238248805,10.574304803424853,10.61388111114502,239700,0.086667,0.0
2014-11-18 00:00:00-05:00,10.688086952091826,10.848866242258802,10.688086952091826,10.809289932250977,124800,0.0,0.0
2014-11-19 00:00:00-05:00,10.744978294400127,10.819184231022554,10.552044133006287,10.720243453979492,245700,0.0,0.0
2014-11-20 00:00:00-05:00,10.715297561006984,10.846394639697664,10.66088047985718,10.821659088134766,225300,0.0,0.0
2014-11-21 00:00:00-05:00,11.022010009473421,11.02448335126846,10.720240372397026,10.804340362548828,112500,0.0,0.0
2014-11-24 00:00:00-05:00,10.851337232914208,10.982434262162778,10.851337232914208,10.940383911132812,130500,0.0,0.0
2014-11-25 00:00:00-05:00,10.99233177550144,11.056643643420689,10.688088666591902,10.821659088134766,114900,0.0,0.0
2014-11-26 00:00:00-05:00,10.772186668294632,10.801868898033797,10.646037014983138,10.757345199584961,67200,0.0,0.0
2014-11-28 00:00:00-05:00,10.727663567905488,10.796922107824654,10.49762574384238,10.524834632873535,69300,0.0,0.0
2014-12-01 00:00:00-05:00,10.537204739968821,10.537204739968821,9.913877014031218,9.95840072631836,216600,0.0,0.0
2014-12-02 00:00:00-05:00,10.035074604196796,10.36652717863062,9.988078278648183,10.138962745666504,617700,0.0,0.0
2014-12-03 00:00:00-05:00,10.275008222424265,11.511768434324704,10.015288195777899,11.029431343078613,622200,0.0,0.0
2014-12-04 00:00:00-05:00,11.022011040432718,11.15310736767275,10.935437700388118,10.979961395263672,337200,0.0,0.0
2014-12-05 00:00:00-05:00,10.962647566600488,11.20752686461428,10.962647566600488,11.155582427978516,340800,0.0,0.0
2014-12-08 00:00:00-05:00,11.088796326801589,11.279257830272327,11.0220118411567,11.120952606201172,258600,0.0,0.0
2014-12-09 00:00:00-05:00,11.125898320465314,11.59092058330583,11.093742751549783,11.531556129455566,238200,0.0,0.0
2014-12-10 00:00:00-05:00,11.427672467676333,11.593398476656068,11.205056032182688,11.264420509338379,184500,0.0,0.0
2014-12-11 00:00:00-05:00,11.2990456795965,11.462297573467298,11.192683482093837,11.279256820678711,124200,0.0,0.0
2014-12-12 00:00:00-05:00,11.14815910129517,11.365829459182285,11.14815910129517,11.24215316772461,179700,0.0,0.0
2014-12-15 00:00:00-05:00,11.341096478939546,11.385620180376565,11.073956393358113,11.098691940307617,300900,0.0,0.0
2014-12-16 00:00:00-05:00,11.06653483555014,11.47961341435897,11.06653483555014,11.373251914978027,228000,0.0,0.0
2014-12-17 00:00:00-05:00,11.39304186871667,11.684917525674773,11.30152111579235,11.613184928894043,180000,0.0,0.0
2014-12-18 00:00:00-05:00,11.751699605552362,12.147463330896137,11.689861103282341,12.026260375976562,226200,0.0,0.0
2014-12-19 00:00:00-05:00,11.999053425494994,12.238985324383803,11.952056382652835,12.115309715270996,504600,0.0,0.0
2014-12-22 00:00:00-05:00,12.085625165077674,12.409656321730532,11.971842940491737,12.37502670288086,116700,0.0,0.0
2014-12-23 00:00:00-05:00,12.397291427176716,12.597647031984318,12.251353603728294,12.483864784240723,97200,0.0,0.0
2014-12-24 00:00:00-05:00,12.466548287252037,12.528386798986242,12.41213192551518,12.478917121887207,72900,0.0,0.0
2014-12-26 00:00:00-05:00,12.513546921791743,12.696588430283335,12.32803277834686,12.46654987335205,50100,0.0,0.0
2014-12-29 00:00:00-05:00,12.511071731875614,12.654535482850372,12.350292462960944,12.43686580657959,101100,0.0,0.0
2014-12-30 00:00:00-05:00,12.429446683814389,12.461602258693775,12.23403918440871,12.29835033416748,73500,0.0,0.0
2014-12-31 00:00:00-05:00,12.365137773038667,12.365137773038667,12.105417661485632,12.1375732421875,94500,0.0,0.0
2015-01-02 00:00:00-05:00,12.23156457146953,12.350293495727497,11.650286661856303,11.860535621643066,136200,0.0,0.0
2015-01-05 00:00:00-05:00,11.561235316462874,11.561235316462874,10.500094744466114,10.791970252990723,561900,0.0,0.0
2015-01-06 00:00:00-05:00,10.591621431615655,10.636145142252374,10.413528004429526,10.552045822143555,390000,0.0,0.0
2015-01-07 00:00:00-05:00,10.594091161065782,10.594091161065782,10.438259298918737,10.549568176269531,198300,0.0,0.0
2015-01-08 00:00:00-05:00,10.643563787497119,10.782080870316316,10.477837815061232,10.735084533691406,392400,0.0,0.0
2015-01-09 00:00:00-05:00,10.777133071315998,11.039327172569058,10.754871575051192,10.918124198913574,337200,0.0,0.0
2015-01-12 00:00:00-05:00,10.947806210455362,11.158055872637302,10.779606905317925,10.920598030090332,181200,0.0,0.0
2015-01-13 00:00:00-05:00,11.044274298301232,11.061589110612136,10.450628948649157,10.740031242370605,232800,0.0,0.0
2015-01-14 00:00:00-05:00,10.60646123218702,10.767240526030966,10.527309318041434,10.638617515563965,81000,0.0,0.0
2015-01-15 00:00:00-05:00,10.621302358867286,10.621302358867286,10.069707329698517,10.143913269042969,197700,0.0,0.0
2015-01-16 00:00:00-05:00,10.289851892179609,10.485260126019822,10.161228159691083,10.331901550292969,200700,0.0,0.0
2015-01-20 00:00:00-05:00,10.354162251051774,10.509994157530894,9.916348765816135,10.143913269042969,189900,0.0,0.0
2015-01-21 00:00:00-05:00,10.074655478944912,10.190910374202826,9.886667273873496,10.109284400939941,158100,0.0,0.0
2015-01-22 00:00:00-05:00,10.146384710792834,10.2972699038113,9.941082452439302,10.185961723327637,187200,0.0,0.0
2015-01-23 00:00:00-05:00,10.200803554712651,10.200803554712651,9.903981237141666,10.037550926208496,162600,0.0,0.0
2015-01-26 00:00:00-05:00,9.886665051778092,10.190908083726725,9.86935094851221,10.129070281982422,137700,0.0,0.0
2015-01-27 00:00:00-05:00,10.030128733954717,10.173592469306245,9.946028033943,10.074651718139648,174300,0.0,0.0
2015-01-28 00:00:00-05:00,10.064759726378094,10.104336745499818,9.834722593044713,9.847090721130371,172800,0.0,0.0
2015-01-29 00:00:00-05:00,9.711044178302386,10.161224237524275,9.659100461407565,10.138962745666504,222000,0.0,0.0
2015-01-30 00:00:00-05:00,10.044970882263966,10.087020530406285,9.634365646605362,9.64920711517334,103500,0.0,0.0
2015-02-02 00:00:00-05:00,9.718468716030218,10.094443713684754,9.656630192234674,10.079602241516113,113100,0.0,0.0
2015-02-03 00:00:00-05:00,10.10185921419617,10.43331176982093,9.889136967342107,10.406102180480957,354300,0.0,0.0
2015-02-04 00:00:00-05:00,9.622000370233906,9.644261868724879,9.033301670065947,9.048142433166504,920700,0.0,0.0
2015-02-05 00:00:00-05:00,8.867574810960896,9.040721511997734,7.994421278799859,8.422341346740723,837900,0.0,0.0
2015-02-06 00:00:00-05:00,8.397606166287595,8.531176565212775,8.330821674505241,8.489126205444336,362100,0.0,0.0
2015-02-09 00:00:00-05:00,8.486651355523556,8.669691386060322,8.44707434851879,8.51633358001709,308700,0.0,0.0
2015-02-10 00:00:00-05:00,8.640009579506449,8.640009579506449,8.362975470832609,8.506439208984375,301200,0.0,0.0
2015-02-11 00:00:00-05:00,8.461915776074378,8.605380933991434,8.278875731063227,8.46933650970459,236700,0.0,0.0
2015-02-12 00:00:00-05:00,8.526228299378714,8.531175691418957,8.137885977586146,8.16756820678711,234300,0.0,0.0
2015-02-13 00:00:00-05:00,8.197485726415053,8.352061395888635,8.165074952050057,8.329623222351074,220200,0.086667,0.0
2015-02-17 00:00:00-05:00,8.35206131810268,8.374499491431264,8.252334597460447,8.314663887023926,135900,0.0,0.0
2015-02-18 00:00:00-05:00,8.272280288270414,8.429348923911519,8.25233437404463,8.394444465637207,191100,0.0,0.0
2015-02-19 00:00:00-05:00,8.357046774898382,8.56896506313279,8.297211173977365,8.466745376586914,126000,0.0,0.0
2015-02-20 00:00:00-05:00,8.481705206645291,8.481705206645291,8.182526468525563,8.329623222351074,295200,0.0,0.0
2015-02-23 00:00:00-05:00,8.272279511494013,8.304690281636287,8.127676461687845,8.2897310256958,243300,0.0,0.0
2015-02-24 00:00:00-05:00,8.272279684559669,8.411896080874415,8.202471486402294,8.292224884033203,187800,0.0,0.0
2015-02-25 00:00:00-05:00,8.185022091377682,8.451790141533397,8.185022091377682,8.36203670501709,199200,0.0,0.0
2015-02-26 00:00:00-05:00,8.376991005412775,8.586415584391544,8.352059864563573,8.521594047546387,156000,0.0,0.0
2015-02-27 00:00:00-05:00,8.49666537960631,8.586418804254281,8.394446379859211,8.411898612976074,276300,0.0,0.0
2015-03-02 00:00:00-05:00,8.367022431528797,8.67617312286488,8.304693128141643,8.626309394836426,167400,0.0,0.0
2015-03-03 00:00:00-05:00,8.61633792606053,8.63129647456227,8.441817009326776,8.549022674560547,217200,0.0,0.0
2015-03-04 00:00:00-05:00,8.491679544787221,8.519104380997689,8.292227487432582,8.337103843688965,228600,0.0,0.0
2015-03-05 00:00:00-05:00,8.369513974154799,8.369513974154799,8.085295171164082,8.254829406738281,1014900,0.0,0.0
2015-03-06 00:00:00-05:00,8.175046448591061,8.349566582848633,8.175046448591061,8.282251358032227,136800,0.0,0.0
2015-03-09 00:00:00-04:00,8.259815115145638,8.456774892468124,8.202473189724074,8.334609985351562,239100,0.0,0.0
2015-03-10 00:00:00-04:00,8.24485650749244,8.274774315280284,8.097761154174805,8.097761154174805,162000,0.0,0.0
2015-03-11 00:00:00-04:00,8.127677946503796,8.155102065243728,7.9656226395939616,8.117705345153809,171300,0.0,0.0
2015-03-12 00:00:00-04:00,8.199979504299597,8.344582587159236,8.09776051409513,8.334609985351562,170400,0.0,0.0
2015-03-13 00:00:00-04:00,8.349571766772037,8.349571766772037,8.080311413629746,8.242366790771484,101700,0.0,0.0
2015-03-16 00:00:00-04:00,8.259815877880078,8.259815877880078,7.895816234935623,7.925734043121338,153000,0.0,0.0
2015-03-17 00:00:00-04:00,7.903295352384941,8.05039142468496,7.863404940459296,8.015487670898438,175500,0.0,0.0
2015-03-18 00:00:00-04:00,8.052883797982213,8.466746397612997,7.983074875192633,8.464253425598145,163200,0.0,0.0
2015-03-19 00:00:00-04:00,8.409407026418647,8.446804474347738,8.247352369788569,8.317160606384277,110700,0.0,0.0
2015-03-20 00:00:00-04:00,8.344584647858325,8.60387235888906,8.284749022235848,8.566474914550781,276000,0.0,0.0
2015-03-23 00:00:00-04:00,8.526582200167073,8.825760960969173,8.466746590666,8.723541259765625,106500,0.0,0.0
2015-03-24 00:00:00-04:00,8.681156047856128,8.84570429587903,8.65123824942438,8.765923500061035,142200,0.0,0.0
2015-03-25 00:00:00-04:00,8.803320015813677,8.925484168449234,8.601374362316108,8.65622329711914,166800,0.0,0.0
2015-03-26 00:00:00-04:00,8.596391077133964,8.716062305405925,8.459268329711595,8.53904914855957,89700,0.0,0.0
2015-03-27 00:00:00-04:00,8.50912857055664,8.596388277783545,8.391950352707703,8.50912857055664,120300,0.0,0.0
2015-03-30 00:00:00-04:00,8.544033062228433,8.63378646209861,8.499156005645037,8.561485290527344,104700,0.0,0.0
2015-03-31 00:00:00-04:00,8.499158389605451,8.544035458776582,8.40192533414868,8.419378280639648,206700,0.0,0.0
2015-04-01 00:00:00-04:00,8.352061441181235,8.42934927633715,8.135157193684098,8.229896545410156,149100,0.0,0.0
2015-04-02 00:00:00-04:00,8.19748716558089,8.509131531123598,8.19748716558089,8.416884422302246,106800,0.0,0.0
2015-04-06 00:00:00-04:00,8.384470515121995,8.633785486591991,8.384470515121995,8.544032096862793,149700,0.0,0.0
2015-04-07 00:00:00-04:00,8.566473820370463,8.723542495891596,8.531570066530673,8.651241302490234,213000,0.0,0.0
2015-04-08 00:00:00-04:00,8.618831612830467,8.758448797320309,8.581434878733685,8.698613166809082,205500,0.0,0.0
2015-04-09 00:00:00-04:00,8.693624128429128,8.738501195679508,8.471733904332394,8.53904914855957,136800,0.0,0.0
2015-04-10 00:00:00-04:00,8.591403230074901,8.631293630665331,8.479211656738476,8.511622428894043,151800,0.0,0.0
2015-04-13 00:00:00-04:00,8.491676756312163,8.681156148578314,8.474224528700345,8.618826866149902,88500,0.0,0.0
2015-04-14 00:00:00-04:00,8.593898589642073,8.736008716203903,8.549022233157052,8.65373420715332,209400,0.0,0.0
2015-04-15 00:00:00-04:00,8.72603450953704,8.758445284741352,8.581431437146223,8.606363296508789,424800,0.0,0.0
2015-04-16 00:00:00-04:00,8.561487362016921,8.922994733934782,8.561487362016921,8.88310432434082,234900,0.0,0.0
2015-04-17 00:00:00-04:00,8.778392180677264,8.848200401746364,8.551515283878476,8.588912010192871,207300,0.0,0.0
2015-04-20 00:00:00-04:00,8.626310444008482,8.765927615534753,8.556502214893802,8.596392631530762,157800,0.0,0.0
2015-04-21 00:00:00-04:00,8.556499996220628,8.616336318957615,8.334609789537195,8.421870231628418,89400,0.0,0.0
2015-04-22 00:00:00-04:00,8.459266556378196,8.46923844334698,8.282252010046191,8.454279899597168,76500,0.0,0.0
2015-04-23 00:00:00-04:00,8.454281407087368,8.713569060222099,8.406911369055871,8.628802299499512,132300,0.0,0.0
2015-04-24 00:00:00-04:00,8.636282754643705,8.726036181613377,8.586419026363723,8.651241302490234,185700,0.0,0.0
2015-04-27 00:00:00-04:00,8.70110420131528,8.83573398332409,8.603871145071972,8.70858383178711,160800,0.0,0.0
2015-04-28 00:00:00-04:00,8.691132067913982,8.848200749822535,8.66121425770744,8.805816650390625,131400,0.0,0.0
2015-04-29 00:00:00-04:00,8.73351688448164,8.80831105949114,8.621324552022012,8.673681259155273,53100,0.0,0.0
2015-04-30 00:00:00-04:00,8.618828714090496,8.618828714090496,8.23737687619801,8.274773597717285,135000,0.0,0.0
2015-05-01 00:00:00-04:00,8.294720779395497,8.419378676693245,8.112720948371699,8.272282600402832,115800,0.0,0.0
2015-05-04 00:00:00-04:00,8.26729555647239,8.521597284182667,8.26729555647239,8.33959674835205,125100,0.0,0.0
2015-05-05 00:00:00-04:00,8.289731380727538,8.434334436726749,8.120197181488546,8.204964637756348,141300,0.0,0.0
2015-05-06 00:00:00-04:00,8.606361645459215,9.075073806568513,8.287237758641432,8.820772171020508,330900,0.0,0.0
2015-05-07 00:00:00-04:00,8.80083027313436,9.032693093731984,8.77091246682187,8.910528182983398,199200,0.0,0.0
2015-05-08 00:00:00-04:00,9.032692032845883,9.154856215949566,8.937951967335126,9.047651290893555,138900,0.0,0.0
2015-05-11 00:00:00-04:00,9.055129782835563,9.067595355094104,8.778389941575384,8.795842170715332,144600,0.0,0.0
2015-05-12 00:00:00-04:00,8.760938083287812,8.997787532709227,8.601376469074932,8.977842330932617,207900,0.0,0.0
2015-05-13 00:00:00-04:00,8.977842237685941,9.147376451026291,8.922993290018281,9.052637100219727,243900,0.0,0.0
2015-05-14 00:00:00-04:00,9.132417061155781,9.386718714275222,9.0725814619861,9.334362030029297,163200,0.0,0.0
2015-05-15 00:00:00-04:00,9.344335680601374,9.399185342656043,9.204719980136508,9.321897506713867,173100,0.0,0.0
2015-05-18 00:00:00-04:00,9.314367341691003,9.480067876567542,9.108497067243379,9.234027862548828,208800,0.086667,0.0
2015-05-19 00:00:00-04:00,9.2264922921042,9.344491036077759,8.95785708293823,9.198875427246094,123000,0.0,0.0
2015-05-20 00:00:00-04:00,9.254112846497728,9.404749371747634,9.070837868724967,9.241559982299805,162900,0.0,0.0
2015-05-21 00:00:00-04:00,9.196370596058838,9.562919910257891,9.163732854976358,9.20139217376709,169500,0.0,0.0
2015-05-22 00:00:00-04:00,9.15368922062557,9.512707226915545,9.063307291231782,9.211433410644531,140400,0.0,0.0
2015-05-26 00:00:00-04:00,9.141135215759277,9.271686865029302,8.970413109960742,9.141135215759277,134400,0.0,0.0
2015-05-27 00:00:00-04:00,9.198878253420238,9.352025912135955,8.927732532769708,9.264154434204102,197100,0.0,0.0
2015-05-28 00:00:00-04:00,9.218965057759307,9.266666809316687,9.025647622050899,9.20892333984375,97500,0.0,0.0
2015-05-29 00:00:00-04:00,9.168752232639683,9.254113293550773,8.9603715164045,9.108497619628906,133500,0.0,0.0
2015-06-01 00:00:00-04:00,9.133604709143498,9.289262111210084,9.03820120602874,9.20892333984375,73500,0.0,0.0
2015-06-02 00:00:00-04:00,9.143644584672032,9.560405211413352,9.143644584672032,9.382152557373047,70800,0.0,0.0
2015-06-03 00:00:00-04:00,9.354536004947455,9.53529981221902,9.299302978538014,9.459981918334961,69600,0.0,0.0
2015-06-04 00:00:00-04:00,9.377135661130739,9.452454308325304,9.301817732228027,9.349518775939941,94800,0.0,0.0
2015-06-05 00:00:00-04:00,9.279219196760627,9.404750002027408,9.098455354346456,9.387175559997559,76500,0.0,0.0
2015-06-08 00:00:00-04:00,9.304326989165395,9.492622865119577,9.27671010745654,9.32943344116211,123600,0.0,0.0
2015-06-09 00:00:00-04:00,9.299304052952008,9.4725358753624,9.289260899762823,9.432365417480469,124500,0.0,0.0
2015-06-10 00:00:00-04:00,9.432365571814842,9.803937105688323,9.432365571814842,9.761256217956543,138300,0.0,0.0
2015-06-11 00:00:00-04:00,9.733640048394422,9.904361456837018,9.665853427234003,9.771299362182617,82800,0.0,0.0
2015-06-12 00:00:00-04:00,9.713553578333013,9.74368159903898,9.550364203161127,9.65580940246582,86400,0.0,0.0
2015-06-15 00:00:00-04:00,9.562916389557593,9.562916389557593,9.20892079081094,9.316876411437988,151200,0.0,0.0
2015-06-16 00:00:00-04:00,9.261643672450225,9.465002776057855,9.226494795223884,9.459981918334961,125100,0.0,0.0
2015-06-17 00:00:00-04:00,9.512707531821848,9.512707531821848,9.221476142815442,9.289262771606445,89400,0.0,0.0
2015-06-18 00:00:00-04:00,9.294284143702534,9.492622448083521,9.183816621720242,9.402239799499512,169200,0.0,0.0
2015-06-19 00:00:00-04:00,9.372108480468949,9.487597530546068,9.223983141236234,9.301812171936035,348600,0.0,0.0
2015-06-22 00:00:00-04:00,9.379643626488694,9.42483494658897,9.073349694721085,9.281729698181152,349200,0.0,0.0
2015-06-23 00:00:00-04:00,9.331940395498412,9.402236711009417,9.050752260288414,9.36708927154541,349800,0.0,0.0
2015-06-24 00:00:00-04:00,9.286750530970254,9.362069152337453,8.925222872307556,9.128582000732422,221100,0.0,0.0
2015-06-25 00:00:00-04:00,9.133600381318356,9.133600381318356,8.950325468659384,9.020623207092285,123600,0.0,0.0
2015-06-26 00:00:00-04:00,9.00305200311435,9.030668881284692,8.839862600066128,8.993009567260742,439200,0.0,0.0
2015-06-29 00:00:00-04:00,8.937774666129068,9.023134993945511,8.654075373683101,8.679181098937988,126000,0.0,0.0
2015-06-30 00:00:00-04:00,8.714327549337305,8.85994315745343,8.694242687410345,8.829815864562988,177900,0.0,0.0
2015-07-01 00:00:00-04:00,8.890072461503152,8.897603747711038,8.543608155738434,8.613905906677246,124800,0.0,0.0
2015-07-02 00:00:00-04:00,8.613906180999798,8.659096772852214,8.443184092270762,8.53858757019043,182700,0.0,0.0
2015-07-06 00:00:00-04:00,8.473309792788463,8.485863371080342,8.257397152981175,8.3276948928833,99600,0.0,0.0
2015-07-07 00:00:00-04:00,8.28501484931242,8.390460751434043,8.187100951261936,8.335227012634277,296400,0.0,0.0
2015-07-08 00:00:00-04:00,8.23480131363895,8.30258718410818,8.071611989611709,8.144418716430664,412500,0.0,0.0
2015-07-09 00:00:00-04:00,8.26744120595759,8.325184655583602,8.09420870220521,8.134378433227539,288300,0.0,0.0
2015-07-10 00:00:00-04:00,8.269951485488079,8.290037070673147,8.17203829810055,8.217228889465332,251100,0.0,0.0
2015-07-13 00:00:00-04:00,8.292546994849458,8.330206297556156,8.189611519565048,8.277482986450195,291000,0.0,0.0
2015-07-14 00:00:00-04:00,8.29254853085644,8.370376861030378,8.239825209984675,8.30510139465332,175200,0.0,0.0
2015-07-15 00:00:00-04:00,8.285016532327695,8.342760711450824,8.249867651716542,8.290038108825684,126300,0.0,0.0
2015-07-16 00:00:00-04:00,8.36033166338655,8.392969382984742,8.277481072926276,8.31765079498291,66000,0.0,0.0
2015-07-17 00:00:00-04:00,8.295057782189325,8.312632219984618,8.21220716899358,8.274972915649414,256800,0.0,0.0
2015-07-20 00:00:00-04:00,8.32267731363621,8.32267731363621,8.116807006649008,8.244848251342773,79500,0.0,0.0
2015-07-21 00:00:00-04:00,8.207183842604984,8.325182577603243,8.144418114830446,8.182077407836914,374700,0.0,0.0
2015-07-22 00:00:00-04:00,8.184594165084777,8.332719574086399,8.036468037791392,8.169530868530273,464100,0.0,0.0
2015-07-23 00:00:00-04:00,8.159484788388529,8.172038369024586,7.7803827429093495,7.802978038787842,211800,0.0,0.0
2015-07-24 00:00:00-04:00,7.830593548500409,7.858210415487859,7.531831023260479,7.541873455047607,250200,0.0,0.0
2015-07-27 00:00:00-04:00,7.53183215861815,7.53183215861815,7.361110074210721,7.398769378662109,147600,0.0,0.0
2015-07-28 00:00:00-04:00,7.403792112903846,7.406302542049007,7.195411409731915,7.250645160675049,202200,0.0,0.0
2015-07-29 00:00:00-04:00,7.255666719046336,7.421367269572165,7.255666719046336,7.27575159072876,404100,0.0,0.0
2015-07-30 00:00:00-04:00,7.268219395235383,7.4113246409693705,7.215496788013205,7.378686904907227,219000,0.0,0.0
2015-07-31 00:00:00-04:00,7.416344610904669,7.496683359845064,7.376174158997227,7.491662502288818,145500,0.0,0.0
2015-08-03 00:00:00-04:00,7.438940994102495,7.466557151282461,7.223028285203482,7.250645160675049,173100,0.0,0.0
2015-08-04 00:00:00-04:00,7.303368849021808,7.40379321266124,7.18537004217255,7.248135089874268,324900,0.0,0.0
2015-08-05 00:00:00-04:00,8.04650705644357,8.04650705644357,6.427162781312823,6.688266754150391,1177200,0.0,0.0
2015-08-06 00:00:00-04:00,6.735969421108207,6.735969421108207,6.454781231968195,6.550184726715088,675000,0.0,0.0
2015-08-07 00:00:00-04:00,6.550183886783195,6.879073781123011,6.550183886783195,6.791203022003174,360600,0.0,0.0
2015-08-10 00:00:00-04:00,6.808775431224868,6.976986348541947,6.746010410146886,6.788690567016602,268500,0.0,0.0
2015-08-11 00:00:00-04:00,6.748523809831513,6.916734801208313,6.660652310659545,6.7761406898498535,319500,0.0,0.0
2015-08-12 00:00:00-04:00,6.773627668131674,7.007114791478483,6.740989938025348,6.959413051605225,398400,0.0,0.0
2015-08-13 00:00:00-04:00,6.969456631449888,6.969456631449888,6.698310875680034,6.846436977386475,202200,0.0,0.0
2015-08-14 00:00:00-04:00,6.8690319885576026,6.992051637446953,6.67069371819862,6.931797027587891,206100,0.0,0.0
2015-08-17 00:00:00-04:00,6.96981388182105,7.07626220573141,6.698624846624537,7.0103654861450195,285900,0.086667,0.0
2015-08-18 00:00:00-04:00,7.045851608175337,7.170040769877909,6.764523822773631,7.055988788604736,208500,0.0,0.0
2015-08-19 00:00:00-04:00,7.048383117469459,7.3651930845182365,7.015435118735719,7.220727443695068,353400,0.0,0.0
2015-08-20 00:00:00-04:00,7.195383490414674,7.286624619047981,7.076263671872327,7.20045280456543,345900,0.0,0.0
2015-08-21 00:00:00-04:00,7.099071906990664,7.555278155378267,7.088933281353761,7.39560604095459,267300,0.0,0.0
2015-08-24 00:00:00-04:00,7.109212088853425,7.474176624584729,7.109212088853425,7.205522537231445,311700,0.0,0.0
2015-08-25 00:00:00-04:00,7.395607674645176,7.395607674645176,6.8405565923254175,6.911521911621094,326100,0.0,0.0
2015-08-26 00:00:00-04:00,7.043314929858229,7.258745915912115,6.797470234315327,7.167504787445068,241500,0.0,0.0
2015-08-27 00:00:00-04:00,7.258744740480006,7.258744740480006,6.959675557920546,7.03824520111084,305400,0.0,0.0
2015-08-28 00:00:00-04:00,7.045846125658596,7.2891556695249164,6.972345823775916,7.223258972167969,294000,0.0,0.0
2015-08-31 00:00:00-04:00,7.243537053062681,7.4767087728411985,7.137089456593292,7.441226482391357,247500,0.0,0.0
2015-09-01 00:00:00-04:00,7.367726930716979,7.436157949984805,7.11174508841282,7.14976167678833,244800,0.0,0.0
2015-09-02 00:00:00-04:00,7.235933336000105,7.235933336000105,7.033174617086351,7.197916030883789,194100,0.0,0.0
2015-09-03 00:00:00-04:00,7.248605719749834,7.248605719749834,6.977417412637715,6.9951581954956055,154200,0.0,0.0
2015-09-04 00:00:00-04:00,6.95460982610766,7.096540505700022,6.87350658062631,7.058523178100586,160500,0.0,0.0
2015-09-08 00:00:00-04:00,7.213125382317791,7.261280606247094,7.033177410085182,7.210590362548828,234300,0.0,0.0
2015-09-09 00:00:00-04:00,7.29169571392238,7.395609790749681,7.13202351854013,7.235937595367432,183300,0.0,0.0
2015-09-10 00:00:00-04:00,7.2612795988728,7.337313503631695,7.170038478090143,7.294227600097656,168600,0.0,0.0
2015-09-11 00:00:00-04:00,7.238467890320516,7.370259865913019,7.200450583835089,7.289157390594482,223800,0.0,0.0
2015-09-14 00:00:00-04:00,7.281553053114569,7.375328437925235,7.213122053336089,7.2562079429626465,203400,0.0,0.0
2015-09-15 00:00:00-04:00,7.332243866867084,7.550209097915631,7.225795545277827,7.441226482391357,263400,0.0,0.0
2015-09-16 00:00:00-04:00,7.474177176845209,7.720021180160504,7.474177176845209,7.692142486572266,216900,0.0,0.0
2015-09-17 00:00:00-04:00,7.6490542613836405,7.793519175834147,7.567950324625564,7.583157539367676,160500,0.0,0.0
2015-09-18 00:00:00-04:00,7.448832356986783,7.466573145052651,7.30943527132576,7.385469913482666,268800,0.0,0.0
2015-09-21 00:00:00-04:00,7.451364163959156,7.712415284699781,7.393071054450115,7.578088283538818,189600,0.0,0.0
2015-09-22 00:00:00-04:00,7.545141790249185,7.552745399194966,7.390538942325288,7.469107151031494,212100,0.0,0.0
2015-09-23 00:00:00-04:00,7.517262425513384,7.517262425513384,7.213124621023729,7.339848041534424,253800,0.0,0.0
2015-09-24 00:00:00-04:00,7.322105578962699,7.522329291642623,7.208053656477277,7.514725685119629,148500,0.0,0.0
2015-09-25 00:00:00-04:00,7.542606258456799,7.6439852773715495,7.355054710904541,7.540071964263916,187800,0.0,0.0
2015-09-28 00:00:00-04:00,7.486849520422108,7.646521685493482,7.395608386827048,7.636383056640625,170700,0.0,0.0
2015-09-29 00:00:00-04:00,7.692143127886557,7.768177780681294,7.6059705697272015,7.7098846435546875,212400,0.0,0.0
2015-09-30 00:00:00-04:00,7.740295625544065,7.747898508041821,7.580623491172254,7.628777980804443,230100,0.0,0.0
2015-10-01 00:00:00-04:00,7.674396363627495,7.7200165440081205,7.438689681261952,7.4767069816589355,160200,0.0,0.0
2015-10-02 00:00:00-04:00,7.413345297743758,7.484310586762271,7.329707816966149,7.4767069816589355,133500,0.0,0.0
2015-10-05 00:00:00-04:00,7.535002194527364,8.046966571608298,7.535002194527364,7.976001262664795,132300,0.0,0.0
2015-10-06 00:00:00-04:00,8.001346435060759,8.102726182862273,7.9405190214518315,8.003881454467773,198300,0.0,0.0
2015-10-07 00:00:00-04:00,8.029226330904851,8.20917427202561,7.892364291846262,8.18636417388916,395100,0.0,0.0
2015-10-08 00:00:00-04:00,8.196504045206742,8.434745182212046,8.008952434679143,8.424607276916504,129600,0.0,0.0
2015-10-09 00:00:00-04:00,8.45755172977534,8.59441375624771,8.353638425492168,8.548792839050293,135600,0.0,0.0
2015-10-12 00:00:00-04:00,8.579207833303029,8.579207833303029,8.2877429535296,8.323225975036621,133800,0.0,0.0
2015-10-13 00:00:00-04:00,8.239590518504638,8.46009013546556,8.234521203400165,8.373917579650879,195900,0.0,0.0
2015-10-14 00:00:00-04:00,8.343501291753524,8.457552507555716,8.181294860347757,8.18636417388916,65400,0.0,0.0
2015-10-15 00:00:00-04:00,8.224378711536012,8.498102721395945,8.163551314927087,8.493033409118652,126900,0.0,0.0
2015-10-16 00:00:00-04:00,8.518379519754442,8.518379519754442,8.186363789884851,8.351103782653809,132000,0.0,0.0
2015-10-19 00:00:00-04:00,8.318155252219013,8.378983382373324,8.199034736079923,8.356172561645508,141300,0.0,0.0
2015-10-20 00:00:00-04:00,8.384052980057893,8.439811803948658,8.12553684008422,8.155950546264648,216000,0.0,0.0
2015-10-21 00:00:00-04:00,8.216776720575945,8.422069025081768,8.001345065297802,8.044431686401367,249600,0.0,0.0
2015-10-22 00:00:00-04:00,8.110329090745271,8.498104362868707,8.087518993890923,8.472759246826172,75300,0.0,0.0
2015-10-23 00:00:00-04:00,8.4905021495899,8.614691280765049,8.320691366975678,8.589346885681152,88500,0.0,0.0
2015-10-26 00:00:00-04:00,8.60201713780204,8.612155764541342,8.434742123642252,8.523448944091797,107100,0.0,0.0
2015-10-27 00:00:00-04:00,8.503172754652693,8.515844949821387,8.067242279698743,8.123001098632812,109800,0.0,0.0
2015-10-28 00:00:00-04:00,8.145812275930389,8.589346416891615,8.145812275930389,8.36124324798584,195600,0.0,0.0
2015-10-29 00:00:00-04:00,8.35870904038599,8.69832916982528,8.35870904038599,8.487967491149902,133200,0.0,0.0
2015-10-30 00:00:00-04:00,8.505709584229786,8.584277791094898,8.386588313857414,8.444881439208984,93000,0.0,0.0
2015-11-02 00:00:00-05:00,8.42967560380053,8.688192521087512,8.42967560380053,8.685657501220703,155400,0.0,0.0
2015-11-03 00:00:00-05:00,8.69325897749637,8.87067261839546,8.475293730119768,8.523448944091797,149100,0.0,0.0
2015-11-04 00:00:00-05:00,8.566535569814096,8.738879172223614,8.467690847745175,8.523448944091797,207300,0.0,0.0
2015-11-05 00:00:00-05:00,8.55386203862195,8.7414135677584,8.432207227869618,8.571602821350098,192000,0.0,0.0
2015-11-06 00:00:00-05:00,8.57920984903306,8.622296488860727,8.376452475388282,8.508244514465332,156000,0.0,0.0
2015-11-09 00:00:00-05:00,8.510777448208117,8.589347105313315,8.244657667422313,8.444881439208984,164400,0.0,0.0
2015-11-10 00:00:00-05:00,8.561468520161668,8.561468520161668,8.340968920358433,8.513313293457031,159300,0.0,0.0
2015-11-11 00:00:00-05:00,8.518379518761316,8.525983126155893,8.363776702377784,8.396724700927734,91500,0.0,0.0
2015-11-12 00:00:00-05:00,8.297879943935456,8.41700046715749,8.237052535284192,8.285207748413086,130200,0.0,0.0
2015-11-13 00:00:00-05:00,8.21677753047251,8.576672672294501,8.21677753047251,8.404328346252441,144000,0.0,0.0
2015-11-16 00:00:00-05:00,8.399219278618816,8.572926324636436,8.235730981990784,8.452863693237305,108900,0.086667,0.0
2015-11-17 00:00:00-05:00,8.463082523549247,8.498845957292199,8.281713225218466,8.401774406433105,198000,0.0,0.0
2015-11-18 00:00:00-05:00,8.450309503890821,8.480963559989505,8.238285433162343,8.4298734664917,246900,0.0,0.0
2015-11-19 00:00:00-05:00,8.368567953097578,8.447757074473072,8.368567953097578,8.409440040588379,134100,0.0,0.0
2015-11-20 00:00:00-05:00,8.460528509014559,8.493736890947355,8.414547054080323,8.437538146972656,142500,0.0,0.0
2015-11-23 00:00:00-05:00,8.399220213243229,8.797722980617507,8.383892818303625,8.78239631652832,135600,0.0,0.0
2015-11-24 00:00:00-05:00,8.782399688633719,8.940779419852769,8.733863893822974,8.912679672241211,141300,0.0,0.0
2015-11-25 00:00:00-05:00,8.905015597560045,9.03784989877187,8.828380789209325,8.996977806091309,127200,0.0,0.0
2015-11-27 00:00:00-05:00,8.950994977069557,9.060838152360661,8.884577476547719,8.930558204650879,50100,0.0,0.0
2015-11-30 00:00:00-05:00,8.93311222813925,9.114482258860411,8.882022130108668,8.96887493133545,126900,0.0,0.0
2015-12-01 00:00:00-05:00,8.979092669518257,9.168125645495234,8.813049321500252,8.940774917602539,175800,0.0,0.0
2015-12-02 00:00:00-05:00,7.852555387689749,8.256166778534633,7.272681887586862,7.331435680389404,448200,0.0,0.0
2015-12-03 00:00:00-05:00,7.29056447716213,7.408072076843776,7.162839587960827,7.2011566162109375,420300,0.0,0.0
2015-12-04 00:00:00-05:00,7.1705014449939055,7.267572258056748,6.922713941241987,6.948259353637695,294600,0.0,0.0
2015-12-07 00:00:00-05:00,6.940598421314005,6.940598421314005,6.674929124127706,6.708137512207031,292200,0.0,0.0
2015-12-08 00:00:00-05:00,6.667265685214658,6.846081438804294,6.641720995187908,6.6953654289245605,254700,0.0,0.0
2015-12-09 00:00:00-05:00,6.657048225724518,6.869071632482768,6.657048225724518,6.772000789642334,168300,0.0,0.0
2015-12-10 00:00:00-05:00,6.769443680082165,6.927823337208081,6.7004718703386095,6.861405849456787,198300,0.0,0.0
2015-12-11 00:00:00-05:00,6.84097379680574,6.886954537940147,6.731129128682938,6.743902206420898,163500,0.0,0.0
2015-12-14 00:00:00-05:00,6.771999158310494,7.0121222502246985,6.687700680467771,6.907387733459473,258000,0.0,0.0
2015-12-15 00:00:00-05:00,6.950813076930278,7.001903897321107,6.697916950992041,6.710690021514893,245100,0.0,0.0
2015-12-16 00:00:00-05:00,6.736234731604614,6.848633659957084,6.646826891788036,6.718353748321533,214800,0.0,0.0
2015-12-17 00:00:00-05:00,6.769442471178152,6.794987879089874,6.639162571783893,6.646826267242432,294300,0.0,0.0
2015-12-18 00:00:00-05:00,6.641721122750765,6.766891714157215,6.641721122750765,6.746455669403076,468300,0.0,0.0
2015-12-21 00:00:00-05:00,6.754118508326324,6.828199717275211,6.639165941504756,6.6953654289245605,122100,0.0,0.0
2015-12-22 00:00:00-05:00,6.682591883386808,6.8665162495996315,6.64171980200618,6.8435258865356445,219000,0.0,0.0
2015-12-23 00:00:00-05:00,6.899724773712979,7.055550135292175,6.899724773712979,7.042777061462402,100200,0.0,0.0
2015-12-24 00:00:00-05:00,7.022340158050259,7.17305612542035,7.00956781663934,7.065767288208008,55800,0.0,0.0
2015-12-28 00:00:00-05:00,7.024896080165082,7.15262097177776,6.958478581080124,7.104085922241211,72600,0.0,0.0
2015-12-29 00:00:00-05:00,7.129630601592649,7.196048100615835,6.912497847542752,7.042777061462402,71100,0.0,0.0
2015-12-30 00:00:00-05:00,6.971250444048938,7.024894859974466,6.943150709668766,6.948259353637695,79200,0.0,0.0
2015-12-31 00:00:00-05:00,6.907390854363703,6.932936279983991,6.646830874950124,6.649385929107666,114900,0.0,0.0
2016-01-04 00:00:00-05:00,6.623838438130311,6.761781354746005,6.416922966931013,6.664710521697998,155400,0.0,0.0
2016-01-05 00:00:00-05:00,6.6442765516433155,6.810319991048362,6.513996561936526,6.649385929107666,115500,0.0,0.0
2016-01-06 00:00:00-05:00,6.567637037629225,6.843524251900887,6.565082715865674,6.723461627960205,143100,0.0,0.0
2016-01-07 00:00:00-05:00,6.626392799752827,6.69025524799166,6.539539256233587,6.57785701751709,172500,0.0,0.0
2016-01-08 00:00:00-05:00,6.605955614181852,6.6774817484644124,6.4296949659838525,6.445021629333496,308700,0.0,0.0
2016-01-11 00:00:00-05:00,6.4450224249656385,6.60595642968115,6.373496281853241,6.521657943725586,160500,0.0,0.0
2016-01-12 00:00:00-05:00,6.567638223979987,6.787326014035266,6.2891973684986695,6.327515125274658,186600,0.0,0.0
2016-01-13 00:00:00-05:00,6.450131630365781,6.450131630365781,6.179352999454467,6.220225811004639,97500,0.0,0.0
2016-01-14 00:00:00-05:00,6.22788792604388,6.350504136980383,6.148697376251221,6.148697376251221,317400,0.0,0.0
2016-01-15 00:00:00-05:00,5.9801002620658466,6.19978837730422,5.936674234219871,6.110380172729492,165900,0.0,0.0
2016-01-19 00:00:00-05:00,6.148699964112517,6.248325860141483,5.893249782572874,5.92134952545166,160500,0.0,0.0
2016-01-20 00:00:00-05:00,5.875368206850954,6.054183583026285,5.875368206850954,5.982657432556152,374400,0.0,0.0
2016-01-21 00:00:00-05:00,5.982655408653873,6.125707295775128,5.90091089891649,5.918792247772217,819300,0.0,0.0
2016-01-22 00:00:00-05:00,6.031191739161149,6.125708237845244,5.980101275683673,6.102717876434326,340800,0.0,0.0
2016-01-25 00:00:00-05:00,6.064401390925744,6.112937542383543,5.946894506208171,5.969884872436523,174900,0.0,0.0
2016-01-26 00:00:00-05:00,5.962220095250586,6.151253451885168,5.962220095250586,6.130817413330078,273000,0.0,0.0
2016-01-27 00:00:00-05:00,6.0976100625718574,6.1946808966673785,6.077173655142228,6.092500686645508,210300,0.0,0.0
2016-01-28 00:00:00-05:00,6.123154103610445,6.250879718086968,6.123154103610445,6.202343940734863,376800,0.0,0.0
2016-01-29 00:00:00-05:00,6.18446194184197,6.480785237012553,6.18446194184197,6.396486759185791,378000,0.0,0.0
2016-02-01 00:00:00-05:00,6.31985107705161,6.649382743848335,6.174244486403279,6.445021629333496,127200,0.0,0.0
2016-02-02 00:00:00-05:00,6.353059515111047,7.022340143192445,6.353059515111047,6.460349082946777,190500,0.0,0.0
2016-02-03 00:00:00-05:00,5.875365924075615,6.046517534918408,5.875365924075615,5.88047456741333,834900,0.0,0.0
2016-02-04 00:00:00-05:00,5.875366788117018,6.572747134941203,5.875366788117018,6.335178375244141,380100,0.0,0.0
2016-02-05 00:00:00-05:00,6.353058978513866,6.771998464344403,6.353058978513866,6.639163494110107,491400,0.0,0.0
2016-02-08 00:00:00-05:00,6.567638959323838,6.761781356315415,6.3070790610941,6.590630054473877,386100,0.0,0.0
2016-02-09 00:00:00-05:00,6.5012216436785515,6.662155660070546,6.414368829022887,6.595738887786865,130500,0.0,0.0
2016-02-10 00:00:00-05:00,6.6442738392644864,6.805207835507415,6.41181370367475,6.7745537757873535,524400,0.0,0.0
2016-02-11 00:00:00-05:00,6.6825906205079955,6.861405577330483,6.531873935336353,6.639163494110107,190500,0.0,0.0
2016-02-12 00:00:00-05:00,6.675288483003784,6.7604387889568684,6.554014095648252,6.750118255615234,325500,0.086667,0.0
2016-02-16 00:00:00-05:00,6.744958635542434,6.907518880818253,6.554015441278557,6.721735954284668,275700,0.0,0.0
2016-02-17 00:00:00-05:00,6.781083038551524,6.948804279305141,6.703673121552058,6.79656457901001,246000,0.0,0.0
2016-02-18 00:00:00-05:00,6.835270292833818,6.8688142493970075,6.592720718453223,6.7552809715271,253800,0.0,0.0
2016-02-19 00:00:00-05:00,6.693350989474194,6.894616157253819,6.652065902569202,6.757858753204346,115800,0.0,0.0
2016-02-22 00:00:00-05:00,6.812044978956395,7.018470383042368,6.4740224569712685,6.799142837524414,70800,0.0,0.0
2016-02-23 00:00:00-05:00,6.744957012479075,6.873973271755168,6.613360619958702,6.634003162384033,125100,0.0,0.0
2016-02-24 00:00:00-05:00,6.561756406853262,6.713994636154148,6.510149301506481,6.703673362731934,99600,0.0,0.0
2016-02-25 00:00:00-05:00,6.806885802241212,6.806885802241212,6.569496523808349,6.652066707611084,86700,0.0,0.0
2016-02-26 00:00:00-05:00,6.677871227264404,6.853332893282055,6.574657744312357,6.677871227264404,93900,0.0,0.0
2016-02-29 00:00:00-05:00,6.672709876408223,6.9591254127675795,6.672709876408223,6.830109119415283,165600,0.0,0.0
2016-03-01 00:00:00-05:00,6.845590431697671,7.103622981924861,6.8094663471366745,7.039114475250244,231900,0.0,0.0
2016-03-02 00:00:00-05:00,7.036536599855731,7.206838019541134,7.036536599855731,7.193935871124268,89100,0.0,0.0
2016-03-03 00:00:00-05:00,7.21973613189573,7.390037473790996,7.183611314006976,7.222316265106201,179400,0.0,0.0
2016-03-04 00:00:00-05:00,6.732056977209963,7.392619207403417,6.732056977209963,7.211996555328369,162900,0.0,0.0
2016-03-07 00:00:00-05:00,7.134586397142297,7.513893323944867,7.0933005713155515,7.508732318878174,161100,0.0,0.0
2016-03-08 00:00:00-05:00,7.253281892858871,7.485510919314356,7.253281892858871,7.330691814422607,169200,0.0,0.0
2016-03-09 00:00:00-05:00,7.356492931010223,7.513892871653641,7.2790830273186335,7.351332664489746,160500,0.0,0.0
2016-03-10 00:00:00-05:00,7.28682550489477,7.346173010203619,7.1010425877645655,7.204256057739258,157200,0.0,0.0
2016-03-11 00:00:00-05:00,7.27650257830144,7.4674464577487925,7.2068345538848515,7.457125186920166,133200,0.0,0.0
2016-03-14 00:00:00-04:00,7.444223403930664,7.601622591494572,7.377134777842557,7.444223403930664,88500,0.0,0.0
2016-03-15 00:00:00-04:00,7.258441999535113,7.586142582181717,7.258441999535113,7.379716396331787,96000,0.0,0.0
2016-03-16 00:00:00-04:00,7.315208318497973,7.3926182271905745,7.315208318497973,7.371974945068359,68100,0.0,0.0
2016-03-17 00:00:00-04:00,7.366816053285606,7.717739329694126,7.320369956407822,7.599044322967529,157800,0.0,0.0
2016-03-18 00:00:00-04:00,7.660970544202075,7.660970544202075,7.390037366897503,7.531954288482666,273900,0.0,0.0
2016-03-21 00:00:00-04:00,7.459707934235701,7.583563215325754,7.408100828879138,7.454546928405762,119700,0.0,0.0
2016-03-22 00:00:00-04:00,7.384879185327818,7.480350793350012,7.250702611970531,7.4158430099487305,155400,0.0,0.0
2016-03-23 00:00:00-04:00,7.400359822786849,7.547437772504274,7.341011582652717,7.46486759185791,139800,0.0,0.0
2016-03-24 00:00:00-04:00,7.457125783829186,7.709997308489514,7.304887580597609,7.699676036834717,144300,0.0,0.0
2016-03-28 00:00:00-04:00,7.751282544361678,7.808049908673925,7.328110398366692,7.5758209228515625,116100,0.0,0.0
2016-03-29 00:00:00-04:00,7.570658514610166,7.774503780494351,7.50356989087904,7.7151570320129395,127800,0.0,0.0
2016-03-30 00:00:00-04:00,7.717739037690256,7.784827677700803,7.611945441451919,7.73322057723999,102600,0.0,0.0
2016-03-31 00:00:00-04:00,7.7177393058111035,7.846755584973995,7.6609719362734445,7.691936492919922,194100,0.0,0.0
2016-04-01 00:00:00-04:00,7.666133502144311,7.836434901369434,7.322951307850813,7.795149803161621,146100,0.0,0.0
2016-04-04 00:00:00-04:00,7.815793313089635,7.872559955624158,7.444226680401573,7.485511779785156,198600,0.0,0.0
2016-04-05 00:00:00-04:00,7.4132594015401905,7.681612422490214,7.37713458729457,7.562918186187744,162900,0.0,0.0
2016-04-06 00:00:00-04:00,7.575820905134767,7.614525859053912,7.35907419671739,7.480348587036133,124800,0.0,0.0
2016-04-07 00:00:00-04:00,7.41584040650891,7.470026896013591,7.258441204502196,7.325529098510742,398400,0.0,0.0
2016-04-08 00:00:00-04:00,7.433904106667333,7.5551792494757715,7.289406284072161,7.428743839263916,114300,0.0,0.0
2016-04-11 00:00:00-04:00,7.441645808013242,7.6480720431669695,7.441645808013242,7.485511779785156,102600,0.0,0.0
2016-04-12 00:00:00-04:00,7.47002717453885,7.831272420000808,7.47002717453885,7.722899436950684,117600,0.0,0.0
2016-04-13 00:00:00-04:00,7.5577595149430845,7.906102670759974,7.5577595149430845,7.815792083740234,94200,0.0,0.0
2016-04-14 00:00:00-04:00,7.789987678898259,7.908683426566468,7.720319639346836,7.802889823913574,113400,0.0,0.0
2016-04-15 00:00:00-04:00,7.756446626998356,7.926747311035575,7.756446626998356,7.828694820404053,145200,0.0,0.0
2016-04-18 00:00:00-04:00,7.831272420449814,7.885459650213562,7.733219970793528,7.8132100105285645,80400,0.0,0.0
2016-04-19 00:00:00-04:00,7.681614049600145,7.919003310724048,7.681614049600145,7.8106303215026855,99000,0.0,0.0
2016-04-20 00:00:00-04:00,7.771928614231298,7.882882521556049,7.6325910118726,7.681617259979248,218700,0.0,0.0
2016-04-21 00:00:00-04:00,7.717741347202127,7.903524306807773,6.765602387310435,7.655813694000244,261900,0.0,0.0
2016-04-22 00:00:00-04:00,7.614525622463933,7.955127582251297,7.547436988539546,7.895780086517334,271200,0.0,0.0
2016-04-25 00:00:00-04:00,7.895783483189182,7.937068586984373,7.6790366882644285,7.828694820404053,122100,0.0,0.0
2016-04-26 00:00:00-04:00,7.828692890951824,8.089305598105524,7.828692890951824,8.084144592285156,114300,0.0,0.0
2016-04-27 00:00:00-04:00,8.04544205358167,8.25444769919285,8.035120778017712,8.23122501373291,85200,0.0,0.0
2016-04-28 00:00:00-04:00,8.128010270565227,8.251865547046606,8.004154994083846,8.011896133422852,148200,0.0,0.0
2016-04-29 00:00:00-04:00,8.08156413626878,8.151232913533836,7.90352236168979,8.02995777130127,66900,0.0,0.0
2016-05-02 00:00:00-04:00,8.048023395922625,8.182199998393996,7.980935463804926,8.066085815429688,111600,0.0,0.0
2016-05-03 00:00:00-04:00,8.017056152560393,8.259606430609868,7.753864067305585,7.8235321044921875,88500,0.0,0.0
2016-05-04 00:00:00-04:00,8.669876512443254,8.927908309819792,8.200258272100156,8.365399360656738,351000,0.0,0.0
2016-05-05 00:00:00-04:00,8.44023111521985,8.600211264220013,8.174458808769876,8.347339630126953,183900,0.0,0.0
2016-05-06 00:00:00-04:00,8.280249367407867,8.540861331359007,8.254445815269223,8.515058517456055,235200,0.0,0.0
2016-05-09 00:00:00-04:00,8.551184303143664,8.850501259799712,8.48667578467027,8.703422546386719,320100,0.0,0.0
2016-05-10 00:00:00-04:00,8.793731723209989,8.87114163108323,8.576985014694746,8.706001281738281,133200,0.0,0.0
2016-05-11 00:00:00-04:00,8.713744087234096,8.801474545489869,8.644075304466684,8.682780265808105,144600,0.0,0.0
2016-05-12 00:00:00-04:00,8.739545745471114,8.878883292556836,8.551182707962301,8.63891315460205,120000,0.0,0.0
2016-05-13 00:00:00-04:00,8.589887667894324,8.770509566590801,8.517638022532969,8.569244384765625,159000,0.0,0.0
2016-05-16 00:00:00-04:00,8.55364328107177,8.714885789772962,8.379397560267256,8.694080352783203,237900,0.086667,0.0
2016-05-17 00:00:00-04:00,8.644665224098482,8.675873372255262,8.43921139605111,8.626461029052734,311100,0.0,0.0
2016-05-18 00:00:00-04:00,8.590051197686853,8.621259346013833,8.457416381281952,8.553641319274902,192600,0.0,0.0
2016-05-19 00:00:00-04:00,8.514630248057424,8.67587270652523,8.38719717221086,8.48082160949707,144300,0.0,0.0
2016-05-20 00:00:00-04:00,8.540638397118355,8.782502112824753,8.480822591466604,8.740890502929688,241200,0.0,0.0
2016-05-23 00:00:00-04:00,8.761697063457943,8.961949939102352,8.683677052008498,8.75129508972168,240900,0.0,0.0
2016-05-24 00:00:00-04:00,8.85531877790379,9.297434482087555,8.837113842917576,9.219413757324219,346800,0.0,0.0
2016-05-25 00:00:00-04:00,9.281832260969466,9.396262139031428,9.271429544782015,9.35205078125,163500,0.0,0.0
2016-05-26 00:00:00-04:00,9.417068110783552,9.515894292255236,9.271430075817591,9.313041687011719,218100,0.0,0.0
2016-05-27 00:00:00-04:00,9.274029908824511,9.362452616063324,9.235019540778739,9.276630401611328,121200,0.0,0.0
2016-05-31 00:00:00-04:00,9.229820911162323,9.331247604523144,9.15960237390782,9.258428573608398,171000,0.0,0.0
2016-06-01 00:00:00-04:00,9.172605457990791,9.318242761908634,9.104987420827198,9.130993843078613,329400,0.0,0.0
2016-06-02 00:00:00-04:00,9.130991982157544,9.401463331628058,9.12318975944781,9.398862838745117,102600,0.0,0.0
2016-06-03 00:00:00-04:00,9.417067645570407,9.476883450134569,9.22981875272161,9.331245422363281,145200,0.0,0.0
2016-06-06 00:00:00-04:00,9.336448391433109,9.58091188417221,9.266229861281888,9.570509910583496,171000,0.0,0.0
2016-06-07 00:00:00-04:00,9.570510323671487,9.687540716267486,9.409267821109857,9.609519958496094,225600,0.0,0.0
2016-06-08 00:00:00-04:00,9.622519952844717,9.926799913544784,9.614717730864008,9.830574989318848,159600,0.0,0.0
2016-06-09 00:00:00-04:00,9.794164904775437,9.82797428460868,9.640724681416392,9.775959968566895,121800,0.0,0.0
2016-06-10 00:00:00-04:00,9.679736979972038,9.791566368084547,9.469082157385456,9.710945129394531,138900,0.0,0.0
2016-06-13 00:00:00-04:00,9.752554823767268,9.786363462231801,9.526295581618303,9.718746185302734,177600,0.0,0.0
2016-06-14 00:00:00-04:00,9.674534782353943,9.958009350626764,9.570508366698508,9.791565895080566,204000,0.0,0.0
2016-06-15 00:00:00-04:00,9.788964697244692,9.869585182174069,9.731749391490029,9.773360252380371,124800,0.0,0.0
2016-06-16 00:00:00-04:00,9.697940086980644,9.765558103313912,9.489885052757193,9.744751930236816,86400,0.0,0.0
2016-06-17 00:00:00-04:00,9.773362727378208,9.965812635701448,9.765561247031291,9.770761489868164,161100,0.0,0.0
2016-06-20 00:00:00-04:00,9.898196302616862,10.14265980558171,9.879990615891908,9.976216316223145,121500,0.0,0.0
2016-06-21 00:00:00-04:00,10.002221098327922,10.002221098327922,9.79416677076545,9.840978622436523,103500,0.0,0.0
2016-06-22 00:00:00-04:00,9.903393319575128,10.054233798762251,9.762957043205963,9.864383697509766,94500,0.0,0.0
2016-06-23 00:00:00-04:00,9.997020578115215,10.067239108181814,9.814973391494137,9.991820335388184,87000,0.0,0.0
2016-06-24 00:00:00-04:00,9.622520946402105,9.78116291879318,9.47688292667519,9.539299964904785,276300,0.0,0.0
2016-06-27 00:00:00-04:00,9.388459343022147,9.53669859769396,9.250623547963952,9.409265518188477,162600,0.0,0.0
2016-06-28 00:00:00-04:00,9.554905990175653,9.692741820638014,9.515895610817653,9.578311920166016,179100,0.0,0.0
2016-06-29 00:00:00-04:00,9.687539953398888,9.88519158171115,9.58351203654193,9.817573547363281,190800,0.0,0.0
2016-06-30 00:00:00-04:00,9.882590377156173,10.26489039568232,9.83057679450163,10.231081008911133,412200,0.0,0.0
2016-07-01 00:00:00-04:00,10.257089199808668,10.415731200843279,10.134857082310214,10.218079566955566,86100,0.0,0.0
2016-07-05 00:00:00-04:00,10.18686898615775,10.254486262235133,10.043830723545879,10.202472686767578,203400,0.0,0.0
2016-07-06 00:00:00-04:00,9.882589485835057,10.025627011249593,9.367654691967086,9.398862838745117,305100,0.0,0.0
2016-07-07 00:00:00-04:00,9.396259804107588,9.502888176578056,9.349447220866274,9.422266960144043,142800,0.0,0.0
2016-07-08 00:00:00-04:00,9.50548896999161,9.666731407966003,9.411863800543982,9.619918823242188,102000,0.0,0.0
2016-07-11 00:00:00-04:00,9.632925500610321,9.843580331348095,9.632925500610321,9.768160820007324,77100,0.0,0.0
2016-07-12 00:00:00-04:00,9.757755848453703,9.934601250433671,9.757755848453703,9.809768676757812,95700,0.0,0.0
2016-07-13 00:00:00-04:00,9.840977278974467,9.898193327334626,9.661530631964618,9.846179008483887,125100,0.0,0.0
2016-07-14 00:00:00-04:00,9.885189161518284,9.947605449914446,9.77335979212661,9.79936695098877,214200,0.0,0.0
2016-07-15 00:00:00-04:00,9.859180404917977,9.929398898700246,9.791562403185987,9.80716609954834,115800,0.0,0.0
2016-07-18 00:00:00-04:00,9.84877694859551,9.942401358951646,9.783760182974474,9.80716609954834,148200,0.0,0.0
2016-07-19 00:00:00-04:00,9.83057884327167,9.942407511239184,9.786366730755422,9.820176124572754,162600,0.0,0.0
2016-07-20 00:00:00-04:00,9.866984761781714,9.898193651739348,9.716145017917006,9.752554893493652,117300,0.0,0.0
2016-07-21 00:00:00-04:00,9.69534026206274,9.83057555998176,9.669333101970947,9.718746185302734,99000,0.0,0.0
2016-07-22 00:00:00-04:00,9.708343131638062,9.708343131638062,9.461279192778411,9.541899681091309,86400,0.0,0.0
2016-07-25 00:00:00-04:00,9.541899681091309,9.705742638738496,9.487285609895883,9.541899681091309,88800,0.0,0.0
2016-07-26 00:00:00-04:00,9.658932682322181,9.658932682322181,9.495089692580956,9.5523042678833,86400,0.0,0.0
2016-07-27 00:00:00-04:00,9.560103980326609,9.684936559890433,9.518493120472,9.565305709838867,112800,0.0,0.0
2016-07-28 00:00:00-04:00,9.547101944861748,9.635525404940145,9.45867848478335,9.502890586853027,102000,0.0,0.0
2016-07-29 00:00:00-04:00,9.489885784028433,9.645926513674576,9.419667269672447,9.580909729003906,94800,0.0,0.0
2016-08-01 00:00:00-04:00,9.534098950066866,9.653729817498467,9.41706783167779,9.495088577270508,91500,0.0,0.0
2016-08-02 00:00:00-04:00,9.544499216017146,9.549700945355097,9.258424936133418,9.261025428771973,62400,0.0,0.0
2016-08-03 00:00:00-04:00,10.111446978791102,10.652388069235622,9.2740281878995,9.333843231201172,517500,0.0,0.0
2016-08-04 00:00:00-04:00,9.315640972332227,9.453477520893985,9.013962200636744,9.115388870239258,258900,0.0,0.0
2016-08-05 00:00:00-04:00,9.138794774359463,9.606917005201387,9.115388848832605,9.502890586853027,158100,0.0,0.0
2016-08-08 00:00:00-04:00,9.536698057673608,9.62252027010852,9.521093613197698,9.565305709838867,106200,0.0,0.0
2016-08-09 00:00:00-04:00,9.534097215919056,9.648527076330124,9.513291042692568,9.606915473937988,218400,0.0,0.0
2016-08-10 00:00:00-04:00,9.612116424480963,9.6849354206609,9.50548879466125,9.617318153381348,101100,0.0,0.0
2016-08-11 00:00:00-04:00,9.617321959523794,9.879990399396789,9.599117017258845,9.770761489868164,144600,0.0,0.0
2016-08-12 00:00:00-04:00,9.783764523291863,9.835778107675324,9.708344267890089,9.768160820007324,78300,0.0,0.0
2016-08-15 00:00:00-04:00,9.799584349090921,10.04051457316412,9.799584349090921,9.980281829833984,113700,0.086667,0.0
2016-08-16 00:00:00-04:00,9.922670409905244,10.213358207438011,9.922670409905244,10.171457290649414,112500,0.0,0.0
2016-08-17 00:00:00-04:00,10.153125745296636,10.415007232031662,10.153125745296636,10.354774475097656,111300,0.0,0.0
2016-08-18 00:00:00-04:00,10.391434377156665,10.548562762555283,10.294537977558752,10.524992942810059,239100,0.0,0.0
2016-08-19 00:00:00-04:00,10.472619432398377,10.729262900664816,10.179313039663835,10.70307445526123,194400,0.0,0.0
2016-08-22 00:00:00-04:00,10.68736456245078,10.68736456245078,10.501429027802187,10.551186561584473,85200,0.0,0.0
2016-08-23 00:00:00-04:00,10.616653511512494,10.737119006078704,10.590465067336078,10.606178283691406,76500,0.0,0.0
2016-08-24 00:00:00-04:00,10.676886775823023,10.718787689136423,10.5642778839814,10.587847709655762,67200,0.0,0.0
2016-08-25 00:00:00-04:00,10.616651370505714,10.713547770245713,10.611414132275035,10.671646118164062,98700,0.0,0.0
2016-08-26 00:00:00-04:00,10.650699194248698,10.763307338054778,10.435955887335307,10.51190185546875,84000,0.0,0.0
2016-08-29 00:00:00-04:00,10.488334494411811,10.61927524596765,10.451670814247056,10.566898345947266,58500,0.0,0.0
2016-08-30 00:00:00-04:00,10.56165729318159,10.57998987719476,10.480474844963709,10.5407075881958,67500,0.0,0.0
2016-08-31 00:00:00-04:00,10.530233820713756,10.530233820713756,10.331204463749463,10.409769058227539,87000,0.0,0.0
2016-09-01 00:00:00-04:00,10.388821308452126,10.438578847979196,10.273593755953893,10.4307222366333,86100,0.0,0.0
2016-09-02 00:00:00-04:00,10.425483043047471,10.624511665391955,10.425483043047471,10.577373504638672,53400,0.0,0.0
2016-09-06 00:00:00-04:00,10.577373606973788,10.587849586406492,10.30239825267823,10.365249633789062,94500,0.0,0.0
2016-09-07 00:00:00-04:00,10.357393646696533,10.58523008775494,10.299779506757545,10.553804397583008,168600,0.0,0.0
2016-09-08 00:00:00-04:00,10.535469636138819,10.55118285149122,10.399291683156518,10.475236892700195,102600,0.0,0.0
2016-09-09 00:00:00-04:00,10.367866908886946,10.600940546111826,9.92528796103332,9.933144569396973,113100,0.0,0.0
2016-09-12 00:00:00-04:00,9.883388113104061,10.171457290649414,9.883388113104061,10.171457290649414,106800,0.0,0.0
2016-09-13 00:00:00-04:00,10.116462300589019,10.116462300589019,9.757685146598218,9.776016235351562,67200,0.0,0.0
2016-09-14 00:00:00-04:00,9.773396870372931,9.891243749182337,9.694833033747413,9.744589805603027,114000,0.0,0.0
2016-09-15 00:00:00-04:00,9.728878072459825,10.003852645279508,9.728878072459825,9.977664947509766,63600,0.0,0.0
2016-09-16 00:00:00-04:00,10.045753343835138,10.166218090631267,9.752446212000322,10.035277366638184,279600,0.0,0.0
2016-09-19 00:00:00-04:00,10.06932358562761,10.126937720646643,9.008706070960534,9.865056991577148,77100,0.0,0.0
2016-09-20 00:00:00-04:00,9.906956686830403,10.058847877075554,9.875531000839763,10.01956558227539,149700,0.0,0.0
2016-09-21 00:00:00-04:00,10.03789635661687,10.160980467689345,9.993376826823804,10.095510482788086,127500,0.0,0.0
2016-09-22 00:00:00-04:00,10.200263229405957,10.39667395685501,9.99075940250709,10.37048625946045,85500,0.0,0.0
2016-09-23 00:00:00-04:00,10.305016271102655,10.305016271102655,10.108605543570198,10.168837547302246,96000,0.0,0.0
2016-09-26 00:00:00-04:00,10.174074181454595,10.2212130794538,10.009089162328417,10.027420997619629,73200,0.0,0.0
2016-09-27 00:00:00-04:00,10.040515885313841,10.28668412974814,9.935763600288062,10.129555702209473,107400,0.0,0.0
2016-09-28 00:00:00-04:00,10.113844409406063,10.286686087212544,9.96980980277526,10.265735626220703,104400,0.0,0.0
2016-09-29 00:00:00-04:00,10.200263883617646,10.388818763490104,9.896482977969413,10.299778938293457,55800,0.0,0.0
2016-09-30 00:00:00-04:00,10.346917731060042,10.524996630234956,10.270971756240995,10.488333702087402,92100,0.0,0.0
2016-10-03 00:00:00-04:00,10.569513937072557,10.650697884063497,10.446430579966371,10.475236892700195,91200,0.0,0.0
2016-10-04 00:00:00-04:00,10.522379779238229,10.614038238888073,10.302399176379549,10.341681480407715,54000,0.0,0.0
2016-10-05 00:00:00-04:00,10.388817136130907,10.56165802083864,10.318109160910744,10.428098678588867,73200,0.0,0.0
2016-10-06 00:00:00-04:00,10.341679574441041,10.593085075091183,10.341679574441041,10.48571491241455,105900,0.0,0.0
2016-10-07 00:00:00-04:00,10.443811150890413,10.443811150890413,10.168835877791198,10.192405700683594,89400,0.0,0.0
2016-10-10 00:00:00-04:00,10.205503667229461,10.394057831004464,10.205503667229461,10.286686897277832,95100,0.0,0.0
2016-10-11 00:00:00-04:00,10.28668609301883,10.291924082893539,9.922671645768228,9.959335327148438,82800,0.0,0.0
2016-10-12 00:00:00-04:00,9.922670060312019,9.969808215414684,9.726259332473493,9.909575462341309,132300,0.0,0.0
2016-10-13 00:00:00-04:00,9.862438004473635,9.975046909648453,9.825775075607137,9.836250305175781,96900,0.0,0.0
2016-10-14 00:00:00-04:00,9.909575462341309,10.085036481771123,9.836249609792155,9.909575462341309,59400,0.0,0.0
2016-10-17 00:00:00-04:00,9.927909454618618,10.040517618524351,9.736735939510307,9.789112091064453,109500,0.0,0.0
2016-10-18 00:00:00-04:00,9.836247543982944,9.836247543982944,9.689593621942503,9.702688217163086,52800,0.0,0.0
2016-10-19 00:00:00-04:00,9.692216726001664,10.003854276359474,9.692216726001664,9.90695858001709,71400,0.0,0.0
2016-10-20 00:00:00-04:00,9.831010849833998,9.880768370177439,9.63460013739745,9.85457992553711,78300,0.0,0.0
2016-10-21 00:00:00-04:00,9.773397679147893,9.85720026066271,9.040131646808698,9.796967506408691,75900,0.0,0.0
2016-10-24 00:00:00-04:00,9.80744076795309,9.810060136821688,9.650312351969704,9.692214012145996,72000,0.0,0.0
2016-10-25 00:00:00-04:00,9.621506533446949,9.689595142591394,9.495803794182661,9.529848098754883,79200,0.0,0.0
2016-10-26 00:00:00-04:00,9.427713155982945,9.689593827233363,9.367480414283516,9.37795639038086,199200,0.0,0.0
2016-10-27 00:00:00-04:00,9.435571760046253,9.61888789408849,9.231304418623278,9.33605670928955,105300,0.0,0.0
2016-10-28 00:00:00-04:00,9.257490739064968,9.41200053211709,9.218208448598817,9.228684425354004,123600,0.0,0.0
2016-10-31 00:00:00-04:00,9.296774496050427,9.388432938514313,9.157977896989248,9.26796817779541,75600,0.0,0.0
2016-11-01 00:00:00-04:00,9.257490712066472,9.438188947984834,9.097743680350014,9.11607551574707,117000,0.0,0.0
2016-11-02 00:00:00-04:00,9.12393231410341,9.391051016908222,9.12393231410341,9.205116271972656,101400,0.0,0.0
2016-11-03 00:00:00-04:00,9.260112147838596,9.39890875558158,9.215591859187231,9.265349388122559,76500,0.0,0.0
2016-11-04 00:00:00-04:00,9.278444298165654,9.52723120192939,9.278444298165654,9.359626770019531,109200,0.0,0.0
2016-11-07 00:00:00-05:00,9.511518069194398,9.875532508123328,9.485329618914713,9.823156356811523,74100,0.0,0.0
2016-11-08 00:00:00-05:00,9.773396008508303,10.037896058324726,9.663406497082494,9.935762405395508,89400,0.0,0.0
2016-11-09 00:00:00-05:00,9.807440799641816,10.519757786229498,9.807440799641816,10.470000267028809,116700,0.0,0.0
2016-11-10 00:00:00-05:00,10.598320754138797,10.8942464762935,9.933143470703824,10.865439414978027,174300,0.0,0.0
2016-11-11 00:00:00-05:00,10.744977342175849,11.26088220801619,10.619274588108302,11.25826358795166,216300,0.0,0.0
2016-11-14 00:00:00-05:00,11.303053860360725,11.845811077267319,10.892033363639111,11.41898250579834,103800,0.086667,0.0
2016-11-15 00:00:00-05:00,11.239821014969726,11.434792312237107,11.218742323826564,11.252994537353516,82500,0.0,0.0
2016-11-16 00:00:00-05:00,11.163413275628166,11.226647089614223,10.807722883504965,10.852513313293457,166200,0.0,0.0
2016-11-17 00:00:00-05:00,10.90784199403479,10.986883873948571,10.739218512825207,10.81826114654541,148500,0.0,0.0
2016-11-18 00:00:00-05:00,10.794547791928675,10.857781596724909,10.618019898420918,10.8287992477417,231900,0.0,0.0
2016-11-21 00:00:00-05:00,10.849877921134874,11.065926376979904,10.844608060506102,11.044848442077637,89700,0.0,0.0
2016-11-22 00:00:00-05:00,10.994787246420154,11.537545155851479,10.984248279843033,11.492753982543945,102300,0.0,0.0
2016-11-23 00:00:00-05:00,11.426888294402138,11.632398567479935,11.23191699035893,11.587607383728027,75600,0.0,0.0
2016-11-25 00:00:00-05:00,11.49275645557603,11.66664981842041,11.455869687715564,11.66664981842041,48600,0.0,0.0
2016-11-28 00:00:00-05:00,11.550718473210047,11.743055187778843,11.53491039949291,11.621856689453125,104400,0.0,0.0
2016-11-29 00:00:00-05:00,11.574433482959654,11.830004039058538,11.371558524119642,11.38473129272461,103500,0.0,0.0
2016-11-30 00:00:00-05:00,11.519101760597113,11.656109088689877,11.300418755456366,11.339940071105957,70200,0.0,0.0
2016-12-01 00:00:00-05:00,11.368921943071843,11.640301298710403,11.368921943071843,11.603414535522461,126000,0.0,0.0
2016-12-02 00:00:00-05:00,11.555990139064136,11.656110718871412,11.424252653076639,11.429522514343262,91800,0.0,0.0
2016-12-05 00:00:00-05:00,11.505929581276764,11.748325086661312,11.505929581276764,11.716708183288574,109500,0.0,0.0
2016-12-06 00:00:00-05:00,11.785210856231098,12.446531971557333,11.648204286511776,12.298986434936523,307800,0.0,0.0
2016-12-07 00:00:00-05:00,12.172520795565365,12.172520795565365,10.33346877621132,10.520536422729492,813600,0.0,0.0
2016-12-08 00:00:00-05:00,10.591673514691202,10.72341100248011,10.378259583508072,10.433588981628418,366600,0.0,0.0
2016-12-09 00:00:00-05:00,10.473109489945044,10.581134477836335,10.35454628780787,10.438858032226562,318000,0.0,0.0
2016-12-12 00:00:00-05:00,10.409873724198107,10.488916346630987,10.333465654831306,10.444125175476074,200400,0.0,0.0
2016-12-13 00:00:00-05:00,10.407242632382044,10.407242632382044,10.275505135782643,10.401972770690918,174300,0.0,0.0
2016-12-14 00:00:00-05:00,10.349276338418282,10.446762357423976,10.278138116221447,10.312390327453613,163200,0.0,0.0
2016-12-15 00:00:00-05:00,10.388795526263594,10.433585942466246,10.328196284456302,10.412508010864258,318000,0.0,0.0
2016-12-16 00:00:00-05:00,10.44412358899572,10.44412358899572,10.336099391632404,10.37035083770752,498600,0.0,0.0
2016-12-19 00:00:00-05:00,10.446762563622787,10.5864037034273,10.43622284164605,10.465205192565918,457500,0.0,0.0
2016-12-20 00:00:00-05:00,10.494185597715807,10.565323808126744,10.412508421088669,10.449395179748535,191700,0.0,0.0
2016-12-21 00:00:00-05:00,10.478377464080054,10.560053886423717,10.32292752484765,10.504724502563477,216000,0.0,0.0
2016-12-22 00:00:00-05:00,10.509995270436,10.546881278260402,10.420413673480077,10.45993423461914,84000,0.0,0.0
2016-12-23 00:00:00-05:00,10.454664627874529,10.473107252671548,10.346639663059616,10.412508010864258,164400,0.0,0.0
2016-12-27 00:00:00-05:00,10.378258777474013,10.641732978782429,10.293946279248866,10.438858032226562,176100,0.0,0.0
2016-12-28 00:00:00-05:00,10.457298157891318,10.57059222578734,10.278135743886136,10.380890846252441,154200,0.0,0.0
2016-12-29 00:00:00-05:00,10.48891859567244,10.509996532333243,10.34400759267778,10.420414924621582,163200,0.0,0.0
2016-12-30 00:00:00-05:00,10.454666360688023,10.509995751862265,10.251790670038435,10.275503158569336,120900,0.0,0.0
2017-01-03 00:00:00-05:00,10.430952400840228,10.430952400840228,10.0963392619571,10.40723991394043,237000,0.0,0.0
2017-01-04 00:00:00-05:00,10.430954220741876,10.560056398394693,10.380893931147714,10.5126314163208,703500,0.0,0.0
2017-01-05 00:00:00-05:00,10.512632408412202,10.56532725669302,10.267600798551463,10.346643447875977,128100,0.0,0.0
2017-01-06 00:00:00-05:00,10.404604647785202,10.544246524091603,10.296580425877991,10.372987747192383,116100,0.0,0.0
2017-01-09 00:00:00-05:00,10.383530517567609,10.383530517567609,10.146403316572604,10.212271690368652,151800,0.0,0.0
2017-01-10 00:00:00-05:00,10.209634799847313,10.499456030508066,10.13059216633575,10.275503158569336,186900,0.0,0.0
2017-01-11 00:00:00-05:00,10.380891113461274,10.415143317669227,10.117416968436416,10.412508010864258,237600,0.0,0.0
2017-01-12 00:00:00-05:00,10.141129653957908,10.541611116136515,10.141129653957908,10.499454498291016,98700,0.0,0.0
2017-01-13 00:00:00-05:00,10.512630580330303,10.602211429926852,10.488918091179034,10.53897762298584,137400,0.0,0.0
2017-01-17 00:00:00-05:00,10.462569706701338,10.494186608394916,10.349275620514417,10.365083694458008,120900,0.0,0.0
2017-01-18 00:00:00-05:00,10.4309522174447,10.591671270215679,10.349275037552136,10.523167610168457,93900,0.0,0.0
2017-01-19 00:00:00-05:00,10.531068648017124,10.578494359587634,10.170109344833046,10.233343124389648,135300,0.0,0.0
2017-01-20 00:00:00-05:00,10.22544438913117,10.412510511672407,10.21753997443042,10.304486274719238,93600,0.0,0.0
2017-01-23 00:00:00-05:00,10.238613723021373,10.31502178315547,10.13585862779748,10.2465181350708,120900,0.0,0.0
2017-01-24 00:00:00-05:00,10.25706024697869,10.430952829803537,10.249155833084906,10.344006538391113,135300,0.0,0.0
2017-01-25 00:00:00-05:00,10.412510009103814,10.578498940775582,10.412510009103814,10.53897762298584,111000,0.0,0.0
2017-01-26 00:00:00-05:00,10.512631950283163,10.541614304026236,10.428319442901529,10.525805473327637,127800,0.0,0.0
2017-01-27 00:00:00-05:00,10.465204109485246,10.562689366519571,10.43622176156486,10.488917350769043,82800,0.0,0.0
2017-01-30 00:00:00-05:00,10.417780092013112,10.417780092013112,10.02783827423045,10.091072082519531,145200,0.0,0.0
2017-01-31 00:00:00-05:00,10.01993603215277,10.188559557482712,9.935623515681183,10.13849925994873,107400,0.0,0.0
2017-02-01 00:00:00-05:00,10.188552718988584,10.394062125644485,10.062084406069266,10.233343124389648,68100,0.0,0.0
2017-02-02 00:00:00-05:00,10.072628410552749,10.122689453347624,9.880292423257865,10.043646812438965,82200,0.0,0.0
2017-02-03 00:00:00-05:00,10.141130116745044,10.457299111467233,10.069991904480966,10.430952072143555,123900,0.0,0.0
2017-02-06 00:00:00-05:00,10.330833232586572,10.375624412980043,10.13322738955282,10.178018569946289,71100,0.0,0.0
2017-02-07 00:00:00-05:00,10.228076322257651,10.378257158936895,10.080530792535345,10.104243278503418,90300,0.0,0.0
2017-02-08 00:00:00-05:00,10.14376513476268,10.14376513476268,9.089867683586645,9.266395568847656,354900,0.0,0.0
2017-02-09 00:00:00-05:00,9.266396104826994,9.32436080343826,9.247952723104643,9.279569625854492,327000,0.0,0.0
2017-02-10 00:00:00-05:00,9.340172187364603,9.437657483599823,9.155739812404976,9.200531005859375,237300,0.0,0.0
2017-02-13 00:00:00-05:00,9.229727567886028,9.264235960814785,9.089038160745327,9.126201629638672,227400,0.086667,0.0
2017-02-14 00:00:00-05:00,9.089037580790317,9.097001289253752,8.972240067478099,9.054529190063477,182400,0.0,0.0
2017-02-15 00:00:00-05:00,9.004094977064156,9.112928792008042,8.953658405271057,9.081074714660645,83100,0.0,0.0
2017-02-16 00:00:00-05:00,8.897914504094155,9.26954618867554,8.897914504094155,8.969586372375488,128100,0.0,0.0
2017-02-17 00:00:00-05:00,8.9536563940223,9.065146019424967,8.895257645067334,9.057182312011719,100800,0.0,0.0
2017-02-21 00:00:00-05:00,9.181946201809293,9.335907953079758,9.051875577787396,9.150092124938965,180600,0.0,0.0
2017-02-22 00:00:00-05:00,9.094349496956257,9.15805766342317,9.022677619815667,9.073113441467285,102300,0.0,0.0
2017-02-23 00:00:00-05:00,9.09700204743637,9.09700204743637,8.858096089849118,8.911186218261719,85500,0.0,0.0
2017-02-24 00:00:00-05:00,8.820934354110284,8.953659310072917,8.799698300399367,8.940387725830078,63600,0.0,0.0
2017-02-27 00:00:00-05:00,8.935076872287569,9.030639098367626,8.86340501286226,8.905877113342285,170700,0.0,0.0
2017-02-28 00:00:00-05:00,8.916495425629627,8.919149742129848,8.60857268723239,8.66431713104248,88500,0.0,0.0
2017-03-01 00:00:00-05:00,8.799699063688681,9.014713936296888,8.799699063688681,8.980205535888672,106500,0.0,0.0
2017-03-02 00:00:00-05:00,8.940385864941687,8.998784620760759,8.905876715248432,8.93773078918457,56100,0.0,0.0
2017-03-03 00:00:00-05:00,8.895262437342032,9.006752122809166,8.895262437342032,8.990824699401855,103200,0.0,0.0
2017-03-06 00:00:00-05:00,8.767845544147972,8.961624373663577,8.767845544147972,8.91915225982666,83100,0.0,0.0
2017-03-07 00:00:00-05:00,8.863404118208623,8.964275726397442,8.831550046063887,8.892603874206543,95100,0.0,0.0
2017-03-08 00:00:00-05:00,8.919149459012973,8.961621559512693,8.802351182638741,8.812969207763672,110100,0.0,0.0
2017-03-09 00:00:00-05:00,8.8368597543463,8.868713827632016,8.59264443302812,8.637771606445312,159000,0.0,0.0
2017-03-10 00:00:00-05:00,8.589990264305875,8.730678900535313,8.52097272460438,8.619189262390137,124800,0.0,0.0
2017-03-13 00:00:00-04:00,8.629807502640572,8.746605006539484,8.621843794818972,8.669625282287598,63900,0.0,0.0
2017-03-14 00:00:00-04:00,8.574064852654537,8.643081642920915,8.489119883966389,8.603263854980469,66300,0.0,0.0
2017-03-15 00:00:00-04:00,8.632464545176397,8.900570303979384,8.632464545176397,8.828898429870605,87300,0.0,0.0
2017-03-16 00:00:00-04:00,8.887295224088954,8.945693981497133,8.831550783049089,8.842168807983398,52200,0.0,0.0
2017-03-17 00:00:00-04:00,8.839513778686523,8.958966359698103,8.746605118678312,8.839513778686523,269400,0.0,0.0
2017-03-20 00:00:00-04:00,8.805006806757874,8.855441859645822,8.669626788120336,8.701480865478516,113700,0.0,0.0
2017-03-21 00:00:00-04:00,8.621844951523293,8.65900766057487,8.303304190533709,8.308612823486328,103500,0.0,0.0
2017-03-22 00:00:00-04:00,8.40683196008493,8.409486277139777,8.093599004314209,8.191816329956055,93600,0.0,0.0
2017-03-23 00:00:00-04:00,8.2183590454399,8.348429663420447,8.144033628989073,8.297994613647461,51600,0.0,0.0
2017-03-24 00:00:00-04:00,8.319231066022668,8.367012561148963,8.24225056997258,8.266140937805176,99000,0.0,0.0
2017-03-27 00:00:00-04:00,8.189159586952114,8.436029249885113,8.144033927818993,8.425411224365234,283800,0.0,0.0
2017-03-28 00:00:00-04:00,8.377630809997399,8.693517271172908,8.321885604287989,8.592645645141602,197700,0.0,0.0
2017-03-29 00:00:00-04:00,8.576719178153139,8.77846091581375,8.486465576026,8.735989570617676,99000,0.0,0.0
2017-03-30 00:00:00-04:00,8.741295796132334,9.009399910310412,8.72802269864044,8.951001167297363,122100,0.0,0.0
2017-03-31 00:00:00-04:00,8.958965377965736,9.195216957406961,8.903220947530327,9.142126083374023,289200,0.0,0.0
2017-04-03 00:00:00-04:00,9.150095551953694,9.22176744162071,8.828900346411558,8.868718147277832,150600,0.0,0.0
2017-04-04 00:00:00-04:00,8.855440490409054,9.12354616964813,8.847476782435589,9.022674560546875,162900,0.0,0.0
2017-04-05 00:00:00-04:00,9.081076559304517,9.211147971157027,8.95896961773307,9.043913841247559,188400,0.0,0.0
2017-04-06 00:00:00-04:00,9.123546357198022,9.131510065335195,8.937730551122687,9.033292770385742,79500,0.0,0.0
2017-04-07 00:00:00-04:00,9.0412584837756,9.094348617363224,8.96162290366358,8.96693229675293,95700,0.0,0.0
2017-04-10 00:00:00-04:00,8.99082114523379,9.115583127913034,8.87402287111006,8.945693969726562,100200,0.0,0.0
2017-04-11 00:00:00-04:00,8.905877915610903,9.155401908139465,8.876678154035215,9.067803382873535,105600,0.0,0.0
2017-04-12 00:00:00-04:00,9.030638940432661,9.030638940432661,8.789078683311848,8.842168807983398,48600,0.0,0.0
2017-04-13 00:00:00-04:00,8.754570772160928,8.818278930786656,8.566101372489017,8.611227035522461,71400,0.0,0.0
2017-04-17 00:00:00-04:00,8.611224492284688,8.810312619056718,8.600607228443925,8.781113624572754,47700,0.0,0.0
2017-04-18 00:00:00-04:00,8.759878057772237,8.80765954497746,8.71475088667259,8.775805473327637,50400,0.0,0.0
2017-04-19 00:00:00-04:00,8.887293803220878,8.951001942641314,8.770495547616749,8.79438591003418,71700,0.0,0.0
2017-04-20 00:00:00-04:00,8.900568082656259,9.00940188594511,8.773151786911706,8.93773078918457,55500,0.0,0.0
2017-04-21 00:00:00-04:00,8.913838616416994,9.10230948104617,8.871367282288526,9.057182312011719,89700,0.0,0.0
2017-04-24 00:00:00-04:00,9.20849263893387,9.227075136638367,9.043913590174155,9.179293632507324,108300,0.0,0.0
2017-04-25 00:00:00-04:00,9.277509051833224,9.558887129371211,9.26954610167982,9.444743156433105,85200,0.0,0.0
2017-04-26 00:00:00-04:00,9.404927253723145,9.569507061317164,9.354491432738405,9.404927253723145,120300,0.0,0.0
2017-04-27 00:00:00-04:00,9.43943516924662,9.43943516924662,9.31732747833414,9.410235404968262,31800,0.0,0.0
2017-04-28 00:00:00-04:00,9.426161254480633,9.426161254480633,9.13947457165413,9.155401229858398,76800,0.0,0.0
2017-05-01 00:00:00-04:00,9.24565400833354,9.24565400833354,9.099656731089892,9.168673515319824,39000,0.0,0.0
2017-05-02 00:00:00-04:00,9.144783192129045,9.219110134690855,9.03594937334377,9.104966163635254,56700,0.0,0.0
2017-05-03 00:00:00-04:00,10.280912466768923,10.280912466768923,8.961621521530999,9.051875114440918,206700,0.0,0.0
2017-05-04 00:00:00-04:00,9.091695512398546,9.094349829566433,8.863407527812242,8.964279174804688,69300,0.0,0.0
2017-05-05 00:00:00-04:00,9.035948347633182,9.043911296751348,8.852786847616436,8.985511779785156,103500,0.0,0.0
2017-05-08 00:00:00-04:00,8.977549889871884,9.091694630554914,8.948350884934724,9.041258811950684,68400,0.0,0.0
2017-05-09 00:00:00-04:00,9.041259429385459,9.089040174881037,8.924461123276954,8.927115440368652,111000,0.0,0.0
2017-05-10 00:00:00-04:00,8.905877435127193,9.200527832718869,8.892605093112898,9.166019439697266,59700,0.0,0.0
2017-05-11 00:00:00-04:00,9.094347394576376,9.24830838154896,9.033293559294352,9.155401229858398,77100,0.0,0.0
2017-05-12 00:00:00-04:00,9.147438510510733,9.264236801333462,9.038603929382115,9.102312088012695,109500,0.0,0.0
2017-05-15 00:00:00-04:00,9.11568404503763,9.190578093617408,9.0140417393333,9.158480644226074,82800,0.086667,0.0
2017-05-16 00:00:00-04:00,9.104985518698776,9.113009306973973,8.893676356917416,8.971245765686035,80400,0.0,0.0
2017-05-17 00:00:00-04:00,8.789362815741717,8.800062734724936,8.644923857898156,8.647599220275879,74700,0.0,0.0
2017-05-18 00:00:00-04:00,8.578052816976738,8.735866262925995,8.578052816976738,8.634223937988281,64800,0.0,0.0
2017-05-19 00:00:00-04:00,8.698416272587217,8.76261116450374,8.519205341337718,8.586074829101562,71400,0.0,0.0
2017-05-22 00:00:00-04:00,8.572702702464388,8.719816215519272,8.513856991136986,8.674345016479492,98700,0.0,0.0
2017-05-23 00:00:00-04:00,8.639571281034588,8.733188257185333,8.580724815934706,8.655619621276855,56100,0.0,0.0
2017-05-24 00:00:00-04:00,8.511182746789064,9.01136825270409,8.492459041022917,8.882978439331055,299700,0.0,0.0
2017-05-25 00:00:00-04:00,8.96857324841891,8.96857324841891,8.743890288836102,8.786686897277832,43200,0.0,0.0
2017-05-26 00:00:00-04:00,8.826808359737571,8.826808359737571,8.655621936623154,8.767963409423828,39300,0.0,0.0
2017-05-30 00:00:00-04:00,8.735865898290548,8.861580353000065,8.663646435192794,8.733190536499023,55500,0.0,0.0
2017-05-31 00:00:00-04:00,8.610148126965804,8.928448770925984,8.610148126965804,8.808083534240723,104400,0.0,0.0
2017-06-01 00:00:00-04:00,8.816105978700449,8.928447410347236,8.709114503447985,8.917747497558594,70800,0.0,0.0
2017-06-02 00:00:00-04:00,8.963221616177208,9.308269781261297,8.87495381906286,8.8936767578125,89100,0.0,0.0
2017-06-05 00:00:00-04:00,8.826807482272882,8.957871883124948,8.781335519205683,8.829482078552246,76500,0.0,0.0
2017-06-06 00:00:00-04:00,8.727841943302314,8.952524137621399,8.623525018909666,8.786686897277832,79800,0.0,0.0
2017-06-07 00:00:00-04:00,8.532578874026372,8.781333882711976,8.532578874026372,8.604798316955566,40200,0.0,0.0
2017-06-08 00:00:00-04:00,8.586073924275953,9.102308366316642,8.586073924275953,8.917747497558594,63600,0.0,0.0
2017-06-09 00:00:00-04:00,8.984623072641691,9.276175589582477,8.984623072641691,9.20663070678711,76500,0.0,0.0
2017-06-12 00:00:00-04:00,9.193255878862866,9.388515222825365,9.000671131738924,9.024744033813477,80400,0.0,0.0
2017-06-13 00:00:00-04:00,8.89367720756834,9.292221143370694,8.89367720756834,9.000669479370117,77400,0.0,0.0
2017-06-14 00:00:00-04:00,8.997994284857613,9.09696200419102,8.56735365436015,8.901701927185059,84600,0.0,0.0
2017-06-15 00:00:00-04:00,8.703767028460168,8.960546619695945,8.703767028460168,8.821456909179688,46200,0.0,0.0
2017-06-16 00:00:00-04:00,8.770638891134068,8.826809250571486,8.642249060840683,8.77866268157959,109500,0.0,0.0
2017-06-19 00:00:00-04:00,8.634222987702122,8.826807699296227,8.634222987702122,8.810758590698242,32400,0.0,0.0
2017-06-20 00:00:00-04:00,8.64492129064204,9.377815015933995,8.497808544636058,8.513856887817383,66000,0.0,0.0
2017-06-21 00:00:00-04:00,8.51118247395191,8.575378143844203,8.299874054899982,8.323946952819824,48300,0.0,0.0
2017-06-22 00:00:00-04:00,8.345346642380385,8.484435625542766,8.329298296185833,8.430940628051758,39600,0.0,0.0
2017-06-23 00:00:00-04:00,8.44431278994218,8.83750756448419,8.436289000258054,8.789361000061035,183000,0.0,0.0
2017-06-26 00:00:00-04:00,8.725165911165131,8.818783676256764,8.572703196617741,8.612824440002441,65700,0.0,0.0
2017-06-27 00:00:00-04:00,8.39081817236017,8.679695276008154,8.38279361705402,8.599452018737793,42300,0.0,0.0
2017-06-28 00:00:00-04:00,8.61282605474754,8.837509039196812,8.61282605474754,8.741216659545898,86700,0.0,0.0
2017-06-29 00:00:00-04:00,8.735866328649296,8.735866328649296,8.47908591773366,8.610150337219238,91200,0.0,0.0
2017-06-30 00:00:00-04:00,8.607475900984134,8.714466647223924,8.532581077668068,8.55665397644043,64200,0.0,0.0
2017-07-03 00:00:00-04:00,8.602124822422267,8.79738411416925,8.591425672665398,8.701091766357422,39900,0.0,0.0
2017-07-05 00:00:00-04:00,8.682371857755419,8.709120126470188,8.406869205050251,8.66097354888916,96900,0.0,0.0
2017-07-06 00:00:00-04:00,8.57270475612375,8.714468345171452,8.476411611745014,8.620850563049316,61500,0.0,0.0
2017-07-07 00:00:00-04:00,8.575376478917331,8.874952642354444,8.556652012123164,8.62619686126709,51000,0.0,0.0
2017-07-10 00:00:00-04:00,8.596776480728588,8.599451842618322,8.374769655493674,8.553979873657227,101700,0.0,0.0
2017-07-11 00:00:00-04:00,8.551306871420328,8.642250061035156,8.372095854579225,8.642250061035156,107100,0.0,0.0
2017-07-12 00:00:00-04:00,8.674346329745871,8.80006156048976,8.545955736981247,8.706443786621094,55800,0.0,0.0
2017-07-13 00:00:00-04:00,8.759939548079798,9.337694537097537,8.583403152634206,8.706443786621094,79200,0.0,0.0
2017-07-14 00:00:00-04:00,8.618174252869538,8.813433569277054,8.618174252869538,8.751914024353027,56400,0.0,0.0
2017-07-17 00:00:00-04:00,8.701093105375879,8.842857435418297,8.588751633008648,8.77331256866455,57900,0.0,0.0
2017-07-18 00:00:00-04:00,8.751914484208893,8.7572636774122,8.628873857368557,8.754589080810547,47700,0.0,0.0
2017-07-19 00:00:00-04:00,8.746565430942177,8.971248404535151,8.746565430942177,8.904378890991211,39000,0.0,0.0
2017-07-20 00:00:00-04:00,8.90170357905902,9.00602051054478,8.693069716087503,8.925776481628418,72900,0.0,0.0
2017-07-21 00:00:00-04:00,8.939151304444135,8.973923361048842,8.81611065993914,8.936476707458496,84600,0.0,0.0
2017-07-24 00:00:00-04:00,8.93380034862464,8.952524055963044,8.626199536939481,8.63957405090332,85800,0.0,0.0
2017-07-25 00:00:00-04:00,8.693068457033181,8.979270945311812,8.693068457033181,8.933799743652344,82200,0.0,0.0
2017-07-26 00:00:00-04:00,8.94717391177923,8.979271367152124,8.634223913209429,8.725166320800781,48900,0.0,0.0
2017-07-27 00:00:00-04:00,8.765287176265895,9.080912495138922,8.663645630277639,8.829482078552246,89400,0.0,0.0
2017-07-28 00:00:00-04:00,8.789360913137772,8.832158284014927,8.674345609499287,8.77331256866455,48000,0.0,0.0
2017-07-31 00:00:00-04:00,8.939148240413793,8.939148240413793,8.455011149823756,8.519206047058105,131100,0.0,0.0
2017-08-01 00:00:00-04:00,8.655621103272049,8.727840559886173,8.487109292926958,8.588750839233398,86400,0.0,0.0
2017-08-02 00:00:00-04:00,8.6208495783012,8.754589361093593,8.4737368120724,8.63957405090332,75000,0.0,0.0
2017-08-03 00:00:00-04:00,8.61817480604531,8.66899596838692,8.505834094830913,8.594101905822754,87300,0.0,0.0
2017-08-04 00:00:00-04:00,8.60212477834198,9.054163661937427,8.60212477834198,8.947172164916992,96900,0.0,0.0
2017-08-07 00:00:00-04:00,8.901702072809643,9.014042775966942,8.832157973762484,8.952523231506348,71700,0.0,0.0
2017-08-08 00:00:00-04:00,9.054163605052997,9.054163605052997,8.767961926269113,8.821456909179688,66000,0.0,0.0
2017-08-09 00:00:00-04:00,8.358718888624676,8.727839934092204,8.203580836105411,8.58072566986084,175800,0.0,0.0
2017-08-10 00:00:00-04:00,8.52990723338371,8.727841929751257,8.348020882525034,8.615500450134277,118200,0.0,0.0
2017-08-11 00:00:00-04:00,8.717143456943731,8.717143456943731,8.369421338904097,8.446990013122559,169800,0.0,0.0
2017-08-14 00:00:00-04:00,8.591425497762634,8.623522946379808,8.452335788491338,8.519206047058105,151200,0.0,0.0
2017-08-15 00:00:00-04:00,8.511181473519843,8.524555219096246,8.12333672969581,8.19288158416748,194700,0.0,0.0
2017-08-16 00:00:00-04:00,8.211602607533793,8.356041474929878,7.738165543232975,7.788986682891846,275400,0.0,0.0
2017-08-17 00:00:00-04:00,7.823762180807677,7.9682011121069705,7.748868118535667,7.845160484313965,212100,0.0,0.0
2017-08-18 00:00:00-04:00,7.810385145483523,7.810385145483523,7.494760653301114,7.5027852058410645,165600,0.0,0.0
2017-08-21 00:00:00-04:00,7.5594821048579846,7.5594821048579846,7.489287364648475,7.494686603546143,107100,0.086667,0.0
2017-08-22 00:00:00-04:00,7.510885990051246,7.586481523037068,7.224706211276621,7.378595352172852,147300,0.0,0.0
2017-08-23 00:00:00-04:00,7.316499938845558,7.440692497912215,7.311100698951565,7.405594348907471,95700,0.0,0.0
2017-08-24 00:00:00-04:00,7.464991815904914,7.513588072414993,7.429893661288113,7.435293674468994,163200,0.0,0.0
2017-08-25 00:00:00-04:00,7.467689260422299,7.737670530212628,7.467689260422299,7.59458065032959,179400,0.0,0.0
2017-08-28 00:00:00-04:00,7.567582430744879,7.680974182244502,7.502786923481273,7.6539764404296875,675600,0.0,0.0
2017-08-29 00:00:00-04:00,7.621577962913829,8.091345732168945,7.602679854407718,7.813264846801758,174600,0.0,0.0
2017-08-30 00:00:00-04:00,7.805167121842705,7.913159639373009,7.586481694526279,7.726871967315674,88200,0.0,0.0
2017-08-31 00:00:00-04:00,7.737669863742825,7.767367993967604,7.572981496461686,7.686373233795166,210000,0.0,0.0
2017-09-01 00:00:00-04:00,7.6836757444874415,7.799767905786555,7.613480214716991,7.775469779968262,138600,0.0,0.0
2017-09-05 00:00:00-04:00,7.7781690236595065,7.813266400634483,7.578382469295304,7.616179466247559,84000,0.0,0.0
2017-09-06 00:00:00-04:00,7.710673889686832,7.726872381973953,7.58378170924986,7.616179466247559,85200,0.0,0.0
2017-09-07 00:00:00-04:00,7.645879903107208,7.645879903107208,7.276004820142804,7.386697769165039,264000,0.0,0.0
2017-09-08 00:00:00-04:00,7.389393256910511,7.421791005532536,7.278701142224404,7.365095138549805,187800,0.0,0.0
2017-09-11 00:00:00-04:00,7.4163936289054675,7.653977178447146,7.4163936289054675,7.559483528137207,144000,0.0,0.0
2017-09-12 00:00:00-04:00,7.575683490708018,7.69987528925887,7.548684971379064,7.621580123901367,82500,0.0,0.0
2017-09-13 00:00:00-04:00,7.583781530048999,7.751170323460191,7.583781530048999,7.72957181930542,128400,0.0,0.0
2017-09-14 00:00:00-04:00,7.767367841722743,7.856461458227516,7.640476465232148,7.7349700927734375,111900,0.0,0.0
2017-09-15 00:00:00-04:00,7.753869849383374,7.910460161242474,7.667476606234963,7.802466869354248,323400,0.0,0.0
2017-09-18 00:00:00-04:00,7.842965524924879,7.929359554460661,7.813267384166066,7.878063678741455,98100,0.0,0.0
2017-09-19 00:00:00-04:00,7.913159763421275,7.913159763421275,7.805167244198059,7.867262363433838,67800,0.0,0.0
2017-09-20 00:00:00-04:00,7.864562321105387,7.899659694861781,7.6458769021077355,7.667476177215576,95400,0.0,0.0
2017-09-21 00:00:00-04:00,7.6944743498894494,7.837565017497878,7.653976961984293,7.802466869354248,105300,0.0,0.0
2017-09-22 00:00:00-04:00,7.79976749420166,7.8699630202679725,7.770069357311165,7.79976749420166,48900,0.0,0.0
2017-09-25 00:00:00-04:00,7.797065586604077,7.902358458599254,7.783565945890585,7.845662593841553,65100,0.0,0.0
2017-09-26 00:00:00-04:00,7.861860815568455,7.92665630807947,7.815963429055754,7.8915581703186035,74100,0.0,0.0
2017-09-27 00:00:00-04:00,7.880762940661223,8.08864916447094,7.815967415105268,8.007655143737793,103500,0.0,0.0
2017-09-28 00:00:00-04:00,8.05895080853561,8.158843714680643,7.907761252912587,8.099448204040527,84900,0.0,0.0
2017-09-29 00:00:00-04:00,8.123741315728212,8.123741315728212,8.00764998652512,8.0967435836792,82200,0.0,0.0
2017-10-02 00:00:00-04:00,8.112946818846885,8.169642701887833,7.875362489236747,8.10754680633545,414300,0.0,0.0
2017-10-03 00:00:00-04:00,8.126445181169165,8.258736609096141,8.123745561038115,8.231738090515137,145200,0.0,0.0
2017-10-04 00:00:00-04:00,8.40182554868902,8.40182554868902,8.188540134461078,8.258735656738281,228300,0.0,0.0
2017-10-05 00:00:00-04:00,8.261434565612387,8.426122946795479,8.175040559428032,8.196639060974121,59700,0.0,0.0
2017-10-06 00:00:00-04:00,8.153442568556072,8.153442568556072,8.015751919469949,8.034650802612305,83700,0.0,0.0
2017-10-09 00:00:00-04:00,8.0373510649667,8.096747338899098,7.950957046463905,8.013052940368652,52200,0.0,0.0
2017-10-10 00:00:00-04:00,7.9941528623172955,8.126443490294978,7.9833536116166,8.07514762878418,155700,0.0,0.0
2017-10-11 00:00:00-04:00,8.099446473421002,8.142643480083333,8.037350583238052,8.07244873046875,99600,0.0,0.0
2017-10-12 00:00:00-04:00,8.14264258489687,8.247935470166457,8.048149722528944,8.129143714904785,145500,0.0,0.0
2017-10-13 00:00:00-04:00,8.134543121426335,8.21553788789322,8.031950625981398,8.07514762878418,193500,0.0,0.0
2017-10-16 00:00:00-04:00,8.13184188701709,8.447720486602034,7.896958037814908,8.004950523376465,97200,0.0,0.0
2017-10-17 00:00:00-04:00,7.913157771625196,7.913157771625196,7.7592678911496815,7.8105645179748535,67200,0.0,0.0
2017-10-18 00:00:00-04:00,7.815965721262069,8.129144799335258,7.626979198892029,7.643178462982178,86700,0.0,0.0
2017-10-19 00:00:00-04:00,7.645875135725686,7.705271390597661,7.500085662498197,7.624276638031006,78900,0.0,0.0
2017-10-20 00:00:00-04:00,7.7025729965482626,7.829464383791767,7.653975982794511,7.675575256347656,101100,0.0,0.0
2017-10-23 00:00:00-04:00,7.791666771825176,7.799766403011889,7.57568175633513,7.599979877471924,105300,0.0,0.0
2017-10-24 00:00:00-04:00,7.664775691640288,7.7646693446558785,7.567582430744879,7.6539764404296875,109200,0.0,0.0
2017-10-25 00:00:00-04:00,7.605381232879715,7.772770035672409,7.540585716783862,7.640478610992432,307800,0.0,0.0
2017-10-26 00:00:00-04:00,7.662074865422405,7.859160975875545,7.578380488613475,7.818663597106934,121200,0.0,0.0
2017-10-27 00:00:00-04:00,7.797068544038374,7.942858848625955,7.734972644957607,7.740372657775879,136200,0.0,0.0
2017-10-30 00:00:00-04:00,7.632380922178708,7.732274614251545,7.383998047220133,7.575685024261475,150300,0.0,0.0
2017-10-31 00:00:00-04:00,7.578381576858033,7.851062473038309,7.570282717879929,7.8240647315979,207900,0.0,0.0
2017-11-01 00:00:00-04:00,7.8672601486250135,8.129142513333168,7.7160706642757155,7.807864665985107,146400,0.0,0.0
2017-11-02 00:00:00-04:00,7.805167872905436,8.023852548841674,7.805167872905436,7.905060768127441,86700,0.0,0.0
2017-11-03 00:00:00-04:00,7.87266096157399,7.950955330842274,7.562182331467404,7.672874450683594,126300,0.0,0.0
2017-11-06 00:00:00-05:00,7.686372755374011,7.807864888070662,7.559481384294344,7.783565998077393,104400,0.0,0.0
2017-11-07 00:00:00-05:00,7.791666932745509,7.829464697448571,7.58108115208184,7.610779285430908,115800,0.0,0.0
2017-11-08 00:00:00-05:00,7.597281297230563,7.632378673943357,7.343498483099317,7.559483528137207,96900,0.0,0.0
2017-11-09 00:00:00-05:00,7.535182886914119,7.621576876073555,7.3920930354746,7.440690040588379,75900,0.0,0.0
2017-11-10 00:00:00-05:00,7.413691766782365,7.672874541869062,7.413691766782365,7.502786159515381,141000,0.0,0.0
2017-11-13 00:00:00-05:00,7.481190036786951,7.594582585199554,7.454191516717839,7.475790023803711,87300,0.0,0.0
2017-11-14 00:00:00-05:00,7.437991142272949,7.594580665271086,7.343497504554592,7.437991142272949,68100,0.0,0.0
2017-11-15 00:00:00-05:00,7.3758967332416,7.578382919615138,7.222007571464051,7.249005317687988,95400,0.0,0.0
2017-11-16 00:00:00-05:00,7.254405977898388,7.548685454608223,7.254405977898388,7.435293674468994,174600,0.0,0.0
2017-11-17 00:00:00-05:00,7.386695553413408,7.481189204507605,7.386695553413408,7.392095565795898,121800,0.0,0.0
2017-11-20 00:00:00-05:00,7.471139571945424,7.610150248624368,7.471139571945424,7.5501837730407715,73200,0.086667,0.0
2017-11-21 00:00:00-05:00,7.5856184288822845,7.825479653086814,7.5856184288822845,7.691920757293701,155100,0.0,0.0
2017-11-22 00:00:00-05:00,7.708275522717721,7.844559922839365,7.596521410016836,7.697371959686279,99300,0.0,0.0
2017-11-24 00:00:00-05:00,7.705550577444254,7.743710715181882,7.585619941428242,7.6864705085754395,26100,0.0,0.0
2017-11-27 00:00:00-05:00,7.686470311816258,7.779144372643428,7.58016874475835,7.672842025756836,109200,0.0,0.0
2017-11-28 00:00:00-05:00,7.719179897706128,7.84456233297553,7.629232103604308,7.784597396850586,166500,0.0,0.0
2017-11-29 00:00:00-05:00,7.800949652987022,7.899074712667711,7.732807445388151,7.781870365142822,91200,0.0,0.0
2017-11-30 00:00:00-05:00,7.841834404373711,7.841834404373711,7.5665385442483535,7.651035308837891,139200,0.0,0.0
2017-12-01 00:00:00-05:00,7.656486806515849,7.8227548456286575,7.544734246483665,7.776418209075928,107100,0.0,0.0
2017-12-04 00:00:00-05:00,7.871815507005151,7.959036973256772,7.768238699870939,7.9208784103393555,134100,0.0,0.0
2017-12-05 00:00:00-05:00,7.923603225343835,7.923603225343835,7.634679921668528,7.708273887634277,153000,0.0,0.0
2017-12-06 00:00:00-05:00,7.035030471998408,7.874545891012364,6.214594736190532,7.719180583953857,1166100,0.0,0.0
2017-12-07 00:00:00-05:00,7.6973703004539935,7.879992854522032,7.195842381230301,7.629228115081787,192600,0.0,0.0
2017-12-08 00:00:00-05:00,7.667390528212164,7.811852222703566,7.612876607665537,7.64285945892334,153600,0.0,0.0
2017-12-11 00:00:00-05:00,7.672842894066709,7.888173113454237,7.577444101026113,7.754613399505615,163800,0.0,0.0
2017-12-12 00:00:00-05:00,7.765515257801529,7.978119928884263,7.675567487648957,7.855463027954102,153000,0.0,0.0
2017-12-13 00:00:00-05:00,7.871818159438998,8.029908143813742,7.7464357485367845,7.81185245513916,218100,0.0,0.0
2017-12-14 00:00:00-05:00,7.8309326285244465,7.994474397237185,7.757338637646547,7.877269268035889,181800,0.0,0.0
2017-12-15 00:00:00-05:00,7.877268517523026,8.098049689292958,7.7791434656443235,7.978119850158691,630900,0.0,0.0
2017-12-18 00:00:00-05:00,8.05716391823389,8.05716391823389,7.71372588585903,7.792770862579346,286200,0.0,0.0
2017-12-19 00:00:00-05:00,7.8063999253261445,7.959038097702355,7.6919203212583565,7.792770862579346,124200,0.0,0.0
2017-12-20 00:00:00-05:00,7.8227548456286575,7.855463197282693,7.640133020603139,7.776418209075928,78900,0.0,0.0
2017-12-21 00:00:00-05:00,7.800952221140826,7.999927907152127,7.69192434115807,7.942688465118408,179400,0.0,0.0
2017-12-22 00:00:00-05:00,7.948137078890539,7.948137078890539,7.738257908763071,7.855463027954102,108300,0.0,0.0
2017-12-26 00:00:00-05:00,7.852736217044691,7.959037755024768,7.75733668106706,7.937232971191406,82500,0.0,0.0
2017-12-27 00:00:00-05:00,7.858189473158292,8.03263403251436,7.822755616996265,7.879995822906494,68700,0.0,0.0
2017-12-28 00:00:00-05:00,7.885446180116747,7.95358916540982,7.8336577608391735,7.950862884521484,163800,0.0,0.0
2017-12-29 00:00:00-05:00,7.95086256427374,7.975393632480287,7.7900463107990205,7.809126377105713,190200,0.0,0.0
2018-01-02 00:00:00-05:00,7.839109160258338,8.027181981287315,7.768240677363763,7.890896797180176,148200,0.0,0.0
2018-01-03 00:00:00-05:00,7.888172916438347,8.09805134764599,7.206747635770444,7.975395202636719,129000,0.0,0.0
2018-01-04 00:00:00-05:00,7.986297921588367,8.095324987949287,7.863641009753579,8.032633781433105,124200,0.0,0.0
2018-01-05 00:00:00-05:00,8.05171481954141,8.092599677956999,7.890897767826279,7.991748332977295,83400,0.0,0.0
2018-01-08 00:00:00-05:00,7.956314848113735,7.986298482708368,7.858189779648805,7.93450927734375,101700,0.0,0.0
2018-01-09 00:00:00-05:00,7.931784640335145,7.948139210109264,7.844562347750002,7.8609161376953125,93000,0.0,0.0
2018-01-10 00:00:00-05:00,7.8391118052531965,7.967218970147668,7.768243298446878,7.9317851066589355,83400,0.0,0.0
2018-01-11 00:00:00-05:00,7.934507144390939,8.17982013952263,7.727354277762885,8.144386291503906,190500,0.0,0.0
2018-01-12 00:00:00-05:00,8.160742198811537,8.427861608188211,8.073519916482198,8.384249687194824,157500,0.0,0.0
2018-01-16 00:00:00-05:00,8.449667632275451,8.844894241640022,8.446942130512019,8.588678359985352,349800,0.0,0.0
2018-01-17 00:00:00-05:00,8.632288686286568,8.847618102407758,8.610482336737102,8.776749610900879,167100,0.0,0.0
2018-01-18 00:00:00-05:00,8.774022859399267,8.866696907421451,8.635012957108854,8.752217292785645,132000,0.0,0.0
2018-01-19 00:00:00-05:00,8.768575442875589,9.073854280114517,8.768575442875589,9.019339561462402,177900,0.0,0.0
2018-01-22 00:00:00-05:00,9.000257850052304,9.185604412433651,8.626836884551755,8.754944801330566,159000,0.0,0.0
2018-01-23 00:00:00-05:00,8.73313961826699,8.793104547604603,8.621385483880408,8.72768783569336,191400,0.0,0.0
2018-01-24 00:00:00-05:00,8.741316032872929,9.272827786494984,8.741316032872929,8.833990097045898,153600,0.0,0.0
2018-01-25 00:00:00-05:00,8.896681306942726,8.926664161218868,8.629562679459426,8.833990097045898,162300,0.0,0.0
2018-01-26 00:00:00-05:00,8.863973617553711,8.913035764757982,8.795831399846103,8.863973617553711,179400,0.0,0.0
2018-01-29 00:00:00-05:00,8.812183869097849,9.00025748475494,8.771299012494207,8.8585205078125,91500,0.0,0.0
2018-01-30 00:00:00-05:00,8.842167935069615,8.953922085171827,8.776751213959026,8.877602577209473,179400,0.0,0.0
2018-01-31 00:00:00-05:00,8.956644902730504,8.986627752544571,8.828537780486029,8.883050918579102,88800,0.0,0.0
2018-02-01 00:00:00-05:00,8.853069121687737,8.90758304129102,8.722235714639861,8.885777473449707,122700,0.0,0.0
2018-02-02 00:00:00-05:00,8.801278363495948,8.885775111376729,8.667719490928528,8.733136177062988,273600,0.0,0.0
2018-02-05 00:00:00-05:00,8.74403788090118,8.749489661141194,8.280670093120563,8.299749374389648,188400,0.0,0.0
2018-02-06 00:00:00-05:00,8.122584229291897,8.3897029045212,7.765517754985208,8.190727233886719,163500,0.0,0.0
2018-02-07 00:00:00-05:00,7.850011912739784,8.321557883653075,7.672841096118515,8.160740852355957,275400,0.0,0.0
2018-02-08 00:00:00-05:00,8.166192068874096,8.343362093405705,7.8663651536711905,7.8881707191467285,204600,0.0,0.0
2018-02-09 00:00:00-05:00,8.019004954021932,8.019004954021932,7.760062887205967,7.806400299072266,293700,0.0,0.0
2018-02-12 00:00:00-05:00,7.833656735159039,7.841834017096117,7.585618235143553,7.661937713623047,242400,0.0,0.0
2018-02-13 00:00:00-05:00,7.5856191730911915,7.648310375979558,7.457511266274607,7.591070175170898,193500,0.0,0.0
2018-02-14 00:00:00-05:00,7.4929460536332,7.642860326948477,7.378466417569134,7.607425689697266,223500,0.0,0.0
2018-02-15 00:00:00-05:00,7.659214600316374,7.719179533612931,7.525654886474971,7.6537628173828125,156900,0.0,0.0
2018-02-16 00:00:00-05:00,7.62105255404904,7.850011783444753,7.591069704981914,7.678292751312256,162300,0.0,0.0
2018-02-20 00:00:00-05:00,7.653533433206506,7.769079521649776,7.5820063265295605,7.63152551651001,136800,0.086667,0.0
2018-02-21 00:00:00-05:00,7.6425286068829905,7.804842967313727,7.535235996844604,7.543489456176758,105900,0.0,0.0
2018-02-22 00:00:00-05:00,7.582006004069814,7.700302191589056,7.3756742180420405,7.604013919830322,268500,0.0,0.0
2018-02-23 00:00:00-05:00,7.648034585594825,7.650785477567717,7.518732430652707,7.617771625518799,128400,0.0,0.0
2018-02-26 00:00:00-05:00,7.634277393985377,7.727814003629512,7.606766904240667,7.681046485900879,91200,0.0,0.0
2018-02-27 00:00:00-05:00,7.6810458767698,7.788338509871083,7.559997212793624,7.565499782562256,99600,0.0,0.0
2018-02-28 00:00:00-05:00,7.582005499144993,7.661786057810423,7.284887243311923,7.326153755187988,156000,0.0,0.0
2018-03-01 00:00:00-05:00,7.353664681871962,7.4334468195355035,7.276634222367825,7.331655979156494,165000,0.0,0.0
2018-03-02 00:00:00-05:00,7.276633621453898,7.562746733127382,7.196852277472099,7.469210147857666,428700,0.0,0.0
2018-03-05 00:00:00-05:00,7.427942869653529,7.648030642993054,7.386676362959046,7.582004547119141,214500,0.0,0.0
2018-03-06 00:00:00-05:00,7.601261994583065,7.692047684730158,7.433445854927759,7.59025764465332,127500,0.0,0.0
2018-03-07 00:00:00-05:00,7.532486163996206,7.670040165749215,7.532486163996206,7.664538383483887,92700,0.0,0.0
2018-03-08 00:00:00-05:00,7.694801242724099,7.821352491422999,7.615020661945228,7.7910895347595215,62100,0.0,0.0
2018-03-09 00:00:00-05:00,7.837858478463426,7.989168536323706,7.793840277235599,7.925893306732178,90000,0.0,0.0
2018-03-12 00:00:00-04:00,7.912135237357857,8.01667616506447,7.862615270586074,7.978161334991455,63600,0.0,0.0
2018-03-13 00:00:00-04:00,8.011175456190756,8.110214615898615,7.945149349718849,7.986415863037109,78300,0.0,0.0
2018-03-14 00:00:00-04:00,8.01942839802889,8.046938880401054,7.846109682967292,7.879122734069824,226500,0.0,0.0
2018-03-15 00:00:00-04:00,7.892880330210779,7.950653782958952,7.692051052829618,7.752575397491455,96000,0.0,0.0
2018-03-16 00:00:00-04:00,7.741567248585866,7.909383379475427,7.675541152456221,7.865365982055664,246000,0.0,0.0
2018-03-19 00:00:00-04:00,7.868118687939929,8.077202161016338,7.78558644228275,7.9093852043151855,117600,0.0,0.0
2018-03-20 00:00:00-04:00,7.923142615728422,8.002923984093602,7.810347398833131,7.8378586769104,97500,0.0,0.0
2018-03-21 00:00:00-04:00,7.835105345638485,7.991917944709352,7.835105345638485,7.87637186050415,50700,0.0,0.0
2018-03-22 00:00:00-04:00,7.785586228544948,7.884625392870638,7.61226749420166,7.61226749420166,107700,0.0,0.0
2018-03-23 00:00:00-04:00,7.650784691695414,7.785587829643069,7.455456426906271,7.480216026306152,91800,0.0,0.0
2018-03-26 00:00:00-04:00,7.590258795858236,7.747071396460559,7.458206576673109,7.6672892570495605,176700,0.0,0.0
2018-03-27 00:00:00-04:00,7.667290362425757,7.777333894278094,7.466461113568599,7.615020275115967,196500,0.0,0.0
2018-03-28 00:00:00-04:00,7.620520757050687,7.725062498805593,7.436198443950962,7.5104780197143555,390300,0.0,0.0
2018-03-29 00:00:00-04:00,7.535237870080494,7.72781365078084,7.331656949472632,7.383927822113037,824100,0.0,0.0
2018-04-02 00:00:00-04:00,7.378424949973551,7.637027624060844,7.301395270522907,7.463708877563477,201600,0.0,0.0
2018-04-03 00:00:00-04:00,7.392178848548508,7.672790146423166,7.243619740945893,7.5379862785339355,136500,0.0,0.0
2018-04-04 00:00:00-04:00,7.4692102761267565,7.813096823882889,7.4692102761267565,7.7580742835998535,167700,0.0,0.0
2018-04-05 00:00:00-04:00,7.7553244237958605,7.9479009791101,7.4967217558755985,7.912137031555176,225300,0.0,0.0
2018-04-06 00:00:00-04:00,7.857115371490916,8.000171163539358,7.766328875177062,7.892878532409668,166500,0.0,0.0
2018-04-09 00:00:00-04:00,7.939646438713594,8.035934703278475,7.799340771729709,7.961655139923096,225600,0.0,0.0
2018-04-10 00:00:00-04:00,8.033184693331078,8.173490389448268,8.000171634661939,8.088207244873047,69900,0.0,0.0
2018-04-11 00:00:00-04:00,8.046939967140938,8.118468647736323,7.978162964828964,8.110215187072754,73800,0.0,0.0
2018-04-12 00:00:00-04:00,8.27528224017316,8.30279351925594,8.112967818737202,8.192749977111816,169500,0.0,0.0
2018-04-13 00:00:00-04:00,8.21475800357182,8.44584944503177,8.126723955823444,8.173491477966309,103500,0.0,0.0
2018-04-16 00:00:00-04:00,8.181743013508791,8.308293452335084,8.181743013508791,8.26152515411377,60300,0.0,0.0
2018-04-17 00:00:00-04:00,8.308293932725691,8.357813912071137,8.201002087148405,8.316547393798828,105600,0.0,0.0
2018-04-18 00:00:00-04:00,8.294535349693453,8.476107484736271,8.15422971630942,8.377067565917969,160800,0.0,0.0
2018-04-19 00:00:00-04:00,8.434845137688734,8.564146486791108,8.434845137688734,8.514626502990723,113100,0.0,0.0
2018-04-20 00:00:00-04:00,8.525627957469691,8.577898815070842,8.374317953036813,8.520125389099121,179700,0.0,0.0
2018-04-23 00:00:00-04:00,8.517375776606672,8.583401884402592,8.401830481510455,8.547637939453125,88200,0.0,0.0
2018-04-24 00:00:00-04:00,8.575148944915787,8.660432074516773,8.404581111527282,8.566895484924316,97200,0.0,0.0
2018-04-25 00:00:00-04:00,8.56964790365883,8.62191877679914,8.487114863216927,8.522879600524902,106500,0.0,0.0
2018-04-26 00:00:00-04:00,8.572397530894305,8.572397530894305,8.454099781452248,8.517374992370605,70500,0.0,0.0
2018-04-27 00:00:00-04:00,8.52012796178141,8.533883993314934,8.379822264630707,8.407334327697754,88500,0.0,0.0
2018-04-30 00:00:00-04:00,8.322048827517717,8.404581860601818,8.239515794433618,8.267027854919434,94500,0.0,0.0
2018-05-01 00:00:00-04:00,8.247767646006418,8.316545422522278,8.033182431528388,8.300039291381836,84000,0.0,0.0
2018-05-02 00:00:00-04:00,8.29178700455093,8.4541005966013,8.29178700455093,8.344057083129883,57000,0.0,0.0
2018-05-03 00:00:00-04:00,8.22025879406706,8.423839699096959,8.22025879406706,8.28903579711914,50400,0.0,0.0
2018-05-04 00:00:00-04:00,8.275281870732849,8.577901991665819,8.275281870732849,8.443098068237305,73500,0.0,0.0
2018-05-07 00:00:00-04:00,8.448597864281966,8.652177947761306,8.352309604050449,8.599907875061035,86400,0.0,0.0
2018-05-08 00:00:00-04:00,8.588906184255578,8.718206747756565,8.484364432300325,8.687945365905762,69300,0.0,0.0
2018-05-09 00:00:00-04:00,9.161132048170243,9.947943605989195,9.161132048170243,9.879166603088379,156300,0.0,0.0
2018-05-10 00:00:00-04:00,9.80763675055723,10.15152329817771,9.510518496356312,10.118510246276855,187500,0.0,0.0
2018-05-11 00:00:00-04:00,10.093751155168643,10.093751155168643,9.873664114409376,9.947943687438965,115200,0.0,0.0
2018-05-14 00:00:00-04:00,9.945192790828663,10.088249367244883,9.793882753615096,9.837900161743164,152700,0.0,0.0
2018-05-15 00:00:00-04:00,9.75536833551589,9.859910086307327,9.604059066665982,9.656329154968262,74700,0.0,0.0
2018-05-16 00:00:00-04:00,9.6535742870947,9.846150785717503,9.601303433229297,9.6865873336792,242700,0.0,0.0
2018-05-17 00:00:00-04:00,9.686591441186238,9.868163667941518,9.58480058073408,9.6095609664917,210000,0.0,0.0
2018-05-18 00:00:00-04:00,9.653576146855597,9.694842659809492,9.513270475068317,9.524274826049805,110700,0.0,0.0
2018-05-21 00:00:00-04:00,9.573794481776684,9.741610631910305,9.573794481776684,9.694842338562012,118500,0.0,0.0
2018-05-22 00:00:00-04:00,9.802931511803779,9.802931511803779,9.622781088807582,9.66435432434082,74400,0.086667,0.0
2018-05-23 00:00:00-04:00,9.614467462291062,9.766902942256422,9.597838641804412,9.603382110595703,83700,0.0,0.0
2018-05-24 00:00:00-04:00,9.608926972400974,9.608926972400974,9.409375547026759,9.456491470336914,149100,0.0,0.0
2018-05-25 00:00:00-04:00,9.401059550358896,9.439860657569458,9.337313231701312,9.417688369750977,76200,0.0,0.0
2018-05-29 00:00:00-04:00,9.38165822474561,9.412145320088339,9.218138189516669,9.304055213928223,129900,0.0,0.0
2018-05-30 00:00:00-04:00,9.304055778344042,9.42323203613628,9.273568681151861,9.387202262878418,197400,0.0,0.0
2018-05-31 00:00:00-04:00,9.35394438242694,9.470349309090203,9.295742315567153,9.370573997497559,118500,0.0,0.0
2018-06-01 00:00:00-04:00,9.42046137740139,9.581210096108569,9.281884157499343,9.511921882629395,252900,0.0,0.0
2018-06-04 00:00:00-04:00,9.50915153407169,10.318440199647107,9.50915153407169,10.046829223632812,297900,0.0,0.0
2018-06-05 00:00:00-04:00,10.060684602711682,10.265778643020322,10.005253095217679,10.207575798034668,124500,0.0,0.0
2018-06-06 00:00:00-04:00,10.265780438221384,10.578963831963023,9.858363623849822,10.16600513458252,271200,0.0,0.0
2018-06-07 00:00:00-04:00,10.163234712722067,10.404358601966191,10.060688053862574,10.129976272583008,161400,0.0,0.0
2018-06-08 00:00:00-04:00,10.127203815103096,10.177091073327354,9.913794919750936,10.03019905090332,127200,0.0,0.0
2018-06-11 00:00:00-04:00,10.041285106937394,10.179861516888147,9.861134663880373,9.958139419555664,157200,0.0,0.0
2018-06-12 00:00:00-04:00,9.988626154911566,9.991398285867794,9.844506269989655,9.911023139953613,70200,0.0,0.0
2018-06-13 00:00:00-04:00,9.789073572594855,9.991397082008726,9.789073572594855,9.905478477478027,125100,0.0,0.0
2018-06-14 00:00:00-04:00,9.922107434262532,9.991396422258841,9.869448057127254,9.98030948638916,103500,0.0,0.0
2018-06-15 00:00:00-04:00,9.947055070829474,9.991400453369225,9.844508405624811,9.883310317993164,180600,0.0,0.0
2018-06-18 00:00:00-04:00,9.866677963168842,9.944280973432798,9.761359195624536,9.891621589660645,95100,0.0,0.0
2018-06-19 00:00:00-04:00,9.833420226045813,9.83896290212795,9.683756870617117,9.719786643981934,104100,0.0,0.0
2018-06-20 00:00:00-04:00,9.747500771925958,9.80847495628696,9.617238390472147,9.728099822998047,149100,0.0,0.0
2018-06-21 00:00:00-04:00,9.753045313786464,9.880536382064442,9.542409344615624,9.625555038452148,169800,0.0,0.0
2018-06-22 00:00:00-04:00,9.653269725272835,9.755816368774594,9.47034872837476,9.617239952087402,210300,0.0,0.0
2018-06-25 00:00:00-04:00,9.542406321394086,9.719783798244919,9.434316240002365,9.656038284301758,124200,0.0,0.0
2018-06-26 00:00:00-04:00,9.672671911213547,9.852822386008297,9.64218560313741,9.758589744567871,54000,0.0,0.0
2018-06-27 00:00:00-04:00,9.686528200240577,9.76967468494952,9.614467860629915,9.620011329650879,171000,0.0,0.0
2018-06-28 00:00:00-04:00,9.620012165325761,9.739188433720862,9.492521882092458,9.678215026855469,123000,0.0,0.0
2018-06-29 00:00:00-04:00,9.689297626637643,9.911021277802169,9.608924081711878,9.653267860412598,100500,0.0,0.0
2018-07-02 00:00:00-04:00,9.617240550857327,9.703158378601074,9.55349501459947,9.703158378601074,63000,0.0,0.0
2018-07-03 00:00:00-04:00,9.722558537164709,9.769675251271373,9.617240549097843,9.636641502380371,65700,0.0,0.0
2018-07-05 00:00:00-04:00,9.694841162341822,9.769672825750444,9.653267927898867,9.755814552307129,76200,0.0,0.0
2018-07-06 00:00:00-04:00,9.753043398437605,9.769673009705308,9.656039447225368,9.692070007324219,79500,0.0,0.0
2018-07-09 00:00:00-04:00,9.703159587233067,9.97199845675031,9.703159587233067,9.944283485412598,144900,0.0,0.0
2018-07-10 00:00:00-04:00,9.963683875197713,10.193722424438706,9.8361935768405,10.049602508544922,127200,0.0,0.0
2018-07-11 00:00:00-04:00,9.9664545838932,10.066229896036825,9.874994079330799,9.938738822937012,69300,0.0,0.0
2018-07-12 00:00:00-04:00,10.008026668788766,10.046827778097418,9.841734501158255,9.924880981445312,43800,0.0,0.0
2018-07-13 00:00:00-04:00,10.093946220037898,10.10226023513919,9.908253069398844,10.021885871887207,36300,0.0,0.0
2018-07-16 00:00:00-04:00,10.02465381619511,10.02465381619511,9.725327195143878,9.780757904052734,89400,0.0,0.0
2018-07-17 00:00:00-04:00,9.772446632385254,9.99139900290948,9.7336455185935,9.772446632385254,78600,0.0,0.0
2018-07-18 00:00:00-04:00,9.819563827331601,9.852822266328284,9.72255905574494,9.783534049987793,31500,0.0,0.0
2018-07-19 00:00:00-04:00,9.758588588000338,9.858363894377177,9.697614393187113,9.72255802154541,64200,0.0,0.0
2018-07-20 00:00:00-04:00,9.744730349859504,9.75027381847836,9.597838343254647,9.725329399108887,95700,0.0,0.0
2018-07-23 00:00:00-04:00,9.717015489265554,10.110573219434038,9.717015489265554,9.897164344787598,119700,0.0,0.0
2018-07-24 00:00:00-04:00,9.924881091941407,9.980311022158423,9.822332866442926,9.866678237915039,42000,0.0,0.0
2018-07-25 00:00:00-04:00,9.863906001772923,10.005254542559829,9.77798897649864,9.958139419555664,49800,0.0,0.0
2018-07-26 00:00:00-04:00,9.955365454156635,10.11611491645588,9.955365454156635,10.060684204101562,36600,0.0,0.0
2018-07-27 00:00:00-04:00,10.057912241540423,10.17154420362432,9.72255506499088,9.780757904052734,86700,0.0,0.0
2018-07-30 00:00:00-04:00,9.863904864618977,9.949823465875394,9.76690170601384,9.825103759765625,89100,0.0,0.0
2018-07-31 00:00:00-04:00,9.89716446202486,10.174318868561556,9.780760340787563,10.157690048217773,136200,0.0,0.0
2018-08-01 00:00:00-04:00,10.166006924885693,10.182635748615471,9.894395138842878,10.10226058959961,57900,0.0,0.0
2018-08-02 00:00:00-04:00,9.991396713461542,10.188175161428987,9.991396713461542,10.185403823852539,50400,0.0,0.0
2018-08-03 00:00:00-04:00,10.182637002396158,10.310127309834815,10.060689372568639,10.246381759643555,62100,0.0,0.0
2018-08-06 00:00:00-04:00,10.235293825291038,10.279637613837801,10.021884932160606,10.254693984985352,129300,0.0,0.0
2018-08-07 00:00:00-04:00,10.24360692174023,10.662109070292413,9.994169069679144,10.487502098083496,177000,0.0,0.0
2018-08-08 00:00:00-04:00,10.947579155703822,11.479714921453851,10.401585906606206,11.108327865600586,385800,0.0,0.0
2018-08-09 00:00:00-04:00,11.158216754424965,11.449228684258658,11.10832870050295,11.26630687713623,137400,0.0,0.0
2018-08-10 00:00:00-04:00,11.221961334899813,11.321736641283929,11.058440495645486,11.16653060913086,83100,0.0,0.0
2018-08-13 00:00:00-04:00,11.169302065657426,11.246905082557104,10.892148433872858,11.174844741821289,98100,0.0,0.0
2018-08-14 00:00:00-04:00,11.086154628435775,11.255218924026046,10.99746626681801,11.141585350036621,108600,0.0,0.0
2018-08-15 00:00:00-04:00,11.12495634847084,11.158214780888576,10.856117551330039,10.997466087341309,75600,0.0,0.0
2018-08-16 00:00:00-04:00,11.08061468467928,11.191476155213929,10.850576935083936,11.100015640258789,138900,0.0,0.0
2018-08-17 00:00:00-04:00,11.152671801260972,11.213645993171612,10.944806391301771,11.052896499633789,100200,0.0,0.0
2018-08-20 00:00:00-04:00,11.069523709349594,11.172071919862397,10.764655172989308,11.127726554870605,118800,0.0,0.0
2018-08-21 00:00:00-04:00,11.141678763974678,11.345321077419312,11.074728325591668,11.17794418334961,121800,0.086667,0.0
2018-08-22 00:00:00-04:00,11.163993575699957,11.29789441889262,11.152835172100568,11.25883960723877,72900,0.0,0.0
2018-08-23 00:00:00-04:00,11.256050080309985,11.398319924143218,11.102622631113803,11.194679260253906,88500,0.0,0.0
2018-08-24 00:00:00-04:00,11.205835914837625,11.258837724487543,11.10541029923673,11.180728912353516,48000,0.0,0.0
2018-08-27 00:00:00-04:00,11.26442029026725,11.353687527638261,11.14725664216177,11.239314079284668,52200,0.0,0.0
2018-08-28 00:00:00-04:00,11.278367171055388,11.403899004895747,11.228153958652083,11.342527389526367,36900,0.0,0.0
2018-08-29 00:00:00-04:00,11.364846001309251,11.367635402966016,11.186311525483289,11.222576141357422,98100,0.0,0.0
2018-08-30 00:00:00-04:00,11.205837962865461,11.29510519304779,11.02172390155841,11.063568115234375,73200,0.0,0.0
2018-08-31 00:00:00-04:00,11.007775055788873,11.423426185753742,10.845978603703307,10.921298027038574,82500,0.0,0.0
2018-09-04 00:00:00-04:00,10.91014028459335,10.926878289954056,10.642338583718264,10.739974021911621,78900,0.0,0.0
2018-09-05 00:00:00-04:00,10.731605461661642,11.049620393617577,10.394063920129229,10.748343467712402,63300,0.0,0.0
2018-09-06 00:00:00-04:00,10.765078893909239,11.16957239269646,10.611651453768877,10.673022270202637,54300,0.0,0.0
2018-09-07 00:00:00-04:00,10.673023487790218,10.673023487790218,10.48054041866624,10.578177452087402,58500,0.0,0.0
2018-09-10 00:00:00-04:00,10.502855977578458,10.751131018751211,10.388481759374978,10.633967399597168,51300,0.0,0.0
2018-09-11 00:00:00-04:00,10.636757085079946,10.792974716056236,10.488907657179189,10.600492477416992,69600,0.0,0.0
2018-09-12 00:00:00-04:00,10.608864687913199,10.608864687913199,10.321534746378347,10.371747970581055,70200,0.0,0.0
2018-09-13 00:00:00-04:00,10.433116399854812,10.435905800868127,10.207158157426939,10.288056373596191,55200,0.0,0.0
2018-09-14 00:00:00-04:00,10.276898319151512,10.491698166682038,10.18763109881007,10.293636322021484,72900,0.0,0.0
2018-09-17 00:00:00-04:00,10.257371777655726,10.857136117616585,10.028623326927413,10.179262161254883,139200,0.0,0.0
2018-09-18 00:00:00-04:00,10.207159786546502,10.408011855687903,10.048152729842899,10.084417343139648,80700,0.0,0.0
2018-09-19 00:00:00-04:00,10.098366247939857,10.555860859535862,10.009099006652832,10.009099006652832,121800,0.0,0.0
2018-09-20 00:00:00-04:00,10.009098412168708,10.240635505032953,9.79429852699564,9.958885192871094,84000,0.0,0.0
2018-09-21 00:00:00-04:00,9.947726796900167,10.24063469219902,9.88914457935081,9.903092384338379,254400,0.0,0.0
2018-09-24 00:00:00-04:00,9.858462536458715,9.858462536458715,9.579502339566597,9.624135971069336,335700,0.0,0.0
2018-09-25 00:00:00-04:00,9.663188113317826,9.771982759411358,9.459546627572681,9.470705032348633,141300,0.0,0.0
2018-09-26 00:00:00-04:00,9.46791292458672,10.449853943212688,9.334012094259153,9.373066902160645,141600,0.0,0.0
2018-09-27 00:00:00-04:00,9.395385202979353,9.49581083318211,9.286590570731708,9.467913627624512,66600,0.0,0.0
2018-09-28 00:00:00-04:00,9.445599539692168,10.120683479049312,9.35912169657185,10.115104675292969,187500,0.0,0.0
2018-10-01 00:00:00-04:00,10.148579466746538,10.156948470142355,9.710611465747894,9.732928276062012,155100,0.0,0.0
2018-10-02 00:00:00-04:00,9.730138454603884,9.956095949759927,9.640871217197835,9.785929679870605,138900,0.0,0.0
2018-10-03 00:00:00-04:00,9.816612625607629,9.942145240135867,9.490229583680229,9.841719627380371,83100,0.0,0.0
2018-10-04 00:00:00-04:00,9.844512343263027,9.958885796776455,9.576709820956314,9.677135467529297,36600,0.0,0.0
2018-10-05 00:00:00-04:00,9.679924825696803,9.679924825696803,9.361910704924409,9.540444374084473,56700,0.0,0.0
2018-10-08 00:00:00-04:00,9.532077049311901,9.63529209820217,9.334014358761001,9.440019607543945,63300,0.0,0.0
2018-10-09 00:00:00-04:00,9.440016901843524,9.596235328461992,9.32285407951951,9.384224891662598,73800,0.0,0.0
2018-10-10 00:00:00-04:00,9.359119811781628,9.665976303723578,9.085738529972692,9.133161544799805,112800,0.0,0.0
2018-10-11 00:00:00-04:00,9.10526722363785,9.161059248419742,8.851413311352214,8.862571716308594,126300,0.0,0.0
2018-10-12 00:00:00-04:00,8.996471826606355,8.996471826606355,8.644981700694634,8.672877311706543,57000,0.0,0.0
2018-10-15 00:00:00-04:00,8.670087526270366,8.887676794220097,8.63661231567133,8.66171932220459,35100,0.0,0.0
2018-10-16 00:00:00-04:00,8.70077438417813,8.745408003689663,8.647771761480167,8.706353187561035,103200,0.0,0.0
2018-10-17 00:00:00-04:00,8.717509836607281,9.027155680780506,8.717509836607281,8.965784072875977,87300,0.0,0.0
2018-10-18 00:00:00-04:00,8.926735420524883,8.968579651184006,8.591983171476532,8.700777053833008,54300,0.0,0.0
2018-10-19 00:00:00-04:00,8.697986253041956,8.697986253041956,8.41065708593694,8.513872146606445,121500,0.0,0.0
2018-10-22 00:00:00-04:00,8.525026647019928,8.642189451644423,8.382756843022971,8.552922248840332,255300,0.0,0.0
2018-10-23 00:00:00-04:00,8.435758852533553,8.619872861878276,8.198643038810719,8.304647445678711,177600,0.0,0.0
2018-10-24 00:00:00-04:00,8.301859732744283,8.396705758270055,8.056374869120964,8.084270477294922,115500,0.0,0.0
2018-10-25 00:00:00-04:00,8.128906069020804,8.536188272845404,8.128906069020804,8.460868835449219,111900,0.0,0.0
2018-10-26 00:00:00-04:00,8.349281881072905,8.40786328506277,8.154008672179222,8.324174880981445,115500,0.0,0.0
2018-10-29 00:00:00-04:00,8.42181351943949,8.446920529163704,7.972687919682532,8.095430374145508,152700,0.0,0.0
2018-10-30 00:00:00-04:00,8.0926402305399,8.282333097319787,8.003372201002067,8.176328659057617,114300,0.0,0.0
2018-10-31 00:00:00-04:00,8.246069295006535,8.271175506786015,8.073113618054379,8.134485244750977,69600,0.0,0.0
2018-11-01 00:00:00-04:00,8.229332743753071,8.575244158831119,8.229332743753071,8.285124778747559,169500,0.0,0.0
2018-11-02 00:00:00-04:00,8.304651146988443,8.547346668246197,8.145643268650392,8.240490913391113,260400,0.0,0.0
2018-11-05 00:00:00-05:00,8.265595620252862,8.533397305774997,8.140063779692355,8.368810653686523,406500,0.0,0.0
2018-11-06 00:00:00-05:00,8.368813734164464,9.21406411286202,8.368813734164464,9.166640281677246,111000,0.0,0.0
2018-11-07 00:00:00-05:00,9.172216355677637,9.311696796954514,8.879307668429785,9.133161544799805,49500,0.0,0.0
2018-11-08 00:00:00-05:00,9.130372202938533,9.322855261040752,8.949047548286647,9.172216415405273,45600,0.0,0.0
2018-11-09 00:00:00-05:00,9.041105741443609,9.22521901491915,8.918363293089234,9.069002151489258,87600,0.0,0.0
2018-11-12 00:00:00-05:00,9.066211204791818,9.066211204791818,8.803989122151215,8.837464332580566,104700,0.0,0.0
2018-11-13 00:00:00-05:00,8.826307099728382,8.996472575785138,8.67566823376123,8.862571716308594,61800,0.0,0.0
2018-11-14 00:00:00-05:00,8.9406794105299,9.057842248570541,8.5975575042498,8.66171932220459,69600,0.0,0.0
2018-11-15 00:00:00-05:00,8.60034903126768,9.200113513274786,8.572452619073067,8.94904899597168,62400,0.0,0.0
2018-11-16 00:00:00-05:00,8.926731234006532,9.214060312547593,8.90162502663046,9.08852767944336,108600,0.0,0.0
2018-11-19 00:00:00-05:00,9.127582822968282,9.127582822968282,8.792830718674765,8.837464332580566,39900,0.0,0.0
2018-11-20 00:00:00-05:00,8.699644599393908,8.843090951363555,8.443690026623795,8.716520309448242,65400,0.086667,0.0
2018-11-21 00:00:00-05:00,8.471813438048835,8.865590057746509,8.471813438048835,8.63494873046875,53400,0.0,0.0
2018-11-23 00:00:00-05:00,8.609635833762066,8.612449122038866,8.288989371094631,8.3649320602417,28500,0.0,0.0
2018-11-26 00:00:00-05:00,8.367747570929936,8.5646351526325,8.331182056066949,8.3958740234375,71700,0.0,0.0
2018-11-27 00:00:00-05:00,8.145543392679608,8.378997264759281,8.145543392679608,8.314305305480957,51000,0.0,0.0
2018-11-28 00:00:00-05:00,8.317118644485394,8.533695220947266,8.213048680263364,8.533695220947266,130200,0.0,0.0
2018-11-29 00:00:00-05:00,8.466189997577654,8.609637142275483,8.440876032253462,8.488692283630371,44700,0.0,0.0
2018-11-30 00:00:00-05:00,8.491505263129236,8.696832720016415,8.491505263129236,8.598387718200684,83400,0.0,0.0
2018-12-03 00:00:00-05:00,8.733396338305159,8.972474383002455,8.179295936667177,8.654641151428223,73800,0.0,0.0
2018-12-04 00:00:00-05:00,8.654640051766018,8.654640051766018,7.926153659820557,7.926153659820557,154500,0.0,0.0
2018-12-06 00:00:00-05:00,7.8923997994363,8.547755845606861,7.718012970283044,7.8473968505859375,89700,0.0,0.0
2018-12-07 00:00:00-05:00,7.847397640692967,8.083663145945517,7.585817370626145,7.763016700744629,107400,0.0,0.0
2018-12-10 00:00:00-05:00,7.670199119389883,7.985219826278593,7.602694682199446,7.7489542961120605,42600,0.0,0.0
2018-12-11 00:00:00-05:00,7.898024454661396,8.021783363842488,7.678635490013485,7.7264509201049805,85200,0.0,0.0
2018-12-12 00:00:00-05:00,7.16672831146741,7.622383715217001,7.037345194912041,7.242671012878418,305100,0.0,0.0
2018-12-13 00:00:00-05:00,7.327050210257326,7.327050210257326,6.539497740544054,7.166726589202881,232800,0.0,0.0
2018-12-14 00:00:00-05:00,7.166727591161014,7.400181444676064,6.916398835254052,6.969840049743652,118800,0.0,0.0
2018-12-17 00:00:00-05:00,6.891085686034558,7.104849764521002,6.820767951416139,6.8629584312438965,312300,0.0,0.0
2018-12-18 00:00:00-05:00,6.933274735962933,7.470497707806024,6.933274735962933,7.192040920257568,168600,0.0,0.0
2018-12-19 00:00:00-05:00,7.206106876930031,7.248297359355294,6.983904527854597,7.014843463897705,145500,0.0,0.0
2018-12-20 00:00:00-05:00,6.992341069014466,7.237044841358687,6.826392468999256,6.9248366355896,110400,0.0,0.0
2018-12-21 00:00:00-05:00,6.927650433655549,7.147040286273665,6.730762465473607,6.795454025268555,425400,0.0,0.0
2018-12-24 00:00:00-05:00,6.736387285461768,7.428308648855331,6.342611357759349,6.471994876861572,65100,0.0,0.0
2018-12-26 00:00:00-05:00,6.516996778699761,6.753262713789286,6.4016773007848435,6.705447673797607,98100,0.0,0.0
2018-12-27 00:00:00-05:00,6.5845007101397455,6.936087303174526,6.5845007101397455,6.86014461517334,93300,0.0,0.0
2018-12-28 00:00:00-05:00,6.854520793487279,7.298925504419857,6.854520793487279,7.079536437988281,134100,0.0,0.0
2018-12-31 00:00:00-05:00,7.082347992998041,7.1498524360758005,6.893897888226851,7.03453254699707,146400,0.0,0.0
2019-01-02 00:00:00-05:00,7.014841694509833,7.55487796296087,7.014841694509833,7.526751518249512,143700,0.0,0.0
2019-01-03 00:00:00-05:00,7.501439724805325,7.591445661437373,6.919212816321077,7.267985820770264,236400,0.0,0.0
2019-01-04 00:00:00-05:00,7.301737423704088,7.734892163844959,7.301737423704088,7.678638458251953,151800,0.0,0.0
2019-01-07 00:00:00-05:00,7.67582480447586,7.999282958808326,7.6364468142031035,7.84458589553833,101100,0.0,0.0
2019-01-08 00:00:00-05:00,7.9317770502296066,8.13991609293381,7.87552336364958,8.108976364135742,64200,0.0,0.0
2019-01-09 00:00:00-05:00,8.14554324707302,8.333994153628042,8.14554324707302,8.229924201965332,105900,0.0,0.0
2019-01-10 00:00:00-05:00,8.114603637685223,8.207422841266208,7.940216774638848,7.951467514038086,114900,0.0,0.0
2019-01-11 00:00:00-05:00,7.920526796957673,8.176480456997043,7.892399552448321,8.078036308288574,143700,0.0,0.0
2019-01-14 00:00:00-05:00,8.13429401907576,8.241176463941827,7.945843900843378,8.156795501708984,81300,0.0,0.0
2019-01-15 00:00:00-05:00,8.145541855715777,8.145541855715777,7.869899166879038,7.8952131271362305,91800,0.0,0.0
2019-01-16 00:00:00-05:00,7.892401353615161,8.125854397927254,7.805207921868322,7.906464576721191,102300,0.0,0.0
2019-01-17 00:00:00-05:00,7.861463126912534,8.21867437345022,7.729266712096774,8.142731666564941,90000,0.0,0.0
2019-01-18 00:00:00-05:00,8.165232753448917,8.345244592348942,8.15398120880127,8.15398120880127,66900,0.0,0.0
2019-01-22 00:00:00-05:00,8.151169719227639,8.213048394038909,7.763018741896966,7.931779861450195,58800,0.0,0.0
2019-01-23 00:00:00-05:00,7.954282375934928,7.954282375934928,7.805209445868262,7.881152153015137,32400,0.0,0.0
2019-01-24 00:00:00-05:00,7.768644219418274,7.895214853089822,7.765830930662022,7.886777400970459,35100,0.0,0.0
2019-01-25 00:00:00-05:00,7.847398379210281,7.993657991464422,7.830521867745856,7.84458589553833,33900,0.0,0.0
2019-01-28 00:00:00-05:00,7.7686457199165115,7.7686457199165115,7.400183683893319,7.642075061798096,65100,0.0,0.0
2019-01-29 00:00:00-05:00,7.644885528508926,7.7714561532189474,7.644885528508926,7.667387008666992,43500,0.0,0.0
2019-01-30 00:00:00-05:00,7.743326519496113,7.743326519496113,7.636444130362359,7.698322772979736,37500,0.0,0.0
2019-01-31 00:00:00-05:00,7.703951993964419,7.895214582289699,7.6589490320055305,7.8502116203308105,45000,0.0,0.0
2019-02-01 00:00:00-05:00,7.881149624910544,7.881149624910544,7.622381845829632,7.729264259338379,29700,0.0,0.0
2019-02-04 00:00:00-05:00,7.732077478245909,8.142729857249687,7.732077478245909,8.139917373657227,56700,0.0,0.0
2019-02-05 00:00:00-05:00,8.072415351867676,8.151170549009727,7.734893078401744,8.072415351867676,65400,0.0,0.0
2019-02-06 00:00:00-05:00,7.9317786905391845,8.78964899654745,7.9317786905391845,8.612449645996094,131100,0.0,0.0
2019-02-07 00:00:00-05:00,8.494317150453625,8.758709955364555,8.440875931737265,8.753084182739258,120600,0.0,0.0
2019-02-08 00:00:00-05:00,8.694017307226455,8.694017307226455,7.889589020416403,8.612449645996094,154800,0.0,0.0
2019-02-11 00:00:00-05:00,8.615263634972688,8.716520309448242,8.485880508834404,8.716520309448242,81900,0.0,0.0
2019-02-12 00:00:00-05:00,8.719330685934482,8.859965324401855,8.556195374405954,8.859965324401855,86400,0.0,0.0
2019-02-13 00:00:00-05:00,8.834654071505435,9.056855629140687,8.784025328626793,9.000602722167969,69000,0.0,0.0
2019-02-14 00:00:00-05:00,8.924658935385569,9.284682646838291,8.924658935385569,9.132797241210938,86700,0.0,0.0
2019-02-15 00:00:00-05:00,9.158110943834151,9.419690439998952,9.135609464492742,9.273430824279785,84000,0.0,0.0
2019-02-19 00:00:00-05:00,9.202554517378132,9.602296033321416,9.202554517378132,9.534255027770996,94500,0.086667,0.0
2019-02-20 00:00:00-05:00,9.531420819552347,9.789409852119277,9.500235153832648,9.514410972595215,140700,0.0,0.0
2019-02-21 00:00:00-05:00,9.517245571892795,9.517245571892795,9.267761853390027,9.432194709777832,57900,0.0,0.0
2019-02-22 00:00:00-05:00,9.573947554670308,9.590957403228328,9.409513881561093,9.480390548706055,47400,0.0,0.0
2019-02-25 00:00:00-05:00,9.582453236731313,9.582453236731313,9.46905072735358,9.51724624633789,78300,0.0,0.0
2019-02-26 00:00:00-05:00,9.352810413068738,9.627809217547648,9.307448940965283,9.321624755859375,62100,0.0,0.0
2019-02-27 00:00:00-05:00,9.29894549456386,9.344306160770321,9.106162663186407,9.236574172973633,71100,0.0,0.0
2019-02-28 00:00:00-05:00,9.270596481907917,9.341472333909696,9.091988621084123,9.09765911102295,43200,0.0,0.0
2019-03-01 00:00:00-05:00,9.026781032737617,9.196883537541831,8.83399900507223,8.853843688964844,115800,0.0,0.0
2019-03-04 00:00:00-05:00,8.896369212618312,8.975750378802564,8.510803548294806,8.530648231506348,154200,0.0,0.0
2019-03-05 00:00:00-05:00,8.530648851515133,8.893535020130454,8.451268490674202,8.706421852111816,109500,0.0,0.0
2019-03-06 00:00:00-05:00,8.782970373702375,8.782970373702375,8.17910569966576,8.23013687133789,99900,0.0,0.0
2019-03-07 00:00:00-05:00,8.266992075914313,8.266992075914313,8.048693194161075,8.057198524475098,231000,0.0,0.0
2019-03-08 00:00:00-05:00,8.023175338638376,8.697916448123703,7.83889783959696,8.644049644470215,135900,0.0,0.0
2019-03-11 00:00:00-04:00,8.644049953325412,8.644049953325412,8.31801995875573,8.34070110321045,107400,0.0,0.0
2019-03-12 00:00:00-04:00,8.391735102492547,8.522147481563485,8.187612013513471,8.190446853637695,74400,0.0,0.0
2019-03-13 00:00:00-04:00,8.215962036981816,8.349209256176977,8.16209683016935,8.190446853637695,69000,0.0,0.0
2019-03-14 00:00:00-04:00,8.207454990197363,8.479619863068695,8.082713128558074,8.111063957214355,85200,0.0,0.0
2019-03-15 00:00:00-04:00,8.111063656924992,8.403073206820714,7.887094308837001,8.264156341552734,330600,0.0,0.0
2019-03-18 00:00:00-04:00,8.295340894621678,8.408743389795335,7.994826026304062,8.360547065734863,78000,0.0,0.0
2019-03-19 00:00:00-04:00,8.323689803717064,8.422915646077637,8.150751667028352,8.16492748260498,55200,0.0,0.0
2019-03-20 00:00:00-04:00,8.179103062316686,8.55332937094195,8.040185413238863,8.335030555725098,95100,0.0,0.0
2019-03-21 00:00:00-04:00,8.323690560965858,8.627040226323308,8.323690560965858,8.422916412353516,64200,0.0,0.0
2019-03-22 00:00:00-04:00,8.377557183831904,8.445598189882064,7.943795161927552,7.946630001068115,87300,0.0,0.0
2019-03-25 00:00:00-04:00,8.023177953984746,8.040187803371907,7.841735234586032,7.8502397537231445,48900,0.0,0.0
2019-03-26 00:00:00-04:00,7.929619754474934,8.221630101113716,7.895599249688787,7.989156246185303,49200,0.0,0.0
2019-03-27 00:00:00-04:00,7.986322445704629,8.102558982731688,7.952301936493325,7.983487606048584,114900,0.0,0.0
2019-03-28 00:00:00-04:00,8.003327805366746,8.099718788506085,7.836060192793373,8.006162643432617,59100,0.0,0.0
2019-03-29 00:00:00-04:00,8.037350347987815,8.142246683224545,7.430651046885849,7.527042865753174,182700,0.0,0.0
2019-04-01 00:00:00-04:00,7.609260783744217,7.68580712812477,7.507199261607771,7.682971477508545,205500,0.0,0.0
2019-04-02 00:00:00-04:00,7.685806054162896,7.838898721531882,7.57523921785338,7.796372890472412,102600,0.0,0.0
2019-04-03 00:00:00-04:00,7.8530735640438385,8.139413426395812,7.8530735640438385,8.125238418579102,100500,0.0,0.0
2019-04-04 00:00:00-04:00,8.085546322048938,8.210287334667223,8.003329511709987,8.16492748260498,69900,0.0,0.0
2019-04-05 00:00:00-04:00,8.179103616745882,8.434257787902151,8.1705982884477,8.28116512298584,56100,0.0,0.0
2019-04-08 00:00:00-04:00,8.269826512072509,8.479620053273598,8.207455174297381,8.272662162780762,48900,0.0,0.0
2019-04-09 00:00:00-04:00,8.244310578138972,8.27549624723747,8.122404363585316,8.221631050109863,129000,0.0,0.0
2019-04-10 00:00:00-04:00,8.224463154314757,8.465441474772431,8.224463154314757,8.400236129760742,121200,0.0,0.0
2019-04-11 00:00:00-04:00,8.45694030750646,8.544827649572762,8.420084953308105,8.420084953308105,22800,0.0,0.0
2019-04-12 00:00:00-04:00,8.502297139568741,8.587348783794575,8.38605983838593,8.55899715423584,94500,0.0,0.0
2019-04-15 00:00:00-04:00,8.496630727238921,8.675238616900685,8.456939724597204,8.473950386047363,25500,0.0,0.0
2019-04-16 00:00:00-04:00,8.556167695791746,8.556167695791746,8.40874547004176,8.493796348571777,35700,0.0,0.0
2019-04-17 00:00:00-04:00,8.524977742651124,8.743276557992337,8.51363838716607,8.530648231506348,128100,0.0,0.0
2019-04-18 00:00:00-04:00,8.527814893074703,8.729103088378906,8.527814893074703,8.729103088378906,40500,0.0,0.0
2019-04-22 00:00:00-04:00,8.683739937988248,8.723430922303017,8.50229729223527,8.587348937988281,29100,0.0,0.0
2019-04-23 00:00:00-04:00,8.624206897238848,8.746113103619466,8.53348473564022,8.689413070678711,32100,0.0,0.0
2019-04-24 00:00:00-04:00,8.459773239085102,8.729102425494645,8.459773239085102,8.604360580444336,50400,0.0,0.0
2019-04-25 00:00:00-04:00,8.581682561622566,8.581682561622566,8.386064007106025,8.41724967956543,27300,0.0,0.0
2019-04-26 00:00:00-04:00,8.377557046343753,8.519309545511604,8.329360726181283,8.431422233581543,39000,0.0,0.0
2019-04-29 00:00:00-04:00,8.524981032350487,8.666733575079508,8.252816928979255,8.561837196350098,50100,0.0,0.0
2019-04-30 00:00:00-04:00,8.468277289477088,8.539153124325075,8.207452659900204,8.29250431060791,92100,0.0,0.0
2019-05-01 00:00:00-04:00,8.346371027261997,8.391732510805488,8.071372153429145,8.266990661621094,153900,0.0,0.0
2019-05-02 00:00:00-04:00,8.26132065837846,8.349207169165252,8.122403793659243,8.218794822692871,107400,0.0,0.0
2019-05-03 00:00:00-04:00,8.284001873866007,8.476785574590146,8.261321533911747,8.45410442352295,85800,0.0,0.0
2019-05-06 00:00:00-04:00,8.394566641230847,8.652555646674426,8.388896152099417,8.573174476623535,49800,0.0,0.0
2019-05-07 00:00:00-04:00,8.479616390833081,8.584512710571289,8.411575403254913,8.584512710571289,42600,0.0,0.0
2019-05-08 00:00:00-04:00,9.525749615890788,10.041728453465993,9.307450783326729,9.792243957519531,299700,0.0,0.0
2019-05-09 00:00:00-04:00,9.888634976795169,9.894304654520614,9.576779990740338,9.724202156066895,150000,0.0,0.0
2019-05-10 00:00:00-04:00,9.70152577181019,10.155132618987766,9.568278557673521,10.058741569519043,322800,0.0,0.0
2019-05-13 00:00:00-04:00,9.86311978194078,10.260024799633332,9.840438637753502,10.194819450378418,104100,0.0,0.0
2019-05-14 00:00:00-04:00,10.234511484620972,10.32806848386285,10.030388449914247,10.1891508102417,89100,0.0,0.0
2019-05-15 00:00:00-04:00,10.121106091749393,10.6484249549436,10.072910595651551,10.183477401733398,111300,0.0,0.0
2019-05-16 00:00:00-04:00,10.203327649087305,10.489666731946295,10.203327649087305,10.367759704589844,101400,0.0,0.0
2019-05-17 00:00:00-04:00,10.294047534811762,10.444304559444753,10.115439684356106,10.157964706420898,66300,0.0,0.0
2019-05-20 00:00:00-04:00,10.149458742323969,10.427293226896856,10.044562405065282,10.245850563049316,90600,0.0,0.0
2019-05-21 00:00:00-04:00,10.325810137230707,10.642780429144599,10.1658973002099,10.345799446105957,110400,0.086667,0.0
2019-05-22 00:00:00-04:00,10.348650828981805,10.608509292965568,10.348650828981805,10.53711986541748,62700,0.0,0.0
2019-05-23 00:00:00-04:00,10.465731472511454,10.465731472511454,10.020259309076904,10.228716850280762,136500,0.0,0.0
2019-05-24 00:00:00-04:00,10.234430412035202,10.391487852177974,10.108784623319087,10.288686752319336,64800,0.0,0.0
2019-05-28 00:00:00-04:00,10.360076363292242,10.360076363292242,9.99456133583801,10.100217819213867,127800,0.0,0.0
2019-05-29 00:00:00-04:00,10.045960096487352,10.171605042686526,9.863201805766783,9.883191108703613,223800,0.0,0.0
2019-05-30 00:00:00-04:00,9.940301851949277,10.251561256850033,9.914600971964164,10.180171012878418,132300,0.0,0.0
2019-05-31 00:00:00-04:00,10.031683390586275,10.168751520949355,9.783247200055568,9.828936576843262,116400,0.0,0.0
2019-06-03 00:00:00-04:00,9.888906619859169,10.094508876534697,9.786105491521404,10.003130912780762,146400,0.0,0.0
2019-06-04 00:00:00-04:00,10.123061494545018,10.254418852875428,9.994560334823428,10.160183906555176,115200,0.0,0.0
2019-06-05 00:00:00-04:00,10.314384680835975,10.639921837939262,10.11734948461023,10.422897338867188,156600,0.0,0.0
2019-06-06 00:00:00-04:00,10.428607088005851,10.522841196566622,10.17731558718362,10.240138053894043,69600,0.0,0.0
2019-06-07 00:00:00-04:00,10.280117203613903,10.634209791826832,10.237283218534117,10.385773658752441,102900,0.0,0.0
2019-06-10 00:00:00-04:00,10.340086893753396,10.53712294789201,10.242997374604384,10.288686752319336,86100,0.0,0.0
2019-06-11 00:00:00-04:00,10.311532918924923,10.348655339390714,10.145908492477293,10.308676719665527,107100,0.0,0.0
2019-06-12 00:00:00-04:00,10.685614037126834,10.685614037126834,10.200163962622302,10.248708724975586,76800,0.0,0.0
2019-06-13 00:00:00-04:00,10.308673303663463,10.397197477576348,10.040248668563692,10.342940330505371,186000,0.0,0.0
2019-06-14 00:00:00-04:00,10.268696015540181,10.597088576389663,10.140194862856612,10.494287490844727,75000,0.0,0.0
2019-06-17 00:00:00-04:00,10.468587552990517,10.522843069399807,10.365786466176013,10.480009078979492,111300,0.0,0.0
2019-06-18 00:00:00-04:00,10.522843605609005,10.622789316019167,10.4228987121893,10.451454162597656,98400,0.0,0.0
2019-06-19 00:00:00-04:00,10.451452785513075,10.631354877149358,10.322951641625881,10.422897338867188,90300,0.0,0.0
2019-06-20 00:00:00-04:00,10.537120615376889,10.691321822535343,10.445741063184403,10.665621757507324,79500,0.0,0.0
2019-06-21 00:00:00-04:00,10.577100615461607,10.665623164120545,10.445742440799117,10.639923095703125,188700,0.0,0.0
2019-06-24 00:00:00-04:00,10.662767921959375,10.722735838371515,10.471443463147816,10.57710075378418,121200,0.0,0.0
2019-06-25 00:00:00-04:00,10.565678890208176,10.58281281614073,10.282975648245447,10.440033912658691,223500,0.0,0.0
2019-06-26 00:00:00-04:00,10.417186968059928,10.654201614469716,10.400053861482494,10.58281135559082,85200,0.0,0.0
2019-06-27 00:00:00-04:00,10.582812196689835,10.691324058945721,10.442887866399433,10.654202461242676,180900,0.0,0.0
2019-06-28 00:00:00-04:00,10.631354696124538,10.851235389709473,10.631354696124538,10.851235389709473,464100,0.0,0.0
2019-07-01 00:00:00-04:00,10.851235181518692,10.956891637466862,10.745577908580204,10.868369102478027,195900,0.0,0.0
2019-07-02 00:00:00-04:00,10.771282603481385,10.962607929484504,10.59423664040334,10.75700569152832,107400,0.0,0.0
2019-07-03 00:00:00-04:00,10.717023262854568,10.859802952541166,10.565676612048888,10.631355285644531,69600,0.0,0.0
2019-07-05 00:00:00-04:00,10.588523570511652,10.608512878417969,10.354365907576712,10.608512878417969,46500,0.0,0.0
2019-07-08 00:00:00-04:00,10.542834140291392,10.685613031896569,10.465733113989543,10.605656623840332,101400,0.0,0.0
2019-07-09 00:00:00-04:00,10.542836331328138,10.61422579196705,10.497146128810071,10.58566951751709,90300,0.0,0.0
2019-07-10 00:00:00-04:00,10.637068428830633,10.637068428830633,10.405765346560687,10.417187690734863,94800,0.0,0.0
2019-07-11 00:00:00-04:00,10.454307813701314,10.528553443055719,10.322951292983968,10.328662872314453,73500,0.0,0.0
2019-07-12 00:00:00-04:00,10.285832163028605,10.448600379432499,10.285832163028605,10.41433334350586,133500,0.0,0.0
2019-07-15 00:00:00-04:00,10.42004215035192,10.42004215035192,10.314385680339063,10.362931251525879,68700,0.0,0.0
2019-07-16 00:00:00-04:00,10.365787834881157,10.462877354530521,10.274408261989812,10.46002197265625,152100,0.0,0.0
2019-07-17 00:00:00-04:00,10.420043241332426,10.460021855084936,10.34008683081792,10.348653793334961,113100,0.0,0.0
2019-07-18 00:00:00-04:00,10.34865482823368,10.405766555741112,10.23728675534654,10.345799446105957,106200,0.0,0.0
2019-07-19 00:00:00-04:00,10.294398561989006,10.614224213106976,10.294398561989006,10.511423110961914,232800,0.0,0.0
2019-07-22 00:00:00-04:00,10.502858275169142,10.662771133112583,10.502858275169142,10.551403045654297,97200,0.0,0.0
2019-07-23 00:00:00-04:00,10.582813088824349,10.69132496022782,10.385777020475775,10.651347160339355,62700,0.0,0.0
2019-07-24 00:00:00-04:00,10.6513465346677,10.825537902279082,10.619934882820834,10.745580673217773,134100,0.0,0.0
2019-07-25 00:00:00-04:00,10.751292147732523,10.822681596413865,10.61993477784795,10.75414752960205,70500,0.0,0.0
2019-07-26 00:00:00-04:00,10.72273645305979,10.82553755095744,10.631356882382486,10.762713432312012,74700,0.0,0.0
2019-07-29 00:00:00-04:00,10.851238490738663,10.851238490738663,10.65705780660321,10.722737312316895,81900,0.0,0.0
2019-07-30 00:00:00-04:00,10.648492562222549,10.814116172081839,10.397200948167281,10.776993751525879,139800,0.0,0.0
2019-07-31 00:00:00-04:00,10.782702097302279,10.948325657459831,10.5599660068258,10.562821388244629,148200,0.0,0.0
2019-08-01 00:00:00-04:00,10.771279233449128,10.785557774916175,10.42289818107296,10.480009078979492,99000,0.0,0.0
2019-08-02 00:00:00-04:00,10.44003357148986,10.619934885959387,10.211585862801016,10.394343376159668,133200,0.0,0.0
2019-08-05 00:00:00-04:00,10.262986555387402,10.262986555387402,9.803236548443213,9.89461612701416,103500,0.0,0.0
2019-08-06 00:00:00-04:00,9.923168607738118,10.151616260218447,9.828934492346074,9.903180122375488,157200,0.0,0.0
2019-08-07 00:00:00-04:00,10.4628766148373,10.776991474534686,9.926026461873619,10.73701286315918,367800,0.0,0.0
2019-08-08 00:00:00-04:00,10.779847345121027,11.142507794649855,10.77699196331912,10.888360023498535,234900,0.0,0.0
2019-08-09 00:00:00-04:00,10.825539696647736,10.856950536710524,10.519990907207665,10.816972732543945,134100,0.0,0.0
2019-08-12 00:00:00-04:00,10.859805494208317,10.882649367555024,10.71417038906053,10.774137496948242,151500,0.0,0.0
2019-08-13 00:00:00-04:00,10.80269168809669,11.03970634386742,10.76556927488739,10.905492782592773,170100,0.0,0.0
2019-08-14 00:00:00-04:00,10.725588901853154,10.737010425950182,10.308672226681098,10.53711986541748,115500,0.0,0.0
2019-08-15 00:00:00-04:00,10.525699638681967,10.719879476172064,10.374352976130679,10.58281135559082,107400,0.0,0.0
2019-08-16 00:00:00-04:00,10.668477569714662,10.85694662717794,10.668477569714662,10.81982421875,110700,0.0,0.0
2019-08-19 00:00:00-04:00,10.9654603866335,10.9654603866335,10.768424348412204,10.805546760559082,112500,0.0,0.0
2019-08-20 00:00:00-04:00,10.77391911483001,10.77391911483001,10.466257241966824,10.503637313842773,124800,0.086667,0.0
2019-08-21 00:00:00-04:00,10.57839748878556,10.874558037848074,10.480635410710057,10.771045684814453,252000,0.0,0.0
2019-08-22 00:00:00-04:00,10.736539501663252,10.914810330715364,10.618650661270491,10.696284294128418,184500,0.0,0.0
2019-08-23 00:00:00-04:00,10.658907545908718,10.736542019616518,10.195976663905233,10.29948902130127,132600,0.0,0.0
2019-08-26 00:00:00-04:00,10.379995765155355,10.405873641694878,10.193098710481014,10.322489738464355,160200,0.0,0.0
2019-08-27 00:00:00-04:00,10.33111526299378,10.523762578067887,10.170095273259216,10.204599380493164,111900,0.0,0.0
2019-08-28 00:00:00-04:00,10.193099249773596,10.402999877929688,10.092462052454144,10.402999877929688,279600,0.0,0.0
2019-08-29 00:00:00-04:00,10.449003654974797,10.681907004417344,10.423125779251016,10.538140296936035,215700,0.0,0.0
2019-08-30 00:00:00-04:00,10.48926091151618,10.630152509843974,10.342618215989802,10.443255424499512,166800,0.0,0.0
2019-09-03 00:00:00-04:00,10.377121483361273,10.52376416690581,10.118340228715448,10.23622989654541,186000,0.0,0.0
2019-09-04 00:00:00-04:00,10.147093996030529,10.469133199222428,10.147093996030529,10.35699462890625,88500,0.0,0.0
2019-09-05 00:00:00-04:00,10.4806315571732,10.759540356168632,10.39724684243814,10.451878547668457,234900,0.0,0.0
2019-09-06 00:00:00-04:00,10.486383630023768,10.552515887105516,10.328239595079896,10.379995346069336,138000,0.0,0.0
2019-09-09 00:00:00-04:00,10.426001321613677,10.495009535878951,10.368494476392614,10.472006797790527,220800,0.0,0.0
2019-09-10 00:00:00-04:00,10.451881401711047,10.676158556718395,10.408751053033791,10.59852409362793,158700,0.0,0.0
2019-09-11 00:00:00-04:00,10.687657098519558,10.888930634652498,10.497884108169819,10.782543182373047,426900,0.0,0.0
2019-09-12 00:00:00-04:00,10.828548945510649,10.888930925700192,10.722161490387593,10.83430004119873,638100,0.0,0.0
2019-09-13 00:00:00-04:00,10.888932150884441,11.409370584252585,10.834301260236105,11.22822380065918,705600,0.0,0.0
2019-09-16 00:00:00-04:00,11.265603589157022,11.771663894693539,11.265603589157022,11.579015731811523,267900,0.0,0.0
2019-09-17 00:00:00-04:00,11.570390326849566,11.777415012122763,11.44962551578538,11.748661994934082,170700,0.0,0.0
2019-09-18 00:00:00-04:00,11.725661233356522,11.765916451393979,11.374869757582372,11.515761375427246,191100,0.0,0.0
2019-09-19 00:00:00-04:00,11.394996313720677,11.613522402905936,11.34036458576359,11.354741096496582,130500,0.0,0.0
2019-09-20 00:00:00-04:00,11.34036213647129,11.518633792572421,11.239724937789777,11.274229049682617,247200,0.0,0.0
2019-09-23 00:00:00-04:00,11.256977241306322,11.320234367534889,11.159216003686833,11.199469566345215,159300,0.0,0.0
2019-09-24 00:00:00-04:00,11.231099638810795,11.29435676659043,10.860179815281255,10.957941055297852,147300,0.0,0.0
2019-09-25 00:00:00-04:00,10.992444903681278,11.420871570655493,10.992444903681278,11.346112251281738,220800,0.0,0.0
2019-09-26 00:00:00-04:00,11.308733515061547,11.311608652148426,11.101708837233375,11.205221176147461,113100,0.0,0.0
2019-09-27 00:00:00-04:00,11.274227211259408,11.380614666586947,11.081579901587126,11.17646598815918,138000,0.0,0.0
2019-09-30 00:00:00-04:00,11.17071544635975,11.354737355572228,11.11320859973085,11.256976127624512,208500,0.0,0.0
2019-10-01 00:00:00-04:00,11.363363626160288,11.383491228208298,10.79979652731578,10.880305290222168,137100,0.0,0.0
2019-10-02 00:00:00-04:00,10.822799782213123,10.868805261863944,10.581271014046306,10.776793479919434,130800,0.0,0.0
2019-10-03 00:00:00-04:00,10.7595410508006,10.811296800307572,10.621523799282127,10.727912902832031,130200,0.0,0.0
2019-10-04 00:00:00-04:00,10.750914166770798,10.926310651485739,10.750914166770798,10.903307914733887,102300,0.0,0.0
2019-10-07 00:00:00-04:00,10.880307960567132,11.012574974681552,10.77392047349864,10.877432823181152,133200,0.0,0.0
2019-10-08 00:00:00-04:00,10.788296596989591,10.929188184833372,10.566894590214579,10.702035903930664,145500,0.0,0.0
2019-10-09 00:00:00-04:00,10.782545005084959,10.946439327199375,10.71928787937039,10.865930557250977,189900,0.0,0.0
2019-10-10 00:00:00-04:00,10.906185561518397,11.026949545941315,10.78829671419056,10.825675964355469,108300,0.0,0.0
2019-10-11 00:00:00-04:00,10.952190350132087,11.14196337128675,10.82855041382245,10.8544282913208,221400,0.0,0.0
2019-10-14 00:00:00-04:00,10.776791586381787,10.94931210475963,10.722160705877513,10.886054992675781,106500,0.0,0.0
2019-10-15 00:00:00-04:00,10.920562402955591,11.095958110753255,10.920562402955591,11.026949882507324,90000,0.0,0.0
2019-10-16 00:00:00-04:00,10.966566066078174,11.225347290318796,10.929186820983887,10.929186820983887,80700,0.0,0.0
2019-10-17 00:00:00-04:00,11.00682026247321,11.15058777891629,10.952188556866274,11.04995059967041,94800,0.0,0.0
2019-10-18 00:00:00-04:00,11.001070271224998,11.11033369340664,10.940688286673483,10.992444038391113,61500,0.0,0.0
2019-10-21 00:00:00-04:00,11.06720251161905,11.16208859765918,11.04419977423703,11.078703880310059,120900,0.0,0.0
2019-10-22 00:00:00-04:00,11.055703794289887,11.173592645983959,10.952191451246634,11.0384521484375,81600,0.0,0.0
2019-10-23 00:00:00-04:00,11.04995267209128,11.196594529836055,10.932063006799186,11.139087677001953,83400,0.0,0.0
2019-10-24 00:00:00-04:00,11.16784149849415,11.279980067018244,11.049952656016467,11.10170841217041,94800,0.0,0.0
2019-10-25 00:00:00-04:00,11.067203406997209,11.156339227224645,11.052826077988183,11.090206146240234,56100,0.0,0.0
2019-10-28 00:00:00-04:00,11.133335762460748,11.30585629554088,11.133335762460748,11.153463363647461,82200,0.0,0.0
2019-10-29 00:00:00-04:00,11.150592076910133,11.340364317497075,11.14771611671709,11.28860855102539,118800,0.0,0.0
2019-10-30 00:00:00-04:00,11.288606600289294,11.40937140559283,11.13333768241945,11.33748722076416,96600,0.0,0.0
2019-10-31 00:00:00-04:00,11.311608165270677,11.320234398802961,11.144838704408707,11.259852409362793,81000,0.0,0.0
2019-11-01 00:00:00-04:00,11.325987374461542,11.417998353690312,11.231101257792636,11.331738471984863,141300,0.0,0.0
2019-11-04 00:00:00-05:00,11.478379249572754,11.576140487276213,11.334611707332312,11.478379249572754,220500,0.0,0.0
2019-11-05 00:00:00-05:00,11.49562980723907,11.642272472574515,11.409369948163578,11.587640762329102,153600,0.0,0.0
2019-11-06 00:00:00-05:00,11.541634957259436,11.590516392745997,11.351861956450145,11.461125373840332,166500,0.0,0.0
2019-11-07 00:00:00-05:00,11.533009283006146,11.584765857602012,11.363363875501426,11.432372093200684,155400,0.0,0.0
2019-11-08 00:00:00-05:00,11.409371378666476,11.570389747619629,11.328860960225501,11.570389747619629,170700,0.0,0.0
2019-11-11 00:00:00-05:00,11.46400173067584,11.547387282217594,11.383492138687274,11.489879608154297,129600,0.0,0.0
2019-11-12 00:00:00-05:00,11.492753372929844,11.59339055656107,11.432371391808227,11.533008575439453,129600,0.0,0.0
2019-11-13 00:00:00-05:00,11.452501474438135,11.515759428475468,11.363365640405064,11.417997360229492,132900,0.0,0.0
2019-11-14 00:00:00-05:00,11.343236674231433,11.458250374464992,11.302982290471125,11.351862907409668,204600,0.0,0.0
2019-11-15 00:00:00-05:00,11.417995851166395,11.498505440345987,11.386366878327983,11.446749687194824,160500,0.0,0.0
2019-11-18 00:00:00-05:00,11.42662502514065,11.438126397983588,11.254104432496577,11.28860855102539,87000,0.0,0.0
2019-11-19 00:00:00-05:00,11.355181101433534,11.39280954891961,11.277029073479927,11.387020111083984,151800,0.086667,0.0
2019-11-20 00:00:00-05:00,11.329128957972989,11.682258939654757,11.326233825437088,11.450698852539062,191100,0.0,0.0
2019-11-21 00:00:00-05:00,11.468067913785124,11.479645961977011,11.311763849130955,11.398599624633789,118800,0.0,0.0
2019-11-22 00:00:00-05:00,11.44491000218317,11.546218114826074,11.32912953862762,11.485433578491211,210000,0.0,0.0
2019-11-25 00:00:00-05:00,11.488328202696614,12.003551731057339,11.470961545491813,11.986185073852539,345600,0.0,0.0
2019-11-26 00:00:00-05:00,12.009339275343844,12.287212371826172,11.983288879580414,12.287212371826172,281400,0.0,0.0
2019-11-27 00:00:00-05:00,12.307473393011534,12.411675797708702,12.151169371902233,12.22642707824707,165000,0.0,0.0
2019-11-29 00:00:00-05:00,12.194587370772094,12.194587370772094,12.038283348083496,12.038283348083496,78000,0.0,0.0
2019-12-02 00:00:00-05:00,12.090385918090584,12.125120056078638,11.82987946911659,11.88776969909668,144600,0.0,0.0
2019-12-03 00:00:00-05:00,11.317552177609256,11.523063563061811,11.114936753355455,11.520169258117676,181200,0.0,0.0
2019-12-04 00:00:00-05:00,11.502799644405126,11.795145092867434,11.360967962723514,11.450698852539062,224100,0.0,0.0
2019-12-05 00:00:00-05:00,12.446408328833126,13.667893157580199,12.437724589195525,13.149775505065918,811500,0.0,0.0
2019-12-06 00:00:00-05:00,13.398705625253292,14.217852516401974,13.398705625253292,14.194696426391602,744000,0.0,0.0
2019-12-09 00:00:00-05:00,14.275743595169123,14.698341824553102,14.183117578707238,14.599928855895996,490500,0.0,0.0
2019-12-10 00:00:00-05:00,14.559407606682845,14.68097834103841,14.365475114531137,14.542041778564453,346500,0.0,0.0
2019-12-11 00:00:00-05:00,14.544937031368145,14.547830508280663,14.235224032665629,14.264168739318848,474900,0.0,0.0
2019-12-12 00:00:00-05:00,14.324951446852241,14.663609069577719,14.264165258955376,14.487042427062988,319800,0.0,0.0
2019-12-13 00:00:00-05:00,14.46967859616613,14.48125581509707,14.142598145676867,14.209171295166016,321300,0.0,0.0
2019-12-16 00:00:00-05:00,14.30468903321068,14.377052439459382,14.073128120719982,14.188908576965332,395400,0.0,0.0
2019-12-17 00:00:00-05:00,14.21785258838142,14.707025613422346,14.168646932019147,14.625978469848633,491100,0.0,0.0
2019-12-18 00:00:00-05:00,14.66071695109623,14.67808443692292,14.487045405338554,14.570987701416016,179700,0.0,0.0
2019-12-19 00:00:00-05:00,14.559408277891768,14.559408277891768,14.238118083454244,14.348108291625977,184500,0.0,0.0
2019-12-20 00:00:00-05:00,14.296006738750773,14.469678268821918,14.15707017719564,14.455205917358398,631800,0.0,0.0
2019-12-23 00:00:00-05:00,14.429154786395317,14.544935255123615,14.34521415359911,14.542041778564453,323100,0.0,0.0
2019-12-24 00:00:00-05:00,14.542043656856169,14.556514354030003,14.391528199941142,14.544937133789062,155100,0.0,0.0
2019-12-26 00:00:00-05:00,14.536248771127344,14.565193468786285,14.339421183287385,14.52467155456543,151800,0.0,0.0
2019-12-27 00:00:00-05:00,14.48704201050165,14.544933064273115,14.232325017666492,14.241008758544922,161100,0.0,0.0
2019-12-30 00:00:00-05:00,14.296008911785163,14.339425972775238,14.07892029432537,14.186017036437988,150000,0.0,0.0
2019-12-31 00:00:00-05:00,14.168649107274671,14.304690536564896,14.159965365111864,14.18022632598877,131700,0.0,0.0
2020-01-02 00:00:00-05:00,14.313375284512395,14.313375284512395,13.829991587888154,14.009450912475586,247500,0.0,0.0
2020-01-03 00:00:00-05:00,13.879195055128694,14.18311855086018,13.795255258095883,14.087600708007812,290400,0.0,0.0
2020-01-06 00:00:00-05:00,13.913932673244567,14.14549530381679,13.893671709087311,14.061553001403809,153300,0.0,0.0
2020-01-07 00:00:00-05:00,13.980504398216853,14.035500324492594,13.853145062366853,13.861828804016113,184800,0.0,0.0
2020-01-08 00:00:00-05:00,13.876301403540138,14.023921701716285,13.76920468170251,13.928403854370117,234000,0.0,0.0
2020-01-09 00:00:00-05:00,13.948664265355106,14.067339857012803,13.769204139709473,13.769204139709473,269400,0.0,0.0
2020-01-10 00:00:00-05:00,13.774995428270964,13.827097059058293,13.563696256367928,13.679476737976074,215100,0.0,0.0
2020-01-13 00:00:00-05:00,13.644739939161099,13.78367649006333,13.572377359264644,13.769204139709473,446700,0.0,0.0
2020-01-14 00:00:00-05:00,13.772100749486835,13.954455210102385,13.656321099148283,13.714210510253906,285000,0.0,0.0
2020-01-15 00:00:00-05:00,13.667896785447814,13.827095132509514,13.404496847584662,13.445018768310547,261600,0.0,0.0
2020-01-16 00:00:00-05:00,13.58395605874391,13.67658043046854,13.485542249722887,13.526065826416016,291600,0.0,0.0
2020-01-17 00:00:00-05:00,13.60132303111815,13.618690515284566,13.439231204952556,13.514487266540527,341700,0.0,0.0
2020-01-21 00:00:00-05:00,13.436334405327147,13.456596191631977,13.337920606223058,13.346604347229004,145800,0.0,0.0
2020-01-22 00:00:00-05:00,13.378444081322202,13.500013970137985,13.320553855249715,13.343709945678711,219300,0.0,0.0
2020-01-23 00:00:00-05:00,13.340815860722826,13.387128873344158,13.106360633752972,13.196090698242188,342000,0.0,0.0
2020-01-24 00:00:00-05:00,13.210565816870416,13.23082760886385,12.857435750174862,12.915325164794922,166200,0.0,0.0
2020-01-27 00:00:00-05:00,12.715601283010962,12.779280950318112,12.570876121520996,12.570876121520996,128400,0.0,0.0
2020-01-28 00:00:00-05:00,12.657712344678593,12.80822695861632,12.608505850999999,12.68955135345459,194700,0.0,0.0
2020-01-29 00:00:00-05:00,12.738757840822206,13.181618739302234,12.683761913069437,12.756124496459961,223500,0.0,0.0
2020-01-30 00:00:00-05:00,12.654815396285299,12.842959257811314,12.400098393856098,12.541929244995117,174900,0.0,0.0
2020-01-31 00:00:00-05:00,12.463777354237871,12.463777354237871,11.908030370395997,11.945659637451172,479700,0.0,0.0
2020-02-03 00:00:00-05:00,12.015128597319434,12.258267554415712,11.945660323863356,11.983288764953613,231900,0.0,0.0
2020-02-04 00:00:00-05:00,12.281425479799855,12.281425479799855,11.873298691196258,11.916716575622559,208200,0.0,0.0
2020-02-05 00:00:00-05:00,11.679365309172276,11.679365309172276,10.582345202876905,10.973104476928711,1188900,0.0,0.0
2020-02-06 00:00:00-05:00,10.958631625326612,11.340707997070636,10.87469016510326,11.326234817504883,342900,0.0,0.0
2020-02-07 00:00:00-05:00,11.216240584516763,11.372544585429045,10.897843975020557,10.91231632232666,529200,0.0,0.0
2020-02-10 00:00:00-05:00,10.85732469205158,10.990472658550493,10.703915762581925,10.729966163635254,210600,0.0,0.0
2020-02-11 00:00:00-05:00,10.741543664391438,10.923898118728413,10.614185142464025,10.805222511291504,313200,0.0,0.0
2020-02-12 00:00:00-05:00,10.929686812640925,10.94126485930087,10.770487635907672,10.874690055847168,238800,0.0,0.0
2020-02-13 00:00:00-05:00,10.874691447893529,10.921004468588956,10.712599602032498,10.732860565185547,107400,0.0,0.0
2020-02-14 00:00:00-05:00,10.7212811410188,10.767592495938581,10.489719397656962,10.573660850524902,231300,0.0,0.0
2020-02-18 00:00:00-05:00,10.573659261430894,10.605727333052819,10.346268542374359,10.384166717529297,139800,0.086667,0.0
2020-02-19 00:00:00-05:00,10.372509615299858,10.812714293618653,10.320035327322133,10.594069480895996,203100,0.0,0.0
2020-02-20 00:00:00-05:00,10.579492413007218,10.798137188456769,10.49786427395503,10.570746421813965,175200,0.0,0.0
2020-02-21 00:00:00-05:00,10.541594020029292,10.678611498603138,10.43956050829987,10.529932975769043,134100,0.0,0.0
2020-02-24 00:00:00-05:00,10.194675877664185,10.535761985355917,10.191759991585396,10.506608963012695,487500,0.0,0.0
2020-02-25 00:00:00-05:00,10.553255341357183,10.553255341357183,10.174270975917304,10.200508117675781,177900,0.0,0.0
2020-02-26 00:00:00-05:00,10.26755760262549,10.378337924374474,9.973115651382095,10.040166854858398,158400,0.0,0.0
2020-02-27 00:00:00-05:00,9.85359022546835,10.150946371189285,9.643690641226497,9.701995849609375,190500,0.0,0.0
2020-02-28 00:00:00-05:00,9.48918176869326,9.777792750223703,9.45128359287388,9.74572467803955,277800,0.0,0.0
2020-03-02 00:00:00-05:00,9.795287112187054,9.873999375557787,9.503760983095212,9.809864044189453,246600,0.0,0.0
2020-03-03 00:00:00-05:00,9.777796518683642,9.970203357817134,9.223896424812,9.343421936035156,256500,0.0,0.0
2020-03-04 00:00:00-05:00,9.390063388497207,9.53291094983335,9.209316813693476,9.506673812866211,247200,0.0,0.0
2020-03-05 00:00:00-05:00,9.331760749349593,9.425049114567102,9.00525147108831,9.110200881958008,235800,0.0,0.0
2020-03-06 00:00:00-05:00,8.888635540858136,9.220975585504243,8.888635540858136,9.095619201660156,192600,0.0,0.0
2020-03-09 00:00:00-04:00,8.632097155474154,8.8711490078032,7.862467310209764,7.8974504470825195,188700,0.0,0.0
2020-03-10 00:00:00-04:00,8.11900906658588,8.506740233635089,7.6671442436158435,8.025721549987793,160800,0.0,0.0
2020-03-11 00:00:00-04:00,7.80707546740687,7.99948224152188,7.687549162510492,7.900362968444824,225000,0.0,0.0
2020-03-12 00:00:00-04:00,7.5242953525666625,7.6613128174025835,6.958734345618173,7.154057025909424,206100,0.0,0.0
2020-03-13 00:00:00-04:00,7.4980586449499,7.4980586449499,6.757582283752479,7.04036283493042,223200,0.0,0.0
2020-03-16 00:00:00-04:00,6.541850482048567,6.559342044151702,5.754729353344016,5.778051853179932,198300,0.0,0.0
2020-03-17 00:00:00-04:00,5.8655117021232055,6.049173376549505,5.436968073149759,5.748900413513184,350100,0.0,0.0
2020-03-18 00:00:00-04:00,5.428221800712256,5.544832249247124,4.553642602637031,4.556557655334473,309600,0.0,0.0
2020-03-19 00:00:00-04:00,4.932625973908397,6.1249687109929,4.719812139150798,5.941307067871094,348900,0.0,0.0
2020-03-20 00:00:00-04:00,5.941306271618153,6.664291703743942,5.678932411741217,5.853848457336426,439800,0.0,0.0
2020-03-23 00:00:00-04:00,6.017104030101707,6.39317287559614,5.565237988029417,5.731407642364502,236700,0.0,0.0
2020-03-24 00:00:00-04:00,5.932561210243992,6.527275274508433,5.932561210243992,6.463139533996582,271800,0.0,0.0
2020-03-25 00:00:00-04:00,6.439816994744547,7.049107529441165,6.439816994744547,6.810055732727051,196500,0.0,0.0
2020-03-26 00:00:00-04:00,6.90334352467713,7.431006748728406,6.900428472521906,7.384361743927002,168300,0.0,0.0
2020-03-27 00:00:00-04:00,7.092835676815498,7.535956132888547,7.031615411237974,7.384361743927002,226500,0.0,0.0
2020-03-30 00:00:00-04:00,7.413515607910163,7.877042263519538,7.241514185591617,7.842059135437012,171300,0.0,0.0
2020-03-31 00:00:00-04:00,7.585515865639342,7.856634917760319,7.174463457835709,7.483482360839844,314700,0.0,0.0
2020-04-01 00:00:00-04:00,7.1948711697866585,7.296904672363956,6.559343063512689,6.588495254516602,276900,0.0,0.0
2020-04-02 00:00:00-04:00,6.562257913373287,7.226938190147666,6.317375596395413,6.559342861175537,153600,0.0,0.0
2020-04-03 00:00:00-04:00,6.460223363521557,6.687614093923131,6.159950913908652,6.288222789764404,129600,0.0,0.0
2020-04-06 00:00:00-04:00,6.474800308508328,6.8217169705819725,6.4310711878252915,6.719682216644287,202800,0.0,0.0
2020-04-07 00:00:00-04:00,6.964563924709254,6.964563924709254,6.361104364725274,6.521444320678711,221400,0.0,0.0
2020-04-08 00:00:00-04:00,6.632224819915929,7.04327724633689,6.372766799511869,6.780903339385986,195000,0.0,0.0
2020-04-09 00:00:00-04:00,6.958736269811929,7.296906612961952,6.7109384100593035,7.011211395263672,125100,0.0,0.0
2020-04-13 00:00:00-04:00,6.888767751540096,7.04910729474848,6.585580228907964,6.789648056030273,83700,0.0,0.0
2020-04-14 00:00:00-04:00,6.958734248351653,7.0840906683443245,6.684698905478374,6.821716785430908,114900,0.0,0.0
2020-04-15 00:00:00-04:00,6.562259979917073,6.7546672476092,6.273648869862921,6.352360725402832,141300,0.0,0.0
2020-04-16 00:00:00-04:00,6.3406987702148685,6.4310716533867005,6.136630498661889,6.329038143157959,125700,0.0,0.0
2020-04-17 00:00:00-04:00,6.620563576901996,6.929581214052318,6.61473263841454,6.810055732727051,151800,0.0,0.0
2020-04-20 00:00:00-04:00,6.6089026496467485,6.903343779794742,6.431071116589178,6.556427955627441,97800,0.0,0.0
2020-04-21 00:00:00-04:00,6.416496006876824,6.536021083854388,6.238664458059701,6.495208263397217,144300,0.0,0.0
2020-04-22 00:00:00-04:00,6.675954123681225,6.702191264865669,6.320292272187407,6.372766971588135,94500,0.0,0.0
2020-04-23 00:00:00-04:00,6.509782861435616,6.646800315934627,6.41649494077674,6.521444320678711,88800,0.0,0.0
2020-04-24 00:00:00-04:00,6.509784140202559,6.71093736637796,6.349444986816,6.605987548828125,400800,0.0,0.0
2020-04-27 00:00:00-04:00,6.710936597716092,7.299820528712575,6.710936597716092,7.174463272094727,97200,0.0,0.0
2020-04-28 00:00:00-04:00,7.396023180600572,7.518464538533742,7.194870414778417,7.4572434425354,100500,0.0,0.0
2020-04-29 00:00:00-04:00,7.579687065203167,7.944094527775173,7.439754519505395,7.734195709228516,430800,0.0,0.0
2020-04-30 00:00:00-04:00,7.582601903125114,7.664229219135067,7.238600654337015,7.39602518081665,169200,0.0,0.0
2020-05-01 00:00:00-04:00,7.203616121974482,7.4047697372532655,6.4485625527232004,7.002463340759277,240600,0.0,0.0
2020-05-04 00:00:00-04:00,6.877107160872228,6.894598726866833,6.60890314895495,6.780903339385986,127800,0.0,0.0
2020-05-05 00:00:00-04:00,6.780902280426318,7.183208652506698,6.56808846924257,6.664291858673096,143400,0.0,0.0
2020-05-06 00:00:00-04:00,7.812906933882943,8.451349297093223,7.448499519856409,7.830398082733154,387600,0.0,0.0
2020-05-07 00:00:00-04:00,7.906194153685893,8.028635514367656,7.320226154956114,7.4776506423950195,188400,0.0,0.0
2020-05-08 00:00:00-04:00,7.702126909715889,7.92077167688371,7.6409058077456535,7.798330307006836,441900,0.0,0.0
2020-05-11 00:00:00-04:00,7.783752711638212,7.8245667761266695,7.483481502325885,7.588430881500244,231300,0.0,0.0
2020-05-12 00:00:00-04:00,7.591346138998397,7.591346138998397,6.996632140182546,7.043276309967041,158700,0.0,0.0
2020-05-13 00:00:00-04:00,6.9441580290681735,7.113243158656937,6.635140378440432,6.696361064910889,157500,0.0,0.0
2020-05-14 00:00:00-04:00,6.568087970331537,6.740088537868283,6.317374748542724,6.7255120277404785,171600,0.0,0.0
2020-05-15 00:00:00-04:00,6.65554642066704,7.092835511118721,6.65554642066704,7.019954204559326,268800,0.0,0.0
2020-05-18 00:00:00-04:00,7.404770363215851,7.812906898621372,7.404770363215851,7.783753871917725,246900,0.0,0.0
2020-05-19 00:00:00-04:00,7.695435763548449,8.031044012106308,7.574734913374193,7.716043472290039,201300,0.086667,0.0
2020-05-20 00:00:00-04:00,7.951558413190853,8.048707845138775,7.636557846593253,7.792585849761963,203700,0.0,0.0
2020-05-21 00:00:00-04:00,7.810248869080891,7.892679700784391,7.66894031575846,7.801416873931885,169800,0.0,0.0
2020-05-22 00:00:00-04:00,7.795531449761776,7.804363447189254,7.395156269794305,7.727820873260498,147600,0.0,0.0
2020-05-26 00:00:00-04:00,8.110530446291298,8.131138155437466,7.81319389163483,7.8926801681518555,484500,0.0,0.0
2020-05-27 00:00:00-04:00,8.098755009855795,8.166465575214861,7.819081594710905,8.119361877441406,451800,0.0,0.0
2020-05-28 00:00:00-04:00,8.225343267590226,8.237119823682965,7.948614413782615,8.02515697479248,206100,0.0,0.0
2020-05-29 00:00:00-04:00,7.925062987551416,7.925062987551416,7.633613859708284,7.830857276916504,190500,0.0,0.0
2020-06-01 00:00:00-04:00,7.895624872832197,7.9309520214387925,7.739596843719482,7.739596843719482,187200,0.0,0.0
2020-06-02 00:00:00-04:00,7.833799661248111,7.9280061981115955,7.71604254300044,7.869126796722412,266700,0.0,0.0
2020-06-03 00:00:00-04:00,7.948614740288048,8.575672159045837,7.813194446844765,8.381372451782227,223800,0.0,0.0
2020-06-04 00:00:00-04:00,8.343102066291516,8.714037509358262,8.343102066291516,8.711092948913574,128100,0.0,0.0
2020-06-05 00:00:00-04:00,9.149739062263716,9.323431912951829,8.852401624065045,9.008430480957031,217800,0.0,0.0
2020-06-08 00:00:00-04:00,9.229226599626758,9.461797215088195,9.229226599626758,9.26161003112793,265800,0.0,0.0
2020-06-09 00:00:00-04:00,9.08496988719612,9.126184454594826,8.784688835335064,9.005483627319336,196500,0.0,0.0
2020-06-10 00:00:00-04:00,8.98193661642007,9.005488050004328,8.487355668884936,8.640439987182617,154200,0.0,0.0
2020-06-11 00:00:00-04:00,8.245950895712625,8.269501478462937,7.639500438160031,7.674827575683594,144600,0.0,0.0
2020-06-12 00:00:00-04:00,8.004547708766525,8.08992225809789,7.545294910468626,7.801416873931885,216000,0.0,0.0
2020-06-15 00:00:00-04:00,7.489362856911352,8.072262120121083,7.418708553903942,7.889738082885742,114900,0.0,0.0
2020-06-16 00:00:00-04:00,8.284218483609788,8.507956933019514,7.986881228353329,8.33720874786377,186000,0.0,0.0
2020-06-17 00:00:00-04:00,8.393149483741059,8.393149483741059,7.907400560456647,7.966279983520508,162300,0.0,0.0
2020-06-18 00:00:00-04:00,7.866185684646484,7.99277483925593,7.77492367721184,7.857353687286377,194700,0.0,0.0
2020-06-19 00:00:00-04:00,7.960390754339996,8.084035338128038,7.627727023095606,7.925063610076904,378300,0.0,0.0
2020-06-22 00:00:00-04:00,7.963336904144334,8.036934925482278,7.774924588203405,7.969223499298096,122400,0.0,0.0
2020-06-23 00:00:00-04:00,8.110529417098808,8.137024558487205,7.872070617807164,7.948613166809082,100800,0.0,0.0
2020-06-24 00:00:00-04:00,7.833801751374184,8.054596617564885,7.54529631355897,7.607118606567383,170700,0.0,0.0
2020-06-25 00:00:00-04:00,7.6012294513946745,7.960389097794968,7.480528610846498,7.936837673187256,143100,0.0,0.0
2020-06-26 00:00:00-04:00,7.836743306916593,8.060482671804866,7.65716391379873,7.983940124511719,310500,0.0,0.0
2020-06-29 00:00:00-04:00,8.02810115321287,8.187073720132899,7.945671151693549,7.99277400970459,192000,0.0,0.0
2020-06-30 00:00:00-04:00,7.986885363236696,8.110530780950121,7.898567087403464,8.063427925109863,130800,0.0,0.0
2020-07-01 00:00:00-04:00,8.05165006820347,8.163518899917444,7.7778650020662345,7.913285255432129,181500,0.0,0.0
2020-07-02 00:00:00-04:00,8.06342645480947,8.334268668770568,8.06342645480947,8.160575866699219,123300,0.0,0.0
2020-07-06 00:00:00-04:00,8.334269394860515,8.396091676697704,8.222399701759482,8.343100547790527,130500,0.0,0.0
2020-07-07 00:00:00-04:00,8.213569042691597,8.213569042691597,7.880904469181651,7.925063610076904,117600,0.0,0.0
2020-07-08 00:00:00-04:00,7.928006520658401,7.978052245118061,7.695435149825521,7.936837673187256,123000,0.0,0.0
2020-07-09 00:00:00-04:00,7.910342922679704,7.910342922679704,7.533519268035889,7.533519268035889,117600,0.0,0.0
2020-07-10 00:00:00-04:00,7.580621858747108,7.736650680827922,7.542351003748117,7.683659553527832,101700,0.0,0.0
2020-07-13 00:00:00-04:00,7.748425538888577,8.033988040084873,7.589453841768488,7.733706951141357,141300,0.0,0.0
2020-07-14 00:00:00-04:00,7.754315523064444,7.936839527551841,7.733708653417141,7.922120094299316,139800,0.0,0.0
2020-07-15 00:00:00-04:00,8.075204119282024,8.139970971046647,7.9633352511416025,8.022212982177734,159000,0.0,0.0
2020-07-16 00:00:00-04:00,8.016324614906209,8.122306034539784,7.913286913029425,8.095810890197754,153000,0.0,0.0
2020-07-17 00:00:00-04:00,8.089923266733267,8.3283821118945,7.948614695792768,8.213568687438965,165300,0.0,0.0
2020-07-20 00:00:00-04:00,8.187071966100726,8.219455384611743,7.880902612358416,7.948613166809082,155700,0.0,0.0
2020-07-21 00:00:00-04:00,8.060486023803078,8.287168358056043,7.95450457427713,8.128195762634277,169800,0.0,0.0
2020-07-22 00:00:00-04:00,8.048706681929751,8.319548912668449,8.028099816679745,8.072258949279785,196500,0.0,0.0
2020-07-23 00:00:00-04:00,8.060485369171824,8.13113966311761,7.928008778589882,8.019269943237305,102600,0.0,0.0
2020-07-24 00:00:00-04:00,7.9898300597619585,7.9898300597619585,7.745483780354797,7.819081783294678,123300,0.0,0.0
2020-07-27 00:00:00-04:00,7.786699044875563,8.054596776209333,7.757259335746355,8.033989906311035,90000,0.0,0.0
2020-07-28 00:00:00-04:00,7.9633347076170065,8.042820144449964,7.789641875400232,7.822025299072266,97200,0.0,0.0
2020-07-29 00:00:00-04:00,7.822023276279069,8.184127436560539,7.822023276279069,8.172350883483887,109800,0.0,0.0
2020-07-30 00:00:00-04:00,8.016325072688959,8.095811352519672,7.845576799062444,7.910343647003174,102300,0.0,0.0
2020-07-31 00:00:00-04:00,7.830855311357027,7.9015095765988566,7.692490498025456,7.816135883331299,174600,0.0,0.0
2020-08-03 00:00:00-04:00,7.886791946936998,8.08992279525929,7.819081383407744,8.060483932495117,113400,0.0,0.0
2020-08-04 00:00:00-04:00,8.078146902265992,8.357820303640777,8.078146902265992,8.207679748535156,127500,0.0,0.0
2020-08-05 00:00:00-04:00,7.771976565269252,8.593332589010588,7.771976565269252,8.198845863342285,237900,0.0,0.0
2020-08-06 00:00:00-04:00,8.148801434165339,8.3872594005977,8.08109003477841,8.137024879455566,132000,0.0,0.0
2020-08-07 00:00:00-04:00,8.160578677175518,8.56684129576732,8.12525152957039,8.540346145629883,356400,0.0,0.0
2020-08-10 00:00:00-04:00,8.549174235505172,8.822959293738892,8.151742953770333,8.752305030822754,200100,0.0,0.0
2020-08-11 00:00:00-04:00,8.631604630222615,8.843568292265639,8.084033591331002,8.163519859313965,253200,0.0,0.0
2020-08-12 00:00:00-04:00,8.269501114636334,8.295997098312332,7.880902618973997,7.989828586578369,210000,0.0,0.0
2020-08-13 00:00:00-04:00,7.951556787629174,8.21651072509012,7.919174211776952,8.15174388885498,144300,0.0,0.0
2020-08-14 00:00:00-04:00,8.084034733644842,8.38137214065831,8.048707592023334,8.313661575317383,209100,0.0,0.0
2020-08-17 00:00:00-04:00,8.346043505636324,8.454968628912397,8.231230105344205,8.298940658569336,333600,0.0,0.0
2020-08-18 00:00:00-04:00,8.298941213889101,8.298941213889101,8.028549703042744,8.067176818847656,219000,0.086667,0.0
2020-08-19 00:00:00-04:00,8.03151989374473,8.129573657170441,7.844325727127723,7.906723499298096,238200,0.0,0.0
2020-08-20 00:00:00-04:00,7.778960548014885,7.817587677786274,7.630393421815728,7.722504138946533,113100,0.0,0.0
2020-08-21 00:00:00-04:00,7.707645859118913,7.8829547375513,7.461024980996005,7.832442283630371,414300,0.0,0.0
2020-08-24 00:00:00-04:00,7.918610280520363,8.090948028215546,7.829469860997256,7.960209369659424,224400,0.0,0.0
2020-08-25 00:00:00-04:00,8.040435054900309,8.04934841618877,7.871068438829715,8.03152084350586,506700,0.0,0.0
2020-08-26 00:00:00-04:00,8.001809120178223,8.105805151409452,7.924554026865703,8.001809120178223,183000,0.0,0.0
2020-08-27 00:00:00-04:00,8.108778410121197,8.150376659198594,7.882956186163543,7.945353984832764,77700,0.0,0.0
2020-08-28 00:00:00-04:00,8.007751015643352,8.007751015643352,7.761130965954629,7.972095012664795,136200,0.0,0.0
2020-08-31 00:00:00-04:00,7.927523669912631,8.079061007208319,7.903753007187117,8.019635200500488,241800,0.0,0.0
2020-09-01 00:00:00-04:00,7.96020883269914,8.090947482436215,7.954265741749007,8.067176818847656,119400,0.0,0.0
2020-09-02 00:00:00-04:00,8.079062616576174,8.227629713258523,8.03746522367916,8.156317710876465,128400,0.0,0.0
2020-09-03 00:00:00-04:00,8.168203882204294,8.200888765840896,8.02557986281499,8.043407440185547,174300,0.0,0.0
2020-09-04 00:00:00-04:00,8.174146229001908,8.197916896731519,7.945352914524796,8.02855110168457,96300,0.0,0.0
2020-09-08 00:00:00-04:00,7.957237897968179,7.957237897968179,7.6333611113305535,7.657132625579834,87900,0.0,0.0
2020-09-09 00:00:00-04:00,7.689816924732127,7.823526687986182,7.686844954357547,7.74627161026001,141300,0.0,0.0
2020-09-10 00:00:00-04:00,7.820555368847244,7.820555368847244,7.538279367384232,7.550164699554443,184800,0.0,0.0
2020-09-11 00:00:00-04:00,7.615534218120157,7.7343883995527305,7.56799288558956,7.663076400756836,137400,0.0,0.0
2020-09-14 00:00:00-04:00,7.7462758766142565,7.900785267058557,7.6422789589809135,7.6690216064453125,98100,0.0,0.0
2020-09-15 00:00:00-04:00,7.713588366448945,7.713588366448945,7.428340357859732,7.461025238037109,111000,0.0,0.0
2020-09-16 00:00:00-04:00,7.478853637956333,7.550165639858863,7.440226516118993,7.496681213378906,156600,0.0,0.0
2020-09-17 00:00:00-04:00,7.410511424110191,7.618506024602898,7.410511424110191,7.511538028717041,109500,0.0,0.0
2020-09-18 00:00:00-04:00,7.511538854717394,7.594736193999567,7.318401536661301,7.4729108810424805,452400,0.0,0.0
2020-09-21 00:00:00-04:00,7.31543166327703,7.386743680538185,7.062867631230714,7.297604084014893,226200,0.0,0.0
2020-09-22 00:00:00-04:00,7.3035449528379655,7.404571578534105,7.264917825453406,7.354058265686035,234600,0.0,0.0
2020-09-23 00:00:00-04:00,7.339199509657463,7.404570116373237,6.973725307064136,6.99155330657959,165900,0.0,0.0
2020-09-24 00:00:00-04:00,6.991553464240901,7.205489888303707,6.935098768748451,7.068808555603027,127200,0.0,0.0
2020-09-25 00:00:00-04:00,6.976698695307346,7.089608956791437,6.976698695307346,7.062867164611816,125100,0.0,0.0
2020-09-28 00:00:00-04:00,7.13715086628172,7.478854458759804,7.13715086628172,7.27086067199707,126900,0.0,0.0
2020-09-29 00:00:00-04:00,7.250060442049061,7.309487111239225,7.101494194126717,7.264916896820068,148500,0.0,0.0
2020-09-30 00:00:00-04:00,7.3005723220235215,7.380798531623681,7.107435449875272,7.169833660125732,158100,0.0,0.0
2020-10-01 00:00:00-04:00,7.22034736458463,7.22034736458463,7.074751815928287,7.128235816955566,154200,0.0,0.0
2020-10-02 00:00:00-04:00,6.985611742303846,7.395656171011569,6.985611742303846,7.3094868659973145,136800,0.0,0.0
2020-10-05 00:00:00-04:00,7.336228329012228,7.475882053375244,7.229260332793173,7.475882053375244,127500,0.0,0.0
2020-10-06 00:00:00-04:00,7.5263939356881195,7.716560119482104,7.196575722546668,7.306515693664551,111300,0.0,0.0
2020-10-07 00:00:00-04:00,7.46102579448025,7.505596011672891,7.276802683473966,7.428340911865234,138300,0.0,0.0
2020-10-08 00:00:00-04:00,7.538280206321268,7.767072663533703,7.434283325731577,7.713588237762451,123900,0.0,0.0
2020-10-09 00:00:00-04:00,7.7848999821100735,7.981008403332294,7.728445287459111,7.77301549911499,149400,0.0,0.0
2020-10-12 00:00:00-04:00,7.7730140685361,7.963179363155863,7.636332337975184,7.88295316696167,108900,0.0,0.0
2020-10-13 00:00:00-04:00,7.838386460166274,7.838386460166274,7.484797495222237,7.5234246253967285,123900,0.0,0.0
2020-10-14 00:00:00-04:00,7.401599781559833,7.838386078760395,7.401599781559833,7.636335372924805,103200,0.0,0.0
2020-10-15 00:00:00-04:00,7.481825420183641,7.716560993054986,7.434284081379632,7.591765403747559,134100,0.0,0.0
2020-10-16 00:00:00-04:00,7.562050251205185,7.960210210382568,7.562050251205185,7.683875560760498,74400,0.0,0.0
2020-10-19 00:00:00-04:00,7.707645718098567,7.722502171902419,7.261945303134373,7.339199542999268,203100,0.0,0.0
2020-10-20 00:00:00-04:00,7.410512296682049,7.755187840782903,7.410512296682049,7.603649616241455,74700,0.0,0.0
2020-10-21 00:00:00-04:00,7.425369877130459,7.553137437852861,7.276802768128695,7.321372985839844,83100,0.0,0.0
2020-10-22 00:00:00-04:00,7.258973949234285,7.392683729386312,7.21440373914826,7.288687705993652,98100,0.0,0.0
2020-10-23 00:00:00-04:00,7.374858068861713,7.487769196709591,7.2649189128776825,7.46994161605835,93000,0.0,0.0
2020-10-26 00:00:00-04:00,7.360000011311769,7.360000011311769,7.062865831658509,7.232231616973877,99300,0.0,0.0
2020-10-27 00:00:00-04:00,7.1579497713643025,7.28274621704329,7.104465762524644,7.149036407470703,99000,0.0,0.0
2020-10-28 00:00:00-04:00,6.994525242294161,7.214403901880811,6.982639484290496,7.04206657409668,126600,0.0,0.0
2020-10-29 00:00:00-04:00,6.985612381917521,7.238175528100474,6.9291564053322325,7.134178638458252,103800,0.0,0.0
2020-10-30 00:00:00-04:00,7.241147122687588,7.241147122687588,6.944013740071082,7.021268844604492,110100,0.0,0.0
2020-11-02 00:00:00-05:00,7.2411474485357274,7.321373677978886,7.02424028199152,7.199549198150635,83700,0.0,0.0
2020-11-03 00:00:00-05:00,7.365942873393971,7.633362467462166,7.077723306925615,7.4729108810424805,125400,0.0,0.0
2020-11-04 00:00:00-05:00,7.368915202257496,7.4699401226657915,7.101494745100706,7.157949447631836,84300,0.0,0.0
2020-11-05 00:00:00-05:00,7.175777254042468,7.520452782375244,7.175777254042468,7.49965238571167,129000,0.0,0.0
2020-11-06 00:00:00-05:00,7.4342842924008865,7.478854511321314,7.137150916441732,7.273831844329834,515100,0.0,0.0
2020-11-09 00:00:00-05:00,7.91861131003211,8.292999760534347,7.487767309832429,7.85324239730835,201000,0.0,0.0
2020-11-10 00:00:00-05:00,7.96912323361837,7.986951658688682,7.725474325102158,7.924553871154785,191700,0.0,0.0
2020-11-11 00:00:00-05:00,7.998835803346757,7.998835803346757,7.669017639514312,7.755186080932617,122400,0.0,0.0
2020-11-12 00:00:00-05:00,7.701704026682912,7.8770129144285566,7.535308501792535,7.627420902252197,115500,0.0,0.0
2020-11-13 00:00:00-05:00,7.76707358786774,7.8859277870476285,7.567994015642775,7.817586898803711,100800,0.0,0.0
2020-11-16 00:00:00-05:00,8.019635947122614,8.102833274407525,7.885926169369805,8.013692855834961,148800,0.0,0.0
2020-11-17 00:00:00-05:00,8.013693963718383,8.082700093060117,7.755672276900686,7.932686805725098,109200,0.086667,0.0
2020-11-18 00:00:00-05:00,8.004690867916748,8.11270008573143,7.818675421981942,7.860677719116211,87000,0.0,0.0
2020-11-19 00:00:00-05:00,7.80667733518049,8.118704974518682,7.62066179880077,8.061699867248535,177900,0.0,0.0
2020-11-20 00:00:00-05:00,7.968690494323644,8.148705918319706,7.926687324581854,8.034696578979492,150600,0.0,0.0
2020-11-23 00:00:00-05:00,8.106704233792126,8.262717629838304,7.845681606581052,8.184710502624512,167400,0.0,0.0
2020-11-24 00:00:00-05:00,8.319719552774426,8.385725631053601,8.172707185308766,8.346721649169922,867600,0.0,0.0
2020-11-25 00:00:00-05:00,8.271716420941942,8.301719421442355,8.100701979071525,8.262716293334961,173700,0.0,0.0
2020-11-27 00:00:00-05:00,8.262713855195033,8.331719963440698,8.169705696984005,8.256712913513184,85500,0.0,0.0
2020-11-30 00:00:00-05:00,8.229712458686372,8.229712458686372,7.698666353798443,7.749670505523682,614700,0.0,0.0
2020-12-01 00:00:00-05:00,7.935688924204094,8.100703308075504,7.683667283855207,7.773675441741943,176400,0.0,0.0
2020-12-02 00:00:00-05:00,7.7226680613187115,7.9266863758091715,7.6056578351313195,7.8396782875061035,182400,0.0,0.0
2020-12-03 00:00:00-05:00,7.82767976147693,8.22071373032057,7.82767976147693,7.965692043304443,165900,0.0,0.0
2020-12-04 00:00:00-05:00,8.028693779933002,8.445729630393734,7.977688777803955,8.391724586486816,176400,0.0,0.0
2020-12-07 00:00:00-05:00,8.45173270718188,8.502736863813187,8.223713165227567,8.262716293334961,135600,0.0,0.0
2020-12-08 00:00:00-05:00,8.27471618957789,8.610745835505824,8.27471618957789,8.580742835998535,230100,0.0,0.0
2020-12-09 00:00:00-05:00,8.100703735934962,9.207799501156309,7.80367800095453,8.844768524169922,314700,0.0,0.0
2020-12-10 00:00:00-05:00,8.80576174369029,8.937773902705624,8.460731993346647,8.667750358581543,546900,0.0,0.0
2020-12-11 00:00:00-05:00,8.484737504004725,8.637750863907618,8.409730416440437,8.46373462677002,353700,0.0,0.0
2020-12-14 00:00:00-05:00,8.586743531507725,8.967776378131171,8.508736421744427,8.802762031555176,278100,0.0,0.0
2020-12-15 00:00:00-05:00,8.92877490207909,9.23180155330625,8.781762499202994,9.036784172058105,190800,0.0,0.0
2020-12-16 00:00:00-05:00,9.129789373761145,9.180793519922045,8.763757649732183,8.92877197265625,170100,0.0,0.0
2020-12-17 00:00:00-05:00,8.988778986792925,9.030782157616215,8.706754386080213,8.880769729614258,161400,0.0,0.0
2020-12-18 00:00:00-05:00,8.955774865781482,9.27080247175809,8.733755434666001,8.748757362365723,978300,0.0,0.0
2020-12-21 00:00:00-05:00,8.592744150869022,9.006780022885692,8.550740126029407,8.91677188873291,281700,0.0,0.0
2020-12-22 00:00:00-05:00,8.958776049277235,8.991779092687427,8.850766791337657,8.964776992797852,131700,0.0,0.0
2020-12-23 00:00:00-05:00,9.04278589361029,9.138793283463535,8.937776657508234,9.105791091918945,173400,0.0,0.0
2020-12-24 00:00:00-05:00,9.081789490610378,9.282806126763937,9.012783344095414,9.171796798706055,137700,0.0,0.0
2020-12-28 00:00:00-05:00,9.195797336787285,9.408814949364267,9.078787094048947,9.117790222167969,145500,0.0,0.0
2020-12-29 00:00:00-05:00,9.15979446605832,9.15979446605832,8.691753484126531,8.82376480102539,117000,0.0,0.0
2020-12-30 00:00:00-05:00,8.901770808901937,9.003779111884187,8.820763659934089,8.904770851135254,96300,0.0,0.0
2020-12-31 00:00:00-05:00,8.643747522694849,8.955774205083541,8.643747522694849,8.84776496887207,93000,0.0,0.0
2021-01-04 00:00:00-05:00,8.946776332653577,8.955777320063849,8.550742328797108,8.850768089294434,192000,0.0,0.0
2021-01-05 00:00:00-05:00,8.868769752090747,9.222800566212655,8.868769752090747,9.036784172058105,293100,0.0,0.0
2021-01-06 00:00:00-05:00,9.234802278226072,9.801851631280105,9.234802278226072,9.675840377807617,203100,0.0,0.0
2021-01-07 00:00:00-05:00,9.768844241552546,9.990863643455823,9.708839113792344,9.834850311279297,127200,0.0,0.0
2021-01-08 00:00:00-05:00,9.89485387778799,9.90385486090791,9.57082621089986,9.672835350036621,120900,0.0,0.0
2021-01-11 00:00:00-05:00,9.576828910456076,9.861853513987775,9.549825956139394,9.76584529876709,110700,0.0,0.0
2021-01-12 00:00:00-05:00,9.801850591408757,9.94286290393096,9.723843469747901,9.8888578414917,127800,0.0,0.0
2021-01-13 00:00:00-05:00,9.900859072391798,9.915861003496302,9.660837616914753,9.8678560256958,206700,0.0,0.0
2021-01-14 00:00:00-05:00,9.894857799950602,10.209885466971713,9.894857799950602,10.017868995666504,153000,0.0,0.0
2021-01-15 00:00:00-05:00,9.960862525306213,10.098874774323084,9.774846165045425,9.882855415344238,246000,0.0,0.0
2021-01-19 00:00:00-05:00,9.936859990767921,9.9428609335748,9.513823137033649,9.579829216003418,193800,0.0,0.0
2021-01-20 00:00:00-05:00,9.59783446241661,9.648839493913961,9.228802501440258,9.309809684753418,167700,0.0,0.0
2021-01-21 00:00:00-05:00,9.369811821245243,9.477821077992648,8.976777922374653,9.117790222167969,253200,0.0,0.0
2021-01-22 00:00:00-05:00,8.973778364418031,9.261803064630975,8.973778364418031,9.20779800415039,98400,0.0,0.0
2021-01-25 00:00:00-05:00,9.138791414478906,9.258802558610103,8.997779972508699,9.165794372558594,153900,0.0,0.0
2021-01-26 00:00:00-05:00,9.198796663460097,9.198796663460097,8.784760782291958,8.895770072937012,134400,0.0,0.0
2021-01-27 00:00:00-05:00,8.595746063318984,8.790763443620383,8.403729584288465,8.631749153137207,208500,0.0,0.0
2021-01-28 00:00:00-05:00,8.778759769538132,8.919772057237015,8.649748509337424,8.811762809753418,187500,0.0,0.0
2021-01-29 00:00:00-05:00,8.817764109168925,8.943775332184643,8.589743719104177,8.60174560546875,343500,0.0,0.0
2021-02-01 00:00:00-05:00,8.64074872647269,8.946774510667964,8.586743671390447,8.862768173217773,156000,0.0,0.0
2021-02-02 00:00:00-05:00,8.994778535741784,9.006780421983072,8.700753782360753,8.874768257141113,191400,0.0,0.0
2021-02-03 00:00:00-05:00,8.673752219760244,8.94677497664639,8.454732804006557,8.619747161865234,303300,0.0,0.0
2021-02-04 00:00:00-05:00,8.598744714989586,8.832764331754552,8.292718071857058,8.733756065368652,244200,0.0,0.0
2021-02-05 00:00:00-05:00,8.862768866625895,8.862768866625895,8.481735125602547,8.634748458862305,441600,0.0,0.0
2021-02-08 00:00:00-05:00,8.67075149491899,9.084787419251832,8.67075149491899,8.85976791381836,114300,0.0,0.0
2021-02-09 00:00:00-05:00,8.907773722989573,9.003781972002928,8.790764313290637,8.844768524169922,114600,0.0,0.0
2021-02-10 00:00:00-05:00,8.82376323000153,8.85376622587277,8.700752921206062,8.72175407409668,89400,0.0,0.0
2021-02-11 00:00:00-05:00,8.70975503750799,8.880769475213302,8.625746981505383,8.829765319824219,119400,0.0,0.0
2021-02-12 00:00:00-05:00,8.748758099080728,8.841765423392642,8.7007539865141,8.745758056640625,128400,0.0,0.0
2021-02-16 00:00:00-05:00,8.785110625170212,8.866846804730319,8.660993268201397,8.676129341125488,103200,0.086667,0.0
2021-02-17 00:00:00-05:00,8.63072176554668,8.839602379967221,8.509631428765728,8.694293975830078,114900,0.0,0.0
2021-02-18 00:00:00-05:00,8.624668738453213,8.724568062010539,8.40367819717246,8.591368675231934,171900,0.0,0.0
2021-02-19 00:00:00-05:00,8.627694790604146,8.794194221496582,8.515686444739188,8.794194221496582,111600,0.0,0.0
2021-02-22 00:00:00-05:00,8.721541082964633,9.145357316695854,8.721541082964633,9.036375999450684,314400,0.0,0.0
2021-02-23 00:00:00-05:00,8.984911619521247,9.160493040307104,8.927393493220157,9.148383140563965,219600,0.0,0.0
2021-02-24 00:00:00-05:00,9.211956693193535,9.805300238188607,9.211956693193535,9.678154945373535,318000,0.0,0.0
2021-02-25 00:00:00-05:00,9.693290913436948,9.80832717070445,9.296719829224257,9.632745742797852,231600,0.0,0.0
2021-02-26 00:00:00-05:00,9.656964013621822,9.675127132141329,9.293692116060669,9.42386531829834,202800,0.0,0.0
2021-03-01 00:00:00-05:00,9.575227950377377,9.732646265672868,9.423865451518092,9.666046142578125,174900,0.0,0.0
2021-03-02 00:00:00-05:00,9.62366336708503,9.681180622143343,9.3512097015358,9.445054054260254,117300,0.0,0.0
2021-03-03 00:00:00-05:00,9.496519404008799,9.775027191254427,9.472301335552658,9.629718780517578,130200,0.0,0.0
2021-03-04 00:00:00-05:00,9.64485519640543,9.732646347230213,9.369374441489558,9.514683723449707,198300,0.0,0.0
2021-03-05 00:00:00-05:00,9.717507174093441,10.141324155837369,9.547980727838382,10.083806037902832,225600,0.0,0.0
2021-03-08 00:00:00-05:00,10.180678991376327,10.67109524902782,10.0323435572528,10.604496002197266,327600,0.0,0.0
2021-03-09 00:00:00-05:00,10.662015884535906,10.731643056275248,10.256362755895573,10.416808128356934,225000,0.0,0.0
2021-03-10 00:00:00-05:00,10.592387156842547,10.722560354012657,10.444051707966432,10.646878242492676,156600,0.0,0.0
2021-03-11 00:00:00-05:00,10.719532798144373,10.955658534102357,10.674123702961756,10.831542015075684,117600,0.0,0.0
2021-03-12 00:00:00-05:00,10.919329422319121,11.061611631898286,10.783103027939665,10.934466361999512,189600,0.0,0.0
2021-03-15 00:00:00-04:00,10.934468562915654,11.228112433447423,10.68017883804035,11.170595169067383,186300,0.0,0.0
2021-03-16 00:00:00-04:00,11.167568034130058,11.182703244518498,10.707423860169587,10.725587844848633,190500,0.0,0.0
2021-03-17 00:00:00-04:00,10.746778802390233,10.774023915322612,10.371398707621646,10.580279350280762,161100,0.0,0.0
2021-03-18 00:00:00-04:00,10.501568169342539,10.731640662217746,10.129215188440048,10.283605575561523,124800,0.0,0.0
2021-03-19 00:00:00-04:00,10.204898161759516,10.677151354539841,9.962717481413929,10.540924072265625,762000,0.0,0.0
2021-03-22 00:00:00-04:00,10.543951644878002,10.543951644878002,9.941526955674135,10.062617301940918,162000,0.0,0.0
2021-03-23 00:00:00-04:00,9.908227067117664,9.920336101956005,9.38451066077953,9.50257396697998,147300,0.0,0.0
2021-03-24 00:00:00-04:00,9.70539987148207,9.968771554720927,9.414782214520798,9.42991828918457,144000,0.0,0.0
2021-03-25 00:00:00-04:00,9.384510110124337,9.717508981692585,9.184710613962098,9.632745742797852,150300,0.0,0.0
2021-03-26 00:00:00-04:00,9.82043523570238,10.04142662190299,9.717508879748907,9.989962577819824,138600,0.0,0.0
2021-03-29 00:00:00-04:00,9.929418022368123,10.008127181297924,9.59944617584422,9.808327674865723,245700,0.0,0.0
2021-03-30 00:00:00-04:00,9.829517945256084,10.080781501746964,9.778055629629177,10.00510025024414,141000,0.0,0.0
2021-03-31 00:00:00-04:00,9.929417176895571,10.43496955119781,9.929417176895571,10.253334045410156,405900,0.0,0.0
2021-04-01 00:00:00-04:00,9.902171942779782,10.301770951535254,9.902171942779782,10.210952758789062,115500,0.0,0.0
2021-04-05 00:00:00-04:00,10.404697116998165,10.404697116998165,10.210951716653815,10.316905975341797,117900,0.0,0.0
2021-04-06 00:00:00-04:00,10.304798787020506,10.335070940317866,10.147380471890937,10.217007637023926,101400,0.0,0.0
2021-04-07 00:00:00-04:00,10.492488035396148,10.492488035396148,9.94455359135407,10.035371780395508,137400,0.0,0.0
2021-04-08 00:00:00-04:00,10.038401502882706,10.195819854736328,9.989965353422107,10.195819854736328,139500,0.0,0.0
2021-04-09 00:00:00-04:00,10.135269952701167,10.568168956735228,10.065642797767406,10.34717845916748,254400,0.0,0.0
2021-04-12 00:00:00-04:00,10.425888266574763,10.425888266574763,10.111053368520762,10.36534309387207,120000,0.0,0.0
2021-04-13 00:00:00-04:00,10.132243045752634,10.441023818456163,10.132243045752634,10.437995910644531,126300,0.0,0.0
2021-04-14 00:00:00-04:00,10.456159319409027,10.71650394611882,10.338096038317229,10.622658729553223,115500,0.0,0.0
2021-04-15 00:00:00-04:00,10.75283245502204,10.75283245502204,10.537896887599068,10.698341369628906,87600,0.0,0.0
2021-04-16 00:00:00-04:00,10.79521282164524,10.798239863109504,10.51670422038216,10.689258575439453,199200,0.0,0.0
2021-04-19 00:00:00-04:00,10.610552795205802,10.665043023245866,10.550007616213199,10.613580703735352,122700,0.0,0.0
2021-04-20 00:00:00-04:00,10.546978585333001,10.607524623989192,10.319933971744922,10.465242385864258,131700,0.0,0.0
2021-04-21 00:00:00-04:00,10.450107601506602,10.743751483820699,10.43194361594774,10.649907112121582,80400,0.0,0.0
2021-04-22 00:00:00-04:00,10.728613637045573,10.728613637045573,10.3744246095385,10.492487907409668,147600,0.0,0.0
2021-04-23 00:00:00-04:00,10.55000776094256,10.78007944427067,10.465243643083527,10.601470947265625,132300,0.0,0.0
2021-04-26 00:00:00-04:00,10.631741218472612,10.671095358645214,10.474322925569506,10.543950080871582,128400,0.0,0.0
2021-04-27 00:00:00-04:00,10.580276719078066,10.67109489440918,10.407723225276523,10.67109489440918,101100,0.0,0.0
2021-04-28 00:00:00-04:00,10.73164054407671,10.73164054407671,10.534868976717187,10.692285537719727,67800,0.0,0.0
2021-04-29 00:00:00-04:00,10.746777765836622,10.82245987883626,10.668069476933244,10.734668731689453,76200,0.0,0.0
2021-04-30 00:00:00-04:00,10.662014889144963,10.725587970157902,10.525788466886395,10.668069839477539,149700,0.0,0.0
2021-05-03 00:00:00-04:00,10.798239931380868,10.982902453462737,10.683203693948695,10.886030197143555,159000,0.0,0.0
2021-05-04 00:00:00-04:00,10.761916074165915,11.094914988535555,10.69834298724379,10.916306495666504,134400,0.0,0.0
2021-05-05 00:00:00-04:00,10.38653465437873,11.091885677253442,10.313879583355416,10.883004188537598,285000,0.0,0.0
2021-05-06 00:00:00-04:00,10.961712305476617,11.016203387057022,10.634768414313264,10.991985321044922,224700,0.0,0.0
2021-05-07 00:00:00-04:00,10.988958083076405,11.070693404827823,10.873921838520095,11.052530288696289,168300,0.0,0.0
2021-05-10 00:00:00-04:00,11.043452028792784,11.285633632520321,11.013179869643489,11.055561065673828,143400,0.0,0.0
2021-05-11 00:00:00-04:00,10.98896024193215,11.116104678150306,10.680179412076889,10.940524101257324,95400,0.0,0.0
2021-05-12 00:00:00-04:00,10.89511363447476,10.89511363447476,10.604496826925871,10.658987045288086,93300,0.0,0.0
2021-05-13 00:00:00-04:00,10.686233555862122,11.237194181385311,10.686233555862122,11.031340599060059,86700,0.0,0.0
2021-05-14 00:00:00-04:00,11.08583109020603,11.246275568923949,10.95868580431755,11.21600341796875,137400,0.0,0.0
2021-05-17 00:00:00-04:00,11.188757838968494,11.219030857102043,10.970795226390091,11.091885566711426,141300,0.0,0.0
2021-05-18 00:00:00-04:00,11.094935773350644,11.155913652370813,10.658942847985944,10.774801254272461,108900,0.086667,0.0
2021-05-19 00:00:00-04:00,10.680284747464665,10.790044914814384,10.418079467092195,10.707724571228027,103200,0.0,0.0
2021-05-20 00:00:00-04:00,10.701627835327729,10.735165886975363,10.494303045964053,10.726019859313965,84900,0.0,0.0
2021-05-21 00:00:00-04:00,10.756508328625262,11.009566744678013,10.604063194899565,10.689433097839355,120000,0.0,0.0
2021-05-24 00:00:00-04:00,10.811385719982773,10.811385719982773,10.625403445952154,10.66199016571045,66900,0.0,0.0
2021-05-25 00:00:00-04:00,10.5827195488427,10.655892995587797,10.296123985239223,10.338808059692383,72300,0.0,0.0
2021-05-26 00:00:00-04:00,10.378445932632028,10.506499048050545,10.222952116226894,10.479059219360352,115500,0.0,0.0
2021-05-27 00:00:00-04:00,10.604064410697555,10.692482127355852,10.48820686340332,10.48820686340332,110100,0.0,0.0
2021-05-28 00:00:00-04:00,10.610160611173425,10.610160611173425,10.329661516689512,10.476008415222168,75600,0.0,0.0
2021-06-01 00:00:00-04:00,10.579672875769745,10.777850780140424,10.405886124930733,10.652846336364746,177000,0.0,0.0
2021-06-02 00:00:00-04:00,10.695530143515363,10.701628367889496,10.476009767382429,10.58881950378418,86700,0.0,0.0
2021-06-03 00:00:00-04:00,10.506497148764684,10.567475019440003,10.341857334089456,10.491252899169922,110400,0.0,0.0
2021-06-04 00:00:00-04:00,10.543084434765959,10.631502133897603,10.387590638157677,10.53393840789795,57900,0.0,0.0
2021-06-07 00:00:00-04:00,10.506495608680895,10.597962837434379,10.366246090537855,10.436370849609375,81300,0.0,0.0
2021-06-08 00:00:00-04:00,10.485154740656037,10.6497954286435,10.454666241278375,10.552230834960938,52500,0.0,0.0
2021-06-09 00:00:00-04:00,10.540037456952641,10.582722415263678,10.347956889146026,10.543087005615234,95100,0.0,0.0
2021-06-10 00:00:00-04:00,10.579671482690669,10.60101395729472,10.41808032989502,10.41808032989502,63300,0.0,0.0
2021-06-11 00:00:00-04:00,10.503448731650954,10.774800939587998,10.503448731650954,10.674187660217285,92700,0.0,0.0
2021-06-14 00:00:00-04:00,10.747359915843042,10.747359915843042,10.354051997234832,10.454666137695312,96900,0.0,0.0
2021-06-15 00:00:00-04:00,10.479057350990514,10.680284760865625,10.393687459537345,10.515644073486328,71700,0.0,0.0
2021-06-16 00:00:00-04:00,10.497352560817605,10.744312752819061,10.408933982000361,10.689433097839355,161400,0.0,0.0
2021-06-17 00:00:00-04:00,10.619307085182662,10.762606186399188,10.390639828524408,10.396738052368164,144300,0.0,0.0
2021-06-18 00:00:00-04:00,10.152828487623108,10.250393109424554,9.820498340389534,9.93940544128418,310800,0.0,0.0
2021-06-21 00:00:00-04:00,10.03696515461837,10.204654484407119,9.817443990622996,9.866227149963379,111900,0.0,0.0
2021-06-22 00:00:00-04:00,9.820497281307974,9.884524711682593,9.518656547087323,9.805253028869629,122700,0.0,0.0
2021-06-23 00:00:00-04:00,9.829643731301728,9.875377358817705,9.54914461442847,9.643660545349121,133800,0.0,0.0
2021-06-24 00:00:00-04:00,9.710735981865891,9.945500582806057,9.521704133004953,9.93635368347168,122400,0.0,0.0
2021-06-25 00:00:00-04:00,9.92111059222574,10.009527423263933,9.60707343616254,9.698540687561035,331500,0.0,0.0
2021-06-28 00:00:00-04:00,9.719883650459405,9.719883650459405,9.369259750694964,9.427189826965332,90600,0.0,0.0
2021-06-29 00:00:00-04:00,9.363161549275901,9.439383674153943,9.26864562594119,9.308281898498535,88200,0.0,0.0
2021-06-30 00:00:00-04:00,9.34791785861388,9.55829131968709,9.274744404997426,9.436335563659668,143700,0.0,0.0
2021-07-01 00:00:00-04:00,9.530850041498482,9.558289864352602,9.350965110673018,9.39365005493164,87900,0.0,0.0
2021-07-02 00:00:00-04:00,9.445482905504461,9.475971409790056,9.296086443156517,9.44243335723877,119700,0.0,0.0
2021-07-06 00:00:00-04:00,9.414994207774049,9.414994207774049,9.015588841218706,9.113153457641602,90600,0.0,0.0
2021-07-07 00:00:00-04:00,9.076564580485872,9.164983147436434,9.01863538510702,9.085711479187012,94800,0.0,0.0
2021-07-08 00:00:00-04:00,8.963757546536094,9.064370835665336,8.841801780228996,9.000344276428223,132600,0.0,0.0
2021-07-09 00:00:00-04:00,9.052174913390115,9.439384674704202,9.03693066125792,9.344869613647461,87600,0.0,0.0
2021-07-12 00:00:00-04:00,9.299136069544078,9.35401659893418,9.183277658774095,9.28693962097168,40500,0.0,0.0
2021-07-13 00:00:00-04:00,9.195472460505279,9.219863611002737,9.055222908996718,9.155837059020996,65400,0.0,0.0
2021-07-14 00:00:00-04:00,9.168032441409721,9.238158094657312,8.695454519721315,8.850948333740234,333300,0.0,0.0
2021-07-15 00:00:00-04:00,8.777774045495738,8.927169621141163,8.689355472541537,8.829604148864746,183000,0.0,0.0
2021-07-16 00:00:00-04:00,8.921071248988861,9.116201317997115,8.817409299383803,8.899728775024414,732300,0.0,0.0
2021-07-19 00:00:00-04:00,8.789968282132012,9.067417816688433,8.722893059350357,8.799115180969238,183300,0.0,0.0
2021-07-20 00:00:00-04:00,8.817406827959845,9.049122684107816,8.817406827959845,8.951558113098145,133500,0.0,0.0
2021-07-21 00:00:00-04:00,9.0521741859078,9.33877063890196,8.92412108261415,9.107054710388184,90000,0.0,0.0
2021-07-22 00:00:00-04:00,9.049124891310267,9.049124891310267,8.7686266812402,8.799115180969238,51300,0.0,0.0
2021-07-23 00:00:00-04:00,8.91802305088258,9.0094903028871,8.817409771514697,8.85704517364502,85500,0.0,0.0
2021-07-26 00:00:00-04:00,8.875337286440299,9.046076199338156,8.875337286440299,8.991195678710938,68700,0.0,0.0
2021-07-27 00:00:00-04:00,8.975951368151716,8.997294715527056,8.814361084056586,8.844849586486816,97800,0.0,0.0
2021-07-28 00:00:00-04:00,8.850947489585261,9.009489964447296,8.777774039648936,8.960707664489746,69900,0.0,0.0
2021-07-29 00:00:00-04:00,8.914975053379058,9.216815786744228,8.914975053379058,9.033882141113281,79500,0.0,0.0
2021-07-30 00:00:00-04:00,9.036929169796723,9.055222094876997,8.820457510519816,8.869239807128906,75600,0.0,0.0
2021-08-02 00:00:00-04:00,8.841801611089213,9.06132198624266,8.756431704010888,8.805214881896973,91800,0.0,0.0
2021-08-03 00:00:00-04:00,8.86619234606498,8.878388795384009,8.668015309819072,8.823508262634277,144000,0.0,0.0
2021-08-04 00:00:00-04:00,8.683258056955648,9.335722688485102,8.332635025074271,8.442395210266113,130800,0.0,0.0
2021-08-05 00:00:00-04:00,8.460688226314558,8.500323626996675,8.094820976257324,8.094820976257324,213300,0.0,0.0
2021-08-06 00:00:00-04:00,8.23202271192743,8.50947231976991,8.2289740356085,8.393614768981934,111300,0.0,0.0
2021-08-09 00:00:00-04:00,8.393612510024314,8.393612510024314,8.107015205763423,8.137504577636719,97200,0.0,0.0
2021-08-10 00:00:00-04:00,8.125308937728962,8.378367320278201,7.765539062929374,8.280802726745605,284400,0.0,0.0
2021-08-11 00:00:00-04:00,8.27470732210477,8.418004698338768,8.113115271835886,8.32958698272705,81600,0.0,0.0
2021-08-12 00:00:00-04:00,8.350927867347002,8.607034936745656,8.134456197757395,8.213726997375488,65700,0.0,0.0
2021-08-13 00:00:00-04:00,8.164946136987998,8.314341719757241,7.9667673796061935,8.268608093261719,142200,0.0,0.0
2021-08-16 00:00:00-04:00,8.250315024900813,8.436297331225544,8.094821220853937,8.122261047363281,99000,0.0,0.0
2021-08-17 00:00:00-04:00,7.9067342963286755,8.149970155555152,7.7897340108683,7.8605499267578125,125400,0.086667,0.0
2021-08-18 00:00:00-04:00,7.820526581674041,7.974473358818222,7.7620255378720575,7.795894145965576,81900,0.0,0.0
2021-08-19 00:00:00-04:00,8.079154312081364,8.079154312081364,7.6912070559375785,7.725074768066406,114900,0.0,0.0
2021-08-20 00:00:00-04:00,7.697367061807789,7.9067361351002585,7.697367061807789,7.758945941925049,251100,0.0,0.0
2021-08-23 00:00:00-04:00,7.875945115367507,8.011418632029722,7.7774189214313525,7.863629341125488,127800,0.0,0.0
2021-08-24 00:00:00-04:00,7.937524645997992,8.731892591048243,7.8420771674695,7.992945194244385,83400,0.0,0.0
2021-08-25 00:00:00-04:00,8.036050718789912,8.036050718789912,7.8143667675845805,7.838998317718506,98700,0.0,0.0
2021-08-26 00:00:00-04:00,7.808208399934072,7.826682502887516,7.749709129333496,7.749709129333496,53100,0.0,0.0
2021-08-27 00:00:00-04:00,7.81436607819497,8.042208337280217,7.81436607819497,7.9498395919799805,121200,0.0,0.0
2021-08-30 00:00:00-04:00,8.014498604072582,8.06376082240781,7.820524930635263,7.829761981964111,70800,0.0,0.0
2021-08-31 00:00:00-04:00,7.82667976831137,7.928284656374279,7.74970642165119,7.789732456207275,68100,0.0,0.0
2021-09-01 00:00:00-04:00,7.798971223605483,7.854392650684875,7.697366301669249,7.829761981964111,120300,0.0,0.0
2021-09-02 00:00:00-04:00,7.866708207817699,7.949839015487207,7.811286788477784,7.885181427001953,79800,0.0,0.0
2021-09-03 00:00:00-04:00,7.903655286847706,7.9436813279416425,7.802049501295106,7.875944137573242,94200,0.0,0.0
2021-09-07 00:00:00-04:00,7.835919027007349,7.922130336821441,7.755866926313911,7.811288356781006,70800,0.0,0.0
2021-09-08 00:00:00-04:00,7.771258527508619,7.866706853621912,7.700443505116758,7.79896879196167,80700,0.0,0.0
2021-09-09 00:00:00-04:00,7.774339839706731,7.928286570188389,7.6696553230285645,7.6696553230285645,115800,0.0,0.0
2021-09-10 00:00:00-04:00,7.817444584288013,7.817444584288013,7.635787583793189,7.700445175170898,89100,0.0,0.0
2021-09-13 00:00:00-04:00,7.721997737519258,7.888261135414254,7.660418864390313,7.740471839904785,150900,0.0,0.0
2021-09-14 00:00:00-04:00,7.7219981517758365,7.749709306840727,7.580367176428128,7.64502477645874,185100,0.0,0.0
2021-09-15 00:00:00-04:00,7.666577032061041,7.669655755429779,7.515709016268884,7.580366611480713,139500,0.0,0.0
2021-09-16 00:00:00-04:00,7.604997876645816,7.604997876645816,7.177024903945345,7.253998279571533,164100,0.0,0.0
2021-09-17 00:00:00-04:00,7.235525073449261,7.491077648030114,7.112367312313162,7.1585516929626465,1763700,0.0,0.0
2021-09-20 00:00:00-04:00,7.109287842725932,7.552656149284007,7.103129515249786,7.546497821807861,620100,0.0,0.0
2021-09-21 00:00:00-04:00,7.54957625343079,7.688128486014355,7.392549920026156,7.411023139953613,142500,0.0,0.0
2021-09-22 00:00:00-04:00,7.491076846939113,7.626551250595067,7.472603625191109,7.55881404876709,151200,0.0,0.0
2021-09-23 00:00:00-04:00,7.57728491817252,7.814364170076287,7.568047869719279,7.709680557250977,194400,0.0,0.0
2021-09-24 00:00:00-04:00,7.663500673638911,7.94984229585053,7.660421068426143,7.712763786315918,133200,0.0,0.0
2021-09-27 00:00:00-04:00,7.755866628851948,7.989866355518239,7.72507675068584,7.95907735824585,139200,0.0,0.0
2021-09-28 00:00:00-04:00,7.829762700719824,7.928288027328394,7.771261663898079,7.802051544189453,99000,0.0,0.0
2021-09-29 00:00:00-04:00,7.851314142911139,7.9190504657650305,7.768182440454967,7.814366817474365,100200,0.0,0.0
2021-09-30 00:00:00-04:00,7.842075335664521,7.857470711820125,7.543418075469994,7.564970016479492,134700,0.0,0.0
2021-10-01 00:00:00-04:00,7.586524126121985,7.743550470950762,7.528023977124021,7.675814151763916,130500,0.0,0.0
2021-10-04 00:00:00-04:00,7.660418696469178,7.851313639431217,7.583445326968722,7.808207988739014,142500,0.0,0.0
2021-10-05 00:00:00-04:00,7.808208891099272,7.949840753005801,7.506472824958217,7.832840442657471,159000,0.0,0.0
2021-10-06 00:00:00-04:00,7.820524930635263,7.851313927206491,7.694287578190866,7.829761981964111,128400,0.0,0.0
2021-10-07 00:00:00-04:00,7.882105414216884,8.005264082096252,7.842079353670126,7.965237140655518,210900,0.0,0.0
2021-10-08 00:00:00-04:00,7.94984042126316,8.106866776117496,7.8913402685301755,7.992945194244385,113100,0.0,0.0
2021-10-11 00:00:00-04:00,7.965235414661147,8.02065684724224,7.851314706608739,7.879024982452393,71100,0.0,0.0
2021-10-12 00:00:00-04:00,7.89749980877035,7.9436841933268525,7.725078047699818,7.768183708190918,67800,0.0,0.0
2021-10-13 00:00:00-04:00,7.783577454547852,8.069918993013093,7.740471803115621,8.017577171325684,146100,0.0,0.0
2021-10-14 00:00:00-04:00,8.11918253642909,8.393209196244705,8.106866761186605,8.143814086914062,162900,0.0,0.0
2021-10-15 00:00:00-04:00,8.279286718505535,8.31315531698017,8.017576743151283,8.23926067352295,398400,0.0,0.0
2021-10-18 00:00:00-04:00,8.165365532674494,8.199234129086031,7.669655002341489,7.8605499267578125,156000,0.0,0.0
2021-10-19 00:00:00-04:00,7.851312592147197,7.934444278183488,7.792813332430501,7.875944137573242,139800,0.0,0.0
2021-10-20 00:00:00-04:00,7.903656220071504,7.996024085878731,7.851313519190633,7.906734943389893,74100,0.0,0.0
2021-10-21 00:00:00-04:00,7.931366371456117,8.005261015338851,7.808207750757922,7.9498395919799805,98400,0.0,0.0
2021-10-22 00:00:00-04:00,7.983709023465807,8.066839845835398,7.977551576280089,7.992945194244385,81900,0.0,0.0
2021-10-25 00:00:00-04:00,8.017576053955429,8.189996873867546,7.977550012413507,8.066838264465332,174300,0.0,0.0
2021-10-26 00:00:00-04:00,8.094549600661871,8.094549600661871,7.765102449082749,7.986786365509033,115800,0.0,0.0
2021-10-27 00:00:00-04:00,8.014499939103075,8.014499939103075,7.81128918048669,7.85439395904541,145500,0.0,0.0
2021-10-28 00:00:00-04:00,7.894418955330141,8.076075958704365,7.894418955330141,7.999102592468262,66000,0.0,0.0
2021-10-29 00:00:00-04:00,8.036049504500804,8.140733136304886,7.943681645902707,7.962154865264893,128100,0.0,0.0
2021-11-01 00:00:00-04:00,8.005261342836723,8.193076683498846,7.999103015147736,8.174603462219238,76200,0.0,0.0
2021-11-02 00:00:00-04:00,8.165364871185155,8.180759366163782,8.039127545858578,8.072996139526367,89700,0.0,0.0
2021-11-03 00:00:00-04:00,8.097627951627553,8.430153774813522,8.097627951627553,8.32239055633545,87000,0.0,0.0
2021-11-04 00:00:00-04:00,8.377812086819441,8.439391831211708,8.17152355476889,8.260811805725098,84300,0.0,0.0
2021-11-05 00:00:00-04:00,8.288524070282886,8.571786880493164,8.236182249489186,8.571786880493164,252900,0.0,0.0
2021-11-08 00:00:00-05:00,8.661076545690388,8.784234284147232,8.574865247876968,8.756523132324219,81900,0.0,0.0
2021-11-09 00:00:00-05:00,8.70726251861316,8.71034124241718,8.513288824659323,8.688788414001465,168300,0.0,0.0
2021-11-10 00:00:00-05:00,8.704180832683292,8.713417882780494,8.402444830585713,8.64260196685791,77100,0.0,0.0
2021-11-11 00:00:00-05:00,8.6272111373917,8.738053142987836,8.550237742617874,8.704184532165527,56700,0.0,0.0
2021-11-12 00:00:00-05:00,8.75652165797536,8.885837702028724,8.473258907218002,8.51020622253418,54900,0.0,0.0
2021-11-15 00:00:00-05:00,8.55023421936983,8.55023421936983,8.233101955142395,8.485576629638672,134700,0.0,0.0
2021-11-16 00:00:00-05:00,8.498008703650896,8.585041060400275,8.426519236623038,8.53219985961914,72600,0.086667,0.0
2021-11-17 00:00:00-05:00,8.48868555148257,8.544633913820485,8.345704822337792,8.50733470916748,90000,0.0,0.0
2021-11-18 00:00:00-05:00,8.429628203407985,8.672073476806592,8.34881281584739,8.585041999816895,107400,0.0,0.0
2021-11-19 00:00:00-05:00,8.494897971822127,8.494897971822127,8.292860922869924,8.345701217651367,71400,0.0,0.0
2021-11-22 00:00:00-05:00,8.423411377064348,8.60679935778783,8.379896082423953,8.442061424255371,270000,0.0,0.0
2021-11-23 00:00:00-05:00,8.476251528402468,8.572607129272406,8.323946682214196,8.538416862487793,126300,0.0,0.0
2021-11-24 00:00:00-05:00,8.451383694065404,8.553957152420395,8.43273454027186,8.445168495178223,44400,0.0,0.0
2021-11-26 00:00:00-05:00,8.221373677173608,8.417194712894998,7.919871122911906,8.112584114074707,63900,0.0,0.0
2021-11-29 00:00:00-05:00,8.177858798952176,8.205832979960057,7.798648886572028,7.820407867431641,99600,0.0,0.0
2021-11-30 00:00:00-05:00,7.776890979033716,7.779999023467589,7.568636884151577,7.590394973754883,189300,0.0,0.0
2021-12-01 00:00:00-05:00,7.646344021617223,7.792432794606934,7.391466569347087,7.428765773773193,177300,0.0,0.0
2021-12-02 00:00:00-05:00,7.444306162823374,7.677425959423641,7.347950110656792,7.612152576446533,78900,0.0,0.0
2021-12-03 00:00:00-05:00,7.546880227891785,7.599720550435728,7.394574905666661,7.5593132972717285,68700,0.0,0.0
2021-12-06 00:00:00-05:00,7.658776143033789,7.863922186660214,7.478497121900723,7.792431831359863,94800,0.0,0.0
2021-12-07 00:00:00-05:00,7.851491794643803,8.065962044320475,7.851491794643803,7.929198265075684,92700,0.0,0.0
2021-12-08 00:00:00-05:00,8.634774088895186,8.98600892338804,8.438953047508729,8.703155517578125,257700,0.0,0.0
2021-12-09 00:00:00-05:00,8.703154428674372,8.92694962246335,8.591256831779884,8.877218246459961,98700,0.0,0.0
2021-12-10 00:00:00-05:00,8.930059486334212,9.085472386903634,8.513551276527185,8.861677169799805,156900,0.0,0.0
2021-12-13 00:00:00-05:00,8.861677873580412,9.306160298504732,8.780863372294107,9.097907066345215,140100,0.0,0.0
2021-12-14 00:00:00-05:00,9.094796510174051,9.247102240375325,8.780861806226705,8.808835983276367,211500,0.0,0.0
2021-12-15 00:00:00-05:00,8.861677873580412,9.166288499027226,8.746672211311495,9.097907066345215,135900,0.0,0.0
2021-12-16 00:00:00-05:00,9.001548960366527,9.299943472527623,8.87411112886633,8.911410331726074,225900,0.0,0.0
2021-12-17 00:00:00-05:00,8.880327796998776,8.998442403558258,8.473145432086596,8.510444641113281,616800,0.0,0.0
2021-12-20 00:00:00-05:00,8.485577363611364,8.712480632435534,8.302188498890239,8.619232177734375,226500,0.0,0.0
2021-12-21 00:00:00-05:00,8.678290037566523,8.964249701763197,8.678290037566523,8.930059432983398,57000,0.0,0.0
2021-12-22 00:00:00-05:00,8.933170279843893,8.986011500438353,8.693832987607442,8.958036422729492,102000,0.0,0.0
2021-12-23 00:00:00-05:00,9.041955834946696,9.390081679710178,8.914517131952246,9.172503471374512,83400,0.0,0.0
2021-12-27 00:00:00-05:00,9.147641100519694,9.169398307800293,8.95492805543878,9.169398307800293,57000,0.0,0.0
2021-12-28 00:00:00-05:00,9.10101401213113,9.29372699686715,9.10101401213113,9.191153526306152,59100,0.0,0.0
2021-12-29 00:00:00-05:00,9.172504360116246,9.309267208812956,9.172504360116246,9.212911605834961,40800,0.0,0.0
2021-12-30 00:00:00-05:00,9.10412116671703,9.315483286806522,9.038846903844778,9.141420364379883,53100,0.0,0.0
2021-12-31 00:00:00-05:00,9.091688073405177,9.191152600206086,9.091688073405177,9.16628646850586,38700,0.0,0.0
2022-01-03 00:00:00-05:00,9.172503389114983,9.346565420652707,9.069930818809231,9.247101783752441,65100,0.0,0.0
2022-01-04 00:00:00-05:00,9.318592843526236,9.576580114173852,9.194262164469048,9.48643970489502,89700,0.0,0.0
2022-01-05 00:00:00-05:00,9.458465844859099,9.467789979141896,9.085472905768228,9.228453636169434,99300,0.0,0.0
2022-01-06 00:00:00-05:00,9.290618037211665,9.414949597176621,9.166287366529813,9.265752792358398,71700,0.0,0.0
2022-01-07 00:00:00-05:00,9.29683717236365,9.309269353033145,9.063716888427734,9.063716888427734,48600,0.0,0.0
2022-01-10 00:00:00-05:00,9.0357425722716,9.32481213989297,8.77154003592577,9.169398307800293,113100,0.0,0.0
2022-01-11 00:00:00-05:00,9.175612562227709,9.175612562227709,8.917625304092674,9.05749797821045,49200,0.0,0.0
2022-01-12 00:00:00-05:00,8.839920149605208,9.041958189807321,8.709373368461197,8.774646759033203,105000,0.0,0.0
2022-01-13 00:00:00-05:00,8.867896302914682,8.867896302914682,8.662750192749508,8.71869945526123,56400,0.0,0.0
2022-01-14 00:00:00-05:00,8.687615151659275,8.967359647578547,8.687615151659275,8.90208625793457,63900,0.0,0.0
2022-01-18 00:00:00-05:00,8.827487085633138,8.8678943339132,8.644099112123866,8.703155517578125,57300,0.0,0.0
2022-01-19 00:00:00-05:00,8.644100612694185,8.644100612694185,8.097044641848838,8.317731857299805,195600,0.0,0.0
2022-01-20 00:00:00-05:00,8.302189287569526,8.407871709601263,7.93541419113442,8.013120651245117,194100,0.0,0.0
2022-01-21 00:00:00-05:00,7.916763707816843,8.414086448059034,7.916763707816843,7.997579097747803,463800,0.0,0.0
2022-01-24 00:00:00-05:00,7.954062514883643,8.83991926852628,7.954062514883643,8.712480545043945,184200,0.0,0.0
2022-01-25 00:00:00-05:00,8.6254484626854,9.371433372449946,8.541525038060463,9.303051948547363,291900,0.0,0.0
2022-01-26 00:00:00-05:00,9.247103699620203,9.635636863201398,8.948710059247471,9.216020584106445,162000,0.0,0.0
2022-01-27 00:00:00-05:00,9.247103594235979,9.467789887950874,8.799513138777828,9.321702003479004,159600,0.0,0.0
2022-01-28 00:00:00-05:00,9.321704842271773,9.738212309411836,9.03263614074408,9.3154878616333,173100,0.0,0.0
2022-01-31 00:00:00-05:00,9.191156235621358,9.887409087902464,9.191156235621358,9.281295776367188,837000,0.0,0.0
2022-02-01 00:00:00-05:00,9.284404935474274,9.34967833626247,8.926953030653852,9.113449096679688,152100,0.0,0.0
2022-02-02 00:00:00-05:00,9.144530562809214,9.299943463261734,8.755996533111635,8.892760276794434,133200,0.0,0.0
2022-02-03 00:00:00-05:00,8.824378910061682,9.051283085282652,8.721806313580686,8.90208625793457,82800,0.0,0.0
2022-02-04 00:00:00-05:00,8.833703264235119,8.836812198198217,8.54774270016892,8.659640312194824,376800,0.0,0.0
2022-02-07 00:00:00-05:00,8.703156047730191,9.113447312670164,8.640991593840683,9.045065879821777,219600,0.0,0.0
2022-02-08 00:00:00-05:00,8.970468492944946,9.063716962999843,8.874112866980422,9.023309707641602,106800,0.0,0.0
2022-02-09 00:00:00-05:00,8.566393332024358,8.566393332024358,7.428766198119725,7.431873798370361,771600,0.0,0.0
2022-02-10 00:00:00-05:00,7.425656379051179,7.487821715904314,6.928333239584537,6.9500908851623535,396600,0.0,0.0
2022-02-11 00:00:00-05:00,6.887926209602143,7.279568288737082,6.71386281629685,7.180103302001953,374100,0.0,0.0
2022-02-14 00:00:00-05:00,7.232944627510524,7.232944627510524,6.922117039004134,7.111721992492676,352500,0.0,0.0
2022-02-15 00:00:00-05:00,7.262635028105346,7.482714673008912,7.234339298636858,7.33494758605957,170100,0.086667,0.0
2022-02-16 00:00:00-05:00,7.334945966129459,7.397824951281427,7.121153908543958,7.316082000732422,133800,0.0,0.0
2022-02-17 00:00:00-05:00,7.2311945036775365,7.256346009777745,7.073994329845994,7.089714527130127,129000,0.0,0.0
2022-02-18 00:00:00-05:00,7.014259060329744,7.152594375670647,7.007970621254844,7.0865702629089355,120000,0.0,0.0
2022-02-22 00:00:00-05:00,7.067706390307967,7.2028988371930245,6.960811020136829,7.042555332183838,222000,0.0,0.0
2022-02-23 00:00:00-05:00,7.042554064060176,7.124297012130633,6.7218662122817845,6.731297969818115,163500,0.0,0.0
2022-02-24 00:00:00-05:00,6.655842991704652,6.762738806532237,6.54894672712461,6.725010871887207,315900,0.0,0.0
2022-02-25 00:00:00-05:00,6.765882382723124,6.813042074804538,6.602394670603317,6.608683109283447,129900,0.0,0.0
2022-02-28 00:00:00-05:00,6.6023945704987685,6.797322674053972,6.5552344293799445,6.646410942077637,210900,0.0,0.0
2022-03-01 00:00:00-05:00,6.703002950168373,6.703002950168373,6.429475206653451,6.467203140258789,363600,0.0,0.0
2022-03-02 00:00:00-05:00,6.498642707441507,6.668418860305861,6.448339245160801,6.618114948272705,174000,0.0,0.0
2022-03-03 00:00:00-05:00,6.59296239579318,6.596106165349071,6.379170324657242,6.4640583992004395,402600,0.0,0.0
2022-03-04 00:00:00-05:00,6.413753542955541,6.693569211425645,6.363449642983597,6.649553298950195,298500,0.0,0.0
2022-03-07 00:00:00-05:00,6.693570888846246,7.121154595513332,6.693570888846246,7.00482702255249,212700,0.0,0.0
2022-03-08 00:00:00-05:00,7.0174016994872135,7.140017696395155,6.81304140480571,6.923081874847412,206700,0.0,0.0
2022-03-09 00:00:00-05:00,6.941946779004934,7.051986814182401,6.680994554233309,7.017402648925781,174600,0.0,0.0
2022-03-10 00:00:00-05:00,6.919937519713167,6.938801483044066,6.791033095656812,6.913649082183838,97500,0.0,0.0
2022-03-11 00:00:00-05:00,6.869633675481491,6.938802450173582,6.64641075291494,6.677850246429443,154200,0.0,0.0
2022-03-14 00:00:00-04:00,6.6558428056774135,6.706146717131486,6.4011790290649495,6.5175065994262695,117900,0.0,0.0
2022-03-15 00:00:00-04:00,6.5395140560157845,6.583530426407287,6.445194226074905,6.53322696685791,135900,0.0,0.0
2022-03-16 00:00:00-04:00,6.5426596897069,6.6715628016712065,6.432619647007322,6.58667516708374,150600,0.0,0.0
2022-03-17 00:00:00-04:00,6.652697859921075,6.747018139727464,6.62125836632218,6.680994033813477,96300,0.0,0.0
2022-03-18 00:00:00-04:00,6.655843257904053,6.70614717277599,6.523795481365219,6.655843257904053,238800,0.0,0.0
2022-03-21 00:00:00-04:00,6.674706070986699,6.674706070986699,6.467202458046483,6.495498180389404,136500,0.0,0.0
2022-03-22 00:00:00-04:00,6.567811528729712,6.621259667809035,6.2974284125137805,6.3288679122924805,242700,0.0,0.0
2022-03-23 00:00:00-04:00,6.385457434591362,6.5175051732635705,6.269129889684875,6.332009315490723,180900,0.0,0.0
2022-03-24 00:00:00-04:00,6.445194927801577,6.567810944950867,6.31000338171009,6.369739055633545,280800,0.0,0.0
2022-03-25 00:00:00-04:00,6.3728835155433075,6.470347122348435,6.3257233721115815,6.398034572601318,198600,0.0,0.0
2022-03-28 00:00:00-04:00,6.338297552005789,6.423185612219807,6.281705661780566,6.306858062744141,184500,0.0,0.0
2022-03-29 00:00:00-04:00,6.57724255340702,6.784746646867538,6.533227528489028,6.687283039093018,351900,0.0,0.0
2022-03-30 00:00:00-04:00,6.627546891449442,6.72186672273734,6.3288667510757834,6.3571624755859375,231600,0.0,0.0
2022-03-31 00:00:00-04:00,6.33829834633874,6.344586784681991,6.074202825523853,6.105642318725586,571800,0.0,0.0
2022-04-01 00:00:00-04:00,6.146516024710221,6.328867726642182,6.052196178883344,6.310003757476807,202200,0.0,0.0
2022-04-04 00:00:00-04:00,6.350874315905443,6.36030607390417,6.165378877574567,6.341442108154297,187200,0.0,0.0
2022-04-05 00:00:00-04:00,6.316291060899464,6.398034013075421,6.089923021877141,6.105642318725586,215400,0.0,0.0
2022-04-06 00:00:00-04:00,6.10564288997435,6.2911392453876696,6.027043250111333,6.159091472625732,241500,0.0,0.0
2022-04-07 00:00:00-04:00,6.184243114329188,6.247122553165171,6.0459069096822216,6.127651214599609,232500,0.0,0.0
2022-04-08 00:00:00-04:00,6.155946563674667,6.196818260899008,6.0679138319533825,6.09621000289917,233100,0.0,0.0
2022-04-11 00:00:00-04:00,6.061626132146603,6.118218018578684,5.91385775405656,5.9452972412109375,178500,0.0,0.0
2022-04-12 00:00:00-04:00,5.9861704191187775,6.14336966927023,5.926433858526755,5.998746395111084,468600,0.0,0.0
2022-04-13 00:00:00-04:00,5.992458779505844,6.203107080905715,5.992458779505844,6.127651214599609,255600,0.0,0.0
2022-04-14 00:00:00-04:00,6.152802738177377,6.21568307670112,6.0930670687208615,6.130795001983643,142800,0.0,0.0
2022-04-18 00:00:00-04:00,6.124506835620089,6.237691090192499,6.055339404649248,6.20625114440918,242400,0.0,0.0
2022-04-19 00:00:00-04:00,6.199963340733626,6.423187653294917,6.199963340733626,6.36659574508667,202200,0.0,0.0
2022-04-20 00:00:00-04:00,6.350875033522422,6.530082953272022,6.350875033522422,6.457771301269531,135600,0.0,0.0
2022-04-21 00:00:00-04:00,6.489210696179074,6.558378122779447,6.429475027841504,6.454626083374023,141900,0.0,0.0
2022-04-22 00:00:00-04:00,6.394890606745699,6.5395138926224625,6.394890606745699,6.473490238189697,171900,0.0,0.0
2022-04-25 00:00:00-04:00,6.413754475493544,6.5175060593946315,6.379169864605835,6.511218070983887,213300,0.0,0.0
2022-04-26 00:00:00-04:00,6.448338687749907,6.514362791462359,6.394890560958647,6.420042514801025,261600,0.0,0.0
2022-04-27 00:00:00-04:00,6.457771161182209,6.476635128654403,6.287995453932463,6.303714752197266,158400,0.0,0.0
2022-04-28 00:00:00-04:00,6.3728834492823,6.3728834492823,6.0993556996281555,6.196819305419922,390900,0.0,0.0
2022-04-29 00:00:00-04:00,6.234546370997165,6.265985862239931,6.023898541453409,6.067914009094238,180000,0.0,0.0
2022-05-02 00:00:00-04:00,6.045907300324719,6.228258989013379,5.932723493552447,6.215683460235596,255900,0.0,0.0
2022-05-03 00:00:00-04:00,6.256554784618063,6.3100029149933885,6.152802743184758,6.2282586097717285,155700,0.0,0.0
2022-05-04 00:00:00-04:00,6.523796011243467,7.268923485433775,6.335156315151939,7.243771076202393,347100,0.0,0.0
2022-05-05 00:00:00-04:00,7.0928575603281026,7.416689183185835,6.791033671680294,7.303504943847656,282600,0.0,0.0
2022-05-06 00:00:00-04:00,7.272066503699909,7.353810813307953,7.1054341147502225,7.265778064727783,657600,0.0,0.0
2022-05-09 00:00:00-04:00,7.240624958054058,7.778248109048778,7.171456196709569,7.7625274658203125,351600,0.0,0.0
2022-05-10 00:00:00-04:00,7.844274152995772,8.243561702510949,7.190322359593978,8.142953872680664,415800,0.0,0.0
2022-05-11 00:00:00-04:00,8.117800282130704,8.168104186925994,7.8537047819554235,8.02662467956543,207300,0.0,0.0
2022-05-12 00:00:00-04:00,8.042345648668803,8.218409342242344,7.806545834185156,8.193258285522461,185700,0.0,0.0
2022-05-13 00:00:00-04:00,8.230984668414592,8.337880012468972,7.803399694178125,7.995184898376465,187500,0.0,0.0
2022-05-16 00:00:00-04:00,7.995185555846547,8.127232862243545,7.869424888580397,8.017192840576172,171300,0.0,0.0
2022-05-17 00:00:00-04:00,8.122013160342235,8.439652165216579,8.115661761576286,8.18871784210205,201000,0.086667,0.0
2022-05-18 00:00:00-04:00,8.19507133726668,8.392007417937512,8.128366653237075,8.201423645019531,195000,0.0,0.0
2022-05-19 00:00:00-04:00,8.11248392787767,8.252244676877824,7.928253395264866,7.9377827644348145,167400,0.0,0.0
2022-05-20 00:00:00-04:00,8.017195556352702,8.020372619977822,7.8266126335432515,7.966373443603516,133500,0.0,0.0
2022-05-23 00:00:00-04:00,7.998134016349124,8.115660779260127,7.899665991282851,8.077544212341309,349800,0.0,0.0
2022-05-24 00:00:00-04:00,8.102955003084618,8.131542203391563,7.798022443088649,8.08707332611084,151800,0.0,0.0
2022-05-25 00:00:00-04:00,8.048955615609026,8.242714591792309,8.039427156037329,8.185540199279785,76800,0.0,0.0
2022-05-26 00:00:00-04:00,8.204601376517003,8.423772394007647,8.204601376517003,8.315775871276855,109200,0.0,0.0
2022-05-27 00:00:00-04:00,8.309421141312228,8.461887434199847,8.29353855422501,8.379301071166992,94800,0.0,0.0
2022-05-31 00:00:00-04:00,8.318947441763674,8.547647730449187,8.223656487851052,8.538118362426758,111600,0.0,0.0
2022-06-01 00:00:00-04:00,8.50635734863114,8.71599805003751,8.395183781245834,8.646117210388184,168900,0.0,0.0
2022-06-02 00:00:00-04:00,8.623882895622117,8.82717128137811,8.592119539733128,8.738232612609863,148200,0.0,0.0
2022-06-03 00:00:00-04:00,8.735056064008216,8.827170882448227,8.639764183106275,8.763643264770508,90300,0.0,0.0
2022-06-06 00:00:00-04:00,8.87481476025656,9.201983084722956,8.798581628954858,9.078104019165039,231900,0.0,0.0
2022-06-07 00:00:00-04:00,8.979636283272335,9.395742365401626,8.811288340147122,9.351272583007812,166200,0.0,0.0
2022-06-08 00:00:00-04:00,9.303626987310919,9.36080137972739,9.11939647100884,9.281392097473145,165600,0.0,0.0
2022-06-09 00:00:00-04:00,9.208336382780248,9.23692358290384,9.062223319771343,9.100339889526367,82200,0.0,0.0
2022-06-10 00:00:00-04:00,8.655647121382923,8.982815536052078,8.582591031987977,8.604825019836426,189900,0.0,0.0
2022-06-13 00:00:00-04:00,8.398358604370282,8.468240349278494,7.985429530220656,8.061662673950195,231000,0.0,0.0
2022-06-14 00:00:00-04:00,8.055310635734209,8.071193224578872,7.782142285135912,7.96319580078125,121500,0.0,0.0
2022-06-15 00:00:00-04:00,8.014015367104795,8.125188909969724,7.886960149193621,7.979074954986572,94800,0.0,0.0
2022-06-16 00:00:00-04:00,7.782140183653143,7.782140183653143,7.42003234137488,7.435913562774658,132300,0.0,0.0
2022-06-17 00:00:00-04:00,7.423209001564032,7.531205949185811,7.337446492436414,7.350152015686035,168900,0.0,0.0
2022-06-21 00:00:00-04:00,7.43273893486561,7.604263511743288,7.270743273955109,7.375563621520996,95700,0.0,0.0
2022-06-22 00:00:00-04:00,7.350152022582378,7.629674443107011,7.321564368051233,7.543911933898926,114300,0.0,0.0
2022-06-23 00:00:00-04:00,7.547088087521634,7.766258136590557,7.423209008528922,7.543911933898926,82500,0.0,0.0
2022-06-24 00:00:00-04:00,7.623321293924756,7.886961131105768,7.572499654818388,7.7853169441223145,390000,0.0,0.0
2022-06-27 00:00:00-04:00,7.8647266379257115,7.912372580189643,7.629674897959633,7.75990629196167,111600,0.0,0.0
2022-06-28 00:00:00-04:00,7.747200366327805,7.8075509207114,7.512147729776094,7.547088146209717,65700,0.0,0.0
2022-06-29 00:00:00-04:00,7.547088652784062,7.547088652784062,7.283448343782882,7.375563621520996,83700,0.0,0.0
2022-06-30 00:00:00-04:00,7.273919528443189,7.528030470607178,7.273919528443189,7.4232096672058105,109200,0.0,0.0
2022-07-01 00:00:00-04:00,7.388270614174959,7.489915282467819,7.258039192298866,7.420034885406494,100200,0.0,0.0
2022-07-05 00:00:00-04:00,7.308859650062258,7.378739576970214,7.175451649411352,7.343800067901611,153300,0.0,0.0
2022-07-06 00:00:00-04:00,7.397798379147351,7.477208590465253,7.010280328402577,7.042043685913086,123900,0.0,0.0
2022-07-07 00:00:00-04:00,7.191333237089218,7.258037005172784,7.057925246536746,7.210391521453857,83700,0.0,0.0
2022-07-08 00:00:00-04:00,7.2008629859601205,7.270743370056152,7.121452777000176,7.270743370056152,62700,0.0,0.0
2022-07-11 00:00:00-04:00,7.1754523094999705,7.302507105517846,7.146864650966521,7.223097801208496,83700,0.0,0.0
2022-07-12 00:00:00-04:00,7.1627456467518655,7.318388076581441,7.089688662181402,7.1055707931518555,91500,0.0,0.0
2022-07-13 00:00:00-04:00,7.042042644997609,7.073806452198376,6.968985661243173,6.97216272354126,41400,0.0,0.0
2022-07-14 00:00:00-04:00,6.97216367515013,7.115101054255331,6.826049233313214,7.016632556915283,54000,0.0,0.0
2022-07-15 00:00:00-04:00,7.143688869550617,7.261214755111708,7.016633158134028,7.197686672210693,69600,0.0,0.0
2022-07-18 00:00:00-04:00,7.292977648173999,7.350152506616107,7.229450482068152,7.264389991760254,84900,0.0,0.0
2022-07-19 00:00:00-04:00,7.400974270935555,7.85837354425261,7.400974270935555,7.508971214294434,89700,0.0,0.0
2022-07-20 00:00:00-04:00,7.543912383638708,7.8424917436997745,7.543912383638708,7.75990629196167,96000,0.0,0.0
2022-07-21 00:00:00-04:00,7.680498039633264,7.737672451116908,7.4263866158886565,7.69955587387085,58500,0.0,0.0
2022-07-22 00:00:00-04:00,7.686850116049264,7.753554805794155,7.474031884605781,7.601088047027588,75600,0.0,0.0
2022-07-25 00:00:00-04:00,7.67732105215867,7.68367245118736,7.5629708784456335,7.661438465118408,64800,0.0,0.0
2022-07-26 00:00:00-04:00,7.5185019047593515,7.769435811103181,7.5185019047593515,7.69955587387085,47400,0.0,0.0
2022-07-27 00:00:00-04:00,7.759906634735636,7.855197614701972,7.72179006099494,7.8393168449401855,58200,0.0,0.0
2022-07-28 00:00:00-04:00,7.912372156253608,8.188717516053226,7.801199508621954,7.80755090713501,75300,0.0,0.0
2022-07-29 00:00:00-04:00,7.798023426400097,7.877433638823846,7.607440097985174,7.610617160797119,197400,0.0,0.0
2022-08-01 00:00:00-04:00,7.59473319886729,8.07754442220563,7.59473319886729,7.9377827644348145,108900,0.0,0.0
2022-08-02 00:00:00-04:00,7.966372046517353,8.182366896592804,7.737672579253712,7.8361406326293945,80100,0.0,0.0
2022-08-03 00:00:00-04:00,8.290361236920628,8.290361236920628,7.915548773888464,8.23953914642334,123000,0.0,0.0
2022-08-04 00:00:00-04:00,8.210952964293048,8.353890793091514,8.08072065969195,8.306244850158691,76800,0.0,0.0
2022-08-05 00:00:00-04:00,8.25542287545519,8.407889184862107,8.099780411795017,8.22365951538086,333300,0.0,0.0
2022-08-08 00:00:00-04:00,8.236364852576507,8.449182631776825,8.236364852576507,8.411066055297852,109800,0.0,0.0
2022-08-09 00:00:00-04:00,8.366593948394843,8.41423988301258,8.201422162654554,8.242714881896973,66000,0.0,0.0
2022-08-10 00:00:00-04:00,8.30306777977601,8.588942528335153,8.30306777977601,8.544473648071289,102600,0.0,0.0
2022-08-11 00:00:00-04:00,8.480944102571282,8.55717723855349,8.249068541151399,8.522236824035645,71100,0.0,0.0
2022-08-12 00:00:00-04:00,8.538119949175613,8.754114756895836,8.538119949175613,8.719173431396484,68700,0.0,0.0
2022-08-15 00:00:00-04:00,8.604823720187925,8.890698452594686,8.604823720187925,8.719173431396484,90300,0.0,0.0
2022-08-16 00:00:00-04:00,8.722380810580361,8.767274916463258,8.318329270330636,8.603730201721191,51900,0.086667,0.0
2022-08-17 00:00:00-04:00,8.562043326177532,8.616558847221425,8.456220644525468,8.549217224121094,43800,0.0,0.0
2022-08-18 00:00:00-04:00,8.51714926969801,8.696727544059017,8.497908281571782,8.664660453796387,40800,0.0,0.0
2022-08-19 00:00:00-04:00,8.558836280823877,8.622971374514716,8.424153042803493,8.520355224609375,81300,0.0,0.0
2022-08-22 00:00:00-04:00,8.404913054864481,8.546010277753306,8.36643199407662,8.449807167053223,74700,0.0,0.0
2022-08-23 00:00:00-04:00,8.436979239577052,8.536387937017492,8.318328639712862,8.379257202148438,49800,0.0,0.0
2022-08-24 00:00:00-04:00,8.331155624622946,8.43377268159039,8.247779552543353,8.286260604858398,48000,0.0,0.0
2022-08-25 00:00:00-04:00,8.276642107607511,8.587698009086703,8.17081851186596,8.552423477172852,110700,0.0,0.0
2022-08-26 00:00:00-04:00,8.513942409229879,8.555629991915657,8.180438995361328,8.180438995361328,71100,0.0,0.0
2022-08-29 00:00:00-04:00,8.2253322139397,8.2253322139397,8.00406549510547,8.039340019226074,61800,0.0,0.0
2022-08-30 00:00:00-04:00,8.042546874545048,8.042546874545048,7.763559029736181,7.837314605712891,64500,0.0,0.0
2022-08-31 00:00:00-04:00,7.920690671441146,8.03613475345955,7.763559926825028,7.907864570617676,100500,0.0,0.0
2022-09-01 00:00:00-04:00,7.798835074597247,7.798835074597247,7.423644989412865,7.545500755310059,114900,0.0,0.0
2022-09-02 00:00:00-04:00,7.664151731914943,7.766766967538662,7.587189158371182,7.6513237953186035,52500,0.0,0.0
2022-09-06 00:00:00-04:00,7.4781576851224125,7.4941916855085084,7.288959416440438,7.330646991729736,84000,0.0,0.0
2022-09-07 00:00:00-04:00,7.3915762497034505,7.667357613179041,7.365923129513488,7.583981990814209,58800,0.0,0.0
2022-09-08 00:00:00-04:00,7.526259572041132,7.641703194442657,7.458917955931461,7.571154594421387,39300,0.0,0.0
2022-09-09 00:00:00-04:00,7.60322288771268,7.632083452103921,7.487779253956513,7.539088249206543,63000,0.0,0.0
2022-09-12 00:00:00-04:00,7.593601858772246,7.667357444763184,7.574361330956831,7.667357444763184,39300,0.0,0.0
2022-09-13 00:00:00-04:00,7.500607218083045,7.551914837328062,7.462126159601482,7.503813743591309,61500,0.0,0.0
2022-09-14 00:00:00-04:00,7.56794887762863,7.651324046011148,7.3627161060048785,7.5262603759765625,59700,0.0,0.0
2022-09-15 00:00:00-04:00,7.561534550802781,7.660943712253816,7.423644334842243,7.478158473968506,73800,0.0,0.0
2022-09-16 00:00:00-04:00,7.4172305430228525,7.46853815818926,7.192757719724472,7.365922927856445,114300,0.0,0.0
2022-09-19 00:00:00-04:00,7.256892709774568,7.48457298696916,7.256892709774568,7.47174596786499,33600,0.0,0.0
2022-09-20 00:00:00-04:00,7.452505792857401,7.503813871708835,7.385164168730098,7.45571231842041,40800,0.0,0.0
2022-09-21 00:00:00-04:00,7.465332273229655,7.484572801408891,7.327441591913274,7.404404163360596,47400,0.0,0.0
2022-09-22 00:00:00-04:00,7.34988786958879,7.494192045065876,7.192757135409862,7.314613342285156,53100,0.0,0.0
2022-09-23 00:00:00-04:00,7.2568922976189265,7.266512332035489,6.8913218151823035,6.9650774002075195,49800,0.0,0.0
2022-09-26 00:00:00-04:00,6.96828456320148,7.026006151174852,6.654023042965744,6.70212459564209,50100,0.0,0.0
2022-09-27 00:00:00-04:00,6.82397917165265,7.064485975553471,6.522544723631614,6.570645809173584,93000,0.0,0.0
2022-09-28 00:00:00-04:00,6.602713642349476,6.907355546169011,6.468029495965625,6.8464274406433105,147300,0.0,0.0
2022-09-29 00:00:00-04:00,6.798327242264377,6.8464283362103195,6.5834735179819255,6.70212459564209,67500,0.0,0.0
2022-09-30 00:00:00-04:00,6.734190762493105,6.907355502671433,6.72777679486727,6.75984525680542,82500,0.0,0.0
2022-10-03 00:00:00-04:00,6.8849102901669,7.067695100974565,6.49689177735979,6.859255790710449,66300,0.0,0.0
2022-10-04 00:00:00-04:00,6.987524128711238,7.330647542431405,6.987524128711238,7.131828308105469,64200,0.0,0.0
2022-10-05 00:00:00-04:00,7.10296779480687,7.750733573223549,6.955457089349544,7.00355863571167,64200,0.0,0.0
2022-10-06 00:00:00-04:00,6.977904529712834,7.099761664952639,6.557819900584965,6.795119285583496,135300,0.0,0.0
2022-10-07 00:00:00-04:00,6.788705848642791,6.795118898837392,6.67005524543582,6.75343132019043,90600,0.0,0.0
2022-10-10 00:00:00-04:00,6.798327659112495,6.936217898360821,6.666850012571377,6.737398624420166,61500,0.0,0.0
2022-10-11 00:00:00-04:00,6.6764701875093495,6.817567863181392,6.58988757502087,6.747018337249756,84000,0.0,0.0
2022-10-12 00:00:00-04:00,6.766257935825326,6.798326398178583,6.605920670092857,6.654022216796875,67800,0.0,0.0
2022-10-13 00:00:00-04:00,6.621954903418222,6.910562837534546,6.544992328923474,6.900942802429199,161700,0.0,0.0
2022-10-14 00:00:00-04:00,6.872081190038912,6.907355719436273,6.6957099192431695,6.79191255569458,97800,0.0,0.0
2022-10-17 00:00:00-04:00,6.840014663710817,7.006765455158693,6.823980201559625,6.936217308044434,112500,0.0,0.0
2022-10-18 00:00:00-04:00,7.006764617830724,7.022799078065753,6.888114933363429,6.9522504806518555,92400,0.0,0.0
2022-10-19 00:00:00-04:00,6.955458046033861,7.016386159911819,6.814360371371923,6.968284606933594,84000,0.0,0.0
2022-10-20 00:00:00-04:00,6.945837402729907,7.042040506619644,6.830394228538699,6.98752498626709,102000,0.0,0.0
2022-10-21 00:00:00-04:00,7.000352003193686,7.163896707838995,6.965077016508347,7.144656181335449,61200,0.0,0.0
2022-10-24 00:00:00-04:00,7.08693444397378,7.369128844673157,7.02279935290574,7.321027755737305,46500,0.0,0.0
2022-10-25 00:00:00-04:00,7.343475738434877,7.789215824644989,7.301788153325315,7.6000165939331055,82200,0.0,0.0
2022-10-26 00:00:00-04:00,7.587188591380058,7.96237910242243,7.587188591380058,7.792421340942383,74100,0.0,0.0
2022-10-27 00:00:00-04:00,7.811661722375898,8.026514514811785,7.3306480627409725,7.468538284301758,446700,0.0,0.0
2022-10-28 00:00:00-04:00,7.545501358206589,7.936726395602458,7.353096053320519,7.898245334625244,320700,0.0,0.0
2022-10-31 00:00:00-04:00,7.814867731117217,8.016893491508323,7.635289940046728,7.911070823669434,159000,0.0,0.0
2022-11-01 00:00:00-04:00,7.93672369866682,8.07782087430446,7.8212805549632956,8.064993858337402,132900,0.0,0.0
2022-11-02 00:00:00-04:00,8.0008603277667,8.507528015305512,7.930311267556678,8.174025535583496,152100,0.0,0.0
2022-11-03 00:00:00-04:00,8.113097140383402,8.241367327608177,8.045754603994833,8.183646202087402,60900,0.0,0.0
2022-11-04 00:00:00-04:00,8.241368164474178,8.321536810265163,7.991241732717264,8.289469718933105,66900,0.0,0.0
2022-11-07 00:00:00-05:00,8.257400077277284,8.456219307079484,8.148370887355298,8.379257202148438,58200,0.0,0.0
2022-11-08 00:00:00-05:00,8.289468567882377,8.440185344152315,8.241367020102684,8.315122604370117,55800,0.0,0.0
2022-11-09 00:00:00-05:00,8.2574010573669,8.465840804390831,8.199679013087126,8.250988006591797,85200,0.0,0.0
2022-11-10 00:00:00-05:00,8.546009519550312,8.61655858346603,8.154785894980227,8.61014461517334,117300,0.0,0.0
2022-11-11 00:00:00-05:00,8.587697863477539,8.805756267165703,8.305502530412287,8.3568115234375,72900,0.0,0.0
2022-11-14 00:00:00-05:00,8.356811905136542,8.414533034052596,8.177232714997881,8.212507247924805,67500,0.0,0.0
2022-11-15 00:00:00-05:00,8.338852842404474,8.423084063051945,8.18011049322228,8.283778190612793,56400,0.086667,0.0
2022-11-16 00:00:00-05:00,8.150954701555357,8.287019320436462,8.07968112527402,8.089400291442871,45900,0.0,0.0
2022-11-17 00:00:00-05:00,7.959814395691664,8.293498039245605,7.959814395691664,8.293498039245605,54900,0.0,0.0
2022-11-18 00:00:00-05:00,8.426323305359135,8.708172603584282,8.248142629297664,8.691973686218262,109500,0.0,0.0
2022-11-21 00:00:00-05:00,8.59478482473904,8.598025164337754,8.325894104022684,8.5137939453125,66000,0.0,0.0
2022-11-22 00:00:00-05:00,8.578585913894779,8.656337372251821,8.465198138739801,8.623940467834473,53100,0.0,0.0
2022-11-23 00:00:00-05:00,8.711413059522043,8.837759439631958,8.688735313990374,8.734090805053711,60300,0.0,0.0
2022-11-25 00:00:00-05:00,8.701691386317433,8.772964015491377,8.520272254943848,8.520272254943848,28800,0.0,0.0
2022-11-28 00:00:00-05:00,8.568868657261302,8.568868657261302,8.235185009152058,8.322654724121094,84900,0.0,0.0
2022-11-29 00:00:00-05:00,8.28377987379746,8.390688859442585,8.066724342800086,8.11531925201416,91200,0.0,0.0
2022-11-30 00:00:00-05:00,8.173630508607719,8.529991857818592,8.053763896928123,8.526751518249512,78900,0.0,0.0
2022-12-01 00:00:00-05:00,8.581825778233117,8.614221757486089,8.358290555401869,8.50731372833252,51900,0.0,0.0
2022-12-02 00:00:00-05:00,8.371247245366314,8.805360917898742,8.338851269829387,8.520272254943848,133800,0.0,0.0
2022-12-05 00:00:00-05:00,8.572106179231518,8.792402905216376,8.478156731915078,8.747047424316406,165300,0.0,0.0
2022-12-06 00:00:00-05:00,10.366872811809715,10.60984638609533,9.718942971424537,10.477020263671875,831300,0.0,0.0
2022-12-07 00:00:00-05:00,10.204889903849672,11.33876686878984,10.204889903849672,11.144388198852539,394800,0.0,0.0
2022-12-08 00:00:00-05:00,11.306371435759072,11.633576268004187,11.073117001396412,11.481311798095703,346200,0.0,0.0
2022-12-09 00:00:00-05:00,11.546105034579748,11.928382652410265,11.29665169317698,11.568781852722168,364800,0.0,0.0
2022-12-12 00:00:00-05:00,11.627096044668416,11.928382778488835,11.429477944151428,11.84415340423584,379500,0.0,0.0
2022-12-13 00:00:00-05:00,12.061207282464531,12.35601515035604,11.96077900265713,12.067687034606934,602400,0.0,0.0
2022-12-14 00:00:00-05:00,12.02233434687675,12.310663456568012,11.821475886796788,12.080648422241211,466200,0.0,0.0
2022-12-15 00:00:00-05:00,11.986696065189053,12.074166700542932,11.65949219441566,11.792317390441895,371700,0.0,0.0
2022-12-16 00:00:00-05:00,11.701608904087413,12.28474593303317,11.646534243738373,12.048251152038574,1086300,0.0,0.0
2022-12-19 00:00:00-05:00,11.98993659345467,12.064447724793077,11.529905665680108,11.630335807800293,187800,0.0,0.0
2022-12-20 00:00:00-05:00,11.562301840081304,11.746962267403777,11.12494961112003,11.510467529296875,289200,0.0,0.0
2022-12-21 00:00:00-05:00,11.572021755036115,11.824714499922138,11.42299763843756,11.562302589416504,258900,0.0,0.0
2022-12-22 00:00:00-05:00,11.432715727861924,11.432715727861924,11.147627026907635,11.286931037902832,234600,0.0,0.0
2022-12-23 00:00:00-05:00,11.37764269696736,11.73724347104598,11.290172063053795,11.542864799499512,359400,0.0,0.0
2022-12-27 00:00:00-05:00,11.513707953017706,11.57526050237111,11.251296057600843,11.30636978149414,282900,0.0,0.0
2022-12-28 00:00:00-05:00,11.19946159330225,11.426238110614598,11.111991882324219,11.111991882324219,125400,0.0,0.0
2022-12-29 00:00:00-05:00,11.076355797605528,11.565542385250916,10.911134610955136,11.403559684753418,183300,0.0,0.0
2022-12-30 00:00:00-05:00,11.377643043939324,11.48455108483249,11.283692654673795,11.39708137512207,254400,0.0,0.0
2023-01-03 00:00:00-05:00,11.39708148694002,11.67245105101253,11.008323201306768,11.124950408935547,220500,0.0,0.0
2023-01-04 00:00:00-05:00,11.150866080897515,11.572020293561494,11.150866080897515,11.513707160949707,152400,0.0,0.0
2023-01-05 00:00:00-05:00,11.410036870790824,11.562300371092679,11.348484329707498,11.393838882446289,149400,0.0,0.0
2023-01-06 00:00:00-05:00,11.500747739118033,11.99317459167202,11.500747739118033,11.857109069824219,169200,0.0,0.0
2023-01-09 00:00:00-05:00,11.840912199644626,12.116282681901767,11.785838473941446,11.996415138244629,161100,0.0,0.0
2023-01-10 00:00:00-05:00,11.902465940985486,12.320380792863624,11.902465940985486,12.23291015625,196200,0.0,0.0
2023-01-11 00:00:00-05:00,12.27502501893274,12.472643104787336,12.200512962556692,12.297701835632324,240300,0.0,0.0
2023-01-12 00:00:00-05:00,12.262066919475991,12.628146536242312,12.177835694442576,12.537436485290527,267900,0.0,0.0
2023-01-13 00:00:00-05:00,12.466163198289022,12.70265699824367,12.375452231872943,12.637864112854004,101700,0.0,0.0
2023-01-17 00:00:00-05:00,12.806326704078161,12.806326704078161,12.310660429410945,12.352775573730469,168000,0.0,0.0
2023-01-18 00:00:00-05:00,12.398131299697638,12.7091371595857,12.398131299697638,12.534195899963379,227700,0.0,0.0
2023-01-19 00:00:00-05:00,12.631386865639705,12.663782848946113,12.417569853708908,12.482362747192383,206100,0.0,0.0
2023-01-20 00:00:00-05:00,12.586030471071279,12.731815166071382,12.268544852413285,12.592510223388672,724800,0.0,0.0
2023-01-23 00:00:00-05:00,12.605469074407624,13.091416214534219,12.556874175020843,12.939151763916016,349200,0.0,0.0
2023-01-24 00:00:00-05:00,12.9456317104573,12.987746858017625,12.757732789421626,12.955350875854492,218400,0.0,0.0
2023-01-25 00:00:00-05:00,12.783651029929906,12.990989241245407,12.657304640503707,12.86140251159668,245400,0.0,0.0
2023-01-26 00:00:00-05:00,12.871120098846834,12.890558430313243,12.660543426894481,12.72857666015625,236400,0.0,0.0
2023-01-27 00:00:00-05:00,12.644343446476544,12.683219176424098,12.362494172639142,12.372212409973145,252300,0.0,0.0
2023-01-30 00:00:00-05:00,12.310662851007148,12.534198120688528,12.25882760497141,12.401372909545898,253500,0.0,0.0
2023-01-31 00:00:00-05:00,12.368977387911224,12.965072080689817,12.103325101910256,12.86140251159668,885900,0.0,0.0
2023-02-01 00:00:00-05:00,13.237199764126744,14.847304681288009,13.091415995278604,14.455307006835938,724800,0.0,0.0
2023-02-02 00:00:00-05:00,14.727435557357605,14.782510202356827,14.218811664023654,14.678841590881348,338100,0.0,0.0
2023-02-03 00:00:00-05:00,14.481226385000133,14.90238069248442,14.481226385000133,14.844066619873047,307800,0.0,0.0
2023-02-06 00:00:00-05:00,14.627010083945668,14.704761557429617,14.396994149633974,14.691802978515625,270900,0.0,0.0
2023-02-07 00:00:00-05:00,14.746875866066546,14.82786767481248,14.497423467917868,14.720958709716797,213000,0.0,0.0
2023-02-08 00:00:00-05:00,14.753355501032908,14.853783785934995,14.542777912216136,14.568695068359375,231600,0.0,0.0
2023-02-09 00:00:00-05:00,14.578414511098119,14.71448004687513,13.729627167816998,13.956401824951172,339600,0.0,0.0
2023-02-10 00:00:00-05:00,13.962880900764914,14.147541328002555,13.768502235412598,13.768502235412598,206100,0.0,0.0
2023-02-13 00:00:00-05:00,13.826815606894455,14.290084040993797,13.79441777398359,14.004995346069336,263700,0.0,0.0
2023-02-14 00:00:00-05:00,14.048347565041968,14.30258702327823,13.856038350804791,14.100499153137207,195600,0.087667,0.0
2023-02-15 00:00:00-05:00,14.0092339385466,14.276511295038695,13.895152105926416,14.211320877075195,193500,0.0,0.0
2023-02-16 00:00:00-05:00,14.028793841007378,14.028793841007378,13.650693823209979,13.826705932617188,264000,0.0,0.0
2023-02-17 00:00:00-05:00,13.90493141877919,14.227619619986505,13.80062730463638,14.08420181274414,234600,0.0,0.0
2023-02-21 00:00:00-05:00,13.927747448093097,14.028792323905124,13.520313366180757,13.543129920959473,248100,0.0,0.0
2023-02-22 00:00:00-05:00,13.588761612764173,13.875595360316348,13.543129437380145,13.71588134765625,215100,0.0,0.0
2023-02-23 00:00:00-05:00,13.77455322650039,14.152652281335916,13.728920115679244,13.979900360107422,206400,0.0,0.0
2023-02-24 00:00:00-05:00,13.82670627940902,14.256956973419506,13.754997364135196,14.204805374145508,176400,0.0,0.0
2023-02-27 00:00:00-05:00,14.312366360459103,14.491636753661892,14.181986451470895,14.289548873901367,144300,0.0,0.0
2023-02-28 00:00:00-05:00,14.2308784410995,14.592680324723931,14.2308784410995,14.455781936645508,252900,0.0,0.0
2023-03-01 00:00:00-05:00,14.400371600182906,14.73935598750274,14.400371600182906,14.599199295043945,176400,0.0,0.0
2023-03-02 00:00:00-05:00,14.419928508778943,14.677427215497426,14.377554642832068,14.595940589904785,114300,0.0,0.0
2023-03-03 00:00:00-05:00,14.667649529969404,14.895812283236632,14.491637437195678,14.824104309082031,278100,0.0,0.0
2023-03-06 00:00:00-05:00,14.827365123349882,14.856700164409254,14.133096267983769,14.387335777282715,268800,0.0,0.0
2023-03-07 00:00:00-05:00,14.387334050859828,14.599200594033853,14.331923217164727,14.520973205566406,218100,0.0,0.0
2023-03-08 00:00:00-05:00,14.504673688072083,14.872994971475295,14.49163579129349,14.840400695800781,189600,0.0,0.0
2023-03-09 00:00:00-05:00,14.928407714790888,15.469480000444308,14.912109643336942,15.068564414978027,375300,0.0,0.0
2023-03-10 00:00:00-05:00,15.016413457679526,15.016413457679526,14.074424614291756,14.13961410522461,277800,0.0,0.0
2023-03-13 00:00:00-04:00,13.859298198890446,14.113537668261081,13.549647897877898,13.803887367248535,214500,0.0,0.0
2023-03-14 00:00:00-04:00,14.2145822529334,14.426447865329168,13.992937983761697,14.13961410522461,279300,0.0,0.0
2023-03-15 00:00:00-04:00,13.78433278134307,13.787592023030006,13.15199326687176,13.324746131896973,259200,0.0,0.0
2023-03-16 00:00:00-04:00,13.220441158950678,13.758254199249158,13.103099148566438,13.605058670043945,192300,0.0,0.0
2023-03-17 00:00:00-04:00,13.455124222930259,13.510535058070488,13.138955419431241,13.178069114685059,453000,0.0,0.0
2023-03-20 00:00:00-04:00,13.31170522256534,13.699583831643873,13.269332289615775,13.536609649658203,210600,0.0,0.0
2023-03-21 00:00:00-04:00,13.820185199608716,13.895153347676757,13.539870853526178,13.647433280944824,258600,0.0,0.0
2023-03-22 00:00:00-04:00,13.683288491402193,13.74847892324152,13.416012010564076,13.461645126342773,156600,0.0,0.0
2023-03-23 00:00:00-04:00,13.471421911394337,13.777813002964674,13.282371910363773,13.402973175048828,145800,0.0,0.0
2023-03-24 00:00:00-04:00,13.22044321834182,13.504017767098413,13.155252787953877,13.422531127929688,139500,0.0,0.0
2023-03-27 00:00:00-04:00,13.618098483016908,13.644173347430492,13.393194034849211,13.517053604125977,109800,0.0,0.0
2023-03-28 00:00:00-04:00,13.487717538429628,13.644172308259526,13.386673599778488,13.435565948486328,142800,0.0,0.0
2023-03-29 00:00:00-04:00,13.575723826274784,13.696325079618058,13.409490397173949,13.68002700805664,119400,0.0,0.0
2023-03-30 00:00:00-04:00,13.803887556455368,13.803887556455368,13.49749649250589,13.533350944519043,120300,0.0,0.0
2023-03-31 00:00:00-04:00,13.634393429665456,13.947303896766433,13.59202049666352,13.88211441040039,173700,0.0,0.0
2023-04-03 00:00:00-04:00,13.878855845559093,14.054867945423327,13.728920475808154,13.87233829498291,184200,0.0,0.0
2023-04-04 00:00:00-04:00,13.813667767122809,13.813667767122809,13.063987161982045,13.155252456665039,121200,0.0,0.0
2023-04-05 00:00:00-04:00,12.982498324233784,12.982498324233784,12.66958879550405,12.799967765808105,146700,0.0,0.0
2023-04-06 00:00:00-04:00,12.884715844440874,12.966202475850524,12.747817445732137,12.809747695922852,153300,0.0,0.0
2023-04-10 00:00:00-04:00,12.799966650898622,13.249774525540188,12.799966650898622,13.217180252075195,138300,0.0,0.0
2023-04-11 00:00:00-04:00,13.341040302019529,13.494235817720474,13.037908511578786,13.301926612854004,139200,0.0,0.0
2023-04-12 00:00:00-04:00,13.39645112853471,13.543128162313357,13.213920579095598,13.301926612854004,121500,0.0,0.0
2023-04-13 00:00:00-04:00,13.393192169517171,13.57898289637247,13.314964789539337,13.458381652832031,124500,0.0,0.0
2023-04-14 00:00:00-04:00,13.484458066942159,13.588761245047744,13.419268580626168,13.477938652038574,95700,0.0,0.0
2023-04-17 00:00:00-04:00,13.533350781032139,13.781070835736289,13.533350781032139,13.71588134765625,123900,0.0,0.0
2023-04-18 00:00:00-04:00,13.725662890708563,13.810408776763895,13.360600748138527,13.429049491882324,145800,0.0,0.0
2023-04-19 00:00:00-04:00,13.354080967834342,13.373638282744938,12.972722652518746,13.021614074707031,215400,0.0,0.0
2023-04-20 00:00:00-04:00,12.959683291526476,13.112878832740288,12.92382976989504,13.054208755493164,150000,0.0,0.0
2023-04-21 00:00:00-04:00,13.041167719445786,13.077021232451465,12.68262512903828,12.721738815307617,466200,0.0,0.0
2023-04-24 00:00:00-04:00,12.803226733286344,13.324743535900145,12.711961456024119,13.047687530517578,134400,0.0,0.0
2023-04-25 00:00:00-04:00,12.95642434582116,13.575725007823086,12.95642434582116,13.063986778259277,215100,0.0,0.0
2023-04-26 00:00:00-04:00,12.94664570426364,13.109619906451979,12.685887726797567,12.806488990783691,265500,0.0,0.0
2023-04-27 00:00:00-04:00,12.806487514854014,13.145471913948347,12.806487514854014,13.067244529724121,113400,0.0,0.0
2023-04-28 00:00:00-04:00,13.021612056874002,13.122655992318041,12.989016847922006,13.057466506958008,62400,0.0,0.0
2023-05-01 00:00:00-04:00,12.956424017118064,13.373637702516561,12.92382973707334,13.112878799438477,103200,0.0,0.0
2023-05-02 00:00:00-04:00,13.028129989453843,13.230217851815413,12.96294143938821,13.148731231689453,133500,0.0,0.0
2023-05-03 00:00:00-04:00,15.221761099636451,16.294129893531164,14.983818750314084,16.00403594970703,689700,0.0,0.0
2023-05-04 00:00:00-04:00,16.1018206580362,16.1018206580362,15.449924794124236,15.6878662109375,254100,0.0,0.0
2023-05-05 00:00:00-04:00,15.919288770670597,16.287610076071378,15.769352482490033,16.199604034423828,236700,0.0,0.0
2023-05-08 00:00:00-04:00,16.290871080083587,16.91017178278823,16.08226468465367,16.77979278564453,695100,0.0,0.0
2023-05-09 00:00:00-04:00,16.79934689652387,17.21329943407351,16.600519196947936,16.858016967773438,431100,0.0,0.0
2023-05-10 00:00:00-04:00,17.0438072321693,17.099218993262426,16.620076050260575,17.060104370117188,392100,0.0,0.0
2023-05-11 00:00:00-04:00,17.082920603859797,17.245895719368647,16.675486545263578,17.13833236694336,240000,0.0,0.0
2023-05-12 00:00:00-04:00,17.294786519184875,17.59465907976675,16.91016809521208,17.55228614807129,184200,0.0,0.0
2023-05-15 00:00:00-04:00,17.813045719583062,18.918007813918642,17.78044957559889,18.689844131469727,546900,0.0,0.0
2023-05-16 00:00:00-04:00,18.622065022415505,18.92004420438882,17.96389103956082,18.08177375793457,408900,0.087667,0.0
2023-05-17 00:00:00-04:00,18.271690816228666,18.942961723296442,18.255316709896544,18.86764907836914,311400,0.0,0.0
2023-05-18 00:00:00-04:00,18.929867641595955,19.607687172794858,18.929867641595955,19.391571044921875,424800,0.0,0.0
2023-05-19 00:00:00-04:00,19.646978487389177,19.653527005552228,18.870921937770003,19.388294219970703,199200,0.0,0.0
2023-05-22 00:00:00-04:00,19.371922161966495,19.483254477235555,18.94623845745627,18.97898292541504,166500,0.0,0.0
2023-05-23 00:00:00-04:00,19.011729215542083,19.653530966930287,18.76286861204863,19.32280731201172,234000,0.0,0.0
2023-05-24 00:00:00-04:00,19.198372955050033,19.198372955050033,18.782512993353734,19.05756950378418,105600,0.0,0.0
2023-05-25 00:00:00-04:00,19.087039947509766,19.221294875434854,18.746490770642136,19.087039947509766,141000,0.0,0.0
2023-05-26 00:00:00-04:00,19.106692355160135,19.676454806243616,19.106692355160135,19.630611419677734,233100,0.0,0.0
2023-05-30 00:00:00-04:00,19.81397879891548,19.974427806606013,18.933138423085932,19.22784423828125,194700,0.0,0.0
2023-05-31 00:00:00-04:00,19.204922826887216,19.394844863887027,18.749767975235294,18.828357696533203,166200,0.0,0.0
2023-06-01 00:00:00-04:00,18.929868219495415,19.221298886631125,18.795613263553335,18.913494110107422,189000,0.0,0.0
2023-06-02 00:00:00-04:00,19.22457136816548,20.187273025512695,19.22457136816548,20.187273025512695,254100,0.0,0.0
2023-06-05 00:00:00-04:00,19.994077974684405,20.072665828099208,19.394846295027364,19.9482364654541,215100,0.0,0.0
2023-06-06 00:00:00-04:00,19.94168249267025,20.734111277615373,19.94168249267025,20.439407348632812,300900,0.0,0.0
2023-06-07 00:00:00-04:00,20.59330957082547,21.205640104696556,20.288781901995844,20.612957000732422,271500,0.0,0.0
2023-06-08 00:00:00-04:00,20.567113745927095,20.766857621364192,20.239663449008443,20.396839141845703,167100,0.0,0.0
2023-06-09 00:00:00-04:00,20.406662517902348,20.773407668779686,20.256037220030077,20.5081729888916,144600,0.0,0.0
2023-06-12 00:00:00-04:00,20.42303834242512,20.544194379618865,20.121783973984847,20.210195541381836,213600,0.0,0.0
2023-06-13 00:00:00-04:00,20.2036479043718,20.324803946855944,19.381747811335952,19.686277389526367,279900,0.0,0.0
2023-06-14 00:00:00-04:00,19.5421950624377,19.768134869525664,18.815257069840392,18.933137893676758,306600,0.0,0.0
2023-06-15 00:00:00-04:00,18.795611354765047,19.31953221255264,18.589317083722197,18.828357696533203,296100,0.0,0.0
2023-06-16 00:00:00-04:00,18.910221517556355,18.92986895063498,18.353556113650118,18.563125610351562,1092000,0.0,0.0
2023-06-20 00:00:00-04:00,18.42232010641144,20.049746242040406,18.42232010641144,19.378475189208984,305100,0.0,0.0
2023-06-21 00:00:00-04:00,19.427590542136606,20.835623368048424,19.319533415985163,19.800884246826172,249600,0.0,0.0
2023-06-22 00:00:00-04:00,19.82380552016968,19.99735346479837,19.489806669832618,19.709197998046875,282300,0.0,0.0
2023-06-23 00:00:00-04:00,19.37847535438875,19.751767214626916,19.070672439530245,19.398122787475586,420600,0.0,0.0
2023-06-26 00:00:00-04:00,19.398122657841196,19.902394279151064,19.293336973305777,19.463611602783203,219000,0.0,0.0
2023-06-27 00:00:00-04:00,19.483254540962175,19.97115573408123,19.45378526917572,19.922039031982422,321300,0.0,0.0
2023-06-28 00:00:00-04:00,19.92204071219925,20.292059228333468,19.519277725237508,19.581491470336914,153600,0.0,0.0
2023-06-29 00:00:00-04:00,19.57821571641543,20.269134082968254,19.574940520266463,20.059566497802734,228900,0.0,0.0
2023-06-30 00:00:00-04:00,20.184000098572707,20.184000098572707,19.781237114157392,19.840177536010742,132300,0.0,0.0
2023-07-03 00:00:00-04:00,19.840177464377913,20.341175732528114,19.699373992799448,19.9482364654541,83100,0.0,0.0
2023-07-05 00:00:00-04:00,19.94168845055993,19.94168845055993,19.41776936531445,19.45051383972168,177600,0.0,0.0
2023-07-06 00:00:00-04:00,19.342455395697314,19.401395820394043,18.92004495905906,19.165632247924805,231300,0.0,0.0
2023-07-07 00:00:00-04:00,19.1558060106948,19.565119354061796,19.090315201230535,19.129610061645508,114300,0.0,0.0
2023-07-10 00:00:00-04:00,19.119788061149176,19.581491470336914,19.119788061149176,19.581491470336914,173100,0.0,0.0
2023-07-11 00:00:00-04:00,19.68300124196224,19.859824375934313,19.391570590552057,19.846725463867188,170700,0.0,0.0
2023-07-12 00:00:00-04:00,20.056292531637887,20.278957146888924,19.748487808702375,19.98097801208496,304800,0.0,0.0
2023-07-13 00:00:00-04:00,19.967883159988784,20.056294726026447,19.843451928255615,19.977705001831055,121500,0.0,0.0
2023-07-14 00:00:00-04:00,19.967881377407,19.967881377407,19.568391767699836,19.719018936157227,135300,0.0,0.0
2023-07-17 00:00:00-04:00,19.630607805398668,20.74393654935981,19.630607805398668,20.55074119567871,438900,0.0,0.0
2023-07-18 00:00:00-04:00,20.809425715023927,20.914211383482964,19.810706342107004,20.89128875732422,428700,0.0,0.0
2023-07-19 00:00:00-04:00,20.8912876415285,21.23183495636522,20.252761191999404,20.560564041137695,254700,0.0,0.0
2023-07-20 00:00:00-04:00,20.465603426773896,20.66207398113532,20.30188108760949,20.609682083129883,228900,0.0,0.0
2023-07-21 00:00:00-04:00,20.465604563537106,20.517998338134827,19.257315646041466,19.6109619140625,506100,0.0,0.0
2023-07-24 00:00:00-04:00,19.54219852028658,20.010452323549003,19.371923899005086,19.859825134277344,216600,0.0,0.0
2023-07-25 00:00:00-04:00,19.81397931797388,20.246213400707557,19.71247072119045,19.758312225341797,268200,0.0,0.0
2023-07-26 00:00:00-04:00,19.761590637675976,20.05302131186131,19.493080719296643,19.95806121826172,181800,0.0,0.0
2023-07-27 00:00:00-04:00,20.020273401401933,20.17417578135925,19.64370825312521,19.846725463867188,264000,0.0,0.0
2023-07-28 00:00:00-04:00,19.97443141491068,20.265862086677387,19.807433858585746,19.938413619995117,246600,0.0,0.0
2023-07-31 00:00:00-04:00,19.97442697386405,20.082485955632173,19.791057222343046,19.902389526367188,204300,0.0,0.0
2023-08-01 00:00:00-04:00,19.951512333307196,20.501629251065875,19.915492661687136,20.069395065307617,422400,0.0,0.0
2023-08-02 00:00:00-04:00,24.23128036746176,29.470474603386748,23.907103348089482,28.010047912597656,2361600,0.0,0.0
2023-08-03 00:00:00-04:00,28.11810392834807,28.48484909722174,26.837775717833374,27.014598846435547,725400,0.0,0.0
2023-08-04 00:00:00-04:00,26.998228719239524,27.76773503466825,26.696974337836277,26.841053009033203,532800,0.0,0.0
2023-08-07 00:00:00-04:00,26.97530424043721,27.44355801603131,25.966759232273265,26.73299217224121,649200,0.0,0.0
2023-08-08 00:00:00-04:00,26.602013347036014,27.158678707110006,25.279116894052642,25.5869197845459,436800,0.0,0.0
2023-08-09 00:00:00-04:00,25.580370901449104,26.068270244223502,25.380625139855965,25.97658348083496,447600,0.0,0.0
2023-08-10 00:00:00-04:00,25.986405069660293,26.81157837789396,25.49195724816291,25.871797561645508,214800,0.0,0.0
2023-08-11 00:00:00-04:00,25.871798524589636,26.769011192457906,25.554171937021444,26.41864013671875,357000,0.0,0.0
2023-08-14 00:00:00-04:00,26.418641195667053,26.841051597259636,25.86852436519747,26.471033096313477,370200,0.0,0.0
2023-08-15 00:00:00-04:00,26.547579029111496,27.31959698013641,26.22234579886456,27.007505416870117,341100,0.087667,0.0
2023-08-16 00:00:00-04:00,27.161906438578114,27.799233069265064,26.583714485652344,26.711835861206055,363300,0.0,0.0
2023-08-17 00:00:00-04:00,26.7446884657189,27.260461722233384,25.417474210140846,25.42732810974121,527700,0.0,0.0
2023-08-18 00:00:00-04:00,25.394476519690393,26.012091570821674,25.09223888706078,25.897109985351562,390000,0.0,0.0
2023-08-21 00:00:00-04:00,25.95296017764855,26.163213696374477,25.102097841387078,25.27292823791504,470700,0.0,0.0
2023-08-22 00:00:00-04:00,25.272920157076747,25.94638386750589,25.272920157076747,25.686853408813477,288300,0.0,0.0
2023-08-23 00:00:00-04:00,25.788700002976164,26.899090853363845,25.788700002976164,26.609994888305664,340200,0.0,0.0
2023-08-24 00:00:00-04:00,26.449022328441345,26.885953135885313,26.156642334343125,26.3143310546875,353700,0.0,0.0
2023-08-25 00:00:00-04:00,26.38660283465824,27.15533673267455,26.324184149789538,26.928659439086914,340500,0.0,0.0
2023-08-28 00:00:00-04:00,27.063348582770782,27.835368306638916,27.063348582770782,27.654682159423828,336900,0.0,0.0
2023-08-29 00:00:00-04:00,27.506852968158057,28.246019569337076,27.191475519089337,28.05876350402832,262500,0.0,0.0
2023-08-30 00:00:00-04:00,28.104754510843023,28.935907081855536,28.058761499523417,28.219736099243164,420300,0.0,0.0
2023-08-31 00:00:00-04:00,28.367568937330226,28.37085482376974,27.221040823442134,27.585695266723633,941400,0.0,0.0
2023-09-01 00:00:00-04:00,27.710533329350284,28.15731802664727,27.519991386831173,27.79266357421875,237900,0.0,0.0
2023-09-05 00:00:00-04:00,27.789377843977714,27.792663730518136,26.202633008557868,26.95822525024414,508500,0.0,0.0
2023-09-06 00:00:00-04:00,27.02393064058509,27.158623795853064,26.49830156607277,27.125770568847656,194100,0.0,0.0
2023-09-07 00:00:00-04:00,26.91880018283637,27.542985071112316,26.787392936872884,27.37544059753418,350400,0.0,0.0
2023-09-08 00:00:00-04:00,27.34916435547084,27.490427406751984,26.997649670617374,27.38530158996582,232500,0.0,0.0
2023-09-11 00:00:00-04:00,27.309736219327153,27.835367086533044,27.2506034281931,27.322877883911133,284700,0.0,0.0
2023-09-12 00:00:00-04:00,27.25060506217038,27.74995450994741,26.938511657309736,26.99764633178711,247800,0.0,0.0
2023-09-13 00:00:00-04:00,27.06663588726581,27.375443417034642,25.75913318531508,26.061368942260742,291300,0.0,0.0
2023-09-14 00:00:00-04:00,26.27819223516299,26.56071831200966,25.95295715431118,26.357036590576172,246600,0.0,0.0
2023-09-15 00:00:00-04:00,26.422741506735616,26.65599058602823,25.814982177621204,26.008808135986328,1111200,0.0,0.0
2023-09-18 00:00:00-04:00,26.278191034053265,26.67898268580168,26.10079077253269,26.429309844970703,252900,0.0,0.0
2023-09-19 00:00:00-04:00,26.445733758124433,26.537719775556134,25.94310218790754,26.25519371032715,141000,0.0,0.0
2023-09-20 00:00:00-04:00,26.48187278813225,26.83995731819259,26.0120906829834,26.0120906829834,140700,0.0,0.0
2023-09-21 00:00:00-04:00,25.709856251625915,25.814982067252608,24.937838308142656,25.266357421875,305100,0.0,0.0
2023-09-22 00:00:00-04:00,25.266353410391744,25.493030679373017,25.14151605420573,25.184223175048828,176700,0.0,0.0
2023-09-25 00:00:00-04:00,25.28277995764152,26.143497936207268,25.23350106280905,26.0120906829834,306000,0.0,0.0
2023-09-26 00:00:00-04:00,26.281476995441814,26.649417304937664,25.80512311717634,25.99894905090332,372300,0.0,0.0
2023-09-27 00:00:00-04:00,26.25848090193377,27.099489246696795,26.25848090193377,26.9516544342041,217800,0.0,0.0
2023-09-28 00:00:00-04:00,27.004217070756834,28.56139449796682,26.97136572599399,28.485836029052734,426900,0.0,0.0
2023-09-29 00:00:00-04:00,28.50554792081947,28.541685154782893,27.16190788986124,27.234182357788086,408000,0.0,0.0
2023-10-02 00:00:00-04:00,27.15205052541413,27.730244355294026,26.724977395871065,27.276887893676758,423300,0.0,0.0
2023-10-03 00:00:00-04:00,27.096206465765466,27.539705314679768,26.281481359454677,26.89252471923828,276900,0.0,0.0
2023-10-04 00:00:00-04:00,26.941800909893665,27.64811616720038,26.692126154809092,27.372159957885742,248400,0.0,0.0
2023-10-05 00:00:00-04:00,27.42143288704806,27.904354738319807,26.856380804271126,27.033781051635742,209400,0.0,0.0
2023-10-06 00:00:00-04:00,26.862957094853837,27.65468662459965,26.64942144975491,27.483858108520508,194100,0.0,0.0
2023-10-09 00:00:00-04:00,27.756525364989056,29.195435324131154,27.756525364989056,28.190168380737305,461400,0.0,0.0
2023-10-10 00:00:00-04:00,28.410277368252952,29.031176427146573,28.21973543436043,28.269012451171875,332400,0.0,0.0
2023-10-11 00:00:00-04:00,28.292007925577494,29.675070864111916,28.292007925577494,29.372833251953125,501000,0.0,0.0
2023-10-12 00:00:00-04:00,29.612658828482896,29.990454988527514,27.838659631734075,28.124469757080078,546600,0.0,0.0
2023-10-13 00:00:00-04:00,28.35771445089683,28.41027923733733,26.330756658564194,26.4621639251709,623100,0.0,0.0
2023-10-16 00:00:00-04:00,26.380031976024593,27.621831975159356,26.041657111477726,26.800535202026367,402600,0.0,0.0
2023-10-17 00:00:00-04:00,26.711836612553466,27.694108038618825,26.711836612553466,27.02721405029297,246000,0.0,0.0
2023-10-18 00:00:00-04:00,27.05678047253911,27.05678047253911,25.213791048520683,25.309062957763672,330900,0.0,0.0
2023-10-19 00:00:00-04:00,25.263068420110635,25.35833844380017,24.379354876441145,24.665164947509766,404700,0.0,0.0
2023-10-20 00:00:00-04:00,24.648740450091882,24.73415469887613,24.04426705597662,24.336647033691406,387900,0.0,0.0
2023-10-23 00:00:00-04:00,24.162531712564583,24.520616246085048,23.82087285088112,23.93914031982422,219600,0.0,0.0
2023-10-24 00:00:00-04:00,24.330076631946522,24.70787273034398,24.1822437029732,24.34650230407715,228600,0.0,0.0
2023-10-25 00:00:00-04:00,24.35307302266635,25.00025542938246,24.310367777516934,24.514047622680664,234000,0.0,0.0
2023-10-26 00:00:00-04:00,24.47134107312562,24.694734362483864,23.916144676162766,24.356359481811523,155400,0.0,0.0
2023-10-27 00:00:00-04:00,24.25780074414378,24.54032679968977,23.929283561255826,24.34978675842285,171900,0.0,0.0
2023-10-30 00:00:00-04:00,24.711158976617682,25.019966504645346,24.59617739023086,24.780147552490234,195600,0.0,0.0
2023-10-31 00:00:00-04:00,24.80314638285023,25.27949654757285,24.323508451753224,25.180940628051758,196500,0.0,0.0
2023-11-01 00:00:00-04:00,25.295922764315055,25.634295751711136,25.03967813901633,25.548879623413086,196500,0.0,0.0
2023-11-02 00:00:00-04:00,26.008803010374642,26.314326497958895,25.27949233512377,25.70328140258789,327000,0.0,0.0
2023-11-03 00:00:00-04:00,26.11065074230359,26.741405658016483,26.11065074230359,26.311046600341797,187500,0.0,0.0
2023-11-06 00:00:00-05:00,26.363608005266414,26.596857078366956,25.640867099030615,26.4621639251709,193800,0.0,0.0
2023-11-07 00:00:00-05:00,26.327467988243725,27.066634489674968,26.20263062821756,26.981220245361328,375900,0.0,0.0
2023-11-08 00:00:00-05:00,26.97465127991259,27.414866061580586,26.790679239993707,27.257177352905273,346800,0.0,0.0
2023-11-09 00:00:00-05:00,27.27031707763672,27.654683069197,27.18818683712819,27.27031707763672,261900,0.0,0.0
2023-11-10 00:00:00-05:00,27.283456337093615,28.055476071465968,27.283456337093615,27.549556732177734,251100,0.0,0.0
2023-11-13 00:00:00-05:00,27.467433025035003,27.664543000119437,26.922092356964722,27.06992530822754,221400,0.0,0.0
2023-11-14 00:00:00-05:00,27.75312103089828,28.672622680664062,27.27194732698363,28.672622680664062,413700,0.087667,0.0
2023-11-15 00:00:00-05:00,28.633069331209796,28.946162024385764,27.690498615980736,27.786073684692383,234300,0.0,0.0
2023-11-16 00:00:00-05:00,27.898132834350253,28.2309983609739,26.744635261012284,27.08079719543457,316200,0.0,0.0
2023-11-17 00:00:00-05:00,27.28842839133396,28.05632736707159,27.28842839133396,27.937681198120117,215700,0.0,0.0
2023-11-20 00:00:00-05:00,27.937681014136924,28.37601085755462,27.64436294450307,27.91461181640625,290100,0.0,0.0
2023-11-21 00:00:00-05:00,27.74323421327988,27.842105704988185,27.163190894455877,27.430143356323242,242400,0.0,0.0
2023-11-22 00:00:00-05:00,27.525718688964844,27.832218618795707,27.074206985208875,27.525718688964844,200400,0.0,0.0
2023-11-24 00:00:00-05:00,27.713575101408658,28.606709309918383,27.568563323480245,28.27384376525879,166500,0.0,0.0
2023-11-27 00:00:00-05:00,28.28702499260363,28.28702499260363,27.489464056648014,27.97393226623535,253500,0.0,0.0
2023-11-28 00:00:00-05:00,28.0662175576265,28.577051457404625,26.326085512977667,26.32938003540039,332100,0.0,0.0
2023-11-29 00:00:00-05:00,26.38210850446517,26.649060969571593,26.16459272872116,26.359039306640625,320400,0.0,0.0
2023-11-30 00:00:00-05:00,26.359038788979063,27.492761698533794,26.207436087606418,27.407072067260742,504000,0.0,0.0
2023-12-01 00:00:00-05:00,27.189556022237017,28.234294767992804,27.189556022237017,27.89483642578125,317100,0.0,0.0
2023-12-04 00:00:00-05:00,28.39249005484788,30.17546584293577,28.385897238865965,29.961244583129883,776700,0.0,0.0
2023-12-05 00:00:00-05:00,30.69947865677233,30.709365993991792,28.906617586156774,29.104358673095703,918000,0.0,0.0
2023-12-06 00:00:00-05:00,29.816231324659764,30.053521756165424,24.734255121009237,27.357635498046875,1415400,0.0,0.0
2023-12-07 00:00:00-05:00,27.433439718122173,28.207929611206055,26.807254233626484,28.207929611206055,472200,0.0,0.0
2023-12-08 00:00:00-05:00,28.27054498745539,29.628376430272358,28.27054498745539,28.349641799926758,608100,0.0,0.0
2023-12-11 00:00:00-05:00,28.728650699594528,30.603905081979615,28.636370138222652,29.994199752807617,1002000,0.0,0.0
2023-12-12 00:00:00-05:00,29.743725859306963,30.376502278102485,29.002192496291276,29.08129119873047,608700,0.0,0.0
2023-12-13 00:00:00-05:00,29.15709041779518,29.443817544987475,27.76300790307316,28.906618118286133,710400,0.0,0.0
2023-12-14 00:00:00-05:00,29.42404413559241,29.789866206095414,28.70557996866054,29.153797149658203,620100,0.0,0.0
2023-12-15 00:00:00-05:00,29.371314596779083,30.65004748404299,29.371314596779083,29.750320434570312,3082500,0.0,0.0
2023-12-18 00:00:00-05:00,30.356726926104916,30.594017370684767,29.79645829230113,30.17875862121582,565800,0.0,0.0
2023-12-19 00:00:00-05:00,30.28092604847448,32.17595316786379,30.28092604847448,31.65193748474121,794700,0.0,0.0
2023-12-20 00:00:00-05:00,31.661826185224516,31.800245135338752,29.84589213781506,29.868961334228516,620100,0.0,0.0
2023-12-21 00:00:00-05:00,30.280925830581403,30.834603522012703,29.526208755862154,29.770092010498047,347700,0.0,0.0
2023-12-22 00:00:00-05:00,29.94476550646305,29.984314858019196,29.091176898272714,29.17686653137207,388800,0.0,0.0
2023-12-26 00:00:00-05:00,29.01867291383805,29.96124379194999,29.00548916803929,29.40756607055664,307200,0.0,0.0
2023-12-27 00:00:00-05:00,29.516322241620085,29.69429054742589,29.068106955104952,29.120838165283203,237000,0.0,0.0
2023-12-28 00:00:00-05:00,29.002192407526056,29.552575600140802,28.432036425178893,29.39767837524414,349800,0.0,0.0
2023-12-29 00:00:00-05:00,29.48006910120357,29.496545481675867,28.6429588415157,29.13401985168457,317100,0.0,0.0
2024-01-02 00:00:00-05:00,28.692396242350792,30.0436348557585,28.68250890516727,29.773386001586914,634800,0.0,0.0
2024-01-03 00:00:00-05:00,29.50972795833231,29.631668632285137,28.698985222519863,28.728647232055664,289200,0.0,0.0
2024-01-04 00:00:00-05:00,28.95605303864466,28.9988969103495,27.581745193069647,27.65424919128418,524400,0.0,0.0
2024-01-05 00:00:00-05:00,27.380709349266738,27.50265193627976,26.101976419164448,26.599628448486328,596100,0.0,0.0
2024-01-08 00:00:00-05:00,26.714976240358414,27.004997906693607,26.286533728000563,26.52712059020996,454200,0.0,0.0
2024-01-09 00:00:00-05:00,26.03606193402197,26.53701038071485,25.630690468112434,26.32938003540039,364800,0.0,0.0
2024-01-10 00:00:00-05:00,26.293122988527877,26.563371847542985,26.171182304106882,26.39199447631836,275400,0.0,0.0
2024-01-11 00:00:00-05:00,26.40517989804614,26.662245028297466,26.171183965890137,26.52712059020996,434700,0.0,0.0
2024-01-12 00:00:00-05:00,26.695200357285838,26.968743743210098,26.405178704064753,26.74134063720703,342900,0.0,0.0
2024-01-16 00:00:00-05:00,26.625989810442377,26.71167755126953,26.108565072009085,26.71167755126953,398400,0.0,0.0
2024-01-17 00:00:00-05:00,26.530411344887217,26.813843926737178,26.530411344887217,26.757816314697266,259200,0.0,0.0
2024-01-18 00:00:00-05:00,26.807252986085864,27.1565986551688,26.55348428206326,26.916011810302734,499800,0.0,0.0
2024-01-19 00:00:00-05:00,26.929194783375657,26.929194783375657,25.673531272594836,26.434839248657227,674100,0.0,0.0
2024-01-22 00:00:00-05:00,26.8797595911538,27.667433214332934,26.533710320470068,26.74134063720703,586200,0.0,0.0
2024-01-23 00:00:00-05:00,26.9720427829342,27.150009218595986,25.815250579139096,25.838319778442383,440400,0.0,0.0
2024-01-24 00:00:00-05:00,26.21732398348926,26.21732398348926,25.63398424876685,25.775699615478516,443100,0.0,0.0
2024-01-25 00:00:00-05:00,25.989920045273553,26.07560778983675,25.225315616532242,25.416467666625977,361200,0.0,0.0
2024-01-26 00:00:00-05:00,25.663645194663076,25.726263741475705,25.142924031023927,25.320892333984375,533100,0.0,0.0
2024-01-29 00:00:00-05:00,25.45601791923433,26.40517973030158,25.45601791923433,26.30960464477539,621000,0.0,0.0
2024-01-30 00:00:00-05:00,26.309603232306287,27.107164181205857,26.17777521006877,26.889646530151367,842400,0.0,0.0
2024-01-31 00:00:00-05:00,33.03943253387459,41.35778964987031,33.03943253387459,39.0639762878418,4710000,0.0,0.0
2024-02-01 00:00:00-05:00,39.54844377621474,39.60776779966712,37.159057374190596,38.23016357421875,1553400,0.0,0.0
2024-02-02 00:00:00-05:00,38.24335010675938,40.86672897222296,36.747101423194565,40.50749969482422,1480800,0.0,0.0
2024-02-05 00:00:00-05:00,40.80410919480023,42.23444469409253,39.41991209033659,42.03340530395508,1334400,0.0,0.0
2024-02-06 00:00:00-05:00,42.13228053850783,42.19160079566953,40.74808337301579,41.5357551574707,807600,0.0,0.0
2024-02-07 00:00:00-05:00,41.89498321994794,45.43127423918869,41.6642837197614,43.5362434387207,902100,0.0,0.0
2024-02-08 00:00:00-05:00,43.84274691749148,46.855018623165094,43.668075024728985,46.46612548828125,747300,0.0,0.0
2024-02-09 00:00:00-05:00,46.70671460617159,48.802781108262025,46.653983397135555,48.52923583984375,865500,0.0,0.0
2024-02-12 00:00:00-05:00,49.02359864505683,50.63849546075689,48.83244845549034,50.328697204589844,1039200,0.0,0.0
2024-02-13 00:00:00-05:00,49.1154123320908,50.26100857369093,47.17086875631474,48.77536392211914,959700,0.088333,0.0
2024-02-14 00:00:00-05:00,49.67005713439776,51.88861782211673,49.67005713439776,50.47560501098633,861300,0.0,0.0
2024-02-15 00:00:00-05:00,51.14249478932712,52.047087941173444,49.749290987927175,51.49905014038086,703500,0.0,0.0
2024-02-16 00:00:00-05:00,51.72685458086062,52.13623285465942,50.57795597034999,50.69350814819336,684600,0.0,0.0
2024-02-20 00:00:00-05:00,50.336945447191894,51.5056529407399,48.93383527169512,49.64694595336914,1049700,0.0,0.0
2024-02-21 00:00:00-05:00,49.521493785151286,52.44326267411324,48.94044214554007,50.8189582824707,1003500,0.0,0.0
2024-02-22 00:00:00-05:00,51.21182870732001,52.638046343160504,50.20158979844505,51.50895690917969,812400,0.0,0.0
2024-02-23 00:00:00-05:00,51.53536743313309,53.823261809313955,51.086374872817835,53.38747024536133,556800,0.0,0.0
2024-02-26 00:00:00-05:00,53.74071463429649,56.49080967151398,53.74071463429649,55.005165100097656,1065600,0.0,0.0
2024-02-27 00:00:00-05:00,55.41785500463537,57.583592956184724,55.335316662024844,56.721920013427734,1040700,0.0,0.0
2024-02-28 00:00:00-05:00,56.721915647995225,58.26698751108746,56.61626990239182,57.98636245727539,705300,0.0,0.0
2024-02-29 00:00:00-05:00,59.092344645680335,61.98109952707276,58.501386628785944,61.155738830566406,1237500,0.0,0.0
2024-03-01 00:00:00-05:00,61.31750860644406,62.15607406323521,57.81138621685175,59.43239212036133,1192800,0.0,0.0
2024-03-04 00:00:00-05:00,60.201629263353865,65.3254520870046,60.06296968413966,61.0203857421875,1356000,0.0,0.0
2024-03-05 00:00:00-05:00,60.18511907197337,60.18511907197337,51.92493414035869,54.856605529785156,1791300,0.0,0.0
2024-03-06 00:00:00-05:00,57.091677679100904,57.250146302839475,53.30163170528249,53.483211517333984,1342200,0.0,0.0
2024-03-07 00:00:00-05:00,53.483206553435906,54.572677768248546,50.647274723330064,50.93119812011719,1869000,0.0,0.0
2024-03-08 00:00:00-05:00,50.36005645818443,51.624503280322934,48.51785638912277,49.79220962524414,1469400,0.0,0.0
2024-03-11 00:00:00-04:00,49.85163078674059,51.10287655782113,48.606993069545666,50.17847442626953,914700,0.0,0.0
2024-03-12 00:00:00-04:00,50.62747707041642,52.654555471531474,49.52809927689769,52.47957992553711,1090200,0.0,0.0
2024-03-13 00:00:00-04:00,52.77670311994942,56.309235086455466,52.77670311994942,55.94607925415039,1498200,0.0,0.0
2024-03-14 00:00:00-04:00,56.599766127047076,56.77804380490517,52.32441155297683,53.668094635009766,1150200,0.0,0.0
2024-03-15 00:00:00-04:00,53.02431129683028,54.46703578832401,51.997565515932834,53.10684585571289,4884900,0.0,0.0
2024-03-18 00:00:00-04:00,53.466707227824955,54.21943228295851,49.897858991480284,50.729820251464844,1154100,0.0,0.0
2024-03-19 00:00:00-04:00,50.181783104650265,51.37029974609695,48.09857589929268,48.144798278808594,1517700,0.0,0.0
2024-03-20 00:00:00-04:00,48.03585577943193,48.13489726976274,45.0183471247034,45.61590576171875,1738200,0.0,0.0
2024-03-21 00:00:00-04:00,45.97905642676659,47.34585075094153,45.510254803205186,46.896854400634766,1329300,0.0,0.0
2024-03-22 00:00:00-04:00,46.89685176987797,49.06919391393568,46.86053580729793,47.87407684326172,1228200,0.0,0.0
2024-03-25 00:00:00-04:00,48.25375085346834,49.73939585483679,47.59016078819798,47.79154968261719,744000,0.0,0.0
2024-03-26 00:00:00-04:00,47.804752344774606,48.31317209895103,45.979058934106476,46.32901382446289,1003800,0.0,0.0
2024-03-27 00:00:00-04:00,46.54690174853209,46.95958212039949,45.55977401676435,46.2464714050293,928800,0.0,0.0
2024-03-28 00:00:00-04:00,46.045080635481604,47.6231624451028,45.72484128070095,46.97938537597656,689100,0.0,0.0
2024-04-01 00:00:00-04:00,47.124647898648014,47.378855825823116,44.856562932720735,45.100868225097656,925800,0.0,0.0
2024-04-02 00:00:00-04:00,44.89948839277812,45.06125916698303,43.91896488895469,44.575950622558594,663900,0.0,0.0
2024-04-03 00:00:00-04:00,44.53633126916745,45.391403718172135,44.17977590389614,44.46369934082031,617400,0.0,0.0
2024-04-04 00:00:00-04:00,44.9027867946005,45.66872036004688,43.334607479726955,43.37422180175781,813600,0.0,0.0
2024-04-05 00:00:00-04:00,43.46666270907144,47.13785812974946,43.35111432482744,45.63240432739258,1053600,0.0,0.0
2024-04-08 00:00:00-04:00,45.71163741793826,46.86714016822448,45.272547506286514,45.388099670410156,549900,0.0,0.0
2024-04-09 00:00:00-04:00,45.13388776343683,45.6456095984701,43.526090333316674,43.6119270324707,693600,0.0,0.0
2024-04-10 00:00:00-04:00,42.918625151546436,43.85953425542434,42.15269536129622,43.26527786254883,679800,0.0,0.0
2024-04-11 00:00:00-04:00,43.30159744534277,43.674659735660995,42.274851556930464,42.8823127746582,504600,0.0,0.0
2024-04-12 00:00:00-04:00,42.35077871925207,42.92522984572436,41.41647388240085,41.581546783447266,639000,0.0,0.0
2024-04-15 00:00:00-04:00,42.056953795615556,42.3540820029841,40.825520726123756,41.76642608642578,856200,0.0,0.0
2024-04-16 00:00:00-04:00,41.680590923774425,41.76312926867324,40.82222009543488,41.39666748046875,459300,0.0,0.0
2024-04-17 00:00:00-04:00,41.492404091770496,41.898480141382514,40.27747808072287,40.75288391113281,495000,0.0,0.0
2024-04-18 00:00:00-04:00,41.03681257135512,42.704037218433086,40.62083005504349,42.304561614990234,778500,0.0,0.0
2024-04-19 00:00:00-04:00,42.08997076557869,43.79020935134252,41.86217233030455,43.030879974365234,1089300,0.0,0.0
2024-04-22 00:00:00-04:00,43.512889626120376,45.642311726353256,43.16623688083336,44.94240951538086,1068900,0.0,0.0
2024-04-23 00:00:00-04:00,45.2857568270995,47.80475194217021,45.2857568270995,47.33924865722656,851100,0.0,0.0
2024-04-24 00:00:00-04:00,48.66312153576104,51.91503639075805,48.36599331449465,49.26728439331055,1599900,0.0,0.0
2024-04-25 00:00:00-04:00,48.2207338640131,48.99986850365451,46.312502145449386,48.30326843261719,1054500,0.0,0.0
2024-04-26 00:00:00-04:00,48.471632081330476,49.488475186211105,47.656181604174066,49.131919860839844,705600,0.0,0.0
2024-04-29 00:00:00-04:00,49.52149456814725,50.84867077370121,48.15800239840651,49.409244537353516,725700,0.0,0.0
2024-04-30 00:00:00-04:00,49.44555486476915,49.656846349335964,46.675654378591744,47.210487365722656,1122900,0.0,0.0
2024-05-01 00:00:00-04:00,60.41622609503423,60.577996872046235,52.529102572983795,56.127662658691406,3281100,0.0,0.0
2024-05-02 00:00:00-04:00,57.40531082784668,57.448231064934745,51.119385189386946,53.014408111572266,1469100,0.0,0.0
2024-05-03 00:00:00-04:00,53.536033149010194,54.057661384741536,51.60139210653385,52.80641555786133,951600,0.0,0.0
2024-05-06 00:00:00-04:00,53.23890914610727,56.167278598635406,53.23230486959744,53.34455490112305,891000,0.0,0.0
2024-05-07 00:00:00-04:00,53.34455305934285,54.552878701985954,51.63110984865473,52.083404541015625,618300,0.0,0.0
2024-05-08 00:00:00-04:00,51.60469673798655,52.472973941367556,50.842065286416535,52.2022590637207,568200,0.0,0.0
2024-05-09 00:00:00-04:00,52.2121633361078,55.17024825769983,51.773073402520986,54.59249496459961,1019100,0.0,0.0
2024-05-10 00:00:00-04:00,55.12732815994815,57.973163057295935,54.68163394868696,55.540008544921875,1184400,0.0,0.0
2024-05-13 00:00:00-04:00,56.08803787245765,56.47760700870991,52.74038425526332,52.961578369140625,906600,0.0,0.0
2024-05-14 00:00:00-04:00,53.584928401395565,54.381890087284724,51.70000042426536,52.60939407348633,728100,0.088333,0.0
2024-05-15 00:00:00-04:00,53.049215263448815,55.731108952971596,53.049215263448815,55.311134338378906,662100,0.0,0.0
2024-05-16 00:00:00-04:00,55.562455750075046,55.84684516074526,53.694058156093405,54.11403274536133,545100,0.0,0.0
2024-05-17 00:00:00-04:00,54.28599527170287,54.60014932074004,51.89511008524714,52.288631439208984,730800,0.0,0.0
2024-05-20 00:00:00-04:00,52.46058953473966,55.049889231021865,52.46058953473966,54.61337661743164,555600,0.0,0.0
2024-05-21 00:00:00-04:00,54.563769437145545,63.17161702407121,54.563769437145545,62.15309524536133,2474400,0.0,0.0
2024-05-22 00:00:00-04:00,61.86209505682024,64.61012193317653,60.082983633237376,64.38195037841797,1848000,0.0,0.0
2024-05-23 00:00:00-04:00,65.05325065743281,66.53473847361505,60.853492992455024,61.08828353881836,1527600,0.0,0.0
2024-05-24 00:00:00-04:00,61.567776685872005,66.91832947852168,61.48510178225338,66.55787658691406,1170900,0.0,0.0
2024-05-28 00:00:00-04:00,68.17495016395392,69.16040348469961,65.21527503132644,68.1683349609375,1240500,0.0,0.0
2024-05-29 00:00:00-04:00,66.84557644626125,68.30061083010868,65.26488347679575,67.66568756103516,757500,0.0,0.0
2024-05-30 00:00:00-04:00,68.25432633805916,69.1571048762597,66.80589944439927,68.10551452636719,828600,0.0,0.0
2024-05-31 00:00:00-04:00,67.8938746398343,68.44943067335976,58.551893396330286,59.47782516479492,1659600,0.0,0.0
2024-06-03 00:00:00-04:00,60.102826562583125,60.532724001870925,54.18017908742587,56.66035079956055,1487700,0.0,0.0
2024-06-04 00:00:00-04:00,55.45002542370057,55.55584598179507,50.6021177946099,51.95463562011719,1609500,0.0,0.0
2024-06-05 00:00:00-04:00,52.39445158031029,53.942080066067795,52.39445158031029,53.198028564453125,789300,0.0,0.0
2024-06-06 00:00:00-04:00,52.910325645800015,53.340223061106066,51.07169259311953,52.2720947265625,625500,0.0,0.0
2024-06-07 00:00:00-04:00,51.91826202863076,52.77474934006989,51.25688540139949,52.589561462402344,620400,0.0,0.0
2024-06-10 00:00:00-04:00,52.57963463439627,57.0869307040639,52.23902356480701,56.49830627441406,1395600,0.0,0.0
2024-06-11 00:00:00-04:00,55.84354212267302,57.08032026471843,54.26284530344708,54.4381103515625,920700,0.0,0.0
2024-06-12 00:00:00-04:00,55.565759512679804,58.99831967639859,55.311130948674545,57.25889205932617,896700,0.0,0.0
2024-06-13 00:00:00-04:00,57.424238459310246,58.6114177811956,55.57899394537938,58.2542724609375,580500,0.0,0.0
2024-06-14 00:00:00-04:00,57.39116309669528,57.39116309669528,54.09749587124372,54.71919250488281,585000,0.0,0.0
2024-06-17 00:00:00-04:00,55.13917793760953,56.372648558646134,54.09750281708879,56.15439224243164,627900,0.0,0.0
2024-06-18 00:00:00-04:00,55.32435619781877,55.32435619781877,50.731077725789724,54.32236862182617,1158300,0.0,0.0
2024-06-20 00:00:00-04:00,54.279384256800554,54.92092281149645,51.75952889760962,51.905033111572266,877500,0.0,0.0
2024-06-21 00:00:00-04:00,51.22380675782878,51.5875672633106,48.73040863216058,50.90965270996094,1652100,0.0,0.0
2024-06-24 00:00:00-04:00,50.87657952316577,51.835579586292184,49.95726310865835,50.06308364868164,680400,0.0,0.0
2024-06-25 00:00:00-04:00,50.07962722336268,50.70463156028097,49.60343470433408,50.23174285888672,469800,0.0,0.0
2024-06-26 00:00:00-04:00,49.78861614259726,50.35078732075268,47.6424405899959,48.026039123535156,1037700,0.0,0.0
2024-06-27 00:00:00-04:00,48.00950410813578,49.07432475497826,46.40566171912496,46.987674713134766,1530000,0.0,0.0
2024-06-28 00:00:00-04:00,47.387807102509534,48.489003789607715,46.670208939700466,47.420875549316406,2461800,0.0,0.0
2024-07-01 00:00:00-04:00,48.06241709183351,48.40302817086367,46.4618784296788,47.43080139160156,1070100,0.0,0.0
2024-07-02 00:00:00-04:00,47.09018617972636,48.333579429262834,46.868622293158666,47.86399841308594,664500,0.0,0.0
2024-07-03 00:00:00-04:00,48.515463339865946,50.29457477109754,48.1781598403717,49.818382263183594,687000,0.0,0.0
2024-07-05 00:00:00-04:00,50.2648040948404,50.90303491594557,47.860688811301316,47.93674850463867,876600,0.0,0.0
2024-07-08 00:00:00-04:00,48.032654644985996,49.95395871149833,48.01612042107433,48.1649284362793,762600,0.0,0.0
2024-07-09 00:00:00-04:00,48.28067596137911,48.548534953230714,44.490973989745136,45.400367736816406,1066200,0.0,0.0
2024-07-10 00:00:00-04:00,45.73436517203289,46.50818132495286,45.05975815894457,46.332916259765625,870000,0.0,0.0
2024-07-11 00:00:00-04:00,47.32498215786343,48.60144400096191,46.65698660390082,47.176170349121094,682200,0.0,0.0
2024-07-12 00:00:00-04:00,47.51016141551669,48.57498204406483,46.13449436240113,46.99759292602539,818400,0.0,0.0
2024-07-15 00:00:00-04:00,47.430802745761845,49.81507279816164,46.62722578996144,47.794559478759766,891600,0.0,0.0
2024-07-16 00:00:00-04:00,47.79455641974747,48.28067168436492,45.53264129040888,46.594154357910156,1283700,0.0,0.0
2024-07-17 00:00:00-04:00,46.02867956211043,46.02867956211043,43.1979740191656,43.783294677734375,1839600,0.0,0.0
2024-07-18 00:00:00-04:00,44.17351146177348,44.60010127925608,42.00087872053851,43.07892608642578,1204800,0.0,0.0
2024-07-19 00:00:00-04:00,43.29718646939992,44.844815054013104,42.71186576603101,44.31240463256836,2108400,0.0,0.0
2024-07-22 00:00:00-04:00,45.15896794165522,46.088207345024664,43.87589080080609,45.51611328125,1757400,0.0,0.0
2024-07-23 00:00:00-04:00,45.89970518633555,47.29190650319955,45.61531199691063,46.647064208984375,750900,0.0,0.0
2024-07-24 00:00:00-04:00,46.227088947186076,47.407649155408414,44.80512302100708,44.84480667114258,1395600,0.0,0.0
2024-07-25 00:00:00-04:00,44.6430955105125,44.98370665258477,42.133162685054046,44.23303985595703,1103400,0.0,0.0
2024-07-26 00:00:00-04:00,45.1325131299904,46.428816958644745,44.328939860802876,46.05844497680664,715200,0.0,0.0
2024-07-29 00:00:00-04:00,47.024052290277,47.82432160221821,44.6959964541245,45.53925323486328,950700,0.0,0.0
2024-07-30 00:00:00-04:00,45.539260992251215,46.792577339782454,43.786606451508476,44.064388275146484,1697700,0.0,0.0
2024-07-31 00:00:00-04:00,55.88983722007868,62.31844126478324,53.575011758726696,60.724517822265625,5279700,0.0,0.0
2024-08-01 00:00:00-04:00,60.079681390971245,60.211955198292706,52.59948253991404,53.27739715576172,2603400,0.0,0.0
2024-08-02 00:00:00-04:00,51.18082083208861,51.250265333513354,48.72049108098485,50.747615814208984,1573500,0.0,0.0
2024-08-05 00:00:00-04:00,47.61929516188655,53.19141609329558,47.28860687363174,50.30780029296875,1727400,0.0,0.0
2024-08-06 00:00:00-04:00,50.9361105651546,54.56377395125884,50.26481120445832,54.137184143066406,1074900,0.0,0.0
2024-08-07 00:00:00-04:00,55.664972185967336,55.767485138436484,51.33624469338138,51.501590728759766,1200600,0.0,0.0
2024-08-08 00:00:00-04:00,53.38982324852019,54.494327583195876,51.37261763374415,54.3984260559082,587100,0.0,0.0
2024-08-09 00:00:00-04:00,54.23969587566763,54.48440542268005,52.91032380694577,54.4381103515625,592500,0.0,0.0
2024-08-12 00:00:00-04:00,54.563780909462565,55.88323415525987,53.52210948535212,54.051212310791016,580200,0.0,0.0
2024-08-13 00:00:00-04:00,54.42488483227913,54.815098588487324,52.91032487950239,53.61469268798828,577500,0.0,0.0
2024-08-14 00:00:00-04:00,53.61303945278971,54.32187343629114,51.065871545157584,51.89394760131836,912600,0.088333,0.0
2024-08-15 00:00:00-04:00,53.328181420683386,56.5643052572375,53.00688701167532,55.31556701660156,948300,0.0,0.0
2024-08-16 00:00:00-04:00,55.02407927856211,55.83890702669324,53.844899292679344,55.82234573364258,711000,0.0,0.0
2024-08-19 00:00:00-04:00,55.97802849747204,57.63418448767515,54.98764867851659,56.65373992919922,1248600,0.0,0.0
2024-08-20 00:00:00-04:00,58.92266834517035,60.27409113857659,57.03465432902459,57.452003479003906,1331400,0.0,0.0
2024-08-21 00:00:00-04:00,57.36919917001496,57.713680915068046,55.47124603182427,57.61762237548828,1226400,0.0,0.0
2024-08-22 00:00:00-04:00,58.16746605305192,61.214789715230154,58.16746605305192,58.96573257446289,1278600,0.0,0.0
2024-08-23 00:00:00-04:00,58.9822997483191,64.1196903624865,58.9822997483191,63.85470962524414,1200900,0.0,0.0
2024-08-26 00:00:00-04:00,64.7158951302277,65.74602351615789,63.589711999234005,63.87125778198242,1301400,0.0,0.0
2024-08-27 00:00:00-04:00,63.01668265327615,63.218731185896075,60.1018495991827,60.615257263183594,891000,0.0,0.0
2024-08-28 00:00:00-04:00,60.24428600811245,60.49270922254361,53.9277118435931,54.543800354003906,2648700,0.0,0.0
2024-08-29 00:00:00-04:00,54.73922432004639,55.934969473296576,53.85815133805399,53.92439651489258,1192200,0.0,0.0
2024-08-30 00:00:00-04:00,53.82502594266025,55.5540492280572,53.596477061976145,55.4613037109375,1163100,0.0,0.0
2024-09-03 00:00:00-04:00,54.692853378751494,55.19632202892064,50.14836450618369,50.54915237426758,1776000,0.0,0.0
2024-09-04 00:00:00-04:00,50.04568261233234,51.937009659030764,50.009247007803474,50.7545166015625,1128900,0.0,0.0
2024-09-05 00:00:00-04:00,50.61871189870264,50.92675804369395,48.846626839673725,49.47596740722656,1489200,0.0,0.0
2024-09-06 00:00:00-04:00,49.55215152469106,50.35372728011693,48.485583683999025,49.760826110839844,1074900,0.0,0.0
2024-09-09 00:00:00-04:00,50.17817469725621,51.79126903104396,50.17817469725621,51.476600646972656,1106100,0.0,0.0
2024-09-10 00:00:00-04:00,51.67202987355997,52.00325957074208,50.61871405381559,51.701839447021484,909900,0.0,0.0
2024-09-11 00:00:00-04:00,51.67202888429116,54.302003470789145,50.419977544590736,53.8316535949707,690000,0.0,0.0
2024-09-12 00:00:00-04:00,54.00720221543433,56.61398930946976,53.589853058540754,55.32881546020508,782400,0.0,0.0
2024-09-13 00:00:00-04:00,55.87203051815763,57.11414647027006,55.53417482755757,55.74616241455078,729000,0.0,0.0
2024-09-16 00:00:00-04:00,56.017773203570805,56.83922700247222,55.07376431725934,56.34900665283203,531000,0.0,0.0
2024-09-17 00:00:00-04:00,56.78291670870605,59.17440309155899,56.78291670870605,57.77992248535156,943200,0.0,0.0
2024-09-18 00:00:00-04:00,58.2469653670183,61.817632124888675,58.2469653670183,59.86336898803711,1336500,0.0,0.0
2024-09-19 00:00:00-04:00,62.25815956829202,64.34491655192643,60.78418178285708,63.851383209228516,1640700,0.0,0.0
2024-09-20 00:00:00-04:00,63.84807713138804,68.94571860301275,63.722205228911406,68.34619140625,2284500,0.0,0.0
2024-09-23 00:00:00-04:00,69.04839826641737,72.79462440775931,68.39919098761585,71.77774047851562,2020800,0.0,0.0
2024-09-24 00:00:00-04:00,71.98972548167002,73.94067522181659,71.0291553951465,72.3110122680664,1121400,0.0,0.0
2024-09-25 00:00:00-04:00,72.3110238701487,74.18248425872444,69.8201733435287,70.12158966064453,1202700,0.0,0.0
2024-09-26 00:00:00-04:00,72.70518787998425,73.0960404853064,70.40975992093041,71.46638488769531,589200,0.0,0.0
2024-09-27 00:00:00-04:00,71.76780601372539,74.05992086750688,70.61843177938167,72.56938171386719,2695500,0.0,0.0
2024-09-30 00:00:00-04:00,72.20833978063564,74.85819225895528,71.6154386433255,73.52995300292969,745500,0.0,0.0
2024-10-01 00:00:00-04:00,72.9602404949275,76.18974226850887,70.94967124970393,75.68958282470703,1331100,0.0,0.0
2024-10-02 00:00:00-04:00,76.26593021594152,77.17681284886646,74.70583266330942,76.71308898925781,1206300,0.0,0.0
2024-10-03 00:00:00-04:00,76.72633993943609,80.15789038547966,74.6362733750545,76.91845703125,1244100,0.0,0.0
2024-10-04 00:00:00-04:00,79.17412753802874,82.16845792808732,78.6574106311835,80.48580169677734,1296000,0.0,0.0
2024-10-07 00:00:00-04:00,81.0290243558244,84.1624711903262,80.32350338178149,81.48612213134766,1280100,0.0,0.0
2024-10-08 00:00:00-04:00,81.15488484463461,83.95378507175565,79.54841288164862,83.52649688720703,1201500,0.0,0.0
2024-10-09 00:00:00-04:00,84.41751356027333,86.30221838442866,83.63912137036786,84.46720123291016,1631100,0.0,0.0
2024-10-10 00:00:00-04:00,83.6523811052907,84.08298237002876,78.02145723521069,81.82398223876953,1413900,0.0,0.0
2024-10-11 00:00:00-04:00,81.70141989215283,87.2793498957598,81.69810687536919,87.10379791259766,1136100,0.0,0.0
2024-10-14 00:00:00-04:00,87.08060860587747,88.94212985073564,86.60364031695336,88.26641845703125,852300,0.0,0.0
2024-10-15 00:00:00-04:00,87.64040355800206,88.23661776981797,83.67887652499859,87.62715148925781,1004700,0.0,0.0
2024-10-16 00:00:00-04:00,89.37935806118735,93.32762508914206,88.93550477346665,92.87384033203125,1102200,0.0,0.0
2024-10-17 00:00:00-04:00,93.92714855376654,94.21863337821475,90.76720530071228,91.2806167602539,1019100,0.0,0.0
2024-10-18 00:00:00-04:00,91.79072173729898,92.08219900122239,89.71721281353102,89.87289428710938,667800,0.0,0.0
2024-10-21 00:00:00-04:00,89.76358098129523,92.97983035313122,88.82288133638967,92.73140716552734,894000,0.0,0.0
2024-10-22 00:00:00-04:00,91.4164156055907,92.08218789670309,87.68675495494068,88.46846008300781,1097400,0.0,0.0
2024-10-23 00:00:00-04:00,86.96799927839125,87.26279716366982,81.4795047885117,84.52020263671875,1620300,0.0,0.0
2024-10-24 00:00:00-04:00,84.64937534605681,85.77887146533226,82.32081733651911,82.711669921875,876300,0.0,0.0
2024-10-25 00:00:00-04:00,83.78485696544813,85.44100897435774,82.90709708304068,84.2353286743164,696300,0.0,0.0
2024-10-28 00:00:00-04:00,86.00741868072578,88.35916028456606,85.56688599540917,85.93455505371094,792900,0.0,0.0
2024-10-29 00:00:00-04:00,84.65931714168923,86.9746155779354,83.50000383385094,86.57051849365234,1255500,0.0,0.0
2024-10-30 00:00:00-04:00,86.0504814413685,86.46783817668552,82.43012726021735,84.26515197753906,1229100,0.0,0.0
2024-10-31 00:00:00-04:00,83.86104598104,85.1495366086461,82.15851922285114,84.45726013183594,807300,0.0,0.0
2024-11-01 00:00:00-04:00,85.29527938499814,92.99970388584431,85.29527938499814,92.52273559570312,1761600,0.0,0.0
2024-11-04 00:00:00-05:00,90.50224344611723,93.40382506491422,88.18031099882492,89.05145263671875,1443600,0.0,0.0
2024-11-05 00:00:00-05:00,89.9987552237452,98.01122966077568,89.9987552237452,97.51107025146484,966300,0.0,0.0
2024-11-06 00:00:00-05:00,106.23239847950342,116.0898302204575,101.83033863261952,115.19219207763672,1856400,0.0,0.0
2024-11-07 00:00:00-05:00,114.7450138557012,115.59959021069508,110.10777605776373,111.810302734375,1196400,0.0,0.0
2024-11-08 00:00:00-05:00,111.70763505377731,116.84171981886773,110.31977656841758,114.72846221923828,976500,0.0,0.0
2024-11-11 00:00:00-05:00,119.72341817638954,120.89267055640461,116.13288110042191,116.7158432006836,952800,0.0,0.0
2024-11-12 00:00:00-05:00,115.04643853096252,116.92451732261304,111.95605330633664,113.8970718383789,1069800,0.0,0.0
2024-11-13 00:00:00-05:00,114.24155545844017,114.69865326087962,104.6921665385267,105.0763931274414,2057700,0.0,0.0
2024-11-14 00:00:00-05:00,105.07638973161326,105.90778262609065,97.35208683526992,99.5382080078125,1575900,0.0,0.0
2024-11-15 00:00:00-05:00,96.33850860769304,99.07778969026826,89.2899176670079,92.25774383544922,1973400,0.0,0.0
2024-11-18 00:00:00-05:00,95.47400046368523,98.41533007003113,94.40081048290018,95.72904968261719,1527600,0.0,0.0
2024-11-19 00:00:00-05:00,96.23251123057699,103.55934223518861,95.72904642457262,103.47653198242188,2685900,0.0,0.0
2024-11-20 00:00:00-05:00,89.11378837987739,91.91838112179474,83.607370862583,86.79651641845703,4024500,0.088333,0.0
2024-11-21 00:00:00-05:00,89.6408832025563,97.97178766754644,85.86164925083455,95.47218322753906,2313900,0.0,0.0
2024-11-22 00:00:00-05:00,97.31538342369383,99.42048745483953,95.1539254671768,96.0987319946289,1314300,0.0,0.0
2024-11-25 00:00:00-05:00,97.13305696701688,97.13305696701688,89.8397947595605,93.02230834960938,2082300,0.0,0.0
2024-11-26 00:00:00-05:00,92.48857990116973,95.45230204920986,88.4905464565489,90.04865264892578,1394700,0.0,0.0
2024-11-27 00:00:00-05:00,90.58238609024194,92.10070988882724,85.53345468745015,86.97221374511719,1679700,0.0,0.0
2024-11-29 00:00:00-05:00,87.60539830899043,89.95912885686245,87.28714696916008,88.63970947265625,492000,0.0,0.0
2024-12-02 00:00:00-05:00,88.67950091322186,92.47200591892751,87.51589504424254,91.09954071044922,1317300,0.0,0.0
2024-12-03 00:00:00-05:00,90.83434128984378,94.33510662757179,88.18223874930776,89.15357208251953,1044900,0.0,0.0
2024-12-04 00:00:00-05:00,90.86416582394315,97.79608604223736,90.83433094470173,96.72198486328125,1859100,0.0,0.0
2024-12-05 00:00:00-05:00,96.63910924537461,100.11667114254242,94.11961730120373,94.56053161621094,1143000,0.0,0.0
2024-12-06 00:00:00-05:00,96.64573700079346,97.41153431891527,91.99462192576513,92.94606018066406,859200,0.0,0.0
2024-12-09 00:00:00-05:00,92.9062798423033,92.9228589911516,84.30354540384967,85.45388793945312,1628100,0.0,0.0
2024-12-10 00:00:00-05:00,85.1986135759298,86.05391546524753,81.70116470477285,82.8150405883789,1513800,0.0,0.0
2024-12-11 00:00:00-05:00,85.82519378254145,91.31171651775756,84.20409430622699,89.49834442138672,1950000,0.0,0.0
2024-12-12 00:00:00-05:00,88.51374789976128,89.27622941885595,84.29691529291608,84.78755187988281,1074600,0.0,0.0
2024-12-13 00:00:00-05:00,85.73236220502751,86.8561933469339,81.88351066653142,83.54106903076172,1166100,0.0,0.0
2024-12-16 00:00:00-05:00,83.70681543728732,85.42073517688141,83.41839895594666,83.73002624511719,768300,0.0,0.0
2024-12-17 00:00:00-05:00,82.43049293316147,82.74874428924801,78.3528950621431,79.97730255126953,996600,0.0,0.0
2024-12-18 00:00:00-05:00,80.56740524667438,82.32109988073866,75.39581081335378,76.90087890625,2061600,0.0,0.0
2024-12-19 00:00:00-05:00,77.9550756196272,81.55861592513283,77.72965232774045,80.70994567871094,1467300,0.0,0.0
2024-12-20 00:00:00-05:00,78.41919000533785,85.21519095443948,77.91860599890786,81.48567962646484,3021000,0.0,0.0
2024-12-23 00:00:00-05:00,81.78074528697213,82.20508048444232,76.79479912898572,77.6335220336914,1227600,0.0,0.0
2024-12-24 00:00:00-05:00,77.52742944209125,78.08437501639264,75.97263917105236,77.10972595214844,616500,0.0,0.0
2024-12-26 00:00:00-05:00,77.10972523410048,77.89209410688775,75.12396817280151,76.67212677001953,1736100,0.0,0.0
2024-12-27 00:00:00-05:00,75.727319215638,76.8080520433654,73.70177981183951,76.60250854492188,953100,0.0,0.0
2024-12-30 00:00:00-05:00,74.72284126567156,76.39366290980499,73.40010588329271,75.27315521240234,1161600,0.0,0.0
2024-12-31 00:00:00-05:00,75.89307576474378,75.89307576474378,73.46972776200433,73.47966766357422,851700,0.0,0.0
2025-01-02 00:00:00-05:00,74.59024147909196,77.64015256343104,74.14601130762031,75.83341217041016,1926600,0.0,0.0
2025-01-03 00:00:00-05:00,76.98375325880016,81.64480815045665,76.63234360668588,81.51883697509766,1252800,0.0,0.0
2025-01-06 00:00:00-05:00,84.22398567559641,86.9357503347512,82.39403450714318,83.08689880371094,972900,0.0,0.0
2025-01-07 00:00:00-05:00,83.9057271966557,84.84390212979103,76.7616393517571,78.60816192626953,891600,0.0,0.0
2025-01-08 00:00:00-05:00,77.07657034464488,77.61693673609525,74.01008060814797,76.04225158691406,2034000,0.0,0.0
2025-01-10 00:00:00-05:00,75.20021973452175,77.06331392688584,73.22109426269871,76.6323471069336,1104000,0.0,0.0
2025-01-13 00:00:00-05:00,73.26749934480534,76.15497243228047,72.26964705293848,76.06546020507812,1392300,0.0,0.0
2025-01-14 00:00:00-05:00,77.35837101854347,80.61050234742079,77.0666386651349,78.88664245605469,829800,0.0,0.0
2025-01-15 00:00:00-05:00,83.2062245309154,83.65045462026377,81.05802991905702,82.62608337402344,1094700,0.0,0.0
2025-01-16 00:00:00-05:00,82.9377126067863,85.67268793723375,82.86477952662977,85.27487182617188,663900,0.0,0.0
2025-01-17 00:00:00-05:00,87.02857459087434,87.02857459087434,84.54223336426774,86.63739013671875,959100,0.0,0.0
2025-01-21 00:00:00-05:00,89.17014364423692,96.00923600432604,87.03520454350716,95.86005401611328,1617000,0.0,0.0
2025-01-22 00:00:00-05:00,98.27677817739107,109.2398826064653,98.27346234762638,103.22625732421875,2211900,0.0,0.0
2025-01-23 00:00:00-05:00,102.10573813843385,102.10573813843385,95.4754977671727,96.28438568115234,1269900,0.0,0.0
2025-01-24 00:00:00-05:00,97.0037761468058,98.91328442260797,93.80468320439057,96.40373992919922,1810500,0.0,0.0
2025-01-27 00:00:00-05:00,86.85617849041095,87.51920020515261,77.2423218942502,80.8359146118164,2995500,0.0,0.0
2025-01-28 00:00:00-05:00,82.40397113722629,83.11009107289237,75.41901309662246,78.98939514160156,1649700,0.0,0.0
2025-01-29 00:00:00-05:00,79.11536873925735,81.33318052433589,76.91412851303684,79.7286605834961,1330500,0.0,0.0
2025-01-30 00:00:00-05:00,81.22047399466412,81.46910810647198,73.96036248250115,78.35952758789062,1795200,0.0,0.0
2025-01-31 00:00:00-05:00,79.14852802575854,80.38506692394928,76.50968909656481,79.48998260498047,1906800,0.0,0.0
2025-02-03 00:00:00-05:00,74.63996293125858,78.56837883807813,74.63996293125858,78.17056274414062,1313400,0.0,0.0
2025-02-04 00:00:00-05:00,78.23687220581688,78.63800417065333,75.47869348963185,77.28874969482422,1306200,0.0,0.0
2025-02-05 00:00:00-05:00,79.06231857129482,83.15649495462198,78.50206485244733,81.17073822021484,1596600,0.0,0.0
2025-02-06 00:00:00-05:00,82.75206758591574,84.01513322302246,80.92875568010257,81.16744232177734,1789500,0.0,0.0
2025-02-07 00:00:00-05:00,76.26437207840809,81.51883921614862,72.49507797497456,75.85992431640625,2622900,0.0,0.0
2025-02-10 00:00:00-05:00,76.35719234816688,79.23140211029103,72.89620971679688,72.89620971679688,1877100,0.0,0.0
2025-02-11 00:00:00-05:00,71.9911848079427,72.2630297570555,69.26284094068372,69.700439453125,1765800,0.0,0.0
2025-02-12 00:00:00-05:00,68.13568851544969,69.93579690868603,67.62847284455663,69.42858123779297,1935000,0.0,0.0
2025-02-13 00:00:00-05:00,70.3369331941034,72.6508890615406,68.21524991785279,71.02647399902344,1499700,0.0,0.0
2025-02-14 00:00:00-05:00,71.60660983486139,72.15691604748618,69.5379726185818,70.73804473876953,766200,0.0,0.0
2025-02-18 00:00:00-05:00,71.60662391103622,73.92057981509971,68.26166502517394,69.14348602294922,1509900,0.0,0.0
2025-02-19 00:00:00-05:00,68.28974720482515,69.06980261293704,63.71895133194735,64.51228332519531,1817100,0.089333,0.0
2025-02-20 00:00:00-05:00,63.898192402160234,64.56207481711286,61.21612856672749,62.626869201660156,1895100,0.0,0.0
2025-02-21 00:00:00-05:00,63.72558471225843,63.732224903880926,58.14569645685226,58.83612823486328,2006100,0.0,0.0
2025-02-24 00:00:00-05:00,58.96226722920338,59.14483451747707,55.539981491103795,56.293479919433594,1803300,0.0,0.0
2025-02-25 00:00:00-05:00,55.20140043131661,57.425389717053655,53.91015670793561,56.5822639465332,1854300,0.0,0.0
2025-02-26 00:00:00-05:00,58.27847716496513,60.55889308592268,57.47850497001465,57.621238708496094,2721900,0.0,0.0
2025-02-27 00:00:00-05:00,58.96226881658482,59.39047003220748,54.92921447753906,54.92921447753906,1227900,0.0,0.0
2025-02-28 00:00:00-05:00,54.6304647749308,56.40965617898732,52.7782464611383,56.333309173583984,1592400,0.0,0.0
2025-03-03 00:00:00-05:00,56.731641682549906,57.023745546447756,51.04221284294223,51.81562805175781,1596000,0.0,0.0
2025-03-04 00:00:00-05:00,50.11942213776035,53.535067593414944,48.46968399269004,51.63637924194336,2299800,0.0,0.0
2025-03-05 00:00:00-05:00,52.267064976863736,53.70767888387711,50.83640755870367,53.36246109008789,1945500,0.0,0.0
2025-03-06 00:00:00-05:00,51.38742180507961,52.76164888531435,49.943487911960304,52.23386764526367,1476900,0.0,0.0
2025-03-07 00:00:00-05:00,52.23387442701218,54.30184980897575,50.58745627396315,54.05953598022461,1401300,0.0,0.0
2025-03-10 00:00:00-04:00,51.978273876996845,53.91679566687564,50.663797111144596,52.5126953125,1246800,0.0,0.0
2025-03-11 00:00:00-04:00,53.468681704640275,55.60636760578916,52.00151461888208,54.268653869628906,1277400,0.0,0.0
2025-03-12 00:00:00-04:00,56.671887907680535,57.85359127267423,53.983183971672446,55.510101318359375,1615800,0.0,0.0
2025-03-13 00:00:00-04:00,55.533343029378514,56.396381857560115,53.30935353528297,55.324222564697266,1181100,0.0,0.0
2025-03-14 00:00:00-04:00,56.84449925442448,57.8237186407304,56.0146537977406,57.544891357421875,882900,0.0,0.0
2025-03-17 00:00:00-04:00,57.256098574003545,60.568847504667765,57.256098574003545,59.642738342285156,1157400,0.0,0.0
2025-03-18 00:00:00-04:00,58.75314785035189,61.229411428312254,57.17644034660218,60.24687194824219,1461900,0.0,0.0
2025-03-19 00:00:00-04:00,60.854319033359204,61.40865728942152,58.43448574346593,60.25019073486328,1292400,0.0,0.0
2025-03-20 00:00:00-04:00,60.03775459794566,61.687489103850865,59.725730138016004,60.20040512084961,677700,0.0,0.0
2025-03-21 00:00:00-04:00,58.66684590413779,61.611140527701174,58.1457009845535,61.14974594116211,1757400,0.0,0.0
2025-03-24 00:00:00-04:00,62.81608612822433,65.55790070520347,61.49164879237921,65.14961242675781,1041300,0.0,0.0
2025-03-25 00:00:00-04:00,65.05002283743048,66.71967397498908,64.16706727485585,65.09649658203125,1012800,0.0,0.0
2025-03-26 00:00:00-04:00,64.96039735215791,64.96039735215791,61.342267698108266,61.521514892578125,846900,0.0,0.0
2025-03-27 00:00:00-04:00,60.65183225720889,61.777105399833275,59.582989346314264,60.054344177246094,782100,0.0,0.0
2025-03-28 00:00:00-04:00,59.2510537313458,60.08089915601545,57.63783282785291,58.66020202636719,1191900,0.0,0.0
2025-03-31 00:00:00-04:00,56.074401258217264,57.25942095033998,53.51847069672276,56.53911590576172,1180200,0.0,0.0
2025-04-01 00:00:00-04:00,56.61214178143049,58.46768036629526,55.83540646624841,58.38469696044922,604500,0.0,0.0
2025-04-02 00:00:00-04:00,56.47272414554894,61.41861075886523,56.15406333115622,60.18048095703125,1131600,0.0,0.0
2025-04-03 00:00:00-04:00,54.935854561166536,56.705085857391204,54.159115442012705,56.38642501831055,1048800,0.0,0.0
2025-04-04 00:00:00-04:00,53.23632428701772,55.49350704506215,50.750104296911026,54.58731460571289,1693200,0.0,0.0
2025-04-07 00:00:00-04:00,51.31771920167936,60.5788075742616,51.138472011348235,56.034568786621094,2022900,0.0,0.0
2025-04-08 00:00:00-04:00,59.563076324207984,59.7390072220069,53.44212991902437,54.36159896850586,1110000,0.0,0.0
2025-04-09 00:00:00-04:00,54.18567052175656,61.64765060812168,53.75746932191089,60.80120849609375,2240400,0.0,0.0
2025-04-10 00:00:00-04:00,58.20544897400648,60.17384420433032,55.8818794532557,57.412113189697266,1183200,0.0,0.0
2025-04-11 00:00:00-04:00,57.860231400318035,58.08926863723191,55.364054868436035,57.49842071533203,889800,0.0,0.0
2025-04-14 00:00:00-04:00,59.41702591153665,60.163887953167404,55.63624195756729,57.08349609375,675600,0.0,0.0
2025-04-15 00:00:00-04:00,56.963991306927944,58.305021179879375,56.47271974067266,57.52828598022461,658500,0.0,0.0
2025-04-16 00:00:00-04:00,56.0843626293365,56.64202101468387,53.86701327111719,55.41716766357422,921900,0.0,0.0
2025-04-17 00:00:00-04:00,55.68271462116694,56.21713609650198,54.41138760763408,55.513423919677734,620100,0.0,0.0
2025-04-21 00:00:00-04:00,54.975691627504375,55.10182489380294,51.27457448435223,52.90439224243164,798000,0.0,0.0
2025-04-22 00:00:00-04:00,53.452080642479025,55.951580815408946,53.452080642479025,55.052024841308594,623400,0.0,0.0
2025-04-23 00:00:00-04:00,58.33158669598485,61.24268787242684,57.531614509385086,57.97972869873047,948900,0.0,0.0
2025-04-24 00:00:00-04:00,58.2187274402462,61.24600924653654,58.2187274402462,61.189579010009766,873600,0.0,0.0
2025-04-25 00:00:00-04:00,61.126509515581915,62.11236912500325,60.08754356360247,61.939762115478516,659700,0.0,0.0
2025-04-28 00:00:00-04:00,62.38456017468736,63.40029305394075,60.2468741333333,61.5148811340332,507900,0.0,0.0
2025-04-29 00:00:00-04:00,61.1298250902635,62.02274093669051,59.87509856981439,61.69080352783203,456900,0.0,0.0
2025-04-30 00:00:00-04:00,59.659335123252475,60.86759164129936,58.836126133351364,60.781288146972656,621900,0.0,0.0
2025-05-01 00:00:00-04:00,61.923158518980706,64.87077293107457,61.720674465956606,63.44343566894531,973800,0.0,0.0
2025-05-02 00:00:00-04:00,64.39941724225031,65.5678402046053,63.53305840815244,64.14051055908203,944400,0.0,0.0
2025-05-05 00:00:00-04:00,63.53638108187687,64.2500459335961,62.417748113105965,63.71894836425781,644400,0.0,0.0
2025-05-06 00:00:00-04:00,62.736411096189585,63.83512732668335,61.810301866584986,63.124778747558594,914100,0.0,0.0
2025-05-07 00:00:00-04:00,61.96962815495805,62.62022636025517,57.13992215778206,58.04943084716797,2069700,0.0,0.0
2025-05-08 00:00:00-04:00,59.74895922170915,60.14728713601515,57.79052060738826,59.07180404663086,1041600,0.0,0.0
2025-05-09 00:00:00-04:00,59.21122049248019,59.99459597545765,56.75819386372581,58.01292419433594,1267500,0.0,0.0
2025-05-12 00:00:00-04:00,61.3754570471563,63.65255648848897,60.967172641723536,62.371273040771484,1401000,0.0,0.0
2025-05-13 00:00:00-04:00,62.3248064688479,65.66411260312655,62.3248064688479,64.6882095336914,850500,0.0,0.0
2025-05-14 00:00:00-04:00,65.22595165868411,65.78692631472332,60.3431351682727,61.3289909362793,1308000,0.0,0.0
2025-05-15 00:00:00-04:00,60.817805580439675,61.0767160803561,58.719953216356046,59.00542068481445,1316700,0.0,0.0
2025-05-16 00:00:00-04:00,59.08508360082325,61.597860566014745,58.54402573194922,60.80120849609375,887100,0.0,0.0
2025-05-19 00:00:00-04:00,59.10168021539355,60.6186411418022,58.78965957954989,60.598724365234375,525000,0.0,0.0
2025-05-20 00:00:00-04:00,60.552255615371585,60.83440299130611,59.85850371262237,60.1904411315918,405900,0.0,0.0
2025-05-21 00:00:00-04:00,59.824104536931245,60.25293954682221,57.593498244332075,58.009037017822266,648000,0.089333,0.0
2025-05-22 00:00:00-04:00,57.58020099088586,58.511002196610995,55.97456348979781,57.60014724731445,783000,0.0,0.0
2025-05-23 00:00:00-04:00,56.42334337222026,58.44784079584757,56.4166933521198,58.07551956176758,736500,0.0,0.0
2025-05-27 00:00:00-04:00,59.252324699725314,61.33333597482805,57.67660464858839,60.24961471557617,1385400,0.0,0.0
2025-05-28 00:00:00-04:00,60.525528375580265,60.53550340596307,57.470498418134305,57.72646713256836,735900,0.0,0.0
2025-05-29 00:00:00-04:00,58.205171199024406,58.205171199024406,56.37015740964292,56.64607238769531,617700,0.0,0.0
2025-05-30 00:00:00-04:00,56.02775057089844,56.78236806515169,54.72794936647781,56.376800537109375,858900,0.0,0.0
2025-06-02 00:00:00-04:00,56.18067051407662,57.65001308823009,54.60495424235773,57.39736557006836,1096800,0.0,0.0
2025-06-03 00:00:00-04:00,57.41066026632826,59.05619029612114,56.71256030640105,57.7098503112793,912000,0.0,0.0
2025-06-04 00:00:00-04:00,57.77301011532097,59.082782593193876,57.03169263419122,58.983055114746094,681000,0.0,0.0
2025-06-05 00:00:00-04:00,59.17253614641306,60.93773982580791,58.33149122519939,60.701717376708984,705600,0.0,0.0
2025-06-06 00:00:00-04:00,61.4995515796501,63.56061657559472,60.93774279708773,63.490806579589844,655200,0.0,0.0
2025-06-09 00:00:00-04:00,63.826558004743305,65.0764954758166,62.67635181316801,63.24148178100586,820500,0.0,0.0
2025-06-10 00:00:00-04:00,63.83985846612105,64.05261345797476,60.85130974561458,61.752193450927734,529500,0.0,0.0
2025-06-11 00:00:00-04:00,62.31400264327049,65.0233037978828,61.99819516339361,64.0925064086914,774300,0.0,0.0
2025-06-12 00:00:00-04:00,62.822617019509174,64.82384694550557,62.822617019509174,64.26869201660156,377700,0.0,0.0
2025-06-13 00:00:00-04:00,62.79270066603544,63.886393102251965,61.85524946294136,62.44697570800781,711600,0.0,0.0
2025-06-16 00:00:00-04:00,63.81658809745132,66.48599675899736,63.38775309764829,64.87039184570312,886200,0.0,0.0
2025-06-17 00:00:00-04:00,64.15899403561609,65.27595399213902,59.664538910287824,60.133262634277344,1723800,0.0,0.0
2025-06-18 00:00:00-04:00,60.05680977340312,60.74493855832789,58.86006091775851,59.48170471191406,824100,0.0,0.0
2025-06-20 00:00:00-04:00,59.83740020914075,59.83740020914075,58.02565771730429,58.31486892700195,1186800,0.0,0.0
2025-06-23 00:00:00-04:00,58.11208783811208,60.06677529417368,56.54966787730062,60.01026153564453,595200,0.0,0.0
2025-06-24 00:00:00-04:00,61.04079632676853,63.13177871080107,60.518880081084106,62.653079986572266,552900,0.0,0.0
2025-06-25 00:00:00-04:00,62.99548328979949,64.02933693946036,61.90511207902893,63.24812698364258,681000,0.0,0.0
2025-06-26 00:00:00-04:00,63.879743089484315,66.56578055640362,63.407698184371945,66.27656555175781,875700,0.0,0.0
2025-06-27 00:00:00-04:00,68.14814586694585,72.36667789321817,67.25390844286339,70.78099060058594,1901700,0.0,0.0
2025-06-30 00:00:00-04:00,72.20379468478404,73.6099695730002,69.6274597497712,69.95989227294922,1076700,0.0,0.0
2025-07-01 00:00:00-04:00,68.8794957041091,70.84083323181923,67.63620820128524,69.82360076904297,863700,0.0,0.0
2025-07-02 00:00:00-04:00,69.64408990536162,72.80882249707267,69.1554123104604,72.64592742919922,843000,0.0,0.0
2025-07-03 00:00:00-04:00,72.64592736393341,74.59729751408665,71.06688988411628,72.3567123413086,687900,0.0,0.0
2025-07-07 00:00:00-04:00,71.24972310880335,72.42320057111704,70.16267308180895,71.768310546875,615900,0.0,0.0
2025-07-08 00:00:00-04:00,72.42984735393685,73.13460496284623,70.36213227953172,71.94117736816406,568800,0.0,0.0
2025-07-09 00:00:00-04:00,72.70577150986568,73.16784903224831,70.2424638576949,70.44524383544922,474900,0.0,0.0
2025-07-10 00:00:00-04:00,70.62142877521624,71.58547630020844,68.50052878546481,70.76437377929688,453300,0.0,0.0
2025-07-11 00:00:00-04:00,69.91002424926036,71.05025919804491,69.73383676319644,70.68126678466797,311700,0.0,0.0
2025-07-14 00:00:00-04:00,70.36877738786794,70.36877738786794,68.14815004023077,69.9964599609375,690000,0.0,0.0
2025-07-15 00:00:00-04:00,70.80758692847307,71.44585189208858,69.35154450468028,70.17597198486328,478800,0.0,0.0
2025-07-16 00:00:00-04:00,71.19985908737753,73.46702910018797,70.06959909119347,72.3367691040039,790800,0.0,0.0
2025-07-17 00:00:00-04:00,72.74898638789738,79.03190893777365,72.55284882921976,78.6230239868164,1491900,0.0,0.0
2025-07-18 00:00:00-04:00,78.62302405198731,78.85239649549713,74.7136413944978,75.87715148925781,1728600,0.0,0.0
2025-07-21 00:00:00-04:00,75.8771509865221,75.96357842527236,72.46309595971005,73.4371109008789,981000,0.0,0.0
2025-07-22 00:00:00-04:00,72.46973716680463,73.61662218384888,70.60480974402654,73.47035217285156,773100,0.0,0.0
2025-07-23 00:00:00-04:00,75.79403615466042,78.22742606599469,75.31865864108904,78.10442352294922,791700,0.0,0.0
2025-07-24 00:00:00-04:00,78.34709511732943,80.97993994571947,78.15761520298271,79.83638000488281,984000,0.0,0.0
2025-07-25 00:00:00-04:00,80.88354571872445,83.7756883559744,80.7871432467652,82.56564331054688,932700,0.0,0.0
2025-07-28 00:00:00-04:00,83.77236599870041,83.77236599870041,80.18212326335713,80.58435821533203,627300,0.0,0.0
2025-07-29 00:00:00-04:00,80.58768130169845,81.50851893842558,77.14703368095597,77.56256866455078,696300,0.0,0.0
2025-07-30 00:00:00-04:00,77.88834735718872,78.96542238160707,75.52477493044266,76.66832733154297,541500,0.0,0.0
2025-07-31 00:00:00-04:00,77.23014036722927,80.9733028934889,76.79133033055035,78.81915283203125,741900,0.0,0.0
2025-08-01 00:00:00-04:00,74.84662004904844,75.91039507016346,71.85142493863438,75.68101501464844,1194600,0.0,0.0
2025-08-04 00:00:00-04:00,75.68101641657196,76.53203644922837,73.83270633205643,76.51541900634766,733500,0.0,0.0
2025-08-05 00:00:00-04:00,76.75476412957772,78.94215672103793,75.48155913004038,78.53326416015625,1424400,0.0,0.0
2025-08-06 00:00:00-04:00,68.81300754775587,77.77531718778353,68.81300754775587,75.74085235595703,2361300,0.0,0.0
2025-08-07 00:00:00-04:00,76.4588985236386,79.43082611267195,75.43501603698758,77.59248352050781,754200,0.0,0.0
2025-08-08 00:00:00-04:00,78.31717699853567,81.69798925310072,77.51934961963393,81.06304931640625,891300,0.0,0.0
2025-08-11 00:00:00-04:00,81.43870027627491,88.54937482013607,81.10626775953054,88.03742980957031,1411500,0.0,0.0
2025-08-12 00:00:00-04:00,88.17705325779693,91.01268576961678,85.81015586302233,89.81593322753906,920100,0.0,0.0
2025-08-13 00:00:00-04:00,90.97611284932094,91.25202780000852,83.10749597887013,86.33538818359375,1246800,0.0,0.0
2025-08-14 00:00:00-04:00,83.23381975914972,85.67053472422893,82.00050734015718,84.93585968017578,586200,0.0,0.0
2025-08-15 00:00:00-04:00,84.87601839234239,85.10207340577853,82.73516861043394,84.64996337890625,683400,0.0,0.0
2025-08-18 00:00:00-04:00,84.63667335096665,86.80744067388986,83.11746339980608,86.33538818359375,487200,0.0,0.0
2025-08-19 00:00:00-04:00,86.14258923975395,86.16586431261796,84.09149912304127,84.47046661376953,482700,0.0,0.0
2025-08-20 00:00:00-04:00,83.31171195344362,83.5679547195557,78.3699176454324,82.03716278076172,1117200,0.089333,0.0
2025-08-21 00:00:00-04:00,82.23350953957407,84.44650353286465,81.13200532390303,83.50473022460938,654300,0.0,0.0
2025-08-22 00:00:00-04:00,83.79425228502188,91.80095936074815,82.88242802738377,87.5047607421875,1269000,0.0,0.0
2025-08-25 00:00:00-04:00,87.27847241194037,89.1853112123807,85.81756401402204,85.97730255126953,423900,0.0,0.0
2025-08-26 00:00:00-04:00,85.94401424889728,91.32175325912257,85.86081646971917,90.92574310302734,727800,0.0,0.0
2025-08-27 00:00:00-04:00,90.92574717554315,92.54638636458807,90.18364702097163,91.30511474609375,701100,0.0,0.0
2025-08-28 00:00:00-04:00,92.70612931185852,94.50979913929059,90.13373112793009,90.27349853515625,761700,0.0,0.0
2025-08-29 00:00:00-04:00,90.31342581176864,90.78264819070164,87.18861529509506,88.57298278808594,454800,0.0,0.0
2025-09-02 00:00:00-04:00,86.22022119443253,88.21690697638155,83.71104988486258,87.77763366699219,501900,0.0,0.0
2025-09-03 00:00:00-04:00,88.12372922136674,89.38164347642794,84.4964185186808,85.57463073730469,608400,0.0,0.0
2025-09-04 00:00:00-04:00,86.06048927360904,90.46984245795461,85.52471167793094,90.09379577636719,820500,0.0,0.0
2025-09-05 00:00:00-04:00,90.85919352037126,91.35503647195706,86.2135687839373,89.26516723632812,410100,0.0,0.0
2025-09-08 00:00:00-04:00,89.16200726860677,91.84755226681236,89.1154232114487,90.64954376220703,825300,0.0,0.0
2025-09-09 00:00:00-04:00,91.13873015736112,92.59963849252614,89.74770552505186,92.14373016357422,569700,0.0,0.0
2025-09-10 00:00:00-04:00,92.76934912972789,96.50647797041633,91.99064288498805,92.177001953125,713700,0.0,0.0
2025-09-11 00:00:00-04:00,92.9124499970799,98.57638124469567,92.9124499970799,97.30516052246094,717000,0.0,0.0
2025-09-12 00:00:00-04:00,97.10549717734443,98.52979941918426,95.58801158598553,95.73443603515625,446100,0.0,0.0
2025-09-15 00:00:00-04:00,97.50149688657466,101.12548666346092,97.14542133658715,100.51316833496094,562800,0.0,0.0
2025-09-16 00:00:00-04:00,100.29020442297195,100.29020442297195,96.37670184404074,99.24527740478516,948300,0.0,0.0
2025-09-17 00:00:00-04:00,99.40500624429512,99.57139419539978,95.81430170386687,96.94575500488281,491100,0.0,0.0
2025-09-18 00:00:00-04:00,97.93078184751462,102.68289627747025,97.67121817248176,101.26525115966797,537300,0.0,0.0
2025-09-19 00:00:00-04:00,100.53646469431027,102.45660993038162,98.17039667973955,98.93911743164062,811200,0.0,0.0
2025-09-22 00:00:00-04:00,98.10050326965212,100.9590854553107,96.83926057188118,100.79935455322266,463800,0.0,0.0
2025-09-23 00:00:00-04:00,101.01234817152702,101.83098915219811,95.2252840665832,97.24526977539062,664800,0.0,0.0
2025-09-24 00:00:00-04:00,98.3700569083226,100.49985314330195,97.22861804852083,97.71780395507812,508800,0.0,0.0
2025-09-25 00:00:00-04:00,94.41661624262102,95.64125284008756,92.14372417049728,94.4199447631836,524400,0.0,0.0
2025-09-26 00:00:00-04:00,94.84258218484698,97.15540905062977,93.20197180198748,96.83261108398438,361800,0.0,0.0
2025-09-29 00:00:00-04:00,98.48320447528802,102.01068237132303,97.6745491276224,100.83929443359375,802800,0.0,0.0
2025-09-30 00:00:00-04:00,100.38670393480751,101.69453833129846,98.82263438539525,101.43496704101562,585000,0.0,0.0
2025-10-01 00:00:00-04:00,99.83762332085165,106.48991191455258,99.16873537371133,105.56478118896484,751800,0.0,0.0
2025-10-02 00:00:00-04:00,106.77610967746035,107.15548489343719,101.89754152155693,102.3368148803711,630600,0.0,0.0
2025-10-03 00:00:00-04:00,102.32016850946117,103.16210908286342,99.54477628112055,101.18538665771484,672900,0.0,0.0
2025-10-06 00:00:00-04:00,103.16210993871289,104.7161940212844,101.48822195713011,103.72783660888672,372300,0.0,0.0
2025-10-07 00:00:00-04:00,104.67625679888657,108.61638750126242,102.82932386447699,104.25029754638672,627000,0.0,0.0
2025-10-08 00:00:00-04:00,104.55978299469439,106.72286449700307,103.00902744799541,104.95912170410156,884100,0.0,0.0
2025-10-09 00:00:00-04:00,104.879244905398,104.879244905398,99.43827918290076,103.00569152832031,594300,0.0,0.0
2025-10-10 00:00:00-04:00,104.76944034698191,106.87261606442574,99.92414241536555,100.18704223632812,594300,0.0,0.0
2025-10-13 00:00:00-04:00,103.08889251864692,105.92085424759804,102.7993721565258,105.1587905883789,499500,0.0,0.0
2025-10-14 00:00:00-04:00,102.35011236167797,108.71288799705283,98.82596308809275,105.55812072753906,770400,0.0,0.0
2025-10-15 00:00:00-04:00,105.46494744456034,111.46831916007879,105.3218515217769,109.73785400390625,996600,0.0,0.0
2025-10-16 00:00:00-04:00,111.36848426416086,113.73123136693636,109.30191458363467,112.58646392822266,1281000,0.0,0.0
2025-10-17 00:00:00-04:00,110.8460212535563,113.93090506150902,105.26528758076927,110.05400085449219,1366500,0.0,0.0
2025-10-20 00:00:00-04:00,113.77115605809287,118.24040708436111,111.98412135169879,116.20711517333984,1028400,0.0,0.0
2025-10-21 00:00:00-04:00,115.33522777221299,116.8061216034634,113.62806229355722,115.91426849365234,592200,0.0,0.0
2025-10-22 00:00:00-04:00,116.47334158883928,118.1372515827849,107.12885097062077,110.7728042602539,907500,0.0,0.0
2025-10-23 00:00:00-04:00,111.73786907204375,115.83773066370128,111.73454055133095,113.69129180908203,401400,0.0,0.0
2025-10-24 00:00:00-04:00,116.99248721307626,122.29035745470044,116.52659331673532,121.46173095703125,932400,0.0,0.0
2025-10-27 00:00:00-04:00,122.8094957680143,125.36192273771239,121.46505522559536,124.50667572021484,812100,0.0,0.0
2025-10-28 00:00:00-04:00,124.9293039795891,128.77292270133867,124.91599751380961,127.87442016601562,675300,0.0,0.0
2025-10-29 00:00:00-04:00,128.31370456334875,137.43855903773868,127.12234542677027,135.8977813720703,1007100,0.0,0.0
2025-10-30 00:00:00-04:00,133.11238709982698,136.60658739449062,124.90601452014596,125.68804931640625,814800,0.0,0.0
2025-10-31 00:00:00-04:00,127.98091011000848,129.47176754023948,123.37522745294727,127.58490753173828,450600,0.0,0.0
2025-11-03 00:00:00-05:00,129.2787682644648,130.69641357108026,124.73298342429332,130.01754760742188,616200,0.0,0.0
2025-11-04 00:00:00-05:00,124.51665875949699,131.1156984552877,123.8411137896521,126.50003051757812,560700,0.0,0.0
2025-11-05 00:00:00-05:00,126.53997482918732,134.11407361381387,126.00419721785566,131.70474243164062,420300,0.0,0.0
2025-11-06 00:00:00-05:00,131.6215317345839,131.7413432481522,123.96091456516785,124.7928695678711,743400,0.0,0.0
2025-11-07 00:00:00-05:00,120.37686013156771,121.74459264594064,114.24370681729378,121.58485412597656,876300,0.0,0.0
2025-11-10 00:00:00-05:00,125.79121825990298,128.12068018688092,120.32695229903568,124.4101791381836,517800,0.0,0.0
2025-11-11 00:00:00-05:00,122.47005067462253,123.06240546902072,118.13724612912945,120.8727035522461,387600,0.0,0.0
2025-11-12 00:00:00-05:00,121.05574131501437,123.11232538159871,115.3185977980774,118.54656982421875,568500,0.0,0.0
2025-11-13 00:00:00-05:00,116.6230937704068,116.6230937704068,107.54816007500398,109.21871948242188,992100,0.0,0.0
2025-11-14 00:00:00-05:00,104.09722038052205,111.18213319326281,102.08057088890455,109.70458221435547,688800,0.0,0.0
2025-11-17 00:00:00-05:00,109.7045751741944,111.81440788123813,102.94246838566025,105.76112365722656,696300,0.0,0.0
2025-11-18 00:00:00-05:00,104.12051879566987,109.16547479431624,102.5298209762854,107.0423355102539,901200,0.0,0.0
2025-11-19 00:00:00-05:00,114.03921910516071,114.03921910516071,92.59358423521022,95.01824951171875,2529900,0.089333,0.0
2025-11-20 00:00:00-05:00,98.38880778076322,104.29726202254628,97.35632699064135,98.0357666015625,1515600,0.0,0.0
2025-11-21 00:00:00-05:00,97.55281894820416,98.56531949229283,92.51364292302443,93.93914031982422,1324200,0.0,0.0
2025-11-24 00:00:00-05:00,94.92166357313629,100.91671600933437,94.92166357313629,99.94418334960938,671100,0.0,0.0
2025-11-25 00:00:00-05:00,101.3430323571861,105.95256297210338,98.67856709846376,104.09742736816406,693300,0.0,0.0
2025-11-26 00:00:00-05:00,104.2473043353967,108.72027463643329,104.2473043353967,107.17488861083984,588300,0.0,0.0
2025-11-28 00:00:00-05:00,108.66699312872124,108.66699312872124,106.30560715297523,107.65116119384766,195900,0.0,0.0
2025-12-01 00:00:00-05:00,103.98085207017397,107.59786975529943,102.24895160439907,106.44215393066406,501000,0.0,0.0
2025-12-02 00:00:00-05:00,107.41801665716501,110.50213364671407,105.1465529644185,107.4113540649414,818100,0.0,0.0
2025-12-03 00:00:00-05:00,107.0549839429528,108.92344470098921,102.99833422421761,107.73775482177734,516600,0.0,0.0
2025-12-04 00:00:00-05:00,107.73775893965096,116.95681274647984,106.57871176251015,112.21739196777344,620700,0.0,0.0
2025-12-05 00:00:00-05:00,112.18408160980191,114.69867659537252,108.72360433782751,113.94929504394531,443700,0.0,0.0
2025-12-08 00:00:00-05:00,116.13083134676961,116.56713205247115,112.02088845663359,114.19242858886719,689400,0.0,0.0
2025-12-09 00:00:00-05:00,114.19242296107791,116.9401552359184,112.58375000123213,114.9251480102539,569700,0.0,0.0
2025-12-10 00:00:00-05:00,113.42971987415075,121.21329719089114,112.21072466082123,119.84776306152344,592200,0.0,0.0
2025-12-11 00:00:00-05:00,119.78447967227332,123.47143946597056,116.8435777814855,120.81362915039062,517800,0.0,0.0
2025-12-12 00:00:00-05:00,120.5471800265381,120.5471800265381,110.94177270278362,112.2640151977539,655500,0.0,0.0
2025-12-15 00:00:00-05:00,113.33314096678738,113.54296689774554,108.8901445337942,109.22319793701172,655500,0.0,0.0
2025-12-16 00:00:00-05:00,107.89429035256768,111.90431727223093,106.6086920477623,110.79190063476562,564900,0.0,0.0
2025-12-17 00:00:00-05:00,111.57458242082762,111.61121905499337,103.58117931908228,105.68277740478516,740400,0.0,0.0
2025-12-18 00:00:00-05:00,108.40387090074537,110.7752506959431,107.05498560310023,109.49630737304688,361500,0.0,0.0
2025-12-19 00:00:00-05:00,109.90596645589584,112.89349886941751,109.61953596150137,110.87516784667969,595200,0.0,0.0
2025-12-22 00:00:00-05:00,111.6978209732358,113.97593970821585,111.35809736685795,112.08416748046875,280200,0.0,0.0
2025-12-23 00:00:00-05:00,110.20238925822561,112.99342089039875,109.94926410705905,112.78691864013672,301200,0.0,0.0
2025-12-24 00:00:00-05:00,112.99008970659146,113.2398835617843,111.24153272024165,111.96426391601562,131700,0.0,0.0
2025-12-26 00:00:00-05:00,111.82104840417871,113.82606183339306,110.27899367197223,113.52631378173828,305100,0.0,0.0
2025-12-29 00:00:00-05:00,112.62038862008575,113.70283116725948,110.92844847499146,111.86767578125,435900,0.0,0.0
2025-12-30 00:00:00-05:00,112.53712939088864,112.53712939088864,108.91012521297571,109.06666564941406,283500,0.0,0.0
2025-12-31 00:00:00-05:00,108.6769795946448,109.69946642924207,105.92591598990587,106.17237854003906,515400,0.0,0.0
2026-01-02 00:00:00-05:00,107.91094567049612,118.04591514483255,107.24483126294732,117.40977478027344,755100,0.0,0.0
2026-01-05 00:00:00-05:00,119.85108553124036,123.3615245968412,117.43641420202749,120.36399841308594,656100,0.0,0.0
2026-01-06 00:00:00-05:00,120.28073831021757,120.65043597221374,112.21073011526315,119.90105438232422,878700,0.0,0.0
2026-01-07 00:00:00-05:00,120.16416953599482,121.41647010821936,116.20077319195147,118.51885986328125,644400,0.0,0.0
2026-01-08 00:00:00-05:00,118.45556550477185,120.23410404679547,116.40059800110998,119.84109497070312,601800,0.0,0.0
2026-01-09 00:00:00-05:00,122.33237296130042,124.56386107831659,119.04175376135075,121.72953796386719,636900,0.0,0.0
2026-01-12 00:00:00-05:00,121.21662793750806,132.2242061961478,120.61046162976315,128.74041748046875,1272900,0.0,0.0
2026-01-13 00:00:00-05:00,130.42902053101716,133.8961602344391,128.89694453762567,132.93028259277344,1023600,0.0,0.0
2026-01-14 00:00:00-05:00,130.49898102899988,133.88950883066235,129.0601659573966,133.64637756347656,939600,0.0,0.0
2026-01-15 00:00:00-05:00,135.3616230685764,138.15265478443285,131.85784640185804,135.07186889648438,908100,0.0,0.0
2026-01-16 00:00:00-05:00,137.9961207885634,148.58072397076347,137.9961207885634,139.87789916992188,1411200,0.0,0.0
2026-01-20 00:00:00-05:00,135.88785543778855,144.54738071932437,134.88868003015773,142.64561462402344,795300,0.0,0.0
2026-01-21 00:00:00-05:00,144.10109404919808,144.78386500112828,137.07022880262318,140.500732421875,518700,0.0,0.0
2026-01-22 00:00:00-05:00,143.4582744094608,144.5473872400267,137.3200140664735,142.17266845703125,780600,0.0,0.0
2026-01-23 00:00:00-05:00,142.439115943745,144.54737660366632,136.72383155513003,139.2017822265625,1200000,0.0,0.0
2026-01-26 00:00:00-05:00,138.32585536692295,144.25095862271206,137.77630580576184,141.03028869628906,789000,0.0,0.0
2026-01-27 00:00:00-05:00,142.4890819462507,148.21101384886222,141.0336028145573,147.3050994873047,771900,0.0,0.0
2026-01-28 00:00:00-05:00,148.53741829371432,151.82469864409398,146.04614239155123,147.6914520263672,642900,0.0,0.0
2026-01-29 00:00:00-05:00,150.64567906086893,153.9429609242866,145.6664509273414,152.1844024658203,460800,0.0,0.0
2026-01-30 00:00:00-05:00,150.54242703887513,155.82139542972308,146.19268442113025,147.74139404296875,857400,0.0,0.0
2026-02-02 00:00:00-05:00,146.23598081518497,157.13364859776513,146.0461350597435,146.66561889648438,1368300,0.0,0.0
2026-02-03 00:00:00-05:00,147.86798059038773,155.7947735238719,146.7488937170273,150.95542907714844,1076100,0.0,0.0
2026-02-04 00:00:00-05:00,155.14863935688712,189.77672527698036,152.54079081625565,175.62173461914062,2280900,0.0,0.0
2026-02-05 00:00:00-05:00,170.52595366101755,180.9107099612183,167.26863183879195,179.4552459716797,1237200,0.0,0.0
2026-02-06 00:00:00-05:00,183.18215074902176,196.12148431696497,181.749998332474,194.5794219970703,1566600,0.0,0.0
2026-02-09 00:00:00-05:00,196.10481624973585,197.75678843958988,181.76665876264715,187.1422119140625,1399200,0.0,0.0
2026-02-10 00:00:00-05:00,185.79666961112756,191.94160770137015,183.18215851603605,189.929931640625,1174800,0.0,0.0
2026-02-11 00:00:00-05:00,195.30882258583463,201.83343692617737,186.2063338057018,197.2871856689453,1035000,0.0,0.0
2026-02-12 00:00:00-05:00,197.9699551432222,203.9983206445362,194.5061541244867,197.47036743164062,784800,0.0,0.0
2026-02-13 00:00:00-05:00,197.01075461083107,201.16065017761784,192.0448515547516,194.86251831054688,515100,0.0,0.0
2026-02-17 00:00:00-05:00,191.5519256586337,193.82338179439242,185.34703961859657,187.0589599609375,516900,0.0,0.0
2026-02-18 00:00:00-05:00,186.80904264637732,190.60107250282786,178.93841469166964,180.93106079101562,756900,0.09,0.0
2026-02-19 00:00:00-05:00,180.3445964798459,184.9363542412825,178.6052048562743,178.72515869140625,670800,0.0,0.0
2026-02-20 00:00:00-05:00,178.3352876762213,186.45582952350307,174.84982349205728,182.2106170654297,633600,0.0,0.0
2026-02-23 00:00:00-05:00,182.20729074819005,184.93634716783805,177.39894816239251,181.3209228515625,577200,0.0,0.0
2026-02-24 00:00:00-05:00,179.881427950543,188.76836916055308,178.2653153870138,186.3225555419922,783600,0.0,0.0
2026-02-25 00:00:00-05:00,188.26853565050575,188.6017644757003,181.9373862678236,182.93704223632812,628500,0.0,0.0
2026-02-26 00:00:00-05:00,183.2069507680531,185.60279368214427,170.18143492140376,176.8991241455078,815700,0.0,0.0
2026-02-27 00:00:00-05:00,172.5872732027998,176.60255397955495,168.94186025671658,174.47329711914062,579600,0.0,0.0
2026-03-02 00:00:00-05:00,171.19775032273847,180.38459110954435,168.6086450263779,177.43893432617188,407100,0.0,0.0
2026-03-03 00:00:00-05:00,168.3920495749175,173.27037571941068,165.66299297521735,170.31472778320312,591300,0.0,0.0
2026-03-04 00:00:00-05:00,171.7742062796895,174.939788489246,165.94288508122764,170.90451049804688,769200,0.0,0.0
2026-03-05 00:00:00-05:00,166.27610983682064,172.60727468221077,165.28978542930415,167.61231994628906,835200,0.0,0.0
2026-03-06 00:00:00-05:00,161.53440219519422,165.41973798053067,158.61208336385545,161.16119384765625,571800,0.0,0.0
2026-03-09 00:00:00-04:00,157.50912869967908,174.01011758052906,157.44913653003624,173.30368041992188,814500,0.0,0.0
2026-03-10 00:00:00-04:00,173.85016936655873,181.60416875079943,173.85016936655873,176.45260620117188,576300,0.0,0.0
2026-03-11 00:00:00-04:00,174.60324003106717,180.89440987358066,171.27772435755,171.67425537109375,636600,0.0,0.0
2026-03-12 00:00:00-04:00,168.20876833400618,172.6105888822564,162.943917797921,171.1277618408203,885900,0.0,0.0
2026-03-13 00:00:00-04:00,172.75388770879226,176.83247067747516,164.72997669432604,167.51235961914062,541500,0.0,0.0
2026-03-16 00:00:00-04:00,171.10443798826242,176.59255453771,169.16844356765827,170.5479736328125,402900,0.0,0.0
2026-03-17 00:00:00-04:00,171.2743839406845,175.93612493325332,169.94818019921098,173.98011779785156,402000,0.0,0.0
2026-03-18 00:00:00-04:00,175.37963757495496,178.9783897456987,165.8295951879468,167.35240173339844,791700,0.0,0.0
2026-03-19 00:00:00-04:00,164.19348759725298,177.73882858977376,163.27713123746358,175.0730743408203,760500,0.0,0.0
2026-03-20 00:00:00-04:00,169.94151448094567,174.62990340925103,168.60864494207888,171.94082641601562,1087500,0.0,0.0
2026-03-23 00:00:00-04:00,176.34596994421403,186.60244979238698,176.34596994421403,180.8011016845703,657600,0.0,0.0
2026-03-24 00:00:00-04:00,178.57854346523072,187.6021104629925,177.03573944404374,186.7557373046875,759300,0.0,0.0
2026-03-25 00:00:00-04:00,191.60073614172478,196.59901608234767,189.63141262483614,194.7863006591797,785400,0.0,0.0
2026-03-26 00:00:00-04:00,191.52408407833963,191.52408407833963,173.65024566544096,174.7365264892578,757800,0.0,0.0
2026-03-27 00:00:00-04:00,174.73652032147038,181.57750379508087,174.73652032147038,179.2849578857422,629700,0.0,0.0
2026-03-30 00:00:00-04:00,180.20798540263175,180.74446764151816,165.19981430736314,167.46237182617188,832500,0.0,0.0
2026-03-31 00:00:00-04:00,169.56163299707694,180.6411629936595,168.8352137148122,180.29794311523438,471300,0.0,0.0
2026-04-01 00:00:00-04:00,185.88269830225065,190.46444972233158,182.9370415288852,184.6197967529297,455700,0.0,0.0
2026-04-02 00:00:00-04:00,176.40929081628528,187.98196829154114,174.93979531535314,182.54051208496094,339600,0.0,0.0
2026-04-06 00:00:00-04:00,182.03735607341028,188.37517118698392,177.98874639235325,186.65576171875,397000,0.0,3.0
2026-04-07 00:00:00-04:00,184.59646947560103,202.42033670988698,183.13696509216285,201.63059997558594,856900,0.0,0.0
2026-04-08 00:00:00-04:00,214.5361635674539,221.58374105015028,208.4782509643535,217.99497985839844,1065100,0.0,0.0
2026-04-09 00:00:00-04:00,217.84502604276406,237.70818518439327,217.43516343630148,230.7305908203125,822300,0.0,0.0
2026-04-10 00:00:00-04:00,230.730589770778,235.22904159241074,226.92190300236194,230.8605499267578,708800,0.0,0.0
2026-04-13 00:00:00-04:00,229.1111525070449,232.5399651370368,225.02256328089277,228.91122436523438,449400,0.0,0.0
2026-04-14 00:00:00-04:00,232.34004348769741,236.2487020715048,225.02256956888564,234.33935546875,619900,0.0,0.0
2026-04-15 00:00:00-04:00,231.30039665601208,233.91949034195616,224.13286538493327,229.6509552001953,471900,0.0,0.0
2026-04-16 00:00:00-04:00,229.69095673443252,233.98948046056717,223.92293751060137,232.7299041748047,452600,0.0,0.0
2026-04-17 00:00:00-04:00,236.918463325122,246.6051320510066,230.63063402691137,240.9270782470703,928900,0.0,0.0
2026-04-20 00:00:00-04:00,240.92708478986495,245.90538260532549,235.34900253220164,241.56686401367188,355500,0.0,0.0
2026-04-21 00:00:00-04:00,243.7361258345607,250.5537716155317,239.93743009929503,240.88710021972656,634300,0.0,0.0
2026-04-22 00:00:00-04:00,246.53514389127253,250.0039512353098,237.41828656818672,242.6864776611328,507600,0.0,0.0
2026-04-23 00:00:00-04:00,245.4855199874986,257.09151097202744,245.4855199874986,252.09323120117188,522900,0.0,0.0
2026-04-24 00:00:00-04:00,256.69165589354185,258.3311063094557,245.91536587740848,252.67303466796875,418900,0.0,0.0
2026-04-27 00:00:00-04:00,261.7899068516672,263.7692061216291,250.01396090067763,260.43035888671875,732200,0.0,0.0
2026-04-28 00:00:00-04:00,253.86262969944465,259.04085553892764,246.0553190398783,255.47207641601562,655100,0.0,0.0
2026-04-29 00:00:00-04:00,264.04914692221035,264.5589507305203,248.95432017083579,253.40280151367188,492100,0.0,0.0
2026-04-30 00:00:00-04:00,259.24076108854877,279.4638117054275,258.1911345560341,277.1745910644531,773800,0.0,0.0
2026-05-01 00:00:00-04:00,277.40452685005,283.23250763066795,272.00639080735664,275.2352600097656,748400,0.0,0.0
2026-05-04 00:00:00-04:00,280.9433285061413,290.3000939469464,267.1780459731186,269.8571472167969,1465400,0.0,0.0
2026-05-05 00:00:00-04:00,278.09429938470765,311.89266561189146,274.4755496199588,294.588623046875,1355600,0.0,0.0
2026-05-06 00:00:00-04:00,307.8940328271207,325.82786302391605,301.40627546910014,320.1897888183594,1093500,0.0,0.0
2026-05-07 00:00:00-04:00,319.6599722399157,321.1894446235678,300.03675156177763,305.8247375488281,897100,0.0,0.0
2026-05-08 00:00:00-04:00,311.8926567247565,313.092256068837,300.05673392528183,309.2835693359375,495200,0.0,0.0
2026-05-11 00:00:00-04:00,311.39282066011214,327.8871434238099,311.39282066011214,321.9391784667969,497400,0.0,0.0
2026-05-12 00:00:00-04:00,313.9119474287426,319.8899009350139,294.39867445425494,307.9440002441406,878300,0.0,0.0
2026-05-13 00:00:00-04:00,314.89161207860684,317.7906081201372,296.8378287599995,300.7364807128906,503700,0.0,0.0
2026-05-14 00:00:00-04:00,300.8964441134668,301.746157781316,289.27044041160457,296.8778381347656,599700,0.0,0.0
2026-05-15 00:00:00-04:00,291.5096656452075,293.7389094628564,276.92468855981804,292.54931640625,1260100,0.0,0.0
2026-05-18 00:00:00-04:00,288.7906173404286,290.1501347669123,258.91088683765815,266.70819091796875,909200,0.0,0.0
2026-05-19 00:00:00-04:00,260.32040985569176,266.7182018405515,250.2238786493726,261.489990234375,621400,0.0,0.0
2026-05-20 00:00:00-04:00,268.19000244140625,273.69000244140625,262.8900146484375,271.04998779296875,398100,0.09,0.0
2026-05-21 00:00:00-04:00,271.79998779296875,277.7799987792969,264.5400085449219,270.75,515200,0.0,0.0
2026-05-22 00:00:00-04:00,274.80999755859375,280.44000244140625,267.6300048828125,279.2200012207031,409600,0.0,0.0
2026-05-26 00:00:00-04:00,288.5899963378906,292.989990234375,281.6499938964844,291.9700012207031,487400,0.0,0.0
2026-05-27 00:00:00-04:00,294.7799987792969,297.05999755859375,280.5,295.94000244140625,424000,0.0,0.0
2026-05-28 00:00:00-04:00,293.2099914550781,293.989990234375,281.010009765625,288.8999938964844,447300,0.0,0.0
2026-05-29 00:00:00-04:00,287.2300109863281,293.0,273.67999267578125,284.4200134277344,720500,0.0,0.0
2026-06-01 00:00:00-04:00,280.6400146484375,291.0,271.0,288.1199951171875,513200,0.0,0.0
2026-06-02 00:00:00-04:00,292.44000244140625,300.0,279.0,299.07000732421875,496100,0.0,0.0
2026-06-03 00:00:00-04:00,299.5,306.8800048828125,283.19000244140625,299.7300109863281,810300,0.0,0.0
2026-06-04 00:00:00-04:00,290.010009765625,306.8599853515625,287.07000732421875,300.05999755859375,417600,0.0,0.0
2026-06-05 00:00:00-04:00,291.25,298.20001220703125,281.8800048828125,284.8699951171875,473000,0.0,0.0
2026-06-08 00:00:00-04:00,297.2200012207031,297.989990234375,286.0,293.6000061035156,421600,0.0,0.0
2026-06-09 00:00:00-04:00,298.9800109863281,309.75,266.0400085449219,283.510009765625,830900,0.0,0.0
2026-06-10 00:00:00-04:00,280.989990234375,293.0199890136719,259.57000732421875,262.3399963378906,726900,0.0,0.0
2026-06-11 00:00:00-04:00,272.6400146484375,293.2699890136719,268.1199951171875,290.5,679100,0.0,0.0
2026-06-12 00:00:00-04:00,295.0,304.1600036621094,291.010009765625,294.75,500900,0.0,0.0
2026-06-15 00:00:00-04:00,308.2900085449219,311.79998779296875,294.5400085449219,303.5299987792969,472100,0.0,0.0
2026-06-16 00:00:00-04:00,304.0,310.7699890136719,291.4200134277344,292.70001220703125,507400,0.0,0.0
2026-06-17 00:00:00-04:00,297.5400085449219,306.0,290.7200012207031,294.0299987792969,541100,0.0,0.0
2026-06-18 00:00:00-04:00,299.6600036621094,303.3800048828125,283.8800048828125,297.20001220703125,1166500,0.0,0.0
2026-06-22 00:00:00-04:00,303.42999267578125,313.3299865722656,297.82000732421875,307.79998779296875,856300,0.0,0.0
2026-06-23 00:00:00-04:00,287.54998779296875,302.42999267578125,280.0,291.5,1081900,0.0,0.0
2026-06-24 00:00:00-04:00,291.1300048828125,302.1499938964844,287.9599914550781,294.489990234375,368700,0.0,0.0
2026-06-25 00:00:00-04:00,302.67999267578125,316.989990234375,300.3800048828125,309.20001220703125,774000,0.0,0.0
2026-06-26 00:00:00-04:00,296.1199951171875,299.510009765625,275.8699951171875,279.7699890136719,3521800,0.0,0.0
2026-06-29 00:00:00-04:00,280.010009765625,290.8800048828125,273.8399963378906,281.0899963378906,734400,0.0,0.0
2026-06-30 00:00:00-04:00,284.75,288.57000732421875,279.0,286.3599853515625,598900,0.0,0.0
2026-07-01 00:00:00-04:00,275.8900146484375,276.44000244140625,262.0,264.8599853515625,817500,0.0,0.0
2026-07-02 00:00:00-04:00,264.8599853515625,269.4200134277344,243.35000610351562,246.3300018310547,936600,0.0,0.0
2026-07-06 00:00:00-04:00,249.3699951171875,261.6700134277344,245.44000244140625,248.0500030517578,588600,0.0,0.0
2026-07-07 00:00:00-04:00,237.47000122070312,238.0,226.00999450683594,234.0500030517578,931200,0.0,0.0
2026-07-08 00:00:00-04:00,230.0,239.0500030517578,228.52999877929688,231.85000610351562,671400,0.0,0.0
2026-07-09 00:00:00-04:00,241.5500030517578,244.0,235.27000427246094,236.5800018310547,470000,0.0,0.0
2026-07-10 00:00:00-04:00,233.61000061035156,234.97999572753906,229.44000244140625,232.19000244140625,606700,0.0,0.0
2026-07-13 00:00:00-04:00,225.94000244140625,232.49000549316406,222.92999267578125,225.66000366210938,1072100,0.0,0.0
2026-07-14 00:00:00-04:00,234.3000030517578,236.99000549316406,230.2100067138672,234.25,747700,0.0,0.0
2026-07-15 00:00:00-04:00,242.17999267578125,248.3300018310547,233.64999389648438,247.00999450683594,874100,0.0,0.0
2026-07-16 00:00:00-04:00,240.83999633789062,248.0500030517578,233.64999389648438,235.7899932861328,894900,0.0,0.0
2026-07-17 00:00:00-04:00,228.13999938964844,240.5,223.50999450683594,232.7899932861328,1547800,0.0,0.0
2026-07-20 00:00:00-04:00,234.99000549316406,241.4199981689453,228.0,228.27999877929688,584700,0.0,0.0
2026-07-21 00:00:00-04:00,238.61000061035156,246.50999450683594,232.97999572753906,244.38999938964844,594500,0.0,0.0
2026-07-22 00:00:00-04:00,237.52000427246094,245.83999633789062,236.24000549316406,240.67999267578125,407800,0.0,0.0
2026-07-23 00:00:00-04:00,239.07000732421875,247.8800048828125,239.07000732421875,242.47000122070312,546700,0.0,0.0
2026-07-24 00:00:00-04:00,241.5,241.5,226.0,232.2100067138672,592800,0.0,0.0
2026-07-27 00:00:00-04:00,232.55999755859375,235.99000549316406,213.39999389648438,219.22999572753906,627700,0.0,0.0
2026-07-28 00:00:00-04:00,207.74000549316406,210.1300048828125,196.9199981689453,201.0,1137900,0.0,0.0
2026-07-29 00:00:00-04:00,197.00999450683594,200.86000061035156,184.61000061035156,186.38999938964844,1284800,0.0,0.0
2026-07-30 00:00:00-04:00,200.33999633789062,210.58999633789062,195.02999877929688,209.3000030517578,823800,0.0,0.0
2026-07-31 00:00:00-04:00,218.50999450683594,223.33999633789062,208.0800018310547,208.67999267578125,692500,0.0,0.0
2026-08-03 00:00:00-04:00,205.00999450683594,220.11000061035156,204.42999267578125,219.72000122070312,1473300,0.0,0.0
2026-08-04 00:00:00-04:00,191.7100067138672,215.49000549316406,188.10000610351562,211.3800048828125,1573900,0.0,0.0
2026-08-05 00:00:00-04:00,206.8000030517578,214.8800048828125,205.89999389648438,208.3300018310547,784800,0.0,0.0
2026-08-06 00:00:00-04:00,207.92999267578125,216.0,204.1199951171875,207.36000061035156,575800,0.0,0.0
2026-08-07 00:00:00-04:00,214.13999938964844,218.74000549316406,205.27000427246094,211.55999755859375,647500,0.0,0.0
2026-08-10 00:00:00-04:00,214.85000610351562,216.4499969482422,205.9600067138672,207.22000122070312,681300,0.0,0.0
2026-08-11 00:00:00-04:00,208.8800048828125,214.63999938964844,207.6699981689453,208.3800048828125,376200,0.0,0.0
2026-08-12 00:00:00-04:00,217.0,219.27000427246094,207.11000061035156,207.97999572753906,335500,0.0,0.0
2026-08-13 00:00:00-04:00,207.00999450683594,210.38999938964844,203.97000122070312,204.0399932861328,358200,0.0,0.0
