Date,Open,High,Low,Close,Volume,Dividends,Stock Splits
2015-06-12 00:00:00-04:00,21.65066270855975,22.70835065873387,20.71365063747644,21.714550018310547,10899000,0.0,0.0
2015-06-15 00:00:00-04:00,21.92750708031744,21.92750708031744,20.230947366042,21.686155319213867,1023100,0.0,0.0
2015-06-16 00:00:00-04:00,21.31702341956029,21.72164201982271,20.947897156394408,21.068572998046875,383100,0.0,0.0
2015-06-17 00:00:00-04:00,20.884011034226788,21.206286726393937,19.928542210283197,20.07477378845215,570700,0.0,0.0
2015-06-18 00:00:00-04:00,19.414612475517227,20.727849769295418,19.16616195713545,20.337427139282227,553400,0.0,0.0
2015-06-19 00:00:00-04:00,20.55038631161371,21.040187277405217,20.344526875076568,20.82723045349121,197200,0.0,0.0
2015-06-22 00:00:00-04:00,20.93370656664052,20.9479040477281,20.230947500161115,20.27353858947754,179500,0.0,0.0
2015-06-23 00:00:00-04:00,20.26643703537892,20.798830316735067,20.13156504560991,20.408409118652344,259500,0.0,0.0
2015-06-24 00:00:00-04:00,20.408407913268356,20.539731202474925,19.876014663357005,20.110267639160156,227100,0.0,0.0
2015-06-25 00:00:00-04:00,20.266434200764465,20.78463128447127,19.79082954845007,19.847618103027344,216000,0.0,0.0
2015-06-26 00:00:00-04:00,20.053483963012695,20.17061115640774,19.65596395205442,20.053483963012695,438200,0.0,0.0
2015-06-29 00:00:00-04:00,19.968301324374096,19.968301324374096,19.4785003680077,19.52109146118164,226700,0.0,0.0
2015-06-30 00:00:00-04:00,19.755339223879794,20.174155364320605,19.592072282066212,20.159957885742188,126500,0.0,0.0
2015-07-01 00:00:00-04:00,20.53618607402619,20.869818747786844,19.706361873716997,19.868919372558594,126000,0.0,0.0
2015-07-02 00:00:00-04:00,19.819227091105166,20.37291658600496,19.819227091105166,20.245141983032227,217000,0.0,0.0
2015-07-06 00:00:00-04:00,19.98959701146399,20.22385004855355,19.62756934433532,19.663063049316406,234300,0.0,0.0
2015-07-07 00:00:00-04:00,19.69855825565497,20.238050464049202,19.69855825565497,20.195459365844727,462900,0.0,0.0
2015-07-08 00:00:00-04:00,20.08897581620163,21.402213057375818,19.797934217567164,21.13956642150879,288500,0.0,0.0
2015-07-09 00:00:00-04:00,21.650660378974443,23.425304672333006,20.848521754112678,23.396909713745117,595100,0.0,0.0
2015-07-10 00:00:00-04:00,23.81572965004064,24.73499694780646,22.73674542371464,24.4049129486084,1201700,0.0,0.0
2015-07-13 00:00:00-04:00,24.738554775160974,25.12187881568655,22.750952550504685,23.368528366088867,590500,0.0,0.0
2015-07-14 00:00:00-04:00,23.226548937503683,23.78733456214803,21.671959919173705,21.977197647094727,415500,0.0,0.0
2015-07-15 00:00:00-04:00,21.93460850006257,22.42441082259437,20.40841430944955,20.550386428833008,256500,0.0,0.0
2015-07-16 00:00:00-04:00,20.44390555186756,22.67995886399535,19.876019813072617,22.49539566040039,446500,0.0,0.0
2015-07-17 00:00:00-04:00,22.396009778875406,23.070375132004756,21.373815670944698,21.77133560180664,250600,0.0,0.0
2015-07-20 00:00:00-04:00,21.906211456481774,22.43860478983933,21.473197778754823,21.984294891357422,296600,0.0,0.0
2015-07-21 00:00:00-04:00,22.076579177977916,23.020690054577646,21.459002259114364,22.736745834350586,182100,0.0,0.0
2015-07-22 00:00:00-04:00,22.807730374740707,22.975256847867833,22.03398531522617,22.19725227355957,264700,0.0,0.0
2015-07-23 00:00:00-04:00,22.15465975074336,22.712608798520066,22.15465975074336,22.388914108276367,96300,0.0,0.0
2015-07-24 00:00:00-04:00,22.268241734756696,22.452803587470815,21.928929221671574,22.190156936645508,105700,0.0,0.0
2015-07-27 00:00:00-04:00,22.090775149481367,22.21854841511231,21.679057683036003,21.799732208251953,198200,0.0,0.0
2015-07-28 00:00:00-04:00,22.01268706365457,23.39690874265432,21.721645519939166,23.16620445251465,132800,0.0,0.0
2015-07-29 00:00:00-04:00,23.382717376411627,24.75274328879043,23.1129733341857,24.440406799316406,333900,0.0,0.0
2015-07-30 00:00:00-04:00,24.490090829319918,24.646260390988925,23.517586531408927,24.255836486816406,157700,0.0,0.0
2015-07-31 00:00:00-04:00,24.2132488194722,25.370317735686235,24.2132488194722,24.33392333984375,419200,0.0,0.0
2015-08-03 00:00:00-04:00,24.397808431702877,25.52648228491124,24.34102122371161,25.0153865814209,473700,0.0,0.0
2015-08-04 00:00:00-04:00,24.951496201654052,25.285127438685677,22.999387764218277,23.361413955688477,530000,0.0,0.0
2015-08-05 00:00:00-04:00,23.411111972307832,24.48299886073677,21.735848338063512,22.190156936645508,411000,0.0,0.0
2015-08-06 00:00:00-04:00,22.190156005892195,22.8929150975768,20.401313943087903,22.325029373168945,757200,0.0,0.0
2015-08-07 00:00:00-04:00,23.070374774929526,23.368513703001913,21.380914079455582,22.353418350219727,809300,0.0,0.0
2015-08-10 00:00:00-04:00,22.523784874003226,23.276235023470583,21.508688129338474,22.410207748413086,243600,0.0,0.0
2015-08-11 00:00:00-04:00,22.33922442128158,22.963898687942983,21.920408212040094,22.381816864013672,144900,0.0,0.0
2015-08-12 00:00:00-04:00,21.948804644840415,22.744555495729372,21.51579092566824,22.41731071472168,111700,0.0,0.0
2015-08-13 00:00:00-04:00,23.311728265193896,23.311728265193896,21.380915701862126,21.600971221923828,182300,0.0,0.0
2015-08-14 00:00:00-04:00,21.466099691534776,21.934605730826398,20.65402300807807,21.203453063964844,151400,0.0,0.0
2015-08-17 00:00:00-04:00,21.224747019772067,21.508689856548855,20.89111435580262,21.380916595458984,295800,0.0,0.0
2015-08-18 00:00:00-04:00,21.423510682240572,21.81393196823274,21.096975358765622,21.366722106933594,162500,0.0,0.0
2015-08-19 00:00:00-04:00,21.224752152925106,21.483850138767764,20.51489421233265,20.62847137451172,232900,0.0,0.0
2015-08-20 00:00:00-04:00,20.52198859328413,20.713650521463062,19.812130803536643,19.868919372558594,366000,0.0,0.0
2015-08-21 00:00:00-04:00,19.556583554505014,20.33742747341379,19.297485597375303,19.67725944519043,381600,0.0,0.0
2015-08-24 00:00:00-04:00,18.6053725113181,19.790835105698182,17.76064269402505,19.009992599487305,568800,0.0,0.0
2015-08-25 00:00:00-04:00,19.549484295406728,20.060581419633447,18.023288955247082,18.456302642822266,568800,0.0,0.0
2015-08-26 00:00:00-04:00,19.03128475597163,19.10936953704709,17.59027447649919,19.080974578857422,660700,0.0,0.0
2015-08-27 00:00:00-04:00,19.43590577344275,20.096073737456795,19.11647057901248,19.634666442871094,221100,0.0,0.0
2015-08-28 00:00:00-04:00,19.521085830082775,20.316127012353316,19.47849474919476,20.110267639160156,172700,0.0,0.0
2015-08-31 00:00:00-04:00,20.067689378327923,20.245153908336594,19.386224879042224,19.42171859741211,177800,0.0,0.0
2015-09-01 00:00:00-04:00,19.13776586770533,19.336526541510572,18.782836963447178,19.009992599487305,155300,0.0,0.0
2015-09-02 00:00:00-04:00,19.2442393576268,19.65595669838343,19.088069824064913,19.428802490234375,190500,0.0,0.0
2015-09-03 00:00:00-04:00,19.35782193294585,19.734045688797924,18.96739934263899,19.03838539123535,159400,0.0,0.0
2015-09-04 00:00:00-04:00,18.846722891548577,19.577876868088648,18.846722891548577,19.414609909057617,156000,0.0,0.0
2015-09-08 00:00:00-04:00,19.641766832175655,20.13156912948926,19.37911883102303,19.748245239257812,595400,0.0,0.0
2015-09-09 00:00:00-04:00,19.797931973622816,20.344522759426912,19.35782093218159,19.40751075744629,174900,0.0,0.0
2015-09-10 00:00:00-04:00,19.293933131982506,19.91150859291745,19.293933131982506,19.549482345581055,97000,0.0,0.0
2015-09-11 00:00:00-04:00,19.407513982787535,20.238047732378163,19.379119018519482,20.22385025024414,101800,0.0,0.0
2015-09-14 00:00:00-04:00,20.1883567022144,20.365821156531467,19.37911786984507,19.613370895385742,362700,0.0,0.0
2015-09-15 00:00:00-04:00,19.570777058124722,19.776636446128386,19.41460884766915,19.513988494873047,137200,0.0,0.0
2015-09-16 00:00:00-04:00,19.43590502879329,19.861819958995167,19.265539327501788,19.343624114990234,335700,0.0,0.0
2015-09-17 00:00:00-04:00,19.24423644704135,19.450094409311834,18.747335676409403,18.910602569580078,215100,0.0,0.0
2015-09-18 00:00:00-04:00,18.70475407544485,19.15906265299718,18.236248016357422,18.236248016357422,907300,0.0,0.0
2015-09-21 00:00:00-04:00,18.435005678186148,18.740244733909226,17.76774035361772,18.20785140991211,399100,0.0,0.0
2015-09-22 00:00:00-04:00,17.923905616854857,18.243342100119783,17.547680575892386,18.179454803466797,240600,0.0,0.0
2015-09-23 00:00:00-04:00,18.151065300681925,18.498895490319562,17.973600835319065,18.29303741455078,159900,0.0,0.0
2015-09-24 00:00:00-04:00,18.10847391016524,18.328529464489666,17.79613607716043,18.094276428222656,147500,0.0,0.0
2015-09-25 00:00:00-04:00,18.236247711381665,18.285937541977166,17.959402241862506,18.080078125,169500,0.0,0.0
2015-09-28 00:00:00-04:00,17.93100962461219,17.93100962461219,17.171461934494275,17.313432693481445,336600,0.0,0.0
2015-09-29 00:00:00-04:00,17.299237631387413,17.36312359680336,16.68166066219932,16.8591251373291,212500,0.0,0.0
2015-09-30 00:00:00-04:00,17.001095497317397,17.519291386052497,16.75264498709144,17.022390365600586,1382000,0.0,0.0
2015-10-01 00:00:00-04:00,17.107576229418843,17.235350872297317,16.64616884987167,17.029491424560547,325500,0.0,0.0
2015-10-02 00:00:00-04:00,16.84137792277815,17.45540480641503,16.518392652103344,17.313432693481445,307200,0.0,0.0
2015-10-05 00:00:00-04:00,17.38441340656222,18.704749047599805,17.348921066211187,18.569875717163086,407400,0.0,0.0
2015-10-06 00:00:00-04:00,18.449200065049542,19.318775952565012,18.442101326112947,18.733142852783203,210000,0.0,0.0
2015-10-07 00:00:00-04:00,18.853825992951265,19.450106754600096,18.477602161540684,19.435909271240234,219800,0.0,0.0
2015-10-08 00:00:00-04:00,19.64886430954191,20.38711572458762,19.45010363621029,20.230947494506836,337300,0.0,0.0
2015-10-09 00:00:00-04:00,20.209646978072037,20.57167454509074,20.0037889618924,20.372915267944336,304000,0.0,0.0
2015-10-12 00:00:00-04:00,20.28774030178066,20.323232657955586,19.8050366757007,19.968303680419922,280200,0.0,0.0
2015-10-13 00:00:00-04:00,19.776636446128386,19.833425009380058,19.43590371267219,19.513988494873047,197900,0.0,0.0
2015-10-14 00:00:00-04:00,19.521094071940716,19.556586428674688,18.697658939403674,19.0170955657959,163700,0.0,0.0
2015-10-15 00:00:00-04:00,18.94610759852249,19.457204795552133,18.78993799508135,19.05968475341797,178900,0.0,0.0
2015-10-16 00:00:00-04:00,19.166161161042968,19.506892590069942,18.924809393662276,19.379117965698242,258800,0.0,0.0
2015-10-19 00:00:00-04:00,19.36493030470672,19.478507497372114,19.024197372763606,19.308141708374023,139700,0.0,0.0
2015-10-20 00:00:00-04:00,19.23714442176353,19.26553802642146,18.435004442498304,18.64796257019043,131500,0.0,0.0
2015-10-21 00:00:00-04:00,18.612467972108767,18.662159147263562,17.89551154937114,18.04458236694336,317200,0.0,0.0
2015-10-22 00:00:00-04:00,18.179459965931752,18.278839631637027,17.85292465098436,18.094276428222656,109500,0.0,0.0
2015-10-23 00:00:00-04:00,18.200756482230066,18.995797941669817,17.895517362569684,18.250446319580078,144600,0.0,0.0
2015-10-26 00:00:00-04:00,18.214950150038952,18.335626024302815,17.931007314696405,18.20785140991211,124100,0.0,0.0
2015-10-27 00:00:00-04:00,18.05878190305947,18.06588064317608,17.49799361936323,17.53348731994629,229700,0.0,0.0
2015-10-28 00:00:00-04:00,17.583174505203978,18.122666487499675,17.52638594674896,18.108469009399414,223100,0.0,0.0
2015-10-29 00:00:00-04:00,17.63996801165012,17.63996801165012,17.036588562602013,17.313432693481445,395300,0.0,0.0
2015-10-30 00:00:00-04:00,17.363122990253903,17.363122990253903,16.262843824464138,16.41901206970215,628700,0.0,0.0
2015-11-02 00:00:00-05:00,16.51838740620607,17.49089160293078,16.142162374175836,17.19985008239746,450000,0.0,0.0
2015-11-03 00:00:00-05:00,17.164367104560963,17.654169516448153,16.90171904197023,17.391521453857422,308100,0.0,0.0
2015-11-04 00:00:00-05:00,17.34892614815933,17.526390609790408,16.32673047005932,16.4403076171875,697200,0.0,0.0
2015-11-05 00:00:00-05:00,16.511291687803382,16.873319308484934,16.042785673732247,16.71714973449707,464900,0.0,0.0
2015-11-06 00:00:00-05:00,17.03658036245583,17.46249514230638,14.779233247799112,16.355117797851562,1473800,0.0,0.0
2015-11-09 00:00:00-05:00,16.35512123594717,16.362218621117904,15.47844658724279,15.744643211364746,499600,0.0,0.0
2015-11-10 00:00:00-05:00,15.623969882357331,16.092475908304387,15.332928301206774,15.588476181030273,331600,0.0,0.0
2015-11-11 00:00:00-05:00,15.652362674157331,15.790786071203131,15.313761040206815,15.581377983093262,138500,0.0,0.0
2015-11-12 00:00:00-05:00,15.467804899174924,15.673662994218237,15.091579709958907,15.198058128356934,127900,0.0,0.0
2015-11-13 00:00:00-05:00,15.162562591827479,15.311632075514666,14.722450173136531,14.956703186035156,196600,0.0,0.0
2015-11-16 00:00:00-05:00,14.97800116913597,15.077380836620438,14.651465848342623,14.878620147705078,149800,0.0,0.0
2015-11-17 00:00:00-05:00,14.94960518285813,15.084478546615193,14.466901652735032,14.523690223693848,213800,0.0,0.0
2015-11-18 00:00:00-05:00,14.559184383074669,14.907014560342427,14.417212274254762,14.800536155700684,315100,0.0,0.0
2015-11-19 00:00:00-05:00,14.772138954430174,14.857322477606383,14.452703788898269,14.601773262023926,124200,0.0,0.0
2015-11-20 00:00:00-05:00,14.580482620187258,15.020593781236268,14.580482620187258,14.92121410369873,109700,0.0,0.0
2015-11-23 00:00:00-05:00,14.857324069222159,15.240646579713745,14.836027847660171,14.949604988098145,126900,0.0,0.0
2015-11-24 00:00:00-05:00,14.892819953685246,15.041890832118469,14.686961845497105,14.935412406921387,120000,0.0,0.0
2015-11-25 00:00:00-05:00,14.899910250483272,15.538781793494055,14.836022960787608,15.432303428649902,180900,0.0,0.0
2015-11-27 00:00:00-05:00,15.411013877802706,15.60267582976405,15.247746890848873,15.347127914428711,46300,0.0,0.0
2015-11-30 00:00:00-05:00,15.42520942543715,15.609772612995835,15.183857668933198,15.29743480682373,199000,0.0,0.0
2015-12-01 00:00:00-05:00,15.616874414142853,15.801437637874491,14.935411453238235,15.198058128356934,175200,0.0,0.0
2015-12-02 00:00:00-05:00,15.198049336734782,15.198049336734782,14.885711650025007,15.077373504638672,125500,0.0,0.0
2015-12-03 00:00:00-05:00,15.084482320917372,15.694960626932728,14.95670766580284,15.205158233642578,173700,0.0,0.0
2015-12-04 00:00:00-05:00,15.14836337209915,15.5174896997251,15.038334941572344,15.11996841430664,131700,0.0,0.0
2015-12-07 00:00:00-05:00,15.112869343823963,15.332924826396797,14.701150625413048,15.006389617919922,203700,0.0,0.0
2015-12-08 00:00:00-05:00,14.821831699258734,14.956705073385244,14.658564714443001,14.736649513244629,104700,0.0,0.0
2015-12-09 00:00:00-05:00,14.729549857129381,15.411012718697503,14.623071454252655,14.999295234680176,136300,0.0,0.0
2015-12-10 00:00:00-05:00,14.935412869573213,16.127973164247567,14.935412869573213,15.993101119995117,917400,0.0,0.0
2015-12-11 00:00:00-05:00,15.751744726095648,16.049885051805376,15.552984057640403,15.978899002075195,130700,0.0,0.0
2015-12-14 00:00:00-05:00,15.907912849895839,16.2486442616708,14.956703309897698,15.53168773651123,144300,0.0,0.0
2015-12-15 00:00:00-05:00,15.609773833596451,16.163463439568066,15.609773833596451,16.042787551879883,142500,0.0,0.0
2015-12-16 00:00:00-05:00,16.16346102288648,16.284136892531798,15.865320718700765,16.22734832763672,97500,0.0,0.0
2015-12-17 00:00:00-05:00,16.312530404251355,16.383516448448763,15.858221887701816,15.915010452270508,103300,0.0,0.0
2015-12-18 00:00:00-05:00,15.872419907998891,16.35512340024838,15.631068161874147,15.907912254333496,86100,0.0,0.0
2015-12-21 00:00:00-05:00,15.971799755522076,16.056983283287874,15.510392477818463,15.57427978515625,126000,0.0,0.0
2015-12-22 00:00:00-05:00,15.67366100481906,16.29123791945537,15.460704195052815,16.007293701171875,200600,0.0,0.0
2015-12-23 00:00:00-05:00,16.14926356269942,16.269939432490624,15.787235953325801,15.815630912780762,95900,0.0,0.0
2015-12-24 00:00:00-05:00,15.794335415381397,16.227349089245664,15.723349367444365,16.01439094543457,32900,0.0,0.0
2015-12-28 00:00:00-05:00,15.978901308569503,16.071182238776743,15.631071104024555,15.893717765808105,143000,0.0,0.0
2015-12-29 00:00:00-05:00,15.943409100936925,16.319634306431638,15.936311712823638,16.291240692138672,93900,0.0,0.0
2015-12-30 00:00:00-05:00,16.312530677934998,16.51129133423322,16.192565628714302,16.390615463256836,85800,0.0,0.0
2015-12-31 00:00:00-05:00,16.25574178108145,16.376417649598164,16.064079868623228,16.19185447692871,117700,0.0,0.0
2016-01-04 00:00:00-05:00,15.900814778182685,16.184757633267917,15.652364272253232,16.106674194335938,220600,0.0,0.0
2016-01-05 00:00:00-05:00,16.02858915145107,16.390616793767876,15.985998062339185,16.220251083374023,175500,0.0,0.0
2016-01-06 00:00:00-05:00,15.97889802473968,16.702953250597982,15.900813239417843,16.390615463256836,183300,0.0,0.0
2016-01-07 00:00:00-05:00,15.971793911673805,16.20604683488719,15.213665530758258,15.616865158081055,118100,0.0,0.0
2016-01-08 00:00:00-05:00,15.73045076221308,15.815634304901852,15.439409135108363,15.631071090698242,145700,0.0,0.0
2016-01-11 00:00:00-05:00,15.794334764177858,16.49709376649245,15.088025714942342,15.581377983093262,210800,0.0,0.0
2016-01-12 00:00:00-05:00,15.765942224053209,16.49709629815405,15.659463817170623,16.2060546875,167200,0.0,0.0
2016-01-13 00:00:00-05:00,16.376420409301417,16.468702688160352,15.97890039176478,16.2060546875,127800,0.0,0.0
2016-01-14 00:00:00-05:00,16.376422340541104,17.214054920304918,15.9789022761257,16.958505630493164,358400,0.0,0.0
2016-01-15 00:00:00-05:00,16.44740737382194,17.341828478150358,16.149267005712463,17.242448806762695,333600,0.0,0.0
2016-01-19 00:00:00-05:00,17.391513424860175,17.703851187921753,17.27793630264616,17.427005767822266,226500,0.0,0.0
2016-01-20 00:00:00-05:00,17.171458633739373,17.38441540825807,16.539684341967742,17.12886619567871,246700,0.0,0.0
2016-01-21 00:00:00-05:00,17.242442517584127,18.39950986109593,17.02948441578438,18.129764556884766,377700,0.0,0.0
2016-01-22 00:00:00-05:00,18.31432995458001,18.364021135876687,17.980697289551262,18.243345260620117,215400,0.0,0.0
2016-01-25 00:00:00-05:00,18.14396365057183,18.14396365057183,17.313430031675257,17.52638816833496,108600,0.0,0.0
2016-01-26 00:00:00-05:00,17.668367385864258,17.789043315042285,17.22115738593795,17.668367385864258,102300,0.0,0.0
2016-01-27 00:00:00-05:00,17.54058124212325,17.689652047240457,16.68165416683152,16.802330017089844,118900,0.0,0.0
2016-01-28 00:00:00-05:00,16.9727023128923,17.391518583002778,16.816534062016686,17.214054107666016,253900,0.0,0.0
2016-01-29 00:00:00-05:00,17.228252000933452,17.52639238075733,16.87332304180724,17.221153259277344,106900,0.0,0.0
2016-02-01 00:00:00-05:00,17.1146738776668,17.394357242631248,16.9443081493624,17.001096725463867,176700,0.0,0.0
2016-02-02 00:00:00-05:00,16.72425017223674,17.263742287979394,16.53968697311849,17.100475311279297,68500,0.0,0.0
2016-02-03 00:00:00-05:00,17.164357330266256,17.206948408019045,16.77393483003685,17.192750930786133,189300,0.0,0.0
2016-02-04 00:00:00-05:00,17.206955775965127,17.26374435526746,16.93721036276568,17.221153259277344,169700,0.0,0.0
2016-02-05 00:00:00-05:00,17.13596744163078,17.184238336914415,16.092476927556287,16.582279205322266,150000,0.0,0.0
2016-02-08 00:00:00-05:00,16.383520227344512,16.383520227344512,15.389719441196924,15.79433822631836,125900,0.0,0.0
2016-02-09 00:00:00-05:00,15.55298245537629,15.907911313516227,14.985096823930851,15.084476470947266,100800,0.0,0.0
2016-02-10 00:00:00-05:00,15.155465962467366,15.673661888336376,14.715353482476107,15.347127914428711,131000,0.0,0.0
2016-02-11 00:00:00-05:00,15.105775364213251,15.886617907206135,14.848805818089598,15.645267486572266,166900,0.0,0.0
2016-02-12 00:00:00-05:00,15.822731971740723,16.021491301272327,15.709153471220167,15.822731971740723,196100,0.0,0.0
2016-02-16 00:00:00-05:00,16.149263829028147,16.24580425566399,15.616870515983265,15.787236213684082,65600,0.0,0.0
2016-02-17 00:00:00-05:00,15.851124947786062,16.14926528411214,15.787237636148593,16.106674194335938,97500,0.0,0.0
2016-02-18 00:00:00-05:00,16.099571655934245,16.319627147472392,15.879516164396101,16.149261474609375,250300,0.0,0.0
2016-02-19 00:00:00-05:00,16.106674360594898,16.44740579021433,15.57073094676463,16.312532424926758,162700,0.0,0.0
2016-02-22 00:00:00-05:00,16.50419572668348,16.50419572668348,16.120871821201693,16.142168045043945,80400,0.0,0.0
2016-02-23 00:00:00-05:00,16.049888071500835,16.46870435436589,15.893718461922758,16.234451293945312,58500,0.0,0.0
2016-02-24 00:00:00-05:00,16.028589401457623,16.35512470026539,15.815632598630282,16.106674194335938,164600,0.0,0.0
2016-02-25 00:00:00-05:00,16.092475155782605,16.40481294312375,15.819179761102378,16.390615463256836,60100,0.0,0.0
2016-02-26 00:00:00-05:00,16.284139222438217,16.312532831975172,15.730449620030601,16.277040481567383,119100,0.0,0.0
2016-02-29 00:00:00-05:00,16.213154949474095,17.036590025735595,16.17766259516576,16.908815383911133,183200,0.0,0.0
2016-03-01 00:00:00-05:00,17.072081864593,17.65416647687939,16.866223778716286,17.405715942382812,151500,0.0,0.0
2016-03-02 00:00:00-05:00,17.45540473560422,17.914682312148567,17.348926328309187,17.817432403564453,162700,0.0,0.0
2016-03-03 00:00:00-05:00,17.86711842333533,18.456300262161886,17.838723465345563,17.86001968383789,319200,0.0,0.0
2016-03-04 00:00:00-05:00,18.45629860330458,18.754438865669652,17.21759642823117,18.569875717163086,1129200,0.0,0.0
2016-03-07 00:00:00-05:00,18.584074877609982,18.69410195502838,17.831626091679095,17.902610778808594,287200,0.0,0.0
2016-03-08 00:00:00-05:00,17.235350332127165,17.56898305833954,16.525492430780115,17.214054107666016,934100,0.0,0.0
2016-03-09 00:00:00-05:00,17.68965730913879,17.888417990435677,17.28503855966511,17.412813186645508,4168100,0.0,0.0
2016-03-10 00:00:00-05:00,17.4270109161658,17.533490684400864,16.68520935596546,16.8591251373291,804400,0.0,0.0
2016-03-11 00:00:00-05:00,17.079179607038846,17.15726440432812,16.68165958746385,16.873321533203125,336600,0.0,0.0
2016-03-14 00:00:00-04:00,16.745548400884076,17.334730418910688,16.731350917571017,17.17856216430664,384000,0.0,0.0
2016-03-15 00:00:00-04:00,17.093379154798637,17.12177412231584,16.291240277689578,16.36932373046875,373800,0.0,0.0
2016-03-16 00:00:00-04:00,16.26284160289073,16.333827651555175,15.936307674559055,16.135066986083984,400300,0.0,0.0
2016-03-17 00:00:00-04:00,16.05698412502896,16.41901041365962,15.993096814342064,16.30543327331543,267300,0.0,0.0
2016-03-18 00:00:00-04:00,16.36222267150879,16.64616689068476,16.14216712019915,16.36222267150879,262600,0.0,0.0
2016-03-21 00:00:00-04:00,16.369317324295036,16.617767777052585,16.333824982735116,16.3480224609375,178900,0.0,0.0
2016-03-22 00:00:00-04:00,16.14216844460243,16.19185828085117,15.865324297532869,15.971802711486816,253100,0.0,0.0
2016-03-23 00:00:00-04:00,15.879521094242442,16.12087152360019,15.65236543929123,15.900815963745117,308200,0.0,0.0
2016-03-24 00:00:00-04:00,15.787230797332084,15.946949007237972,15.489090590156344,15.616865158081055,591200,0.0,0.0
2016-03-28 00:00:00-04:00,15.716249454978524,15.950502447935385,15.638166026623669,15.67365837097168,210800,0.0,0.0
2016-03-29 00:00:00-04:00,15.702055772597998,16.497095782836727,15.623970978148238,16.475799560546875,350600,0.0,0.0
2016-03-30 00:00:00-04:00,16.53259034792876,17.029490041727676,16.479350466403748,16.844926834106445,235200,0.0,0.0
2016-03-31 00:00:00-04:00,16.908812497545842,16.908812497545842,16.09957504272461,16.09957504272461,423300,0.0,0.0
2016-04-01 00:00:00-04:00,16.46870138345924,17.377318494416688,16.333828023321633,17.235347747802734,579100,0.0,0.0
2016-04-04 00:00:00-04:00,17.192756755488844,17.206954237531697,16.781039253870997,16.873321533203125,164100,0.0,0.0
2016-04-05 00:00:00-04:00,16.71714800670969,16.83782386779785,16.269938259115968,16.83782386779785,318300,0.0,0.0
2016-04-06 00:00:00-04:00,16.9159117005568,17.17855968820441,16.631968844955555,17.050785064697266,344100,0.0,0.0
2016-04-07 00:00:00-04:00,17.008187561814793,17.14306088583721,16.653258759400167,16.986892700195312,586700,0.0,0.0
2016-04-08 00:00:00-04:00,17.057885856790403,17.28504016859002,16.979801054379347,17.214054107666016,201400,0.0,0.0
2016-04-11 00:00:00-04:00,17.320528159592183,17.391514202637076,16.81652982647114,16.852022171020508,234100,0.0,0.0
2016-04-12 00:00:00-04:00,16.809440324803354,17.121778273486,16.68166564789014,16.88042640686035,139400,0.0,0.0
2016-04-13 00:00:00-04:00,16.972703919776443,17.341830388370976,16.89461910997274,17.327632904052734,121000,0.0,0.0
2016-04-14 00:00:00-04:00,17.263741355547005,17.427008323428886,16.85912262908048,17.235347747802734,282400,0.0,0.0
2016-04-15 00:00:00-04:00,17.235353692695572,17.689662404876422,17.118226466241392,17.561887741088867,155200,0.0,0.0
2016-04-18 00:00:00-04:00,17.490895633286367,17.56259115142487,17.17074961614058,17.235347747802734,75300,0.0,0.0
2016-04-19 00:00:00-04:00,17.434110104294607,17.632870808952813,17.242449495243566,17.576082229614258,195400,0.0,0.0
2016-04-20 00:00:00-04:00,17.540589332878984,17.77484375667885,17.39861855493716,17.67546272277832,149600,0.0,0.0
2016-04-21 00:00:00-04:00,17.675461893696003,17.732250472998334,17.143068455006688,17.221153259277344,112800,0.0,0.0
2016-04-22 00:00:00-04:00,17.16435811473159,17.483793243395624,16.880415326826,17.44120216369629,137800,0.0,0.0
2016-04-25 00:00:00-04:00,17.448307037353516,17.519293097774675,17.121773054941272,17.448307037353516,74100,0.0,0.0
2016-04-26 00:00:00-04:00,17.500123226649617,17.760641435514586,17.462501122905966,17.49799346923828,73000,0.0,0.0
2016-04-27 00:00:00-04:00,17.41281287331192,17.522839969273544,16.8875182471365,17.17146110534668,129600,0.0,0.0
2016-04-28 00:00:00-04:00,17.05078227595698,17.34892256406254,17.022387318067825,17.270837783813477,141100,0.0,0.0
2016-04-29 00:00:00-04:00,17.285041128505775,17.74644851921608,17.228252547402146,17.703857421875,170400,0.0,0.0
2016-05-02 00:00:00-04:00,17.69675148106012,17.7677375170496,17.46249851005705,17.7535400390625,151300,0.0,0.0
2016-05-03 00:00:00-04:00,17.590276975685846,17.771290121051468,17.2708404203979,17.519290924072266,132300,0.0,0.0
2016-05-04 00:00:00-04:00,17.6044720385928,18.314329803922284,17.483796164328936,18.20785140991211,235600,0.0,0.0
2016-05-05 00:00:00-04:00,18.456302817541662,18.52728886839839,17.7961348462828,17.945205688476562,204100,0.0,0.0
2016-05-06 00:00:00-04:00,18.4563049604777,18.95320602022299,18.165263336724344,18.463403701782227,518700,0.0,0.0
2016-05-09 00:00:00-04:00,18.41371413145738,18.520192544663953,17.810334651358158,18.34982681274414,243200,0.0,0.0
2016-05-10 00:00:00-04:00,18.470497513408525,19.16615772822673,18.31787800096066,18.79703140258789,411800,0.0,0.0
2016-05-11 00:00:00-04:00,18.72604925897023,19.12357062496537,18.426489975637494,18.47760009765625,241900,0.0,0.0
2016-05-12 00:00:00-04:00,18.598272810222554,18.761539760916246,18.229146470783306,18.41370964050293,127700,0.0,0.0
2016-05-13 00:00:00-04:00,18.37821472095672,18.761538514276033,18.20075030270431,18.43500328063965,133100,0.0,0.0
2016-05-16 00:00:00-04:00,18.413706493706844,18.513086124285486,18.179453540238672,18.392410278320312,70900,0.0,0.0
2016-05-17 00:00:00-04:00,18.420813267486764,18.427910655098962,17.81743377446155,18.08717918395996,103200,0.0,0.0
2016-05-18 00:00:00-04:00,18.101373007774736,18.449203150156468,17.789035212065052,18.165260314941406,228600,0.0,0.0
2016-05-19 00:00:00-04:00,18.14396965962692,18.697659373581786,18.14396965962692,18.399518966674805,157900,0.0,0.0
2016-05-20 00:00:00-04:00,18.491795242649562,18.60537238291261,18.25754222161374,18.34272575378418,151000,0.0,0.0
2016-05-23 00:00:00-04:00,18.264641634078057,18.527289626815595,18.264641634078057,18.321430206298828,405300,0.0,0.0
2016-05-24 00:00:00-04:00,18.477597308303896,18.91770834528987,18.349822699518878,18.740243911743164,379600,0.0,0.0
2016-05-25 00:00:00-04:00,18.875115266009903,19.052579680805824,18.300130941176008,18.889312744140625,512900,0.0,0.0
2016-05-26 00:00:00-04:00,18.903515311717108,19.797936429631598,18.903515311717108,19.620471954345703,209300,0.0,0.0
2016-05-27 00:00:00-04:00,19.59917170872906,19.92570560380828,19.46784705819204,19.81922721862793,158400,0.0,0.0
2016-05-31 00:00:00-04:00,19.97539844290547,19.97539844290547,19.59917466819554,19.80503273010254,185900,0.0,0.0
2016-06-01 00:00:00-04:00,19.84762427840319,20.188357065828136,19.84762427840319,20.081878662109375,181700,0.0,0.0
2016-06-02 00:00:00-04:00,19.996693408355895,20.351622292881952,19.918608620497366,20.287734985351562,176100,0.0,0.0
2016-06-03 00:00:00-04:00,20.1883602142334,20.266443667032995,19.939909664179144,20.1883602142334,185500,0.0,0.0
2016-06-06 00:00:00-04:00,20.10317230910621,20.34452406497667,19.93280660271758,20.145763397216797,197100,0.0,0.0
2016-06-07 00:00:00-04:00,20.110267440284545,20.23094329656223,19.93280302540242,19.94700050354004,181600,0.0,0.0
2016-06-08 00:00:00-04:00,19.94700702203162,20.195457554847067,19.581429287223823,19.648866653442383,349200,0.0,0.0
2016-06-09 00:00:00-04:00,19.521092016340354,19.87247226837093,19.379119896461106,19.648866653442383,206100,0.0,0.0
2016-06-10 00:00:00-04:00,19.45720469778934,19.741147583601357,19.201655423585283,19.648866653442383,191400,0.0,0.0
2016-06-13 00:00:00-04:00,19.684354760556754,19.85117176234075,19.13776397705078,19.13776397705078,150900,0.0,0.0
2016-06-14 00:00:00-04:00,19.109373295249554,19.6275691986084,18.972370167537917,19.6275691986084,244800,0.0,0.0
2016-06-15 00:00:00-04:00,19.592069683517984,19.797927679817253,19.400407809968186,19.4429988861084,135700,0.0,0.0
2016-06-16 00:00:00-04:00,19.3578220992206,19.819229388140833,19.237146221754113,19.790834426879883,202600,0.0,0.0
2016-06-17 00:00:00-04:00,19.66306440324149,19.780190252877915,19.336529064663498,19.535289764404297,268500,0.0,0.0
2016-06-20 00:00:00-04:00,19.783742364569868,19.968304246648913,19.32233359753234,19.655967712402344,286600,0.0,0.0
2016-06-21 00:00:00-04:00,19.670161790794314,19.810714976672525,19.340079112393326,19.620471954345703,283400,0.0,0.0
2016-06-22 00:00:00-04:00,19.570776192353364,19.776635571250225,19.308129606663123,19.37201690673828,242000,0.0,0.0
2016-06-23 00:00:00-04:00,19.56368090126338,19.71985048628253,19.215850736183217,19.450103759765625,230700,0.0,0.0
2016-06-24 00:00:00-04:00,18.78993231705062,19.47139639444192,18.704750153593004,19.336523056030273,1357500,0.0,0.0
2016-06-27 00:00:00-04:00,19.109372139683487,19.354272594666465,17.916810812216895,18.427907943725586,526000,0.0,0.0
2016-06-28 00:00:00-04:00,18.527286941410367,18.953201848305834,18.452752205038855,18.534385681152344,134100,0.0,0.0
2016-06-29 00:00:00-04:00,18.683457626281584,19.42880915046773,18.683457626281584,19.379117965698242,237700,0.0,0.0
2016-06-30 00:00:00-04:00,19.499792336020885,19.499792336020885,18.81832953085487,19.343624114990234,149800,0.0,0.0
2016-07-01 00:00:00-04:00,20.181253676604214,20.287732055797274,19.59917060666584,20.110267639160156,680400,0.0,0.0
2016-07-05 00:00:00-04:00,20.131568816640478,20.188357389798217,19.12357062763085,19.506893157958984,394100,0.0,0.0
2016-07-06 00:00:00-04:00,19.56368167472262,20.32322934624779,19.44300578786699,20.053483963012695,456700,0.0,0.0
2016-07-07 00:00:00-04:00,20.372914104641566,20.479392476168037,19.856846773356054,19.925703048706055,624200,0.0,0.0
2016-07-08 00:00:00-04:00,20.147373686347184,20.780689328573903,19.996960655089488,20.321535110473633,653800,2.9,0.0
2016-07-11 00:00:00-04:00,20.31361317593774,20.503607819032002,20.11570190063831,20.369028091430664,281900,0.0,0.0
2016-07-12 00:00:00-04:00,20.559027482610755,20.764855437651093,20.08404152014918,20.543195724487305,356700,0.0,0.0
2016-07-13 00:00:00-04:00,20.55111195275267,20.75693991885179,20.329452227679493,20.495697021484375,278500,0.0,0.0
2016-07-14 00:00:00-04:00,20.69360215133703,20.69360215133703,20.27798878143881,20.448192596435547,211400,0.0,0.0
2016-07-15 00:00:00-04:00,20.582772631140415,20.661937443248824,20.33736307255322,20.369028091430664,255500,0.0,0.0
2016-07-18 00:00:00-04:00,20.41653061710736,20.582775385835504,20.313615894609875,20.440279006958008,249600,0.0,0.0
2016-07-19 00:00:00-04:00,20.353199574284144,20.81235528961965,20.329451182072688,20.63027572631836,267400,0.0,0.0
2016-07-20 00:00:00-04:00,20.70151988166239,20.97067934710188,20.566940148942646,20.81235122680664,250300,0.0,0.0
2016-07-21 00:00:00-04:00,20.717355148358347,21.13692765206862,20.630273692319154,20.962764739990234,181600,0.0,0.0
2016-07-22 00:00:00-04:00,20.923180451688125,21.877112746688322,20.923180451688125,21.84940528869629,284200,0.0,0.0
2016-07-25 00:00:00-04:00,21.746496781800513,22.055239488827873,21.350674114793225,21.437755584716797,388400,0.0,0.0
2016-07-26 00:00:00-04:00,21.27941883819983,21.477330105894907,20.741101458421458,20.756933212280273,146500,0.0,0.0
2016-07-27 00:00:00-04:00,20.851931946725855,20.931096758304207,20.53527421035564,20.638187408447266,121100,0.0,0.0
2016-07-28 00:00:00-04:00,20.65402020497154,20.84005728147575,20.41652728555851,20.551105499267578,104900,0.0,0.0
2016-07-29 00:00:00-04:00,20.51152692746221,20.6461066713105,20.226534173443866,20.582775115966797,155900,0.0,0.0
2016-08-01 00:00:00-04:00,20.685693435233198,21.097349401592005,20.400702120783354,20.804441452026367,300600,0.0,0.0
2016-08-02 00:00:00-04:00,20.78068286985129,20.78068286985129,20.24236398629853,20.50360679626465,171700,0.0,0.0
2016-08-03 00:00:00-04:00,20.408613033926773,21.152758406850054,20.297781683323233,21.136926651000977,220900,0.0,0.0
2016-08-04 00:00:00-04:00,20.978595212692575,21.129008204926166,20.606522558160222,20.828182220458984,494600,0.0,0.0
2016-08-05 00:00:00-04:00,22.72813475676417,24.3668417181429,21.51691847176084,23.591028213500977,1527500,0.0,0.0
2016-08-08 00:00:00-04:00,23.559358817459206,24.224340835246043,23.353530906244874,23.812685012817383,701900,0.0,0.0
2016-08-09 00:00:00-04:00,23.195208097153607,24.746833764720797,23.08833730390224,24.683502197265625,1919700,0.0,0.0
2016-08-10 00:00:00-04:00,24.865570478857602,25.08010621129934,24.41433304958564,24.889320373535156,352300,0.0,0.0
2016-08-11 00:00:00-04:00,25.008071476169064,25.522642053575883,24.952656554895924,25.4434757232666,404800,0.0,0.0
2016-08-12 00:00:00-04:00,25.427645339622973,25.886801047805466,25.427645339622973,25.744304656982422,422300,0.0,0.0
2016-08-15 00:00:00-04:00,25.75222576368707,26.203463432828578,25.41973612111449,25.45140266418457,617000,0.0,0.0
2016-08-16 00:00:00-04:00,25.29306061887109,25.364308796046522,24.976401382561097,25.23764419555664,283800,0.0,0.0
2016-08-17 00:00:00-04:00,25.142652418244534,25.316813823410218,24.628083326212963,25.015989303588867,354900,0.0,0.0
2016-08-18 00:00:00-04:00,25.063489180302657,25.237650596490568,24.691416446197042,25.095155715942383,343900,0.0,0.0
2016-08-19 00:00:00-04:00,24.984318142938964,25.174312779736074,24.44599925037557,24.548913955688477,434600,0.0,0.0
2016-08-22 00:00:00-04:00,24.6834964238579,25.031820718360997,24.548916685750566,24.62016487121582,262500,0.0,0.0
2016-08-23 00:00:00-04:00,24.643911958794003,24.81807485182318,24.129342931998202,24.438085556030273,219500,0.0,0.0
2016-08-24 00:00:00-04:00,24.343088879467736,24.620164989840585,24.240175672157243,24.31142234802246,157100,0.0,0.0
2016-08-25 00:00:00-04:00,24.28767567117159,24.501420243661887,23.93222743732343,24.03434944152832,151400,0.0,0.0
2016-08-26 00:00:00-04:00,24.200590076246943,24.477666158780007,23.79685090054616,24.137258529663086,264900,0.0,0.0
2016-08-29 00:00:00-04:00,24.105594850615518,24.509332538804216,24.105594850615518,24.35892105102539,121300,0.0,0.0
2016-08-30 00:00:00-04:00,24.406419400167252,24.683495498821415,24.10559491387687,24.446001052856445,252200,0.0,0.0
2016-08-31 00:00:00-04:00,24.358922660065776,24.51725079080876,23.670190686006556,23.978933334350586,213700,0.0,0.0
2016-09-01 00:00:00-04:00,24.050173362185504,24.050173362185504,23.75726557082704,23.84434700012207,105900,0.0,0.0
2016-09-02 00:00:00-04:00,24.066011294983294,24.77057647705078,24.066011294983294,24.77057647705078,216200,0.0,0.0
2016-09-06 00:00:00-04:00,24.762659129640625,25.126815148780558,24.69932758240137,24.825990676879883,538200,0.0,0.0
2016-09-07 00:00:00-04:00,24.82599357233862,24.85765859467975,24.39850444615813,24.628082275390625,489300,0.0,0.0
2016-09-08 00:00:00-04:00,24.849744784026413,25.166404103063858,24.09768267617132,24.263927459716797,299000,0.0,0.0
2016-09-09 00:00:00-04:00,24.145176751530087,24.153093384117224,23.29811669396897,23.32186508178711,482800,0.0,0.0
2016-09-12 00:00:00-04:00,23.131869156971206,23.5989398843144,22.965624411616776,23.575191497802734,252600,0.0,0.0
2016-09-13 00:00:00-04:00,23.29812013214736,23.51977983752514,22.965629064137197,23.313953399658203,125600,0.0,0.0
2016-09-14 00:00:00-04:00,23.408943401715174,23.456441680946615,23.19519888025908,23.242698669433594,124300,0.0,0.0
2016-09-15 00:00:00-04:00,23.2664520583812,23.483362977114957,23.044792367663057,23.298118591308594,180200,0.0,0.0
2016-09-16 00:00:00-04:00,23.242702998889612,23.567277402325757,23.108123257712915,23.4168643951416,172500,0.0,0.0
2016-09-19 00:00:00-04:00,23.57519604521267,23.701859164184192,23.19520517835462,23.543529510498047,204300,0.0,0.0
2016-09-20 00:00:00-04:00,23.686018692039287,23.686018692039287,23.234781279217213,23.258529663085938,129800,0.0,0.0
2016-09-21 00:00:00-04:00,23.32186142551216,23.43269275441327,22.926038917869853,23.09228515625,146700,0.0,0.0
2016-09-22 00:00:00-04:00,23.211037087658305,23.385199998511666,23.131872265447083,23.234786987304688,200500,0.0,0.0
2016-09-23 00:00:00-04:00,23.211040287188318,23.638529480090195,23.179375259904994,23.480199813842773,183500,0.0,0.0
2016-09-26 00:00:00-04:00,23.306036809673014,23.535613149237374,23.306036809673014,23.37728500366211,119600,0.0,0.0
2016-09-27 00:00:00-04:00,23.306030038052533,23.424776490217802,22.989372328964127,23.076452255249023,94600,0.0,0.0
2016-09-28 00:00:00-04:00,23.028962980793523,23.032920543104463,22.49301905125069,22.862716674804688,182100,0.0,0.0
2016-09-29 00:00:00-04:00,22.767716543350485,22.997292870315707,22.55397197311349,22.696468353271484,219900,0.0,0.0
2016-09-30 00:00:00-04:00,22.712301235366766,23.37728332488198,22.664801436156115,23.19520378112793,228000,0.0,0.0
2016-10-03 00:00:00-04:00,23.068535387751137,23.218948364257812,22.886457395631133,23.218948364257812,149500,0.0,0.0
2016-10-04 00:00:00-04:00,23.23478574813513,23.23478574813513,22.866670627937346,23.116039276123047,231800,0.0,0.0
2016-10-05 00:00:00-04:00,23.14770649102015,23.14770649102015,22.324396231761817,22.474807739257812,184300,0.0,0.0
2016-10-06 00:00:00-04:00,22.35606102595882,22.37189429288289,21.968155045979778,22.15814971923828,133100,0.0,0.0
2016-10-07 00:00:00-04:00,22.158149948538135,22.18981648271397,21.817742255865205,21.952322006225586,102500,0.0,0.0
2016-10-10 00:00:00-04:00,22.126489797518904,22.48272932579569,21.817747061079803,22.443147659301758,64000,0.0,0.0
2016-10-11 00:00:00-04:00,22.45897213843592,22.45897213843592,21.920653229155146,22.015649795532227,111200,0.0,0.0
2016-10-12 00:00:00-04:00,21.976070190825244,22.419391065065383,21.87315547273348,22.18189811706543,192700,0.0,0.0
2016-10-13 00:00:00-04:00,22.11064885206949,22.47480488923085,22.102732219529905,22.253145217895508,168000,0.0,0.0
2016-10-14 00:00:00-04:00,22.419387876929864,22.712297213757264,22.304598980744593,22.48271942138672,137400,0.0,0.0
2016-10-17 00:00:00-04:00,22.45105498431043,22.96562398506276,22.379806806212386,22.90625,184900,0.0,0.0
2016-10-18 00:00:00-04:00,23.139785904307058,23.139785904307058,22.80729490199995,22.87062644958496,71300,0.0,0.0
2016-10-19 00:00:00-04:00,22.926041577840206,23.274365847763455,22.680632017412634,23.100204467773438,127200,0.0,0.0
2016-10-20 00:00:00-04:00,23.084380490812457,23.084380490812457,22.577727901586073,22.59356117248535,188700,0.0,0.0
2016-10-21 00:00:00-04:00,22.47480924320703,23.171457942217558,22.443144216857583,23.01312828063965,149200,0.0,0.0
2016-10-24 00:00:00-04:00,23.23478310386771,23.614772375038495,23.19519994440629,23.56727409362793,213400,0.0,0.0
2016-10-25 00:00:00-04:00,23.401025209981558,23.4287326635145,22.34813744590099,22.498550415039062,418800,0.0,0.0
2016-10-26 00:00:00-04:00,22.37189248093908,22.37189248093908,21.27150618787725,21.36650276184082,381400,0.0,0.0
2016-10-27 00:00:00-04:00,21.374419598113796,21.691077364245334,21.089426853623745,21.136926651000977,208400,0.0,0.0
2016-10-28 00:00:00-04:00,21.136922711138876,21.42983052398462,20.954843208351924,21.0102596282959,351400,0.0,0.0
2016-10-31 00:00:00-04:00,21.089427267329224,21.255673541524075,20.95484752534039,21.184425354003906,466100,0.0,0.0
2016-11-01 00:00:00-04:00,21.311086088755445,22.28797554734038,20.66985398245448,20.677770614624023,602700,0.0,0.0
2016-11-02 00:00:00-04:00,21.105257790015465,22.245227132213195,21.02609297973422,21.508996963500977,1892400,0.0,0.0
2016-11-03 00:00:00-04:00,21.26358719179229,22.05523226657302,20.70151840352753,20.859848022460938,2272800,0.0,0.0
2016-11-04 00:00:00-04:00,20.946933331380688,20.978599867274,20.63027552216526,20.875686645507812,674100,0.0,0.0
2016-11-07 00:00:00-05:00,21.010261715664917,21.358584473117435,20.867765355823792,21.2240047454834,494200,0.0,0.0
2016-11-08 00:00:00-05:00,21.208178097915216,21.540667671016642,20.887561211068544,21.44567108154297,376200,0.0,0.0
2016-11-09 00:00:00-05:00,21.057763030589218,21.818534432857938,20.970681573717624,21.738576889038086,325500,0.0,0.0
2016-11-10 00:00:00-05:00,21.920651360523543,22.086896092483453,21.23191951825645,21.263586044311523,474300,0.0,0.0
2016-11-11 00:00:00-05:00,21.271501620523573,21.762320670482556,21.065673741206158,21.35858154296875,282800,0.0,0.0
2016-11-14 00:00:00-05:00,22.16606181102306,22.48271953490619,21.8573207189799,22.18981170654297,929100,0.0,0.0
2016-11-15 00:00:00-05:00,22.166062424323787,23.44852812896323,22.134395896087742,23.28228187561035,655000,0.0,0.0
2016-11-16 00:00:00-05:00,23.179364084601836,23.59101830047871,22.838956523248694,23.58310317993164,404000,0.0,0.0
2016-11-17 00:00:00-05:00,23.559358346285606,24.192673822015113,23.559358346285606,23.701854705810547,246000,0.0,0.0
2016-11-18 00:00:00-05:00,23.78102044061196,23.824559654429105,23.290199795417344,23.44061279296875,539900,0.0,0.0
2016-11-21 00:00:00-05:00,23.503944366677516,24.010596767432748,23.385197898993415,23.92351531982422,225700,0.0,0.0
2016-11-22 00:00:00-05:00,24.03434201065508,24.267877339518037,23.70185105956109,24.224336624145508,233700,0.0,0.0
2016-11-23 00:00:00-05:00,24.20059084321513,25.10306578812224,24.00267956512545,25.000152587890625,229900,0.0,0.0
2016-11-25 00:00:00-05:00,25.015987041546378,25.095151858533637,24.604331201167266,25.05556869506836,92800,0.0,0.0
2016-11-28 00:00:00-05:00,24.984327543820097,25.015994083506396,24.580588222482103,24.69141960144043,328200,0.0,0.0
2016-11-29 00:00:00-05:00,24.73891297154171,24.833911061727534,23.104165179598077,23.741439819335938,1084200,0.0,0.0
2016-11-30 00:00:00-05:00,24.786406635860025,24.786406635860025,23.614772298572365,24.29558753967285,1549600,0.0,0.0
2016-12-01 00:00:00-05:00,24.2401761598404,25.1189012859191,24.12538724595685,24.920989990234375,4945000,0.0,0.0
2016-12-02 00:00:00-05:00,24.8022442647142,24.8022442647142,24.089763880695834,24.406421661376953,871500,0.0,0.0
2016-12-05 00:00:00-05:00,24.833908026118767,24.93682122712553,24.533082035588407,24.77057647705078,484300,0.0,0.0
2016-12-06 00:00:00-05:00,24.778489041649653,24.91306875826963,24.358918138614428,24.889320373535156,399200,0.0,0.0
2016-12-07 00:00:00-05:00,25.134734413611685,25.704719908410087,24.82440934665204,25.688886642456055,501300,0.0,0.0
2016-12-08 00:00:00-05:00,25.80761918072475,26.456767672836893,25.570126345542175,26.15594482421875,552300,0.0,0.0
2016-12-09 00:00:00-05:00,26.31428679775525,26.338826396814813,25.570138404712957,25.855131149291992,398600,0.0,0.0
2016-12-12 00:00:00-05:00,25.74429740285763,26.108453401289637,25.174312000173646,25.35638999938965,353800,0.0,0.0
2016-12-13 00:00:00-05:00,25.372230076421854,25.388063344069078,25.01599061402042,25.26140022277832,304600,0.0,0.0
2016-12-14 00:00:00-05:00,25.13473387782319,25.356393556681216,24.976404241544614,25.039735794067383,372400,0.0,0.0
2016-12-15 00:00:00-05:00,25.10306339905334,25.34055630618137,24.770573933051335,24.913068771362305,333000,0.0,0.0
2016-12-16 00:00:00-05:00,24.984321568547195,25.597846283772775,24.9368232803212,25.419727325439453,831100,0.0,0.0
2016-12-19 00:00:00-05:00,25.554304516963143,25.67463491818504,24.564749587806112,24.635997772216797,343400,0.0,0.0
2016-12-20 00:00:00-05:00,24.66766289729465,24.810159266717935,24.27975695272199,24.76266098022461,553100,0.0,0.0
2016-12-21 00:00:00-05:00,24.833909589966705,24.833909589966705,23.820603231125478,24.35100555419922,493800,0.0,0.0
2016-12-22 00:00:00-05:00,24.271841078400524,24.452336686635707,23.10020657533324,23.353532791137695,530200,0.0,0.0
2016-12-23 00:00:00-05:00,23.393115670683656,23.80477154788645,23.242704165890792,23.448532104492188,275400,0.0,0.0
2016-12-27 00:00:00-05:00,23.258530551399033,23.828515945106282,23.187283887128707,23.76518440246582,285200,0.0,0.0
2016-12-28 00:00:00-05:00,23.709767849744377,23.788931140106413,23.258528940988693,23.29019546508789,281500,0.0,0.0
2016-12-29 00:00:00-05:00,23.282279437663316,23.662268677047145,23.282279437663316,23.50394058227539,244600,0.0,0.0
2016-12-30 00:00:00-05:00,23.60685791239212,23.721646820463533,23.345615075713578,23.424779891967773,313700,0.0,0.0
2017-01-03 00:00:00-05:00,23.686023877494993,23.781021963596395,23.084373358701725,23.4168643951416,547600,0.0,0.0
2017-01-04 00:00:00-05:00,22.941880406685296,23.535614381040155,22.3956462374382,23.5197811126709,773100,0.0,0.0
2017-01-05 00:00:00-05:00,23.31395072753862,23.408947301828675,22.48668146920807,22.846879959106445,658700,0.0,0.0
2017-01-06 00:00:00-05:00,23.021040565250395,23.11999620755459,22.237312059394355,22.37980842590332,484300,0.0,0.0
2017-01-09 00:00:00-05:00,22.30064641415847,22.77563385893227,22.166066663304953,22.577722549438477,546100,0.0,0.0
2017-01-10 00:00:00-05:00,22.585636149157768,22.77563079955724,22.466888171457743,22.609384536743164,492800,0.0,0.0
2017-01-11 00:00:00-05:00,22.60938631490397,22.957710623002637,22.569804659186488,22.918128967285156,261300,0.0,0.0
2017-01-12 00:00:00-05:00,22.846878470710067,22.973541568140682,22.729714426112295,22.894376754760742,552300,0.0,0.0
2017-01-13 00:00:00-05:00,22.98937633048485,23.009167157633332,22.637092963491206,22.846879959106445,247400,0.0,0.0
2017-01-17 00:00:00-05:00,22.838956348486203,22.838956348486203,22.577713584088624,22.751874923706055,361800,0.0,0.0
2017-01-18 00:00:00-05:00,22.743964111512113,22.894377108262137,22.625217644580303,22.854795455932617,279400,0.0,0.0
2017-01-19 00:00:00-05:00,23.021040530763802,23.021040530763802,22.720216042984735,22.799379348754883,338200,0.0,0.0
2017-01-20 00:00:00-05:00,22.696462010138244,23.068534613275823,22.213558081217325,22.458969116210938,738800,0.0,0.0
2017-01-23 00:00:00-05:00,22.371891793325794,22.5460531802016,22.18189714129493,22.37980842590332,333100,0.0,0.0
2017-01-24 00:00:00-05:00,22.411473509478657,22.48272169293409,22.150230673456512,22.466888427734375,449800,0.0,0.0
2017-01-25 00:00:00-05:00,22.46688687187254,22.981457385625557,22.40355532540276,22.427305221557617,267500,0.0,0.0
2017-01-26 00:00:00-05:00,22.443138311460867,22.503303506631642,22.166062231577516,22.2373104095459,302300,0.0,0.0
2017-01-27 00:00:00-05:00,22.23731730759171,22.348147169947357,21.881076307243365,22.29273223876953,289400,0.0,0.0
2017-01-30 00:00:00-05:00,22.213563289375223,22.49855603686135,21.87315562097643,22.37189292907715,258100,0.0,0.0
2017-01-31 00:00:00-05:00,22.356055625403954,22.6806299692227,22.2293925404963,22.53813362121582,343200,0.0,0.0
2017-02-01 00:00:00-05:00,22.680635542330194,22.86271358288245,22.253147903209957,22.284812927246094,222600,0.0,0.0
2017-02-02 00:00:00-05:00,22.324391315216147,22.601465878500427,22.205643348159313,22.48271942138672,395000,0.0,0.0
2017-02-03 00:00:00-05:00,22.66480033071257,22.810463052645282,22.37980909906566,22.74396514892578,360600,0.0,0.0
2017-02-06 00:00:00-05:00,22.75188603977377,22.89438243723719,22.648972813796632,22.831050872802734,236800,0.0,0.0
2017-02-07 00:00:00-05:00,22.84687627409682,22.910207816723116,22.4510537551967,22.601465225219727,411600,0.0,0.0
2017-02-08 00:00:00-05:00,22.498553840674994,22.97354120347174,22.10273129000157,22.91020965576172,351500,0.0,0.0
2017-02-09 00:00:00-05:00,22.93396316815076,23.480198832947174,22.91813141014228,23.155624389648438,727900,0.0,0.0
2017-02-10 00:00:00-05:00,23.266447767436382,23.535607207905535,23.14770131074543,23.187284469604492,330900,0.0,0.0
2017-02-13 00:00:00-05:00,23.211033819818883,23.345613545647705,22.91020934970085,22.9893741607666,273500,0.0,0.0
2017-02-14 00:00:00-05:00,22.933959072341278,23.092288703698085,22.656884482381763,22.775630950927734,308900,0.0,0.0
2017-02-15 00:00:00-05:00,22.704381748218356,23.036872751181757,22.51042803401337,22.91020965576172,428400,0.0,0.0
2017-02-16 00:00:00-05:00,22.902299071534447,23.044795468997865,22.736052771179256,22.831050872802734,261700,0.0,0.0
2017-02-17 00:00:00-05:00,22.64105209309391,22.83104675210579,22.24522950933333,22.45105743408203,461500,0.0,0.0
2017-02-21 00:00:00-05:00,22.720216077020677,22.751881097387518,22.197730406449985,22.37980842590332,449000,0.0,0.0
2017-02-22 00:00:00-05:00,22.34022031890147,22.34022031890147,21.06567295485493,21.683155059814453,1173900,0.0,0.0
2017-02-23 00:00:00-05:00,21.73857179218603,21.869193946867593,21.176504545835588,21.200254440307617,464800,0.0,0.0
2017-02-24 00:00:00-05:00,21.026090442475848,21.406081183982995,20.76484765703261,21.20816993713379,890400,0.0,0.0
2017-02-27 00:00:00-05:00,21.20817547202394,21.46150169251289,20.783061483425595,20.97859764099121,904600,0.0,0.0
2017-02-28 00:00:00-05:00,20.88359636172755,21.04192598030756,20.73318488501401,20.82026481628418,538700,0.0,0.0
2017-03-01 00:00:00-05:00,21.089427413953537,21.44566835403115,20.693604818286584,21.374420166015625,806000,0.0,0.0
2017-03-02 00:00:00-05:00,21.477332763431072,21.56441421517389,21.041928524603637,21.09734344482422,1112700,0.0,0.0
2017-03-03 00:00:00-05:00,19.79112917755405,21.168591587118613,19.586092463217714,20.574857711791992,2562300,0.0,0.0
2017-03-06 00:00:00-05:00,20.4244451774713,20.4244451774713,19.814879532326103,20.20278549194336,991100,0.0,0.0
2017-03-07 00:00:00-05:00,20.09987130902688,20.09987130902688,19.79113016168646,19.91779327392578,799200,0.0,0.0
2017-03-08 00:00:00-05:00,19.95737164688312,20.202782707672235,19.833876416219123,20.091951370239258,412100,0.0,0.0
2017-03-09 00:00:00-05:00,20.084043840266112,20.242372009395588,19.909880891296844,20.028627395629883,403800,0.0,0.0
2017-03-10 00:00:00-05:00,20.09987173182553,20.543194143931796,20.08403997492015,20.487777709960938,419700,0.0,0.0
2017-03-13 00:00:00-04:00,20.54319037723788,20.630270309052975,20.400694021612797,20.551105499267578,562300,0.0,0.0
2017-03-14 00:00:00-04:00,20.448196597948378,20.57485971622899,20.17903709411621,20.17903709411621,250600,0.0,0.0
2017-03-15 00:00:00-04:00,20.21069920060092,20.788599739884198,20.131534391534263,20.756933212280273,563600,0.0,0.0
2017-03-16 00:00:00-04:00,20.788599798534065,20.93901278519076,20.543190248683885,20.82026481628418,323100,0.0,0.0
2017-03-17 00:00:00-04:00,20.946930439980257,21.160674997925362,20.772769046437947,21.09734344482422,566400,0.0,0.0
2017-03-20 00:00:00-04:00,21.08942724432493,21.08942724432493,20.654022996570717,20.685688018798828,265500,0.0,0.0
2017-03-21 00:00:00-04:00,20.788601370656878,20.93901436868844,20.384862171694206,20.416528701782227,250800,0.0,0.0
2017-03-22 00:00:00-04:00,20.408613500926545,20.812352728211565,20.30569878086427,20.788602828979492,465800,0.0,0.0
2017-03-23 00:00:00-04:00,20.7569358216998,21.239839858764977,20.242366762993132,21.136926651000977,293000,0.0,0.0
2017-03-24 00:00:00-04:00,21.20025330606666,21.320582172435223,20.9865087970832,21.20816993713379,231800,0.0,0.0
2017-03-27 00:00:00-04:00,21.01026440666258,21.453585297437517,20.693605117594227,21.271507263183594,408700,0.0,0.0
2017-03-28 00:00:00-04:00,21.279419490609154,21.89690320832887,20.891513575227105,21.865238189697266,455100,0.0,0.0
2017-03-29 00:00:00-04:00,21.825657951739306,22.33231039723828,21.80190956207116,22.213563919067383,341800,0.0,0.0
2017-03-30 00:00:00-04:00,22.213560978486743,22.431263077971714,22.015649704419825,22.324392318725586,225700,0.0,0.0
2017-03-31 00:00:00-04:00,22.32438666940633,22.609377805182614,22.268970258338765,22.387718200683594,264300,0.0,0.0
2017-04-03 00:00:00-04:00,22.379807853007673,22.64500824282134,22.150230043966076,22.16606330871582,516800,0.0,0.0
2017-04-04 00:00:00-04:00,22.16606224662301,22.1818955106141,21.754406442513655,21.841487884521484,327800,0.0,0.0
2017-04-05 00:00:00-04:00,22.0552367709213,22.43918368384222,21.857325461806628,21.991905212402344,506500,0.0,0.0
2017-04-06 00:00:00-04:00,21.991904076079766,22.137566804141315,21.603998111451332,21.999820709228516,440100,0.0,0.0
2017-04-07 00:00:00-04:00,22.086897421618968,22.300641955524107,21.944401065682204,22.2373104095459,351900,0.0,0.0
2017-04-10 00:00:00-04:00,22.25314871611863,22.522308225003705,21.96419837774508,22.356061935424805,567400,0.0,0.0
2017-04-11 00:00:00-04:00,22.363975276578962,22.680633031603815,22.261062072424618,22.53022003173828,289600,0.0,0.0
2017-04-12 00:00:00-04:00,22.530220021812983,22.561886552273158,22.237312164772764,22.506471633911133,912600,0.0,0.0
2017-04-13 00:00:00-04:00,22.427314388726668,22.58564407458999,22.34023291050746,22.443147659301758,159400,0.0,0.0
2017-04-17 00:00:00-04:00,22.490640914564455,22.696468856024957,22.18189975734543,22.34814453125,251400,0.0,0.0
2017-04-18 00:00:00-04:00,22.33230529527343,22.411470099282763,22.078979130398,22.094812393188477,221900,0.0,0.0
2017-04-19 00:00:00-04:00,22.16606056580257,22.292723648240287,22.055230746155335,22.094812393188477,232500,0.0,0.0
2017-04-20 00:00:00-04:00,22.166062418333468,22.379806954039474,21.995858603968667,22.241268157958984,445100,0.0,0.0
2017-04-21 00:00:00-04:00,22.324393507803894,22.656884526343724,22.166063876139873,22.37980842590332,633000,0.0,0.0
2017-04-24 00:00:00-04:00,23.306032817776952,23.773103560618804,22.736047363492258,23.606857299804688,1212800,0.0,0.0
2017-04-25 00:00:00-04:00,23.812683045071026,23.93934613228339,23.424777151740273,23.749351501464844,451400,0.0,0.0
2017-04-26 00:00:00-04:00,23.82060184516145,23.971014841146935,23.55144238284773,23.606857299804688,530300,0.0,0.0
2017-04-27 00:00:00-04:00,23.796852511459406,23.796852511459406,23.19520202321282,23.361448287963867,349400,0.0,0.0
2017-04-28 00:00:00-04:00,23.408948436667668,23.567278081417825,23.036875734431206,23.298118591308594,409000,0.0,0.0
2017-05-01 00:00:00-04:00,23.234785343477178,23.69393946788569,23.013124158956646,23.551443099975586,614200,0.0,0.0
2017-05-02 00:00:00-04:00,23.646445749681362,23.646445749681362,23.179374902393388,23.5197811126709,694400,0.0,0.0
2017-05-03 00:00:00-04:00,23.40894286037524,23.543522573371348,22.941872180561873,23.09228515625,716300,0.0,0.0
2017-05-04 00:00:00-04:00,23.123953108313987,23.234784451290107,22.641050614425506,22.95770835876465,734100,0.0,0.0
2017-05-05 00:00:00-04:00,25.96596308256296,26.322204041995928,25.33264749906375,25.562225341796875,4074200,0.0,0.0
2017-05-08 00:00:00-04:00,25.562218956635043,25.720548567932575,24.675575851266412,24.889320373535156,656800,0.0,0.0
2017-05-09 00:00:00-04:00,24.920992317042668,25.08882102689622,24.351008275832335,24.422256469726562,450900,0.0,0.0
2017-05-10 00:00:00-04:00,24.406420626385597,24.707245127789886,24.176844311356092,24.541000366210938,516900,0.0,0.0
2017-05-11 00:00:00-04:00,24.414333238113343,24.762657479691825,24.188714521735132,24.70724105834961,337500,0.0,0.0
2017-05-12 00:00:00-04:00,24.65974319064224,24.74682462997779,24.26392066267064,24.335168838500977,367100,0.0,0.0
2017-05-15 00:00:00-04:00,24.29558629390394,24.73890708610285,24.1135067901935,24.20058822631836,415200,0.0,0.0
2017-05-16 00:00:00-04:00,24.168928316097812,24.19267670555375,23.634566904188457,23.899768829345703,496500,0.0,0.0
2017-05-17 00:00:00-04:00,23.71768407752071,24.01851003072805,23.59102099509963,23.614770889282227,287900,0.0,0.0
2017-05-18 00:00:00-04:00,23.55936277785536,23.7572740899913,23.34561819836211,23.543529510498047,369900,0.0,0.0
2017-05-19 00:00:00-04:00,23.60685868134991,24.010597898448538,23.488112208072273,23.8918514251709,403000,0.0,0.0
2017-05-22 00:00:00-04:00,23.915607233444657,24.05810364956328,23.353539714247653,23.472286224365234,252500,0.0,0.0
2017-05-23 00:00:00-04:00,24.52516502684513,24.540998291354956,23.321864103076194,23.49602699279785,882700,0.0,0.0
2017-05-24 00:00:00-04:00,23.49602330977079,23.94726070796639,23.36144360241921,23.6226863861084,519600,0.0,0.0
2017-05-25 00:00:00-04:00,23.622690875076778,23.860183810854313,23.32186487915242,23.527692794799805,479900,0.0,0.0
2017-05-26 00:00:00-04:00,22.878543081775987,23.298115528241187,22.64896678800902,22.87062644958496,482900,0.0,0.0
2017-05-30 00:00:00-04:00,22.823131834725913,23.092291332709806,22.52230731283162,22.680635452270508,423800,0.0,0.0
2017-05-31 00:00:00-04:00,22.743966548092164,22.957711117434002,22.443142032307783,22.569805145263672,392700,0.0,0.0
2017-06-01 00:00:00-04:00,22.62522367761338,22.886466578501278,22.387730680422077,22.862716674804688,343900,0.0,0.0
2017-06-02 00:00:00-04:00,22.93396393071598,23.29812155600318,22.93396393071598,23.163541793823242,258900,0.0,0.0
2017-06-05 00:00:00-04:00,23.18729019823796,23.266453515627877,22.94979571623774,23.21103858947754,226100,0.0,0.0
2017-06-06 00:00:00-04:00,23.15562216509347,23.42478165464558,23.005209153886486,23.234786987304688,330300,0.0,0.0
2017-06-07 00:00:00-04:00,23.20312332972424,23.606862614082917,23.20312332972424,23.559364318847656,292200,0.0,0.0
2017-06-08 00:00:00-04:00,23.646439421123986,24.295588151094314,23.646439421123986,24.137258529663086,733300,0.0,0.0
2017-06-09 00:00:00-04:00,24.176844886004133,24.41037876807484,23.96310032179937,24.319339752197266,519100,0.0,0.0
2017-06-12 00:00:00-04:00,24.295594148188396,24.43017390664149,23.749358480356015,23.90768814086914,696000,0.0,0.0
2017-06-13 00:00:00-04:00,23.907682239525293,24.580579355750086,23.725602721896426,24.137258529663086,436200,0.0,0.0
2017-06-14 00:00:00-04:00,24.137258002560166,24.31141937437669,23.741435467569133,23.986845016479492,291200,0.0,0.0
2017-06-15 00:00:00-04:00,23.74143552561732,24.184756343107125,23.74143552561732,24.0501766204834,249100,0.0,0.0
2017-06-16 00:00:00-04:00,23.93143195232893,24.113509970107433,23.749353934550424,23.92351531982422,459700,0.0,0.0
2017-06-19 00:00:00-04:00,24.002679277562933,24.493499905720114,23.939347729730702,24.248088836669922,459000,0.0,0.0
2017-06-20 00:00:00-04:00,24.20059430684177,24.580583652772244,23.97893461002071,24.161012649536133,468500,0.0,0.0
2017-06-21 00:00:00-04:00,24.200595187485398,24.200595187485398,23.733524366553997,23.796855926513672,364800,0.0,0.0
2017-06-22 00:00:00-04:00,23.796850843786984,24.192673386477786,23.788934211739985,24.07392692565918,276700,0.0,0.0
2017-06-23 00:00:00-04:00,24.113508961247724,24.580579689881397,23.788934591850524,24.493499755859375,2252900,0.0,0.0
2017-06-26 00:00:00-04:00,24.65183307060552,24.98432414232602,24.39850682737914,24.80224609375,564300,0.0,0.0
2017-06-27 00:00:00-04:00,24.738908465271745,25.285143986969025,24.72703427239022,25.23764419555664,568100,0.0,0.0
2017-06-28 00:00:00-04:00,25.332643992082694,25.775966349103278,24.683495231376494,25.467222213745117,546100,0.0,0.0
2017-06-29 00:00:00-04:00,25.467221271477072,25.649302300933417,24.762659129640625,24.825990676879883,299500,0.0,0.0
2017-06-30 00:00:00-04:00,24.936817440006013,25.0397306253835,24.45391350798604,24.461830139160156,268200,0.0,0.0
2017-07-03 00:00:00-04:00,24.438087974071205,24.66766429676627,24.19663594662159,24.61224937438965,163100,0.0,0.0
2017-07-05 00:00:00-04:00,24.643914274808406,24.643914274808406,23.852269079203413,23.96310043334961,256300,0.0,0.0
2017-07-06 00:00:00-04:00,23.91559444768748,24.161005481998455,23.72559983108552,23.876012802124023,377300,0.0,0.0
2017-07-07 00:00:00-04:00,23.749356769806397,24.2164275737414,23.598943754146795,24.161012649536133,377500,0.0,0.0
2017-07-10 00:00:00-04:00,24.018515452669117,24.263925041515847,23.954392686826996,24.089763641357422,285800,0.0,0.0
2017-07-11 00:00:00-04:00,24.066013277779053,24.18475975332213,23.733522240292423,23.978933334350586,181500,0.0,0.0
2017-07-12 00:00:00-04:00,24.105596442922316,24.350214816717266,23.78102203846434,23.978933334350586,269700,0.0,0.0
2017-07-13 00:00:00-04:00,24.0026798248291,24.07709435748006,23.670188813643232,24.0026798248291,346700,0.0,0.0
2017-07-14 00:00:00-04:00,23.95518349339826,24.145178156716927,23.788937219279823,24.06601333618164,241800,0.0,0.0
2017-07-17 00:00:00-04:00,24.018513345670225,24.31933783045315,23.836435328303107,23.860183715820312,239100,0.0,0.0
2017-07-18 00:00:00-04:00,23.812685177000496,24.034346354438824,23.620315388456838,24.0026798248291,339800,0.0,0.0
2017-07-19 00:00:00-04:00,23.931431965439792,24.41433597888872,23.88393368032878,24.38266944885254,376000,0.0,0.0
2017-07-20 00:00:00-04:00,24.30350645114528,24.786408960760806,24.161010084066074,24.738910675048828,419400,0.0,0.0
2017-07-21 00:00:00-04:00,24.84974369801002,25.047655008787274,24.564752437252334,24.89724349975586,448800,0.0,0.0
2017-07-24 00:00:00-04:00,24.90515922663348,24.936825761897662,24.533086496940385,24.675582885742188,323500,0.0,0.0
2017-07-25 00:00:00-04:00,24.699328295606392,24.841823148551935,24.43096004483631,24.77057647705078,287900,0.0,0.0
2017-07-26 00:00:00-04:00,24.730993018702232,24.905154399065598,24.501416722311575,24.873489379882812,217500,0.0,0.0
2017-07-27 00:00:00-04:00,24.825989252713043,24.825989252713043,23.67018669447134,23.749351501464844,576800,0.0,0.0
2017-07-28 00:00:00-04:00,23.66227293726421,23.67018956991958,23.385198344042657,23.551443099975586,423100,0.0,0.0
2017-07-31 00:00:00-04:00,23.58310942591158,23.96309873041162,23.424779794064925,23.75727081298828,419100,0.0,0.0
2017-08-01 00:00:00-04:00,23.709771975655386,24.168926085393657,23.56727561229812,24.0026798248291,443300,0.0,0.0
2017-08-02 00:00:00-04:00,23.931430023522662,24.54099708776644,23.84435009287579,24.29558753967285,542200,0.0,0.0
2017-08-03 00:00:00-04:00,24.382672483631577,24.96849128266852,23.82060509502124,23.828521728515625,912400,0.0,0.0
2017-08-04 00:00:00-04:00,24.68349936260337,26.17970841562137,24.438089755640476,25.55430793762207,1594900,0.0,0.0
2017-08-07 00:00:00-04:00,25.84720655944581,26.52010349999902,25.76804025945477,26.227195739746094,626100,0.0,0.0
2017-08-08 00:00:00-04:00,26.124289534474144,27.04259777307232,25.910544984987517,25.92637825012207,974100,0.0,0.0
2017-08-09 00:00:00-04:00,25.783884857930794,26.060959480029233,25.673055009091417,25.831384658813477,443700,0.0,0.0
2017-08-10 00:00:00-04:00,25.67305474599452,26.116377156695755,25.609721678799975,25.997629165649414,377700,0.0,0.0
2017-08-11 00:00:00-04:00,26.005539041716755,26.551776066446184,25.62396735448966,26.504276275634766,480800,0.0,0.0
2017-08-14 00:00:00-04:00,26.66260843591102,27.26425741083325,26.66260843591102,27.216760635375977,350800,0.0,0.0
2017-08-15 00:00:00-04:00,27.295918841202464,27.549244995932597,26.956302464680153,27.477996826171875,324800,0.0,0.0
2017-08-16 00:00:00-04:00,27.573002784798316,28.00840702533402,27.509669721505364,27.77091407775879,279800,0.0,0.0
2017-08-17 00:00:00-04:00,27.75508081193555,28.095488477418492,27.71549613743412,27.77091407775879,367400,0.0,0.0
2017-08-18 00:00:00-04:00,27.652167008398905,27.747163586592904,27.39884078662373,27.51758575439453,347700,0.0,0.0
2017-08-21 00:00:00-04:00,27.565076483930664,27.69965769365492,27.235751900000466,27.604658126831055,341700,0.0,0.0
2017-08-22 00:00:00-04:00,27.818403987767887,28.427970981987755,27.723407436167083,28.158811569213867,492400,0.0,0.0
2017-08-23 00:00:00-04:00,27.960911001480664,28.095492269197997,27.533421826219126,27.715499877929688,431700,0.0,0.0
2017-08-24 00:00:00-04:00,27.794667596089287,27.794667596089287,27.280096931472766,27.430511474609375,290000,0.0,0.0
2017-08-25 00:00:00-04:00,27.58091489866484,27.58091489866484,26.979265962455568,26.99509620666504,389100,0.0,0.0
2017-08-28 00:00:00-04:00,26.915930218153,26.939678601981957,25.649299415841394,25.839292526245117,794800,0.0,0.0
2017-08-29 00:00:00-04:00,25.680967204206983,25.81554844808474,25.47514079695968,25.506807327270508,395300,0.0,0.0
2017-08-30 00:00:00-04:00,25.594077571384545,25.721016465344185,25.459206320629537,25.514741897583008,349700,0.07,0.0
2017-08-31 00:00:00-04:00,25.546482226773076,25.736889090623478,25.29260287743292,25.713088989257812,335800,0.0,0.0
2017-09-01 00:00:00-04:00,25.73687826887406,26.613550275952477,25.615492960608762,26.506446838378906,497700,0.0,0.0
2017-09-05 00:00:00-04:00,26.47471754110592,26.522320761387725,25.459206386789827,25.649616241455078,485700,0.0,0.0
2017-09-06 00:00:00-04:00,26.244640785710494,26.673057628278684,25.92729206203017,25.998695373535156,354000,0.0,0.0
2017-09-07 00:00:00-04:00,25.99869023228993,26.10182900105959,25.625806009672726,25.728944778442383,131400,0.0,0.0
2017-09-08 00:00:00-04:00,25.69721358218918,26.117698055376415,25.602010178657686,26.10183334350586,277300,0.0,0.0
2017-09-11 00:00:00-04:00,26.157375085804375,26.467581423262963,25.67738723724226,25.721019744873047,258600,0.0,0.0
2017-09-12 00:00:00-04:00,25.816216461115236,26.530246426470477,25.681342217567153,26.522314071655273,258500,0.0,0.0
2017-09-13 00:00:00-04:00,26.300180248102343,26.974542602582023,26.300180248102343,26.649261474609375,289800,0.0,0.0
2017-09-14 00:00:00-04:00,26.665128707885742,27.05387776669949,26.49058658472571,26.665128707885742,439400,0.0,0.0
2017-09-15 00:00:00-04:00,26.43504652349849,26.9745375159341,25.86382005469335,26.79999542236328,667800,0.0,0.0
2017-09-18 00:00:00-04:00,26.950744044325692,27.12528315432331,26.76430185791843,26.92694091796875,278900,0.0,0.0
2017-09-19 00:00:00-04:00,26.847603032095446,27.720307589895377,26.847603032095446,27.33949089050293,565200,0.0,0.0
2017-09-20 00:00:00-04:00,27.498163610972234,28.25186460707331,27.458495774643108,27.545766830444336,467000,0.0,0.0
2017-09-21 00:00:00-04:00,27.60923245895406,27.752039078989508,27.299819124364475,27.49816131591797,176500,0.0,0.0
2017-09-22 00:00:00-04:00,27.521969055636436,27.577504642581456,26.926942315686244,26.94281005859375,386800,0.0,0.0
2017-09-25 00:00:00-04:00,26.934866055272792,26.99833397300041,26.605617341831035,26.871395111083984,220100,0.0,0.0
2017-09-26 00:00:00-04:00,26.879338158629793,26.93487373740378,26.482653723694426,26.68099594116211,388900,0.0,0.0
2017-09-27 00:00:00-04:00,26.887264547936336,27.022138799638686,26.601651333942076,26.609586715698242,346500,0.0,0.0
2017-09-28 00:00:00-04:00,26.522315779365073,26.728590308915134,26.30017351270172,26.450912475585938,239100,0.0,0.0
2017-09-29 00:00:00-04:00,26.498513570433058,26.823794589121256,26.339839238435147,26.379507064819336,433800,0.0,0.0
2017-10-02 00:00:00-04:00,26.514386682806762,26.87933867000157,26.316044461565674,26.665128707885742,749900,0.0,0.0
2017-10-03 00:00:00-04:00,26.88726800847415,27.75204011705259,26.450915776027074,26.561986923217773,420400,0.0,0.0
2017-10-04 00:00:00-04:00,26.554062266082475,26.609597855780013,26.197045599124976,26.3715877532959,333200,0.0,0.0
2017-10-05 00:00:00-04:00,26.466791188997014,26.57786236839209,26.284316676210437,26.3715877532959,262700,0.0,0.0
2017-10-06 00:00:00-04:00,26.27637533819175,26.548502692521605,26.109768606844064,26.16530418395996,432300,0.0,0.0
2017-10-09 00:00:00-04:00,26.165301897884827,26.435047403077935,25.808285343002517,25.927291870117188,385500,0.0,0.0
2017-10-10 00:00:00-04:00,26.04629577096321,26.18116699672974,25.68134387029207,25.77655029296875,288200,0.0,0.0
2017-10-11 00:00:00-04:00,25.903493493343372,26.093900317601644,25.530609175016558,25.85589027404785,423400,0.0,0.0
2017-10-12 00:00:00-04:00,25.721011706663948,26.18116700367239,25.467133965714947,25.966957092285156,298100,0.0,0.0
2017-10-13 00:00:00-04:00,26.20496708916821,26.30810586717058,25.554404999851233,25.77655029296875,394600,0.0,0.0
2017-10-16 00:00:00-04:00,25.665478769956685,25.959027397009127,25.4036686468519,25.53853988647461,223800,0.0,0.0
2017-10-17 00:00:00-04:00,25.403671803309425,26.189105296677184,25.403671803309425,26.133569717407227,342000,0.0,0.0
2017-10-18 00:00:00-04:00,26.260504391699147,26.458846579027576,25.871755399353926,25.990758895874023,308100,0.0,0.0
2017-10-19 00:00:00-04:00,25.919358817417933,26.30017852783203,25.86382324016212,26.30017852783203,184900,0.0,0.0
2017-10-20 00:00:00-04:00,26.474719628252394,26.474719628252394,25.98283175241008,26.00663185119629,251800,0.0,0.0
2017-10-23 00:00:00-04:00,25.94316536817019,26.085972021825956,25.356071011311776,25.506813049316406,474500,0.0,0.0
2017-10-24 00:00:00-04:00,25.546473755725177,25.83208698325579,25.31639609727424,25.490938186645508,465100,0.0,0.0
2017-10-25 00:00:00-04:00,25.348131683848184,25.530606129689005,25.01491675468066,25.379865646362305,349000,0.0,0.0
2017-10-26 00:00:00-04:00,25.617878917037903,26.260505699038788,25.31639792988067,25.974895477294922,548200,0.0,0.0
2017-10-27 00:00:00-04:00,25.982829319229936,26.704794837270672,25.7289515344109,26.641326904296875,583500,0.0,0.0
2017-10-30 00:00:00-04:00,26.474710350380576,26.64925241754499,25.84795143244328,26.442977905273438,365500,0.0,0.0
2017-10-31 00:00:00-04:00,26.4191752263529,27.220479251200047,26.4191752263529,26.871395111083984,628400,0.0,0.0
2017-11-01 00:00:00-04:00,26.895198897977888,26.895198897977888,26.141498062507946,26.157365798950195,432900,0.0,0.0
2017-11-02 00:00:00-04:00,26.093898636631835,26.331908664853014,25.38780090810893,25.53853988647461,1065400,0.0,0.0
2017-11-03 00:00:00-04:00,29.354644317981684,30.846178444250558,28.56127555263083,28.88655662536621,3937800,0.0,0.0
2017-11-06 00:00:00-05:00,28.981758511687524,30.116276028828313,28.64854510039602,28.934158325195312,879600,0.0,0.0
2017-11-07 00:00:00-05:00,28.973830891863773,29.211840942612078,28.15666194125853,28.442272186279297,705100,0.0,0.0
2017-11-08 00:00:00-05:00,28.426406659676402,30.068679897281402,28.164593492816113,29.58472442626953,1022100,0.0,0.0
2017-11-09 00:00:00-05:00,29.44192314051828,30.171821144668403,29.08490649654813,29.997282028198242,589400,0.0,0.0
2017-11-10 00:00:00-05:00,29.95760472044935,30.4415601753341,29.759262519362935,30.22735023498535,680400,0.0,0.0
2017-11-13 00:00:00-05:00,30.219416695687606,31.100056518273757,29.917935714428,30.901714324951172,579400,0.0,0.0
2017-11-14 00:00:00-05:00,31.22699375589191,32.13778011539261,30.66370268288096,31.48880386352539,1111000,0.0,0.0
2017-11-15 00:00:00-05:00,31.39359945348011,31.98069362754775,30.869976228592297,31.33013153076172,897400,0.0,0.0
2017-11-16 00:00:00-05:00,31.361868886317154,31.718885465165148,30.830313222836075,30.909648895263672,356700,0.0,0.0
2017-11-17 00:00:00-05:00,30.743048626356178,31.07626215231402,29.94967962954699,30.44950294494629,558700,0.0,0.0
2017-11-20 00:00:00-05:00,30.449498090927918,31.11592806306914,30.290823711568187,31.092124938964844,301500,0.0,0.0
2017-11-21 00:00:00-05:00,31.2190609723584,31.433270910867854,30.933450747474236,31.35393524169922,445100,0.0,0.0
2017-11-22 00:00:00-05:00,31.417401568190307,31.663346972398823,31.25079485556275,31.361865997314453,229600,0.0,0.0
2017-11-24 00:00:00-05:00,31.40944833357382,31.40944833357382,31.004831868085898,31.08416748046875,168500,0.0,0.0
2017-11-27 00:00:00-05:00,31.076260201596227,31.115931070116506,30.433633291455763,30.774782180786133,205200,0.0,0.0
2017-11-28 00:00:00-05:00,30.782705193564702,31.72681589082579,30.782705193564702,31.615741729736328,254800,0.0,0.0
2017-11-29 00:00:00-05:00,30.267024976120215,31.472943050018635,30.029011883137596,31.107994079589844,578500,0.0,0.0
2017-11-30 00:00:00-05:00,31.219063837160213,31.48880937413314,31.012789262516005,31.092124938964844,438500,0.0,0.0
2017-12-01 00:00:00-05:00,31.147750477902047,31.298762186054564,30.50397393473082,30.790098190307617,482500,0.07,0.0
2017-12-04 00:00:00-05:00,31.298772076169318,32.15634773034781,31.100074950551974,31.545154571533203,693900,0.0,0.0
2017-12-05 00:00:00-05:00,31.36234754137555,32.260459225171836,30.607298003029186,31.64847183227539,375800,0.0,0.0
2017-12-06 00:00:00-05:00,31.68821293580807,32.10945285316322,30.988801320651636,31.147756576538086,303300,0.0,0.0
2017-12-07 00:00:00-05:00,31.123908808779948,31.54514562542643,30.853680673301135,31.449771881103516,234000,0.0,0.0
2017-12-08 00:00:00-05:00,31.553104256197177,32.49095493468666,31.51336543732102,32.34789276123047,464200,0.0,0.0
2017-12-11 00:00:00-05:00,32.475044592478994,32.95986585353369,32.363774735556845,32.9439697265625,519900,0.0,0.0
2017-12-12 00:00:00-05:00,33.182420483327924,33.96926244677908,33.023462174038265,33.4447021484375,585900,0.0,0.0
2017-12-13 00:00:00-05:00,33.41290890917589,34.37460225620764,33.118834984379085,33.953365325927734,819700,0.0,0.0
2017-12-14 00:00:00-05:00,34.05667747807902,34.30306294281386,32.75322514980798,33.015506744384766,564800,0.0,0.0
2017-12-15 00:00:00-05:00,32.93603800697981,33.35727802044684,32.467112618617605,32.514801025390625,919700,0.0,0.0
2017-12-18 00:00:00-05:00,32.61813364371434,32.94081649530277,31.886926358492705,32.125362396240234,396900,0.0,0.0
2017-12-19 00:00:00-05:00,32.37173969485635,32.71349903942557,31.05557116456996,32.180992126464844,578500,0.0,0.0
2017-12-20 00:00:00-05:00,32.37968492462806,32.443266428249295,31.386199296541353,31.545154571533203,758800,0.0,0.0
2017-12-21 00:00:00-05:00,31.608740143809555,31.894864499183907,30.94111765856194,31.28287696838379,1071700,0.0,0.0
2017-12-22 00:00:00-05:00,29.87609148482001,30.80599231457767,29.804560418540444,30.48012924194336,655400,0.0,0.0
2017-12-26 00:00:00-05:00,30.384751140010227,31.298758741183704,30.122472622516664,31.084165573120117,375600,0.0,0.0
2017-12-27 00:00:00-05:00,31.155705215211043,31.680265426635742,31.07622455779695,31.680265426635742,320300,0.0,0.0
2017-12-28 00:00:00-05:00,31.743843464186718,32.02996773596798,31.362345445770618,31.513357162475586,214200,0.0,0.0
2017-12-29 00:00:00-05:00,31.48156774047454,31.712057094836926,30.209904532592997,30.980850219726562,289500,0.0,0.0
2018-01-02 00:00:00-05:00,31.1795531581966,31.799487231258,30.623200589919087,31.20339584350586,487000,0.0,0.0
2018-01-03 00:00:00-05:00,31.473621671126235,32.30815197612486,31.44183243708648,32.101505279541016,404100,0.0,0.0
2018-01-04 00:00:00-05:00,32.21277223326883,32.82475965277312,32.14124115743386,32.38762664794922,361200,0.0,0.0
2018-01-05 00:00:00-05:00,31.704113125806433,32.077664695082866,31.314668454408817,31.553104400634766,629100,0.0,0.0
2018-01-08 00:00:00-05:00,31.43388891564893,34.39050351472297,31.43388891564893,34.35871124267578,1391900,0.0,0.0
2018-01-09 00:00:00-05:00,34.57329639726554,35.56678192592259,34.30306821219573,35.320396423339844,1163600,0.0,0.0
2018-01-10 00:00:00-05:00,35.256805009445735,35.487294314915275,34.350746947256646,34.45406723022461,413600,0.0,0.0
2018-01-11 00:00:00-05:00,34.70045876137466,35.209122813262354,34.39049179424791,35.16938400268555,428600,0.0,0.0
2018-01-12 00:00:00-05:00,35.11376384065922,35.87676023963102,34.74100654596568,35.82907485961914,468200,0.0,0.0
2018-01-16 00:00:00-05:00,36.194670265003694,36.32183630811103,35.09786124827938,35.29655838012695,439300,0.0,0.0
2018-01-17 00:00:00-05:00,35.43961104281381,35.55883050266547,34.938893556064365,35.20912170410156,336200,0.0,0.0
2018-01-18 00:00:00-05:00,35.3124448667246,35.51114194428579,34.79583125231479,35.05016326904297,239400,0.0,0.0
2018-01-19 00:00:00-05:00,35.0263269060479,35.50319876543581,34.59714041347238,35.28860855102539,463800,0.0,0.0
2018-01-22 00:00:00-05:00,35.39193443762559,36.63975226357498,35.264768386314756,36.615909576416016,567200,0.0,0.0
2018-01-23 00:00:00-05:00,36.99739156590207,37.26761968585757,36.6397362553909,36.973548889160156,356400,0.0,0.0
2018-01-24 00:00:00-05:00,37.14841263982402,37.14841263982402,36.13187573719012,36.568214416503906,337600,0.0,0.0
2018-01-25 00:00:00-05:00,36.751021407721005,37.2835282450101,36.22646112136984,37.23583984375,403000,0.0,0.0
2018-01-26 00:00:00-05:00,37.219941317297625,38.102153872951305,36.82254712701366,37.95114517211914,359900,0.0,0.0
2018-01-29 00:00:00-05:00,37.85577733158826,38.372388040568616,37.5617034018679,38.022682189941406,247000,0.0,0.0
2018-01-30 00:00:00-05:00,37.70475820636254,38.34059131142292,37.70475820636254,38.15778732299805,1010500,0.0,0.0
2018-01-31 00:00:00-05:00,38.61876745503522,39.49303345914252,38.11804992736363,38.43596649169922,719900,0.0,0.0
2018-02-01 00:00:00-05:00,38.41213160557849,38.777733606442794,37.863725572404356,38.2611198425293,546800,0.0,0.0
2018-02-02 00:00:00-05:00,38.229324453712316,38.69824977547002,37.537859329045,38.07831573486328,627500,0.0,0.0
2018-02-05 00:00:00-05:00,38.0067804046824,39.063850414161976,37.55375126687033,37.93524932861328,668500,0.0,0.0
2018-02-06 00:00:00-05:00,37.458380449780684,38.976426266074725,36.99740169406591,38.29290771484375,512400,0.0,0.0
2018-02-07 00:00:00-05:00,38.30085538135509,38.73799146653864,37.990888362317605,38.253170013427734,408300,0.0,0.0
2018-02-08 00:00:00-05:00,38.346762493947125,38.8317334961004,37.29173911038956,37.41085433959961,597500,3.17,0.0
2018-02-09 00:00:00-05:00,37.57250933932545,39.28266968735046,37.24919426391677,38.41482925415039,934800,0.0,0.0
2018-02-12 00:00:00-05:00,38.763663774760516,39.28266531070618,38.28719967701396,38.92531967163086,617100,0.0,0.0
2018-02-13 00:00:00-05:00,38.61052441320863,39.308202189555786,38.21574014685899,38.5084228515625,457300,0.0,0.0
2018-02-14 00:00:00-05:00,38.31272260539551,39.21460001328273,38.31272260539551,39.06145095825195,390000,0.0,0.0
2018-02-15 00:00:00-05:00,39.265652864424226,39.920786556596774,39.061453031662104,39.51239013671875,371200,0.0,0.0
2018-02-16 00:00:00-05:00,39.41028981503119,40.19305201374962,39.231616999088075,39.92929458618164,442100,0.0,0.0
2018-02-20 00:00:00-05:00,38.98487144591574,39.35072711441493,37.351286061994806,37.461891174316406,778400,0.0,0.0
2018-02-21 00:00:00-05:00,37.478913275767205,39.478357850249225,37.478913275767205,38.908302307128906,889800,0.0,0.0
2018-02-22 00:00:00-05:00,38.908306460603356,39.94631612280739,38.908306460603356,39.801673889160156,1054100,0.0,0.0
2018-02-23 00:00:00-05:00,37.41085429817452,38.627536844866995,35.53052466060198,37.75969314575195,3781100,0.0,0.0
2018-02-26 00:00:00-05:00,37.72566129687861,38.389305177313176,36.43240414208931,38.21063232421875,1047200,0.0,0.0
2018-02-27 00:00:00-05:00,38.091496983730245,39.00188094020218,37.66693415762312,38.85723876953125,604800,0.0,0.0
2018-02-28 00:00:00-05:00,38.85725928410966,39.43582178095373,38.397815268324926,38.55096435546875,642800,0.0,0.0
2018-03-01 00:00:00-05:00,38.4913999334111,38.610515147766996,37.249190529987544,37.54698181152344,612800,0.0,0.0
2018-03-02 00:00:00-05:00,37.21516457080501,38.346762493947125,37.21516457080501,37.41085433959961,1236600,0.0,0.0
2018-03-05 00:00:00-05:00,37.33426762469225,38.04045192998773,36.99819076865178,37.717140197753906,451500,0.0,0.0
2018-03-06 00:00:00-05:00,37.725653403247065,38.755152860215325,37.47891289832692,38.533939361572266,617900,0.0,0.0
2018-03-07 00:00:00-05:00,38.193597270846034,38.74663573915529,37.58100121310597,38.601993560791016,349500,0.0,0.0
2018-03-08 00:00:00-05:00,38.65313380077623,39.26667663909376,38.59348416379107,39.12181091308594,245000,0.07,0.0
2018-03-09 00:00:00-05:00,39.30076389541061,41.064696487647,38.96842924044749,41.00504684448242,694200,0.0,0.0
2018-03-12 00:00:00-04:00,41.20956102149641,41.482246025307106,40.58749815338691,41.01356887817383,404200,0.0,0.0
2018-03-13 00:00:00-04:00,41.209562654260445,41.482247668875196,40.5874997615042,41.09026336669922,463800,0.0,0.0
2018-03-14 00:00:00-04:00,41.328853738489336,41.75492439558717,40.8090470167242,41.62710189819336,363500,0.0,0.0
2018-03-15 00:00:00-04:00,41.627112659963856,41.823108073480945,41.11582903952983,41.18400192260742,358600,0.0,0.0
2018-03-16 00:00:00-04:00,41.448153249591265,41.584495730649344,40.455407832473355,41.4566764831543,1038800,0.0,0.0
2018-03-19 00:00:00-04:00,41.37147529713945,41.78902612422106,40.86189496880439,41.3288688659668,410300,0.0,0.0
2018-03-20 00:00:00-04:00,41.29477026665237,41.754927389470566,40.61305781654839,41.226600646972656,555300,0.0,0.0
2018-03-21 00:00:00-04:00,41.303302348857315,41.66120024283354,40.85166511275037,41.21808624267578,389500,0.0,0.0
2018-03-22 00:00:00-04:00,41.16694960510144,41.43963457583215,40.246635390889345,40.82609176635742,330900,0.0,0.0
2018-03-23 00:00:00-04:00,40.82609797420103,41.243648727620396,40.084735800464856,40.127342224121094,430800,0.0,0.0
2018-03-26 00:00:00-04:00,40.60453908084655,41.23512189757225,40.297767656207455,41.175472259521484,338900,0.0,0.0
2018-03-27 00:00:00-04:00,41.20955069861411,41.328849951564436,40.19550054721464,40.42557907104492,581500,0.0,0.0
2018-03-28 00:00:00-04:00,40.25516799504708,40.84314449055138,39.829097222769825,40.280731201171875,567400,0.0,0.0
2018-03-29 00:00:00-04:00,40.34037532888866,40.99652461848482,40.16142640917923,40.246639251708984,436000,0.0,0.0
2018-04-02 00:00:00-04:00,40.169956339091726,40.9709715601106,38.9684367582258,39.0366096496582,543400,0.0,0.0
2018-04-03 00:00:00-04:00,39.19851134874485,40.02508969348459,38.79800377953495,39.95691680908203,292400,0.0,0.0
2018-04-04 00:00:00-04:00,39.45414532110594,41.1243416490169,39.12181070236116,40.86017990112305,329000,0.0,0.0
2018-04-05 00:00:00-04:00,41.14992258707344,41.73789917717394,41.022951708147055,41.59303665161133,243100,0.0,0.0
2018-04-06 00:00:00-04:00,41.25216592720182,41.63563021554427,40.32333165128859,40.698272705078125,300700,0.0,0.0
2018-04-09 00:00:00-04:00,40.95392114245092,41.37999188706404,40.74940575474543,40.766448974609375,199000,0.0,0.0
2018-04-10 00:00:00-04:00,41.06469613374141,41.20530025598689,40.72384149726167,41.03061294555664,291000,0.0,0.0
2018-04-11 00:00:00-04:00,40.902790218105125,41.490766657252166,40.67271163304888,41.15843200683594,417300,0.0,0.0
2018-04-12 00:00:00-04:00,41.4822411141657,41.840138920297086,41.08173364007092,41.12434005737305,175800,0.0,0.0
2018-04-13 00:00:00-04:00,41.23512019515468,41.47371873750707,40.70679345823381,41.14138412475586,251800,0.0,0.0
2018-04-16 00:00:00-04:00,41.59302988231246,44.077020009549464,41.59302988231246,43.535911560058594,1408200,0.0,0.0
2018-04-17 00:00:00-04:00,44.18353333244895,44.311355851516076,42.89680116012877,43.64668655395508,817600,0.0,0.0
2018-04-18 00:00:00-04:00,43.84267685894801,44.136663439402746,43.442169349967735,43.697811126708984,468600,0.0,0.0
2018-04-19 00:00:00-04:00,43.527385484104656,44.166491551897145,43.152441177243,43.31435012817383,429700,0.0,0.0
2018-04-20 00:00:00-04:00,43.527384130051274,44.07275410416294,42.96582261121791,43.254695892333984,519400,0.0,0.0
2018-04-23 00:00:00-04:00,43.4762502536636,43.6211127168039,42.70932177038805,42.743408203125,503200,0.0,0.0
2018-04-24 00:00:00-04:00,42.768978236020445,43.40808432398008,42.01057286508088,42.18952178955078,464500,0.0,0.0
2018-04-25 00:00:00-04:00,42.385505448899494,42.99052493116979,42.385505448899494,42.555931091308594,423400,0.0,0.0
2018-04-26 00:00:00-04:00,42.63264152405535,43.23766450666388,42.06170823492165,42.095794677734375,515900,0.0,0.0
2018-04-27 00:00:00-04:00,41.94240330768141,42.670983859062524,41.6015454266165,42.146915435791016,487500,0.0,0.0
2018-04-30 00:00:00-04:00,42.4195962445609,42.760454091910795,41.6185845291484,41.63562774658203,356900,0.0,0.0
2018-05-01 00:00:00-04:00,41.712328944944794,42.189526125912224,39.63906647607907,41.737892150878906,685600,0.0,0.0
2018-05-02 00:00:00-04:00,41.50781387161822,42.198049693220526,40.936880596857144,41.07322311401367,623700,0.0,0.0
2018-05-03 00:00:00-04:00,40.89428057909824,42.31735562179142,40.24665108310536,41.976497650146484,1025600,0.0,0.0
2018-05-04 00:00:00-04:00,44.76298636721422,47.59635715116892,43.518860712672,45.487308502197266,2046400,0.0,0.0
2018-05-07 00:00:00-04:00,45.86225925074975,46.621516404951386,45.58787086017665,45.990081787109375,903700,0.0,0.0
2018-05-08 00:00:00-04:00,45.77703218503141,46.74847275772337,45.75146573529769,46.30535888671875,587400,0.0,0.0
2018-05-09 00:00:00-04:00,46.20310314374158,46.40761523899006,45.06123365151059,45.35948181152344,482400,0.0,0.0
2018-05-10 00:00:00-04:00,45.3168823497897,46.224411819370424,45.09532375350095,45.40635681152344,495500,0.0,0.0
2018-05-11 00:00:00-04:00,45.350957890610246,45.38504106975128,44.140915637929766,44.43916702270508,313200,0.0,0.0
2018-05-14 00:00:00-04:00,44.64369622513418,44.70334587483816,43.3740071092498,43.48478317260742,680900,0.0,0.0
2018-05-15 00:00:00-04:00,43.450699096937335,44.43918316564216,43.297313357770896,43.96198272705078,481000,0.0,0.0
2018-05-16 00:00:00-04:00,43.88528682484344,44.18694499093689,43.29731036577797,44.021629333496094,419300,0.0,0.0
2018-05-17 00:00:00-04:00,43.83416165619157,44.40509820450066,43.459220531647105,44.1238899230957,284100,0.0,0.0
2018-05-18 00:00:00-04:00,44.26023293572997,44.60961085698278,44.098327204156,44.166500091552734,454200,0.0,0.0
2018-05-21 00:00:00-04:00,44.3795280456543,44.992216002665195,44.31987515385562,44.3795280456543,401400,0.0,0.0
2018-05-22 00:00:00-04:00,44.3624842803949,44.66073248240754,43.07574889305674,43.5018196105957,432700,0.0,0.0
2018-05-23 00:00:00-04:00,43.29731050254729,44.30283772603509,43.20527776485167,44.27727127075195,330100,0.0,0.0
2018-05-24 00:00:00-04:00,44.31136194287817,44.79708238104521,44.03015366253823,44.362491607666016,454800,0.0,0.0
2018-05-25 00:00:00-04:00,44.20057899289283,44.4732640146788,43.09279568555457,43.288787841796875,589500,0.0,0.0
2018-05-29 00:00:00-04:00,43.16949076523692,43.45921902207725,42.63264067889648,42.87124252319336,516800,0.0,0.0
2018-05-30 00:00:00-04:00,43.06723653682731,44.24659952966156,43.04167007879689,43.45922088623047,573700,0.0,0.0
2018-05-31 00:00:00-04:00,43.28026254331015,43.868238939848446,42.342905051675494,43.12687683105469,556000,0.0,0.0
2018-06-01 00:00:00-04:00,43.348739468965654,43.51940445117951,42.674614579561016,42.82821273803711,390800,0.07,0.0
2018-06-04 00:00:00-04:00,42.82822063901034,43.545011092411386,41.479973866639554,43.45114517211914,738200,0.0,0.0
2018-06-05 00:00:00-04:00,43.56207763896726,44.04847080902032,43.220750868931695,43.85220718383789,577600,0.0,0.0
2018-06-06 00:00:00-04:00,44.03993128348403,45.56737783231019,44.03993128348403,44.270328521728516,722400,0.0,0.0
2018-06-07 00:00:00-04:00,46.326829729024844,46.495785736569026,44.739651056736506,45.277244567871094,1094900,0.0,0.0
2018-06-08 00:00:00-04:00,45.15777165548631,46.73641836393633,44.80790997504723,46.429222106933594,746000,0.0,0.0
2018-06-11 00:00:00-04:00,46.46336886398395,46.622940261915396,44.77379222867815,44.84205627441406,714700,0.0,0.0
2018-06-12 00:00:00-04:00,44.67992489605126,45.03831844888185,44.06553222815429,44.36419677734375,641600,0.0,0.0
2018-06-13 00:00:00-04:00,44.46659368560996,45.20898264277588,44.19353100584401,44.765254974365234,380000,0.0,0.0
2018-06-14 00:00:00-04:00,45.01272461102709,45.25165367157522,44.51779640827531,45.140724182128906,365300,0.0,0.0
2018-06-15 00:00:00-04:00,44.91884458249871,44.97857682887198,44.29592025948937,44.50925064086914,535600,0.0,0.0
2018-06-18 00:00:00-04:00,44.80792656352605,46.395105642192476,44.27886795569203,45.883113861083984,749900,0.0,0.0
2018-06-19 00:00:00-04:00,44.40685878901785,44.47512282732085,42.05168924703569,42.9903450012207,1996200,0.0,0.0
2018-06-20 00:00:00-04:00,43.32314489048154,45.37965014228536,42.597819462400174,42.77701950073242,1247700,0.0,0.0
2018-06-21 00:00:00-04:00,43.07567976759128,44.01433560686307,42.614885260412265,43.579139709472656,605600,0.0,0.0
2018-06-22 00:00:00-04:00,43.6986033757496,45.191916347331926,43.35983520849247,44.83352279663086,790800,0.0,0.0
2018-06-25 00:00:00-04:00,44.432459106360206,45.02978492652571,44.29592776933642,44.92738723754883,501900,0.0,0.0
2018-06-26 00:00:00-04:00,45.2175197684207,46.42923505888271,44.90264123853984,45.32844924926758,651200,0.0,0.0
2018-06-27 00:00:00-04:00,45.319909797375416,46.06229866319565,43.74126291560821,43.76686477661133,469600,0.0,0.0
2018-06-28 00:00:00-04:00,43.672995531827794,44.90177734533122,43.35726748175683,44.87617874145508,398100,0.0,0.0
2018-06-29 00:00:00-04:00,44.92739476299237,45.05539108186219,44.16793561497481,44.47513198852539,554900,0.0,0.0
2018-07-02 00:00:00-04:00,44.142335152561905,44.51779556274414,43.6474102143746,44.51779556274414,285500,0.0,0.0
2018-07-03 00:00:00-04:00,44.7396563653759,45.15778216963329,44.48366050999081,44.765254974365234,167300,0.0,0.0
2018-07-05 00:00:00-04:00,44.935921320872,45.63564486581179,44.935921320872,45.592979431152344,328600,0.0,0.0
2018-07-06 00:00:00-04:00,45.83190004180233,46.41642648016243,45.234574300914325,45.354042053222656,409300,0.0,0.0
2018-07-09 00:00:00-04:00,45.47352380039166,46.1476488673345,45.23459146030131,45.396724700927734,340600,0.0,0.0
2018-07-10 00:00:00-04:00,45.550307258414165,46.011098441802794,44.466588451521595,44.85911560058594,421600,0.0,0.0
2018-07-11 00:00:00-04:00,44.70552890339571,45.65271662904901,44.33006848054868,44.790863037109375,345600,0.0,0.0
2018-07-12 00:00:00-04:00,45.413783882783214,45.64418114238271,44.67139162790791,44.96152114868164,425400,0.0,0.0
2018-07-13 00:00:00-04:00,44.824980669573726,45.132176953126724,43.946060501201984,44.551918029785156,369300,0.0,0.0
2018-07-16 00:00:00-04:00,44.54339029111132,45.106582443710366,43.4084709466154,43.51087188720703,659700,0.0,0.0
2018-07-17 00:00:00-04:00,43.50233596320155,44.022862674216654,43.17466142339796,43.89486312866211,318000,0.0,0.0
2018-07-18 00:00:00-04:00,43.86073402102796,44.78231970842996,43.10981005914073,44.70552062988281,247200,0.0,0.0
2018-07-19 00:00:00-04:00,44.43244595004146,45.20043652787787,44.38978053019786,45.03830337524414,320100,0.0,0.0
2018-07-20 00:00:00-04:00,44.970058622282785,45.48205039009848,44.45806359930282,44.483665466308594,326900,0.0,0.0
2018-07-23 00:00:00-04:00,44.62872415682743,45.247384341009905,44.394062642962865,44.83352279663086,404100,0.0,0.0
2018-07-24 00:00:00-04:00,44.867657741269234,45.20898447724491,42.17115797262636,43.12688064575195,860600,0.0,0.0
2018-07-25 00:00:00-04:00,43.203677999926676,43.988732390863014,42.68400410206364,43.18661117553711,664200,0.0,0.0
2018-07-26 00:00:00-04:00,42.94768573083719,43.826606101730036,42.70875342459477,43.74127197265625,369600,0.0,0.0
2018-07-27 00:00:00-04:00,43.8436632058768,44.4751193451861,43.39993559857552,43.61326599121094,471000,0.0,0.0
2018-07-30 00:00:00-04:00,43.63034444372114,43.9375408118312,42.03463033772325,42.10289764404297,684500,0.0,0.0
2018-07-31 00:00:00-04:00,42.06024151531261,42.67463113236505,40.814392195684974,42.1114387512207,826300,0.0,0.0
2018-08-01 00:00:00-04:00,41.96635595789151,42.094355498155814,40.88263715052122,41.889556884765625,766500,0.0,0.0
2018-08-02 00:00:00-04:00,41.51410431557026,43.07568142072074,41.31783744911203,42.93061828613281,1232800,0.0,0.0
2018-08-03 00:00:00-04:00,48.07614315184868,53.06807363318049,46.9326919806588,50.53371047973633,3325800,0.0,0.0
2018-08-06 00:00:00-04:00,50.22650885396521,52.632875455588355,49.79131302410965,50.12411117553711,1200200,0.0,0.0
2018-08-07 00:00:00-04:00,50.473978091694974,51.12676864853683,49.99611678454956,50.51664352416992,512400,0.0,0.0
2018-08-08 00:00:00-04:00,50.14118664624735,51.43823614985804,50.14118664624735,51.3529052734375,369500,0.0,0.0
2018-08-09 00:00:00-04:00,51.625963768726415,52.74381638747854,51.57476329395624,52.2403564453125,576700,0.0,0.0
2018-08-10 00:00:00-04:00,52.22329353273416,52.41102211062728,50.75557903100764,51.23344039916992,653000,0.0,0.0
2018-08-13 00:00:00-04:00,51.43824230198857,51.64304098712224,50.56785358670866,51.44677734375,425100,0.0,0.0
2018-08-14 00:00:00-04:00,51.71129137120434,52.88034439086914,51.71129137120434,52.88034439086914,554400,0.0,0.0
2018-08-15 00:00:00-04:00,52.59021364350711,53.46060210790093,52.009954667244564,52.57314682006836,378600,0.0,0.0
2018-08-16 00:00:00-04:00,52.82914178916261,54.76618227277156,52.72674410538434,54.38218688964844,719500,0.0,0.0
2018-08-17 00:00:00-04:00,54.23712967338728,55.3891159480254,53.46060703870412,53.9384651184082,658300,0.0,0.0
2018-08-20 00:00:00-04:00,54.109135274869104,54.578461614418025,53.6227421086793,54.262733459472656,336300,0.0,0.0
2018-08-21 00:00:00-04:00,54.46751629413796,55.05630373872541,54.10058776591017,54.12618637084961,273200,0.0,0.0
2018-08-22 00:00:00-04:00,54.45898549398518,54.612583645902376,53.776328849444134,54.177391052246094,369300,0.0,0.0
2018-08-23 00:00:00-04:00,54.33098764258645,55.55123785687489,53.57153189841331,55.32937240600586,375700,0.0,0.0
2018-08-24 00:00:00-04:00,55.34644491772589,56.80562421540574,55.02218502168407,56.29363250732422,373200,0.0,0.0
2018-08-27 00:00:00-04:00,57.38588198209817,57.70161334192581,56.33629346940559,56.99335479736328,460500,0.0,0.0
2018-08-28 00:00:00-04:00,57.189624099890224,57.29543647170148,56.02911244284483,56.9506950378418,423800,0.0,0.0
2018-08-29 00:00:00-04:00,56.925097479823975,57.35175838719216,56.57523892115303,56.652034759521484,244200,0.0,0.0
2018-08-30 00:00:00-04:00,56.65200872556006,57.19813391519773,56.19974941323441,56.805606842041016,304100,0.0,0.0
2018-08-31 00:00:00-04:00,56.73727498315684,57.43794587325032,56.32199910256765,57.20723342895508,417700,0.09,0.0
2018-09-04 00:00:00-04:00,55.68626563064036,57.326859938607974,55.52391943043485,56.01097106933594,584300,0.0,0.0
2018-09-05 00:00:00-04:00,55.84860380114112,57.31830493050913,54.51134553183697,56.97651290893555,566100,0.0,0.0
2018-09-06 00:00:00-04:00,56.97652875456464,59.155447793823086,56.55783683424422,58.847835540771484,703700,0.0,0.0
2018-09-07 00:00:00-04:00,58.75380927414771,60.4456691887093,58.728176020766284,59.56555938720703,516200,0.0,0.0
2018-09-10 00:00:00-04:00,59.992805204403375,60.12952459847956,57.557548039892076,57.66008758544922,460100,0.0,0.0
2018-09-11 00:00:00-04:00,56.190413044984126,58.05317328839552,55.216309722379705,56.557838439941406,898800,0.0,0.0
2018-09-12 00:00:00-04:00,56.267310262938345,56.7970883603443,55.583732560856305,56.01097106933594,417800,0.0,0.0
2018-09-13 00:00:00-04:00,56.37837235325098,56.66889128567121,55.7802347855172,56.34419250488281,214200,0.0,0.0
2018-09-14 00:00:00-04:00,56.52363227820368,56.89532753862253,55.48116971150207,56.70307159423828,358200,0.0,0.0
2018-09-17 00:00:00-04:00,57.71991813166162,57.71991813166162,55.5495459884324,56.267303466796875,537300,0.0,0.0
2018-09-18 00:00:00-04:00,55.985316141328134,57.557556817269294,55.64353064229531,57.42083740234375,270200,0.0,0.0
2018-09-19 00:00:00-04:00,57.74555021334475,57.77973007149182,56.122042806636536,56.38692855834961,353400,0.0,0.0
2018-09-20 00:00:00-04:00,56.72872260467215,57.76263890300035,56.70308933995071,57.07051467895508,267200,0.0,0.0
2018-09-21 00:00:00-04:00,57.138877421675836,57.59174917343346,56.69454574584961,56.69454574584961,351500,0.0,0.0
2018-09-24 00:00:00-04:00,56.60910195395189,57.25850630738724,56.11350372319485,57.24141311645508,276000,0.0,0.0
2018-09-25 00:00:00-04:00,57.42083495796522,59.73647268592223,57.24139562286948,59.25796127319336,539400,0.0,0.0
2018-09-26 00:00:00-04:00,59.04435429611256,59.548499072520094,58.03607126243908,58.352230072021484,304600,0.0,0.0
2018-09-27 00:00:00-04:00,58.352217900066506,58.47184412324883,57.027776333081924,57.94206619262695,283500,0.0,0.0
2018-09-28 00:00:00-04:00,57.907901740673026,59.069990948472196,57.848088613174916,58.335140228271484,473400,0.0,0.0
2018-10-01 00:00:00-04:00,58.702558135765926,59.257969402959866,56.592005751054764,57.31830978393555,403400,0.0,0.0
2018-10-02 00:00:00-04:00,57.147416848833934,57.69428158276407,55.23339028007847,55.5495491027832,529300,0.0,0.0
2018-10-03 00:00:00-04:00,58.18988105188563,58.531673147818076,56.86544564396765,57.53193664550781,603400,0.0,0.0
2018-10-04 00:00:00-04:00,57.42084135071365,57.83953969835826,56.48946471926704,57.50629425048828,434300,0.0,0.0
2018-10-05 00:00:00-04:00,57.822453338217066,59.33488118249305,57.52338771111614,58.83928298950195,528700,0.0,0.0
2018-10-08 00:00:00-04:00,58.63420239116457,60.66785489862204,58.471849707423466,60.22352981567383,862700,0.0,0.0
2018-10-09 00:00:00-04:00,60.45424975652967,61.74194987176408,59.31779374421558,59.52287292480469,541500,0.0,0.0
2018-10-10 00:00:00-04:00,59.35197123876851,59.80484300266179,57.77973669852453,58.08734893798828,660100,0.0,0.0
2018-10-11 00:00:00-04:00,57.625929286698025,59.18107712060972,57.30977045902086,57.60029602050781,471300,0.0,0.0
2018-10-12 00:00:00-04:00,59.010176273072766,60.28335162650161,57.60029451629415,59.377601623535156,797500,0.0,0.0
2018-10-15 00:00:00-04:00,59.34341099066787,62.77841136802826,58.745279839953675,61.7786750793457,1068200,0.0,0.0
2018-10-16 00:00:00-04:00,62.684425895229325,63.57308265338024,61.86498286118278,63.436363220214844,865200,0.0,0.0
2018-10-17 00:00:00-04:00,63.44493575738402,64.57968404774957,62.465701648392404,63.180049896240234,620100,0.0,0.0
2018-10-18 00:00:00-04:00,61.52235543013812,62.06067369326022,60.53115879679708,60.97549057006836,859400,0.0,0.0
2018-10-19 00:00:00-04:00,61.75304459397688,61.821404312673415,60.146630319457714,60.48842239379883,668800,0.0,0.0
2018-10-22 00:00:00-04:00,58.454769151676814,60.770400819620214,57.44648612659984,59.950103759765625,676500,0.0,0.0
2018-10-23 00:00:00-04:00,59.240878284905016,59.84328599529164,58.33512844119372,59.50576400756836,939800,0.0,0.0
2018-10-24 00:00:00-04:00,58.873466345003216,58.873466345003216,56.198949174510204,56.378395080566406,891100,0.0,0.0
2018-10-25 00:00:00-04:00,56.89106646574766,57.52337746746631,56.21602901670535,56.54927444458008,711400,0.0,0.0
2018-10-26 00:00:00-04:00,55.67771319358382,57.76263221908749,55.43845420587214,57.41230010986328,840100,0.0,0.0
2018-10-29 00:00:00-04:00,58.53167972518699,58.73675239813425,54.5327267474304,55.583736419677734,1143600,0.0,0.0
2018-10-30 00:00:00-04:00,56.395475985762275,58.52312166350188,53.42189673402512,53.54152297973633,1472700,0.0,0.0
2018-10-31 00:00:00-04:00,54.07129406861176,55.301742819730734,53.47316288078504,53.50733947753906,712700,0.0,0.0
2018-11-01 00:00:00-04:00,53.866211440049746,55.29318595093918,53.03736800583858,54.4387092590332,564000,0.0,0.0
2018-11-02 00:00:00-04:00,54.968501107423165,55.113760617324495,52.46488350388603,53.327903747558594,936900,0.0,0.0
2018-11-05 00:00:00-05:00,53.52443455063424,54.23365196947308,52.857943586093306,53.56715774536133,576100,0.0,0.0
2018-11-06 00:00:00-05:00,53.60989056572716,55.438467638010664,53.40481464328561,55.165035247802734,498700,0.0,0.0
2018-11-07 00:00:00-05:00,55.4470206636011,57.51485376179023,54.98560222927785,57.43795394897461,620900,0.0,0.0
2018-11-08 00:00:00-05:00,57.24996011344558,58.40350278205222,56.406591715268135,57.89936447143555,561600,0.0,0.0
2018-11-09 00:00:00-05:00,57.830992123914676,58.30949706266199,57.33539399784589,57.591739654541016,522600,0.0,0.0
2018-11-12 00:00:00-05:00,57.34395835402998,59.48869768735558,56.96798634618917,57.104705810546875,520500,0.0,0.0
2018-11-13 00:00:00-05:00,57.12176499242439,57.805348946931474,55.59225094654809,56.01948928833008,385400,0.0,0.0
2018-11-14 00:00:00-05:00,56.267297201516115,57.51483257438707,55.72043255913818,56.54072952270508,456300,0.0,0.0
2018-11-15 00:00:00-05:00,56.52367038071937,57.12180183736752,54.62587586871613,56.4894905090332,456600,0.0,0.0
2018-11-16 00:00:00-05:00,56.41255691914812,56.57063956423143,54.71214986875377,55.95114517211914,571700,0.0,0.0
2018-11-19 00:00:00-05:00,56.13912294813086,56.908153369161546,55.190653182049786,55.840057373046875,464600,0.0,0.0
2018-11-20 00:00:00-05:00,55.19920551623884,56.053682401998394,54.114022739746375,54.583984375,616300,0.0,0.0
2018-11-21 00:00:00-05:00,54.900144802970395,55.3188366889485,54.27637701192173,55.122310638427734,437900,0.0,0.0
2018-11-23 00:00:00-05:00,54.89809093575084,56.63804244754421,54.28821151820077,56.413822174072266,196600,3.05,0.0
2018-11-26 00:00:00-05:00,56.74565372803893,58.02819023971755,56.69183964352266,57.185123443603516,314400,0.0,0.0
2018-11-27 00:00:00-05:00,56.817407900272116,57.21203771546788,55.47208644955064,55.992279052734375,234400,0.0,0.0
2018-11-28 00:00:00-05:00,56.32411970382036,57.49903491174713,55.427238805920894,57.418312072753906,500200,0.0,0.0
2018-11-29 00:00:00-05:00,57.10441587580185,58.467678929105034,56.61113197337199,57.8577995300293,365200,0.0,0.0
2018-11-30 00:00:00-05:00,57.6066572999201,59.23000937250483,57.14924617196499,58.85332107543945,794100,0.0,0.0
2018-12-03 00:00:00-05:00,59.499969352767316,59.64367068094601,55.144123910183566,55.75484085083008,675100,0.09,0.0
2018-12-04 00:00:00-05:00,55.97039309704044,56.634998120132195,55.28782883167449,56.338619232177734,401100,0.0,0.0
2018-12-06 00:00:00-05:00,55.68299230890421,57.25468967246199,54.69506962222209,57.19182205200195,525000,0.0,0.0
2018-12-07 00:00:00-05:00,56.57213122504333,57.919297104878815,55.12616895525116,55.17107391357422,639600,0.0,0.0
2018-12-10 00:00:00-05:00,55.233939732056704,57.802543005972204,55.233939732056704,57.694766998291016,527600,0.0,0.0
2018-12-11 00:00:00-05:00,58.350387182009854,58.75453518366154,56.823594803012334,56.868499755859375,317700,0.0,0.0
2018-12-12 00:00:00-05:00,57.389422894239146,58.727609364872514,56.83259035950476,57.982173919677734,384300,0.0,0.0
2018-12-13 00:00:00-05:00,58.188734128306294,58.73658353149013,57.21877057656533,58.134849548339844,247000,0.0,0.0
2018-12-14 00:00:00-05:00,57.94623224878236,58.65574215128818,56.48680244010061,56.76970672607422,469100,0.0,0.0
2018-12-17 00:00:00-05:00,56.554168481422124,56.97627920033295,54.33582859771514,54.47952651977539,684800,0.0,0.0
2018-12-18 00:00:00-05:00,55.22496296944569,55.66503636582122,54.50646991849754,54.80284881591797,358300,0.0,0.0
2018-12-19 00:00:00-05:00,55.09921824546104,56.91340649071749,54.33582374507384,55.53031539916992,364400,0.0,0.0
2018-12-20 00:00:00-05:00,55.5572541921894,55.7278943780298,53.796954058369415,54.56034851074219,526600,0.0,0.0
2018-12-21 00:00:00-05:00,54.78488646613144,55.76832118017236,53.81492289731922,53.82390594482422,661000,0.0,0.0
2018-12-24 00:00:00-05:00,53.79695822496208,54.29989920156178,51.14752477312994,51.515750885009766,655400,0.0,0.0
2018-12-26 00:00:00-05:00,51.70435132305558,54.64118045960265,51.41695551391596,54.605255126953125,446800,0.0,0.0
2018-12-27 00:00:00-05:00,54.15619535837599,54.44359114953332,52.54857279619541,54.416648864746094,305600,0.0,0.0
2018-12-28 00:00:00-05:00,55.503379039819684,58.94314982053134,55.24292546481775,58.054019927978516,776300,0.0,0.0
2018-12-31 00:00:00-05:00,58.188726668837376,59.23053390962726,56.94035047789462,57.64986038208008,433400,0.0,0.0
2019-01-02 00:00:00-05:00,56.87748050793788,56.89543974752969,54.865706496867695,55.332725524902344,569200,0.0,0.0
2019-01-03 00:00:00-05:00,54.68608392302244,55.30578390325019,54.00351975141257,54.56932830810547,417000,0.0,0.0
2019-01-04 00:00:00-05:00,55.26986169255258,57.15589717341913,54.00352280087856,56.32065200805664,541200,0.0,0.0
2019-01-07 00:00:00-05:00,56.05121210393369,61.02675373689335,56.05121210393369,60.55973815917969,865000,0.0,0.0
2019-01-08 00:00:00-05:00,61.170458339544254,63.22713730512179,60.51483303440739,63.11037826538086,653100,0.0,0.0
2019-01-09 00:00:00-05:00,62.894851991709416,64.2959060723242,61.69138386647536,63.89175796508789,634300,0.0,0.0
2019-01-10 00:00:00-05:00,63.4786117685353,63.541479389255116,61.76321306423389,62.01469039916992,443700,0.0,0.0
2019-01-11 00:00:00-05:00,61.8260673154536,64.86169225049308,61.79014884171521,62.8588981628418,691900,0.0,0.0
2019-01-14 00:00:00-05:00,62.77807246005965,64.10727527831177,60.173544535142405,60.335205078125,974300,0.0,0.0
2019-01-15 00:00:00-05:00,60.0028990083372,60.56421936832256,58.70063851399324,60.182525634765625,700100,0.0,0.0
2019-01-16 00:00:00-05:00,60.49688014291542,61.1435224700673,59.33831378211114,60.505863189697266,734800,0.0,0.0
2019-01-17 00:00:00-05:00,60.31726929926792,61.26028379004014,59.275454983300826,60.74835968017578,462500,0.0,0.0
2019-01-18 00:00:00-05:00,61.27824892439337,61.969792873437825,60.29031920853278,61.026771545410156,858100,0.0,0.0
2019-01-22 00:00:00-05:00,60.93693326673938,61.96976403778,60.38908407998014,61.655426025390625,1040900,0.0,0.0
2019-01-23 00:00:00-05:00,61.80812699553617,62.68828061672194,61.628507163648806,62.275142669677734,708100,0.0,0.0
2019-01-24 00:00:00-05:00,62.266165955067976,62.661330952334986,60.82918675578495,60.874088287353516,541100,0.0,0.0
2019-01-25 00:00:00-05:00,61.296186994145366,61.53867438932764,59.78735750174572,60.56871795654297,909700,0.0,0.0
2019-01-28 00:00:00-05:00,60.08376174737748,61.305195989304096,59.72451517291815,60.24542236328125,649300,0.0,0.0
2019-01-29 00:00:00-05:00,60.46094180085409,60.824676318612376,59.3472840614837,59.787357330322266,440300,0.0,0.0
2019-01-30 00:00:00-05:00,60.11965885836871,60.739351884948725,58.844333775316564,59.32033920288086,753100,0.0,0.0
2019-01-31 00:00:00-05:00,59.356277990802866,59.69756527650286,58.60186644736468,58.96111297607422,444900,0.0,0.0
2019-02-01 00:00:00-05:00,59.09583412876384,59.787378076908716,58.46715096021055,58.83538055419922,638800,0.0,0.0
2019-02-04 00:00:00-05:00,58.4312234613638,61.16148751736768,57.479225973830694,61.06269454956055,929900,0.0,0.0
2019-02-05 00:00:00-05:00,61.20637800625144,61.61681614200299,60.67110226790795,60.802223205566406,672600,0.0,0.0
2019-02-06 00:00:00-05:00,60.9369484352411,61.35906252211777,60.218462349798166,61.0716667175293,289600,0.0,0.0
2019-02-07 00:00:00-05:00,60.6675153269598,61.188415482831076,60.380119538457826,60.883060455322266,320100,0.0,0.0
2019-02-08 00:00:00-05:00,60.74836207061857,62.12247384842789,60.245420989082696,60.81122970581055,367100,0.0,0.0
2019-02-11 00:00:00-05:00,61.107587659100915,62.69724409012856,61.107587659100915,62.32902145385742,452900,0.0,0.0
2019-02-12 00:00:00-05:00,62.75114972970879,63.85582474089564,62.51763846107727,63.496578216552734,593100,0.0,0.0
2019-02-13 00:00:00-05:00,63.53249279747358,63.81988859787727,60.407064324590486,61.35007858276367,761700,0.0,0.0
2019-02-14 00:00:00-05:00,61.071680626839886,62.373941664088996,60.73937636845295,61.637489318847656,388600,0.0,0.0
2019-02-15 00:00:00-05:00,61.8620223669829,62.5805155239936,61.089644621416895,61.35908126831055,343300,0.0,0.0
2019-02-19 00:00:00-05:00,61.01779870833183,61.91591169796494,60.56155440432548,60.81122970581055,456500,0.0,0.0
2019-02-20 00:00:00-05:00,60.80221599432807,61.2593576874359,59.913086501562255,60.128631591796875,369000,0.0,0.0
2019-02-21 00:00:00-05:00,60.02089795524656,60.83817728373337,59.59878371712372,60.34421920776367,492300,0.0,0.0
2019-02-22 00:00:00-05:00,60.46096914683488,61.56565119304979,60.29032547779502,61.386024475097656,308600,0.0,0.0
2019-02-25 00:00:00-05:00,61.51174318719006,62.158385493566634,59.57182312011719,59.57182312011719,570000,0.0,0.0
2019-02-26 00:00:00-05:00,59.50896249335383,59.742466913169075,58.556958162821765,59.464054107666016,451400,0.0,0.0
2019-02-27 00:00:00-05:00,59.69754568034934,59.760413288332444,57.946221997296654,59.24848937988281,900200,0.0,0.0
2019-02-28 00:00:00-05:00,56.733785294386166,61.700348101365655,55.817713231284976,59.82329559326172,2424400,0.0,0.0
2019-03-01 00:00:00-05:00,59.33831642983093,59.6795968501417,58.018089428329176,58.215675354003906,958700,0.0,0.0
2019-03-04 00:00:00-05:00,58.19772203810736,59.2215702553579,57.34451062235988,58.76353073120117,678100,0.0,0.0
2019-03-05 00:00:00-05:00,58.61982501463928,59.71552383114689,58.278544584930984,59.63469696044922,277200,0.0,0.0
2019-03-06 00:00:00-05:00,59.86819303154047,60.17354804607107,59.13173407449559,59.14970016479492,435900,0.0,0.0
2019-03-07 00:00:00-05:00,58.997042017328255,59.31048256055421,58.19772203810736,58.76353073120117,306400,0.0,0.0
2019-03-08 00:00:00-05:00,58.61981856658548,60.31725803715486,58.12945112294268,59.85921859741211,667900,0.0,0.0
2019-03-11 00:00:00-04:00,59.984947560369264,60.0657744137155,58.76351375028163,60.002906799316406,478400,0.0,0.0
2019-03-12 00:00:00-04:00,59.87701663908951,61.702643964749875,59.87701663908951,60.110836029052734,442200,0.09,0.0
2019-03-13 00:00:00-04:00,60.95619989888126,62.619948480057026,60.28170667451541,62.440086364746094,490600,0.0,0.0
2019-03-14 00:00:00-04:00,62.43109107628438,62.925722184354434,61.77458818153673,62.76384353637695,293300,0.0,0.0
2019-03-15 00:00:00-04:00,62.81781012164772,63.27646750253843,61.94546432592847,62.503047943115234,564400,0.0,0.0
2019-03-18 00:00:00-04:00,62.53898693667299,64.97615396444029,62.53898693667299,64.87722778320312,458400,0.0,0.0
2019-03-19 00:00:00-04:00,64.88625315186887,65.62369884358843,63.51927629907633,63.71712875366211,316400,0.0,0.0
2019-03-20 00:00:00-04:00,63.627185325432805,65.07509779481653,63.321418399624534,64.17577362060547,342600,0.0,0.0
2019-03-21 00:00:00-04:00,64.22974241996268,65.76758621091656,63.52827053580478,65.54275512695312,292500,0.0,0.0
2019-03-22 00:00:00-04:00,65.2189997192171,66.52302416101627,65.04813275610576,65.07511138916016,411300,0.0,0.0
2019-03-25 00:00:00-04:00,65.19202023410594,65.49779408109357,63.986928898090675,64.89524841308594,468700,0.0,0.0
2019-03-26 00:00:00-04:00,65.19201773983615,65.94745373308449,64.16678856859198,64.53551483154297,320800,0.0,0.0
2019-03-27 00:00:00-04:00,64.76033267008278,66.22622853525675,64.52650647458617,65.31790924072266,862600,0.0,0.0
2019-03-28 00:00:00-04:00,65.74060983390693,68.3126780715885,65.14255830669177,67.60221099853516,681800,0.0,0.0
2019-03-29 00:00:00-04:00,67.98892347213152,68.55550223706722,67.37738260384106,68.3756332397461,487100,0.0,0.0
2019-04-01 00:00:00-04:00,68.91522234749351,69.29294378840791,66.30718722618623,67.21549987792969,437900,0.0,0.0
2019-04-02 00:00:00-04:00,65.07512745173157,65.74062572277391,63.204530670167216,65.25498962402344,661000,0.0,0.0
2019-04-03 00:00:00-04:00,65.5967080279011,66.1093225371673,64.77831972889244,65.65066528320312,394900,0.0,0.0
2019-04-04 00:00:00-04:00,65.55174256826008,66.37911921305312,65.18392203209449,66.18126678466797,428500,0.0,0.0
2019-04-05 00:00:00-04:00,66.18127112511377,67.11656920890294,66.00140901185807,66.702880859375,482700,0.0,0.0
2019-04-08 00:00:00-04:00,66.8197969535541,67.41334741229952,66.01040372681055,67.3683853149414,374000,0.0,0.0
2019-04-09 00:00:00-04:00,67.1885305804888,68.57349109280119,67.1885305804888,67.81806182861328,448600,0.0,0.0
2019-04-10 00:00:00-04:00,67.94395064252699,69.08608943467983,67.23348365319583,68.88823699951172,473700,0.0,0.0
2019-04-11 00:00:00-04:00,68.94220727321449,69.69853525654385,68.51952373514423,69.57173156738281,315600,0.0,0.0
2019-04-12 00:00:00-04:00,69.95843211016279,70.32715147360982,69.59870104880763,69.82353210449219,279800,0.0,0.0
2019-04-15 00:00:00-04:00,69.87747754116293,70.07532993450282,68.89721759763117,69.08607482910156,373900,0.0,0.0
2019-04-16 00:00:00-04:00,69.52675629883159,69.60319803752489,67.78207190127345,68.26770782470703,448700,0.0,0.0
2019-04-17 00:00:00-04:00,68.52851301775212,69.1760276503218,67.84503144897329,68.49254608154297,352300,0.0,0.0
2019-04-18 00:00:00-04:00,68.42057841759284,70.5519721197766,68.25869980693219,70.1113052368164,337400,0.0,0.0
2019-04-22 00:00:00-04:00,69.72460905319706,70.92970713419483,68.61844405139048,69.31092071533203,343600,0.0,0.0
2019-04-23 00:00:00-04:00,69.29293909551829,70.56997793704018,68.82528662369631,69.4728012084961,409900,0.0,0.0
2019-04-24 00:00:00-04:00,69.5986811074632,70.77679330608296,69.17599774607515,69.9674072265625,439400,0.0,0.0
2019-04-25 00:00:00-04:00,69.87749350505621,70.23542692721372,68.78032365175926,69.9224624633789,497700,0.0,0.0
2019-04-26 00:00:00-04:00,70.18327556358103,70.56099015714177,69.58072987461978,69.68864440917969,315200,0.0,0.0
2019-04-29 00:00:00-04:00,69.62568698917737,69.65266562088469,68.51952192137693,69.40985107421875,396500,0.0,0.0
2019-04-30 00:00:00-04:00,69.50877764394278,69.64367766445079,67.53925518390595,67.692138671875,381900,0.0,0.0
2019-05-01 00:00:00-04:00,67.9709318381143,68.48174875106388,66.7208716174225,66.9187240600586,490800,0.0,0.0
2019-05-02 00:00:00-04:00,66.81981820304333,68.21376716783294,66.81981820304333,67.1795425415039,496600,0.0,0.0
2019-05-03 00:00:00-04:00,67.7460790364396,68.42956034104435,67.41332668406527,68.15077209472656,481200,0.0,0.0
2019-05-06 00:00:00-04:00,67.50326683186489,69.46379370477017,67.50326683186489,68.52849578857422,859000,0.0,0.0
2019-05-07 00:00:00-04:00,67.98892358056798,69.31093155245887,67.79107111384953,68.36663818359375,812500,0.0,0.0
2019-05-08 00:00:00-04:00,68.57347265897273,71.62218125516934,67.90797464875767,71.09158325195312,1163700,0.0,0.0
2019-05-09 00:00:00-04:00,70.21025575522475,71.87400452584795,69.97642948965533,71.55024719238281,415500,0.0,0.0
2019-05-10 00:00:00-04:00,70.99266815185547,71.37038274154595,69.16704077371769,70.99266815185547,343500,0.0,0.0
2019-05-13 00:00:00-04:00,69.75159380846098,71.73011147873478,68.45657142094927,71.68514251708984,547000,0.0,0.0
2019-05-14 00:00:00-04:00,71.79306461927264,71.85151603642969,70.01239938452112,70.19226837158203,435700,0.0,0.0
2019-05-15 00:00:00-04:00,69.67065587643047,71.67614525930355,69.15804129062928,70.48004913330078,283900,0.0,0.0
2019-05-16 00:00:00-04:00,70.62393912820724,71.48728966887738,70.59696049588945,71.28044891357422,367000,0.0,0.0
2019-05-17 00:00:00-04:00,70.86674073799921,72.62941512361829,70.52139787371694,71.41532897949219,491300,0.0,0.0
2019-05-20 00:00:00-04:00,70.96566743956822,72.22471568015324,70.42606749497658,71.82002258300781,238000,0.0,0.0
2019-05-21 00:00:00-04:00,71.69411364209319,73.36685690715822,71.47827779342936,72.35961151123047,626300,0.0,0.0
2019-05-22 00:00:00-04:00,72.18876358076028,73.0970831083244,71.75709172895777,71.8650131225586,250900,0.0,0.0
2019-05-23 00:00:00-04:00,71.85601958573925,72.83627986994568,71.20850493206501,72.66541290283203,403000,0.0,0.0
2019-05-24 00:00:00-04:00,72.7823051882674,73.74458177354339,72.02686931929715,72.0808334350586,410200,0.0,0.0
2019-05-28 00:00:00-04:00,72.14379492598427,72.92620265929136,71.22648031695559,71.39735412597656,244700,0.0,0.0
2019-05-29 00:00:00-04:00,71.15454515313202,71.42433834177297,70.07085766297844,70.19226837158203,371300,0.0,0.0
2019-05-30 00:00:00-04:00,70.38113401073568,71.70314206192579,70.28220777144247,71.43334197998047,310300,0.0,0.0
2019-05-31 00:00:00-04:00,71.28943110841666,72.48553402155252,70.4890330655031,71.65815734863281,338400,0.0,0.0
2019-06-03 00:00:00-04:00,71.38836221837252,73.34888951500643,71.24447389471227,73.00714874267578,495600,0.0,0.0
2019-06-04 00:00:00-04:00,75.2015009535698,77.17101651843917,74.75183880047544,76.4335708618164,665800,0.0,0.0
2019-06-05 00:00:00-04:00,76.61343315097558,79.58569999788281,76.27168555322872,79.38334655761719,615700,0.0,0.0
2019-06-06 00:00:00-04:00,79.5184119872381,80.71573601478505,79.44639094761774,80.13057708740234,379400,0.09,0.0
2019-06-07 00:00:00-04:00,80.65270389897148,82.39917614884081,80.30160995344364,81.41791534423828,499400,0.0,0.0
2019-06-10 00:00:00-04:00,81.62496549095276,81.74200138251034,78.96024917902407,80.5086669921875,528400,0.0,0.0
2019-06-11 00:00:00-04:00,79.79745789986896,81.69696924951468,79.54539121488693,80.0045166015625,702900,0.0,0.0
2019-06-12 00:00:00-04:00,80.42762848207036,81.48991446867899,79.23031167079729,81.45391082763672,331500,0.0,0.0
2019-06-13 00:00:00-04:00,81.98508065949623,83.16439608570629,81.3369049885608,82.44420623779297,249300,0.0,0.0
2019-06-14 00:00:00-04:00,82.58823228656436,83.21840606033497,81.77801278789022,82.59723663330078,318500,0.0,0.0
2019-06-17 00:00:00-04:00,82.92131804003229,84.20866479192775,82.5891256672795,83.43445587158203,355700,0.0,0.0
2019-06-18 00:00:00-04:00,84.04661869728508,84.14564589623801,80.48615887864128,81.42691040039062,392900,0.0,0.0
2019-06-19 00:00:00-04:00,81.16583705168928,81.9553484429005,80.60768443571035,81.84101867675781,323300,0.0,0.0
2019-06-20 00:00:00-04:00,82.34518255650136,83.17340400793283,81.99408853104008,82.46221160888672,238200,0.0,0.0
2019-06-21 00:00:00-04:00,82.21012596210917,83.47947089264377,81.34589418460425,83.06535339355469,453300,0.0,0.0
2019-06-24 00:00:00-04:00,83.55147271356857,84.09162350448106,82.6692392425764,82.75926208496094,393600,0.0,0.0
2019-06-25 00:00:00-04:00,83.05636080693449,83.37144425453245,79.97212827518072,81.61597442626953,713100,0.0,0.0
2019-06-26 00:00:00-04:00,82.29114977469769,84.37070723512716,81.75099891426616,82.9663314819336,464000,0.0,0.0
2019-06-27 00:00:00-04:00,82.99333476013743,85.29795270936184,82.9303180777228,85.21693420410156,451600,0.0,0.0
2019-06-28 00:00:00-04:00,84.37069480615547,85.65353573994136,84.28067196544633,85.29794311523438,537900,0.0,0.0
2019-07-01 00:00:00-04:00,85.9191265198614,86.18019760865738,83.33542867002825,83.43445587158203,639500,0.0,0.0
2019-07-02 00:00:00-04:00,83.48843858708979,84.62995024323808,82.57919914025331,83.68649291992188,271000,0.0,0.0
2019-07-03 00:00:00-04:00,84.06461082672216,86.34222927169348,83.8665633199575,85.83808898925781,161500,0.0,0.0
2019-07-05 00:00:00-04:00,85.75707584186556,85.92811719330233,84.22665994614239,85.63104248046875,300800,0.0,0.0
2019-07-08 00:00:00-04:00,85.69406232592449,85.69406232592449,84.0736235219741,84.95586395263672,255900,0.0,0.0
2019-07-09 00:00:00-04:00,84.68580250741198,85.30697196284014,84.17266461284659,84.63179016113281,314500,0.0,0.0
2019-07-10 00:00:00-04:00,84.76681811949376,85.26644600156585,84.07362770343184,85.08190155029297,251100,0.0,0.0
2019-07-11 00:00:00-04:00,85.63103053873296,85.97312006220324,83.82154200487508,85.61302185058594,204600,0.0,0.0
2019-07-12 00:00:00-04:00,86.10816331621251,87.94465813270162,85.72105891565398,87.5665512084961,436100,0.0,0.0
2019-07-15 00:00:00-04:00,88.7638947539647,88.7638947539647,86.7023389385688,87.58457946777344,506700,0.0,0.0
2019-07-16 00:00:00-04:00,86.36922376790298,86.94537812572288,84.98285019805458,85.37895202636719,444500,0.0,0.0
2019-07-17 00:00:00-04:00,85.5319893309649,86.14415412982422,84.8298017110412,85.42395782470703,365400,0.0,0.0
2019-07-18 00:00:00-04:00,86.66628960459805,86.78332545394593,85.46897302962321,86.45023345947266,361900,0.0,0.0
2019-07-19 00:00:00-04:00,86.40527366199325,87.75563734150886,85.97315426249412,86.03617095947266,370100,0.0,0.0
2019-07-22 00:00:00-04:00,86.77434839224495,86.90938610101563,85.74807279487293,85.95513153076172,342000,0.0,0.0
2019-07-23 00:00:00-04:00,86.43225615359523,86.43225615359523,83.41644613602496,84.79381561279297,566300,0.0,0.0
2019-07-24 00:00:00-04:00,84.62279046633583,86.1712085823082,83.3462473290839,85.89213562011719,347800,0.0,0.0
2019-07-25 00:00:00-04:00,85.66705400833193,86.6303129208776,85.08189518445582,86.540283203125,248800,0.0,0.0
2019-07-26 00:00:00-04:00,87.29647827148438,88.17871169066883,87.04441158028882,87.29647827148438,368600,0.0,0.0
2019-07-29 00:00:00-04:00,88.13372167397593,89.80817288491708,86.73834337542374,88.45780944824219,498900,0.0,0.0
2019-07-30 00:00:00-04:00,86.91838275643383,88.25974164339277,86.05414424408573,87.97166442871094,504000,0.0,0.0
2019-07-31 00:00:00-04:00,87.63855064717568,88.08687211804333,84.8748081925398,86.05412292480469,681300,0.0,0.0
2019-08-01 00:00:00-04:00,83.83053851114563,85.23491385001758,79.75243643319568,79.77944946289062,1323000,0.0,0.0
2019-08-02 00:00:00-04:00,79.905521717679,83.57850569066706,79.75247528139651,83.3264389038086,860300,0.0,0.0
2019-08-05 00:00:00-04:00,82.46220123069847,82.90331807696339,80.8507665346482,82.6962661743164,602100,0.0,0.0
2019-08-06 00:00:00-04:00,83.07434239428963,85.4419835844024,82.52069540921826,84.9378433227539,433800,0.0,0.0
2019-08-07 00:00:00-04:00,84.42469614287995,87.50352222499497,83.83053997693044,87.26045989990234,355000,0.0,0.0
2019-08-08 00:00:00-04:00,87.73759491774801,91.55461952803036,87.72859057355403,90.78041076660156,516300,0.0,0.0
2019-08-09 00:00:00-04:00,90.2132432731241,91.51859819683006,89.98818278989559,90.0962142944336,422900,0.0,0.0
2019-08-12 00:00:00-04:00,89.70913192855133,89.96569737066314,86.98139930363308,87.5665512084961,396100,0.0,0.0
2019-08-13 00:00:00-04:00,87.67458590103233,88.6783540147933,86.14417693292226,87.40451049804688,365900,0.0,0.0
2019-08-14 00:00:00-04:00,86.58530094969703,89.20500235805189,86.30622804660548,88.1427230834961,356700,0.0,0.0
2019-08-15 00:00:00-04:00,88.38578059558989,89.26802098487117,87.30008733469774,88.93492889404297,370700,0.0,0.0
2019-08-16 00:00:00-04:00,89.45710089353716,90.33033036083495,88.60186638612045,89.74517822265625,266700,0.0,0.0
2019-08-19 00:00:00-04:00,91.25755387991889,92.2118084098095,88.70086247179472,91.61764526367188,362100,0.0,0.0
2019-08-20 00:00:00-04:00,91.37456278342847,93.27407394839047,90.85692638197591,92.63490295410156,351100,0.0,0.0
2019-08-21 00:00:00-04:00,93.57116795114206,94.68746625443721,92.9572035409146,93.45413208007812,336600,0.0,0.0
2019-08-22 00:00:00-04:00,93.8322549835823,96.20889403095613,93.51716469390418,95.61473083496094,461500,0.0,0.0
2019-08-23 00:00:00-04:00,95.02955952897925,96.71301482867298,93.6701988223238,93.87725067138672,516700,0.0,0.0
2019-08-26 00:00:00-04:00,93.87725176993234,93.93126410191948,92.9500034398722,93.5441665649414,274100,0.0,0.0
2019-08-27 00:00:00-04:00,94.0123036868927,94.45342049087634,92.04977519767706,92.85099029541016,329600,0.0,0.0
2019-08-28 00:00:00-04:00,92.55389770445609,94.22834873362369,92.55389770445609,92.97701263427734,339300,0.0,0.0
2019-08-29 00:00:00-04:00,93.77007835751898,94.60819655964407,91.82618070245437,93.22034454345703,408100,0.11,0.0
2019-08-30 00:00:00-04:00,93.42760623643676,93.42760623643676,89.92193113606889,90.27339935302734,609000,0.0,0.0
2019-09-03 00:00:00-04:00,89.87687313753639,90.41759293023806,88.0924902584332,88.45297241210938,401700,0.0,0.0
2019-09-04 00:00:00-04:00,88.74137818140197,90.39057979152787,87.98436478838235,90.08416748046875,290900,0.0,0.0
2019-09-05 00:00:00-04:00,90.55278150503949,91.237690086084,88.54309798603532,90.06613159179688,549300,0.0,0.0
2019-09-06 00:00:00-04:00,87.29044702829991,89.24605418320617,87.12823035469867,87.3174819946289,438600,0.0,0.0
2019-09-09 00:00:00-04:00,87.6599360690202,87.6599360690202,83.55947013292797,83.91995239257812,378600,0.0,0.0
2019-09-10 00:00:00-04:00,83.91993578020329,83.91993578020329,79.78341487380128,81.82914733886719,684700,0.0,0.0
2019-09-11 00:00:00-04:00,82.30679489116302,83.92895465316043,81.47769055443366,83.01874542236328,507500,0.0,0.0
2019-09-12 00:00:00-04:00,82.38788272931427,83.53241308548291,78.5902204199877,79.58514404296875,908300,0.0,0.0
2019-09-13 00:00:00-04:00,79.4229390848589,80.15291746576163,77.65208024779925,78.37754821777344,515800,0.0,0.0
2019-09-16 00:00:00-04:00,78.17027386466391,79.99971315946071,76.3768834815413,76.73736572265625,535000,0.0,0.0
2019-09-17 00:00:00-04:00,77.13386847814382,78.62085301058195,76.92659588838347,77.50336456298828,258900,0.0,0.0
2019-09-18 00:00:00-04:00,77.86385534701704,78.85517618681182,77.47633820615967,78.35951232910156,388300,0.0,0.0
2019-09-19 00:00:00-04:00,78.31447055174391,79.29677762431425,77.52140823563006,78.82815551757812,310000,0.0,0.0
2019-09-20 00:00:00-04:00,79.242707280645,80.17995836485643,78.2603933375705,78.8822250366211,613600,0.0,0.0
2019-09-23 00:00:00-04:00,79.50406190493382,80.71166959396022,79.10753072316281,79.76541137695312,312800,0.0,0.0
2019-09-24 00:00:00-04:00,79.66624140196959,80.25202395376239,77.50335568222454,78.02605438232422,361800,0.0,0.0
2019-09-25 00:00:00-04:00,78.0981720487961,78.60284299075087,77.50787893735682,77.58448028564453,232100,0.0,0.0
2019-09-26 00:00:00-04:00,77.75570234951604,79.03540745525909,77.52138791974086,77.90890502929688,345800,0.0,0.0
2019-09-27 00:00:00-04:00,79.33282022905934,79.40942158293429,77.42227616623386,78.4135971069336,345200,0.0,0.0
2019-09-30 00:00:00-04:00,78.44063479909819,79.22468313320937,77.32314607482756,78.65692138671875,465500,0.0,0.0
2019-10-01 00:00:00-04:00,78.53074326417801,79.32379856444645,77.04375856000219,77.08882141113281,386000,0.0,0.0
2019-10-02 00:00:00-04:00,76.97167161650971,78.10718126714103,76.2146583071294,77.09783935546875,435400,0.0,0.0
2019-10-03 00:00:00-04:00,77.6655776453994,80.24301555074376,77.6655776453994,79.99968719482422,550800,0.0,0.0
2019-10-04 00:00:00-04:00,80.30612275028192,81.6489120054268,79.42294163325187,80.01773834228516,383800,0.0,0.0
2019-10-07 00:00:00-04:00,80.01772623388045,80.53141109775642,79.55811128968861,80.24302673339844,327900,0.0,0.0
2019-10-08 00:00:00-04:00,80.02673921331986,80.15741047618816,78.29642617242675,79.31478881835938,512700,0.0,0.0
2019-10-09 00:00:00-04:00,80.42325443172565,80.86484830659144,79.47699657620913,79.62118530273438,503200,0.0,0.0
2019-10-10 00:00:00-04:00,79.62119699778962,80.45931515042429,78.8822116172879,79.48601531982422,378500,0.0,0.0
2019-10-11 00:00:00-04:00,80.04475082641773,80.63954736840812,79.22916422389659,79.89154815673828,460700,0.0,0.0
2019-10-14 00:00:00-04:00,79.75640106201172,80.47285521801135,78.60736679023009,79.75640106201172,451100,0.0,0.0
2019-10-15 00:00:00-04:00,80.20700225188807,80.65760338813463,79.17061826339544,79.6843032836914,527700,0.0,0.0
2019-10-16 00:00:00-04:00,79.58516858914159,80.27909817279381,78.40459584048,80.22502136230469,277900,0.0,0.0
2019-10-17 00:00:00-04:00,80.37820320172567,82.27973984453517,80.04475600881294,82.04542541503906,423600,0.0,0.0
2019-10-18 00:00:00-04:00,81.51370870934866,82.667252911278,81.35149209311055,82.07245635986328,274400,0.0,0.0
2019-10-21 00:00:00-04:00,82.03640469029752,82.52305452258783,81.5858037576907,81.72098541259766,191700,0.0,0.0
2019-10-22 00:00:00-04:00,81.44162610376952,81.7570454243398,79.70230599248147,80.63955688476562,219500,0.0,0.0
2019-10-23 00:00:00-04:00,80.13487702646123,80.45029633888467,75.27739898826412,75.98934936523438,515400,0.0,0.0
2019-10-24 00:00:00-04:00,75.96232816851766,78.23335450503428,75.25939160901552,77.65658569335938,456300,0.0,0.0
2019-10-25 00:00:00-04:00,77.48537364652235,79.25172925803278,76.72836016980209,78.90026092529297,242200,0.0,0.0
2019-10-28 00:00:00-04:00,79.05343801344246,79.32199306557379,76.07046168898272,77.00770568847656,385000,0.0,0.0
2019-10-29 00:00:00-04:00,77.2059999464703,77.2059999464703,74.05179187377071,75.42162322998047,964700,0.0,0.0
2019-10-30 00:00:00-04:00,79.74737398783078,80.2069889960171,71.24903768772212,76.56613159179688,1639400,0.0,0.0
2019-10-31 00:00:00-04:00,77.58447235234783,78.60913990163962,74.93043289224624,75.1872787475586,793200,0.0,0.0
2019-11-01 00:00:00-04:00,75.19629437447622,75.19629437447622,72.84415668906112,73.24969482421875,662900,0.0,0.0
2019-11-04 00:00:00-05:00,73.26775040965052,74.06981991392826,69.03209543557537,69.41059875488281,850000,0.0,0.0
2019-11-05 00:00:00-05:00,68.96899417895602,69.41058127359955,66.23835297282938,68.89689636230469,877900,0.0,0.0
2019-11-06 00:00:00-05:00,68.6716006307064,69.84316616829624,68.54543288058154,69.83415222167969,449300,0.0,0.0
2019-11-07 00:00:00-05:00,69.63587053647933,70.39288373768602,69.1221857082275,70.23066711425781,520500,0.0,0.0
2019-11-08 00:00:00-05:00,69.93328598904948,70.41092203202925,68.058783852849,68.47334289550781,446100,0.0,0.0
2019-11-11 00:00:00-05:00,68.44629442477357,69.60884591944424,67.88755354211287,68.5949935913086,333900,0.0,0.0
2019-11-12 00:00:00-05:00,68.50038437132368,68.77074091867242,67.22968590921393,67.59918212890625,618300,0.0,0.0
2019-11-13 00:00:00-05:00,67.83347809349885,68.35617695434252,67.27473719971022,67.59015655517578,572400,0.0,0.0
2019-11-14 00:00:00-05:00,67.59015160123268,68.6580737963319,67.31978824457744,68.01371765136719,370500,0.0,0.0
2019-11-15 00:00:00-05:00,68.34716521456767,68.4012420169833,67.40090711762538,68.139892578125,205100,0.0,0.0
2019-11-18 00:00:00-05:00,68.14890397287346,68.94195933046909,66.18428315745072,66.39155578613281,270800,0.0,0.0
2019-11-19 00:00:00-05:00,66.23835718349721,66.36993605103147,65.00370777845677,65.18395233154297,325000,0.0,0.0
2019-11-20 00:00:00-05:00,64.94963564009727,67.03141030910638,64.84419790874058,65.77873992919922,337000,0.0,0.0
2019-11-21 00:00:00-05:00,65.8328037831655,66.36450962194034,65.17492334852663,66.25636291503906,317200,0.0,0.0
2019-11-22 00:00:00-05:00,66.43660525511788,67.45496092822677,65.94995540340548,67.1034927368164,389500,0.0,0.0
2019-11-25 00:00:00-05:00,68.44631256009788,69.5638083727598,67.81547369458548,69.41059875488281,470100,0.0,0.0
2019-11-26 00:00:00-05:00,69.51871503380954,71.61400673173786,69.22131675230521,70.91558074951172,404000,0.0,0.0
2019-11-27 00:00:00-05:00,71.25852088702997,73.26199106419483,71.14120310454075,73.10857391357422,375900,0.11,0.0
2019-11-29 00:00:00-05:00,72.94612890313147,72.98222827062126,71.86316853418829,72.19708251953125,378500,0.0,0.0
2019-12-02 00:00:00-05:00,71.91733605669312,72.19709760663828,70.80730265148028,71.33975982666016,285800,0.0,0.0
2019-12-03 00:00:00-05:00,72.15197347835993,73.03639097576085,70.88852974671852,71.26756286621094,649300,0.0,0.0
2019-12-04 00:00:00-05:00,71.54730951206463,72.41819042264495,69.90482611798748,71.37583923339844,427500,0.0,0.0
2019-12-05 00:00:00-05:00,71.50219653127212,72.58515013463872,71.30365343076298,72.36856079101562,706700,0.0,0.0
2019-12-06 00:00:00-05:00,72.4227115070797,72.83784398045394,71.47512187344718,72.44075775146484,424300,0.0,0.0
2019-12-09 00:00:00-05:00,74.9496001373972,76.82762104528835,74.63373238856887,76.04158020019531,795300,0.0,0.0
2019-12-10 00:00:00-05:00,75.77985005934069,76.00546590118212,74.55249932890337,75.4639892578125,388700,0.0,0.0
2019-12-11 00:00:00-05:00,75.61742121921239,76.49281195900967,74.99471917023278,76.38451385498047,235300,0.0,0.0
2019-12-12 00:00:00-05:00,76.79062907273557,79.00166915787925,76.44769536264344,78.66775512695312,546200,0.0,0.0
2019-12-13 00:00:00-05:00,78.74897349364701,79.7507086128605,77.53515888345808,79.35362243652344,520700,0.0,0.0
2019-12-16 00:00:00-05:00,79.94924493755647,79.94924493755647,77.31405294662537,78.26164245605469,434000,0.0,0.0
2019-12-17 00:00:00-05:00,77.85554494553958,77.90067088729255,76.40258463757164,77.45846557617188,300500,0.0,0.0
2019-12-18 00:00:00-05:00,77.25990971162717,77.88261180184773,75.62645279119457,76.51988983154297,334000,0.0,0.0
2019-12-19 00:00:00-05:00,76.36646173161242,77.11099134437208,75.97840216196043,76.71842193603516,318200,0.0,0.0
2019-12-20 00:00:00-05:00,76.91696924110808,78.48725384624493,76.50182996071818,78.00894927978516,471200,0.0,0.0
2019-12-23 00:00:00-05:00,78.15333558255124,78.50529578709202,77.27794490988569,77.40428924560547,318800,0.0,0.0
2019-12-24 00:00:00-05:00,77.49455329216593,77.57667368067736,76.54696373995037,76.97112274169922,90900,0.0,0.0
2019-12-26 00:00:00-05:00,77.16064342143558,78.01798114979543,76.62819316356504,77.85553741455078,190500,0.0,0.0
2019-12-27 00:00:00-05:00,77.92772068005993,78.20748904283715,77.20575402202998,77.80137634277344,204900,0.0,0.0
2019-12-30 00:00:00-05:00,77.81942516163951,78.26794409156008,76.62817370082765,77.60282897949219,227900,0.0,0.0
2019-12-31 00:00:00-05:00,77.44942935150169,78.08115114574471,77.0523431464054,77.81944274902344,273500,0.0,0.0
2020-01-02 00:00:00-05:00,77.81944542015273,78.50531285308702,73.04541177185952,76.47476959228516,821200,0.0,0.0
2020-01-03 00:00:00-05:00,77.1516259055625,80.97807725449577,77.05055040380029,79.79584503173828,1046100,0.0,0.0
2020-01-06 00:00:00-05:00,79.34460512026486,81.1495324808819,79.17945547857266,80.83367156982422,454300,0.0,0.0
2020-01-07 00:00:00-05:00,81.13148028008682,83.19812278248995,81.04123529573208,81.1675796508789,564100,0.0,0.0
2020-01-08 00:00:00-05:00,81.22173059503217,82.11516770370712,80.86074374867063,81.8173599243164,402900,0.0,0.0
2020-01-09 00:00:00-05:00,82.45810778923358,83.25317530597921,81.89857783661799,82.39493560791016,301900,0.0,0.0
2020-01-10 00:00:00-05:00,82.06101499239483,82.60700849703744,81.2668495072564,82.04296875,198500,0.0,0.0
2020-01-13 00:00:00-05:00,83.59520802565942,84.57889701514208,82.73787028554503,84.3352279663086,393000,0.0,0.0
2020-01-14 00:00:00-05:00,83.94716450650782,84.22603094812368,82.49420438498326,82.75591278076172,491700,0.0,0.0
2020-01-15 00:00:00-05:00,82.76491563027153,83.63127964755097,82.37685610203967,82.47612762451172,467800,0.0,0.0
2020-01-16 00:00:00-05:00,82.45811057776494,83.02666022890273,76.8899043274484,79.10094451904297,1111700,0.0,0.0
2020-01-17 00:00:00-05:00,79.47997642272499,84.59243402191912,79.47997642272499,84.21791076660156,833300,0.0,0.0
2020-01-21 00:00:00-05:00,83.6674035887812,83.7847213837824,80.33731053994595,81.49246978759766,578800,0.0,0.0
2020-01-22 00:00:00-05:00,82.01589691889365,85.03463903599294,81.90760568364439,84.50669860839844,681800,0.0,0.0
2020-01-23 00:00:00-05:00,83.96521714695187,84.97597889347556,83.51398533095488,84.19985961914062,493100,0.0,0.0
2020-01-24 00:00:00-05:00,83.62229486533272,84.13669893040866,82.74690392111093,83.76668548583984,490000,0.0,0.0
2020-01-27 00:00:00-05:00,82.51224900345696,83.42373918699089,81.26685168728015,82.9454345703125,548400,0.0,0.0
2020-01-28 00:00:00-05:00,85.29182118338743,86.50111888156141,83.75762921249184,84.04641723632812,423500,0.0,0.0
2020-01-29 00:00:00-05:00,84.12765686315856,87.4396965821291,83.94716001421895,86.75382232666016,353700,0.0,0.0
2020-01-30 00:00:00-05:00,86.5282188952342,87.0787223146202,85.2286758219024,86.03186798095703,193700,0.0,0.0
2020-01-31 00:00:00-05:00,86.076988514972,86.90726038347499,83.0988623223751,83.7215576171875,457700,0.0,0.0
2020-02-03 00:00:00-05:00,83.74864274960039,84.61500716470287,83.01764239525431,83.22521209716797,354200,0.0,0.0
2020-02-04 00:00:00-05:00,84.01032664379106,85.15645918182646,83.59519424651258,84.4976577758789,290900,0.0,0.0
2020-02-05 00:00:00-05:00,85.03013940480733,85.31892754222905,82.8010527416214,83.97425842285156,295600,0.0,0.0
2020-02-06 00:00:00-05:00,83.93814261060585,84.7774340464819,83.33348675683422,84.20887756347656,180900,0.0,0.0
2020-02-07 00:00:00-05:00,84.05546711366051,85.59867918958045,83.92009618379002,85.48136138916016,159800,0.0,0.0
2020-02-10 00:00:00-05:00,85.63478143588421,88.73023225628738,84.77473087084596,87.92704010009766,471500,0.0,0.0
2020-02-11 00:00:00-05:00,88.324109075804,88.324109075804,86.33417531905621,87.5389633178711,426100,0.0,0.0
2020-02-12 00:00:00-05:00,88.14361651134621,88.43240458253614,86.57333180457914,88.0804443359375,300400,0.0,0.0
2020-02-13 00:00:00-05:00,87.89093171113028,90.69759413005454,87.5479980130105,90.46295166015625,382600,0.0,0.0
2020-02-14 00:00:00-05:00,90.2463554921664,90.8510044215038,89.36193817883296,90.39977264404297,358300,0.0,0.0
2020-02-18 00:00:00-05:00,90.869058015572,92.1054286856115,90.09293880352868,91.71736907958984,484300,0.0,0.0
2020-02-19 00:00:00-05:00,88.26995297837296,93.08911166216919,85.89647644543078,89.11827087402344,913700,0.0,0.0
2020-02-20 00:00:00-05:00,89.8402518756679,92.16499480098938,88.46669944673233,91.30223846435547,557400,0.0,0.0
2020-02-21 00:00:00-05:00,91.30223504922253,91.38255838066738,88.68508939585655,89.94853973388672,435400,0.0,0.0
2020-02-24 00:00:00-05:00,87.58409293879589,90.67502656017079,86.98846367280498,87.85482788085938,424600,0.0,0.0
2020-02-25 00:00:00-05:00,88.01726037800441,89.23829746350336,84.33520779929665,85.06620788574219,535400,0.0,0.0
2020-02-26 00:00:00-05:00,84.83159311529697,85.35502374655397,80.60806245925295,80.8968505859375,650500,0.0,0.0
2020-02-27 00:00:00-05:00,79.44386142108975,79.78680196031641,76.53792782685414,77.0433120727539,685100,0.0,0.0
2020-02-28 00:00:00-05:00,74.98568474091613,77.08842623146485,73.46955275505235,76.2130355834961,956000,0.0,0.0
2020-03-02 00:00:00-05:00,76.43867115821139,76.8718567553479,74.01104853411252,76.52892303466797,518200,0.0,0.0
2020-03-03 00:00:00-05:00,76.47475722141466,77.00721428177877,72.47413762476015,73.86663818359375,499900,0.0,0.0
2020-03-04 00:00:00-05:00,74.6968941856837,75.8791259469321,73.6229673986902,75.59935760498047,336500,0.0,0.0
2020-03-05 00:00:00-05:00,74.1715945661649,74.56919588292561,70.97267269953545,71.85824584960938,541800,0.11,0.0
2020-03-06 00:00:00-05:00,69.71660295175322,73.11432908065542,69.07501224158732,71.6504135131836,575000,0.0,0.0
2020-03-09 00:00:00-04:00,67.03275660344003,69.25121898582164,66.91528458656711,67.9273681640625,754300,0.0,0.0
2020-03-10 00:00:00-04:00,69.85214903209686,71.11725353973542,65.63662087787289,68.81295013427734,590500,0.0,0.0
2020-03-11 00:00:00-04:00,67.0146896496855,67.04179804754384,63.25550220913453,64.67423248291016,693800,0.0,0.0
2020-03-12 00:00:00-04:00,60.29154059660455,62.803686972412464,57.761317356541284,61.683162689208984,1072900,0.0,0.0
2020-03-13 00:00:00-04:00,64.79170911788826,65.84898496975475,57.553473366522915,61.52050018310547,884900,0.0,0.0
2020-03-16 00:00:00-04:00,55.85461275917236,56.00823161834152,50.09835926005907,51.98698806762695,1177600,0.0,0.0
2020-03-17 00:00:00-04:00,52.556289832517855,58.90442973537697,48.390462307734914,57.04743194580078,1753000,0.0,0.0
2020-03-18 00:00:00-04:00,54.12863927417888,55.61062480190548,40.04163803639522,44.929481506347656,1744600,0.0,0.0
2020-03-19 00:00:00-04:00,42.37215366558767,52.59243778555058,40.00459131134279,51.761077880859375,1776000,0.0,0.0
2020-03-20 00:00:00-04:00,53.38763882856039,59.64993303824107,49.07722830454961,51.03814697265625,1195400,0.0,0.0
2020-03-23 00:00:00-04:00,51.50806152652202,59.34270712513375,51.471914691116766,56.71308517456055,944600,0.0,0.0
2020-03-24 00:00:00-04:00,61.01446437607107,70.49827662495474,60.11985252188705,65.31584167480469,1207800,0.0,0.0
2020-03-25 00:00:00-04:00,65.38814278976893,69.45456954587742,63.662167235131875,66.88819885253906,1330500,0.0,0.0
2020-03-26 00:00:00-04:00,67.84605959044377,70.05999985273732,64.80075589320822,68.09004211425781,888900,0.0,0.0
2020-03-27 00:00:00-04:00,65.20740650566381,73.07819949542909,61.931674291321485,70.08711242675781,890700,0.0,0.0
2020-03-30 00:00:00-04:00,69.32805747495532,75.02557333238312,68.40633023693763,72.76192474365234,957100,0.0,0.0
2020-03-31 00:00:00-04:00,72.25586313320296,74.84030304101394,70.45760131571603,72.02091217041016,562200,0.0,0.0
2020-04-01 00:00:00-04:00,67.90930831284913,72.63539460858964,66.21948009614867,72.08416748046875,768800,0.0,0.0
2020-04-02 00:00:00-04:00,70.61121839451943,74.39751452677791,69.71660672425112,71.88536834716797,788000,0.0,0.0
2020-04-03 00:00:00-04:00,72.09321428134685,72.64444147345905,66.8701170524972,70.16844177246094,796800,0.0,0.0
2020-04-06 00:00:00-04:00,73.96373924028221,77.18073741165871,72.75285174405322,76.51203155517578,586800,0.0,0.0
2020-04-07 00:00:00-04:00,82.61169128582573,87.8347878112195,79.5573564002541,83.41593933105469,1771000,0.0,0.0
2020-04-08 00:00:00-04:00,84.66299026786,89.22641968567508,83.397878596691,87.12995147705078,1044000,0.0,0.0
2020-04-09 00:00:00-04:00,88.09685190126487,91.74308359509092,87.22934857760784,90.15717315673828,912500,0.0,0.0
2020-04-13 00:00:00-04:00,90.19332122802734,90.4734574687498,86.14497232874085,90.19332122802734,373400,0.0,0.0
2020-04-14 00:00:00-04:00,91.69339030943844,92.72355102423134,89.46137312928578,92.07292175292969,423700,0.0,0.0
2020-04-15 00:00:00-04:00,87.71732889889938,93.2070013728263,86.86699230960883,91.51265716552734,443800,0.0,0.0
2020-04-16 00:00:00-04:00,92.13617385746437,93.527795997203,90.48249233157654,92.87716674804688,593400,0.0,0.0
2020-04-17 00:00:00-04:00,94.91941367868053,97.48759002687525,91.92833385384078,96.81707763671875,535700,0.0,0.0
2020-04-20 00:00:00-04:00,95.67848065346038,100.08829803994408,93.98865919253177,98.81414794921875,574400,0.0,0.0
2020-04-21 00:00:00-04:00,99.1755857532009,100.59431595244044,95.18145447818289,97.11526489257812,452400,0.0,0.0
2020-04-22 00:00:00-04:00,97.46769587191093,102.62753687918845,97.46769587191093,101.60641479492188,519800,0.0,0.0
2020-04-23 00:00:00-04:00,102.88960812380891,103.35047163740253,98.77799712391459,98.85932922363281,624100,0.0,0.0
2020-04-24 00:00:00-04:00,99.15752800605692,103.46793592780942,98.10025215472248,103.00707244873047,546900,0.0,0.0
2020-04-27 00:00:00-04:00,104.9770197599789,105.72705092114612,101.86846842102129,102.14859771728516,589600,0.0,0.0
2020-04-28 00:00:00-04:00,103.5311848988008,104.94087675627354,101.647075391047,104.42579650878906,498900,0.0,0.0
2020-04-29 00:00:00-04:00,105.70899045099955,109.07960142236028,104.84780926871896,106.73915100097656,754800,0.0,0.0
2020-04-30 00:00:00-04:00,104.89572259795594,106.83857201289659,103.82941502796322,105.97106170654297,649400,0.0,0.0
2020-05-01 00:00:00-04:00,103.10648122439012,106.99217964551188,102.91671551930793,106.80241394042969,512400,0.0,0.0
2020-05-04 00:00:00-04:00,105.33849750296108,108.7723708239422,104.38966208960211,108.59163665771484,444900,0.0,0.0
2020-05-05 00:00:00-04:00,110.57065742890028,111.96227979586324,108.97119244784656,109.2874755859375,789100,0.0,0.0
2020-05-06 00:00:00-04:00,109.63083497664525,114.60091075877759,107.03735658656512,111.13089752197266,1110700,0.0,0.0
2020-05-07 00:00:00-04:00,112.15203920019624,114.18073660412016,109.63989247117433,111.14898681640625,645700,0.0,0.0
2020-05-08 00:00:00-04:00,112.32371891697608,115.9880137387163,111.20318774199558,115.26058197021484,548700,0.0,0.0
2020-05-11 00:00:00-04:00,112.8116705785233,114.93525374244606,112.10682463232888,114.29366302490234,529600,0.0,0.0
2020-05-12 00:00:00-04:00,115.0346828269802,115.21541012435544,110.39895250138657,110.63390350341797,457500,0.0,0.0
2020-05-13 00:00:00-04:00,110.3085769383667,112.22883356636738,107.28135022132045,108.57357025146484,665100,0.0,0.0
2020-05-14 00:00:00-04:00,106.17888598451917,111.13992306734843,105.537295245461,110.16398620605469,471200,0.0,0.0
2020-05-15 00:00:00-04:00,109.58563457357657,114.90813951867378,109.58563457357657,114.77259063720703,661300,0.0,0.0
2020-05-18 00:00:00-04:00,117.47450961581868,118.36732184557663,109.6669735282808,109.81155395507812,733600,0.0,0.0
2020-05-19 00:00:00-04:00,110.06459889868724,112.05262661313414,109.16998022231252,109.31456756591797,537700,0.0,0.0
2020-05-20 00:00:00-04:00,111.31164907353912,112.03457210271924,109.57664207667277,110.82367706298828,400100,0.0,0.0
2020-05-21 00:00:00-04:00,111.06765677705062,111.47429663636983,108.88985634096522,109.55855560302734,522900,0.0,0.0
2020-05-22 00:00:00-04:00,110.41703108068506,110.41703108068506,108.05127114803379,109.54048919677734,547300,0.0,0.0
2020-05-26 00:00:00-04:00,112.71227842559543,112.71227842559543,107.09608954783025,107.52532196044922,946200,0.0,0.0
2020-05-27 00:00:00-04:00,107.21809231798404,108.98020736330764,103.12455821707574,108.31150817871094,949000,0.0,0.0
2020-05-28 00:00:00-04:00,109.35070927273777,110.52545036006295,106.74819236434244,107.59762573242188,647300,0.0,0.0
2020-05-29 00:00:00-04:00,108.0133025443189,110.8236550940514,106.28461796778095,110.20013427734375,826500,0.0,0.0
2020-06-01 00:00:00-04:00,110.84173292093358,112.2514249768973,108.73622637476976,110.38990783691406,552700,0.0,0.0
2020-06-02 00:00:00-04:00,111.57367397486091,113.30868043486177,110.02843320008175,112.31466674804688,642300,0.0,0.0
2020-06-03 00:00:00-04:00,113.4532850148436,114.43826042051414,109.3055270247065,109.96519470214844,528100,0.0,0.0
2020-06-04 00:00:00-04:00,109.74830967117126,110.99535130997162,108.16692188401142,109.19708251953125,628900,0.0,0.0
2020-06-05 00:00:00-04:00,110.20916983859895,111.90802961355298,107.17290482790844,108.4289779663086,664600,0.0,0.0
2020-06-08 00:00:00-04:00,108.06752604782564,109.47270240981135,103.57639026445497,104.63365936279297,1044800,0.0,0.0
2020-06-09 00:00:00-04:00,103.91977345687289,107.51630430217838,102.22994509349432,107.36267852783203,668300,0.0,0.0
2020-06-10 00:00:00-04:00,107.9139003707492,110.27242783810532,105.826470708909,109.09768676757812,705400,0.0,0.0
2020-06-11 00:00:00-04:00,107.24518896621508,110.89593602128159,105.13968268023145,105.24812316894531,532000,0.0,0.0
2020-06-12 00:00:00-04:00,108.00425278821002,108.34764422543206,103.65769817960789,106.07044219970703,472500,0.0,0.0
2020-06-15 00:00:00-04:00,105.19392558330054,108.76334120013813,104.82794145241515,108.56453704833984,577500,0.0,0.0
2020-06-16 00:00:00-04:00,111.51043345880245,111.96135539447832,106.0569013196951,107.25424194335938,685300,0.0,0.0
2020-06-17 00:00:00-04:00,107.75169825030089,114.49014082329306,107.75169825030089,113.23290252685547,804000,0.11,0.0
2020-06-18 00:00:00-04:00,111.75859394775497,112.56358813978142,108.27631469338111,109.14462280273438,697200,0.0,0.0
2020-06-19 00:00:00-04:00,113.78464374797721,119.73617909014693,111.70431766280335,119.18444061279297,1581300,0.0,0.0
2020-06-22 00:00:00-04:00,119.66383252471918,125.63344840446383,119.21158827012947,121.09292602539062,1014100,0.0,0.0
2020-06-23 00:00:00-04:00,121.73507599918455,122.74811227193314,119.25678691014056,120.72205352783203,892000,0.0,0.0
2020-06-24 00:00:00-04:00,119.40152409350516,121.61481312433021,117.70109506745327,120.62258911132812,451200,0.0,0.0
2020-06-25 00:00:00-04:00,119.78140099057615,125.84148475707576,117.33024497521292,125.46160125732422,1456900,0.0,0.0
2020-06-26 00:00:00-04:00,124.60235229920909,126.62841185743258,121.68085780431934,122.22355651855469,1207400,0.0,0.0
2020-06-29 00:00:00-04:00,123.70687232739631,126.03140015066953,121.50895851642937,123.42648315429688,685600,0.0,0.0
2020-06-30 00:00:00-04:00,123.4265010243795,126.51079617642398,123.4265010243795,125.69676208496094,590700,0.0,0.0
2020-07-01 00:00:00-04:00,125.76005059650106,130.61716228519893,123.96916757794584,129.6041259765625,674900,0.0,0.0
2020-07-02 00:00:00-04:00,131.13269715162232,132.17286687657852,127.90368141051646,128.02125549316406,501800,0.0,0.0
2020-07-06 00:00:00-04:00,130.49050900270296,130.86133865439854,128.50967774995993,129.44129943847656,589600,0.0,0.0
2020-07-07 00:00:00-04:00,128.54590222903192,130.2282514045089,126.27564104442456,126.5560302734375,455000,0.0,0.0
2020-07-08 00:00:00-04:00,127.08060680821968,130.70759994150325,126.39320066516187,127.28863525390625,576900,0.0,0.0
2020-07-09 00:00:00-04:00,128.256452626783,129.21520808328788,122.2506504488418,124.99124908447266,523500,0.0,0.0
2020-07-10 00:00:00-04:00,125.51585090861353,125.69674581648178,122.25968736139775,124.4033203125,371900,0.0,0.0
2020-07-13 00:00:00-04:00,125.6786753726749,125.6786753726749,116.98654026244911,117.3121566772461,681000,0.0,0.0
2020-07-14 00:00:00-04:00,117.29404126490057,118.71409458286703,113.76654226071123,118.0809555053711,468700,0.0,0.0
2020-07-15 00:00:00-04:00,117.20359596736792,119.64571162536495,115.05090938962573,118.91307830810547,634100,0.0,0.0
2020-07-16 00:00:00-04:00,116.84181283509645,120.55926096401913,116.7604121858949,120.05274963378906,491900,0.0,0.0
2020-07-17 00:00:00-04:00,120.82155288466248,124.74250206990585,119.56884151500488,123.7249526977539,626800,0.0,0.0
2020-07-20 00:00:00-04:00,123.40841270598676,124.94695128254277,122.41346983899247,124.24958038330078,375300,0.0,0.0
2020-07-21 00:00:00-04:00,125.3621050706689,125.60630701590244,121.82555190811011,122.0064468383789,336700,0.0,0.0
2020-07-22 00:00:00-04:00,121.5180398714392,124.81941749476252,121.5180398714392,123.89683532714844,232400,0.0,0.0
2020-07-23 00:00:00-04:00,123.69781333674773,134.74162140926768,123.12346824219213,125.59724426269531,1999400,0.0,0.0
2020-07-24 00:00:00-04:00,125.6334579547097,125.6334579547097,119.42866575801472,123.74308013916016,626200,0.0,0.0
2020-07-27 00:00:00-04:00,124.51189652872081,125.6388912442033,119.57790985515213,121.6537094116211,669700,0.0,0.0
2020-07-28 00:00:00-04:00,121.55418399686306,122.57626020838602,119.02161395674916,120.55020141601562,617100,0.0,0.0
2020-07-29 00:00:00-04:00,127.06255067430321,141.4710607966565,126.583172835466,140.70223999023438,2046200,0.0,0.0
2020-07-30 00:00:00-04:00,140.09623518536478,143.79559015417047,137.9345080376827,143.57852172851562,731100,0.0,0.0
2020-07-31 00:00:00-04:00,144.22066925632208,144.6638735304892,139.74345454101564,141.32630920410156,576300,0.0,0.0
2020-08-03 00:00:00-04:00,142.14936082017022,147.16021909340452,141.64284966491405,147.02455139160156,681600,0.0,0.0
2020-08-04 00:00:00-04:00,147.03366028771947,149.40341593364445,145.6769274275822,148.1280975341797,506900,0.0,0.0
2020-08-05 00:00:00-04:00,149.0687492549984,149.24060428027232,146.9070222662674,149.12301635742188,353000,0.0,0.0
2020-08-06 00:00:00-04:00,149.24058121623807,152.83140115324963,148.08283720546024,152.569091796875,315400,0.0,0.0
2020-08-07 00:00:00-04:00,151.93599659231327,153.7630674939871,146.98844266942405,150.0094451904297,467900,0.0,0.0
2020-08-10 00:00:00-04:00,151.47468336606337,152.3520382755977,142.4696020076662,144.56439208984375,490400,0.0,0.0
2020-08-11 00:00:00-04:00,144.21166502327966,144.21166502327966,139.01989547525696,140.82887268066406,522600,0.0,0.0
2020-08-12 00:00:00-04:00,141.45293294738386,141.5252936717781,136.40588628241213,138.81182861328125,641700,0.0,0.0
2020-08-13 00:00:00-04:00,139.30934868189743,142.42079191188654,139.3002949623091,142.33033752441406,424900,0.0,0.0
2020-08-14 00:00:00-04:00,142.52928805061367,143.30714865025953,139.73893517937643,142.7644500732422,336100,0.0,0.0
2020-08-17 00:00:00-04:00,142.97251508578245,143.61469424260204,138.95658362110663,142.37554931640625,537000,0.0,0.0
2020-08-18 00:00:00-04:00,143.10814687942036,145.9844131884212,140.8921531970913,144.5010528564453,358700,0.0,0.0
2020-08-19 00:00:00-04:00,145.1794403106596,147.5944228853519,143.42925731786676,144.0036163330078,347700,0.0,0.0
2020-08-20 00:00:00-04:00,142.68304571412,150.34859045767223,142.2669749757142,149.4395751953125,416200,0.0,0.0
2020-08-21 00:00:00-04:00,150.31689171088482,152.35199010056525,148.53504890558642,152.21630859375,295000,0.0,0.0
2020-08-24 00:00:00-04:00,153.76308500765745,153.76308500765745,148.34519251447085,150.0275421142578,318500,0.0,0.0
2020-08-25 00:00:00-04:00,150.03652716138936,152.0083050772542,148.94209021994573,151.51083374023438,274200,0.0,0.0
2020-08-26 00:00:00-04:00,151.45657768973368,152.56005462632692,149.77422873733724,151.00433349609375,275500,0.0,0.0
2020-08-27 00:00:00-04:00,151.57462224293232,152.70618145841888,148.93400891693926,149.93612670898438,266100,0.14,0.0
2020-08-28 00:00:00-04:00,149.86371952947718,151.78283972149987,148.73216020626,149.18478393554688,287200,0.0,0.0
2020-08-31 00:00:00-04:00,149.18480485870958,149.64647615465876,145.925908025592,147.91744995117188,479300,0.0,0.0
2020-09-01 00:00:00-04:00,149.10332228014153,151.41169236214841,148.36554335520225,150.44308471679688,313400,0.0,0.0
2020-09-02 00:00:00-04:00,151.55657183648262,151.83719641999704,142.70325022755816,144.87583923339844,595400,0.0,0.0
2020-09-03 00:00:00-04:00,143.51793104166276,143.51793104166276,134.48356495564929,136.05870056152344,755600,0.0,0.0
2020-09-04 00:00:00-04:00,135.20779563980213,135.75094977943297,125.25007104178319,129.33273315429688,791100,0.0,0.0
2020-09-08 00:00:00-04:00,122.64293978331634,125.92446230128724,119.58321231800849,119.95435333251953,1161400,0.0,0.0
2020-09-09 00:00:00-04:00,120.85962449853258,123.40338232879421,118.64630088915595,119.48365783691406,741400,0.0,0.0
2020-09-10 00:00:00-04:00,120.99538914678298,127.41359087092025,120.40245311490885,121.91873168945312,882200,0.0,0.0
2020-09-11 00:00:00-04:00,124.54397915651364,124.54397915651364,119.37500875608654,121.81012725830078,812200,0.0,0.0
2020-09-14 00:00:00-04:00,122.95071285103698,123.9093612622769,120.05391001809856,122.01829528808594,634500,0.0,0.0
2020-09-15 00:00:00-04:00,122.86925529009964,122.86925529009964,118.36112602132039,119.27542114257812,591800,0.0,0.0
2020-09-16 00:00:00-04:00,119.45646342099059,121.14927178677151,117.60975082833839,118.41542053222656,646700,0.0,0.0
2020-09-17 00:00:00-04:00,116.07990409594464,121.98665339178537,114.3780409738317,120.94109344482422,699800,0.0,0.0
2020-09-18 00:00:00-04:00,122.70630813864963,126.61697037105644,117.87228953780703,120.15350341796875,6544000,0.0,0.0
2020-09-21 00:00:00-04:00,118.5964545073367,124.8064520985007,116.59495387238503,124.67971801757812,795900,0.0,0.0
2020-09-22 00:00:00-04:00,125.40396149164908,129.94830876674405,123.72020023437382,129.33273315429688,899900,0.0,0.0
2020-09-23 00:00:00-04:00,128.9525056127887,129.90301826512973,125.60309257342682,125.91087341308594,484300,0.0,0.0
2020-09-24 00:00:00-04:00,124.96940645162924,125.61212437097312,120.88673183343384,121.3846206665039,411700,0.0,0.0
2020-09-25 00:00:00-04:00,121.80106945524928,123.00051978345745,120.17162098438989,122.82398986816406,302200,0.0,0.0
2020-09-28 00:00:00-04:00,124.14563385910047,125.8475034731715,122.79681019550378,125.71170806884766,419300,0.0,0.0
2020-09-29 00:00:00-04:00,125.44014093348659,126.2548580818384,123.64322426209634,124.1908950805664,255400,0.0,0.0
2020-09-30 00:00:00-04:00,125.12331742684053,126.07383011663904,122.38946595906218,123.70207214355469,411800,0.0,0.0
2020-10-01 00:00:00-04:00,124.35381855897081,127.5131366436552,124.0369902882462,127.04240417480469,421600,0.0,0.0
2020-10-02 00:00:00-04:00,123.67494372005059,129.8396787141511,122.96885157703372,129.28749084472656,388700,0.0,0.0
2020-10-05 00:00:00-04:00,129.97543902649116,131.26088883197767,126.32729266950983,128.79861450195312,392100,0.0,0.0
2020-10-06 00:00:00-04:00,126.63505760307565,127.06957248527843,119.72801555530646,120.16254425048828,1073400,0.0,0.0
2020-10-07 00:00:00-04:00,121.05874592426454,123.02313136794383,117.4468171913301,118.81373596191406,849500,0.0,0.0
2020-10-08 00:00:00-04:00,119.49268165791419,119.86111532678616,115.51683579707758,117.9899673461914,805900,0.0,0.0
2020-10-09 00:00:00-04:00,119.45646873779319,119.9000311819916,117.23860126487736,118.82278442382812,592600,0.0,0.0
2020-10-12 00:00:00-04:00,119.06720827284347,120.17161138077878,116.77693309318616,119.4474105834961,437800,0.0,0.0
2020-10-13 00:00:00-04:00,118.8228125915036,123.26305162171013,118.37925004215599,121.70150756835938,311300,0.0,0.0
2020-10-14 00:00:00-04:00,122.59765603095032,123.11365370981743,117.98994980648484,118.07141876220703,355900,0.0,0.0
2020-10-15 00:00:00-04:00,116.78599714364671,121.21265770537286,116.5868415508506,120.99540710449219,340500,0.0,0.0
2020-10-16 00:00:00-04:00,121.14926875002016,121.21262888921984,117.5373264262383,117.60070037841797,334500,0.0,0.0
2020-10-19 00:00:00-04:00,118.57838078223578,119.01289573579797,112.83457710300928,115.98937225341797,689200,0.0,0.0
2020-10-20 00:00:00-04:00,116.16137176559926,116.324309693694,112.61279613534899,112.86626434326172,473600,0.0,0.0
2020-10-21 00:00:00-04:00,112.70332105808367,113.79866977533113,107.74256139755465,107.78782653808594,500800,0.0,0.0
2020-10-22 00:00:00-04:00,107.9416979659934,112.0153112631181,106.50235791612434,111.68037414550781,590700,0.0,0.0
2020-10-23 00:00:00-04:00,111.49029492249836,114.91212965925834,108.91033380229881,114.52287292480469,654400,0.0,0.0
2020-10-26 00:00:00-04:00,113.77152168729596,116.53252279724956,111.43598115926962,114.51382446289062,676600,0.0,0.0
2020-10-27 00:00:00-04:00,114.20603141929868,115.25159120884115,111.99722524144899,113.31888580322266,297100,0.0,0.0
2020-10-28 00:00:00-04:00,111.5265005020124,113.22383973595024,109.82463751645416,110.93809509277344,504500,0.0,0.0
2020-10-29 00:00:00-04:00,111.46947222722072,112.73048006217289,108.02319540752443,108.5482406616211,596100,0.0,0.0
2020-10-30 00:00:00-04:00,108.01412976094097,108.77454124060996,104.84576355971569,105.30744171142578,740000,0.0,0.0
2020-11-02 00:00:00-05:00,107.90097603713849,108.62970055461867,101.81318794985481,105.50659942626953,934300,0.0,0.0
2020-11-03 00:00:00-05:00,105.51565560399196,107.30804884936698,102.83612359878285,107.00931549072266,786200,0.0,0.0
2020-11-04 00:00:00-05:00,108.61159105110136,117.68216737449536,107.95800228794839,116.84029388427734,787100,0.0,0.0
2020-11-05 00:00:00-05:00,119.1939718276203,119.90912529884747,115.00267715259675,119.39312744140625,714500,0.0,0.0
2020-11-06 00:00:00-05:00,119.3116397925911,121.6381190071625,116.15232060721114,119.74615478515625,475800,0.0,0.0
2020-11-09 00:00:00-05:00,117.6821917201428,119.53795212140311,112.5041741794179,112.8843765258789,938500,0.0,0.0
2020-11-10 00:00:00-05:00,113.39131038397306,115.5186407515003,110.2319914524059,111.7528076171875,566200,0.0,0.0
2020-11-11 00:00:00-05:00,113.13783942355701,118.08953761493832,113.11067619618446,118.08049011230469,562800,0.0,0.0
2020-11-12 00:00:00-05:00,117.836077490156,120.79624098606958,116.91725173603835,119.718994140625,479900,0.0,0.0
2020-11-13 00:00:00-05:00,119.40216695641651,120.0177425795585,116.12517467919886,117.66409301757812,382300,0.0,0.0
2020-11-16 00:00:00-05:00,117.78174806153699,122.55240606315438,115.52768381060703,122.37134552001953,584900,0.0,0.0
2020-11-17 00:00:00-05:00,122.90546170925856,124.5258487193903,119.71536751697225,124.0098648071289,446800,0.0,0.0
2020-11-18 00:00:00-05:00,124.33574418391744,124.74310277841226,119.82760188676654,120.17160034179688,488000,0.0,0.0
2020-11-19 00:00:00-05:00,121.49001808959953,122.45997836909099,120.07934247201226,121.6689453125,370600,5.14,0.0
2020-11-20 00:00:00-05:00,121.10390495977278,121.94202623802124,119.04155787627226,121.48058319091797,313400,0.0,0.0
2020-11-23 00:00:00-05:00,121.14157742623291,121.52768198635513,117.48774510410429,119.38057708740234,392300,0.0,0.0
2020-11-24 00:00:00-05:00,119.17340146753479,119.70075676000236,115.3547671912318,115.75498962402344,419600,0.0,0.0
2020-11-25 00:00:00-05:00,116.85677883555846,118.31643206433687,114.14465689163255,114.3895034790039,402200,0.0,0.0
2020-11-27 00:00:00-05:00,115.83974885155946,119.35232312025181,114.88861974198589,118.66487884521484,204600,0.0,0.0
2020-11-30 00:00:00-05:00,118.6554613066059,121.38641458893682,116.72495291147675,119.88909912109375,376100,0.0,0.0
2020-12-01 00:00:00-05:00,119.8231825385779,121.95144922400377,116.82854434746623,121.44293212890625,579200,0.0,0.0
2020-12-02 00:00:00-05:00,120.82140636872366,120.82140636872366,117.35119983171231,118.6272201538086,259000,0.0,0.0
2020-12-03 00:00:00-05:00,118.90031079919741,120.70650276840261,116.44244703786102,116.45186614990234,397500,0.0,0.0
2020-12-04 00:00:00-05:00,116.5366115980886,117.37943888030777,115.37830514579514,117.28056335449219,324600,0.0,0.0
2020-12-07 00:00:00-05:00,117.12047595214986,118.08101699635127,115.17113652845768,116.39535522460938,395100,0.0,0.0
2020-12-08 00:00:00-05:00,116.22585424372257,118.32587084533674,113.89982923871254,118.1751937866211,343100,0.0,0.0
2020-12-09 00:00:00-05:00,117.71376162011948,121.58419067696325,117.61959204775896,118.46713256835938,390100,0.0,0.0
2020-12-10 00:00:00-05:00,117.9774207751192,122.48821945908321,116.36709763112475,122.34695434570312,350800,0.0,0.0
2020-12-11 00:00:00-05:00,122.5635254622892,124.07026689912728,120.78369450431676,123.53348541259766,432500,0.0,0.0
2020-12-14 00:00:00-05:00,124.00437067500611,126.98489098654953,123.24158784474717,125.94430541992188,529100,0.0,0.0
2020-12-15 00:00:00-05:00,126.11378242280541,127.5310603568809,123.80659614523869,124.37162780761719,426900,0.0,0.0
2020-12-16 00:00:00-05:00,124.6447511095441,130.05958425834228,124.51291226852152,129.1178741455078,510300,0.0,0.0
2020-12-17 00:00:00-05:00,129.51339289876003,137.82869506259826,129.25912714049664,137.32958984375,723000,0.0,0.0
2020-12-18 00:00:00-05:00,138.19595018211677,140.0417082072357,135.60624753815887,135.88876342773438,604900,0.0,0.0
2020-12-21 00:00:00-05:00,134.06184615129476,137.48967023160998,133.25197491625215,135.52149963378906,446200,0.0,0.0
2020-12-22 00:00:00-05:00,135.43675397227776,137.10357050940877,134.25019004557097,136.6138916015625,214100,0.0,0.0
2020-12-23 00:00:00-05:00,136.72690359895705,137.09416999509637,129.64523900817744,132.00892639160156,382200,0.0,0.0
2020-12-24 00:00:00-05:00,132.19722900961088,134.14656086317595,131.3402696255456,132.55506896972656,162500,0.0,0.0
2020-12-28 00:00:00-05:00,133.72284391209337,135.69101471539332,130.9259635624116,134.95648193359375,456800,0.0,0.0
2020-12-29 00:00:00-05:00,135.26723872358147,135.83227053355586,128.74119460209195,130.42684936523438,553500,0.0,0.0
2020-12-30 00:00:00-05:00,129.4945422471911,131.8864937923005,128.22324231657353,128.38333129882812,327300,0.0,0.0
2020-12-31 00:00:00-05:00,128.86361495984258,128.86361495984258,123.59945860942763,124.82368469238281,335900,0.0,0.0
2021-01-04 00:00:00-05:00,125.247392066038,126.07610121323835,121.5031561942954,122.77069091796875,385900,0.0,0.0
2021-01-05 00:00:00-05:00,123.31692021806276,128.46807500879382,122.69068939772912,128.12905883789062,441100,0.0,0.0
2021-01-06 00:00:00-05:00,129.36270841496503,136.46321042787537,128.74119068612512,134.11834716796875,523300,0.0,0.0
2021-01-07 00:00:00-05:00,133.1672079659204,136.8775474816075,131.91473200351032,136.4066925048828,470300,0.0,0.0
2021-01-08 00:00:00-05:00,136.02059062518774,138.4313658538867,134.17483275795357,138.24302673339844,359400,0.0,0.0
2021-01-11 00:00:00-05:00,137.13181471502577,137.67800827564608,134.75871570325438,135.14480590820312,357100,0.0,0.0
2021-01-12 00:00:00-05:00,135.59684705423467,138.10178508417445,135.59684705423467,137.75335693359375,328400,0.0,0.0
2021-01-13 00:00:00-05:00,137.8192622566929,137.88517448367648,135.2954720210894,135.9546661376953,252300,0.0,0.0
2021-01-14 00:00:00-05:00,135.49325836495984,139.74977781486558,135.389669675685,137.75335693359375,277100,0.0,0.0
2021-01-15 00:00:00-05:00,136.77397371407073,137.8945966105152,134.35377197272467,136.50086975097656,209100,0.0,0.0
2021-01-19 00:00:00-05:00,138.40315033126424,140.9269267898072,136.70806908407107,138.86459350585938,232500,0.0,0.0
2021-01-20 00:00:00-05:00,138.2336314797729,144.23233511836935,138.2336314797729,143.5919647216797,382900,0.0,0.0
2021-01-21 00:00:00-05:00,144.3076608127632,146.8879372888699,143.42245102018282,145.09869384765625,302900,0.0,0.0
2021-01-22 00:00:00-05:00,144.80674066481262,146.73724890458598,141.84034574925263,146.37939453125,306200,0.0,0.0
2021-01-25 00:00:00-05:00,146.8785588741247,151.09741705886023,146.33236516749568,147.59425354003906,339400,0.0,0.0
2021-01-26 00:00:00-05:00,148.50765704959798,148.90317350642871,144.32646254973918,148.30990600585938,269700,0.0,0.0
2021-01-27 00:00:00-05:00,145.9932896370104,152.52875886546715,142.48071561338122,146.1439666748047,563200,0.0,0.0
2021-01-28 00:00:00-05:00,146.74668912754672,148.74310997563936,143.921558779028,144.73143005371094,385800,0.0,0.0
2021-01-29 00:00:00-05:00,145.023340506303,145.0845539556134,140.88923416664423,141.3035888671875,412000,0.0,0.0
2021-02-01 00:00:00-05:00,143.51659746884252,145.84262230569377,141.31299952951633,144.76907348632812,498200,0.0,0.0
2021-02-02 00:00:00-05:00,146.45477402306304,148.63012228144515,144.15699884074104,144.91036987304688,441900,0.0,0.0
2021-02-03 00:00:00-05:00,145.2870087717157,146.72311068621136,139.34482133394954,141.27532958984375,521500,0.0,0.0
2021-02-04 00:00:00-05:00,141.887475308899,145.400050361167,140.27715890012885,143.9780731201172,466800,0.0,0.0
2021-02-05 00:00:00-05:00,145.02333266500298,146.21930832793208,143.72376833253907,146.05921936035156,241000,0.0,0.0
2021-02-08 00:00:00-05:00,146.83140863958283,147.0009238968279,140.76209569223022,146.88790893554688,446500,0.0,0.0
2021-02-09 00:00:00-05:00,147.19869756754497,155.17498294632028,145.9650596847897,154.0825958251953,427600,0.0,0.0
2021-02-10 00:00:00-05:00,155.09025817911277,157.67996127990844,154.03554733261947,154.86424255371094,438200,0.0,0.0
2021-02-11 00:00:00-05:00,156.0319232611135,161.83285997746322,155.65523066107903,161.38082885742188,367000,0.0,0.0
2021-02-12 00:00:00-05:00,162.22837266043854,162.2754610305177,158.1036785943745,160.8534698486328,292500,0.0,0.0
2021-02-16 00:00:00-05:00,161.93647896383698,162.7934242544755,155.26916957319332,156.31446838378906,468400,0.0,0.0
2021-02-17 00:00:00-05:00,147.08570760762828,147.08570760762828,129.01900104992154,135.6439208984375,2204300,0.0,0.0
2021-02-18 00:00:00-05:00,133.87350038895755,135.91700941562317,128.24206410251105,131.37796020507812,914900,0.0,0.0
2021-02-19 00:00:00-05:00,131.52865446267268,134.57037421303386,129.84299962262975,132.27261352539062,664500,0.0,0.0
2021-02-22 00:00:00-05:00,131.28380586383773,131.83941136307968,122.77073868326838,123.66537475585938,693300,0.0,0.0
2021-02-23 00:00:00-05:00,121.63127101954304,121.63127101954304,116.17876907937386,119.61600494384766,871200,0.0,0.0
2021-02-24 00:00:00-05:00,118.67431569279407,128.383352695383,118.17144566706044,128.3551025390625,850600,0.0,0.0
2021-02-25 00:00:00-05:00,125.83130031022931,127.3851306134691,122.70483021684038,125.34162139892578,619200,0.0,0.0
2021-02-26 00:00:00-05:00,126.91427127425743,128.78826513366255,122.1868826578335,128.2138214111328,708800,0.0,0.0
2021-03-01 00:00:00-05:00,130.3044244961599,132.71803086351986,126.50933386822594,132.0277557373047,596600,0.0,0.0
2021-03-02 00:00:00-05:00,133.50622581472123,134.07124317233436,126.99617574264799,128.0254669189453,583400,0.0,0.0
2021-03-03 00:00:00-05:00,127.0649276504115,127.41337013322061,121.16982802630952,121.58418273925781,658200,0.0,0.0
2021-03-04 00:00:00-05:00,121.8292933180382,122.28181518743872,112.42082882062721,113.4672622680664,713800,0.14,0.0
2021-03-05 00:00:00-05:00,114.39111316486752,114.58909324148189,106.0432241841998,113.62750244140625,694000,0.0,0.0
2021-03-08 00:00:00-05:00,113.64636824572513,116.01450528987698,108.88556781492218,109.51719665527344,541100,0.0,0.0
2021-03-09 00:00:00-05:00,113.50495277892156,114.47596574673543,111.34138421170806,113.08071899414062,794300,0.0,0.0
2021-03-10 00:00:00-05:00,113.73120068664765,115.99375917942743,112.7281309064645,115.23957061767578,616800,0.0,0.0
2021-03-11 00:00:00-05:00,117.43616777265508,120.44348625079529,116.89881062441934,120.236083984375,533000,0.0,0.0
2021-03-12 00:00:00-05:00,118.39773866978584,121.26365273739367,117.29474367424318,121.04681396484375,416200,0.0,0.0
2021-03-15 00:00:00-04:00,121.76330087176163,122.70131485739901,119.01051723526776,121.065673828125,503900,0.0,0.0
2021-03-16 00:00:00-04:00,122.17810450927865,123.78074644620797,120.20779038031314,122.87571716308594,575400,0.0,0.0
2021-03-17 00:00:00-04:00,120.9996915674225,125.4210937923212,120.84885095313163,124.44065856933594,619100,0.0,0.0
2021-03-18 00:00:00-04:00,123.1113981492633,124.28039129006409,120.00981544985419,120.09465789794922,649600,0.0,0.0
2021-03-19 00:00:00-04:00,119.68928999564336,125.14771078684474,118.87853965544912,123.89387512207031,883900,0.0,0.0
2021-03-22 00:00:00-04:00,124.42177209126356,125.40692535858688,122.90397291341317,123.8844223022461,353300,0.0,0.0
2021-03-23 00:00:00-04:00,123.57334751740834,124.91202561287652,122.12153176791905,122.48919677734375,429700,0.0,0.0
2021-03-24 00:00:00-04:00,121.92357203371813,122.48920279178579,114.69281690335409,118.64286041259766,887500,0.0,0.0
2021-03-25 00:00:00-04:00,117.28532877405303,117.28532877405303,113.58227498006826,116.1634750366211,738600,0.0,0.0
2021-03-26 00:00:00-04:00,116.10688934906817,119.84010761678353,114.79648510779172,117.96406555175781,657800,0.0,0.0
2021-03-29 00:00:00-04:00,117.78496653972593,119.00109197355455,115.95606372090948,117.20046997070312,450800,0.0,0.0
2021-03-30 00:00:00-04:00,116.84225399077444,120.35393068316652,115.28674411846302,118.5108871459961,409800,0.0,0.0
2021-03-31 00:00:00-04:00,118.85967815635026,121.54645631016614,117.70011437927909,119.88725280761719,515600,0.0,0.0
2021-04-01 00:00:00-04:00,128.35299742348198,130.98322860696715,124.92145241264458,128.05133056640625,1365300,0.0,0.0
2021-04-05 00:00:00-04:00,128.7112314084079,129.2768765056506,126.01501663012895,127.26885223388672,652300,0.0,0.0
2021-04-06 00:00:00-04:00,127.72133521263721,131.40742101245687,127.02372269596162,129.9650421142578,516500,0.0,0.0
2021-04-07 00:00:00-04:00,129.55025378864465,130.67210737871497,128.47177082705645,129.68223571777344,351800,0.0,0.0
2021-04-08 00:00:00-04:00,130.28559603579126,131.02092605107296,127.5422416945734,127.93820190429688,425800,0.0,0.0
2021-04-09 00:00:00-04:00,127.51396882804916,130.29504068881087,124.05414292889729,129.7765350341797,497100,0.0,0.0
2021-04-12 00:00:00-04:00,129.6445615398113,129.7199818567633,126.95776849009599,127.80623626708984,294600,0.0,0.0
2021-04-13 00:00:00-04:00,128.88091089712444,131.80997444961193,128.87147436981653,129.154296875,327300,0.0,0.0
2021-04-14 00:00:00-04:00,129.1166317222915,130.8512558306717,127.79679777334226,128.07962036132812,305800,0.0,0.0
2021-04-15 00:00:00-04:00,129.46537070367495,130.83704731417816,127.91929099710187,130.37982177734375,324100,0.0,0.0
2021-04-16 00:00:00-04:00,131.09634243519824,131.6808318183274,128.61224817194702,129.38999938964844,307500,0.0,0.0
2021-04-19 00:00:00-04:00,128.88090566592138,129.86134067448523,126.70318253386638,129.80477905273438,448800,0.0,0.0
2021-04-20 00:00:00-04:00,129.45600680412656,131.80340103315822,128.39543296283054,130.3421630859375,788800,0.0,0.0
2021-04-21 00:00:00-04:00,129.795344051138,134.16963465060434,128.7866282198445,134.08477783203125,540300,0.0,0.0
2021-04-22 00:00:00-04:00,133.96223585021914,135.97968194903615,132.8026650214268,133.09490966796875,480100,0.0,0.0
2021-04-23 00:00:00-04:00,133.82082059605918,134.86725381714288,132.89694715287956,134.21676635742188,435000,0.0,0.0
2021-04-26 00:00:00-04:00,134.48073708372738,137.84629780505227,133.79254663362008,136.781005859375,836900,0.0,0.0
2021-04-27 00:00:00-04:00,137.2241108514654,141.90949151841102,137.2241108514654,139.60922241210938,922600,0.0,0.0
2021-04-28 00:00:00-04:00,139.99573200052373,148.13151550717308,138.28090189488333,147.99009704589844,865500,0.0,0.0
2021-04-29 00:00:00-04:00,150.82771116354587,150.82771116354587,145.72752714125568,148.97994995117188,641800,0.0,0.0
2021-04-30 00:00:00-04:00,148.5274911451295,149.99815137415112,146.8494286391992,149.33824157714844,441100,0.0,0.0
2021-05-03 00:00:00-04:00,150.33751902892715,152.17584411244545,149.2250874495718,150.84658813476562,500500,0.0,0.0
2021-05-04 00:00:00-04:00,149.31934275832594,151.12938673704218,148.3436115431345,150.97854614257812,370200,0.0,0.0
2021-05-05 00:00:00-04:00,151.120015839314,151.16715533918796,144.00238290701694,144.8225555419922,648300,0.0,0.0
2021-05-06 00:00:00-04:00,145.60500121020291,146.30262829247354,140.9761821536178,142.66368103027344,418800,0.0,0.0
2021-05-07 00:00:00-04:00,140.6367682041198,143.909934180428,137.58232539712947,137.81800842285156,364800,0.0,0.0
2021-05-10 00:00:00-04:00,137.01674187187095,137.16286426259953,130.21964841521392,130.50245666503906,541900,0.0,0.0
2021-05-11 00:00:00-04:00,127.34425895826242,130.709805211568,126.69848974516721,129.7293701171875,642400,0.0,0.0
2021-05-12 00:00:00-04:00,128.1455785652148,129.27968814181247,123.64875641526696,124.98743438720703,578600,0.0,0.0
2021-05-13 00:00:00-04:00,125.53482080763952,126.16711743505294,121.87314811141128,123.48693084716797,521900,0.14,0.0
2021-05-14 00:00:00-04:00,124.39286910939502,128.7528907962392,123.62845121886063,128.56414794921875,440000,0.0,0.0
2021-05-17 00:00:00-04:00,125.73771404812699,127.81863789275232,124.60051905457023,125.71412658691406,366600,0.0,0.0
2021-05-18 00:00:00-04:00,126.90318770145223,128.9133342545479,125.75183764194875,126.29920196533203,565600,0.0,0.0
2021-05-19 00:00:00-04:00,124.26078356933354,126.00668780893062,123.37367609192357,125.32720184326172,265100,0.0,0.0
2021-05-20 00:00:00-04:00,126.31812121194258,128.4320647684376,124.59109556702428,128.13951110839844,238500,0.0,0.0
2021-05-21 00:00:00-04:00,129.555065276712,131.78226542127732,128.63021525062524,130.03636169433594,328100,0.0,0.0
2021-05-24 00:00:00-04:00,131.30101015298615,134.88716855358467,130.11190248948438,134.2360076904297,322400,0.0,0.0
2021-05-25 00:00:00-04:00,135.59493893656247,137.6617071885869,134.06610298033965,134.5190887451172,387900,0.0,0.0
2021-05-26 00:00:00-04:00,135.0759165420358,136.66137411713234,134.0944304620773,135.6704559326172,187100,0.0,0.0
2021-05-27 00:00:00-04:00,135.66101497771655,136.87841879344677,134.27373248993172,135.25521850585938,243100,0.0,0.0
2021-05-28 00:00:00-04:00,135.74597419948046,137.30313567002517,133.78301617610876,134.6512451171875,205300,0.0,0.0
2021-06-01 00:00:00-04:00,134.73618745803003,135.40622695457895,131.62187901446381,132.3579864501953,309200,0.0,0.0
2021-06-02 00:00:00-04:00,131.8955208890767,134.57572140136824,130.90461725195607,134.22653198242188,511000,0.0,0.0
2021-06-03 00:00:00-04:00,133.4149270369024,134.11329148683785,128.80009408568355,129.8098907470703,379700,0.0,0.0
2021-06-04 00:00:00-04:00,131.14058170313717,131.3953781524443,129.37579876813467,130.0458526611328,153000,0.0,0.0
2021-06-07 00:00:00-04:00,129.72496153689423,132.17864766998537,128.49811127026962,132.03709411621094,310400,0.0,0.0
2021-06-08 00:00:00-04:00,133.4621221445581,141.9462490484176,132.12202900693532,140.8326416015625,587300,0.0,0.0
2021-06-09 00:00:00-04:00,142.38983153730607,143.22974974422007,137.7938616633733,138.29403686523438,409400,0.0,0.0
2021-06-10 00:00:00-04:00,141.76689834308627,142.70119475480232,137.88817357951976,138.6337127685547,333400,0.0,0.0
2021-06-11 00:00:00-04:00,138.63372919481998,141.31392943282464,138.63372919481998,141.10630798339844,230400,0.0,0.0
2021-06-14 00:00:00-04:00,141.97455635664522,143.5788923618134,141.57346875531366,142.4747314453125,233700,0.0,0.0
2021-06-15 00:00:00-04:00,142.21049802557852,142.21049802557852,139.5774865567305,140.49290466308594,301600,0.0,0.0
2021-06-16 00:00:00-04:00,139.67187462548688,141.04972513016006,138.74702435257913,139.98330688476562,198000,0.0,0.0
2021-06-17 00:00:00-04:00,139.87950011857197,141.83301147316013,137.539056455049,137.87879943847656,382400,0.0,0.0
2021-06-18 00:00:00-04:00,135.98187969312866,140.0257610677883,135.5855153241066,136.56700134277344,433500,0.0,0.0
2021-06-21 00:00:00-04:00,136.6424890057469,141.43663312161343,135.94413889763464,139.18112182617188,364900,0.0,0.0
2021-06-22 00:00:00-04:00,138.69979576728258,144.14511391057417,136.78402782989588,143.66380310058594,502600,0.0,0.0
2021-06-23 00:00:00-04:00,144.05078414720987,146.00430995588724,143.0976231063565,145.966552734375,386800,0.0,0.0
2021-06-24 00:00:00-04:00,147.22167112425407,150.0339785021479,146.98573895899085,148.5806427001953,341800,0.0,0.0
2021-06-25 00:00:00-04:00,148.19370270508546,150.58133494005926,146.71205627317892,147.76902770996094,535000,0.0,0.0
2021-06-28 00:00:00-04:00,148.59008177135172,149.42999974307318,146.89136722175857,148.5428924560547,271100,0.0,0.0
2021-06-29 00:00:00-04:00,147.986101548137,150.78897706046413,147.40099433686257,148.3636016845703,216500,0.0,0.0
2021-06-30 00:00:00-04:00,148.75051748587782,149.8546783695192,147.20280294810388,148.7599639892578,247000,0.0,0.0
2021-07-01 00:00:00-04:00,149.5243951993428,150.68517760545308,146.41008724133482,147.5331268310547,247500,0.0,0.0
2021-07-02 00:00:00-04:00,148.24089739011868,149.39224748985058,147.108425895344,148.05215454101562,185500,0.0,0.0
2021-07-06 00:00:00-04:00,148.9014909805444,149.3733552603408,144.54146964327512,147.2688446044922,234600,0.0,0.0
2021-07-07 00:00:00-04:00,147.69358649168203,148.9393156668204,144.56039934220905,147.39158630371094,179700,0.0,0.0
2021-07-08 00:00:00-04:00,145.01338073674455,148.5429174729386,143.44678736605067,147.33494567871094,255300,0.0,0.0
2021-07-09 00:00:00-04:00,148.1653874914804,150.354844715531,146.81586253022493,149.1846160888672,273300,0.0,0.0
2021-07-12 00:00:00-04:00,149.58101687538357,149.8830170076499,146.40065538330796,146.8347625732422,257000,0.0,0.0
2021-07-13 00:00:00-04:00,146.6177085551292,154.50728198583093,145.75891188165417,150.0056915283203,441200,0.0,0.0
2021-07-14 00:00:00-04:00,150.36431674612024,150.82674905852042,144.71609910249737,145.5041046142578,286700,0.0,0.0
2021-07-15 00:00:00-04:00,145.26821113603552,146.06095451152703,142.74845620720805,145.54190063476562,244600,0.0,0.0
2021-07-16 00:00:00-04:00,147.2499777149781,148.89018430289568,145.58902050202153,146.2024383544922,304700,0.0,0.0
2021-07-19 00:00:00-04:00,143.44681020135351,148.78831987936383,141.58766289080984,146.06094360351562,328400,0.0,0.0
2021-07-20 00:00:00-04:00,147.50478548696296,150.75121422840212,146.24019259819366,149.080810546875,334000,0.0,0.0
2021-07-21 00:00:00-04:00,149.25068325828758,152.64811222711447,149.25068325828758,150.50584411621094,309900,0.0,0.0
2021-07-22 00:00:00-04:00,150.45868781868595,159.84880165689128,149.57159477120285,158.3765869140625,708200,0.0,0.0
2021-07-23 00:00:00-04:00,158.40488682973128,160.40181446118604,156.88548286664022,160.28289794921875,377000,0.0,0.0
2021-07-26 00:00:00-04:00,160.08472842908333,162.32136118149833,156.0550022328236,157.70652770996094,295300,0.0,0.0
2021-07-27 00:00:00-04:00,158.10290219093898,160.9812782291875,155.40383694853944,160.35841369628906,517900,0.0,0.0
2021-07-28 00:00:00-04:00,145.3342308623269,157.38470090023708,143.89409983489915,156.76278686523438,828700,0.0,0.0
2021-07-29 00:00:00-04:00,157.7159509228268,167.8138605053064,157.32903306268895,164.39755249023438,660700,0.0,0.0
2021-07-30 00:00:00-04:00,162.24582580232516,166.74741543999792,160.8585435517226,161.67015075683594,437400,0.0,0.0
2021-08-02 00:00:00-04:00,162.84041973616394,162.84041973616394,158.39545041317746,161.16058349609375,383200,0.0,0.0
2021-08-03 00:00:00-04:00,160.6886997452969,163.2745073275414,159.1928833269727,163.1895751953125,350800,0.0,0.0
2021-08-04 00:00:00-04:00,162.24581882085369,166.31328677372525,161.84945453775947,166.03961181640625,340400,0.0,0.0
2021-08-05 00:00:00-04:00,166.5586643919077,167.13622582942676,163.76805825405955,166.58697509765625,268100,0.0,0.0
2021-08-06 00:00:00-04:00,166.64362578407085,167.60623314909265,164.32204670376137,166.7474365234375,291000,0.0,0.0
2021-08-09 00:00:00-04:00,166.62477211342383,166.62477211342383,162.585613577474,162.6044921875,291100,0.0,0.0
2021-08-10 00:00:00-04:00,163.29338068098747,164.32204153864075,158.59361564680992,159.58453369140625,384400,0.0,0.0
2021-08-11 00:00:00-04:00,159.57509678437287,159.57509678437287,154.16753487888366,156.75335693359375,345700,0.0,0.0
2021-08-12 00:00:00-04:00,157.1784724484804,160.2024327222767,156.42271301862593,159.43629455566406,162300,0.17,0.0
2021-08-13 00:00:00-04:00,158.86947105138879,161.98696968377888,158.53410812058243,160.63604736328125,195600,0.0,0.0
2021-08-16 00:00:00-04:00,159.8141702936492,160.7777639465647,158.3687870217322,159.9086456298828,143200,0.0,0.0
2021-08-17 00:00:00-04:00,159.10563300986914,159.10563300986914,155.67638333056775,158.28375244140625,255800,0.0,0.0
2021-08-18 00:00:00-04:00,158.44435865957124,159.17177836042526,156.6683261901813,156.83837890625,188200,0.0,0.0
2021-08-19 00:00:00-04:00,156.5738356683156,157.80192827312428,154.02314631393645,154.63720703125,239400,0.0,0.0
2021-08-20 00:00:00-04:00,154.3727356276936,157.18508518243902,154.16490140995745,156.98953247070312,194100,0.0,0.0
2021-08-23 00:00:00-04:00,158.13260216025537,159.23127788181182,156.5455204086565,157.32960510253906,174300,0.0,0.0
2021-08-24 00:00:00-04:00,157.91537453871805,161.37296508940608,156.8384217590679,159.54025268554688,217800,0.0,0.0
2021-08-25 00:00:00-04:00,159.49299744254668,160.99506034074304,158.3310256170471,159.3418426513672,186100,0.0,0.0
2021-08-26 00:00:00-04:00,158.44435594637167,160.1731507197547,156.98951656957627,159.11508178710938,139300,0.0,0.0
2021-08-27 00:00:00-04:00,159.1906563118975,162.71438141023327,159.1906563118975,162.3553924560547,220100,0.0,0.0
2021-08-30 00:00:00-04:00,162.48768045227604,163.252881757322,160.21096007473162,160.65496826171875,171200,0.0,0.0
2021-08-31 00:00:00-04:00,160.7494230451448,163.9802805947549,158.94977889797048,162.42152404785156,271300,0.0,0.0
2021-09-01 00:00:00-04:00,163.0733487594236,165.03831732396068,160.9666816218065,164.7738037109375,235800,0.0,0.0
2021-09-02 00:00:00-04:00,165.66185499159428,167.1270733244929,164.83997426369012,166.71990966796875,183500,0.0,0.0
2021-09-03 00:00:00-04:00,166.60654074169773,168.11805968675205,164.98166292098387,166.22866821289062,208100,0.0,0.0
2021-09-07 00:00:00-04:00,165.86963280780535,168.3400166580053,164.65096757581037,167.96685791015625,634600,0.0,0.0
2021-09-08 00:00:00-04:00,170.03573999228269,170.7631451132887,164.2825337208248,167.03160095214844,236400,0.0,0.0
2021-09-09 00:00:00-04:00,167.0316249517381,171.17883801499895,166.3325594407219,170.64981079101562,278600,0.0,0.0
2021-09-10 00:00:00-04:00,171.96292797504648,174.56084070977516,170.65924351721145,173.72006225585938,343500,0.0,0.0
2021-09-13 00:00:00-04:00,175.73228424014562,175.73228424014562,168.48647052447507,170.78207397460938,253600,0.0,0.0
2021-09-14 00:00:00-04:00,171.60397455254147,172.35973402376962,168.37311686758127,169.0532989501953,202200,0.0,0.0
2021-09-15 00:00:00-04:00,169.43113645322967,171.11269321820444,167.4094887461865,170.7064666748047,250600,0.0,0.0
2021-09-16 00:00:00-04:00,171.62285222869156,176.27075296753063,171.62285222869156,174.5325164794922,259700,0.0,0.0
2021-09-17 00:00:00-04:00,175.9779172246122,176.98874856219552,172.42586651372017,173.10604858398438,545800,0.0,0.0
2021-09-20 00:00:00-04:00,170.93322134635707,172.11409082684764,169.09106783977393,171.6134033203125,218100,0.0,0.0
2021-09-21 00:00:00-04:00,171.20719212909054,173.0776999332381,169.46895555697438,171.1505126953125,202800,0.0,0.0
2021-09-22 00:00:00-04:00,172.07630075901864,176.15739274096998,171.7929036060313,173.87123107910156,247000,0.0,0.0
2021-09-23 00:00:00-04:00,174.09796755611634,175.95901927407357,172.91709790842333,173.10604858398438,181600,0.0,0.0
2021-09-24 00:00:00-04:00,172.50145137439335,173.82401967114325,170.04523663481405,171.4622802734375,181500,0.0,0.0
2021-09-27 00:00:00-04:00,169.65785307007076,170.04518166566507,165.3122626320045,165.79405212402344,309800,0.0,0.0
2021-09-28 00:00:00-04:00,164.35812082368417,164.7851336883364,155.6763667788109,156.34710693359375,509100,0.0,0.0
2021-09-29 00:00:00-04:00,157.84917423416243,158.49157469677027,154.58997750589657,155.78028869628906,284800,0.0,0.0
2021-09-30 00:00:00-04:00,156.1298711600693,158.83170159068857,154.6750316278595,154.8639678955078,251900,0.0,0.0
2021-10-01 00:00:00-04:00,157.2918066859863,161.13672443524496,154.1081873436117,160.0692138671875,309100,0.0,0.0
2021-10-04 00:00:00-04:00,158.89780624622736,160.00309843249727,157.3626758072561,159.50241088867188,362200,0.0,0.0
2021-10-05 00:00:00-04:00,158.89779595104463,161.1367343098822,156.8856041389362,156.9233856201172,381900,0.0,0.0
2021-10-06 00:00:00-04:00,155.13788021393367,156.35181726621067,150.93398855410499,151.58583068847656,338600,0.0,0.0
2021-10-07 00:00:00-04:00,151.0851615041272,155.28906848708843,151.0851615041272,151.7464599609375,256000,0.0,0.0
2021-10-08 00:00:00-04:00,152.43607366946534,152.43607366946534,148.23218137853024,149.05406188964844,184000,0.0,0.0
2021-10-11 00:00:00-04:00,150.24439833291822,151.22688993684932,148.12828918275122,150.50892639160156,247200,0.0,0.0
2021-10-12 00:00:00-04:00,152.14321778991527,156.1865134998189,151.78422887621502,156.00701904296875,425100,0.0,0.0
2021-10-13 00:00:00-04:00,157.50911186438444,159.41740123684696,154.24991454430253,159.29458618164062,389100,0.0,0.0
2021-10-14 00:00:00-04:00,161.02338119650295,165.841335092743,159.68191501551001,164.59432983398438,435000,0.0,0.0
2021-10-15 00:00:00-04:00,167.05054736246535,167.98580132283632,161.5902072061698,162.317626953125,340900,0.0,0.0
2021-10-18 00:00:00-04:00,163.1016855695282,163.45123273508545,160.1070023208436,160.1259002685547,205200,0.0,0.0
2021-10-19 00:00:00-04:00,160.3243298478312,164.4337479106142,159.48826484300304,161.420166015625,163600,0.0,0.0
2021-10-20 00:00:00-04:00,161.35398999958852,161.35398999958852,156.082587519737,157.8397216796875,270400,0.0,0.0
2021-10-21 00:00:00-04:00,158.23651612528258,160.9100064558752,157.61301355738937,160.2203826904297,127000,0.0,0.0
2021-10-22 00:00:00-04:00,161.39183790772967,163.6213207228351,160.2610454924207,162.99781799316406,225100,0.0,0.0
2021-10-25 00:00:00-04:00,163.74413048134434,165.24619339639693,162.26095110421542,164.0275421142578,194600,0.0,0.0
2021-10-26 00:00:00-04:00,165.26509301091588,166.10587173423374,161.59022675979656,162.6388397216797,250300,0.0,0.0
2021-10-27 00:00:00-04:00,161.93029333352925,164.24479491464558,160.5982689374689,160.79666137695312,232400,0.0,0.0
2021-10-28 00:00:00-04:00,161.3823820375265,163.45598178157402,158.46327553310118,159.28515625,214100,0.0,0.0
2021-10-29 00:00:00-04:00,158.23650264699776,164.49038249705123,158.17036704016763,162.931640625,246200,0.0,0.0
2021-11-01 00:00:00-04:00,163.42291317227205,165.65239558504203,161.4862841180372,164.12197875976562,236700,0.0,0.0
2021-11-02 00:00:00-04:00,163.9046928794978,165.49177462914466,156.42270517063804,159.06785583496094,423900,0.0,0.0
2021-11-03 00:00:00-04:00,139.00158064799456,154.45773905596363,136.50852167331342,143.1024932861328,2625700,0.0,0.0
2021-11-04 00:00:00-04:00,143.13084397846274,155.11903502446847,143.13084397846274,154.96788024902344,605100,0.0,0.0
2021-11-05 00:00:00-04:00,155.289064839043,159.04894923029568,154.6466643456385,157.49964904785156,658900,0.0,0.0
2021-11-08 00:00:00-05:00,157.35796078817586,162.93165933767744,155.56303041051945,160.89111328125,479800,0.0,0.0
2021-11-09 00:00:00-05:00,162.57552974289544,163.64964259560634,156.58332234149904,158.46327209472656,406200,0.0,0.0
2021-11-10 00:00:00-05:00,156.50771600187653,163.64961232560728,156.50771600187653,161.59962463378906,426800,0.0,0.0
2021-11-11 00:00:00-05:00,162.03420071746424,165.33590737685384,158.78444539928014,162.24203491210938,321500,0.0,0.0
2021-11-12 00:00:00-05:00,163.24340732275888,164.77380962661016,159.52130424384575,160.41876220703125,331300,0.0,0.0
2021-11-15 00:00:00-05:00,159.00173857937216,161.81692786408985,156.31880612239522,157.91534423828125,375000,0.0,0.0
2021-11-16 00:00:00-05:00,157.78307610396774,160.69274052067374,156.3471346378855,159.12454223632812,193300,0.0,0.0
2021-11-17 00:00:00-05:00,158.00033457259318,159.92750719881036,155.00565133619335,156.9139404296875,262500,0.0,0.0
2021-11-18 00:00:00-05:00,157.69882244685056,162.8337821815949,156.30680581493232,162.5973663330078,283100,0.17,0.0
2021-11-19 00:00:00-05:00,162.71085204887933,168.07654269268812,162.2191030110917,167.25949096679688,328600,0.0,0.0
2021-11-22 00:00:00-05:00,167.96873319413154,168.89549374145201,161.00864979804118,161.81246948242188,256100,0.0,0.0
2021-11-23 00:00:00-05:00,161.8125226868616,163.34922626016663,155.88793994912223,159.4010772705078,218900,0.0,0.0
2021-11-24 00:00:00-05:00,158.01090838612603,160.95192240428017,157.00850739988283,159.20245361328125,316000,0.0,0.0
2021-11-26 00:00:00-05:00,156.0061181512961,160.2237695348579,155.9588320875104,158.45538330078125,218500,0.0,0.0
2021-11-29 00:00:00-05:00,160.70603906498727,161.18832219998228,154.3133453032651,155.0320587158203,252900,0.0,0.0
2021-11-30 00:00:00-05:00,153.99184270396603,155.40088653036887,150.36049828400388,151.87356567382812,413700,0.0,0.0
2021-12-01 00:00:00-05:00,155.49543510877476,159.59015960389303,149.01764909444282,150.02005004882812,320300,0.0,0.0
2021-12-02 00:00:00-05:00,149.7931130732674,154.94699139545992,149.1122341059604,150.776611328125,391900,0.0,0.0
2021-12-03 00:00:00-05:00,151.17379462524812,151.77901879590743,144.42175660927168,146.9844970703125,313700,0.0,0.0
2021-12-06 00:00:00-05:00,147.56135920454622,153.29209341760293,145.17829704075805,152.9611053466797,341000,0.0,0.0
2021-12-07 00:00:00-05:00,155.54273629413916,158.8714760225411,154.29446791453884,156.63970947265625,273400,0.0,0.0
2021-12-08 00:00:00-05:00,157.6704503683985,165.49109051474812,156.2614211755811,164.4697723388672,361000,0.0,0.0
2021-12-09 00:00:00-05:00,162.01107579984372,165.15067107869106,158.30879516120223,158.69178771972656,268900,0.0,0.0
2021-12-10 00:00:00-05:00,159.41996471124693,160.17649844534864,153.26370012898485,154.84295654296875,256600,0.0,0.0
2021-12-13 00:00:00-05:00,153.73651491543058,156.76263508765672,153.03387611674486,154.7483673095703,269300,0.0,0.0
2021-12-14 00:00:00-05:00,152.14778793326366,156.98012861417635,151.98702688250938,155.1928253173828,340200,0.0,0.0
2021-12-15 00:00:00-05:00,156.1952461538385,158.30407182100777,151.30616735281242,157.3678741455078,389300,0.0,0.0
2021-12-16 00:00:00-05:00,160.11973484455203,160.22374396673007,149.6890542001307,151.99647521972656,369600,0.0,0.0
2021-12-17 00:00:00-05:00,151.09811871129926,157.59482258971576,148.0625468396809,155.5522003173828,615800,0.0,0.0
2021-12-20 00:00:00-05:00,153.32044211360497,158.32299614420603,151.54258995097234,157.0652618408203,381000,0.0,0.0
2021-12-21 00:00:00-05:00,157.6137277551638,163.5903277716847,157.0085037156143,160.90463256835938,226500,0.0,0.0
2021-12-22 00:00:00-05:00,159.8833530331039,161.7935831307259,156.21417361880802,161.2545623779297,262500,0.0,0.0
2021-12-23 00:00:00-05:00,161.7084680324093,164.61166207479343,160.9614001724302,163.57142639160156,121500,0.0,0.0
2021-12-27 00:00:00-05:00,163.49577883693732,165.04004333630658,162.25696183264043,163.6565399169922,173400,0.0,0.0
2021-12-28 00:00:00-05:00,163.4106677816139,165.99705822274603,163.13641726569313,163.3255615234375,166000,0.0,0.0
2021-12-29 00:00:00-05:00,162.5595588434068,164.13409673836446,161.19781544923674,162.7959747314453,221800,0.0,0.0
2021-12-30 00:00:00-05:00,162.37987456585478,168.97113542409556,159.24593590320444,166.80557250976562,335400,0.0,0.0
2021-12-31 00:00:00-05:00,166.56920360368548,166.8056195287747,163.2688320947539,163.4106903076172,189100,0.0,0.0
2022-01-03 00:00:00-05:00,163.59034946490038,165.29253238145014,160.95193997082205,162.95675659179688,206500,0.0,0.0
2022-01-04 00:00:00-05:00,162.43661838909884,162.72977175624303,157.19763468123094,159.27809143066406,442800,0.0,0.0
2022-01-05 00:00:00-05:00,160.95191867460989,161.23562059972417,155.8973463055404,157.12197875976562,439900,0.0,0.0
2022-01-06 00:00:00-05:00,158.03925851714257,164.18607045093358,157.83121142039386,161.85028076171875,332900,0.0,0.0
2022-01-07 00:00:00-05:00,161.0275675106424,163.28770252841292,154.85238647460938,154.85238647460938,311700,0.0,0.0
2022-01-10 00:00:00-05:00,153.19749376173564,153.2353139543458,146.56839752882948,151.25888061523438,343700,0.0,0.0
2022-01-11 00:00:00-05:00,151.57094874844057,155.06990090767806,149.2351586855314,154.511962890625,270700,0.0,0.0
2022-01-12 00:00:00-05:00,153.1029079389005,155.59945888855978,152.01540073506257,152.12887573242188,204200,0.0,0.0
2022-01-13 00:00:00-05:00,152.7057387545738,153.68923688044276,146.44545096866455,146.71023559570312,240700,0.0,0.0
2022-01-14 00:00:00-05:00,147.0128619241288,147.45731051760094,142.10486578780618,146.57785034179688,421700,0.0,0.0
2022-01-18 00:00:00-05:00,144.41229778425418,145.00805605277372,137.19687974490722,137.3009033203125,425200,0.0,0.0
2022-01-19 00:00:00-05:00,137.32926315870677,141.0457140184194,137.107031645209,137.33871459960938,238000,0.0,0.0
2022-01-20 00:00:00-05:00,139.05032298483496,140.65796211200671,132.13752668483215,132.26046752929688,369200,0.0,0.0
2022-01-21 00:00:00-05:00,131.12570983689585,135.97695398185616,130.02873666806377,134.0950927734375,569900,0.0,0.0
2022-01-24 00:00:00-05:00,131.740387479122,139.3435305385278,128.9885030721848,138.7950439453125,441200,0.0,0.0
2022-01-25 00:00:00-05:00,136.9037457387225,143.22077269066307,133.32913790214607,139.69345092773438,784100,0.0,0.0
2022-01-26 00:00:00-05:00,141.67929216064994,147.53293626453012,135.92965717434836,136.92259216308594,490600,0.0,0.0
2022-01-27 00:00:00-05:00,137.02665277076463,142.2940060605901,135.01239907228003,136.1377410888672,367900,0.0,0.0
2022-01-28 00:00:00-05:00,136.7523859561154,142.464186589207,133.1446777472174,142.36962890625,351200,0.0,0.0
2022-01-31 00:00:00-05:00,142.05761354668203,145.97266100107603,141.19705604763055,144.9229736328125,362900,0.0,0.0
2022-02-01 00:00:00-05:00,146.12395923532205,148.52593868871642,143.71251390991304,148.0436553955078,443300,0.0,0.0
2022-02-02 00:00:00-05:00,149.29193204216628,150.15248952036794,144.12861603232378,145.07427978515625,271600,0.0,0.0
2022-02-03 00:00:00-05:00,143.85431913937973,146.57783448800907,141.3199480241556,142.18995666503906,291200,0.0,0.0
2022-02-04 00:00:00-05:00,142.20888572134552,143.6699341381111,139.28677445813412,141.2253875732422,359900,0.0,0.0
2022-02-07 00:00:00-05:00,141.38612530040268,144.65339397638596,139.92035862016408,140.36480712890625,367200,0.0,0.0
2022-02-08 00:00:00-05:00,139.89198834780336,144.01508159986955,139.3945828753165,140.78091430664062,680100,0.0,0.0
2022-02-09 00:00:00-05:00,142.95593971879126,146.03407881681306,141.53744456647578,145.66053771972656,448700,0.0,0.0
2022-02-10 00:00:00-05:00,142.35073260148013,148.27058121209404,142.35073260148013,143.86380004882812,646900,0.0,0.0
2022-02-11 00:00:00-05:00,145.91589942717485,147.49515594074504,142.70063446191145,145.34849548339844,588100,0.0,0.0
2022-02-14 00:00:00-05:00,146.28469736042607,149.01766445212078,144.8614690952925,148.1287384033203,541200,0.0,0.0
2022-02-15 00:00:00-05:00,150.3605112623571,152.88543132369156,146.6535117099664,149.1122283935547,555100,0.0,0.0
2022-02-16 00:00:00-05:00,141.84952166427175,155.90208152099945,141.22538030582587,153.82162475585938,919200,0.0,0.0
2022-02-17 00:00:00-05:00,151.41962482958834,152.2707305802159,146.69130764725367,146.82369995117188,615200,0.0,0.0
2022-02-18 00:00:00-05:00,145.90638122458273,147.0364557712209,140.65322862673924,142.13319396972656,614500,0.0,0.0
2022-02-22 00:00:00-05:00,140.31756242699478,142.78574487426414,134.7759734365197,137.24415588378906,470600,0.0,0.0
2022-02-23 00:00:00-05:00,137.65077571097478,138.33165458020352,131.08786876182424,131.77821350097656,649200,0.0,0.0
2022-02-24 00:00:00-05:00,127.37140237618023,131.8538375418072,126.29334670511675,131.56068420410156,620000,0.0,0.0
2022-02-25 00:00:00-05:00,134.30314122900072,134.30314122900072,128.02393584271167,132.4685516357422,437200,0.0,0.0
2022-02-28 00:00:00-05:00,132.46852886952917,137.58457125195807,129.8774059966752,137.45217895507812,764100,0.0,0.0
2022-03-01 00:00:00-05:00,137.52781450186592,142.29396588165116,135.96747574127195,138.84230041503906,466700,0.0,0.0
2022-03-02 00:00:00-05:00,139.08820315683832,140.0906042578717,134.7334263461605,137.06448364257812,281000,0.0,0.0
2022-03-03 00:00:00-05:00,138.88015062968418,140.83294818464313,130.02400621913614,130.67178344726562,325100,0.0,0.0
2022-03-04 00:00:00-05:00,129.10198117919765,130.7285235046743,124.99779074602267,129.52752685546875,437400,0.0,0.0
2022-03-07 00:00:00-05:00,129.74502306228007,132.64348385886606,119.16305391326505,119.45620727539062,600500,0.0,0.0
2022-03-08 00:00:00-05:00,119.46568598909121,126.41630488841707,117.39468036739996,122.1513671875,396700,0.0,0.0
2022-03-09 00:00:00-05:00,123.41852337229741,127.84423552436596,123.41852337229741,126.45410919189453,396300,0.0,0.0
2022-03-10 00:00:00-05:00,123.59458194259608,124.17217154748533,119.75977388485012,119.96807861328125,513200,0.17,0.0
2022-03-11 00:00:00-05:00,120.28055172692635,121.1895434662582,115.43259578382317,116.51202392578125,462200,0.0,0.0
2022-03-14 00:00:00-04:00,115.93443510275975,118.54305192664062,109.36317369624972,110.68878936767578,474200,0.0,0.0
2022-03-15 00:00:00-04:00,109.06963915681297,109.72771159645139,104.66670506742247,107.2232437133789,948500,0.0,0.0
2022-03-16 00:00:00-04:00,111.38947651831609,118.02701878623706,111.04860368814448,116.8529052734375,740100,0.0,0.0
2022-03-17 00:00:00-04:00,116.9097090572238,120.27108370596217,112.39788685916717,114.70350646972656,750400,0.0,0.0
2022-03-18 00:00:00-04:00,110.6414318924405,115.0538365525397,106.69299736590393,114.61827850341797,1288300,0.0,0.0
2022-03-21 00:00:00-04:00,114.61827930597241,116.36998220953838,109.15485142803335,110.96337127685547,603200,0.0,0.0
2022-03-22 00:00:00-04:00,112.55411028336137,114.0690964072648,111.45574082851657,111.77767944335938,524400,0.0,0.0
2022-03-23 00:00:00-04:00,111.96388468927245,112.95376358310504,109.61170069835515,110.0233383178711,537000,4.0,0.0
2022-03-24 00:00:00-04:00,110.02336134605346,110.57220165043275,107.80838693891252,109.76853942871094,349100,0.0,0.0
2022-03-25 00:00:00-04:00,110.25856555740228,111.73063884036708,105.80901899228816,106.64208221435547,399900,0.0,0.0
2022-03-28 00:00:00-04:00,106.82830523196044,109.464712588706,105.8384261815553,108.59244537353516,401400,0.0,0.0
2022-03-29 00:00:00-04:00,111.63067060956821,119.08905041722566,110.89561352584944,117.2955093383789,1018000,0.0,0.0
2022-03-30 00:00:00-04:00,116.1586150831178,120.64736537709258,114.79630991402304,116.75646209716797,646400,0.0,0.0
2022-03-31 00:00:00-04:00,117.31510200115284,119.549681710579,114.8796123811959,115.01192474365234,560100,0.0,0.0
2022-04-01 00:00:00-04:00,115.8253739222784,116.46242477344242,112.78714002909535,113.98283386230469,491100,0.0,0.0
2022-04-04 00:00:00-04:00,114.24746613387067,116.92307707050236,111.93448603167525,113.63981628417969,553300,0.0,0.0
2022-04-05 00:00:00-04:00,112.92434845502808,113.38105970524525,108.71001901717061,110.55256652832031,483800,0.0,0.0
2022-04-06 00:00:00-04:00,108.44541486903836,109.42058573924237,104.89753692718102,107.7985610961914,471500,0.0,0.0
2022-04-07 00:00:00-04:00,108.20039070098585,109.7734084762839,106.36764590935952,108.9354476928711,516200,0.0,0.0
2022-04-08 00:00:00-04:00,108.94528259746627,111.07204632509573,107.4947664166964,109.20989990234375,376000,0.0,0.0
2022-04-11 00:00:00-04:00,107.60255658154853,108.81784885939375,103.64304821578206,105.06415557861328,624000,0.0,0.0
2022-04-12 00:00:00-04:00,106.99490642566778,109.60191245015159,104.62312404974533,105.23077392578125,562900,0.0,0.0
2022-04-13 00:00:00-04:00,105.05435687394365,107.63685194789741,104.89754111279498,106.56367492675781,391500,0.0,0.0
2022-04-14 00:00:00-04:00,106.64209882576792,108.2690290578955,99.59535537844437,99.88937377929688,549700,0.0,0.0
2022-04-18 00:00:00-04:00,99.16410467939981,101.6829000736961,97.1059462697712,101.6044921875,457100,0.0,0.0
2022-04-19 00:00:00-04:00,101.34969270774263,108.86687605522168,101.33008699461082,105.79923248291016,717800,0.0,0.0
2022-04-20 00:00:00-04:00,106.28923659921487,107.36732615465259,103.0010858872887,103.45681762695312,338300,0.0,0.0
2022-04-21 00:00:00-04:00,104.76033500869447,106.43626426285128,98.80147045343422,99.42871856689453,442600,0.0,0.0
2022-04-22 00:00:00-04:00,99.45812015338842,99.45812015338842,95.66032548601125,97.2137451171875,395400,0.0,0.0
2022-04-25 00:00:00-04:00,96.42968643145315,101.14385005772154,96.42968643145315,100.94783782958984,423200,0.0,0.0
2022-04-26 00:00:00-04:00,100.79101475243998,101.25165168025461,94.36662359128063,95.40059661865234,498300,0.0,0.0
2022-04-27 00:00:00-04:00,95.31241350270687,97.2529677309105,94.81747769771454,95.62603759765625,409500,0.0,0.0
2022-04-28 00:00:00-04:00,97.53716308193786,102.87171768356849,91.38228681835103,95.83183288574219,829000,0.0,0.0
2022-04-29 00:00:00-04:00,95.22420612994404,97.53717905721363,89.57896518659453,89.93179321289062,696800,0.0,0.0
2022-05-02 00:00:00-04:00,90.32381094659574,91.30388698129029,86.08987529842399,88.83409118652344,1532600,0.0,0.0
2022-05-03 00:00:00-04:00,89.40254590110979,89.52995310633005,85.57044463825754,87.39338684082031,1360200,0.0,0.0
2022-05-04 00:00:00-04:00,81.27772448581851,95.93966442819638,80.36625326554062,95.0575942993164,1996500,0.0,0.0
2022-05-05 00:00:00-04:00,93.61686060970085,94.79785403952494,83.91411373767882,86.19768524169922,951300,0.0,0.0
2022-05-06 00:00:00-04:00,85.66845799742794,85.66845799742794,79.74879728288914,82.34599304199219,743300,0.0,0.0
2022-05-09 00:00:00-04:00,80.2486332805753,80.91508536840134,76.78896563251797,79.20975494384766,1145800,0.0,0.0
2022-05-10 00:00:00-04:00,81.5031228181858,82.37538985003151,77.80823215305382,79.39595794677734,680000,0.0,0.0
2022-05-11 00:00:00-04:00,78.56289700170028,78.56289700170028,73.1136692701986,73.61351013183594,737400,0.0,0.0
2022-05-12 00:00:00-04:00,72.84906500520621,78.23948405079322,70.75170255656886,76.32833099365234,751700,0.0,0.0
2022-05-13 00:00:00-04:00,78.66090819271513,80.85627651596506,77.5338192064091,79.30775451660156,591800,0.0,0.0
2022-05-16 00:00:00-04:00,79.18035075554643,79.94970662270458,76.99477771448817,78.06306457519531,635500,0.0,0.0
2022-05-17 00:00:00-04:00,79.77818653873784,81.30710267997281,74.81899697845297,77.51420593261719,691700,0.0,0.0
2022-05-18 00:00:00-04:00,76.35772192061133,76.44592516819849,70.21264144090833,71.09471130371094,829000,0.0,0.0
2022-05-19 00:00:00-04:00,70.80983474270163,74.62146012196588,70.54458838549988,72.90229797363281,725400,0.17,0.0
2022-05-20 00:00:00-04:00,73.74713475945802,74.33656020912308,69.21837043769368,71.87079620361328,643100,0.0,0.0
2022-05-23 00:00:00-04:00,72.65669350127281,72.65669350127281,67.45991172871037,70.44634246826172,750800,0.0,0.0
2022-05-24 00:00:00-04:00,68.98259443525072,69.15942280087742,66.47752717136412,67.83321380615234,645400,0.0,0.0
2022-05-25 00:00:00-04:00,67.74480884718388,72.44549276142806,67.67604266377052,71.14383697509766,747600,0.0,0.0
2022-05-26 00:00:00-04:00,70.8294795852346,75.05370961043002,70.8294795852346,74.32675170898438,634400,0.0,0.0
2022-05-27 00:00:00-04:00,75.02423818741012,77.29549348219038,74.57234504038503,76.84163665771484,390600,0.0,0.0
2022-05-31 00:00:00-04:00,76.31115872264546,78.68851278615455,74.8572353107337,78.25627136230469,774000,0.0,0.0
2022-06-01 00:00:00-04:00,78.59027144610738,78.95375414972847,72.59776474733216,72.8237075805664,707700,0.0,0.0
2022-06-02 00:00:00-04:00,72.78440203456273,77.88294762677634,72.7058174695492,77.85347747802734,535200,0.0,0.0
2022-06-03 00:00:00-04:00,77.14616945910655,77.29352770836746,74.99475850677219,76.71392059326172,700900,0.0,0.0
2022-06-06 00:00:00-04:00,77.49982812568167,77.97137303568184,74.91617574023557,77.2444076538086,503500,0.0,0.0
2022-06-07 00:00:00-04:00,75.80033094543249,80.07367605042275,74.66076825345995,79.85755157470703,878800,0.0,0.0
2022-06-08 00:00:00-04:00,80.22101438762837,82.94219894055314,79.66596825796321,81.21321105957031,752100,0.0,0.0
2022-06-09 00:00:00-04:00,79.88701319532933,82.83414846937485,79.74948081547008,80.25049591064453,657200,0.0,0.0
2022-06-10 00:00:00-04:00,78.2169570610728,79.19933528718296,74.29726254252853,76.80233001708984,650600,0.0,0.0
2022-06-13 00:00:00-04:00,73.73730929108349,74.7884537222704,70.95226784249415,71.97885131835938,764900,0.0,0.0
2022-06-14 00:00:00-04:00,72.61741583600823,73.58997593284046,69.950261845944,70.9866714477539,840900,0.0,0.0
2022-06-15 00:00:00-04:00,72.12621911010025,75.30913046866691,71.95921658371158,74.1302719116211,1001600,0.0,0.0
2022-06-16 00:00:00-04:00,71.35014070300682,73.88467878122633,70.00428708783046,70.6035385131836,749000,0.0,0.0
2022-06-17 00:00:00-04:00,71.5859159113283,75.82979025240832,71.2715551266169,75.25018310546875,700200,0.0,0.0
2022-06-21 00:00:00-04:00,75.81013884308744,77.42123880916026,74.01238458382676,74.14009857177734,630000,0.0,0.0
2022-06-22 00:00:00-04:00,72.80407069383455,75.04880165228587,71.57609757795548,72.61741638183594,696000,0.0,0.0
2022-06-23 00:00:00-04:00,73.51137091465095,79.5628174215753,72.12621389660951,79.21898651123047,945400,0.0,0.0
2022-06-24 00:00:00-04:00,80.05399581086115,83.34496121574448,79.56280672073079,82.10717010498047,1149900,0.0,0.0
2022-06-27 00:00:00-04:00,82.10718380805274,83.08956215226503,77.30335430445074,77.43106079101562,585800,0.0,0.0
2022-06-28 00:00:00-04:00,77.75524023593178,78.32502142154796,73.33453809675001,73.39347839355469,660100,0.0,0.0
2022-06-29 00:00:00-04:00,73.36401547253757,74.9947596360456,71.73326381407755,74.9063491821289,572800,0.0,0.0
2022-06-30 00:00:00-04:00,74.3857024418033,74.5625308745078,70.83440620452072,73.45243835449219,510300,0.0,0.0
2022-07-01 00:00:00-04:00,73.94362930136226,78.0794495443557,73.94362930136226,78.04015350341797,610400,0.0,0.0
2022-07-05 00:00:00-04:00,76.291498491497,83.12885021200609,75.73153569385173,82.89307403564453,822800,0.0,0.0
2022-07-06 00:00:00-04:00,83.08957035504949,86.87172585465915,82.94712128390272,85.13291931152344,1016200,0.0,0.0
2022-07-07 00:00:00-04:00,84.73994924184855,90.72262913722892,84.64956762549534,89.55360412597656,1022600,0.0,0.0
2022-07-08 00:00:00-04:00,87.7656917321996,92.23551691229959,87.34327617168188,91.08613586425781,971500,0.0,0.0
2022-07-11 00:00:00-04:00,90.45742489004965,92.19623174508841,87.47099299372388,88.38460540771484,982200,0.0,0.0
2022-07-12 00:00:00-04:00,88.38457875313162,90.33950951363525,86.12510561650402,87.01907348632812,634900,0.0,0.0
2022-07-13 00:00:00-04:00,84.29786916227047,89.64200885572475,83.98350844471145,88.97399139404297,536800,0.0,0.0
2022-07-14 00:00:00-04:00,88.29616937463801,91.03700605599906,87.49061937292618,90.87982940673828,506400,0.0,0.0
2022-07-15 00:00:00-04:00,91.55765590895227,98.16906526299347,91.32188721207027,97.73681640625,1067500,0.0,0.0
2022-07-18 00:00:00-04:00,98.2181908571329,99.05321095671671,94.77004074561042,94.8486328125,709800,0.0,0.0
2022-07-19 00:00:00-04:00,95.99800375062014,100.20258145973854,94.84862299737027,99.97663116455078,654000,0.0,0.0
2022-07-20 00:00:00-04:00,100.26153118660656,108.78857549500471,99.2595085755407,105.56637573242188,1279000,0.0,0.0
2022-07-21 00:00:00-04:00,103.6605594176109,105.99862466986374,102.50135267349744,104.85906219482422,716900,0.0,0.0
2022-07-22 00:00:00-04:00,103.48374073549829,104.87380712028563,100.49731688894015,102.6585464477539,755000,0.0,0.0
2022-07-25 00:00:00-04:00,103.01219691284469,103.49356021759101,96.79865669433408,97.51087951660156,1028900,0.0,0.0
2022-07-26 00:00:00-04:00,96.84286042811219,96.88215646186609,92.26497367763757,92.53022003173828,1205400,0.0,0.0
2022-07-27 00:00:00-04:00,94.65215537017791,98.68973110970437,93.7385431774029,97.92347717285156,1281900,0.0,0.0
2022-07-28 00:00:00-04:00,110.06566877262604,128.31825241138452,108.06161608403696,117.68892669677734,3125200,0.0,0.0
2022-07-29 00:00:00-04:00,116.53954502286963,124.48699004865512,114.31937527087837,123.95650482177734,1273100,0.0,0.0
2022-08-01 00:00:00-04:00,123.04290281472221,126.3407420472496,116.17607943885865,116.18589782714844,1372800,0.0,0.0
2022-08-02 00:00:00-04:00,115.43926693638949,122.79727771870819,115.1789373072219,121.76577758789062,933700,0.0,0.0
2022-08-03 00:00:00-04:00,121.29423992646988,128.36736010688423,120.91111302056957,127.62075805664062,741400,0.0,0.0
2022-08-04 00:00:00-04:00,126.86433417608636,128.58349621617808,125.74442350385132,127.47340393066406,449300,0.0,0.0
2022-08-05 00:00:00-04:00,124.14313128791657,131.93339042855177,124.14313128791657,131.76638793945312,539500,0.0,0.0
2022-08-08 00:00:00-04:00,132.6996630823053,138.27956465299698,130.4598417487287,130.8036651611328,934700,0.0,0.0
2022-08-09 00:00:00-04:00,130.04724413131433,131.65834394347718,127.58146500514512,128.67190551757812,584700,0.0,0.0
2022-08-10 00:00:00-04:00,133.5052198388717,137.56244746638347,133.43646114496562,135.8531036376953,649800,0.0,0.0
2022-08-11 00:00:00-04:00,136.56137394437906,137.7221678685044,133.37408408420464,133.43310546875,556500,0.19,0.0
2022-08-12 00:00:00-04:00,135.23334570416733,136.7286193014921,133.82660419214116,135.53829956054688,332000,0.0,0.0
2022-08-15 00:00:00-04:00,133.63971969550008,135.48912179411684,132.7150111409278,133.6200408935547,399000,0.0,0.0
2022-08-16 00:00:00-04:00,132.03621742263746,135.26285002605326,131.37416317201055,132.34117126464844,553800,0.0,0.0
2022-08-17 00:00:00-04:00,130.1769447755211,130.8557206273086,127.33396672260864,128.62265014648438,487100,0.0,0.0
2022-08-18 00:00:00-04:00,127.83569105155595,129.44900740571748,127.36350492633281,128.21934509277344,316300,0.0,0.0
2022-08-19 00:00:00-04:00,125.80921660085929,126.97002569101168,122.8973769907724,124.16638946533203,511100,0.0,0.0
2022-08-22 00:00:00-04:00,121.7956035066749,122.66129067172184,116.30639605367166,116.78842163085938,674500,0.0,0.0
2022-08-23 00:00:00-04:00,117.89018184645207,120.62987308645671,116.3654050792001,118.43123626708984,559800,0.0,0.0
2022-08-24 00:00:00-04:00,118.23449423139192,121.70705943506657,117.59015237417215,121.24470520019531,475500,0.0,0.0
2022-08-25 00:00:00-04:00,122.08087873032935,123.94012763544664,120.56593378814794,123.01542663574219,460500,0.0,0.0
2022-08-26 00:00:00-04:00,121.943172691564,122.80885240949077,113.68476245478321,113.8569107055664,648000,0.0,0.0
2022-08-29 00:00:00-04:00,112.72560715136038,113.85689805259611,110.87619761643438,110.90570831298828,470700,0.0,0.0
2022-08-30 00:00:00-04:00,112.56822222694906,112.56822222694906,106.57730272922929,108.79069519042969,640800,0.0,0.0
2022-08-31 00:00:00-04:00,110.31547536028556,114.15202364434846,108.51033181301375,112.00749206542969,912800,0.0,0.0
2022-09-01 00:00:00-04:00,109.7055594161625,113.8716563052561,107.8856605313725,113.78804016113281,816700,0.0,0.0
2022-09-02 00:00:00-04:00,114.84062242164973,119.12968523657155,112.24357617659327,119.01164245605469,1161500,0.0,0.0
2022-09-06 00:00:00-04:00,120.01507943780997,131.64079573601043,119.72979679097348,129.8917236328125,1734300,0.0,0.0
2022-09-07 00:00:00-04:00,130.03922766000287,137.6041112345172,130.03922766000287,137.48605346679688,1216300,0.0,0.0
2022-09-08 00:00:00-04:00,137.48609620542734,145.00179263058163,136.295791338948,142.97531127929688,1242500,0.0,0.0
2022-09-09 00:00:00-04:00,144.60830386290513,145.88715581073708,141.80172541420467,143.41798400878906,689300,0.0,0.0
2022-09-12 00:00:00-04:00,145.00177016431184,146.4183435136396,142.10961708838116,144.12625122070312,561000,0.0,0.0
2022-09-13 00:00:00-04:00,138.82393861004473,143.23105873233416,137.55493382718063,138.0467987060547,802700,0.0,0.0
2022-09-14 00:00:00-04:00,139.53222948792768,139.53222948792768,133.8561194203514,135.6169891357422,773200,0.0,0.0
2022-09-15 00:00:00-04:00,134.27910330209986,139.77814869194583,133.60032741119664,136.07933044433594,508300,0.0,0.0
2022-09-16 00:00:00-04:00,133.55117213955725,136.46301938597134,132.61663169244227,134.5250701904297,591500,0.0,0.0
2022-09-19 00:00:00-04:00,132.30186263431023,136.27612551596835,131.0131636326333,133.41346740722656,434700,0.0,0.0
2022-09-20 00:00:00-04:00,131.0131359171021,133.01012134818586,129.85234188409996,132.18377685546875,281200,0.0,0.0
2022-09-21 00:00:00-04:00,132.11492373279674,136.24658615935044,130.13270865732545,130.46224975585938,471900,0.0,0.0
2022-09-22 00:00:00-04:00,130.1277988636234,130.39831860039894,123.69420397734307,125.3173599243164,582100,0.0,0.0
2022-09-23 00:00:00-04:00,124.31396138060703,125.91743856037924,120.47741292341763,123.2121810913086,661500,0.0,0.0
2022-09-26 00:00:00-04:00,122.89738922485743,127.52092472894324,121.43163362603748,121.73658752441406,422400,0.0,0.0
2022-09-27 00:00:00-04:00,125.2288333569306,128.46529848731268,120.88566445931103,123.58599853515625,792200,0.0,0.0
2022-09-28 00:00:00-04:00,124.26478865300413,130.85086151651876,123.45813025355011,129.9015655517578,689200,0.0,0.0
2022-09-29 00:00:00-04:00,126.97986738962128,128.2882300619144,122.5481590343809,123.84176635742188,489600,0.0,0.0
2022-09-30 00:00:00-04:00,123.36957789422847,127.62913042257156,121.58902156293205,123.37940979003906,604800,0.0,0.0
2022-10-03 00:00:00-04:00,124.79597715672952,124.97304884098655,118.93786373326212,121.02828979492188,627300,0.0,0.0
2022-10-04 00:00:00-04:00,124.10735815666938,128.9669858872808,124.10735815666938,126.66504669189453,591200,0.0,0.0
2022-10-05 00:00:00-04:00,124.08770381027252,137.92879236191317,121.26439595807852,135.41043090820312,1860400,0.0,0.0
2022-10-06 00:00:00-04:00,135.41042296115594,139.62078598822342,130.62949475614576,130.87542724609375,902300,0.0,0.0
2022-10-07 00:00:00-04:00,129.89170050083536,132.01656086909836,122.85803711846614,126.23223876953125,986600,0.0,0.0
2022-10-10 00:00:00-04:00,125.48457882010979,129.5375410489912,123.57614799102745,128.79974365234375,603100,0.0,0.0
2022-10-11 00:00:00-04:00,129.3604762090268,130.58030663562386,123.51711845615156,124.26475524902344,622200,0.0,0.0
2022-10-12 00:00:00-04:00,125.26815611372501,126.20269647372466,119.60187755359422,121.33323669433594,874900,0.0,0.0
2022-10-13 00:00:00-04:00,116.36542106951627,122.13007939408706,114.4078004967483,120.7626953125,960300,0.0,0.0
2022-10-14 00:00:00-04:00,122.95640974839709,125.29769193557844,111.35823222795595,111.51563262939453,797700,0.0,0.0
2022-10-17 00:00:00-04:00,114.44714313368524,121.11683875280131,112.258345412733,120.33969116210938,688500,0.0,0.0
2022-10-18 00:00:00-04:00,123.99917115710785,126.07484208523273,119.49368589571024,122.71047973632812,910700,0.0,0.0
2022-10-19 00:00:00-04:00,122.78919280344161,123.88113383284097,118.79525093336851,121.06766510009766,924800,0.0,0.0
2022-10-20 00:00:00-04:00,117.69342942484542,119.85763192303784,112.18454419786808,115.31280517578125,1147500,0.0,0.0
2022-10-21 00:00:00-04:00,115.09640511140353,124.59924011030765,114.19137535110713,123.83192443847656,688200,0.0,0.0
2022-10-24 00:00:00-04:00,125.42555173837583,127.48154345454145,119.12967940496556,125.96660614013672,815700,0.0,0.0
2022-10-25 00:00:00-04:00,125.56327656865221,133.6692158793138,125.56327656865221,132.65597534179688,1164900,0.0,0.0
2022-10-26 00:00:00-04:00,152.47813144075266,162.0301551827374,142.92610769876794,152.92080688476562,4259200,0.0,0.0
2022-10-27 00:00:00-04:00,156.3540427631518,159.19702175656886,151.99611122040972,155.81298828125,1300700,0.0,0.0
2022-10-28 00:00:00-04:00,154.0324306094014,159.74297551337403,150.7369294173807,158.13458251953125,848300,0.0,0.0
2022-10-31 00:00:00-04:00,158.8133676713163,163.04340951546487,155.2325912054499,155.81298828125,831900,0.0,0.0
2022-11-01 00:00:00-04:00,157.26888381702784,158.5752799190894,150.99269768091835,152.43878173828125,709400,0.0,0.0
2022-11-02 00:00:00-04:00,151.39601600650454,154.85874923789706,146.17241297039212,146.398681640625,633700,0.0,0.0
2022-11-03 00:00:00-04:00,144.11641557936488,152.30105471356603,142.9457747166607,149.91058349609375,453800,0.0,0.0
2022-11-04 00:00:00-04:00,152.17317468373366,152.89129327971247,146.37408294699168,150.88449096679688,424900,0.0,0.0
2022-11-07 00:00:00-05:00,151.35668324749423,154.66201631700517,146.18226936931592,153.23561096191406,545600,0.0,0.0
2022-11-08 00:00:00-05:00,154.4947735656516,157.5344951528188,151.3369941911444,154.94728088378906,326600,0.0,0.0
2022-11-09 00:00:00-05:00,153.2335682343378,157.00580656837423,152.16001105313458,153.64723205566406,392500,0.19,0.0
2022-11-10 00:00:00-05:00,162.01901791901793,166.20491959777672,159.58626915283497,164.7078399658203,610600,0.0,0.0
2022-11-11 00:00:00-05:00,164.14642493776972,166.9189713003916,160.79769497658884,164.3926544189453,561800,0.0,0.0
2022-11-14 00:00:00-05:00,163.9199156458135,167.3375827275912,160.54165370491972,163.8706817626953,450700,0.0,0.0
2022-11-15 00:00:00-05:00,167.43605660194996,168.29785983445998,162.9842231242745,164.51084899902344,567900,0.0,0.0
2022-11-16 00:00:00-05:00,162.22585631507505,164.39364985112505,158.85742340688458,161.65460205078125,482600,0.0,0.0
2022-11-17 00:00:00-05:00,159.41883777418178,160.1082774103701,156.0405610138736,157.4687042236328,408600,0.0,0.0
2022-11-18 00:00:00-05:00,161.06366912041926,161.06366912041926,156.385307755331,157.7838897705078,333900,0.0,0.0
2022-11-21 00:00:00-05:00,157.04520563466284,159.40901835669968,154.01264763485227,154.95718383789062,309700,0.0,0.0
2022-11-22 00:00:00-05:00,154.61242427515242,156.35573335268322,152.18953439798662,155.64659118652344,282600,0.0,0.0
2022-11-23 00:00:00-05:00,154.9374725787022,159.68478530017828,153.4403927748823,156.10952758789062,280400,0.0,0.0
2022-11-25 00:00:00-05:00,154.44498670686696,157.4686921322929,150.16060249253937,153.1153564453125,201100,0.0,0.0
2022-11-28 00:00:00-05:00,152.12056906943542,157.46868116642167,149.28598444556044,150.36741638183594,452800,0.0,0.0
2022-11-29 00:00:00-05:00,149.9045276680788,153.53887776114198,147.91498895308308,152.61305236816406,468000,0.0,0.0
2022-11-30 00:00:00-05:00,154.8093951544694,163.30924181653236,153.69644809773595,163.01376342773438,644700,0.0,0.0
2022-12-01 00:00:00-05:00,162.7478617699594,164.26462893363865,157.70507120333318,162.33419799804688,476800,0.0,0.0
2022-12-02 00:00:00-05:00,161.6447411402356,163.22061598864093,156.88758528527583,160.56134033203125,410900,0.0,0.0
2022-12-05 00:00:00-05:00,160.11811475844462,160.11811475844462,154.45483667280783,155.45944213867188,409900,0.0,0.0
2022-12-06 00:00:00-05:00,156.1095265759864,156.68078090569713,143.2760443001396,147.4521026611328,712700,0.0,0.0
2022-12-07 00:00:00-05:00,146.97931779448786,153.62751469535868,143.32528021020522,151.51979064941406,570000,0.0,0.0
2022-12-08 00:00:00-05:00,153.92298239783563,156.0996577700826,151.39175097641515,152.51455688476562,475400,0.0,0.0
2022-12-09 00:00:00-05:00,151.45086018391953,155.0162588906023,150.48562962695019,150.72201538085938,327000,0.0,0.0
2022-12-12 00:00:00-05:00,151.42129312211685,157.29139576865813,150.09361661376445,156.78909301757812,415200,0.0,0.0
2022-12-13 00:00:00-05:00,163.5259178451984,164.77676778706683,152.69182093787805,153.9525146484375,550300,0.0,0.0
2022-12-14 00:00:00-05:00,154.07072724870483,161.96977441772694,154.07072724870483,158.0498046875,787700,0.0,0.0
2022-12-15 00:00:00-05:00,154.7207972947053,155.3413005733396,149.06737641349218,153.26312255859375,566300,0.0,0.0
2022-12-16 00:00:00-05:00,151.17509205151805,152.65246927454106,146.98918991961952,151.9531707763672,759700,0.0,0.0
2022-12-19 00:00:00-05:00,151.03717672178817,151.03717672178817,144.4579168668157,146.9202117919922,545500,0.0,0.0
2022-12-20 00:00:00-05:00,145.29511023911925,148.23016172505336,143.4533033257735,144.3298797607422,547300,0.0,0.0
2022-12-21 00:00:00-05:00,144.3693004918859,149.49087173352726,142.04489311693186,148.8309783935547,495200,0.0,0.0
2022-12-22 00:00:00-05:00,147.36344164880654,147.36344164880654,140.02580479280883,143.15785217285156,515800,0.0,0.0
2022-12-23 00:00:00-05:00,142.65552343622846,144.30033473802297,139.53826449311074,143.47300720214844,427300,0.0,0.0
2022-12-27 00:00:00-05:00,143.61087579177155,144.80164116552862,139.67120421379045,141.4539031982422,376900,0.0,0.0
2022-12-28 00:00:00-05:00,141.55241046230353,143.0888800758485,139.09995933074194,139.7007598876953,384700,0.0,0.0
2022-12-29 00:00:00-05:00,142.02518946308174,143.28588345052617,139.51364525904594,141.2766571044922,336600,0.0,0.0
2022-12-30 00:00:00-05:00,139.32651509952075,140.26218424890436,133.65337746700948,135.54441833496094,570300,0.0,0.0
2023-01-03 00:00:00-05:00,138.59767761259852,138.65677029460096,129.17200408810783,131.42747497558594,672000,0.0,0.0
2023-01-04 00:00:00-05:00,132.61919522949668,136.09595437165717,129.51670971545545,134.44129943847656,605000,0.0,0.0
2023-01-05 00:00:00-05:00,131.4963821050401,134.55947734458607,127.50747667281271,130.31448364257812,544500,0.0,0.0
2023-01-06 00:00:00-05:00,130.3145005839003,136.30280393801542,129.5758120702478,135.15045166015625,448900,0.0,0.0
2023-01-09 00:00:00-05:00,136.824826694568,143.0298140044851,136.824826694568,141.68048095703125,499500,0.0,0.0
2023-01-10 00:00:00-05:00,140.53795447011845,146.0978208928029,138.03625428697825,145.26556396484375,339800,0.0,0.0
2023-01-11 00:00:00-05:00,146.16181351952457,149.6829071113384,141.03039956524486,148.15135192871094,525900,0.0,0.0
2023-01-12 00:00:00-05:00,149.796144857003,152.51452760809326,147.2846014568816,149.01806640625,594700,0.0,0.0
2023-01-13 00:00:00-05:00,147.33387121106242,149.1756779805148,143.6108825957747,143.7980194091797,582200,0.0,0.0
2023-01-17 00:00:00-05:00,142.7934106964823,147.74754714745,142.7934106964823,145.85650634765625,575600,0.0,0.0
2023-01-18 00:00:00-05:00,146.64442108767332,148.3680273604615,141.09932866947688,142.40927124023438,604600,0.0,0.0
2023-01-19 00:00:00-05:00,141.82819009923014,142.05471702817056,133.68291414036878,134.57919311523438,672200,0.0,0.0
2023-01-20 00:00:00-05:00,136.78539234945103,140.25722167122336,132.50099379910557,139.55300903320312,602900,0.0,0.0
2023-01-23 00:00:00-05:00,139.5333293515231,147.599810065977,138.9670045149863,147.50131225585938,440700,0.0,0.0
2023-01-24 00:00:00-05:00,147.18613931719716,147.67859828706,144.22152670028348,145.92544555664062,392500,0.0,0.0
2023-01-25 00:00:00-05:00,142.57674520389935,148.27942967725875,141.2766610679121,147.96424865722656,304800,0.0,0.0
2023-01-26 00:00:00-05:00,151.19475435308536,154.19875721080254,149.83557775429563,153.1153564453125,422600,0.0,0.0
2023-01-27 00:00:00-05:00,152.2880070208148,157.3800309654102,151.6773627073962,155.44960021972656,380200,0.0,0.0
2023-01-30 00:00:00-05:00,155.0260778088042,156.44829955521226,151.12581118083418,154.25784301757812,326800,0.0,0.0
2023-01-31 00:00:00-05:00,155.3018624216692,156.73000553903435,153.83434422572194,156.0799560546875,300500,0.0,0.0
2023-02-01 00:00:00-05:00,155.6465955578193,163.48654971336614,153.54380096761145,160.55148315429688,601200,0.0,0.0
2023-02-02 00:00:00-05:00,162.68875506888378,165.79125592038164,161.34435155902568,163.0925750732422,846900,0.0,0.0
2023-02-03 00:00:00-05:00,160.06888034897355,166.39205221539018,158.65059599974808,163.45700073242188,410600,0.0,0.0
2023-02-06 00:00:00-05:00,162.10765293010837,164.12673787217125,159.43853351812726,161.5856475830078,390300,0.0,0.0
2023-02-07 00:00:00-05:00,160.96513230169805,163.77215445229638,156.5822504586023,163.01376342773438,456400,0.0,0.0
2023-02-08 00:00:00-05:00,160.79771345491352,161.06364553316652,156.29664583667702,156.55271911621094,384700,0.0,0.0
2023-02-09 00:00:00-05:00,158.00053093245643,158.32555564951454,155.02607460585435,156.57240295410156,373300,0.0,0.0
2023-02-10 00:00:00-05:00,155.0950265705185,156.53299832236164,151.6773601746798,153.25323486328125,561500,0.0,0.0
2023-02-13 00:00:00-05:00,154.47452999846323,162.80791945621462,153.24338254241454,160.69921875,723000,0.0,0.0
2023-02-14 00:00:00-05:00,158.96576970383427,168.77556024534272,157.123977731173,168.08612060546875,766000,0.0,0.0
2023-02-15 00:00:00-05:00,168.08611187114516,173.03531887988626,165.9980754620407,171.78939819335938,938700,0.0,0.0
2023-02-16 00:00:00-05:00,169.31725759609412,178.2406123036161,168.8149397959469,170.18397521972656,1250600,0.0,0.0
2023-02-17 00:00:00-05:00,169.75060727316813,170.9669814893895,166.7269020850975,170.8734130859375,950900,0.0,0.0
2023-02-21 00:00:00-05:00,169.07103205068768,169.66197384944562,162.51147438674514,163.70323181152344,1193800,0.0,0.0
2023-02-22 00:00:00-05:00,186.56316732941195,190.81505969377994,173.93652627786216,176.30032348632812,2779500,0.0,0.0
2023-02-23 00:00:00-05:00,172.49854341975626,177.21629417759462,170.65675151019224,171.60226440429688,1003100,0.0,0.0
2023-02-24 00:00:00-05:00,167.53454397682108,173.1190267722278,166.0748858827874,168.4800567626953,734500,0.0,0.0
2023-02-27 00:00:00-05:00,167.1208718645222,172.9614431691341,165.83063174439852,170.56808471679688,621800,0.0,0.0
2023-02-28 00:00:00-05:00,170.52872243307655,172.7447881996643,167.54442173636434,167.7808074951172,565500,0.0,0.0
2023-03-01 00:00:00-05:00,167.78078821883392,169.5093090986958,166.46098666991776,168.31263732910156,374200,0.0,0.0
2023-03-02 00:00:00-05:00,168.3126265676873,170.8832629983768,164.16611541776973,169.5634765625,531100,0.0,0.0
2023-03-03 00:00:00-05:00,170.14458821184493,172.62658583401543,167.72168326637862,170.93252563476562,535800,0.0,0.0
2023-03-06 00:00:00-05:00,171.15907592599078,172.25233568016043,168.48009733971298,170.29234313964844,494500,0.0,0.0
2023-03-07 00:00:00-05:00,171.38556125030786,173.35539708342807,166.75152064945402,167.12086486816406,694000,0.0,0.0
2023-03-08 00:00:00-05:00,166.9436264820015,168.2043205121393,164.80635589921076,168.17477416992188,567000,0.0,0.0
2023-03-09 00:00:00-05:00,169.31853776410182,171.66525884356014,166.89293366020638,167.14930725097656,645000,0.19,0.0
2023-03-10 00:00:00-05:00,167.8789680965989,170.2355441815909,161.80512497430917,162.74183654785156,850600,0.0,0.0
2023-03-13 00:00:00-04:00,160.57259673342313,165.54210719791118,159.54713240168152,163.30384826660156,740500,0.0,0.0
2023-03-14 00:00:00-04:00,167.62257071027724,168.78606133224048,164.67438007967718,167.84934997558594,466500,0.0,0.0
2023-03-15 00:00:00-04:00,165.63084239078873,172.40477758990667,164.90120071322085,172.31602478027344,542900,0.0,0.0
2023-03-16 00:00:00-04:00,171.7638377813494,179.41039015804517,170.96516790939225,178.86314392089844,756600,0.0,0.0
2023-03-17 00:00:00-04:00,178.62652828763257,180.79575885267965,175.17547487424895,179.6519775390625,697300,0.0,0.0
2023-03-20 00:00:00-04:00,180.49008636936506,185.46946616604063,179.75057496526665,181.702880859375,573700,0.0,0.0
2023-03-21 00:00:00-04:00,182.8565392451975,186.48508346942955,181.9592616874081,181.96913146972656,518500,0.0,0.0
2023-03-22 00:00:00-04:00,181.28873897845412,184.88768811679898,179.5040540341364,180.44076538085938,530500,0.0,0.0
2023-03-23 00:00:00-04:00,182.04801767063375,185.0948014709134,177.32007590437064,181.6831817626953,423200,0.0,0.0
2023-03-24 00:00:00-04:00,179.71114343745853,182.42268551661994,177.19681645491937,181.71275329589844,309200,0.0,0.0
2023-03-27 00:00:00-04:00,178.2715700392031,182.24027562113315,176.61604950062323,179.56324768066406,577300,0.0,0.0
2023-03-28 00:00:00-04:00,179.19841510891982,181.96911552566914,178.03490930227505,181.24932861328125,532100,0.0,0.0
2023-03-29 00:00:00-04:00,182.83678622382754,183.1030145331269,176.78265366619732,176.90098571777344,701400,0.0,0.0
2023-03-30 00:00:00-04:00,178.00531967073448,179.7357811303319,176.45728365801074,177.20664978027344,462100,0.0,0.0
2023-03-31 00:00:00-04:00,177.92644752964497,182.87624826053002,177.56162670438684,181.01268005371094,741500,0.0,0.0
2023-04-03 00:00:00-04:00,179.36602632924817,185.16378539959211,179.36602632924817,185.1539306640625,576800,0.0,0.0
2023-04-04 00:00:00-04:00,184.56233659251274,184.58699600224713,173.45980973324447,173.94296264648438,935200,0.0,0.0
2023-04-05 00:00:00-04:00,173.32175114039055,177.4137082137531,172.38503970683266,176.74322509765625,529300,0.0,0.0
2023-04-06 00:00:00-04:00,176.3981218090324,177.72924841168995,173.01609673095084,177.61093139648438,289100,0.0,0.0
2023-04-10 00:00:00-04:00,176.84186048338591,178.13353819515976,174.2289107573286,175.83612060546875,554200,0.0,0.0
2023-04-11 00:00:00-04:00,175.91499424566234,181.23947087661267,175.85583573460283,179.50408935546875,415800,0.0,0.0
2023-04-12 00:00:00-04:00,180.80563088033725,180.93381769104974,173.94297243312,174.04156494140625,369000,0.0,0.0
2023-04-13 00:00:00-04:00,176.48685698983041,179.25755715210428,174.72188144715818,177.54188537597656,396100,0.0,0.0
2023-04-14 00:00:00-04:00,176.3586997404545,183.42842773945716,176.3586997404545,182.79737854003906,464900,0.0,0.0
2023-04-17 00:00:00-04:00,183.27063846174573,184.45386872548917,180.83517973999696,182.88609313964844,527000,0.0,0.0
2023-04-18 00:00:00-04:00,185.00603530263285,189.4726829190784,183.03892476358257,185.81455993652344,704000,0.0,0.0
2023-04-19 00:00:00-04:00,183.66507159301298,185.81457769536937,181.80150330370975,184.808837890625,381900,0.0,0.0
2023-04-20 00:00:00-04:00,183.9805778558266,188.1119840700766,183.45799098840772,186.13995361328125,393200,0.0,0.0
2023-04-21 00:00:00-04:00,186.26812649368426,189.20644744211174,185.2426623073275,187.69784545898438,411600,0.0,0.0
2023-04-24 00:00:00-04:00,186.84991099169255,194.3337639740785,186.84991099169255,194.0675506591797,770900,0.0,0.0
2023-04-25 00:00:00-04:00,192.88432577368425,195.39866802721767,191.41517247166814,192.89419555664062,628200,0.0,0.0
2023-04-26 00:00:00-04:00,194.5407944228328,202.24945421707523,192.27295654172275,196.6015625,953900,0.0,0.0
2023-04-27 00:00:00-04:00,198.08059124601232,199.57933855001096,194.91547586088456,196.26632690429688,701900,0.0,0.0
2023-04-28 00:00:00-04:00,195.704298540085,200.1019330836671,193.31814349012288,197.31150817871094,646400,0.0,0.0
2023-05-01 00:00:00-04:00,197.50869881998298,199.8899339113924,195.41835144739147,195.9014892578125,712500,0.0,0.0
2023-05-02 00:00:00-04:00,195.8817859486422,197.8735258474679,192.9335950435751,196.52268981933594,679000,0.0,0.0
2023-05-03 00:00:00-04:00,209.03519098970418,218.20513398087883,193.26880489446847,214.9019775390625,2316700,0.0,0.0
2023-05-04 00:00:00-04:00,216.04579979933465,220.64063442780338,202.98109787168588,204.6671905517578,1192100,0.0,0.0
2023-05-05 00:00:00-04:00,206.07719867411186,207.654829179729,201.74859208846684,207.2899932861328,598900,0.0,0.0
2023-05-08 00:00:00-04:00,207.42802135146476,208.12809879226938,201.23584684409968,203.53326416015625,494200,0.0,0.0
2023-05-09 00:00:00-04:00,202.03450256313283,203.42972245582007,197.92282110462745,198.93841552734375,545600,0.0,0.0
2023-05-10 00:00:00-04:00,201.57108490390024,203.13886054365585,197.6664730445425,200.83157348632812,353400,0.0,0.0
2023-05-11 00:00:00-04:00,201.0090839771477,206.4518927627618,200.00334413683427,204.0164337158203,427600,0.0,0.0
2023-05-12 00:00:00-04:00,203.68116552210566,207.49703950228337,203.2177371780316,204.50941467285156,391300,0.0,0.0
2023-05-15 00:00:00-04:00,204.43057000877573,205.44122975248501,201.67957868031135,203.4051055908203,412300,0.0,0.0
2023-05-16 00:00:00-04:00,202.94161776296167,203.66140451174678,197.86363140462444,198.21859741210938,397300,0.0,0.0
2023-05-17 00:00:00-04:00,199.41173241548344,202.16270838217523,197.02557728195822,200.62452697753906,567300,0.0,0.0
2023-05-18 00:00:00-04:00,200.2790932333489,203.39781737913094,199.04542213702328,201.43382263183594,349700,0.19,0.0
2023-05-19 00:00:00-04:00,202.98329228221345,204.81899535459814,201.09331491371913,204.03932189941406,384500,0.0,0.0
2023-05-22 00:00:00-04:00,203.39784592752798,206.73369785923182,200.22484703669528,201.572021484375,555000,0.0,0.0
2023-05-23 00:00:00-04:00,199.79549493979184,202.73656248633299,197.06167569494247,199.80535888671875,452500,0.0,0.0
2023-05-24 00:00:00-04:00,199.75603445083493,203.29914957835817,197.83151039293745,203.2300567626953,397900,0.0,0.0
2023-05-25 00:00:00-04:00,204.35514241391752,204.35514241391752,197.07154361827963,198.47300720214844,531200,0.0,0.0
2023-05-26 00:00:00-04:00,197.80190490532547,200.0027701227083,197.18012979775898,198.1473388671875,446800,0.0,0.0
2023-05-30 00:00:00-04:00,199.89421645389726,202.6921895184536,194.65358331213702,198.739501953125,484900,0.0,0.0
2023-05-31 00:00:00-04:00,198.71974712034327,199.78562570007202,193.69622694815223,196.7557373046875,494200,0.0,0.0
2023-06-01 00:00:00-04:00,196.16354197899955,197.84627093605263,194.21927538694754,196.14381408691406,475500,0.0,0.0
2023-06-02 00:00:00-04:00,198.48288921291214,199.40073334137767,191.68289427789034,195.1865234375,523600,0.0,0.0
2023-06-05 00:00:00-04:00,193.43961313138306,202.22334464264637,193.43961313138306,201.02915954589844,504300,0.0,0.0
2023-06-06 00:00:00-04:00,201.07851977284022,201.18708342900612,195.5615313215413,195.88722229003906,525600,0.0,0.0
2023-06-07 00:00:00-04:00,195.462821238923,198.27558186720623,190.26166048576113,193.5185546875,625700,0.0,0.0
2023-06-08 00:00:00-04:00,193.08430281943714,196.40041086148688,190.67617476920992,190.88343811035156,394800,0.0,0.0
2023-06-09 00:00:00-04:00,190.88347303981593,192.93630363762992,185.89943858901648,186.40277099609375,645800,0.0,0.0
2023-06-12 00:00:00-04:00,187.3699506254151,189.5954827872825,183.7182725519002,188.1101531982422,542400,0.0,0.0
2023-06-13 00:00:00-04:00,187.28112055716778,188.4654567572144,184.1426687816412,185.830322265625,890500,0.0,0.0
2023-06-14 00:00:00-04:00,185.8007156883053,190.3603739236755,183.80217470132155,189.2253875732422,473300,0.0,0.0
2023-06-15 00:00:00-04:00,188.1595010843852,189.39317212495806,185.33193669744725,186.4718475341797,485900,0.0,0.0
2023-06-16 00:00:00-04:00,188.0805561970747,189.11190336234915,184.6558842418282,185.71189880371094,545600,0.0,0.0
2023-06-20 00:00:00-04:00,185.65268717891246,188.37662740075376,184.9716983585869,187.3502197265625,479400,0.0,0.0
2023-06-21 00:00:00-04:00,187.4488767073392,191.4657162299826,186.80737388808404,189.23524475097656,448700,0.0,0.0
2023-06-22 00:00:00-04:00,188.949049341533,189.1069628454695,182.82018018217087,184.00450134277344,726200,0.0,0.0
2023-06-23 00:00:00-04:00,182.72150129348444,189.1760621427393,178.63558303527702,184.87303161621094,4005200,0.0,0.0
2023-06-26 00:00:00-04:00,185.54416002690397,189.10700327660766,184.69539358610447,186.28436279296875,514400,0.0,0.0
2023-06-27 00:00:00-04:00,190.58736833062414,194.90027737919777,189.4277145648576,193.53831481933594,519300,0.0,0.0
2023-06-28 00:00:00-04:00,193.46921311083133,199.5191403078341,193.4396062125964,197.64395141601562,475100,0.0,0.0
2023-06-29 00:00:00-04:00,197.64399776617748,199.00597564222602,194.07129065302237,194.2489471435547,330500,0.0,0.0
2023-06-30 00:00:00-04:00,195.18647940899578,198.26571715759852,194.70287499459732,197.54525756835938,415500,0.0,0.0
2023-07-03 00:00:00-04:00,197.90058530005527,198.02395240874978,190.26168850828424,193.0941925048828,352400,0.0,0.0
2023-07-05 00:00:00-04:00,192.4527095927183,192.7882645490191,186.6988652372466,186.9949493408203,616100,0.0,0.0
2023-07-06 00:00:00-04:00,185.41580239149954,186.99490721518143,183.29389440292042,183.48141479492188,595800,0.0,0.0
2023-07-07 00:00:00-04:00,183.30374852485278,184.8038965210042,181.60621620118482,184.5078125,491800,0.0,0.0
2023-07-10 00:00:00-04:00,184.55718559019408,190.0050810606285,184.4288789843927,189.60043334960938,479400,0.0,0.0
2023-07-11 00:00:00-04:00,189.71885692586343,191.2288690257315,186.4372950763975,186.57052612304688,325600,0.0,0.0
2023-07-12 00:00:00-04:00,188.94905551930387,193.36066441084293,185.66255402604222,192.87705993652344,482200,0.0,0.0
2023-07-13 00:00:00-04:00,193.93307395445814,196.54845035296077,192.80796664687173,193.0349578857422,336700,0.0,0.0
2023-07-14 00:00:00-04:00,192.45267525262682,195.34439283685606,190.5577584111208,191.40652465820312,330200,0.0,0.0
2023-07-17 00:00:00-04:00,191.62367098923582,193.16329013465057,189.3734560752509,191.0413818359375,360800,0.0,0.0
2023-07-18 00:00:00-04:00,191.68284975244052,194.02188494503966,189.2056440222925,189.9458465576172,389300,0.0,0.0
2023-07-19 00:00:00-04:00,190.3702205852321,191.43611403466392,184.07355958300775,184.6854705810547,507400,0.0,0.0
2023-07-20 00:00:00-04:00,184.06370005299357,186.7679121132472,182.68199465546797,183.03729248046875,310800,0.0,0.0
2023-07-21 00:00:00-04:00,184.12292840159387,185.49871554033732,182.29710434335644,183.35311889648438,273200,0.0,0.0
2023-07-24 00:00:00-04:00,183.36299674185324,184.02918214931805,180.5403566560121,180.99435424804688,381300,0.0,0.0
2023-07-25 00:00:00-04:00,181.81352971904286,183.6590970329086,180.90554951427342,182.70176696777344,351700,0.0,0.0
2023-07-26 00:00:00-04:00,182.76097321275157,182.76097321275157,178.76881514363134,181.0042266845703,370100,0.0,0.0
2023-07-27 00:00:00-04:00,181.29044236744295,182.53397744550304,176.21758728152182,176.67156982421875,483600,0.0,0.0
2023-07-28 00:00:00-04:00,171.63817239465718,172.91131416552045,161.26743038864475,162.47940063476562,1514600,0.0,0.0
2023-07-31 00:00:00-04:00,162.93340770531026,167.45358047279265,161.96621376887225,166.37782287597656,819900,0.0,0.0
2023-08-01 00:00:00-04:00,164.71976137435612,166.49625079317872,162.07477773035728,166.21990966796875,1086400,0.0,0.0
2023-08-02 00:00:00-04:00,163.01234189764946,170.3946246030313,157.95923053475192,165.4895477294922,1113900,0.0,0.0
2023-08-03 00:00:00-04:00,165.34151883907728,170.54267992691942,162.0451535824207,163.36764526367188,922300,0.0,0.0
2023-08-04 00:00:00-04:00,164.79868952174536,165.97314662971786,162.17344928802598,163.6538543701172,541000,0.0,0.0
2023-08-07 00:00:00-04:00,163.2393613967791,166.91076796311103,162.81498574750455,164.66055297851562,559600,0.0,0.0
2023-08-08 00:00:00-04:00,164.66052063292668,164.66052063292668,158.87214634200797,159.15341186523438,636500,0.0,0.0
2023-08-09 00:00:00-04:00,159.97257801650622,162.51887669949681,158.630343402049,160.9200439453125,513200,0.0,0.0
2023-08-10 00:00:00-04:00,161.05822468905805,163.41700312490568,159.41004197994337,160.14036560058594,473300,0.0,0.0
2023-08-11 00:00:00-04:00,159.68637575580323,161.37600202399426,158.43296181489745,160.46604919433594,393900,0.0,0.0
2023-08-14 00:00:00-04:00,160.27853129724886,162.02541366080808,158.53166399315018,161.9464569091797,489600,0.0,0.0
2023-08-15 00:00:00-04:00,160.1996110834858,162.5978606154632,159.6370498000071,162.0945281982422,489500,0.0,0.0
2023-08-16 00:00:00-04:00,161.72935038005417,161.9958275685945,158.83763239511407,160.79176330566406,536400,0.0,0.0
2023-08-17 00:00:00-04:00,164.72503390284058,167.48231895411504,162.12589094016914,162.64967346191406,752100,0.22,0.0
2023-08-18 00:00:00-04:00,161.5032892423753,164.27045181619982,160.9004431640772,164.10244750976562,704600,0.0,0.0
2023-08-21 00:00:00-04:00,164.5669260055317,165.3871929188819,158.5335194148968,159.80345153808594,481100,0.0,0.0
2023-08-22 00:00:00-04:00,160.65336075498013,164.36927004626486,160.59406689689735,163.7861785888672,320400,0.0,0.0
2023-08-23 00:00:00-04:00,163.5094864967796,164.32975350004583,161.22658216567444,163.3612518310547,288100,0.0,0.0
2023-08-24 00:00:00-04:00,167.58117138102568,167.58117138102568,162.23462003519438,162.26426696777344,429000,0.0,0.0
2023-08-25 00:00:00-04:00,162.64971147986225,163.75657064040837,159.38841279059588,160.39645385742188,326600,0.0,0.0
2023-08-28 00:00:00-04:00,161.13764974328762,164.14198807014628,160.0999617897963,160.97952270507812,451400,0.0,0.0
2023-08-29 00:00:00-04:00,160.20867192447994,162.511346019412,159.47734568408598,161.79978942871094,399500,0.0,0.0
2023-08-30 00:00:00-04:00,161.93812402214286,163.3068742441773,159.94181191924656,161.05856323242188,967900,0.0,0.0
2023-08-31 00:00:00-04:00,161.77012016210398,164.4878660464626,157.94551532493148,158.75588989257812,877300,0.0,0.0
2023-09-01 00:00:00-04:00,159.8726507836546,160.87574553967366,155.30682717020304,156.9078369140625,651100,0.0,0.0
2023-09-05 00:00:00-04:00,155.70211759453645,155.70211759453645,149.35741882909468,149.4265899658203,1023600,0.0,0.0
2023-09-06 00:00:00-04:00,148.79410868046654,152.91519775331886,148.31974272929938,152.61871337890625,1002200,0.0,0.0
2023-09-07 00:00:00-04:00,152.40132815420537,160.3766699311329,151.32410094581996,159.76394653320312,876400,0.0,0.0
2023-09-08 00:00:00-04:00,159.76393005324815,163.98383733182447,157.49090321692984,158.568115234375,851500,0.0,0.0
2023-09-11 00:00:00-04:00,157.75774640500248,165.0116538501389,157.50573240760704,163.72689819335938,860800,0.0,0.0
2023-09-12 00:00:00-04:00,162.59040140963796,164.0629160219174,159.40816656027212,163.3612518310547,524400,0.0,0.0
2023-09-13 00:00:00-04:00,163.35135237727005,166.91901228250623,162.52120812559198,166.78065490722656,590700,0.0,0.0
2023-09-14 00:00:00-04:00,167.68987461551134,170.6794044826409,162.9066449238928,170.16055297851562,720900,0.0,0.0
2023-09-15 00:00:00-04:00,169.8443303786203,170.071628587599,164.8239096509732,168.36192321777344,728400,0.0,0.0
2023-09-18 00:00:00-04:00,168.36189511037117,173.19948722666757,167.40327076667631,171.919677734375,987200,0.0,0.0
2023-09-19 00:00:00-04:00,171.35635427386248,172.0481411443616,168.74731873382092,171.70225524902344,794600,0.0,0.0
2023-09-20 00:00:00-04:00,175.56640122257807,178.74073438299462,173.32303609092833,173.402099609375,668500,0.0,0.0
2023-09-21 00:00:00-04:00,171.87026496162798,172.4256699322854,166.08887183951725,166.23712158203125,704800,0.0,0.0
2023-09-22 00:00:00-04:00,166.96843185988246,170.13089698006883,166.8399668461311,167.37362670898438,441500,0.0,0.0
2023-09-25 00:00:00-04:00,165.8912138290241,171.82084137194673,164.6953989727461,171.48483276367188,474000,0.0,0.0
2023-09-26 00:00:00-04:00,175.31935315932185,177.59435601884206,172.74985637916072,174.7165069580078,818000,0.0,0.0
2023-09-27 00:00:00-04:00,175.3094526940634,177.59235708052864,173.73810487998006,176.781982421875,528700,0.0,0.0
2023-09-28 00:00:00-04:00,177.84932388487766,180.6560109802636,175.70476172358983,179.16371154785156,454200,0.0,0.0
2023-09-29 00:00:00-04:00,180.5670618703449,181.5652104878432,177.3255180249759,177.730712890625,448100,0.0,0.0
2023-10-02 00:00:00-04:00,176.80173344189853,182.39535274256468,176.80173344189853,182.14828491210938,728800,0.0,0.0
2023-10-03 00:00:00-04:00,183.14644128042954,187.34659423034853,174.29152395559586,174.94378662109375,783800,0.0,0.0
2023-10-04 00:00:00-04:00,175.76406473107605,182.76101258306855,175.51699689483885,182.45465087890625,686800,0.0,0.0
2023-10-05 00:00:00-04:00,183.76907774965085,183.79872468751307,179.45033622969507,180.73509216308594,663100,0.0,0.0
2023-10-06 00:00:00-04:00,178.28413970511772,180.08280074188883,168.82639103496555,171.9987335205078,1231300,0.0,0.0
2023-10-09 00:00:00-04:00,170.82270364836117,175.3094488048419,170.07160779427443,173.66891479492188,475400,0.0,0.0
2023-10-10 00:00:00-04:00,172.90795867065708,179.3811238234919,172.90795867065708,179.21311950683594,436100,0.0,0.0
2023-10-11 00:00:00-04:00,179.87525819050734,183.36187929973906,178.87710958234788,179.49972534179688,469900,0.0,0.0
2023-10-12 00:00:00-04:00,178.4422764587148,179.3119600913416,171.0005942363109,172.79925537109375,561800,0.0,0.0
2023-10-13 00:00:00-04:00,171.94934628910113,174.65720027360953,171.4650878744364,173.29339599609375,346400,0.0,0.0
2023-10-16 00:00:00-04:00,174.1432727103505,178.93637892529654,172.62132663580047,178.69920349121094,333100,0.0,0.0
2023-10-17 00:00:00-04:00,178.74861012277793,183.57137848537968,178.74861012277793,182.34591674804688,409600,0.0,0.0
2023-10-18 00:00:00-04:00,181.45649895327216,183.68010943901737,179.71714684649243,180.34963989257812,339900,0.0,0.0
2023-10-19 00:00:00-04:00,180.24091460078586,181.4466067268218,177.52316867534492,179.37123107910156,386300,0.0,0.0
2023-10-20 00:00:00-04:00,179.07477781284257,180.418827543669,174.71649724304967,177.22671508789062,396100,0.0,0.0
2023-10-23 00:00:00-04:00,175.6948726776216,179.46018396435522,173.31313519604714,175.7838134765625,478900,0.0,0.0
2023-10-24 00:00:00-04:00,177.4342560535207,181.0305834725373,176.9796596144271,177.7999267578125,350600,0.0,0.0
2023-10-25 00:00:00-04:00,178.60039574083413,180.3693947842014,173.32303046438562,173.88633728027344,491200,0.0,0.0
2023-10-26 00:00:00-04:00,173.63928401195224,177.88885409803703,171.70228048980897,172.02841186523438,487700,0.0,0.0
2023-10-27 00:00:00-04:00,173.77762460660318,180.73506311675794,173.7677473221785,175.97158813476562,589400,0.0,0.0
2023-10-30 00:00:00-04:00,175.971588431921,178.01731729805005,174.74614164895542,176.47561645507812,424300,0.0,0.0
2023-10-31 00:00:00-04:00,175.8628680524053,182.9171488029339,175.7936969055749,180.6263427734375,1047800,0.0,0.0
2023-11-01 00:00:00-04:00,187.49484895395577,198.16818296124345,179.94445615217597,194.19532775878906,1715400,0.0,0.0
2023-11-02 00:00:00-04:00,197.525772890482,199.94704955335087,194.23482776877856,196.38926696777344,631700,0.0,0.0
2023-11-03 00:00:00-04:00,197.82226422391648,205.2244216863786,197.3380058583943,204.41403198242188,788600,0.0,0.0
2023-11-06 00:00:00-05:00,203.89026304526357,206.43012769343406,203.23800032474222,204.19662475585938,461700,0.0,0.0
2023-11-07 00:00:00-05:00,203.68274119537529,206.06940998684007,202.93856692125973,204.75006103515625,405000,0.0,0.0
2023-11-08 00:00:00-05:00,205.6988057876228,207.08237969682463,202.93856452889676,205.16514587402344,291300,0.0,0.0
2023-11-09 00:00:00-05:00,205.16515571033327,205.23432686919733,201.6172498019518,203.82110595703125,251100,0.0,0.0
2023-11-10 00:00:00-05:00,204.19663318598424,208.72786421992078,203.6382574285384,208.46597290039062,247700,0.0,0.0
2023-11-13 00:00:00-05:00,208.46596155988948,217.19733051665182,208.46596155988948,212.08303833007812,592300,0.0,0.0
2023-11-14 00:00:00-05:00,215.4233655619181,218.41782628069208,213.16023100607774,217.419677734375,597900,0.0,0.0
2023-11-15 00:00:00-05:00,218.79338630656238,223.66062555962247,217.3109793307973,221.71372985839844,445700,0.0,0.0
2023-11-16 00:00:00-05:00,221.87695926825165,225.46791057966325,220.89761988850424,225.2700653076172,514700,0.22,0.0
2023-11-17 00:00:00-05:00,227.40680255596973,230.49323068594796,226.69454758834016,227.6442108154297,561300,0.0,0.0
2023-11-20 00:00:00-05:00,226.73411945423496,229.33582909299855,225.08703921141196,229.3160400390625,568700,0.0,0.0
2023-11-21 00:00:00-05:00,229.31605146855867,229.5040097537558,227.4147323548876,227.9014434814453,380000,0.0,0.0
2023-11-22 00:00:00-05:00,229.15776444099038,233.2334492763389,227.9212126900793,232.32334899902344,429200,0.0,0.0
2023-11-24 00:00:00-05:00,232.14528007352197,233.48076201602396,231.05117629570736,233.134521484375,150700,0.0,0.0
2023-11-27 00:00:00-05:00,232.2739065746478,239.05515281184245,226.80340230239202,237.88290405273438,549700,0.0,0.0
2023-11-28 00:00:00-05:00,236.71559857194578,237.25968443122184,233.36207039611602,235.43948364257812,669600,0.0,0.0
2023-11-29 00:00:00-05:00,237.40806649224376,238.49622305555172,230.37455901682384,236.05279541015625,516400,0.0,0.0
2023-11-30 00:00:00-05:00,236.2506379985333,238.28847286398698,235.49880487522944,237.77406311035156,294100,0.0,0.0
2023-12-01 00:00:00-05:00,236.8442012936941,240.85558347917552,236.8442012936941,240.0790252685547,305300,0.0,0.0
2023-12-04 00:00:00-05:00,239.96028803715097,243.8479994029007,238.11039639802502,242.38392639160156,506100,0.0,0.0
2023-12-05 00:00:00-05:00,242.45317025561735,242.98736906274013,239.49534814051913,240.69232177734375,331500,0.0,0.0
2023-12-06 00:00:00-05:00,243.21487657077606,246.30130472275025,240.77144925225485,244.411865234375,557400,0.0,0.0
2023-12-07 00:00:00-05:00,245.94516699904952,248.00279071292638,241.14735575427054,243.11593627929688,359000,0.0,0.0
2023-12-08 00:00:00-05:00,242.25533467104478,245.71272865976684,242.25533467104478,244.52069091796875,288200,0.0,0.0
2023-12-11 00:00:00-05:00,242.93790422059053,247.75550499635708,241.63209833041,243.42263793945312,404000,0.0,0.0
2023-12-12 00:00:00-05:00,244.9065168825861,246.32112493296495,242.83899074757772,246.17274475097656,691600,0.0,0.0
2023-12-13 00:00:00-05:00,246.64755910817496,249.7438895083387,244.73831536444075,249.07119750976562,345900,0.0,0.0
2023-12-14 00:00:00-05:00,250.4759405631406,251.02002639790385,238.01150692981406,242.52244567871094,656600,0.0,0.0
2023-12-15 00:00:00-05:00,241.93879118672496,244.80758538369363,240.9495497264424,243.03683471679688,591600,0.0,0.0
2023-12-18 00:00:00-05:00,244.23381164156905,250.53527460667493,244.08543146759718,248.53701782226562,408600,0.0,0.0
2023-12-19 00:00:00-05:00,251.44536716990382,255.6100951233671,250.83699338068286,251.75204467773438,435000,0.0,0.0
2023-12-20 00:00:00-05:00,253.04795493394244,254.66040816303493,249.7142011279486,250.08023071289062,328400,0.0,0.0
2023-12-21 00:00:00-05:00,252.8995365619738,254.66038489802867,251.850943181472,253.29522705078125,249700,0.0,0.0
2023-12-22 00:00:00-05:00,253.94817227295528,256.61418531112463,251.5542096989855,255.39248657226562,215400,0.0,0.0
2023-12-26 00:00:00-05:00,254.77916256740312,257.15336656405674,254.54966382900525,256.18389892578125,234600,0.0,0.0
2023-12-27 00:00:00-05:00,256.36191261749616,259.15158071805126,255.82771378799026,257.5885925292969,180600,0.0,0.0
2023-12-28 00:00:00-05:00,257.6479640117008,258.2217108056905,254.70991551194433,255.10560607910156,158000,0.0,0.0
2023-12-29 00:00:00-05:00,254.17567688897702,256.708132349812,253.22106260140743,253.8195343017578,273300,0.0,0.0
2024-01-02 00:00:00-05:00,251.0002166967573,252.7165511329699,247.4686327409101,249.6746368408203,344000,0.0,0.0
2024-01-03 00:00:00-05:00,249.95162033320358,249.95162033320358,241.3847862685261,242.03768920898438,487100,0.0,0.0
2024-01-04 00:00:00-05:00,242.03769745371957,242.8142555944463,239.17879034149504,240.58351135253906,354800,0.0,0.0
2024-01-05 00:00:00-05:00,240.96931944219136,243.54630426895812,239.74266971361288,242.5916748046875,272300,0.0,0.0
2024-01-08 00:00:00-05:00,242.91814186939905,246.3706001604166,242.91814186939905,245.7176971435547,295800,0.0,0.0
2024-01-09 00:00:00-05:00,244.20415927283796,251.18820190429688,244.20415927283796,251.18820190429688,305500,0.0,0.0
2024-01-10 00:00:00-05:00,251.7025651363356,256.67844779328226,250.31761822462573,256.6289978027344,245000,0.0,0.0
2024-01-11 00:00:00-05:00,255.61012548360904,260.1259851535985,253.73648976680218,259.7451477050781,360700,0.0,0.0
2024-01-12 00:00:00-05:00,260.08153835548245,261.70686777805383,258.41961954883,258.45916748046875,291800,0.0,0.0
2024-01-16 00:00:00-05:00,259.6956274793786,271.5467496815142,259.6758535205737,268.7768859863281,553300,0.0,0.0
2024-01-17 00:00:00-05:00,267.76784164073126,270.7256938088835,262.7326067868988,270.547607421875,529600,0.0,0.0
2024-01-18 00:00:00-05:00,272.3282465714018,274.0940459187706,269.9639453679938,272.5162048339844,471200,0.0,0.0
2024-01-19 00:00:00-05:00,273.7527620419083,273.7873891109055,269.25169591101076,272.7832946777344,427100,0.0,0.0
2024-01-22 00:00:00-05:00,274.0495500361224,281.8151012397058,274.0495500361224,278.78802490234375,417900,0.0,0.0
2024-01-23 00:00:00-05:00,279.2628710966861,281.89425718216177,276.44355689512815,280.143310546875,366800,0.0,0.0
2024-01-24 00:00:00-05:00,282.6658366356071,282.6658366356071,276.5622339165891,277.4525451660156,215900,0.0,0.0
2024-01-25 00:00:00-05:00,280.96439761727726,281.29086426201366,275.691752998899,277.7889404296875,204800,0.0,0.0
2024-01-26 00:00:00-05:00,277.5316565439989,278.24391154378486,268.7472184656398,270.2508544921875,413000,0.0,0.0
2024-01-29 00:00:00-05:00,271.5269758900116,276.9776751852452,267.4512761799407,275.9884338378906,368300,0.0,0.0
2024-01-30 00:00:00-05:00,276.0180806247031,279.82666544632207,274.3601173740036,276.1961669921875,254900,0.0,0.0
2024-01-31 00:00:00-05:00,277.03703886719506,283.4770099690633,275.5828528180394,278.08563232421875,410800,0.0,0.0
2024-02-01 00:00:00-05:00,278.98585911418706,285.2774503501049,278.98585911418706,284.4959411621094,310200,0.0,0.0
2024-02-02 00:00:00-05:00,284.1694881383867,287.1174081261288,280.94455158289594,284.6739807128906,241900,0.0,0.0
2024-02-05 00:00:00-05:00,284.1200342955248,284.66908625549723,280.0938444543347,282.86370849609375,194900,0.0,0.0
2024-02-06 00:00:00-05:00,283.23957543576716,283.98645744536975,279.90583709476493,283.3978576660156,272300,0.0,0.0
2024-02-07 00:00:00-05:00,285.47528637819903,292.8995483432752,282.74500048556746,289.6400146484375,339300,0.0,0.0
2024-02-08 00:00:00-05:00,291.4057972707481,294.9967181911895,290.4511527538944,290.9853515625,444900,0.0,0.0
2024-02-09 00:00:00-05:00,291.69760439166714,294.4674984024658,290.4511505773452,292.3208312988281,406100,0.0,0.0
2024-02-12 00:00:00-05:00,291.8261734360014,294.2893745274952,288.79909757753387,290.0950012207031,341600,0.0,0.0
2024-02-13 00:00:00-05:00,285.57416385750554,296.7674312928394,282.7548201875258,296.7427062988281,426500,0.0,0.0
2024-02-14 00:00:00-05:00,301.83734513372576,304.7061392888996,297.68747002287824,304.4192810058594,417800,0.0,0.0
2024-02-15 00:00:00-05:00,305.49757488158474,312.0611718688095,304.8842499665952,311.75946044921875,417200,0.0,0.0
2024-02-16 00:00:00-05:00,312.9564317972275,321.37488676665083,311.0630522740423,315.82525634765625,828600,0.0,0.0
2024-02-20 00:00:00-05:00,318.7335893966642,321.5628052942094,313.58457103209975,320.9791564941406,912500,0.0,0.0
2024-02-21 00:00:00-05:00,304.66656313125156,316.35937299393504,297.7715496849844,306.98138427734375,1113200,0.0,0.0
2024-02-22 00:00:00-05:00,315.13274522672475,339.59669648028796,313.8269393032301,330.4560852050781,1060500,0.0,0.0
2024-02-23 00:00:00-05:00,330.1989067731504,338.1029361718126,329.24921326006057,335.1846618652344,578500,0.0,0.0
2024-02-26 00:00:00-05:00,336.3915514808285,347.1050535605123,336.34210148278265,345.7003173828125,632200,0.0,0.0
2024-02-27 00:00:00-05:00,348.09426374132994,348.9746728764729,332.45931088077907,335.36273193359375,835900,0.0,0.0
2024-02-28 00:00:00-05:00,333.3645208419127,343.41521923273297,333.3645208419127,342.7919921875,421400,0.0,0.0
2024-02-29 00:00:00-05:00,344.4043387074328,348.3316277180726,341.45641907309823,347.27313232421875,458900,0.0,0.0
2024-03-01 00:00:00-05:00,350.102443617568,362.4580596119356,348.9944980288317,362.33935546875,662500,0.0,0.0
2024-03-04 00:00:00-05:00,364.86185033644136,371.282046813106,359.1044889941037,362.56683349609375,499900,0.0,0.0
2024-03-05 00:00:00-05:00,360.697229421189,362.87357278796986,352.1996485937319,361.0137939453125,421200,0.0,0.0
2024-03-06 00:00:00-05:00,363.6550452596308,366.82063006513175,355.18221977414123,365.4159240722656,345500,0.0,0.0
2024-03-07 00:00:00-05:00,366.98974609375,368.5982214462545,361.6149408814137,366.98974609375,278100,0.22,0.0
2024-03-08 00:00:00-05:00,368.5437553293721,370.6224064279025,349.7765684148927,350.3902587890625,676900,0.0,0.0
2024-03-11 00:00:00-04:00,347.43065057994085,347.43065057994085,328.46548665560834,330.8212890625,973500,0.0,0.0
2024-03-12 00:00:00-04:00,333.3354956384643,349.42024931184403,331.37561939319204,346.0152282714844,720700,0.0,0.0
2024-03-13 00:00:00-04:00,345.5796573063358,346.99510820409785,340.25436237978596,340.7591857910156,401500,0.0,0.0
2024-03-14 00:00:00-04:00,343.3426299852723,348.07897433607945,341.82226933907526,346.6288757324219,501800,0.0,0.0
2024-03-15 00:00:00-04:00,343.1743943202881,346.44082429502987,337.12651165125726,344.1147155761719,881500,0.0,0.0
2024-03-18 00:00:00-04:00,344.98573761731524,346.4407901442105,330.86086256232755,336.0970458984375,491100,0.0,0.0
2024-03-19 00:00:00-04:00,333.68189344748055,337.8095017555427,321.6851472963402,337.02752685546875,583400,0.0,0.0
2024-03-20 00:00:00-04:00,336.5226778425074,344.81743436498317,334.998329990603,344.68878173828125,535100,0.0,0.0
2024-03-21 00:00:00-04:00,343.4812384124881,350.1922908651852,340.4325422522082,344.4710693359375,390400,0.0,0.0
2024-03-22 00:00:00-04:00,345.06498519731605,354.35951318508455,339.4625680796156,352.6767883300781,504100,0.0,0.0
2024-03-25 00:00:00-04:00,353.8645603514806,365.99989731824354,353.8645603514806,357.556640625,634000,0.0,0.0
2024-03-26 00:00:00-04:00,358.93251682105273,365.17834809163344,357.67048832191074,364.2578125,378300,0.0,0.0
2024-03-27 00:00:00-04:00,368.0488079694596,369.3157903052993,353.0083504948961,362.1593322753906,383100,0.0,0.0
2024-03-28 00:00:00-04:00,363.2580383638869,366.6115859921558,358.63554490009284,362.6740417480469,363100,0.0,0.0
2024-04-01 00:00:00-04:00,362.3177021355451,367.00949081922096,361.47633984989983,364.0597839355469,332300,0.0,0.0
2024-04-02 00:00:00-04:00,356.6756506544268,358.2841258117889,349.91511913036163,356.2203369140625,345600,0.0,0.0
2024-04-03 00:00:00-04:00,360.1203277712261,370.1671065499988,357.09640126473073,366.643310546875,615700,0.0,0.0
2024-04-04 00:00:00-04:00,367.64298262114943,375.1458870713917,347.1138705291428,347.3316345214844,588200,0.0,0.0
2024-04-05 00:00:00-04:00,350.2021805706941,355.0226827062909,344.6888450966546,346.866455078125,489300,0.0,0.0
2024-04-08 00:00:00-04:00,346.5892212755308,360.0014456833085,344.9560066256372,359.62530517578125,365300,0.0,0.0
2024-04-09 00:00:00-04:00,359.10072603279934,359.30858204372333,339.92770818224704,350.71685791015625,576200,0.0,0.0
2024-04-10 00:00:00-04:00,346.92582965653037,361.28828597917055,340.75920235450735,356.38861083984375,560500,0.0,0.0
2024-04-11 00:00:00-04:00,357.6457523684652,364.80221132988424,355.3592451226285,363.218505859375,329100,0.0,0.0
2024-04-12 00:00:00-04:00,362.93136070059677,363.81724838209954,356.87360110539225,361.43670654296875,221600,0.0,0.0
2024-04-15 00:00:00-04:00,363.6045223721352,368.40520884883625,354.6267477929662,355.20086669921875,271900,0.0,0.0
2024-04-16 00:00:00-04:00,354.15160787891256,367.0589811280167,352.409495820184,366.900634765625,474400,0.0,0.0
2024-04-17 00:00:00-04:00,370.186826473889,372.32586155374514,350.40011763317966,355.9134826660156,455500,0.0,0.0
2024-04-18 00:00:00-04:00,358.44746824353234,362.1395181637093,351.7958033947884,352.7757263183594,299500,0.0,0.0
2024-04-19 00:00:00-04:00,353.4289874012308,356.3490003802295,339.1655217720081,343.8375244140625,626200,0.0,0.0
2024-04-22 00:00:00-04:00,346.4408202436795,355.9926825318068,344.6294429604492,351.14251708984375,539300,0.0,0.0
2024-04-23 00:00:00-04:00,355.7848128144273,362.2681929753154,351.38996130435135,361.0210266113281,510400,0.0,0.0
2024-04-24 00:00:00-04:00,361.04080872257254,363.70345617126617,356.8736292307109,359.0512390136719,271300,0.0,0.0
2024-04-25 00:00:00-04:00,357.12108313220745,375.0765991592178,350.9247323049371,366.138427734375,619900,0.0,0.0
2024-04-26 00:00:00-04:00,365.24757417320706,380.07525079609144,365.24757417320706,378.669677734375,510500,0.0,0.0
2024-04-29 00:00:00-04:00,381.0849311272788,388.4888778066454,377.1256071675149,380.9067687988281,718800,0.0,0.0
2024-04-30 00:00:00-04:00,380.0455598864575,387.02385516653885,378.28858599452604,380.87701416015625,977300,0.0,0.0
2024-05-01 00:00:00-04:00,386.9051141597287,391.97304362802316,356.66576148276687,380.0752868652344,1173500,0.0,0.0
2024-05-02 00:00:00-04:00,384.04451751639357,386.6972875365807,375.4330059969619,377.6601257324219,665600,0.0,0.0
2024-05-03 00:00:00-04:00,382.5993378503002,387.1228723281906,377.2245632950344,384.5987854003906,510600,0.0,0.0
2024-05-06 00:00:00-04:00,387.70687448197816,396.66483220222113,387.32082592468697,391.8146667480469,571700,0.0,0.0
2024-05-07 00:00:00-04:00,390.9337462995202,395.4176793006273,387.7860609168756,393.7943420410156,416600,0.0,0.0
2024-05-08 00:00:00-04:00,390.93374957765025,396.8826131039317,387.89296760385383,389.95379638671875,257800,0.0,0.0
2024-05-09 00:00:00-04:00,390.38930127575054,393.9427905851329,384.80667070240827,393.7448425292969,208000,0.0,0.0
2024-05-10 00:00:00-04:00,394.7445782220083,396.91231045997125,383.5100208934185,386.0538635253906,321000,0.0,0.0
2024-05-13 00:00:00-04:00,386.9347470179085,386.9347470179085,371.9586027471902,373.5819396972656,538800,0.0,0.0
2024-05-14 00:00:00-04:00,373.16626485135254,386.61806371807455,372.3744121812495,383.3021240234375,448600,0.0,0.0
2024-05-15 00:00:00-04:00,383.7871449141988,387.9741102796464,382.183593485531,385.2223815917969,320400,0.0,0.0
2024-05-16 00:00:00-04:00,384.55884133354715,391.035975221094,384.39046160359817,385.2322998046875,300100,0.22,0.0
2024-05-17 00:00:00-04:00,385.5789421581252,386.2801465613094,381.3895783167047,382.5681457519531,269000,0.0,0.0
2024-05-20 00:00:00-04:00,383.37038542198565,386.2029189321215,377.9133222389767,379.1612243652344,279600,0.0,0.0
2024-05-21 00:00:00-04:00,378.4480748330091,380.9537619982702,376.37124060657885,376.6851806640625,389100,0.0,0.0
2024-05-22 00:00:00-04:00,378.2302253022993,378.2302253022993,370.22788125802066,374.90252685546875,361400,0.0,0.0
2024-05-23 00:00:00-04:00,377.3686016100914,379.70593959179473,373.2782828103568,377.4577331542969,278400,0.0,0.0
2024-05-24 00:00:00-04:00,379.4979725841611,383.0782561909221,376.99228485062656,380.201171875,293100,0.0,0.0
2024-05-28 00:00:00-04:00,382.57807107288113,390.46157338792034,375.16002341906807,385.85626220703125,564000,0.0,0.0
2024-05-29 00:00:00-04:00,379.90399229923383,386.9803234787286,377.4626826751352,383.301025390625,314900,0.0,0.0
2024-05-30 00:00:00-04:00,383.271326652925,383.9943228188768,378.378793674902,382.2611389160156,251700,0.0,0.0
2024-05-31 00:00:00-04:00,386.04445117573357,386.04445117573357,358.55119198571856,365.1075744628906,674600,0.0,0.0
2024-06-03 00:00:00-04:00,365.64238020582945,373.76359681859947,359.58119337330777,373.0009765625,458100,0.0,0.0
2024-06-04 00:00:00-04:00,372.26807920516575,374.94211609024876,364.3746637343987,374.8926086425781,284700,0.0,0.0
2024-06-05 00:00:00-04:00,377.77466917621723,407.00111135648757,375.0867591839363,398.5728759765625,1087800,0.0,0.0
2024-06-06 00:00:00-04:00,398.57287869101157,402.7533265073689,378.6165099796347,382.13238525390625,505400,0.0,0.0
2024-06-07 00:00:00-04:00,382.56814463926787,385.72749360701187,375.35810105747987,380.1020812988281,305200,0.0,0.0
2024-06-10 00:00:00-04:00,376.4376269615933,392.63052221723046,373.61500720108864,391.82830810546875,419200,0.0,0.0
2024-06-11 00:00:00-04:00,391.05582291127035,395.156025206084,384.4697299763677,393.3337097167969,344700,0.0,0.0
2024-06-12 00:00:00-04:00,396.82975383597005,408.2984955130655,392.4225331843785,407.0406799316406,420800,0.0,0.0
2024-06-13 00:00:00-04:00,408.1994401169714,411.0022325375684,399.12745755408355,402.89093017578125,273300,0.0,0.0
2024-06-14 00:00:00-04:00,400.82104325682565,401.56879313002463,392.6107254696382,394.95794677734375,278100,0.0,0.0
2024-06-17 00:00:00-04:00,398.35502473802717,413.4584858011719,395.314517453771,413.3693542480469,372600,0.0,0.0
2024-06-18 00:00:00-04:00,412.9929585768626,425.0955352146349,409.8038990306772,424.7290954589844,439200,0.0,0.0
2024-06-20 00:00:00-04:00,425.2143492434686,426.0661009816129,403.08902412597894,404.7627868652344,447800,0.0,0.0
2024-06-21 00:00:00-04:00,404.7628260921873,410.8537235820216,397.5626957213572,410.7745056152344,492900,0.0,0.0
2024-06-24 00:00:00-04:00,410.17030592299557,410.17030592299557,402.5443156013493,407.0802917480469,326900,0.0,0.0
2024-06-25 00:00:00-04:00,411.4380336656056,417.85577678803617,407.65473363966987,415.1322021484375,294400,0.0,0.0
2024-06-26 00:00:00-04:00,416.5682132373245,419.22840722236145,412.7156091733501,418.5787353515625,407800,0.0,0.0
2024-06-27 00:00:00-04:00,418.93529961277716,423.4019716988733,416.14239036152,422.1243591308594,339200,0.0,0.0
2024-06-28 00:00:00-04:00,423.6099467190747,426.8920971783306,415.6967340383259,418.59857177734375,435300,0.0,0.0
2024-07-01 00:00:00-04:00,422.411565649231,422.8968474417238,409.0412906130173,420.5595397949219,358800,0.0,0.0
2024-07-02 00:00:00-04:00,418.96498188625554,423.3920295799594,413.1068123591976,416.7366027832031,189400,0.0,0.0
2024-07-03 00:00:00-04:00,416.132507410895,418.5985707817817,412.78002494816883,414.4686279296875,127100,0.0,0.0
2024-07-05 00:00:00-04:00,414.73603522515435,416.1919108193682,411.4380171411286,414.6964111328125,299200,0.0,0.0
2024-07-08 00:00:00-04:00,417.9349894723927,420.06435379773495,402.5047146442069,402.603759765625,408700,0.0,0.0
2024-07-09 00:00:00-04:00,404.43597493936574,409.2393763922493,389.51080846679815,391.2538757324219,420400,0.0,0.0
2024-07-10 00:00:00-04:00,390.6497193089927,392.53145563836176,375.52150705573723,378.9333801269531,532900,0.0,0.0
2024-07-11 00:00:00-04:00,377.2001883180636,386.9654563580386,373.66451648182976,379.91387939453125,382400,0.0,0.0
2024-07-12 00:00:00-04:00,379.8148541142974,386.25239401453973,373.8725095909968,374.2983703613281,380100,0.0,0.0
2024-07-15 00:00:00-04:00,380.4091258379723,384.8114203541919,374.45686724674766,382.48895263671875,479900,0.0,0.0
2024-07-16 00:00:00-04:00,379.4483857960286,386.2424513483494,375.68983986938287,383.023681640625,434600,0.0,0.0
2024-07-17 00:00:00-04:00,380.29024721824544,380.7161079825984,359.3731694014351,360.1060791015625,631100,0.0,0.0
2024-07-18 00:00:00-04:00,355.4908749706441,363.56255391854734,348.6571845185643,362.6811218261719,683900,0.0,0.0
2024-07-19 00:00:00-04:00,364.42416641396056,371.66392026938433,360.55173501291324,365.7611999511719,420900,0.0,0.0
2024-07-22 00:00:00-04:00,369.56428489596965,379.2800152775133,366.84071046186193,378.98291015625,392800,0.0,0.0
2024-07-23 00:00:00-04:00,378.71551681164857,386.87632656240345,376.9525923385143,381.448974609375,296600,0.0,0.0
2024-07-24 00:00:00-04:00,379.81485162451145,380.30013341894846,365.41456169463237,366.969482421875,484900,0.0,0.0
2024-07-25 00:00:00-04:00,366.03857087858484,366.9992512652153,351.54914710544904,356.90716552734375,697800,0.0,0.0
2024-07-26 00:00:00-04:00,364.4241698099648,370.1288301689197,357.5409722716731,362.83953857421875,558600,0.0,0.0
2024-07-29 00:00:00-04:00,367.67270237395246,371.71351410926064,358.8285190271874,363.9835205078125,475200,0.0,0.0
2024-07-30 00:00:00-04:00,365.20658372750285,376.0810848844041,365.08774167513127,372.9514465332031,776200,0.0,0.0
2024-07-31 00:00:00-04:00,391.20440443055026,394.07653198783225,359.20487695697506,370.287353515625,1404900,0.0,0.0
2024-08-01 00:00:00-04:00,382.2908225154791,384.76679934524253,360.0070310476079,368.088623046875,514400,0.0,0.0
2024-08-02 00:00:00-04:00,357.5310757618414,364.7312059358992,347.36965656840397,359.2147521972656,506800,0.0,0.0
2024-08-05 00:00:00-04:00,342.99216653056067,358.095626997672,337.68365585628817,349.0731506347656,785100,0.0,0.0
2024-08-06 00:00:00-04:00,353.90624196503666,368.2174009983057,350.4398741932455,364.275634765625,406400,0.0,0.0
2024-08-07 00:00:00-04:00,367.48444832355693,372.3571837492869,354.58461581059123,355.2630310058594,413700,0.0,0.0
2024-08-08 00:00:00-04:00,361.6906994036332,371.6144034376768,358.4422190836095,367.4052429199219,396300,0.0,0.0
2024-08-09 00:00:00-04:00,368.06883602133684,372.91183111407685,363.047547621566,367.9103698730469,302900,0.0,0.0
2024-08-12 00:00:00-04:00,370.3269379748699,373.52588088714066,365.0976758058741,367.13787841796875,344400,0.0,0.0
2024-08-13 00:00:00-04:00,369.9901281935889,376.338535929308,364.17653987524403,371.0894775390625,348100,0.0,0.0
2024-08-14 00:00:00-04:00,372.6939472884374,375.50169665140123,366.9199824127954,373.3773193359375,254500,0.0,0.0
2024-08-15 00:00:00-04:00,378.25005564586615,390.57048900098107,377.51714592455266,385.1629638671875,547000,0.0,0.0
2024-08-16 00:00:00-04:00,384.1718941920926,389.0579055966551,379.88050589310814,384.9944763183594,263000,0.27,0.0
2024-08-19 00:00:00-04:00,384.53861947401055,386.0351583159325,377.6010670608197,381.50592041015625,259200,0.0,0.0
2024-08-20 00:00:00-04:00,382.457333903733,385.5197640147813,369.4643042992273,370.3265380859375,241700,0.0,0.0
2024-08-21 00:00:00-04:00,370.48510896837297,381.9221373060376,369.02822182545583,380.5544738769531,314000,0.0,0.0
2024-08-22 00:00:00-04:00,380.40579226556173,383.9042994935322,377.12039361215426,380.14813232421875,173600,0.0,0.0
2024-08-23 00:00:00-04:00,382.5564494704363,401.75364262663044,380.7625991088669,400.286865234375,586400,0.0,0.0
2024-08-26 00:00:00-04:00,397.719946634028,404.66741933449254,393.17585839006847,400.6634521484375,395100,0.0,0.0
2024-08-27 00:00:00-04:00,397.0261930474401,404.2858274707963,392.18972342398405,403.83489990234375,342800,0.0,0.0
2024-08-28 00:00:00-04:00,403.8349537406018,406.11442329957526,383.9142601663956,384.7566833496094,442900,0.0,0.0
2024-08-29 00:00:00-04:00,384.58815010458,393.4583182437218,380.8517935879134,382.586181640625,248600,0.0,0.0
2024-08-30 00:00:00-04:00,385.86666210035685,389.16697183293314,376.86767883762644,382.66546630859375,362300,0.0,0.0
2024-09-03 00:00:00-04:00,379.58320841715187,382.0014432872685,367.5663770801859,369.56341552734375,447000,0.0,0.0
2024-09-04 00:00:00-04:00,369.70215245695437,377.62086300952353,366.72891582451115,376.27301025390625,248800,0.0,0.0
2024-09-05 00:00:00-04:00,373.6367804204911,379.0679041913149,365.36126477855737,370.01934814453125,233100,0.0,0.0
2024-09-06 00:00:00-04:00,370.23735463456995,373.8200952057187,358.77056441898503,359.1769104003906,303600,0.0,0.0
2024-09-09 00:00:00-04:00,363.4484524253855,369.18184744411934,359.8904828331191,361.65460205078125,376300,0.0,0.0
2024-09-10 00:00:00-04:00,367.58128694889734,384.40482795934906,366.03517595839463,376.5406188964844,458700,0.0,0.0
2024-09-11 00:00:00-04:00,377.19470620194437,387.9379976001522,374.63773600699807,387.64068603515625,308500,0.0,0.0
2024-09-12 00:00:00-04:00,387.2938073451232,399.8061783288124,386.4712251745356,392.0113525390625,329000,0.0,0.0
2024-09-13 00:00:00-04:00,392.7743988179281,397.06578654423265,388.2154307298217,391.28778076171875,268100,0.0,0.0
2024-09-16 00:00:00-04:00,393.894417675968,407.35325641910293,392.6853001552331,405.3512878417969,413000,0.0,0.0
2024-09-17 00:00:00-04:00,405.7972618319829,415.73778184534854,404.36018534964364,412.94293212890625,398400,0.0,0.0
2024-09-18 00:00:00-04:00,412.16987296516237,419.22634946922193,408.32448222534146,409.01824951171875,338200,0.0,0.0
2024-09-19 00:00:00-04:00,420.21740550993127,420.21740550993127,408.7902683104765,417.7694396972656,374600,0.0,0.0
2024-09-20 00:00:00-04:00,415.40085328530165,420.03909559800263,414.0529701608607,416.154052734375,614900,0.0,0.0
2024-09-23 00:00:00-04:00,420.57420946879364,425.61882746957,418.23527788275106,424.10247802734375,277600,0.0,0.0
2024-09-24 00:00:00-04:00,425.17283369227675,429.98946246529954,420.0093212669432,423.0519104003906,305200,0.0,0.0
2024-09-25 00:00:00-04:00,423.9736388429235,423.9736388429235,417.7793958969945,418.7803649902344,214600,0.0,0.0
2024-09-26 00:00:00-04:00,424.1222946786476,424.1222946786476,412.7843499693472,422.6554870605469,255800,0.0,0.0
2024-09-27 00:00:00-04:00,423.1906858340554,423.1906858340554,405.7476913290663,407.7695007324219,395800,0.0,0.0
2024-09-30 00:00:00-04:00,407.76948239664546,413.09157095491565,402.8537397942547,412.3680725097656,281100,0.0,0.0
2024-10-01 00:00:00-04:00,413.5771931736687,418.1163512568574,408.79625395189197,417.13519287109375,257300,0.0,0.0
2024-10-02 00:00:00-04:00,415.262045225325,419.70701942555286,411.6247724759088,419.17681884765625,297300,0.0,0.0
2024-10-03 00:00:00-04:00,419.06774292897893,421.20847669881647,407.30364278372497,410.4354553222656,367200,0.0,0.0
2024-10-04 00:00:00-04:00,411.94192696404383,415.10347098432396,405.8467979522873,411.2878112792969,227300,0.0,0.0
2024-10-07 00:00:00-04:00,409.7912736086299,409.7912736086299,389.2660098591373,392.5464782714844,490500,0.0,0.0
2024-10-08 00:00:00-04:00,395.3413559491524,406.3324170090093,395.3215452600322,399.9201354980469,319900,0.0,0.0
2024-10-09 00:00:00-04:00,399.6723843145753,401.3919219646223,394.9598294662564,399.1966857910156,259600,0.0,0.0
2024-10-10 00:00:00-04:00,395.56929563391435,398.88941574146196,390.53459827351986,391.47613525390625,223400,0.0,0.0
2024-10-11 00:00:00-04:00,392.72494452541923,401.71400738932414,391.9241389620956,400.2174987792969,216800,0.0,0.0
2024-10-14 00:00:00-04:00,402.3284582750013,403.4582723999796,390.8170572368305,395.489990234375,321000,0.0,0.0
2024-10-15 00:00:00-04:00,395.0043720425992,397.6802969544788,384.49893050251745,389.54351806640625,364200,0.0,0.0
2024-10-16 00:00:00-04:00,391.8924097513686,391.8924097513686,374.2611086502142,374.518798828125,556800,0.0,0.0
2024-10-17 00:00:00-04:00,377.6010939778525,378.34143917558634,369.5733481355565,370.2225036621094,525400,0.0,0.0
2024-10-18 00:00:00-04:00,371.45634573197566,373.9340428893269,366.0133665067059,367.3830261230469,297300,0.0,0.0
2024-10-21 00:00:00-04:00,366.33246236569806,368.63177244485945,361.2878748937394,365.153076171875,348200,0.0,0.0
2024-10-22 00:00:00-04:00,365.1530744816201,365.1530744816201,359.5435648596969,362.7051086425781,314200,0.0,0.0
2024-10-23 00:00:00-04:00,360.64368067370134,368.09361835310955,360.64368067370134,363.3393859863281,405300,0.0,0.0
2024-10-24 00:00:00-04:00,364.9251588080234,366.10454513644976,355.26117153667917,356.0649108886719,278900,0.0,0.0
2024-10-25 00:00:00-04:00,356.7883632491067,362.71502528250585,356.44147962466076,357.16497802734375,333100,0.0,0.0
2024-10-28 00:00:00-04:00,362.40783142364097,368.28492198910146,359.5931407569732,365.27203369140625,604300,0.0,0.0
2024-10-29 00:00:00-04:00,363.2799277186983,368.8101644464989,362.24922752722574,365.64862060546875,892300,0.0,0.0
2024-10-30 00:00:00-04:00,312.43761623389145,316.0550480888822,284.78652159167825,287.4029541015625,2970700,0.0,0.0
2024-10-31 00:00:00-04:00,294.8360346625212,300.668543318964,284.9847085656293,285.12347412109375,1263800,0.0,0.0
2024-11-01 00:00:00-04:00,290.56448845495083,297.19480834618315,289.374213892645,294.29095458984375,784800,0.0,0.0
2024-11-04 00:00:00-05:00,291.793421270609,298.5723963466407,289.51392197976253,294.5287780761719,690400,0.0,0.0
2024-11-05 00:00:00-05:00,294.52884029110095,308.18590725289664,293.7002997260796,306.01544189453125,748000,0.0,0.0
2024-11-06 00:00:00-05:00,313.0322451451078,316.8032927216278,307.8915077933974,312.6952819824219,884800,0.0,0.0
2024-11-07 00:00:00-05:00,316.6694981197424,330.71309850406345,314.6804142723455,328.9291687011719,1021700,0.0,0.0
2024-11-08 00:00:00-05:00,334.55848736092054,340.7428095716149,331.02032868466443,336.9469909667969,686600,0.0,0.0
2024-11-11 00:00:00-05:00,338.7705699777365,340.9113038613231,332.02132562386936,340.44549560546875,586400,0.0,0.0
2024-11-12 00:00:00-05:00,342.8043101486524,346.57039803432315,333.4286815702338,335.3612976074219,589900,0.0,0.0
2024-11-13 00:00:00-05:00,336.6397821719842,343.87464602023493,333.59220246630196,336.71905517578125,465500,0.0,0.0
2024-11-14 00:00:00-05:00,336.0847495952033,336.0847495952033,324.0927191609124,327.680419921875,582400,0.0,0.0
2024-11-15 00:00:00-05:00,324.34769051081383,325.9347189037145,312.19705072868095,314.11138916015625,613800,0.27,0.0
2024-11-18 00:00:00-05:00,315.8967738094586,324.48653493627506,314.4188388301379,323.9856262207031,504400,0.0,0.0
2024-11-19 00:00:00-05:00,322.25479828340843,333.5424685046902,319.5370021219337,332.8580627441406,381600,0.0,0.0
2024-11-20 00:00:00-05:00,331.7967879603867,332.98110362886956,325.5815901423359,330.5023498535156,402400,0.0,0.0
2024-11-21 00:00:00-05:00,328.99960599880006,335.87338827479545,320.2015569853045,335.66510009765625,529700,0.0,0.0
2024-11-22 00:00:00-05:00,333.73092647503137,338.6110331183397,331.8265167630427,334.8616943359375,405900,0.0,0.0
2024-11-25 00:00:00-05:00,340.2873294351581,342.18184085123863,333.3441071913232,334.4252624511719,559600,0.0,0.0
2024-11-26 00:00:00-05:00,332.6100957901432,337.043840440891,325.3593902596206,336.04205322265625,429500,0.0,0.0
2024-11-27 00:00:00-05:00,335.2584617949886,335.2584617949886,327.42054739806275,328.5830383300781,340400,0.0,0.0
2024-11-29 00:00:00-05:00,333.7408586223167,333.7408586223167,324.754347630694,326.1033020019531,215500,0.0,0.0
2024-12-02 00:00:00-05:00,324.8039136156888,325.7412558416439,316.32327607525946,322.2051696777344,530600,0.0,0.0
2024-12-03 00:00:00-05:00,326.3115819203945,326.7281582569984,318.84266061370414,324.8931579589844,373100,0.0,0.0
2024-12-04 00:00:00-05:00,324.7047011451844,336.01225761529076,324.227614985344,334.5144958496094,456500,0.0,0.0
2024-12-05 00:00:00-05:00,335.3874021786511,336.84548008801005,326.9662750142162,334.5641174316406,351700,0.0,0.0
2024-12-06 00:00:00-05:00,340.44602751287107,352.5420892689562,335.62543186756676,337.33148193359375,495000,0.0,0.0
2024-12-09 00:00:00-05:00,335.7940719661815,335.7940719661815,321.99689392852446,325.87518310546875,461800,0.0,0.0
2024-12-10 00:00:00-05:00,324.3476752922119,331.97530347221664,320.3900482067129,325.14117431640625,404900,0.0,0.0
2024-12-11 00:00:00-05:00,329.28732106262964,332.7985863276115,325.1124454905373,327.49200439453125,357600,0.0,0.0
2024-12-12 00:00:00-05:00,328.9004106785036,330.6560429952877,320.11229024990956,320.27099609375,316400,0.0,0.0
2024-12-13 00:00:00-05:00,320.1420660586117,325.02214241929295,298.65774918719944,298.8858642578125,926000,0.0,0.0
2024-12-16 00:00:00-05:00,297.56669286436806,300.41340938289596,293.6784747587853,297.8741760253906,775500,0.0,0.0
2024-12-17 00:00:00-05:00,297.10047151560815,303.46841136901105,293.1824983777452,293.4403991699219,497100,0.0,0.0
2024-12-18 00:00:00-05:00,293.44045258199617,296.8922373692435,278.7009958455784,278.8100891113281,638300,0.0,0.0
2024-12-19 00:00:00-05:00,285.8425720024884,291.4467389405674,281.14102770970067,288.0048828125,829600,0.0,0.0
2024-12-20 00:00:00-05:00,289.2744808142983,294.5314796489106,286.9038519162071,288.3123474121094,693400,0.0,0.0
2024-12-23 00:00:00-05:00,288.12389401368546,289.33399966335435,282.9759882824753,288.3916931152344,374600,0.0,0.0
2024-12-24 00:00:00-05:00,288.4511974877275,291.06979861258566,285.0698517479877,289.3835754394531,188300,0.0,0.0
2024-12-26 00:00:00-05:00,288.9669625146374,289.9191975957212,285.9813976890802,288.4908752441406,240700,0.0,0.0
2024-12-27 00:00:00-05:00,284.40428234015377,286.5269086005259,280.21851045488756,283.0552978515625,380400,0.0,0.0
2024-12-30 00:00:00-05:00,281.1508812043361,288.14368485616745,279.7523144199613,284.8307800292969,404900,0.0,0.0
2024-12-31 00:00:00-05:00,285.03913813367956,285.03913813367956,279.08283982359535,281.8948669433594,397400,0.0,0.0
2025-01-02 00:00:00-05:00,285.80285290055957,291.2185572642106,283.1346696112604,289.6910400390625,450700,0.0,0.0
2025-01-03 00:00:00-05:00,289.70098180274107,296.08874837685704,287.5386713885959,295.5928039550781,359000,0.0,0.0
2025-01-06 00:00:00-05:00,296.3863282745025,297.20961303630384,283.204115940413,288.2925109863281,780500,0.0,0.0
2025-01-07 00:00:00-05:00,286.58643290952534,288.0792304446038,279.8019169323628,279.9407958984375,679900,0.0,0.0
2025-01-08 00:00:00-05:00,279.6135062729676,280.70459023956965,274.7532561708862,276.2113342285156,609400,0.0,0.0
2025-01-10 00:00:00-05:00,272.7694582471674,277.5602685041055,271.4304021253989,272.46197509765625,628700,0.0,0.0
2025-01-13 00:00:00-05:00,269.11928089450566,273.9398460119443,264.28382291520165,273.71173095703125,506000,0.0,0.0
2025-01-14 00:00:00-05:00,276.10218343686904,277.71896720910877,270.18063568242025,271.22210693359375,544800,0.0,0.0
2025-01-15 00:00:00-05:00,278.60174551980964,278.9885664315644,269.79376767315523,270.33929443359375,591600,0.0,0.0
2025-01-16 00:00:00-05:00,272.0850290699175,277.05440191397315,270.49603329683225,272.571044921875,499800,0.0,0.0
2025-01-17 00:00:00-05:00,275.14007389755795,276.33032240426894,269.1688834032205,270.7063293457031,451400,0.0,0.0
2025-01-21 00:00:00-05:00,279.06792500072595,283.4917406534318,272.13460157921565,278.2049865722656,620600,0.0,0.0
2025-01-22 00:00:00-05:00,280.5358990656594,283.278486157396,277.85581961535627,281.2798156738281,439900,0.0,0.0
2025-01-23 00:00:00-05:00,278.18514674117097,286.7054685858822,278.18514674117097,286.189697265625,544800,0.0,0.0
2025-01-24 00:00:00-05:00,286.27901605974694,287.2609765441221,277.3024321620448,277.560302734375,785200,0.0,0.0
2025-01-27 00:00:00-05:00,272.0155818295484,290.15723692427906,268.0083727688009,290.1473083496094,604900,0.0,0.0
2025-01-28 00:00:00-05:00,287.84615232876547,297.38811808832736,287.67751790781773,293.4205627441406,637200,0.0,0.0
2025-01-29 00:00:00-05:00,292.6072184871602,303.1212466291827,292.6072184871602,301.2366638183594,542300,0.0,0.0
2025-01-30 00:00:00-05:00,301.0085038523448,306.0373874752556,298.3155293166552,303.2799377441406,501500,0.0,0.0
2025-01-31 00:00:00-05:00,301.60367157677223,303.88500398783594,294.5860453502701,295.48370361328125,517400,0.0,0.0
2025-02-03 00:00:00-05:00,291.10948688160045,303.8949503558619,287.8461939337662,301.2069396972656,514600,0.0,0.0
2025-02-04 00:00:00-05:00,295.3348975419494,305.37280760428223,294.997658973971,304.4404296875,557300,0.0,0.0
2025-02-05 00:00:00-05:00,302.77408489240554,305.0157634792524,297.5666681989244,302.9129638671875,537500,0.0,0.0
2025-02-06 00:00:00-05:00,304.4503865393304,310.0148688328666,303.0220640775574,305.6455993652344,401900,0.0,0.0
2025-02-07 00:00:00-05:00,303.30971584535973,308.4873771250654,301.5441548104435,302.44677734375,505900,0.0,0.0
2025-02-10 00:00:00-05:00,307.1185408473297,313.43686780125546,303.41878464347224,305.9778747558594,583900,0.0,0.0
2025-02-11 00:00:00-05:00,304.2520388998629,304.5496237782527,294.6059420606081,297.38818359375,772600,0.0,0.0
2025-02-12 00:00:00-05:00,296.2673143928336,305.1447326481714,295.00762631719147,301.8516540527344,419900,0.0,0.0
2025-02-13 00:00:00-05:00,301.6036699925877,312.09784140642665,298.0328638405087,309.39990234375,606500,0.0,0.0
2025-02-14 00:00:00-05:00,309.4693020349793,311.59392612498164,300.71093735069314,302.2185974121094,641100,0.0,0.0
2025-02-18 00:00:00-05:00,300.70105396487105,309.8859552137572,299.2826600488691,303.537841796875,1583500,0.0,0.0
2025-02-19 00:00:00-05:00,270.24014955918744,276.6675704164306,256.407252332125,262.8703918457031,3651200,0.0,0.0
2025-02-20 00:00:00-05:00,262.8604771664635,263.3464930227273,240.61240210792852,245.0858154296875,1947900,0.0,0.0
2025-02-21 00:00:00-05:00,242.7053099867408,242.71522342764797,230.30669809183618,232.12185668945312,1992200,0.0,0.0
2025-02-24 00:00:00-05:00,237.2102150155332,238.86171844444223,232.12183545124694,234.5916290283203,1794600,0.0,0.0
2025-02-25 00:00:00-05:00,235.07767813435208,240.02720937996673,229.40407220233288,236.92259216308594,1269100,0.0,0.0
2025-02-26 00:00:00-05:00,239.68002904545205,241.62413791524,225.80349812583128,225.9622039794922,1018300,0.0,0.0
2025-02-27 00:00:00-05:00,227.0433679458463,229.007318906496,217.34269550999645,226.76564025878906,1022700,0.0,0.0
2025-02-28 00:00:00-05:00,224.81160990232448,235.6083301101808,223.22063139003103,232.87567138671875,1226300,0.0,0.0
2025-03-03 00:00:00-05:00,236.06955202400914,240.2206045403066,221.32016931008621,222.4707489013672,1039800,0.0,0.0
2025-03-04 00:00:00-05:00,220.02079435666366,231.5465380753864,216.4599018439491,227.64840698242188,929200,0.0,0.0
2025-03-05 00:00:00-05:00,227.32110336458226,229.36440732460602,223.3039652062214,228.72959899902344,710000,0.0,0.0
2025-03-06 00:00:00-05:00,224.16688968583307,227.90433235998174,216.20202309054096,216.50950622558594,962100,0.0,0.0
2025-03-07 00:00:00-05:00,215.60576891498113,226.26191315381382,208.16731498531576,225.55679321289062,1359500,0.27,0.0
2025-03-10 00:00:00-04:00,222.85552559573375,223.2825739329686,206.09865558464185,212.30862426757812,979400,0.0,0.0
2025-03-11 00:00:00-04:00,213.43082950241077,215.87388942460802,207.469140775523,211.89149475097656,893600,0.0,0.0
2025-03-12 00:00:00-04:00,216.35061030188504,219.97548239267266,212.61647954795944,217.8402862548828,719200,0.0,0.0
2025-03-13 00:00:00-04:00,218.41627949895997,218.41627949895997,208.9995466382996,210.7593536376953,558500,0.0,0.0
2025-03-14 00:00:00-04:00,213.9572086032675,215.50646927576219,210.65012594293376,211.7326202392578,433400,0.0,0.0
2025-03-17 00:00:00-04:00,210.09396787910964,213.94725269915958,207.164274874398,212.68600463867188,615600,0.0,0.0
2025-03-18 00:00:00-04:00,211.07715019387314,212.546974749806,204.18492866774957,205.57528686523438,736100,0.0,0.0
2025-03-19 00:00:00-04:00,206.06189956980654,216.35059468184042,205.72422819464293,213.172607421875,596200,0.0,0.0
2025-03-20 00:00:00-04:00,212.62640398804643,219.23559790979988,211.71670824602484,218.6744842529297,510700,0.0,0.0
2025-03-21 00:00:00-04:00,213.88767396370503,217.4082730710632,210.64019121365627,213.97706604003906,1311200,0.0,0.0
2025-03-24 00:00:00-04:00,218.02896545115775,226.3512932772954,215.6266235514115,221.0877685546875,1061000,0.0,0.0
2025-03-25 00:00:00-04:00,220.73023491702278,222.9051641229424,216.06457200801674,218.56524658203125,530900,0.0,0.0
2025-03-26 00:00:00-04:00,222.87042945522865,223.4514097883365,217.6069194810071,218.853271484375,631200,0.0,0.0
2025-03-27 00:00:00-04:00,217.6118375899013,231.97728950874261,217.49266837424383,227.7118377685547,888700,0.0,0.0
2025-03-28 00:00:00-04:00,224.91126806713248,226.43073626926966,218.48579815455844,222.45826721191406,1059300,0.0,0.0
2025-03-31 00:00:00-04:00,223.91816127481928,224.71265815420017,215.41707951910917,224.02740478515625,805900,0.0,0.0
2025-04-01 00:00:00-04:00,223.91813956188633,235.04104933334784,223.91813956188633,234.7729034423828,1047700,0.0,0.0
2025-04-02 00:00:00-04:00,230.63164454419896,235.96965045313186,228.74174229432225,234.3359832763672,615700,0.0,0.0
2025-04-03 00:00:00-04:00,223.78904123379093,244.74879205750574,223.45138500002827,241.1090087890625,2292700,0.0,0.0
2025-04-04 00:00:00-04:00,236.10371824391717,236.10371824391717,222.4682064642427,230.7607421875,1556400,0.0,0.0
2025-04-07 00:00:00-04:00,221.02820357263965,236.40165650444652,214.60273285637444,219.47894287109375,1404300,0.0,0.0
2025-04-08 00:00:00-04:00,227.87075421424623,230.9792161136885,217.83033802410364,220.1840362548828,972500,0.0,0.0
2025-04-09 00:00:00-04:00,220.09465300427405,247.87214532821622,218.95257416129817,244.5253448486328,1462900,0.0,0.0
2025-04-10 00:00:00-04:00,240.99976283588202,241.21427955774712,228.53613823504628,238.63613891601562,729300,0.0,0.0
2025-04-11 00:00:00-04:00,238.07008225448527,240.93522023232896,228.9929906667199,235.65679931640625,465100,0.0,0.0
2025-04-14 00:00:00-04:00,238.656005793124,240.60252228603517,228.3087259340873,231.44100952148438,663500,0.0,0.0
2025-04-15 00:00:00-04:00,231.009034414291,231.009034414291,222.1504292013662,223.11375427246094,577500,0.0,0.0
2025-04-16 00:00:00-04:00,221.89218180866612,223.38682813202055,214.65236366134235,216.3307342529297,682400,0.0,0.0
2025-04-17 00:00:00-04:00,216.06261225024693,218.2901707494928,212.6562269503532,217.33380126953125,506200,0.0,0.0
2025-04-21 00:00:00-04:00,216.15198134105358,216.1619222127893,202.59593581494323,209.36900329589844,921100,0.0,0.0
2025-04-22 00:00:00-04:00,211.6829283289683,216.25127357976015,204.731107823534,208.79296875,883200,0.0,0.0
2025-04-23 00:00:00-04:00,214.38421705411665,223.46130816148042,211.77728425893335,214.89071655273438,654100,0.0,0.0
2025-04-24 00:00:00-04:00,214.26505975324787,217.39337322000378,212.96904893677592,216.09239196777344,488500,0.0,0.0
2025-04-25 00:00:00-04:00,215.80439219149525,228.16869953833606,215.80439219149525,225.73556518554688,679700,0.0,0.0
2025-04-28 00:00:00-04:00,227.19545966870683,228.83409722940672,220.1840536249568,223.12367248535156,840100,0.0,0.0
2025-04-29 00:00:00-04:00,221.84254591458557,232.2404851918638,221.83757547891156,228.9234619140625,1388500,0.0,0.0
2025-04-30 00:00:00-04:00,225.11981509537074,264.1493419225094,222.0908195501912,262.07373046875,2479700,0.0,0.0
2025-05-01 00:00:00-04:00,263.17608384289,263.77196028290916,254.20823585858273,257.8827819824219,1249800,0.0,0.0
2025-05-02 00:00:00-04:00,262.87814737472144,268.5289869341266,260.44499799682836,268.2508850097656,1191100,0.0,0.0
2025-05-05 00:00:00-04:00,267.1485478985527,273.07745926310076,266.03626139591285,267.3670349121094,900000,0.0,0.0
2025-05-06 00:00:00-04:00,264.11950633061866,267.5755344609387,262.18291585188297,265.0133056640625,783000,0.0,0.0
2025-05-07 00:00:00-04:00,264.616111009409,269.0751978919698,263.8067180027368,268.3005676269531,629000,0.0,0.0
2025-05-08 00:00:00-04:00,270.06831338408796,276.52357565237014,269.41285234763524,274.24932861328125,786200,0.0,0.0
2025-05-09 00:00:00-04:00,273.3356793540133,273.3356793540133,264.2685137560256,265.4999694824219,794700,0.0,0.0
2025-05-12 00:00:00-04:00,275.8978915177391,284.9551156838831,272.8192220847872,283.9917907714844,826900,0.0,0.0
2025-05-13 00:00:00-04:00,282.48228416315186,286.4448124486278,280.2179779560892,284.3294677734375,724500,0.0,0.0
2025-05-14 00:00:00-04:00,288.06360944760695,308.76017090556877,285.9631759993945,304.1421813964844,1634200,0.0,0.0
2025-05-15 00:00:00-04:00,303.0000704641992,308.3291348098694,297.3392901763375,306.3568115234375,845200,0.0,0.0
2025-05-16 00:00:00-04:00,305.5715748713132,319.65635726878025,305.3429468826982,319.1494140625,891900,0.27,0.0
2025-05-19 00:00:00-04:00,316.0481949259942,332.06134617930326,315.77982927398136,331.66375732421875,1134200,0.0,0.0
2025-05-20 00:00:00-04:00,329.0097832589046,330.65980575159216,325.1232894298649,325.80914306640625,718500,0.0,0.0
2025-05-21 00:00:00-04:00,322.42958531152925,325.6500942576967,318.3343627419378,320.541015625,648900,0.0,0.0
2025-05-22 00:00:00-04:00,319.5370478200907,322.90664845846595,316.6147231952625,319.20904541015625,686200,0.0,0.0
2025-05-23 00:00:00-04:00,314.37828344455767,321.9375673344226,313.8793181085262,320.53106689453125,479200,0.0,0.0
2025-05-27 00:00:00-04:00,330.2821013224517,338.3234550000295,328.31897032332387,336.66351318359375,683600,0.0,0.0
2025-05-28 00:00:00-04:00,333.57216948506965,339.3472328405689,332.41914066298625,337.29962158203125,463700,0.0,0.0
2025-05-29 00:00:00-04:00,338.34333773699854,343.58163967298407,334.82461434570456,338.5122985839844,747900,0.0,0.0
2025-05-30 00:00:00-04:00,335.719185106565,342.8759052572737,330.36157940564453,339.64544677734375,621200,0.0,0.0
2025-06-02 00:00:00-04:00,336.96166901339933,347.885578900762,332.93302981471345,347.0009460449219,706100,0.0,0.0
2025-06-03 00:00:00-04:00,343.3132931464739,349.57540109475434,341.1563273268168,344.31719970703125,661100,0.0,0.0
2025-06-04 00:00:00-04:00,346.87175021947616,365.6183361871128,344.29235195573347,363.4017639160156,543000,0.0,0.0
2025-06-05 00:00:00-04:00,363.32222774057874,372.2084766480125,360.0122633716082,369.4153747558594,754700,0.0,0.0
2025-06-06 00:00:00-04:00,372.1687258572823,374.82265487308626,369.0774096831874,372.5663146972656,453100,0.0,0.0
2025-06-09 00:00:00-04:00,374.7232532171205,378.18233985551495,367.5963814401416,373.8684387207031,566700,0.0,0.0
2025-06-10 00:00:00-04:00,374.29585019863225,384.096580617794,372.40728042099363,379.1663818359375,677000,0.0,0.0
2025-06-11 00:00:00-04:00,382.10858665742813,385.80622038916925,375.00355570136844,378.7091369628906,998500,0.0,0.0
2025-06-12 00:00:00-04:00,376.7509828480243,378.54014774869034,353.7302346999488,356.29473876953125,1131900,0.0,0.0
2025-06-13 00:00:00-04:00,345.4105679203588,359.56493659384324,345.4105679203588,351.9311218261719,1202200,0.0,0.0
2025-06-16 00:00:00-04:00,354.4160768193567,360.08181604437027,343.6213902898226,347.7265319824219,628600,0.0,0.0
2025-06-17 00:00:00-04:00,347.2593560232145,349.3020227871846,343.223770390148,344.0587463378906,435900,0.0,0.0
2025-06-18 00:00:00-04:00,343.84011531849694,350.4600443342898,342.11055671308503,348.2136535644531,523900,0.0,0.0
2025-06-20 00:00:00-04:00,348.2136215310171,348.41240078104124,341.5737939653545,347.8955383300781,910700,0.0,0.0
2025-06-23 00:00:00-04:00,347.47804122964044,359.6643343312193,341.50419862663887,358.0242614746094,622300,0.0,0.0
2025-06-24 00:00:00-04:00,360.1911263261242,367.5963428842064,358.6007407856007,361.920654296875,617400,0.0,0.0
2025-06-25 00:00:00-04:00,362.3182995038335,362.7854747212147,343.95935391981027,353.94891357421875,719300,0.0,0.0
2025-06-26 00:00:00-04:00,355.3504291717537,355.3603787508048,340.5201265849181,341.3551025390625,628300,0.0,0.0
2025-06-27 00:00:00-04:00,340.2319082828764,348.8398416088341,339.00929303077976,345.5198974609375,700400,0.0,0.0
2025-06-30 00:00:00-04:00,347.44821410118993,347.62715485133685,327.1410628576179,334.7152404785156,842700,0.0,0.0
2025-07-01 00:00:00-04:00,334.4767495546317,340.4704921742977,330.99779376431604,333.4330749511719,562200,0.0,0.0
2025-07-02 00:00:00-04:00,331.4152593109639,333.39725809858254,314.9259843149763,324.328125,702900,0.0,0.0
2025-07-03 00:00:00-04:00,326.0676349545826,326.3061822235025,320.58080509672,325.31219482421875,279000,0.0,0.0
2025-07-07 00:00:00-04:00,319.38799622145,328.2593204543694,317.9069345650107,323.4434509277344,576700,0.0,0.0
2025-07-08 00:00:00-04:00,323.6323499168727,326.56462484418404,317.47956556036405,324.68597412109375,557300,0.0,0.0
2025-07-09 00:00:00-04:00,328.3735963161253,333.0453482824239,321.4057666822399,332.0513610839844,582200,0.0,0.0
2025-07-10 00:00:00-04:00,330.50076173781963,333.09010945305823,325.2425606740715,328.1748352050781,400700,0.0,0.0
2025-07-11 00:00:00-04:00,326.93237552851025,334.3097465611519,323.44347030207354,326.236572265625,581900,0.0,0.0
2025-07-14 00:00:00-04:00,326.35580145088966,326.35580145088966,307.14204237366874,316.3562927246094,736600,0.0,0.0
2025-07-15 00:00:00-04:00,315.6207768013762,316.20722565090506,306.67489136651136,315.75,583000,0.0,0.0
2025-07-16 00:00:00-04:00,318.37411590983623,326.20674058527715,316.22713006379365,324.3778076171875,598700,0.0,0.0
2025-07-17 00:00:00-04:00,324.6760126304109,327.98597685374614,319.7657131473958,326.48504638671875,460400,0.0,0.0
2025-07-18 00:00:00-04:00,327.2603364239987,328.00582682491654,320.5310539919835,327.3597412109375,384000,0.0,0.0
2025-07-21 00:00:00-04:00,328.5525419491599,329.44712437423567,319.23888661480186,320.6304626464844,525400,0.0,0.0
2025-07-22 00:00:00-04:00,318.2449064236985,322.30533578572675,313.1556662991211,318.88104248046875,584000,0.0,0.0
2025-07-23 00:00:00-04:00,318.98043535875536,323.1452441452127,315.54619260248813,317.3403625488281,595500,0.0,0.0
2025-07-24 00:00:00-04:00,313.78191477619663,317.7181264651398,296.30763076589886,297.82843017578125,987300,0.0,0.0
2025-07-25 00:00:00-04:00,300.2338599669887,301.57574892516766,296.2579106592499,300.1941223144531,750800,0.0,0.0
2025-07-28 00:00:00-04:00,300.2835589332697,302.42062548698544,287.3120069198196,287.6996765136719,977800,0.0,0.0
2025-07-29 00:00:00-04:00,288.2364515087565,293.3008180742074,279.8968834049187,288.55450439453125,1424200,0.0,0.0
2025-07-30 00:00:00-04:00,368.7692611441448,372.7452100513593,348.98892139756924,366.0457458496094,2957900,0.0,0.0
2025-07-31 00:00:00-04:00,367.6361310114158,379.1564705999572,364.4454402477126,375.0711669921875,1153500,0.0,0.0
2025-08-01 00:00:00-04:00,374.05728922285095,377.7151550228926,356.19533712590504,360.27069091796875,1200000,0.0,0.0
2025-08-04 00:00:00-04:00,361.28454651091954,361.28454651091954,345.89761298023825,346.57354736328125,742200,0.0,0.0
2025-08-05 00:00:00-04:00,344.30725883221885,348.6658723057149,333.58212788798875,336.5342712402344,697700,0.0,0.0
2025-08-06 00:00:00-04:00,336.4149912768519,339.47645860871813,331.32575116122945,333.9300231933594,641900,0.0,0.0
2025-08-07 00:00:00-04:00,332.99565885921567,338.4426892569154,322.26057898644353,328.7314453125,554600,0.0,0.0
2025-08-08 00:00:00-04:00,327.6678925187453,327.6678925187453,307.1420617713899,313.46380615234375,1099000,0.0,0.0
2025-08-11 00:00:00-04:00,315.2728928790811,328.01581768256625,312.9320721394341,326.57452392578125,765800,0.0,0.0
2025-08-12 00:00:00-04:00,330.4212355931115,340.4903003638309,328.820900440843,340.1026611328125,600600,0.0,0.0
2025-08-13 00:00:00-04:00,339.94365935071727,341.70300596568273,329.193684187505,340.6692810058594,564600,0.0,0.0
2025-08-14 00:00:00-04:00,340.07288279916764,341.2159621374234,320.2030862039827,323.63232421875,735300,0.0,0.0
2025-08-15 00:00:00-04:00,329.28339224800044,342.84393920880024,324.7665193924757,335.12347412109375,1049000,0.3,0.0
2025-08-18 00:00:00-04:00,336.3372244799137,344.0477300367492,334.3772624980809,337.89923095703125,513300,0.0,0.0
2025-08-19 00:00:00-04:00,336.28753941336714,339.38465202543915,328.45266974570086,329.2336730957031,566900,0.0,0.0
2025-08-20 00:00:00-04:00,327.28360287563834,330.3071175108344,323.69201410229965,327.58209228515625,446500,0.0,0.0
2025-08-21 00:00:00-04:00,325.1047703597025,326.06484907982866,312.3501241073956,317.1455383300781,739100,0.0,0.0
2025-08-22 00:00:00-04:00,318.3593209322995,331.91488791902145,316.83213965034815,330.4971618652344,980600,0.0,0.0
2025-08-25 00:00:00-04:00,332.1984434493008,332.9446214581097,317.9912153760622,318.4389343261719,1051600,0.0,0.0
2025-08-26 00:00:00-04:00,318.4289758981514,325.4828417052423,313.3947640225009,323.68206787109375,413800,0.0,0.0
2025-08-27 00:00:00-04:00,325.7514888379063,340.31686795833485,324.94063962952947,337.60076904296875,586200,0.0,0.0
2025-08-28 00:00:00-04:00,337.78981676457187,340.3566862515778,328.45764215154395,336.8944091796875,702300,0.0,0.0
2025-08-29 00:00:00-04:00,336.824748272838,337.0734742811216,319.5532288314138,326.4479064941406,602200,0.0,0.0
2025-09-02 00:00:00-04:00,323.12489876264453,328.7311921516701,314.63937136035435,316.986328125,1294100,0.0,0.0
2025-09-03 00:00:00-04:00,316.9564728547518,323.34376928736447,314.6980519196085,321.184814453125,590300,0.0,0.0
2025-09-04 00:00:00-04:00,317.91161793844475,320.53316921083587,296.073464004976,307.2462463378906,1449800,0.0,0.0
2025-09-05 00:00:00-04:00,309.38528308709664,311.96605810839503,304.31126686081035,308.2113037109375,353800,0.0,0.0
2025-09-08 00:00:00-04:00,307.4452203641241,307.4452203641241,294.6308824643562,303.2268371582031,1109400,0.0,0.0
2025-09-09 00:00:00-04:00,303.2268415088936,305.0276153294507,284.54254550457887,285.98516845703125,1890400,0.0,0.0
2025-09-10 00:00:00-04:00,289.6861965872187,289.6861965872187,276.49175659361765,279.21978759765625,820100,0.0,0.0
2025-09-11 00:00:00-04:00,280.5231227597533,280.5231227597533,272.14604809979363,273.3001403808594,827700,0.0,0.0
2025-09-12 00:00:00-04:00,273.30012649683897,274.28009231124406,259.9683893119715,264.6643371582031,801900,0.0,0.0
2025-09-15 00:00:00-04:00,263.64956060822976,273.59860063118185,262.11739994331816,266.1567077636719,965800,0.0,0.0
2025-09-16 00:00:00-04:00,266.15669637812385,267.0322167206207,258.3864988815536,259.8092346191406,759400,0.0,0.0
2025-09-17 00:00:00-04:00,259.908701232155,268.10673052255856,255.16302026530596,255.7251434326172,1012600,0.0,0.0
2025-09-18 00:00:00-04:00,254.9938719711505,257.6801247992092,251.21324908031013,254.56607055664062,769200,0.0,0.0
2025-09-19 00:00:00-04:00,256.6354906193397,261.072753814014,250.994371763036,252.25790405273438,1031000,0.0,0.0
2025-09-22 00:00:00-04:00,253.21301033310033,257.2821792107286,248.5369645922372,254.5262908935547,648000,0.0,0.0
2025-09-23 00:00:00-04:00,253.01404583603994,254.10844636046565,249.01452731526626,252.76531982421875,711300,0.0,0.0
2025-09-24 00:00:00-04:00,248.72600239394217,257.64531319634165,248.72600239394217,251.78036499023438,715100,0.0,0.0
2025-09-25 00:00:00-04:00,249.0841615186225,250.26809968606204,242.68692102079547,247.9599151611328,844400,0.0,0.0
2025-09-26 00:00:00-04:00,243.62213608014792,247.57190614963164,237.205008356969,246.17904663085938,1148700,0.0,0.0
2025-09-29 00:00:00-04:00,248.75585151457116,251.99923316253341,241.52787439883284,250.55662536621094,1051500,0.0,0.0
2025-09-30 00:00:00-04:00,253.20306697546397,256.9140698107899,248.74590132418749,250.39743041992188,759300,0.0,0.0
2025-10-01 00:00:00-04:00,250.2183785769761,262.5253373094921,247.7062518227213,261.2220153808594,1040700,0.0,0.0
2025-10-02 00:00:00-04:00,259.7694394015422,271.8276709739038,257.66024778816677,263.8982849121094,1155300,0.0,0.0
2025-10-03 00:00:00-04:00,263.5102448492468,263.6097413163664,247.2883432790369,250.69589233398438,1290700,0.0,0.0
2025-10-06 00:00:00-04:00,248.12904710042122,250.3476939111775,238.67745926905826,242.77647399902344,740400,0.0,0.0
2025-10-07 00:00:00-04:00,242.81626412756358,245.7412842721565,239.4932884614197,243.36346435546875,687800,0.0,0.0
2025-10-08 00:00:00-04:00,242.05019091557216,248.10916789914538,240.92595970271742,247.7410430908203,568500,0.0,0.0
2025-10-09 00:00:00-04:00,252.25790249450213,253.45178421219072,246.94511898311865,248.47726440429688,734400,0.0,0.0
2025-10-10 00:00:00-04:00,248.70610737344103,249.4721877340208,238.0108889561301,240.02059936523438,648900,0.0,0.0
2025-10-13 00:00:00-04:00,238.88640467686633,253.95919449656532,238.88640467686633,253.6010284423828,608700,0.0,0.0
2025-10-14 00:00:00-04:00,252.24795929729885,256.8543849624851,249.33289779697074,253.69058227539062,839600,0.0,0.0
2025-10-15 00:00:00-04:00,254.19797287934688,257.665198757552,248.57677133231357,249.02447509765625,611500,0.0,0.0
2025-10-16 00:00:00-04:00,247.49231591601244,252.11862866839377,244.0399977888724,245.0150146484375,749600,0.0,0.0
2025-10-17 00:00:00-04:00,246.18899214431056,258.13778373760806,245.3582558044035,255.73013305664062,883400,0.0,0.0
2025-10-20 00:00:00-04:00,256.8344625083288,257.1826849820706,252.07385838773308,254.23776245117188,577600,0.0,0.0
2025-10-21 00:00:00-04:00,256.5658431702318,268.97229701289166,253.7005148504617,265.5299377441406,894500,0.0,0.0
2025-10-22 00:00:00-04:00,265.8482856312247,267.22125799000753,254.80484531281934,261.5503234863281,875500,0.0,0.0
2025-10-23 00:00:00-04:00,258.1477629950866,260.11467816068307,250.14872568607785,257.8194580078125,711800,0.0,0.0
2025-10-24 00:00:00-04:00,258.018419031683,259.3366790751915,253.26079005504587,257.6701965332031,426600,0.0,0.0
2025-10-27 00:00:00-04:00,259.06306249848694,259.9833365371967,252.14348829954199,253.67066955566406,409700,0.0,0.0
2025-10-28 00:00:00-04:00,256.0584298119299,256.17781343035887,245.51245684221502,246.09446716308594,388000,0.0,0.0
2025-10-29 00:00:00-04:00,242.65708144412753,247.40277781229815,237.782057878036,241.33883666992188,453500,0.0,0.0
2025-10-30 00:00:00-04:00,216.44336105677942,226.34066429334464,205.94513190647183,214.53115844726562,2255600,0.0,0.0
2025-10-31 00:00:00-04:00,214.5510451449381,216.35382288236434,204.95022745547953,215.52606201171875,1418600,0.0,0.0
2025-11-03 00:00:00-05:00,214.51125622798105,216.91892213318187,208.98953588415884,212.97911071777344,1871700,0.0,0.0
2025-11-04 00:00:00-05:00,218.86893795821217,250.3477001314602,217.01841589800918,236.11062622070312,3741800,0.0,0.0
2025-11-05 00:00:00-05:00,242.85606277495154,258.8839510011545,240.5180323958991,251.551513671875,1811200,0.0,0.0
2025-11-06 00:00:00-05:00,253.51149249003313,254.3173623222997,235.2152080552416,243.35353088378906,1705000,0.0,0.0
2025-11-07 00:00:00-05:00,239.17490503863664,240.07032770798628,228.82790996481344,236.96621704101562,1087300,0.0,0.0
2025-11-10 00:00:00-05:00,237.5930096624075,240.12007419457035,228.49958817461436,236.78713989257812,774500,0.0,0.0
2025-11-11 00:00:00-05:00,237.65269708363368,239.97082506403697,233.3248740934284,237.8914794921875,862500,0.0,0.0
2025-11-12 00:00:00-05:00,239.4733890275917,243.30377548822824,235.87682079450784,240.03053283691406,615100,0.0,0.0
2025-11-13 00:00:00-05:00,239.4137025177588,249.78060057370507,231.04655607477167,233.8024444580078,705600,0.0,0.0
2025-11-14 00:00:00-05:00,232.14093092532315,239.80168798896617,227.91258931177026,231.7031707763672,524800,0.0,0.0
2025-11-17 00:00:00-05:00,230.3302097831863,234.0810019544236,223.3260926005939,226.1317138671875,575800,0.0,0.0
2025-11-18 00:00:00-05:00,225.34575309153885,230.55407607155803,222.480424750591,229.9223175048828,792100,0.0,0.0
2025-11-19 00:00:00-05:00,229.73327511797712,233.84221811517415,225.28902872142703,230.63864135742188,609900,0.0,0.0
2025-11-20 00:00:00-05:00,230.63865473140976,242.14968622530364,226.8580164597229,227.32562255859375,929300,0.0,0.0
2025-11-21 00:00:00-05:00,231.1012565349237,245.8153120968564,228.06280688116803,245.07810974121094,854600,0.3,0.0
2025-11-24 00:00:00-05:00,244.52022943993296,248.16636896463092,237.5367888756797,241.81053161621094,670600,0.0,0.0
2025-11-25 00:00:00-05:00,240.91395539102672,264.4992780801372,240.91395539102672,261.973876953125,1241700,0.0,0.0
2025-11-26 00:00:00-05:00,261.8244250447766,266.4169474194096,258.0686866357162,258.09857177734375,521100,0.0,0.0
2025-11-28 00:00:00-05:00,258.0189277451726,265.4157902504344,253.39650431947632,263.72723388671875,304200,0.0,0.0
2025-12-01 00:00:00-05:00,259.40366390367717,276.8074588026446,258.75610176554255,268.2101745605469,1067500,0.0,0.0
2025-12-02 00:00:00-05:00,273.5697400098045,278.7400822926172,270.4017934093456,273.8686218261719,954500,0.0,0.0
2025-12-03 00:00:00-05:00,273.62953194119746,280.21447791078026,264.7433085465118,267.62237548828125,798200,0.0,0.0
2025-12-04 00:00:00-05:00,267.6224147378237,268.9772485077278,257.3912977169487,261.8941955566406,888400,0.0,0.0
2025-12-05 00:00:00-05:00,262.0734882270164,262.7409332166717,253.83481104225837,256.5843505859375,907400,0.0,0.0
2025-12-08 00:00:00-05:00,256.9529566999173,257.04261213266966,240.20663522722015,245.01834106445312,837400,0.0,0.0
2025-12-09 00:00:00-05:00,248.02689494988905,252.7788302946916,245.07810083545078,246.55250549316406,720600,0.0,0.0
2025-12-10 00:00:00-05:00,249.0629615340454,250.56924274175896,239.66868948621246,246.3632354736328,539500,0.0,0.0
2025-12-11 00:00:00-05:00,238.52302282367663,239.92768533867826,230.37401626899265,234.34890747070312,1042900,0.0,0.0
2025-12-12 00:00:00-05:00,233.63163914603595,241.98985709814087,233.63163914603595,234.99644470214844,812000,0.0,0.0
2025-12-15 00:00:00-05:00,236.10223815309703,240.4357663261758,232.93429136802357,238.79200744628906,915900,0.0,0.0
2025-12-16 00:00:00-05:00,239.32997055586947,251.40405483912306,237.87848897737638,245.6260223388672,836100,0.0,0.0
2025-12-17 00:00:00-05:00,245.62602937745868,255.8571157181327,244.42957474709007,246.50270080566406,881900,0.0,0.0
2025-12-18 00:00:00-05:00,251.47379037352806,256.15599898105296,249.05300248584035,253.5658416748047,705600,0.0,0.0
2025-12-19 00:00:00-05:00,255.33910280827007,259.29406578083353,251.04543139396802,258.2181701660156,1210200,0.0,0.0
2025-12-22 00:00:00-05:00,257.9990022028991,258.15839977576894,251.54353731057296,253.38653564453125,500400,0.0,0.0
2025-12-23 00:00:00-05:00,252.12134115185358,252.12134115185358,246.41305050395826,250.57720947265625,655900,0.0,0.0
2025-12-24 00:00:00-05:00,250.57720367827696,253.60569667728893,248.21618609755848,253.3566436767578,229300,0.0,0.0
2025-12-26 00:00:00-05:00,253.35664711091297,259.01512406320364,251.54353394599582,255.2195587158203,510800,0.0,0.0
2025-12-29 00:00:00-05:00,252.26079506163174,252.26079506163174,241.0235253094704,242.5875701904297,607500,0.0,0.0
2025-12-30 00:00:00-05:00,241.97988889535316,243.33972374869677,237.78584488486075,239.4196319580078,617700,0.0,0.0
2025-12-31 00:00:00-05:00,238.61270604590396,240.1070240681336,235.30527486022766,237.58660888671875,445200,0.0,0.0
2026-01-02 00:00:00-05:00,240.77448966637857,257.5706100180643,239.6686936972153,255.86709594726562,896300,0.0,0.0
2026-01-05 00:00:00-05:00,255.0900409496278,265.72957775733767,254.6118634484132,256.8433837890625,678400,0.0,0.0
2026-01-06 00:00:00-05:00,257.23187134924956,270.5113932678835,256.43689010242525,267.8415222167969,757900,0.0,0.0
2026-01-07 00:00:00-05:00,267.981017722278,268.97722968407083,256.50466686713577,257.16217041015625,539200,0.0,0.0
2026-01-08 00:00:00-05:00,256.773619462648,272.2248758949295,254.04399336050534,267.67218017578125,631200,0.0,0.0
2026-01-09 00:00:00-05:00,266.89516953243634,273.1613517354521,260.97766762152725,272.96209716796875,489200,0.0,0.0
2026-01-12 00:00:00-05:00,272.77281924091807,284.75226307330394,258.80593723118574,283.58172607421875,700600,0.0,0.0
2026-01-13 00:00:00-05:00,281.3003960542992,282.3763221100842,269.3707504902456,274.62579345703125,493100,0.0,0.0
2026-01-14 00:00:00-05:00,271.0991768767364,275.074053034737,263.99618044056626,273.56976318359375,511400,0.0,0.0
2026-01-15 00:00:00-05:00,275.0043232728397,278.3017827145641,263.30880357567753,269.7044982910156,583800,0.0,0.0
2026-01-16 00:00:00-05:00,269.2063805788434,278.3914564647471,265.9587197196652,275.2633361816406,628300,0.0,0.0
2026-01-20 00:00:00-05:00,278.0527037572592,285.25432386079217,265.3809168942342,269.21630859375,597700,0.0,0.0
2026-01-21 00:00:00-05:00,271.69690577088517,272.4540062065786,255.03026830748502,263.19921875,546200,0.0,0.0
2026-01-22 00:00:00-05:00,266.7955477541744,271.89614860642547,264.82802286709466,267.3534240722656,380700,0.0,0.0
2026-01-23 00:00:00-05:00,268.11052031438027,275.4924543289272,266.15795345338853,270.3619689941406,363900,0.0,0.0
2026-01-26 00:00:00-05:00,264.663657323831,273.54985140275056,258.018909859084,272.6632385253906,548400,0.0,0.0
2026-01-27 00:00:00-05:00,274.7452994489898,274.9046970076291,263.2191200065547,273.9184265136719,406300,0.0,0.0
2026-01-28 00:00:00-05:00,277.94314610141595,280.931782081001,270.1627328667209,271.6670227050781,497500,0.0,0.0
2026-01-29 00:00:00-05:00,271.2585670052864,273.83875237058686,264.0659153344806,271.2884521484375,425600,0.0,0.0
2026-01-30 00:00:00-05:00,266.93503440253403,272.6433100654209,260.48254868451403,264.424560546875,515400,0.0,0.0
2026-02-02 00:00:00-05:00,260.091022216861,270.1428283069768,259.6826020401843,265.64990234375,595200,0.0,0.0
2026-02-03 00:00:00-05:00,262.99995834270624,274.8797738456913,261.95394794190645,273.6793518066406,548200,0.0,0.0
2026-02-04 00:00:00-05:00,274.8149993851956,282.5954422726127,270.4276904589996,281.7884826660156,752800,0.0,0.0
2026-02-05 00:00:00-05:00,282.56559934271485,286.9090692706681,261.0374412179249,265.1617736816406,714600,0.0,0.0
2026-02-06 00:00:00-05:00,264.89277366502336,273.0617245016795,262.75092387308865,263.00994873046875,578800,0.0,0.0
2026-02-09 00:00:00-05:00,266.1778945432316,282.8744178830837,264.295039214888,280.6827392578125,726000,0.0,0.0
2026-02-10 00:00:00-05:00,264.2153436349461,270.9098893840724,254.40264951131925,258.656494140625,1099700,0.0,0.0
2026-02-11 00:00:00-05:00,258.4572386037164,262.00375082146087,241.7208742943151,242.7370147705078,1136600,0.0,0.0
2026-02-12 00:00:00-05:00,242.42819764686283,246.72186895890627,222.28478967724368,223.1514892578125,1323100,0.0,0.0
2026-02-13 00:00:00-05:00,219.49538712077248,225.2883622098545,217.2837953116803,220.8103790283203,1009300,0.0,0.0
2026-02-17 00:00:00-05:00,219.61492537718507,252.44010669331655,219.61492537718507,250.8262481689453,2074000,0.0,0.0
2026-02-18 00:00:00-05:00,279.9355675347978,301.65297662759633,267.5227747253458,278.0228271484375,2874400,0.0,0.0
2026-02-19 00:00:00-05:00,275.10391520375896,276.6679752122233,258.34762343870096,259.005126953125,1573100,0.0,0.0
2026-02-20 00:00:00-05:00,261.1569703657766,265.1617620729512,256.18588220210967,259.9017639160156,1338300,0.0,0.0
2026-02-23 00:00:00-05:00,256.2057868911275,258.01889997118315,241.08828242233238,247.39927673339844,1182600,0.0,0.0
2026-02-24 00:00:00-05:00,249.67064530163617,249.67064530163617,238.88166757257275,245.73561096191406,1365200,0.0,0.0
2026-02-25 00:00:00-05:00,253.0278798077625,260.5293394084347,250.59712020650957,253.23707580566406,1437700,0.0,0.0
2026-02-26 00:00:00-05:00,256.09622757998295,275.459581605508,255.00835361157078,270.96966552734375,1138700,0.0,0.0
2026-02-27 00:00:00-05:00,260.3749312824,266.04836573651914,255.99659062784045,258.5269775390625,665700,0.0,0.0
2026-03-02 00:00:00-05:00,250.15879174284817,251.658095642081,232.86455110414366,239.2901153564453,1512900,0.0,0.0
2026-03-03 00:00:00-05:00,233.40250243205668,247.16020289969634,228.132547648609,246.27357482910156,954400,0.0,0.0
2026-03-04 00:00:00-05:00,248.05677596968286,248.66446586825055,238.084699805667,238.43336486816406,467800,0.0,0.0
2026-03-05 00:00:00-05:00,235.41484752308043,246.05439923666694,234.11976892559866,235.44473266601562,810500,0.0,0.0
2026-03-06 00:00:00-05:00,236.71152746793592,236.71152746793592,221.98875606733864,228.59205627441406,905000,0.3,0.0
2026-03-09 00:00:00-04:00,227.4150364166623,227.4150364166623,217.50010171457117,223.71438598632812,1095900,0.0,0.0
2026-03-10 00:00:00-04:00,221.5199519582676,223.46003906805143,212.9895167719223,216.8218231201172,698900,0.0,0.0
2026-03-11 00:00:00-04:00,223.03611467430358,232.5520492828785,207.7946501531231,208.1337890625,1266100,0.0,0.0
2026-03-12 00:00:00-04:00,205.48049350578955,210.01902201320723,192.38360086960637,192.6230010986328,1164400,0.0,0.0
2026-03-13 00:00:00-04:00,196.50319449015515,205.84955983474651,196.4233944121485,202.9269561767578,1468700,0.0,0.0
2026-03-16 00:00:00-04:00,206.97670786687766,209.47040314238222,196.47825684512674,198.71759033203125,847800,0.0,0.0
2026-03-17 00:00:00-04:00,201.34097176116376,204.43314491080372,197.07176647355877,197.58047485351562,694300,0.0,0.0
2026-03-18 00:00:00-04:00,194.6179630875319,196.479254642704,188.75278667598,190.68789672851562,872900,0.0,0.0
2026-03-19 00:00:00-04:00,187.82513538426335,190.01958423159013,183.68359814201105,186.8176727294922,1349700,0.0,0.0
2026-03-20 00:00:00-04:00,183.82523288978766,192.88233589071834,183.535970936877,187.31640625,1162300,0.0,0.0
2026-03-23 00:00:00-04:00,190.79761031730007,194.20898360299947,182.53849284238404,182.77789306640625,1148700,0.0,0.0
2026-03-24 00:00:00-04:00,176.9326688561398,179.33657949078838,168.5438744482809,171.6360626220703,1368500,0.0,0.0
2026-03-25 00:00:00-04:00,174.08985036631313,174.80803581094992,162.19991332332626,165.8905792236328,1410000,0.0,0.0
2026-03-26 00:00:00-04:00,161.84082802382946,166.73943865837177,154.98815808062275,155.2774200439453,1549100,0.0,0.0
2026-03-27 00:00:00-04:00,152.8435712747001,161.69121273465643,152.8435712747001,154.0704803466797,1577000,0.0,0.0
2026-03-30 00:00:00-04:00,159.25236740202033,162.04031690997255,152.72188109847116,154.25001525878906,893700,0.0,0.0
2026-03-31 00:00:00-04:00,155.9756564641415,159.70623029666342,150.47955723056748,154.57919311523438,1508100,0.0,0.0
2026-04-01 00:00:00-04:00,154.96820514631946,156.44446853856914,144.31513064794993,144.50465393066406,1501300,0.0,0.0
2026-04-02 00:00:00-04:00,145.88117396430877,157.10280273079405,141.88129221218804,152.12538146972656,2401300,0.0,0.0
2026-04-06 00:00:00-04:00,151.63662949674048,166.57884761382738,150.12045847832948,164.41432189941406,1314500,0.0,0.0
2026-04-07 00:00:00-04:00,166.75838605324148,170.30942097227586,161.960518695114,165.6212615966797,1345500,0.0,0.0
2026-04-08 00:00:00-04:00,173.4813867387697,179.54605532277594,167.72593392590346,168.10498046875,1443400,0.0,0.0
2026-04-09 00:00:00-04:00,167.48156677440477,179.48621990635377,165.16742539179418,178.5984649658203,1292000,0.0,0.0
2026-04-10 00:00:00-04:00,179.8153868922154,182.019805037803,176.3541365608839,179.43634033203125,894500,0.0,0.0
2026-04-13 00:00:00-04:00,176.39402976822336,186.19924166324998,175.30678225377667,185.84014892578125,905100,0.0,0.0
2026-04-14 00:00:00-04:00,185.90998347907566,198.79739942076188,185.90998347907566,197.58047485351562,1185700,0.0,0.0
2026-04-15 00:00:00-04:00,197.51064383001736,202.16886498360438,188.75278685393516,190.9173126220703,1115600,0.0,0.0
2026-04-16 00:00:00-04:00,193.55065112540177,193.76012823123614,181.81034440432427,185.580810546875,1296900,0.0,0.0
2026-04-17 00:00:00-04:00,192.05442876749385,199.56545294493137,189.22658684658643,195.8448486328125,1131800,0.0,0.0
2026-04-20 00:00:00-04:00,193.63045477302066,198.7076301545163,185.53093701676605,198.528076171875,1123000,0.0,0.0
2026-04-21 00:00:00-04:00,198.47819486087076,204.123924752732,188.45353656913747,188.712890625,1335300,0.0,0.0
2026-04-22 00:00:00-04:00,191.9846156890602,194.777557479524,188.1543033468684,189.52084350585938,1017900,0.0,0.0
2026-04-23 00:00:00-04:00,188.52336860515274,190.41857098448853,179.36652657865056,186.26907348632812,959000,0.0,0.0
2026-04-24 00:00:00-04:00,186.3488685232022,191.41604394736268,182.57838725040858,188.89242553710938,730200,0.0,0.0
2026-04-27 00:00:00-04:00,182.34897479229738,184.59330058827123,174.568642322193,177.2817840576172,1682600,0.0,0.0
2026-04-28 00:00:00-04:00,174.54870835874706,178.64834419719816,170.95778090159692,172.53379821777344,2344400,0.0,0.0
2026-04-29 00:00:00-04:00,156.73872661304648,176.69827451656738,147.10807610857418,170.7782440185547,3790000,0.0,0.0
2026-04-30 00:00:00-04:00,170.5288635507789,170.5288635507789,160.7386135136317,163.64625549316406,1660500,0.0,0.0
2026-05-01 00:00:00-04:00,164.78338987161823,168.5738099440068,157.4469422271617,160.3246612548828,1273700,0.0,0.0
2026-05-04 00:00:00-04:00,160.3246495027027,161.2473197820785,147.93597342362287,150.12045288085938,1658800,0.0,0.0
2026-05-05 00:00:00-04:00,150.619200784298,153.47698116590723,145.89114886977114,146.3699493408203,1310300,0.0,0.0
2026-05-06 00:00:00-04:00,150.2900231323812,153.34230367565445,142.1206750781453,145.063232421875,1469500,0.0,0.0
2026-05-07 00:00:00-04:00,143.0882356745259,144.21539083956628,133.36282384109103,134.53985595703125,2281200,0.0,0.0
2026-05-08 00:00:00-04:00,135.19817880273112,137.9213050514084,128.9838943255734,129.34298706054688,1460900,0.0,0.0
2026-05-11 00:00:00-04:00,128.66470554278825,130.53995402016966,126.31564126983422,127.0088882446289,1335000,0.0,0.0
2026-05-12 00:00:00-04:00,127.11861159043613,128.20585906734215,123.08879915032692,123.41796875,910800,0.0,0.0
2026-05-13 00:00:00-04:00,122.16114949494776,122.7995348981995,118.5053911845186,120.30583953857422,1332600,0.0,0.0
2026-05-14 00:00:00-04:00,119.87692055459335,123.68728666186729,116.05657753529385,118.65999603271484,1789500,0.0,0.0
2026-05-15 00:00:00-04:00,119.68000030517578,129.72999572753906,117.197998046875,129.2100067138672,2806600,0.3,0.0
2026-05-18 00:00:00-04:00,127.5999984741211,134.75,124.5999984741211,129.0,1572600,0.0,0.0
2026-05-19 00:00:00-04:00,129.36000061035156,133.61000061035156,125.27999877929688,126.80000305175781,941700,0.0,0.0
2026-05-20 00:00:00-04:00,127.02999877929688,130.0,120.0,128.1300048828125,1089600,0.0,0.0
2026-05-21 00:00:00-04:00,126.4800033569336,135.25,123.94999694824219,132.64999389648438,1148200,0.0,0.0
2026-05-22 00:00:00-04:00,132.82000732421875,140.74000549316406,132.77999877929688,140.41000366210938,1194000,0.0,0.0
2026-05-26 00:00:00-04:00,144.77999877929688,145.16000366210938,137.88999938964844,140.6300048828125,1351000,0.0,0.0
2026-05-27 00:00:00-04:00,143.36000061035156,156.44000244140625,143.36000061035156,152.08999633789062,1747100,0.0,0.0
2026-05-28 00:00:00-04:00,151.86000061035156,159.30999755859375,150.0,157.61000061035156,1307500,0.0,0.0
2026-05-29 00:00:00-04:00,157.61000061035156,160.07000732421875,152.4600067138672,156.9600067138672,1198400,0.0,0.0
2026-06-01 00:00:00-04:00,157.5399932861328,162.3800048828125,156.19500732421875,158.16000366210938,1045000,0.0,0.0
2026-06-02 00:00:00-04:00,153.5399932861328,157.77000427246094,147.30999755859375,151.0,1385500,0.0,0.0
2026-06-03 00:00:00-04:00,146.69000244140625,146.8699951171875,135.77000427246094,144.0500030517578,1075100,0.0,0.0
2026-06-04 00:00:00-04:00,146.2100067138672,147.0,140.25999450683594,144.47999572753906,948000,0.0,0.0
2026-06-05 00:00:00-04:00,147.0,149.97999572753906,142.05999755859375,142.22999572753906,797800,0.0,0.0
2026-06-08 00:00:00-04:00,138.82000732421875,146.68499755859375,138.0,143.4499969482422,900200,0.0,0.0
2026-06-09 00:00:00-04:00,141.3000030517578,150.72500610351562,140.97999572753906,143.86000061035156,1106100,0.0,0.0
2026-06-10 00:00:00-04:00,145.10000610351562,148.99000549316406,142.0,145.58999633789062,1263700,0.0,0.0
2026-06-11 00:00:00-04:00,145.17999267578125,154.7899932861328,141.19000244140625,153.8800048828125,1228500,0.0,0.0
2026-06-12 00:00:00-04:00,154.25,166.22000122070312,153.47500610351562,162.2899932861328,1343900,0.0,0.0
2026-06-15 00:00:00-04:00,167.7899932861328,172.74000549316406,164.97999572753906,166.22000122070312,1241400,0.0,0.0
2026-06-16 00:00:00-04:00,167.52000427246094,168.13999938964844,162.1199951171875,162.72999572753906,782600,0.0,0.0
2026-06-17 00:00:00-04:00,158.22000122070312,159.24000549316406,148.3699951171875,150.0500030517578,826100,0.0,0.0
2026-06-18 00:00:00-04:00,150.0500030517578,165.39999389648438,149.00999450683594,161.77999877929688,1284700,0.0,0.0
2026-06-22 00:00:00-04:00,159.35000610351562,160.43499755859375,154.50999450683594,156.74000549316406,939900,0.0,0.0
2026-06-23 00:00:00-04:00,154.88999938964844,155.8000030517578,149.3800048828125,150.41000366210938,906300,0.0,0.0
2026-06-24 00:00:00-04:00,152.4600067138672,160.2899932861328,152.4600067138672,155.7899932861328,1238200,0.0,0.0
2026-06-25 00:00:00-04:00,158.1300048828125,165.50999450683594,155.11000061035156,165.4199981689453,1521900,0.0,0.0
2026-06-26 00:00:00-04:00,162.9499969482422,170.572998046875,162.6199951171875,166.75999450683594,1435100,0.0,0.0
2026-06-29 00:00:00-04:00,167.2449951171875,167.99000549316406,159.8000030517578,165.47000122070312,1011500,0.0,0.0
2026-06-30 00:00:00-04:00,167.22999572753906,173.74000549316406,162.22999572753906,173.41000366210938,884500,0.0,0.0
2026-07-01 00:00:00-04:00,176.13999938964844,177.0,172.15499877929688,174.97000122070312,1883900,0.0,0.0
2026-07-02 00:00:00-04:00,177.00999450683594,178.3699951171875,171.33999633789062,177.99000549316406,977800,0.0,0.0
2026-07-06 00:00:00-04:00,179.72999572753906,179.72999572753906,166.0050048828125,170.5800018310547,939000,0.0,0.0
2026-07-07 00:00:00-04:00,172.39999389648438,178.9199981689453,166.5800018310547,170.2100067138672,825700,0.0,0.0
2026-07-08 00:00:00-04:00,165.5,166.9600067138672,153.3699951171875,158.47000122070312,1840700,0.0,0.0
2026-07-09 00:00:00-04:00,156.0,162.1300048828125,154.64999389648438,157.72000122070312,873600,0.0,0.0
2026-07-10 00:00:00-04:00,157.72000122070312,162.25,151.58999633789062,153.2899932861328,1409500,0.0,0.0
2026-07-13 00:00:00-04:00,155.55999755859375,160.5500030517578,149.0,154.05999755859375,1305200,0.0,0.0
2026-07-14 00:00:00-04:00,154.2100067138672,154.92999267578125,144.5,148.41000366210938,1209700,0.0,0.0
2026-07-15 00:00:00-04:00,148.25,151.27000427246094,145.05999755859375,145.6999969482422,801700,0.0,0.0
2026-07-16 00:00:00-04:00,143.1999969482422,145.86000061035156,140.25999450683594,140.92999267578125,898200,0.0,0.0
2026-07-17 00:00:00-04:00,139.8000030517578,144.60000610351562,139.8000030517578,142.3300018310547,802000,0.0,0.0
2026-07-20 00:00:00-04:00,146.75,150.4550018310547,139.35000610351562,141.10000610351562,1034100,0.0,0.0
2026-07-21 00:00:00-04:00,139.8699951171875,140.21499633789062,134.5,134.9499969482422,1286200,0.0,0.0
2026-07-22 00:00:00-04:00,135.49000549316406,139.9600067138672,133.6300048828125,138.1199951171875,1199800,0.0,0.0
2026-07-23 00:00:00-04:00,134.3800048828125,137.2449951171875,133.1699981689453,134.86000061035156,611800,0.0,0.0
2026-07-24 00:00:00-04:00,134.86000061035156,142.47999572753906,134.4499969482422,135.1999969482422,971900,0.0,0.0
2026-07-27 00:00:00-04:00,135.7100067138672,139.99000549316406,133.1999969482422,137.24000549316406,1109000,0.0,0.0
2026-07-28 00:00:00-04:00,136.52000427246094,142.5399932861328,132.36000061035156,134.8699951171875,2121700,0.0,0.0
2026-07-29 00:00:00-04:00,137.57000732421875,147.11000061035156,133.0,139.4499969482422,2648500,0.0,0.0
2026-07-30 00:00:00-04:00,138.89999389648438,146.0,130.88999938964844,134.33999633789062,1929400,0.0,0.0
2026-07-31 00:00:00-04:00,134.77000427246094,140.05999755859375,129.02999877929688,129.49000549316406,1175800,0.0,0.0
2026-08-03 00:00:00-04:00,129.58999633789062,132.5800018310547,126.80000305175781,130.38999938964844,1502800,0.0,0.0
2026-08-04 00:00:00-04:00,130.33999633789062,130.63999938964844,119.66000366210938,121.5,1863400,0.0,0.0
2026-08-05 00:00:00-04:00,121.26000213623047,125.27999877929688,119.62000274658203,123.86000061035156,1322700,0.0,0.0
2026-08-06 00:00:00-04:00,121.18000030517578,122.80000305175781,116.25,116.62000274658203,1480200,0.0,0.0
2026-08-07 00:00:00-04:00,116.80000305175781,117.69000244140625,115.01000213623047,116.81500244140625,1193000,0.0,0.0
2026-08-10 00:00:00-04:00,116.63999938964844,119.04499816894531,115.48999786376953,117.5199966430664,1150400,0.0,0.0
2026-08-11 00:00:00-04:00,117.0199966430664,118.55999755859375,110.44000244140625,111.36000061035156,1274800,0.0,0.0
2026-08-12 00:00:00-04:00,113.11000061035156,115.27999877929688,111.26000213623047,112.08000183105469,1306700,0.0,0.0
2026-08-13 00:00:00-04:00,112.51000213623047,115.69000244140625,111.77999877929688,113.9000015258789,1104300,0.0,0.0
